timestamp,temperature,voltage,red_blue_ratio,co2,predicted_pn
2025-10-13T08:00:00.000Z,31.73,1.6,0.8333333333333334,450,15.6371733460611
2025-10-13T17:54:08.861Z,29.8,1.6,0.8333333333333334,450,15.961461528960687
2025-10-13T17:54:39.134Z,29.89,1.6,0.8333333333333334,450,15.938058116089742
2025-10-13T17:55:09.775Z,29.73,1.6,0.8333333333333334,450,15.980187307941833
2025-10-13T17:55:40.522Z,29.8,1.6,0.8333333333333334,450,15.961461528960687
2025-10-13T17:56:10.968Z,29.73,1.6,0.8333333333333334,450,15.980187307941833
2025-10-13T17:56:41.601Z,29.87,1.6,0.8333333333333334,450,15.943192110658742
2025-10-13T17:57:12.242Z,29.77,1.6,0.8333333333333334,450,15.969431863757112
2025-10-13T17:57:42.793Z,29.99,1.6,0.8333333333333334,450,15.912974678779694
2025-10-13T18:00:15.845Z,30.08,1.6,0.8333333333333334,450,15.891254970840794
2025-10-13T18:00:46.523Z,30.11,1.6,0.8333333333333334,450,15.884198913025834
2025-10-13T18:01:17.190Z,30.12,1.6,0.8333333333333334,450,15.88186753314055
2025-10-13T18:01:47.813Z,30.05,1.6,0.8333333333333334,450,15.898403413876869
2025-10-13T18:02:18.303Z,30.01,1.6,0.8333333333333334,450,15.908077198101882
2025-10-13T18:02:48.918Z,29.99,1.6,0.8333333333333334,450,15.912974678779694
2025-10-13T18:03:19.574Z,30.05,1.6,0.8333333333333334,450,15.898403413876869
2025-10-13T18:03:50.223Z,30.27,1.6,0.8333333333333334,450,15.84815006387818
2025-10-13T18:04:20.746Z,30.24,1.6,0.8333333333333334,450,15.854704267308872
2025-10-13T18:05:22.089Z,30.11,1.6,0.8333333333333334,450,15.884198913025834
2025-10-13T18:05:52.599Z,30.18,1.6,0.8333333333333334,450,15.86809744746973
2025-10-13T18:06:23.273Z,30.12,1.6,0.8333333333333334,450,15.88186753314055
2025-10-13T18:06:53.804Z,30.36,1.6,0.8333333333333334,450,15.829060658088515
2025-10-13T18:07:24.515Z,30.29,1.6,0.8333333333333334,450,15.843833560264219
2025-10-13T18:07:55.119Z,30.24,1.6,0.8333333333333334,450,15.854704267308872
2025-10-13T18:08:25.657Z,30.25,1.6,0.8333333333333334,450,15.852508954815878
2025-10-13T18:08:56.304Z,30.24,1.6,0.8333333333333334,450,15.854704267308872
2025-10-13T18:09:26.909Z,30.51,1.6,0.8333333333333334,450,15.79916457267051
2025-10-13T18:09:57.525Z,30.36,1.6,0.8333333333333334,450,15.829060658088515
2025-10-13T18:10:28.193Z,30.43,1.6,0.8333333333333334,450,15.814810223760839
2025-10-13T18:10:58.799Z,30.24,1.6,0.8333333333333334,450,15.854704267308872
2025-10-13T18:11:29.364Z,30.27,1.6,0.8333333333333334,450,15.84815006387818
2025-10-13T18:11:59.985Z,30.36,1.6,0.8333333333333334,450,15.829060658088515
2025-10-13T18:12:30.522Z,30.43,1.6,0.8333333333333334,450,15.814810223760839
2025-10-13T18:13:01.168Z,30.36,1.6,0.8333333333333334,450,15.829060658088515
2025-10-13T18:13:31.822Z,30.47,1.6,0.8333333333333334,450,15.806902028792576
2025-10-13T18:14:02.383Z,30.36,1.6,0.8333333333333334,450,15.829060658088515
2025-10-13T18:14:32.989Z,30.33,1.6,0.8333333333333334,450,15.835328025629153
2025-10-13T18:15:03.650Z,30.54,1.6,0.8333333333333334,450,15.793473357135039
2025-10-13T18:15:34.285Z,30.67,1.6,0.8333333333333334,450,15.769913591157213
2025-10-13T18:16:04.874Z,30.36,1.6,0.8333333333333334,450,15.829060658088515
2025-10-13T18:16:35.457Z,30.49,1.6,0.8333333333333334,450,15.803011972661421
2025-10-13T18:17:06.100Z,30.43,1.6,0.8333333333333334,450,15.814810223760839
2025-10-13T18:17:36.639Z,30.37,1.6,0.8333333333333334,450,15.826992859769023
2025-10-13T18:18:07.289Z,30.5,1.6,0.8333333333333334,450,15.801082943040477
2025-10-13T18:18:37.929Z,30.6,1.6,0.8333333333333334,450,15.782377746262775
2025-10-13T18:20:09.795Z,30.67,1.6,0.8333333333333334,450,15.769913591157213
2025-10-13T18:20:40.528Z,30.55,1.6,0.8333333333333334,450,15.791597560388244
2025-10-13T18:21:10.970Z,30.48,1.6,0.8333333333333334,450,15.804951666490297
2025-10-13T18:21:41.642Z,30.46,1.6,0.8333333333333334,450,15.808863063139086
2025-10-13T18:22:12.155Z,30.58,1.6,0.8333333333333334,450,15.786033877783385
2025-10-13T18:22:42.797Z,30.6,1.6,0.8333333333333334,450,15.782377746262775
2025-10-13T18:23:13.425Z,30.48,1.6,0.8333333333333334,450,15.804951666490297
2025-10-13T18:23:44.069Z,30.55,1.6,0.8333333333333334,450,15.791597560388244
2025-10-13T18:24:14.707Z,30.54,1.6,0.8333333333333334,450,15.793473357135039
2025-10-13T18:24:45.219Z,30.6,1.6,0.8333333333333334,450,15.782377746262775
2025-10-13T18:25:15.861Z,30.51,1.6,0.8333333333333334,450,15.79916457267051
2025-10-13T18:25:46.503Z,30.67,1.6,0.8333333333333334,450,15.769913591157213
2025-10-13T18:26:17.151Z,30.6,1.6,0.8333333333333334,450,15.782377746262775
2025-10-13T18:26:47.686Z,30.73,1.6,0.8333333333333334,450,15.759638486798808
2025-10-13T18:27:18.347Z,30.6,1.6,0.8333333333333334,450,15.782377746262775
2025-10-13T18:27:48.959Z,30.54,1.6,0.8333333333333334,450,15.793473357135039
2025-10-13T18:28:23.626Z,30.72,1.6,0.8333333333333334,450,15.761324996879793
2025-10-13T18:35:28.105Z,30.74,1.6,0.8333333333333334,450,15.757962333135865
2025-10-13T18:35:58.761Z,30.92,1.6,0.8333333333333334,450,15.72953507746799
2025-10-13T18:36:29.322Z,30.78,1.6,0.8333333333333334,450,15.751360847409178
2025-10-13T18:36:59.999Z,30.6,1.6,0.8333333333333334,450,15.782377746262775
2025-10-13T18:37:30.546Z,30.54,1.6,0.8333333333333334,450,15.793473357135039
2025-10-13T18:38:01.217Z,30.73,1.6,0.8333333333333334,450,15.759638486798808
2025-10-13T18:38:31.762Z,30.67,1.6,0.8333333333333334,450,15.769913591157213
2025-10-13T18:39:02.415Z,30.76,1.6,0.8333333333333334,450,15.75464100933987
2025-10-13T18:39:33.033Z,30.67,1.6,0.8333333333333334,450,15.769913591157213
2025-10-13T18:40:03.638Z,30.76,1.6,0.8333333333333334,450,15.75464100933987
2025-10-13T18:40:34.242Z,30.85,1.6,0.8333333333333334,450,15.740201611597959
2025-10-13T18:41:04.825Z,30.76,1.6,0.8333333333333334,450,15.75464100933987
2025-10-13T18:41:35.421Z,30.73,1.6,0.8333333333333334,450,15.759638486798808
2025-10-13T18:42:06.049Z,30.76,1.6,0.8333333333333334,450,15.75464100933987
2025-10-13T18:42:36.651Z,30.73,1.6,0.8333333333333334,450,15.759638486798808
2025-10-13T18:43:07.336Z,30.86,1.6,0.8333333333333334,450,15.73864788736415
2025-10-13T18:43:37.902Z,30.73,1.6,0.8333333333333334,450,15.759638486798808
2025-10-13T18:44:39.139Z,30.76,1.6,0.8333333333333334,450,15.75464100933987
2025-10-13T18:45:40.288Z,30.72,1.6,0.8333333333333334,450,15.761324996879793
2025-10-13T18:46:10.989Z,30.79,1.6,0.8333333333333334,450,15.74973614359812
2025-10-13T18:46:41.588Z,30.78,1.6,0.8333333333333334,450,15.751360847409178
2025-10-13T18:47:12.136Z,30.73,1.6,0.8333333333333334,450,15.759638486798808
2025-10-13T18:47:42.808Z,30.86,1.6,0.8333333333333334,450,15.73864788736415
2025-10-13T18:48:13.358Z,30.67,1.6,0.8333333333333334,450,15.769913591157213
2025-10-13T18:48:44.007Z,30.73,1.6,0.8333333333333334,450,15.759638486798808
2025-10-13T18:49:14.679Z,30.77,1.6,0.8333333333333334,450,15.752995794685106
2025-10-13T18:49:45.195Z,30.73,1.6,0.8333333333333334,450,15.759638486798808
2025-10-13T18:50:15.869Z,30.99,1.6,0.8333333333333334,450,15.719350592447942
2025-10-13T18:50:46.526Z,30.76,1.6,0.8333333333333334,450,15.75464100933987
2025-10-13T18:51:17.064Z,30.73,1.6,0.8333333333333334,450,15.759638486798808
2025-10-13T18:51:47.729Z,30.76,1.6,0.8333333333333334,450,15.75464100933987
2025-10-13T18:52:18.289Z,30.92,1.6,0.8333333333333334,450,15.72953507746799
2025-10-13T18:52:48.995Z,30.95,1.6,0.8333333333333334,450,15.72511194719064
2025-10-13T18:53:50.145Z,30.97,1.6,0.8333333333333334,450,15.722211938383724
2025-10-13T18:54:20.822Z,30.76,1.6,0.8333333333333334,450,15.75464100933987
2025-10-13T18:54:51.330Z,30.99,1.6,0.8333333333333334,450,15.719350592447942
2025-10-13T18:55:22.003Z,30.74,1.6,0.8333333333333334,450,15.757962333135865
2025-10-13T18:55:52.543Z,30.95,1.6,0.8333333333333334,450,15.72511194719064
2025-10-13T18:56:53.764Z,30.86,1.6,0.8333333333333334,450,15.73864788736415
2025-10-13T18:57:55.006Z,30.95,1.6,0.8333333333333334,450,15.72511194719064
2025-10-13T18:58:25.662Z,31.02,1.6,0.8333333333333334,450,15.715130414879118
2025-10-13T18:58:56.307Z,30.92,1.6,0.8333333333333334,450,15.72953507746799
2025-10-13T18:59:57.513Z,30.98,1.6,0.8333333333333334,450,15.720776450861308
2025-10-13T19:00:28.164Z,30.86,1.6,0.8333333333333334,450,15.73864788736415
2025-10-13T19:01:29.354Z,30.99,1.6,0.8333333333333334,450,15.719350592447942
2025-10-13T19:01:59.888Z,30.73,1.6,0.8333333333333334,450,15.759638486798808
2025-10-13T19:02:30.526Z,31.05,1.6,0.8333333333333334,450,15.710995516142352
2025-10-13T19:03:01.210Z,30.92,1.6,0.8333333333333334,450,15.72953507746799
2025-10-13T19:03:31.709Z,30.87,1.6,0.8333333333333334,450,15.737104191718927
2025-10-13T19:04:02.365Z,30.73,1.6,0.8333333333333334,450,15.759638486798808
2025-10-13T19:04:32.967Z,30.92,1.6,0.8333333333333334,450,15.72953507746799
2025-10-13T19:05:03.645Z,30.86,1.6,0.8333333333333334,450,15.73864788736415
2025-10-13T19:05:34.250Z,31.05,1.6,0.8333333333333334,450,15.710995516142352
2025-10-13T19:06:04.850Z,30.95,1.6,0.8333333333333334,450,15.72511194719064
2025-10-13T19:06:35.428Z,30.99,1.6,0.8333333333333334,450,15.719350592447942
2025-10-13T19:07:06.009Z,31.01,1.6,0.8333333333333334,450,15.716527612776193
2025-10-13T19:07:36.642Z,30.86,1.6,0.8333333333333334,450,15.73864788736415
2025-10-13T19:08:07.303Z,30.95,1.6,0.8333333333333334,450,15.72511194719064
2025-10-13T19:08:37.849Z,30.86,1.6,0.8333333333333334,450,15.73864788736415
2025-10-13T19:09:08.542Z,30.88,1.6,0.8333333333333334,450,15.73557049488089
2025-10-13T19:09:39.055Z,30.99,1.6,0.8333333333333334,450,15.719350592447942
2025-10-13T19:10:09.700Z,30.92,1.6,0.8333333333333334,450,15.72953507746799
2025-10-13T19:10:40.341Z,30.77,1.6,0.8333333333333334,450,15.752995794685106
2025-10-13T19:11:10.989Z,30.95,1.6,0.8333333333333334,450,15.72511194719064
2025-10-13T19:11:41.525Z,30.92,1.6,0.8333333333333334,450,15.72953507746799
2025-10-13T19:12:12.215Z,30.95,1.6,0.8333333333333334,450,15.72511194719064
2025-10-13T19:12:42.721Z,30.99,1.6,0.8333333333333334,450,15.719350592447942
2025-10-13T19:13:13.393Z,30.92,1.6,0.8333333333333334,450,15.72953507746799
2025-10-13T19:13:43.943Z,30.95,1.6,0.8333333333333334,450,15.72511194719064
2025-10-13T19:14:14.605Z,30.98,1.6,0.8333333333333334,450,15.720776450861308
2025-10-13T19:14:45.258Z,30.97,1.6,0.8333333333333334,450,15.722211938383724
2025-10-13T19:15:15.783Z,30.92,1.6,0.8333333333333334,450,15.72953507746799
2025-10-13T19:15:46.442Z,30.93,1.6,0.8333333333333334,450,15.728050905467814
2025-10-13T19:16:17.070Z,30.95,1.6,0.8333333333333334,450,15.72511194719064
2025-10-13T19:17:48.830Z,30.86,1.6,0.8333333333333334,450,15.73864788736415
2025-10-13T19:18:19.543Z,30.92,1.6,0.8333333333333334,450,15.72953507746799
2025-10-13T19:18:50.135Z,30.8,1.6,0.8333333333333334,450,15.748121658681129
2025-10-13T19:19:20.704Z,30.92,1.6,0.8333333333333334,450,15.72953507746799
2025-10-13T19:19:51.369Z,30.95,1.6,0.8333333333333334,450,15.72511194719064
2025-10-13T19:20:21.997Z,30.98,1.6,0.8333333333333334,450,15.720776450861308
2025-10-13T19:21:23.161Z,30.93,1.6,0.8333333333333334,450,15.728050905467814
2025-10-13T19:21:53.814Z,30.99,1.6,0.8333333333333334,450,15.719350592447942
2025-10-13T19:22:24.345Z,30.92,1.6,0.8333333333333334,450,15.72953507746799
2025-10-13T19:22:54.933Z,31.02,1.6,0.8333333333333334,450,15.715130414879118
2025-10-13T19:23:25.680Z,31.1,1.6,0.8333333333333334,450,15.704290536351797
2025-10-13T19:23:56.205Z,30.97,1.6,0.8333333333333334,450,15.722211938383724
2025-10-13T19:24:26.902Z,30.99,1.6,0.8333333333333334,450,15.719350592447942
2025-10-13T19:24:57.397Z,31.04,1.6,0.8333333333333334,450,15.712364406731123
2025-10-13T19:25:28.062Z,30.97,1.6,0.8333333333333334,450,15.722211938383724
2025-10-13T19:25:58.715Z,31.12,1.6,0.8333333333333334,450,15.701672828177022
2025-10-13T19:26:29.348Z,31.1,1.6,0.8333333333333334,450,15.704290536351797
2025-10-13T19:26:59.896Z,31.01,1.6,0.8333333333333334,450,15.716527612776193
2025-10-13T19:27:30.597Z,30.99,1.6,0.8333333333333334,450,15.719350592447942
2025-10-13T19:28:01.104Z,31.09,1.6,0.8333333333333334,450,15.705613077905998
2025-10-13T19:28:31.760Z,30.97,1.6,0.8333333333333334,450,15.722211938383724
2025-10-13T19:29:02.292Z,30.99,1.6,0.8333333333333334,450,15.719350592447942
2025-10-13T19:29:32.981Z,31.04,1.6,0.8333333333333334,450,15.712364406731123
2025-10-13T19:30:03.607Z,31.02,1.6,0.8333333333333334,450,15.715130414879118
2025-10-13T19:30:34.134Z,30.95,1.6,0.8333333333333334,450,15.72511194719064
2025-10-13T19:31:04.773Z,30.98,1.6,0.8333333333333334,450,15.720776450861308
2025-10-13T19:32:06.048Z,31.1,1.6,0.8333333333333334,450,15.704290536351797
2025-10-13T19:32:36.620Z,31.11,1.6,0.8333333333333334,450,15.702977134678736
2025-10-13T19:33:07.332Z,31.04,1.6,0.8333333333333334,450,15.712364406731123
2025-10-13T19:33:37.803Z,31.1,1.6,0.8333333333333334,450,15.704290536351797
2025-10-13T19:34:08.446Z,31.08,1.6,0.8333333333333334,450,15.70694480345215
2025-10-13T19:35:40.367Z,30.97,1.6,0.8333333333333334,450,15.722211938383724
2025-10-13T19:36:10.881Z,31.23,1.6,0.8333333333333334,450,15.68791235859327
2025-10-13T19:36:41.554Z,31.01,1.6,0.8333333333333334,450,15.716527612776193
2025-10-13T19:37:12.104Z,31.23,1.6,0.8333333333333334,450,15.68791235859327
2025-10-13T19:37:42.758Z,31.1,1.6,0.8333333333333334,450,15.704290536351797
2025-10-13T19:38:13.397Z,31.01,1.6,0.8333333333333334,450,15.716527612776193
2025-10-13T19:38:44.450Z,31.17,1.6,0.8333333333333334,450,15.69528611676616
2025-10-13T19:39:14.655Z,30.98,1.6,0.8333333333333334,450,15.720776450861308
2025-10-13T19:39:45.209Z,30.99,1.6,0.8333333333333334,450,15.719350592447942
2025-10-13T19:40:15.828Z,31.11,1.6,0.8333333333333334,450,15.702977134678736
2025-10-13T19:40:46.372Z,30.97,1.6,0.8333333333333334,450,15.722211938383724
2025-10-13T19:41:17.034Z,31.04,1.6,0.8333333333333334,450,15.712364406731123
2025-10-13T19:41:47.614Z,31.0,1.6,0.8333333333333334,450,15.717934325756026
2025-10-13T19:42:18.256Z,30.99,1.6,0.8333333333333334,450,15.719350592447942
2025-10-13T19:42:48.921Z,31.1,1.6,0.8333333333333334,450,15.704290536351797
2025-10-13T19:43:19.445Z,30.98,1.6,0.8333333333333334,450,15.720776450861308
2025-10-13T19:43:50.059Z,31.12,1.6,0.8333333333333334,450,15.701672828177022
2025-10-13T19:44:20.710Z,31.23,1.6,0.8333333333333334,450,15.68791235859327
2025-10-13T19:44:51.260Z,30.99,1.6,0.8333333333333334,450,15.719350592447942
2025-10-13T19:45:21.923Z,31.01,1.6,0.8333333333333334,450,15.716527612776193
2025-10-13T19:45:52.580Z,31.07,1.6,0.8333333333333334,450,15.708285756502452
2025-10-13T19:46:23.123Z,31.2,1.6,0.8333333333333334,450,15.691560241395607
2025-10-13T19:46:53.781Z,31.0,1.6,0.8333333333333334,450,15.717934325756026
2025-10-13T19:47:24.436Z,31.12,1.6,0.8333333333333334,450,15.701672828177022
2025-10-13T19:47:54.907Z,31.01,1.6,0.8333333333333334,450,15.716527612776193
2025-10-13T19:48:25.596Z,31.1,1.6,0.8333333333333334,450,15.704290536351797
2025-10-13T19:48:56.267Z,31.01,1.6,0.8333333333333334,450,15.716527612776193
2025-10-13T19:49:26.795Z,31.1,1.6,0.8333333333333334,450,15.704290536351797
2025-10-13T19:50:27.993Z,31.13,1.6,0.8333333333333334,450,15.700377571538759
2025-10-13T19:50:58.631Z,31.03,1.6,0.8333333333333334,450,15.713742692818045
2025-10-13T19:51:29.308Z,31.04,1.6,0.8333333333333334,450,15.712364406731123
2025-10-13T19:51:59.858Z,31.01,1.6,0.8333333333333334,450,15.716527612776193
2025-10-13T19:52:30.497Z,31.08,1.6,0.8333333333333334,450,15.70694480345215
2025-10-13T19:53:01.137Z,31.03,1.6,0.8333333333333334,450,15.713742692818045
2025-10-13T19:53:31.730Z,31.23,1.6,0.8333333333333334,450,15.68791235859327
2025-10-13T19:54:02.361Z,31.04,1.6,0.8333333333333334,450,15.712364406731123
2025-10-13T19:54:32.872Z,31.02,1.6,0.8333333333333334,450,15.715130414879118
2025-10-13T19:55:03.588Z,31.1,1.6,0.8333333333333334,450,15.704290536351797
2025-10-13T19:55:34.133Z,30.99,1.6,0.8333333333333334,450,15.719350592447942
2025-10-13T19:56:04.768Z,31.04,1.6,0.8333333333333334,450,15.712364406731123
2025-10-13T19:56:35.419Z,31.23,1.6,0.8333333333333334,450,15.68791235859327
2025-10-13T19:57:05.964Z,31.04,1.6,0.8333333333333334,450,15.712364406731123
2025-10-13T19:57:36.577Z,30.92,1.6,0.8333333333333334,450,15.72953507746799
2025-10-13T19:58:07.240Z,31.03,1.6,0.8333333333333334,450,15.713742692818045
2025-10-13T19:58:37.838Z,30.92,1.6,0.8333333333333334,450,15.72953507746799
2025-10-13T19:59:08.468Z,31.04,1.6,0.8333333333333334,450,15.712364406731123
2025-10-13T19:59:39.010Z,31.14,1.6,0.8333333333333334,450,15.699091318865467
2025-10-13T20:00:09.674Z,31.17,1.6,0.8333333333333334,450,15.69528611676616
2025-10-13T20:00:40.250Z,31.1,1.6,0.8333333333333334,450,15.704290536351797
2025-10-13T20:01:10.898Z,31.2,1.6,0.8333333333333334,450,15.691560241395607
2025-10-13T20:01:41.445Z,30.98,1.6,0.8333333333333334,450,15.720776450861308
2025-10-13T20:02:12.086Z,31.23,1.6,0.8333333333333334,450,15.68791235859327
2025-10-13T20:02:42.755Z,31.11,1.6,0.8333333333333334,450,15.702977134678736
2025-10-13T20:03:13.356Z,31.1,1.6,0.8333333333333334,450,15.704290536351797
2025-10-13T20:03:44.003Z,31.04,1.6,0.8333333333333334,450,15.712364406731123
2025-10-13T20:04:14.572Z,31.07,1.6,0.8333333333333334,450,15.708285756502452
2025-10-13T20:04:45.227Z,31.1,1.6,0.8333333333333334,450,15.704290536351797
2025-10-13T20:05:15.777Z,31.13,1.6,0.8333333333333334,450,15.700377571538759
2025-10-13T20:05:46.445Z,31.23,1.6,0.8333333333333334,450,15.68791235859327
2025-10-13T20:06:16.952Z,31.1,1.6,0.8333333333333334,450,15.704290536351797
2025-10-13T20:06:47.614Z,31.23,1.6,0.8333333333333334,450,15.68791235859327
2025-10-13T20:07:18.264Z,31.09,1.6,0.8333333333333334,450,15.705613077905998
2025-10-13T20:07:48.802Z,31.16,1.6,0.8333333333333334,450,15.696545638854168
2025-10-13T20:08:19.473Z,31.1,1.6,0.8333333333333334,450,15.704290536351797
2025-10-13T20:08:50.030Z,31.05,1.6,0.8333333333333334,450,15.710995516142352
2025-10-13T20:09:20.719Z,31.1,1.6,0.8333333333333334,450,15.704290536351797
2025-10-13T20:09:51.240Z,31.23,1.6,0.8333333333333334,450,15.68791235859327
2025-10-13T20:10:52.551Z,30.98,1.6,0.8333333333333334,450,15.720776450861308
2025-10-13T20:11:23.072Z,30.99,1.6,0.8333333333333334,450,15.719350592447942
2025-10-13T20:11:53.753Z,31.24,1.6,0.8333333333333334,450,15.686713492022776
2025-10-13T20:12:24.295Z,30.98,1.6,0.8333333333333334,450,15.720776450861308
2025-10-13T20:12:54.923Z,31.12,1.6,0.8333333333333334,450,15.701672828177022
2025-10-13T20:13:25.547Z,31.1,1.6,0.8333333333333334,450,15.704290536351797
2025-10-13T20:13:56.231Z,31.08,1.6,0.8333333333333334,450,15.70694480345215
2025-10-13T20:14:26.785Z,30.98,1.6,0.8333333333333334,450,15.720776450861308
2025-10-13T20:14:57.443Z,31.23,1.6,0.8333333333333334,450,15.68791235859327
2025-10-13T20:15:27.959Z,31.09,1.6,0.8333333333333334,450,15.705613077905998
2025-10-13T20:15:58.633Z,31.23,1.6,0.8333333333333334,450,15.68791235859327
2025-10-13T20:16:29.200Z,31.27,1.6,0.8333333333333334,450,15.683167443500418
2025-10-13T20:16:59.858Z,31.23,1.6,0.8333333333333334,450,15.68791235859327
2025-10-13T20:17:30.421Z,31.04,1.6,0.8333333333333334,450,15.712364406731123
2025-10-13T20:18:01.069Z,31.22,1.6,0.8333333333333334,450,15.689119737965438
2025-10-13T20:18:31.726Z,31.17,1.6,0.8333333333333334,450,15.69528611676616
2025-10-13T20:19:02.275Z,31.08,1.6,0.8333333333333334,450,15.70694480345215
2025-10-13T20:19:32.914Z,31.23,1.6,0.8333333333333334,450,15.68791235859327
2025-10-13T20:20:03.504Z,31.2,1.6,0.8333333333333334,450,15.691560241395607
2025-10-13T20:20:34.139Z,31.04,1.6,0.8333333333333334,450,15.712364406731123
2025-10-13T20:21:04.777Z,31.09,1.6,0.8333333333333334,450,15.705613077905998
2025-10-13T20:21:35.316Z,31.27,1.6,0.8333333333333334,450,15.683167443500418
2025-10-13T20:22:06.041Z,31.11,1.6,0.8333333333333334,450,15.702977134678736
2025-10-13T20:22:36.539Z,31.1,1.6,0.8333333333333334,450,15.704290536351797
2025-10-13T20:23:07.300Z,31.23,1.6,0.8333333333333334,450,15.68791235859327
2025-10-13T20:23:37.794Z,31.04,1.6,0.8333333333333334,450,15.712364406731123
2025-10-13T20:24:08.477Z,31.22,1.6,0.8333333333333334,450,15.689119737965438
2025-10-13T20:24:38.997Z,31.1,1.6,0.8333333333333334,450,15.704290536351797
2025-10-13T20:25:09.716Z,31.23,1.6,0.8333333333333334,450,15.68791235859327
2025-10-13T20:25:40.220Z,31.12,1.6,0.8333333333333334,450,15.701672828177022
2025-10-13T20:26:10.895Z,30.99,1.6,0.8333333333333334,450,15.719350592447942
2025-10-13T20:26:41.432Z,31.01,1.6,0.8333333333333334,450,15.716527612776193
2025-10-13T20:27:12.139Z,31.04,1.6,0.8333333333333334,450,15.712364406731123
2025-10-13T20:27:42.670Z,31.23,1.6,0.8333333333333334,450,15.68791235859327
2025-10-13T20:28:43.900Z,31.17,1.6,0.8333333333333334,450,15.69528611676616
2025-10-13T20:29:14.588Z,31.1,1.6,0.8333333333333334,450,15.704290536351797
2025-10-13T20:29:45.113Z,31.2,1.6,0.8333333333333334,450,15.691560241395607
2025-10-13T20:30:15.773Z,31.11,1.6,0.8333333333333334,450,15.702977134678736
2025-10-13T20:30:46.325Z,31.23,1.6,0.8333333333333334,450,15.68791235859327
2025-10-13T20:31:16.974Z,31.09,1.6,0.8333333333333334,450,15.705613077905998
2025-10-13T20:31:47.612Z,31.23,1.6,0.8333333333333334,450,15.68791235859327
2025-10-13T20:32:18.157Z,31.25,1.6,0.8333333333333334,450,15.685523085974328
2025-10-13T20:32:48.824Z,31.11,1.6,0.8333333333333334,450,15.702977134678736
2025-10-13T20:33:19.510Z,31.1,1.6,0.8333333333333334,450,15.704290536351797
2025-10-13T20:33:50.085Z,31.01,1.6,0.8333333333333334,450,15.716527612776193
2025-10-13T20:34:20.614Z,31.03,1.6,0.8333333333333334,450,15.713742692818045
2025-10-13T20:34:51.269Z,31.11,1.6,0.8333333333333334,450,15.702977134678736
2025-10-13T20:35:52.446Z,31.04,1.6,0.8333333333333334,450,15.712364406731123
2025-10-13T20:36:23.106Z,31.23,1.6,0.8333333333333334,450,15.68791235859327
2025-10-13T20:36:53.746Z,31.1,1.6,0.8333333333333334,450,15.704290536351797
2025-10-13T20:37:24.263Z,31.19,1.6,0.8333333333333334,450,15.692793467162474
2025-10-13T20:37:54.879Z,31.17,1.6,0.8333333333333334,450,15.69528611676616
2025-10-13T20:38:25.552Z,31.23,1.6,0.8333333333333334,450,15.68791235859327
2025-10-13T20:38:56.200Z,31.04,1.6,0.8333333333333334,450,15.712364406731123
2025-10-13T20:39:29.798Z,31.01,1.6,0.8333333333333334,450,15.716527612776193
2025-10-13T20:39:57.373Z,30.92,1.6,0.8333333333333334,450,15.72953507746799
2025-10-13T20:40:28.004Z,31.04,1.6,0.8333333333333334,450,15.712364406731123
2025-10-13T20:40:58.641Z,31.22,1.6,0.8333333333333334,450,15.689119737965438
2025-10-13T20:41:29.198Z,30.97,1.6,0.8333333333333334,450,15.722211938383724
2025-10-13T20:41:59.849Z,31.1,1.6,0.8333333333333334,450,15.704290536351797
2025-10-13T20:43:01.045Z,31.14,1.6,0.8333333333333334,450,15.699091318865467
2025-10-13T20:43:31.656Z,30.98,1.6,0.8333333333333334,450,15.720776450861308
2025-10-13T20:44:02.285Z,31.04,1.6,0.8333333333333334,450,15.712364406731123
2025-10-13T20:44:32.837Z,31.01,1.6,0.8333333333333334,450,15.716527612776193
2025-10-13T20:45:03.424Z,31.23,1.6,0.8333333333333334,450,15.68791235859327
2025-10-13T20:46:04.747Z,31.1,1.6,0.8333333333333334,450,15.704290536351797
2025-10-13T20:46:35.374Z,31.17,1.6,0.8333333333333334,450,15.69528611676616
2025-10-13T20:47:05.955Z,31.04,1.6,0.8333333333333334,450,15.712364406731123
2025-10-13T20:47:36.550Z,31.1,1.6,0.8333333333333334,450,15.704290536351797
2025-10-13T20:48:37.740Z,31.13,1.6,0.8333333333333334,450,15.700377571538759
2025-10-13T20:49:08.387Z,31.04,1.6,0.8333333333333334,450,15.712364406731123
2025-10-13T20:49:39.022Z,31.23,1.6,0.8333333333333334,450,15.68791235859327
2025-10-13T20:50:09.558Z,31.1,1.6,0.8333333333333334,450,15.704290536351797
2025-10-13T20:50:40.229Z,31.23,1.6,0.8333333333333334,450,15.68791235859327
2025-10-13T20:51:10.858Z,31.12,1.6,0.8333333333333334,450,15.701672828177022
2025-10-13T20:51:41.441Z,31.09,1.6,0.8333333333333334,450,15.705613077905998
2025-10-13T20:52:12.062Z,31.23,1.6,0.8333333333333334,450,15.68791235859327
2025-10-13T20:52:42.694Z,31.17,1.6,0.8333333333333334,450,15.69528611676616
2025-10-13T20:53:13.326Z,31.11,1.6,0.8333333333333334,450,15.702977134678736
2025-10-13T20:53:43.853Z,31.23,1.6,0.8333333333333334,450,15.68791235859327
2025-10-13T20:54:45.152Z,31.04,1.6,0.8333333333333334,450,15.712364406731123
2025-10-13T20:55:15.685Z,31.15,1.6,0.8333333333333334,450,15.69781402366433
2025-10-13T20:55:46.334Z,31.23,1.6,0.8333333333333334,450,15.68791235859327
2025-10-13T20:56:16.992Z,31.17,1.6,0.8333333333333334,450,15.69528611676616
2025-10-13T20:56:47.625Z,31.23,1.6,0.8333333333333334,450,15.68791235859327
2025-10-13T20:57:18.154Z,31.3,1.6,0.8333333333333334,450,15.679696094326733
2025-10-13T20:57:48.795Z,31.23,1.6,0.8333333333333334,450,15.68791235859327
2025-10-13T20:58:49.974Z,31.1,1.6,0.8333333333333334,450,15.704290536351797
2025-10-13T20:59:20.614Z,31.11,1.6,0.8333333333333334,450,15.702977134678736
2025-10-13T20:59:51.260Z,31.23,1.6,0.8333333333333334,450,15.68791235859327
2025-10-13T21:00:21.901Z,31.12,1.6,0.8333333333333334,450,15.701672828177022
2025-10-13T21:00:52.417Z,31.23,1.6,0.8333333333333334,450,15.68791235859327
2025-10-13T21:01:23.068Z,31.11,1.6,0.8333333333333334,450,15.702977134678736
2025-10-13T21:01:53.747Z,31.1,1.6,0.8333333333333334,450,15.704290536351797
2025-10-13T21:02:24.257Z,31.23,1.6,0.8333333333333334,450,15.68791235859327
2025-10-13T21:02:54.896Z,31.11,1.6,0.8333333333333334,450,15.702977134678736
2025-10-13T21:03:25.558Z,31.1,1.6,0.8333333333333334,450,15.704290536351797
2025-10-13T21:03:56.081Z,30.99,1.6,0.8333333333333334,450,15.719350592447942
2025-10-13T21:04:26.741Z,31.23,1.6,0.8333333333333334,450,15.68791235859327
2025-10-13T21:04:57.375Z,31.17,1.6,0.8333333333333334,450,15.69528611676616
2025-10-13T21:05:28.021Z,31.08,1.6,0.8333333333333334,450,15.70694480345215
2025-10-13T21:05:58.544Z,31.04,1.6,0.8333333333333334,450,15.712364406731123
2025-10-13T21:06:29.191Z,31.24,1.6,0.8333333333333334,450,15.686713492022776
2025-10-13T21:06:59.758Z,31.04,1.6,0.8333333333333334,450,15.712364406731123
2025-10-13T21:07:30.411Z,31.28,1.6,0.8333333333333334,450,15.682002099697202
2025-10-13T21:08:01.060Z,31.23,1.6,0.8333333333333334,450,15.68791235859327
2025-10-13T21:08:31.600Z,31.08,1.6,0.8333333333333334,450,15.70694480345215
2025-10-13T21:09:02.223Z,31.17,1.6,0.8333333333333334,450,15.69528611676616
2025-10-13T21:09:32.902Z,31.23,1.6,0.8333333333333334,450,15.68791235859327
2025-10-13T21:10:03.535Z,31.1,1.6,0.8333333333333334,450,15.704290536351797
2025-10-13T21:10:34.056Z,31.23,1.6,0.8333333333333334,450,15.68791235859327
2025-10-13T21:11:04.697Z,31.1,1.6,0.8333333333333334,450,15.704290536351797
2025-10-13T21:11:35.312Z,31.23,1.6,0.8333333333333334,450,15.68791235859327
2025-10-13T21:12:05.909Z,31.1,1.6,0.8333333333333334,450,15.704290536351797
2025-10-13T21:13:07.119Z,30.99,1.6,0.8333333333333334,450,15.719350592447942
2025-10-13T21:13:37.768Z,31.11,1.6,0.8333333333333334,450,15.702977134678736
2025-10-13T21:14:08.308Z,31.04,1.6,0.8333333333333334,450,15.712364406731123
2025-10-13T21:14:38.977Z,31.17,1.6,0.8333333333333334,450,15.69528611676616
2025-10-13T21:15:09.615Z,31.06,1.6,0.8333333333333334,450,15.709635979964952
2025-10-13T21:15:40.139Z,31.04,1.6,0.8333333333333334,450,15.712364406731123
2025-10-13T21:16:10.800Z,31.11,1.6,0.8333333333333334,450,15.702977134678736
2025-10-13T21:16:41.428Z,31.1,1.6,0.8333333333333334,450,15.704290536351797
2025-10-13T21:17:12.075Z,31.26,1.6,0.8333333333333334,450,15.684341087603293
2025-10-13T21:17:42.613Z,31.04,1.6,0.8333333333333334,450,15.712364406731123
2025-10-13T21:18:13.273Z,31.23,1.6,0.8333333333333334,450,15.68791235859327
2025-10-13T21:18:43.919Z,31.1,1.6,0.8333333333333334,450,15.704290536351797
2025-10-13T21:19:14.438Z,31.17,1.6,0.8333333333333334,450,15.69528611676616
2025-10-13T21:19:45.148Z,31.12,1.6,0.8333333333333334,450,15.701672828177022
2025-10-13T21:20:15.787Z,31.24,1.6,0.8333333333333334,450,15.686713492022776
2025-10-13T21:20:46.266Z,31.23,1.6,0.8333333333333334,450,15.68791235859327
2025-10-13T21:21:16.904Z,31.01,1.6,0.8333333333333334,450,15.716527612776193
2025-10-13T21:21:47.549Z,31.12,1.6,0.8333333333333334,450,15.701672828177022
2025-10-13T21:22:18.204Z,31.1,1.6,0.8333333333333334,450,15.704290536351797
2025-10-13T21:22:48.752Z,31.23,1.6,0.8333333333333334,450,15.68791235859327
2025-10-13T21:23:19.353Z,31.04,1.6,0.8333333333333334,450,15.712364406731123
2025-10-13T21:23:50.015Z,31.28,1.6,0.8333333333333334,450,15.682002099697202
2025-10-13T21:24:20.651Z,31.16,1.6,0.8333333333333334,450,15.696545638854168
2025-10-13T21:24:51.231Z,31.11,1.6,0.8333333333333334,450,15.702977134678736
2025-10-13T21:25:21.842Z,31.14,1.6,0.8333333333333334,450,15.699091318865467
2025-10-13T21:25:52.495Z,31.06,1.6,0.8333333333333334,450,15.709635979964952
2025-10-13T21:26:23.019Z,31.23,1.6,0.8333333333333334,450,15.68791235859327
2025-10-13T21:27:24.332Z,31.17,1.6,0.8333333333333334,450,15.69528611676616
2025-10-13T21:27:54.921Z,31.1,1.6,0.8333333333333334,450,15.704290536351797
2025-10-13T21:28:25.558Z,31.13,1.6,0.8333333333333334,450,15.700377571538759
2025-10-13T21:28:56.130Z,31.12,1.6,0.8333333333333334,450,15.701672828177022
2025-10-13T21:29:26.832Z,31.1,1.6,0.8333333333333334,450,15.704290536351797
2025-10-13T21:29:57.313Z,31.22,1.6,0.8333333333333334,450,15.689119737965438
2025-10-13T21:30:27.978Z,31.23,1.6,0.8333333333333334,450,15.68791235859327
2025-10-13T21:30:58.559Z,31.1,1.6,0.8333333333333334,450,15.704290536351797
2025-10-13T21:31:29.156Z,31.11,1.6,0.8333333333333334,450,15.702977134678736
2025-10-13T21:31:59.794Z,31.1,1.6,0.8333333333333334,450,15.704290536351797
2025-10-13T21:32:30.345Z,31.09,1.6,0.8333333333333334,450,15.705613077905998
2025-10-13T21:33:01.031Z,31.01,1.6,0.8333333333333334,450,15.716527612776193
2025-10-13T21:33:31.625Z,31.04,1.6,0.8333333333333334,450,15.712364406731123
2025-10-13T21:34:02.200Z,31.23,1.6,0.8333333333333334,450,15.68791235859327
2025-10-13T21:35:03.418Z,31.17,1.6,0.8333333333333334,450,15.69528611676616
2025-10-13T21:35:34.087Z,31.23,1.6,0.8333333333333334,450,15.68791235859327
2025-10-13T21:36:04.674Z,31.11,1.6,0.8333333333333334,450,15.702977134678736
2025-10-13T21:36:35.266Z,31.1,1.6,0.8333333333333334,450,15.704290536351797
2025-10-13T21:37:05.883Z,31.16,1.6,0.8333333333333334,450,15.696545638854168
2025-10-13T21:37:36.514Z,31.23,1.6,0.8333333333333334,450,15.68791235859327
2025-10-13T21:38:07.156Z,31.1,1.6,0.8333333333333334,450,15.704290536351797
2025-10-13T21:38:37.698Z,31.13,1.6,0.8333333333333334,450,15.700377571538759
2025-10-13T21:39:08.332Z,31.36,1.6,0.8333333333333334,450,15.672971500853723
2025-10-13T21:39:38.908Z,31.23,1.6,0.8333333333333334,450,15.68791235859327
2025-10-13T21:40:40.167Z,31.12,1.6,0.8333333333333334,450,15.701672828177022
2025-10-13T21:41:10.826Z,31.23,1.6,0.8333333333333334,450,15.68791235859327
2025-10-13T21:41:41.393Z,31.18,1.6,0.8333333333333334,450,15.694035409147403
2025-10-13T21:42:12.049Z,31.23,1.6,0.8333333333333334,450,15.68791235859327
2025-10-13T21:42:42.592Z,31.14,1.6,0.8333333333333334,450,15.699091318865467
2025-10-13T21:43:13.249Z,31.23,1.6,0.8333333333333334,450,15.68791235859327
2025-10-13T21:45:15.748Z,31.24,1.6,0.8333333333333334,450,15.686713492022776
2025-10-13T21:45:46.290Z,31.27,1.6,0.8333333333333334,450,15.683167443500418
2025-10-13T21:46:16.954Z,31.23,1.6,0.8333333333333334,450,15.68791235859327
2025-10-13T21:47:18.138Z,31.04,1.6,0.8333333333333334,450,15.712364406731123
2025-10-13T21:47:48.802Z,31.23,1.6,0.8333333333333334,450,15.68791235859327
2025-10-13T21:48:19.354Z,31.1,1.6,0.8333333333333334,450,15.704290536351797
2025-10-13T21:48:49.995Z,31.23,1.6,0.8333333333333334,450,15.68791235859327
2025-10-13T21:49:51.168Z,31.17,1.6,0.8333333333333334,450,15.69528611676616
2025-10-13T21:50:21.799Z,31.02,1.6,0.8333333333333334,450,15.715130414879118
2025-10-13T21:50:52.470Z,31.23,1.6,0.8333333333333334,450,15.68791235859327
2025-10-13T21:51:53.637Z,31.13,1.6,0.8333333333333334,450,15.700377571538759
2025-10-13T21:52:24.298Z,31.24,1.6,0.8333333333333334,450,15.686713492022776
2025-10-13T21:52:54.824Z,30.99,1.6,0.8333333333333334,450,15.719350592447942
2025-10-13T21:53:25.475Z,31.1,1.6,0.8333333333333334,450,15.704290536351797
2025-10-13T21:53:56.142Z,31.12,1.6,0.8333333333333334,450,15.701672828177022
2025-10-13T21:54:26.673Z,31.25,1.6,0.8333333333333334,450,15.685523085974328
2025-10-13T21:54:57.332Z,31.09,1.6,0.8333333333333334,450,15.705613077905998
2025-10-13T21:55:27.910Z,31.04,1.6,0.8333333333333334,450,15.712364406731123
2025-10-13T21:55:58.524Z,31.27,1.6,0.8333333333333334,450,15.683167443500418
2025-10-13T21:56:29.193Z,31.23,1.6,0.8333333333333334,450,15.68791235859327
2025-10-13T21:56:59.704Z,31.1,1.6,0.8333333333333334,450,15.704290536351797
2025-10-13T21:57:30.366Z,31.36,1.6,0.8333333333333334,450,15.672971500853723
2025-10-13T21:58:00.948Z,31.03,1.6,0.8333333333333334,450,15.713742692818045
2025-10-13T21:58:31.546Z,31.17,1.6,0.8333333333333334,450,15.69528611676616
2025-10-13T21:59:02.172Z,31.11,1.6,0.8333333333333334,450,15.702977134678736
2025-10-13T21:59:32.864Z,31.23,1.6,0.8333333333333334,450,15.68791235859327
2025-10-13T22:00:03.435Z,31.17,1.6,0.8333333333333334,450,15.69528611676616
2025-10-13T22:00:34.094Z,31.03,1.6,0.8333333333333334,450,15.713742692818045
2025-10-13T22:01:04.655Z,31.23,1.6,0.8333333333333334,450,15.68791235859327
2025-10-13T22:01:35.249Z,31.17,1.6,0.8333333333333334,450,15.69528611676616
2025-10-13T22:02:05.857Z,31.2,1.6,0.8333333333333334,450,15.691560241395607
2025-10-13T22:02:36.537Z,30.98,1.6,0.8333333333333334,450,15.720776450861308
2025-10-13T22:03:07.073Z,31.23,1.6,0.8333333333333334,450,15.68791235859327
2025-10-13T22:03:37.725Z,31.11,1.6,0.8333333333333334,450,15.702977134678736
2025-10-13T22:04:08.340Z,31.01,1.6,0.8333333333333334,450,15.716527612776193
2025-10-13T22:04:38.998Z,31.23,1.6,0.8333333333333334,450,15.68791235859327
2025-10-13T22:05:09.502Z,31.12,1.6,0.8333333333333334,450,15.701672828177022
2025-10-13T22:05:40.156Z,31.24,1.6,0.8333333333333334,450,15.686713492022776
2025-10-13T22:06:10.830Z,31.1,1.6,0.8333333333333334,450,15.704290536351797
2025-10-13T22:06:41.439Z,31.23,1.6,0.8333333333333334,450,15.68791235859327
2025-10-13T22:07:11.965Z,31.11,1.6,0.8333333333333334,450,15.702977134678736
2025-10-13T22:07:42.632Z,31.19,1.6,0.8333333333333334,450,15.692793467162474
2025-10-13T22:08:13.314Z,31.23,1.6,0.8333333333333334,450,15.68791235859327
2025-10-13T22:08:43.812Z,31.04,1.6,0.8333333333333334,450,15.712364406731123
2025-10-13T22:09:14.475Z,31.19,1.6,0.8333333333333334,450,15.692793467162474
2025-10-13T22:09:45.006Z,31.2,1.6,0.8333333333333334,450,15.691560241395607
2025-10-13T22:10:15.657Z,31.11,1.6,0.8333333333333334,450,15.702977134678736
2025-10-13T22:10:46.299Z,31.1,1.6,0.8333333333333334,450,15.704290536351797
2025-10-13T22:11:47.498Z,31.23,1.6,0.8333333333333334,450,15.68791235859327
2025-10-13T22:12:48.687Z,31.04,1.6,0.8333333333333334,450,15.712364406731123
2025-10-13T22:13:19.356Z,31.23,1.6,0.8333333333333334,450,15.68791235859327
2025-10-13T22:13:50.000Z,31.04,1.6,0.8333333333333334,450,15.712364406731123
2025-10-13T22:14:20.552Z,31.23,1.6,0.8333333333333334,450,15.68791235859327
2025-10-13T22:14:51.214Z,31.11,1.6,0.8333333333333334,450,15.702977134678736
2025-10-13T22:15:21.740Z,31.23,1.6,0.8333333333333334,450,15.68791235859327
2025-10-13T22:15:52.375Z,31.01,1.6,0.8333333333333334,450,15.716527612776193
2025-10-13T22:16:22.963Z,31.1,1.6,0.8333333333333334,450,15.704290536351797
2025-10-13T22:16:53.652Z,31.04,1.6,0.8333333333333334,450,15.712364406731123
2025-10-13T22:17:54.831Z,31.1,1.6,0.8333333333333334,450,15.704290536351797
2025-10-13T22:18:25.497Z,31.23,1.6,0.8333333333333334,450,15.68791235859327
2025-10-13T22:20:27.963Z,31.17,1.6,0.8333333333333334,450,15.69528611676616
2025-10-13T22:20:58.527Z,31.3,1.6,0.8333333333333334,450,15.679696094326733
2025-10-13T22:21:29.114Z,31.08,1.6,0.8333333333333334,450,15.70694480345215
2025-10-13T22:21:59.758Z,30.92,1.6,0.8333333333333334,450,15.72953507746799
2025-10-13T22:22:30.293Z,30.99,1.6,0.8333333333333334,450,15.719350592447942
2025-10-13T22:23:00.973Z,31.17,1.6,0.8333333333333334,450,15.69528611676616
2025-10-13T22:24:02.191Z,31.23,1.6,0.8333333333333334,450,15.68791235859327
2025-10-13T22:24:32.854Z,31.11,1.6,0.8333333333333334,450,15.702977134678736
2025-10-13T22:25:03.399Z,31.23,1.6,0.8333333333333334,450,15.68791235859327
2025-10-13T22:25:34.051Z,31.2,1.6,0.8333333333333334,450,15.691560241395607
2025-10-13T22:26:04.685Z,31.24,1.6,0.8333333333333334,450,15.686713492022776
2025-10-13T22:26:35.296Z,31.1,1.6,0.8333333333333334,450,15.704290536351797
2025-10-13T22:27:36.455Z,31.17,1.6,0.8333333333333334,450,15.69528611676616
2025-10-13T22:28:07.124Z,31.2,1.6,0.8333333333333334,450,15.691560241395607
2025-10-13T22:28:37.646Z,31.23,1.6,0.8333333333333334,450,15.68791235859327
2025-10-13T22:29:08.291Z,31.17,1.6,0.8333333333333334,450,15.69528611676616
2025-10-13T22:29:38.940Z,31.26,1.6,0.8333333333333334,450,15.684341087603293
2025-10-13T22:30:40.123Z,31.23,1.6,0.8333333333333334,450,15.68791235859327
2025-10-13T22:31:41.313Z,31.22,1.6,0.8333333333333334,450,15.689119737965438
2025-10-13T22:32:11.972Z,31.26,1.6,0.8333333333333334,450,15.684341087603293
2025-10-13T22:32:42.642Z,31.23,1.6,0.8333333333333334,450,15.68791235859327
2025-10-13T22:33:13.146Z,31.1,1.6,0.8333333333333334,450,15.704290536351797
2025-10-13T22:34:14.482Z,31.23,1.6,0.8333333333333334,450,15.68791235859327
2025-10-13T22:34:45.014Z,31.24,1.6,0.8333333333333334,450,15.686713492022776
2025-10-13T22:35:15.659Z,31.04,1.6,0.8333333333333334,450,15.712364406731123
2025-10-13T22:36:16.845Z,31.28,1.6,0.8333333333333334,450,15.682002099697202
2025-10-13T22:36:47.477Z,31.17,1.6,0.8333333333333334,450,15.69528611676616
2025-10-13T22:37:18.116Z,31.08,1.6,0.8333333333333334,450,15.70694480345215
2025-10-13T22:37:48.692Z,31.12,1.6,0.8333333333333334,450,15.701672828177022
2025-10-13T22:38:19.296Z,31.2,1.6,0.8333333333333334,450,15.691560241395607
2025-10-13T22:38:49.956Z,31.1,1.6,0.8333333333333334,450,15.704290536351797
2025-10-13T22:39:20.516Z,31.04,1.6,0.8333333333333334,450,15.712364406731123
2025-10-13T22:39:51.154Z,31.1,1.6,0.8333333333333334,450,15.704290536351797
2025-10-13T22:40:21.816Z,31.23,1.6,0.8333333333333334,450,15.68791235859327
2025-10-13T22:41:53.542Z,31.08,1.6,0.8333333333333334,450,15.70694480345215
2025-10-13T22:42:24.183Z,31.14,1.6,0.8333333333333334,450,15.699091318865467
2025-10-13T22:42:54.854Z,31.03,1.6,0.8333333333333334,450,15.713742692818045
2025-10-13T22:43:25.375Z,31.1,1.6,0.8333333333333334,450,15.704290536351797
2025-10-13T22:43:56.026Z,31.24,1.6,0.8333333333333334,450,15.686713492022776
2025-10-13T22:44:26.707Z,31.23,1.6,0.8333333333333334,450,15.68791235859327
2025-10-13T22:44:57.217Z,31.25,1.6,0.8333333333333334,450,15.685523085974328
2025-10-13T22:45:27.913Z,31.05,1.6,0.8333333333333334,450,15.710995516142352
2025-10-13T22:45:58.571Z,31.26,1.6,0.8333333333333334,450,15.684341087603293
2025-10-13T22:46:29.077Z,31.23,1.6,0.8333333333333334,450,15.68791235859327
2025-10-13T22:47:30.525Z,31.27,1.6,0.8333333333333334,450,15.683167443500418
2025-10-13T22:48:00.927Z,31.13,1.6,0.8333333333333334,450,15.700377571538759
2025-10-13T22:49:02.160Z,31.23,1.6,0.8333333333333334,450,15.68791235859327
2025-10-13T22:49:32.780Z,31.22,1.6,0.8333333333333334,450,15.689119737965438
2025-10-13T22:50:03.312Z,31.1,1.6,0.8333333333333334,450,15.704290536351797
2025-10-13T22:50:33.937Z,31.17,1.6,0.8333333333333334,450,15.69528611676616
2025-10-13T22:51:04.536Z,31.24,1.6,0.8333333333333334,450,15.686713492022776
2025-10-13T22:51:35.237Z,31.23,1.6,0.8333333333333334,450,15.68791235859327
2025-10-13T22:52:05.770Z,31.01,1.6,0.8333333333333334,450,15.716527612776193
2025-10-13T22:52:36.406Z,31.23,1.6,0.8333333333333334,450,15.68791235859327
2025-10-13T22:53:37.687Z,30.99,1.6,0.8333333333333334,450,15.719350592447942
2025-10-13T22:54:08.234Z,31.23,1.6,0.8333333333333334,450,15.68791235859327
2025-10-13T22:55:09.509Z,31.04,1.6,0.8333333333333334,450,15.712364406731123
2025-10-13T22:55:40.160Z,31.2,1.6,0.8333333333333334,450,15.691560241395607
2025-10-13T22:56:10.728Z,31.22,1.6,0.8333333333333334,450,15.689119737965438
2025-10-13T22:56:41.359Z,31.23,1.6,0.8333333333333334,450,15.68791235859327
2025-10-13T22:57:11.909Z,31.1,1.6,0.8333333333333334,450,15.704290536351797
2025-10-13T22:57:42.547Z,31.23,1.6,0.8333333333333334,450,15.68791235859327
2025-10-13T22:58:43.746Z,31.21,1.6,0.8333333333333334,450,15.690335681852677
2025-10-13T22:59:14.380Z,31.09,1.6,0.8333333333333334,450,15.705613077905998
2025-10-13T22:59:45.038Z,31.23,1.6,0.8333333333333334,450,15.68791235859327
2025-10-13T23:00:15.565Z,31.11,1.6,0.8333333333333334,450,15.702977134678736
2025-10-13T23:00:46.231Z,30.99,1.6,0.8333333333333334,450,15.719350592447942
2025-10-13T23:01:16.289Z,30.79,1.6,0.8333333333333334,450,15.74973614359812
2025-10-13T23:01:46.224Z,30.58,1.6,0.8333333333333334,450,15.786033877783385
2025-10-13T23:02:16.235Z,30.28,1.6,0.8333333333333334,450,15.845986508362465
2025-10-13T23:02:46.251Z,30.26,1.6,0.8333333333333334,450,15.850324216400463
2025-10-13T23:03:16.290Z,29.93,1.6,0.8333333333333334,450,15.927906586533748
2025-10-13T23:04:16.234Z,29.73,1.6,0.8333333333333334,450,15.980187307941833
2025-10-13T23:04:46.290Z,29.56,1.6,0.8333333333333334,450,16.02746371453647
2025-10-13T23:05:16.273Z,29.49,1.6,0.8333333333333334,450,16.047624573083812
2025-10-13T23:05:46.317Z,29.24,1.6,0.8333333333333334,450,16.122520706162753
2025-10-13T23:06:16.359Z,29.03,1.6,0.8333333333333334,450,16.18829609703646
2025-10-13T23:06:46.266Z,28.98,1.6,0.8333333333333334,450,16.204251113801924
2025-10-13T23:07:16.284Z,28.93,1.6,0.8333333333333334,450,16.22029601694134
2025-10-13T23:07:46.328Z,28.88,1.6,0.8333333333333334,450,16.236418968140114
2025-10-13T23:08:16.356Z,28.74,1.6,0.8333333333333334,450,16.281873966791185
2025-10-13T23:08:46.269Z,28.54,1.6,0.8333333333333334,450,16.347148292003343
2025-10-13T23:09:16.322Z,28.5,1.6,0.8333333333333334,450,16.36018558266533
2025-10-13T23:10:16.409Z,28.3,1.6,0.8333333333333334,450,16.4248872013796
2025-10-13T23:10:46.323Z,28.31,1.6,0.8333333333333334,450,16.421679771741086
2025-10-13T23:11:16.363Z,28.11,1.6,0.8333333333333334,450,16.484981539285997
2025-10-13T23:11:46.435Z,28.01,1.6,0.8333333333333334,450,16.515787642194
2025-10-13T23:12:16.429Z,27.88,1.6,0.8333333333333334,450,16.554729707576882
2025-10-13T23:12:46.335Z,28.0,1.6,0.8333333333333334,450,16.518830299150963
2025-10-13T23:13:16.375Z,27.88,1.6,0.8333333333333334,450,16.554729707576882
2025-10-13T23:13:46.412Z,27.94,1.6,0.8333333333333334,450,16.536926573054977
2025-10-13T23:14:16.456Z,27.75,1.6,0.8333333333333334,450,16.592169034497932
2025-10-13T23:14:46.407Z,27.62,1.6,0.8333333333333334,450,16.627831051499292
2025-10-13T23:15:16.400Z,27.56,1.6,0.8333333333333334,450,16.643615159839612
2025-10-13T23:15:46.439Z,27.6,1.6,0.8333333333333334,450,16.63314229509903
2025-10-13T23:16:16.462Z,27.54,1.6,0.8333333333333334,450,16.64877480053117
2025-10-13T23:16:46.576Z,27.51,1.6,0.8333333333333334,450,16.656415494497438
2025-10-13T23:17:16.495Z,27.38,1.6,0.8333333333333334,450,16.688079071265015
2025-10-13T23:17:46.407Z,27.25,1.6,0.8333333333333334,450,16.71719468740941
2025-10-13T23:18:16.456Z,27.26,1.6,0.8333333333333334,450,16.71505147220223
2025-10-13T23:19:16.511Z,27.12,1.6,0.8333333333333334,450,16.74350120950614
2025-10-13T23:19:46.415Z,27.16,1.6,0.8333333333333334,450,16.73572147276083
2025-10-13T23:20:16.481Z,27.23,1.6,0.8333333333333334,450,16.721431123337936
2025-10-13T23:20:46.482Z,27.02,1.6,0.8333333333333334,450,16.761666157512984
2025-10-13T23:21:16.499Z,27.06,1.6,0.8333333333333334,450,16.754624843940093
2025-10-13T23:21:46.549Z,27.19,1.6,0.8333333333333334,450,16.729700748551906
2025-10-13T23:22:16.459Z,26.97,1.6,0.8333333333333334,450,16.7700341392651
2025-10-13T23:22:46.485Z,27.0,1.6,0.8333333333333334,450,16.76507182658964
2025-10-13T23:23:16.547Z,26.99,1.6,0.8333333333333334,450,16.76674553140998
2025-10-13T23:23:46.573Z,26.84,1.6,0.8333333333333334,450,16.78944361191492
2025-10-13T23:24:16.482Z,26.88,1.6,0.8333333333333334,450,16.783841456919006
2025-10-13T23:24:46.502Z,26.73,1.6,0.8333333333333334,450,16.80308623399101
2025-10-13T23:25:16.581Z,26.79,1.6,0.8333333333333334,450,16.795969911174044
2025-10-13T23:25:46.609Z,26.81,1.6,0.8333333333333334,450,16.793423618654302
2025-10-13T23:26:16.606Z,26.75,1.6,0.8333333333333334,450,16.800802004078538
2025-10-13T23:27:46.593Z,26.95,1.6,0.8333333333333334,450,16.773243626393512
2025-10-13T23:28:16.635Z,26.73,1.6,0.8333333333333334,450,16.80308623399101
2025-10-13T23:28:46.622Z,26.5,1.6,0.8333333333333334,450,16.822777370184678
2025-10-13T23:29:16.577Z,26.63,1.6,0.8333333333333334,450,16.81315856056819
2025-10-13T23:29:46.566Z,26.7,1.6,0.8333333333333334,450,16.806345631633526
2025-10-13T23:30:16.589Z,26.6,1.6,0.8333333333333334,450,16.81573280040392
2025-10-13T23:30:46.582Z,26.64,1.6,0.8333333333333334,450,16.812254037187707
2025-10-13T23:31:16.623Z,26.56,1.6,0.8333333333333334,450,16.818836682477016
2025-10-13T23:31:46.658Z,26.49,1.6,0.8333333333333334,450,16.82334962652009
2025-10-13T23:32:46.628Z,26.45,1.6,0.8333333333333334,450,16.825394115295676
2025-10-13T23:33:16.678Z,26.48,1.6,0.8333333333333334,450,16.823897510767132
2025-10-13T23:33:46.716Z,26.39,1.6,0.8333333333333334,450,16.82771842432157
2025-10-13T23:34:46.660Z,26.45,1.6,0.8333333333333334,450,16.825394115295676
2025-10-13T23:35:16.679Z,26.39,1.6,0.8333333333333334,450,16.82771842432157
2025-10-13T23:35:46.692Z,26.2,1.6,0.8333333333333334,450,16.829028608756115
2025-10-13T23:36:16.732Z,26.26,1.6,0.8333333333333334,450,16.8296259678948
2025-10-13T23:37:46.721Z,26.12,1.6,0.8333333333333334,450,16.826747293262542
2025-10-13T23:38:16.648Z,26.18,1.6,0.8333333333333334,450,16.828618356372818
2025-10-13T23:38:46.677Z,26.26,1.6,0.8333333333333334,450,16.8296259678948
2025-10-13T23:39:16.687Z,26.1,1.6,0.8333333333333334,450,16.82590860463457
2025-10-13T23:39:46.704Z,26.14,1.6,0.8333333333333334,450,16.827478174304424
2025-10-13T23:40:16.735Z,26.1,1.6,0.8333333333333334,450,16.82590860463457
2025-10-13T23:40:46.756Z,26.12,1.6,0.8333333333333334,450,16.826747293262542
2025-10-13T23:41:16.788Z,26.11,1.6,0.8333333333333334,450,16.826341453028522
2025-10-13T23:41:46.808Z,26.13,1.6,0.8333333333333334,450,16.82712618141011
2025-10-13T23:42:46.776Z,26.01,1.6,0.8333333333333334,450,16.820788728902095
2025-10-13T23:43:16.829Z,26.12,1.6,0.8333333333333334,450,16.826747293262542
2025-10-13T23:43:46.743Z,25.89,1.6,0.8333333333333334,450,16.810488811979177
2025-10-13T23:44:46.717Z,26.02,1.6,0.8333333333333334,450,16.821467047457247
2025-10-13T23:45:16.830Z,26.04,1.6,0.8333333333333334,450,16.822741299063342
2025-10-13T23:45:46.843Z,26.01,1.6,0.8333333333333334,450,16.820788728902095
2025-10-13T23:46:16.750Z,25.83,1.6,0.8333333333333334,450,16.80382900090368
2025-10-13T23:46:46.772Z,25.89,1.6,0.8333333333333334,450,16.810488811979177
2025-10-13T23:47:16.815Z,26.01,1.6,0.8333333333333334,450,16.820788728902095
2025-10-13T23:47:46.838Z,25.82,1.6,0.8333333333333334,450,16.80262032846096
2025-10-13T23:48:16.894Z,25.86,1.6,0.8333333333333334,450,16.807285601811817
2025-10-13T23:48:46.793Z,25.77,1.6,0.8333333333333334,450,16.796151965288313
2025-10-13T23:49:16.815Z,25.72,1.6,0.8333333333333334,450,16.788972563499623
2025-10-13T23:49:46.879Z,25.89,1.6,0.8333333333333334,450,16.810488811979177
2025-10-13T23:50:16.863Z,25.75,1.6,0.8333333333333334,450,16.793365723812613
2025-10-13T23:50:46.892Z,25.77,1.6,0.8333333333333334,450,16.796151965288313
2025-10-13T23:51:16.907Z,25.64,1.6,0.8333333333333334,450,16.77599861968923
2025-10-13T23:51:46.932Z,25.77,1.6,0.8333333333333334,450,16.796151965288313
2025-10-13T23:52:16.836Z,25.76,1.6,0.8333333333333334,450,16.794773080073327
2025-10-13T23:52:46.874Z,25.74,1.6,0.8333333333333334,450,16.7919298695544
2025-10-13T23:53:16.940Z,25.63,1.6,0.8333333333333334,450,16.774247753829492
2025-10-13T23:54:16.874Z,25.7,1.6,0.8333333333333334,450,16.785900963376733
2025-10-13T23:54:46.847Z,25.65,1.6,0.8333333333333334,450,16.777720747770772
2025-10-13T23:55:16.917Z,25.58,1.6,0.8333333333333334,450,16.765061807620015
2025-10-13T23:55:46.960Z,25.63,1.6,0.8333333333333334,450,16.774247753829492
2025-10-13T23:56:16.974Z,25.6,1.6,0.8333333333333334,450,16.768822567989602
2025-10-13T23:56:46.991Z,25.58,1.6,0.8333333333333334,450,16.765061807620015
2025-10-13T23:57:16.899Z,25.52,1.6,0.8333333333333334,450,16.75308741665031
2025-10-13T23:57:46.917Z,25.7,1.6,0.8333333333333334,450,16.785900963376733
2025-10-13T23:58:16.955Z,25.58,1.6,0.8333333333333334,450,16.765061807620015
2025-10-13T23:58:46.973Z,25.57,1.6,0.8333333333333334,450,16.763138197226304
2025-10-13T23:59:17.012Z,25.54,1.6,0.8333333333333334,450,16.75719431194633
2025-10-13T23:59:47.006Z,25.52,1.6,0.8333333333333334,450,16.75308741665031
2025-10-14T00:00:16.972Z,25.57,1.6,0.8333333333333334,450,16.763138197226304
2025-10-14T00:01:47.046Z,25.52,1.6,0.8333333333333334,450,16.75308741665031
2025-10-14T00:02:47.007Z,25.45,1.6,0.8333333333333334,450,16.73780334849983
2025-10-14T00:03:17.043Z,25.39,1.6,0.8333333333333334,450,16.723575659484382
2025-10-14T00:03:47.089Z,25.52,1.6,0.8333333333333334,450,16.75308741665031
2025-10-14T00:04:47.025Z,25.42,1.6,0.8333333333333334,450,16.730819545350283
2025-10-14T00:05:17.049Z,25.52,1.6,0.8333333333333334,450,16.75308741665031
2025-10-14T00:05:47.084Z,25.39,1.6,0.8333333333333334,450,16.723575659484382
2025-10-14T00:06:17.099Z,25.46,1.6,0.8333333333333334,450,16.740073479212235
2025-10-14T00:06:47.031Z,25.52,1.6,0.8333333333333334,450,16.75308741665031
2025-10-14T00:07:17.045Z,25.27,1.6,0.8333333333333334,450,16.692002474313075
2025-10-14T00:07:47.076Z,25.39,1.6,0.8333333333333334,450,16.723575659484382
2025-10-14T00:08:17.136Z,25.4,1.6,0.8333333333333334,450,16.726019181250734
2025-10-14T00:08:47.041Z,25.39,1.6,0.8333333333333334,450,16.723575659484382
2025-10-14T00:09:47.149Z,25.52,1.6,0.8333333333333334,450,16.75308741665031
2025-10-14T00:10:17.077Z,25.27,1.6,0.8333333333333334,450,16.692002474313075
2025-10-14T00:11:17.156Z,25.29,1.6,0.8333333333333334,450,16.697552886089177
2025-10-14T00:11:47.171Z,25.14,1.6,0.8333333333333334,450,16.653127617853638
2025-10-14T00:12:17.083Z,25.27,1.6,0.8333333333333334,450,16.692002474313075
2025-10-14T00:12:47.115Z,25.24,1.6,0.8333333333333334,450,16.683461206336474
2025-10-14T00:13:17.125Z,25.27,1.6,0.8333333333333334,450,16.692002474313075
2025-10-14T00:13:47.167Z,25.32,1.6,0.8333333333333334,450,16.705662549403257
2025-10-14T00:14:17.193Z,25.27,1.6,0.8333333333333334,450,16.692002474313075
2025-10-14T00:14:47.123Z,25.24,1.6,0.8333333333333334,450,16.683461206336474
2025-10-14T00:15:17.143Z,25.14,1.6,0.8333333333333334,450,16.653127617853638
2025-10-14T00:15:47.163Z,25.07,1.6,0.8333333333333334,450,16.63019867303844
2025-10-14T00:16:17.210Z,25.14,1.6,0.8333333333333334,450,16.653127617853638
2025-10-14T00:17:17.165Z,25.13,1.6,0.8333333333333334,450,16.64993723555315
2025-10-14T00:17:47.212Z,25.07,1.6,0.8333333333333334,450,16.63019867303844
2025-10-14T00:18:17.335Z,25.14,1.6,0.8333333333333334,450,16.653127617853638
2025-10-14T00:19:17.187Z,25.13,1.6,0.8333333333333334,450,16.64993723555315
2025-10-14T00:19:47.240Z,25.14,1.6,0.8333333333333334,450,16.653127617853638
2025-10-14T00:20:17.235Z,25.27,1.6,0.8333333333333334,450,16.692002474313075
2025-10-14T00:20:47.269Z,25.02,1.6,0.8333333333333334,450,16.61297262313761
2025-10-14T00:21:17.289Z,25.04,1.6,0.8333333333333334,450,16.619947520298098
2025-10-14T00:21:47.302Z,25.27,1.6,0.8333333333333334,450,16.692002474313075
2025-10-14T00:22:17.206Z,25.07,1.6,0.8333333333333334,450,16.63019867303844
2025-10-14T00:22:47.240Z,24.99,1.6,0.8333333333333334,450,16.60229984482731
2025-10-14T00:23:17.288Z,25.07,1.6,0.8333333333333334,450,16.63019867303844
2025-10-14T00:23:47.304Z,25.02,1.6,0.8333333333333334,450,16.61297262313761
2025-10-14T00:24:17.339Z,24.96,1.6,0.8333333333333334,450,16.59137552004901
2025-10-14T00:24:47.288Z,25.02,1.6,0.8333333333333334,450,16.61297262313761
2025-10-14T00:25:17.266Z,25.04,1.6,0.8333333333333334,450,16.619947520298098
2025-10-14T00:26:17.345Z,24.9,1.6,0.8333333333333334,450,16.56877695134694
2025-10-14T00:26:47.384Z,25.04,1.6,0.8333333333333334,450,16.619947520298098
2025-10-14T00:27:17.317Z,24.96,1.6,0.8333333333333334,450,16.59137552004901
2025-10-14T00:27:47.344Z,25.08,1.6,0.8333333333333334,450,16.633559261936135
2025-10-14T00:28:17.369Z,24.88,1.6,0.8333333333333334,450,16.56102327197668
2025-10-14T00:28:47.372Z,25.07,1.6,0.8333333333333334,450,16.63019867303844
2025-10-14T00:29:17.405Z,24.9,1.6,0.8333333333333334,450,16.56877695134694
2025-10-14T00:29:47.310Z,24.99,1.6,0.8333333333333334,450,16.60229984482731
2025-10-14T00:30:47.368Z,24.9,1.6,0.8333333333333334,450,16.56877695134694
2025-10-14T00:31:17.385Z,24.99,1.6,0.8333333333333334,450,16.60229984482731
2025-10-14T00:31:47.438Z,24.9,1.6,0.8333333333333334,450,16.56877695134694
2025-10-14T00:32:17.356Z,25.01,1.6,0.8333333333333334,450,16.609443048655066
2025-10-14T00:32:47.377Z,25.0,1.6,0.8333333333333334,450,16.605885442452283
2025-10-14T00:33:17.458Z,24.96,1.6,0.8333333333333334,450,16.59137552004901
2025-10-14T00:33:47.457Z,25.0,1.6,0.8333333333333334,450,16.605885442452283
2025-10-14T00:34:17.378Z,25.01,1.6,0.8333333333333334,450,16.609443048655066
2025-10-14T00:34:47.357Z,24.88,1.6,0.8333333333333334,450,16.56102327197668
2025-10-14T00:35:17.431Z,24.9,1.6,0.8333333333333334,450,16.56877695134694
2025-10-14T00:36:17.492Z,24.83,1.6,0.8333333333333334,450,16.541159852093354
2025-10-14T00:36:47.406Z,24.9,1.6,0.8333333333333334,450,16.56877695134694
2025-10-14T00:38:47.427Z,24.96,1.6,0.8333333333333334,450,16.59137552004901
2025-10-14T00:39:47.528Z,24.76,1.6,0.8333333333333334,450,16.512211711160553
2025-10-14T00:40:17.545Z,24.9,1.6,0.8333333333333334,450,16.56877695134694
2025-10-14T00:40:47.471Z,24.8,1.6,0.8333333333333334,450,16.528915354988953
2025-10-14T00:41:17.518Z,24.79,1.6,0.8333333333333334,450,16.524779787798035
2025-10-14T00:41:47.526Z,24.82,1.6,0.8333333333333334,450,16.537105445041476
2025-10-14T00:42:17.558Z,24.9,1.6,0.8333333333333334,450,16.56877695134694
2025-10-14T00:42:47.482Z,24.88,1.6,0.8333333333333334,450,16.56102327197668
2025-10-14T00:43:17.528Z,24.74,1.6,0.8333333333333334,450,16.50369912664736
2025-10-14T00:43:47.553Z,24.79,1.6,0.8333333333333334,450,16.524779787798035
2025-10-14T00:44:17.550Z,24.74,1.6,0.8333333333333334,450,16.50369912664736
2025-10-14T00:44:47.611Z,24.76,1.6,0.8333333333333334,450,16.512211711160553
2025-10-14T00:45:17.495Z,24.8,1.6,0.8333333333333334,450,16.528915354988953
2025-10-14T00:45:47.558Z,24.76,1.6,0.8333333333333334,450,16.512211711160553
2025-10-14T00:46:17.595Z,24.74,1.6,0.8333333333333334,450,16.50369912664736
2025-10-14T00:46:47.517Z,24.59,1.6,0.8333333333333334,450,16.436497143374705
2025-10-14T00:47:17.534Z,24.74,1.6,0.8333333333333334,450,16.50369912664736
2025-10-14T00:47:47.553Z,24.78,1.6,0.8333333333333334,450,16.52061728452453
2025-10-14T00:48:17.590Z,24.9,1.6,0.8333333333333334,450,16.56877695134694
2025-10-14T00:48:47.638Z,24.76,1.6,0.8333333333333334,450,16.512211711160553
2025-10-14T00:49:47.579Z,24.79,1.6,0.8333333333333334,450,16.524779787798035
2025-10-14T00:50:17.608Z,24.74,1.6,0.8333333333333334,450,16.50369912664736
2025-10-14T00:50:47.637Z,24.71,1.6,0.8333333333333334,450,16.49073071459621
2025-10-14T00:51:17.684Z,24.76,1.6,0.8333333333333334,450,16.512211711160553
2025-10-14T00:51:47.596Z,24.62,1.6,0.8333333333333334,450,16.450405706139303
2025-10-14T00:52:17.661Z,24.76,1.6,0.8333333333333334,450,16.512211711160553
2025-10-14T00:53:47.623Z,24.65,1.6,0.8333333333333334,450,16.464082130417037
2025-10-14T00:54:17.651Z,24.76,1.6,0.8333333333333334,450,16.512211711160553
2025-10-14T00:54:47.784Z,24.71,1.6,0.8333333333333334,450,16.49073071459621
2025-10-14T00:55:17.723Z,24.63,1.6,0.8333333333333334,450,16.454990406613184
2025-10-14T00:55:47.636Z,24.64,1.6,0.8333333333333334,450,16.45954923914885
2025-10-14T00:56:17.667Z,24.77,1.6,0.8333333333333334,450,16.51642790530377
2025-10-14T00:56:47.720Z,24.71,1.6,0.8333333333333334,450,16.49073071459621
2025-10-14T00:57:47.757Z,24.76,1.6,0.8333333333333334,450,16.512211711160553
2025-10-14T00:58:17.695Z,24.64,1.6,0.8333333333333334,450,16.45954923914885
2025-10-14T00:58:47.723Z,24.54,1.6,0.8333333333333334,450,16.41280594125893
2025-10-14T00:59:47.798Z,24.58,1.6,0.8333333333333334,450,16.431809721749584
2025-10-14T01:00:17.695Z,24.65,1.6,0.8333333333333334,450,16.464082130417037
2025-10-14T01:00:47.768Z,24.63,1.6,0.8333333333333334,450,16.454990406613184
2025-10-14T01:01:47.812Z,24.58,1.6,0.8333333333333334,450,16.431809721749584
2025-10-14T01:02:47.757Z,24.71,1.6,0.8333333333333334,450,16.49073071459621
2025-10-14T01:03:17.793Z,24.58,1.6,0.8333333333333334,450,16.431809721749584
2025-10-14T01:03:47.825Z,24.46,1.6,0.8333333333333334,450,16.37359563286208
2025-10-14T01:04:17.843Z,24.62,1.6,0.8333333333333334,450,16.450405706139303
2025-10-14T01:04:47.754Z,24.46,1.6,0.8333333333333334,450,16.37359563286208
2025-10-14T01:05:17.791Z,24.52,1.6,0.8333333333333334,450,16.40315271455047
2025-10-14T01:05:47.823Z,24.55,1.6,0.8333333333333334,450,16.41759484176866
2025-10-14T01:06:17.847Z,24.66,1.6,0.8333333333333334,450,16.468589007957394
2025-10-14T01:06:47.877Z,24.61,1.6,0.8333333333333334,450,16.445795211923937
2025-10-14T01:07:17.795Z,24.54,1.6,0.8333333333333334,450,16.41280594125893
2025-10-14T01:07:47.814Z,24.5,1.6,0.8333333333333334,450,16.393399470555497
2025-10-14T01:08:17.818Z,24.53,1.6,0.8333333333333334,450,16.40799187154955
2025-10-14T01:08:47.847Z,24.63,1.6,0.8333333333333334,450,16.454990406613184
2025-10-14T01:09:17.927Z,24.64,1.6,0.8333333333333334,450,16.45954923914885
2025-10-14T01:09:47.830Z,24.59,1.6,0.8333333333333334,450,16.436497143374705
2025-10-14T01:10:17.875Z,24.58,1.6,0.8333333333333334,450,16.431809721749584
2025-10-14T01:10:47.899Z,24.52,1.6,0.8333333333333334,450,16.40315271455047
2025-10-14T01:11:17.929Z,24.58,1.6,0.8333333333333334,450,16.431809721749584
2025-10-14T01:11:47.952Z,24.64,1.6,0.8333333333333334,450,16.45954923914885
2025-10-14T01:12:17.853Z,24.49,1.6,0.8333333333333334,450,16.38848555160547
2025-10-14T01:12:47.871Z,24.46,1.6,0.8333333333333334,450,16.37359563286208
2025-10-14T01:13:17.898Z,24.33,1.6,0.8333333333333334,450,16.306557222568127
2025-10-14T01:13:47.943Z,24.54,1.6,0.8333333333333334,450,16.41280594125893
2025-10-14T01:14:47.872Z,24.46,1.6,0.8333333333333334,450,16.37359563286208
2025-10-14T01:15:17.907Z,24.49,1.6,0.8333333333333334,450,16.38848555160547
2025-10-14T01:15:47.907Z,24.4,1.6,0.8333333333333334,450,16.343156986547534
2025-10-14T01:16:17.943Z,24.46,1.6,0.8333333333333334,450,16.37359563286208
2025-10-14T01:16:47.954Z,24.51,1.6,0.8333333333333334,450,16.398288553019054
2025-10-14T01:17:17.995Z,24.46,1.6,0.8333333333333334,450,16.37359563286208
2025-10-14T01:17:48.026Z,24.42,1.6,0.8333333333333334,450,16.35339996650575
2025-10-14T01:18:17.923Z,24.52,1.6,0.8333333333333334,450,16.40315271455047
2025-10-14T01:18:47.959Z,24.46,1.6,0.8333333333333334,450,16.37359563286208
2025-10-14T01:19:17.987Z,24.4,1.6,0.8333333333333334,450,16.343156986547534
2025-10-14T01:19:48.019Z,24.27,1.6,0.8333333333333334,450,16.27427712303404
2025-10-14T01:20:18.058Z,24.49,1.6,0.8333333333333334,450,16.38848555160547
2025-10-14T01:20:47.977Z,24.27,1.6,0.8333333333333334,450,16.27427712303404
2025-10-14T01:21:17.997Z,24.4,1.6,0.8333333333333334,450,16.343156986547534
2025-10-14T01:21:48.029Z,24.46,1.6,0.8333333333333334,450,16.37359563286208
2025-10-14T01:23:17.998Z,24.4,1.6,0.8333333333333334,450,16.343156986547534
2025-10-14T01:23:48.042Z,24.52,1.6,0.8333333333333334,450,16.40315271455047
2025-10-14T01:24:18.081Z,24.46,1.6,0.8333333333333334,450,16.37359563286208
2025-10-14T01:24:47.992Z,24.4,1.6,0.8333333333333334,450,16.343156986547534
2025-10-14T01:25:48.056Z,24.3,1.6,0.8333333333333334,450,16.2905205549037
2025-10-14T01:26:18.078Z,24.33,1.6,0.8333333333333334,450,16.306557222568127
2025-10-14T01:26:48.116Z,24.4,1.6,0.8333333333333334,450,16.343156986547534
2025-10-14T01:27:18.052Z,24.46,1.6,0.8333333333333334,450,16.37359563286208
2025-10-14T01:27:48.078Z,24.37,1.6,0.8333333333333334,450,16.32761315596948
2025-10-14T01:28:18.092Z,24.4,1.6,0.8333333333333334,450,16.343156986547534
2025-10-14T01:28:48.124Z,24.33,1.6,0.8333333333333334,450,16.306557222568127
2025-10-14T01:29:18.161Z,24.42,1.6,0.8333333333333334,450,16.35339996650575
2025-10-14T01:29:48.073Z,24.49,1.6,0.8333333333333334,450,16.38848555160547
2025-10-14T01:30:18.092Z,24.4,1.6,0.8333333333333334,450,16.343156986547534
2025-10-14T01:31:48.210Z,24.3,1.6,0.8333333333333334,450,16.2905205549037
2025-10-14T01:32:18.124Z,24.27,1.6,0.8333333333333334,450,16.27427712303404
2025-10-14T01:32:48.134Z,24.28,1.6,0.8333333333333334,450,16.279714404835804
2025-10-14T01:33:18.154Z,24.2,1.6,0.8333333333333334,450,16.23558734150562
2025-10-14T01:33:48.162Z,24.32,1.6,0.8333333333333334,450,16.30123480845438
2025-10-14T01:34:18.204Z,24.4,1.6,0.8333333333333334,450,16.343156986547534
2025-10-14T01:34:48.226Z,24.27,1.6,0.8333333333333334,450,16.27427712303404
2025-10-14T01:37:18.163Z,24.3,1.6,0.8333333333333334,450,16.2905205549037
2025-10-14T01:37:48.954Z,24.27,1.6,0.8333333333333334,450,16.27427712303404
2025-10-14T01:39:48.237Z,24.3,1.6,0.8333333333333334,450,16.2905205549037
2025-10-14T01:40:18.262Z,24.33,1.6,0.8333333333333334,450,16.306557222568127
2025-10-14T01:40:48.306Z,24.28,1.6,0.8333333333333334,450,16.279714404835804
2025-10-14T01:41:48.260Z,24.32,1.6,0.8333333333333334,450,16.30123480845438
2025-10-14T01:42:18.284Z,24.27,1.6,0.8333333333333334,450,16.27427712303404
2025-10-14T01:42:48.324Z,24.2,1.6,0.8333333333333334,450,16.23558734150562
2025-10-14T01:43:18.232Z,24.27,1.6,0.8333333333333334,450,16.27427712303404
2025-10-14T01:43:48.249Z,24.37,1.6,0.8333333333333334,450,16.32761315596948
2025-10-14T01:44:18.286Z,24.13,1.6,0.8333333333333334,450,16.195823454221205
2025-10-14T01:44:48.325Z,24.27,1.6,0.8333333333333334,450,16.27427712303404
2025-10-14T01:45:18.365Z,24.14,1.6,0.8333333333333334,450,16.201568340516353
2025-10-14T01:45:48.273Z,24.29,1.6,0.8333333333333334,450,16.28512891624597
2025-10-14T01:46:18.328Z,24.27,1.6,0.8333333333333334,450,16.27427712303404
2025-10-14T01:48:18.383Z,24.15,1.6,0.8333333333333334,450,16.20729197032461
2025-10-14T01:48:48.392Z,24.26,1.6,0.8333333333333334,450,16.268817173985465
2025-10-14T01:49:18.326Z,24.29,1.6,0.8333333333333334,450,16.28512891624597
2025-10-14T01:49:48.337Z,24.28,1.6,0.8333333333333334,450,16.279714404835804
2025-10-14T01:50:18.368Z,24.18,1.6,0.8333333333333334,450,16.22433419408243
2025-10-14T01:50:48.382Z,24.21,1.6,0.8333333333333334,450,16.24118108452764
2025-10-14T01:51:18.407Z,24.14,1.6,0.8333333333333334,450,16.201568340516353
2025-10-14T01:51:48.422Z,24.27,1.6,0.8333333333333334,450,16.27427712303404
2025-10-14T01:52:48.365Z,24.08,1.6,0.8333333333333334,450,16.166784183579598
2025-10-14T01:53:18.396Z,24.21,1.6,0.8333333333333334,450,16.24118108452764
2025-10-14T01:53:48.410Z,24.14,1.6,0.8333333333333334,450,16.201568340516353
2025-10-14T01:54:48.487Z,24.15,1.6,0.8333333333333334,450,16.20729197032461
2025-10-14T01:55:18.403Z,24.14,1.6,0.8333333333333334,450,16.201568340516353
2025-10-14T01:55:48.426Z,24.24,1.6,0.8333333333333334,450,16.257829690621335
2025-10-14T01:56:18.492Z,24.21,1.6,0.8333333333333334,450,16.24118108452764
2025-10-14T01:56:48.500Z,24.16,1.6,0.8333333333333334,450,16.212994230599538
2025-10-14T01:57:18.409Z,24.27,1.6,0.8333333333333334,450,16.27427712303404
2025-10-14T01:58:18.498Z,24.24,1.6,0.8333333333333334,450,16.257829690621335
2025-10-14T01:58:48.524Z,24.14,1.6,0.8333333333333334,450,16.201568340516353
2025-10-14T01:59:18.450Z,24.24,1.6,0.8333333333333334,450,16.257829690621335
2025-10-14T01:59:48.493Z,24.27,1.6,0.8333333333333334,450,16.27427712303404
2025-10-14T02:00:48.546Z,24.24,1.6,0.8333333333333334,450,16.257829690621335
2025-10-14T02:01:18.574Z,24.05,1.6,0.8333333333333334,450,16.14911293811309
2025-10-14T02:01:48.468Z,24.14,1.6,0.8333333333333334,450,16.201568340516353
2025-10-14T02:02:18.545Z,24.28,1.6,0.8333333333333334,450,16.279714404835804
2025-10-14T02:02:48.540Z,24.02,1.6,0.8333333333333334,450,16.13125984080894
2025-10-14T02:03:18.627Z,24.17,1.6,0.8333333333333334,450,16.218675009038044
2025-10-14T02:03:48.522Z,24.02,1.6,0.8333333333333334,450,16.13125984080894
2025-10-14T02:04:18.572Z,24.17,1.6,0.8333333333333334,450,16.218675009038044
2025-10-14T02:04:48.596Z,24.12,1.6,0.8333333333333334,450,16.190057425223287
2025-10-14T02:05:18.620Z,24.1,1.6,0.8333333333333334,450,16.178462397934517
2025-10-14T02:05:48.538Z,24.05,1.6,0.8333333333333334,450,16.14911293811309
2025-10-14T02:06:18.558Z,24.08,1.6,0.8333333333333334,450,16.166784183579598
2025-10-14T02:06:48.634Z,24.15,1.6,0.8333333333333334,450,16.20729197032461
2025-10-14T02:07:18.536Z,24.02,1.6,0.8333333333333334,450,16.13125984080894
2025-10-14T02:07:48.570Z,24.27,1.6,0.8333333333333334,450,16.27427712303404
2025-10-14T02:08:18.599Z,24.08,1.6,0.8333333333333334,450,16.166784183579598
2025-10-14T02:08:48.645Z,24.27,1.6,0.8333333333333334,450,16.27427712303404
2025-10-14T02:09:18.676Z,24.08,1.6,0.8333333333333334,450,16.166784183579598
2025-10-14T02:09:48.579Z,24.14,1.6,0.8333333333333334,450,16.201568340516353
2025-10-14T02:10:18.610Z,24.27,1.6,0.8333333333333334,450,16.27427712303404
2025-10-14T02:10:48.653Z,24.24,1.6,0.8333333333333334,450,16.257829690621335
2025-10-14T02:11:18.594Z,24.27,1.6,0.8333333333333334,450,16.27427712303404
2025-10-14T02:12:18.651Z,24.14,1.6,0.8333333333333334,450,16.201568340516353
2025-10-14T02:12:48.668Z,24.12,1.6,0.8333333333333334,450,16.190057425223287
2025-10-14T02:13:18.716Z,24.08,1.6,0.8333333333333334,450,16.166784183579598
2025-10-14T02:13:48.631Z,24.27,1.6,0.8333333333333334,450,16.27427712303404
2025-10-14T02:14:18.648Z,24.09,1.6,0.8333333333333334,450,16.1726336308775
2025-10-14T02:14:48.675Z,24.02,1.6,0.8333333333333334,450,16.13125984080894
2025-10-14T02:15:18.690Z,24.14,1.6,0.8333333333333334,450,16.201568340516353
2025-10-14T02:15:48.741Z,24.02,1.6,0.8333333333333334,450,16.13125984080894
2025-10-14T02:16:18.678Z,24.05,1.6,0.8333333333333334,450,16.14911293811309
2025-10-14T02:16:48.696Z,24.02,1.6,0.8333333333333334,450,16.13125984080894
2025-10-14T02:17:48.776Z,24.05,1.6,0.8333333333333334,450,16.14911293811309
2025-10-14T02:18:19.023Z,24.1,1.6,0.8333333333333334,450,16.178462397934517
2025-10-14T02:18:48.683Z,24.06,1.6,0.8333333333333334,450,16.155023718693105
2025-10-14T02:19:18.720Z,24.12,1.6,0.8333333333333334,450,16.190057425223287
2025-10-14T02:19:48.745Z,24.02,1.6,0.8333333333333334,450,16.13125984080894
2025-10-14T02:20:48.800Z,24.09,1.6,0.8333333333333334,450,16.1726336308775
2025-10-14T02:21:18.724Z,24.08,1.6,0.8333333333333334,450,16.166784183579598
2025-10-14T02:21:48.762Z,24.02,1.6,0.8333333333333334,450,16.13125984080894
2025-10-14T02:22:48.816Z,24.14,1.6,0.8333333333333334,450,16.201568340516353
2025-10-14T02:23:18.759Z,24.05,1.6,0.8333333333333334,450,16.14911293811309
2025-10-14T02:23:48.800Z,24.03,1.6,0.8333333333333334,450,16.137230878538684
2025-10-14T02:24:18.843Z,24.04,1.6,0.8333333333333334,450,16.14318195130115
2025-10-14T02:24:48.761Z,24.02,1.6,0.8333333333333334,450,16.13125984080894
2025-10-14T02:25:18.803Z,24.08,1.6,0.8333333333333334,450,16.166784183579598
2025-10-14T02:25:48.847Z,24.05,1.6,0.8333333333333334,450,16.14911293811309
2025-10-14T02:26:18.900Z,24.06,1.6,0.8333333333333334,450,16.155023718693105
2025-10-14T02:26:48.797Z,24.02,1.6,0.8333333333333334,450,16.13125984080894
2025-10-14T02:27:18.854Z,24.03,1.6,0.8333333333333334,450,16.137230878538684
2025-10-14T02:27:48.870Z,24.05,1.6,0.8333333333333334,450,16.14911293811309
2025-10-14T02:28:18.815Z,24.02,1.6,0.8333333333333334,450,16.13125984080894
2025-10-14T02:30:18.887Z,24.05,1.6,0.8333333333333334,450,16.14911293811309
2025-10-14T02:30:48.887Z,24.02,1.6,0.8333333333333334,450,16.13125984080894
2025-10-14T02:31:18.907Z,24.04,1.6,0.8333333333333334,450,16.14318195130115
2025-10-14T02:31:48.911Z,24.02,1.6,0.8333333333333334,450,16.13125984080894
2025-10-14T02:33:18.877Z,24.03,1.6,0.8333333333333334,450,16.137230878538684
2025-10-14T02:33:48.905Z,24.02,1.6,0.8333333333333334,450,16.13125984080894
2025-10-14T02:34:18.932Z,24.08,1.6,0.8333333333333334,450,16.166784183579598
2025-10-14T02:34:48.973Z,24.02,1.6,0.8333333333333334,450,16.13125984080894
2025-10-14T02:35:48.972Z,24.08,1.6,0.8333333333333334,450,16.166784183579598
2025-10-14T02:36:18.957Z,23.87,1.6,0.8333333333333334,450,16.0393828583136
2025-10-14T02:36:48.977Z,23.99,1.6,0.8333333333333334,450,16.11322815813878
2025-10-14T02:37:19.004Z,24.08,1.6,0.8333333333333334,450,16.166784183579598
2025-10-14T02:37:49.038Z,24.02,1.6,0.8333333333333334,450,16.13125984080894
2025-10-14T02:38:48.978Z,23.96,1.6,0.8333333333333334,450,16.095021212984648
2025-10-14T02:39:19.008Z,24.02,1.6,0.8333333333333334,450,16.13125984080894
2025-10-14T02:41:19.015Z,23.91,1.6,0.8333333333333334,450,16.064296032788885
2025-10-14T02:41:49.071Z,24.06,1.6,0.8333333333333334,450,16.155023718693105
2025-10-14T02:42:18.990Z,24.02,1.6,0.8333333333333334,450,16.13125984080894
2025-10-14T02:44:19.083Z,23.96,1.6,0.8333333333333334,450,16.095021212984648
2025-10-14T02:44:49.096Z,23.9,1.6,0.8333333333333334,450,16.05809510331831
2025-10-14T02:45:19.010Z,23.89,1.6,0.8333333333333334,450,16.05187584401425
2025-10-14T02:45:49.034Z,23.77,1.6,0.8333333333333334,450,15.975863123718229
2025-10-14T02:46:19.062Z,23.9,1.6,0.8333333333333334,450,16.05809510331831
2025-10-14T02:46:49.076Z,23.77,1.6,0.8333333333333334,450,15.975863123718229
2025-10-14T02:47:19.112Z,24.02,1.6,0.8333333333333334,450,16.13125984080894
2025-10-14T02:47:49.144Z,23.9,1.6,0.8333333333333334,450,16.05809510331831
2025-10-14T02:48:19.162Z,24.04,1.6,0.8333333333333334,450,16.14318195130115
2025-10-14T02:48:49.085Z,23.9,1.6,0.8333333333333334,450,16.05809510331831
2025-10-14T02:49:19.134Z,24.01,1.6,0.8333333333333334,450,16.12526895979643
2025-10-14T02:49:49.168Z,24.02,1.6,0.8333333333333334,450,16.13125984080894
2025-10-14T02:50:19.090Z,23.9,1.6,0.8333333333333334,450,16.05809510331831
2025-10-14T02:51:19.162Z,24.02,1.6,0.8333333333333334,450,16.13125984080894
2025-10-14T02:52:19.104Z,23.84,1.6,0.8333333333333334,450,16.020509187913802
2025-10-14T02:52:49.134Z,23.9,1.6,0.8333333333333334,450,16.05809510331831
2025-10-14T02:53:49.176Z,23.83,1.6,0.8333333333333334,450,16.014182711308948
2025-10-14T02:54:19.210Z,23.82,1.6,0.8333333333333334,450,16.007838831369142
2025-10-14T02:54:49.236Z,23.77,1.6,0.8333333333333334,450,15.975863123718229
2025-10-14T02:55:19.157Z,23.96,1.6,0.8333333333333334,450,16.095021212984648
2025-10-14T02:55:49.184Z,23.9,1.6,0.8333333333333334,450,16.05809510331831
2025-10-14T02:56:19.270Z,24.02,1.6,0.8333333333333334,450,16.13125984080894
2025-10-14T02:56:49.171Z,23.9,1.6,0.8333333333333334,450,16.05809510331831
2025-10-14T02:57:19.206Z,23.87,1.6,0.8333333333333334,450,16.0393828583136
2025-10-14T02:57:49.239Z,23.9,1.6,0.8333333333333334,450,16.05809510331831
2025-10-14T02:59:19.223Z,23.96,1.6,0.8333333333333334,450,16.095021212984648
2025-10-14T02:59:49.260Z,23.82,1.6,0.8333333333333334,450,16.007838831369142
2025-10-14T03:00:19.290Z,23.99,1.6,0.8333333333333334,450,16.11322815813878
2025-10-14T03:00:49.321Z,23.9,1.6,0.8333333333333334,450,16.05809510331831
2025-10-14T03:01:19.258Z,23.83,1.6,0.8333333333333334,450,16.014182711308948
2025-10-14T03:01:49.278Z,24.02,1.6,0.8333333333333334,450,16.13125984080894
2025-10-14T03:02:19.287Z,23.77,1.6,0.8333333333333334,450,15.975863123718229
2025-10-14T03:02:49.312Z,23.9,1.6,0.8333333333333334,450,16.05809510331831
2025-10-14T03:03:19.321Z,23.78,1.6,0.8333333333333334,450,15.982291984956035
2025-10-14T03:03:49.363Z,24.02,1.6,0.8333333333333334,450,16.13125984080894
2025-10-14T03:04:19.285Z,23.83,1.6,0.8333333333333334,450,16.014182711308948
2025-10-14T03:04:49.296Z,23.97,1.6,0.8333333333333334,450,16.101109460901206
2025-10-14T03:05:19.335Z,23.9,1.6,0.8333333333333334,450,16.05809510331831
2025-10-14T03:05:49.375Z,23.92,1.6,0.8333333333333334,450,16.070478502637993
2025-10-14T03:06:19.379Z,24.02,1.6,0.8333333333333334,450,16.13125984080894
2025-10-14T03:06:49.383Z,23.9,1.6,0.8333333333333334,450,16.05809510331831
2025-10-14T03:07:19.412Z,23.83,1.6,0.8333333333333334,450,16.014182711308948
2025-10-14T03:07:49.322Z,23.9,1.6,0.8333333333333334,450,16.05809510331831
2025-10-14T03:08:19.355Z,23.78,1.6,0.8333333333333334,450,15.982291984956035
2025-10-14T03:08:49.392Z,23.9,1.6,0.8333333333333334,450,16.05809510331831
2025-10-14T03:09:19.440Z,23.83,1.6,0.8333333333333334,450,16.014182711308948
2025-10-14T03:09:49.323Z,23.9,1.6,0.8333333333333334,450,16.05809510331831
2025-10-14T03:10:19.361Z,23.91,1.6,0.8333333333333334,450,16.064296032788885
2025-10-14T03:10:49.390Z,23.9,1.6,0.8333333333333334,450,16.05809510331831
2025-10-14T03:11:19.398Z,23.91,1.6,0.8333333333333334,450,16.064296032788885
2025-10-14T03:11:49.441Z,23.96,1.6,0.8333333333333334,450,16.095021212984648
2025-10-14T03:12:19.358Z,24.02,1.6,0.8333333333333334,450,16.13125984080894
2025-10-14T03:12:49.405Z,23.96,1.6,0.8333333333333334,450,16.095021212984648
2025-10-14T03:13:19.447Z,24.02,1.6,0.8333333333333334,450,16.13125984080894
2025-10-14T03:14:19.414Z,23.79,1.6,0.8333333333333334,450,15.988704123353301
2025-10-14T03:14:49.454Z,23.9,1.6,0.8333333333333334,450,16.05809510331831
2025-10-14T03:15:49.550Z,23.78,1.6,0.8333333333333334,450,15.982291984956035
2025-10-14T03:16:19.445Z,23.83,1.6,0.8333333333333334,450,16.014182711308948
2025-10-14T03:16:49.464Z,23.71,1.6,0.8333333333333334,450,15.936946541273063
2025-10-14T03:17:49.442Z,23.96,1.6,0.8333333333333334,450,16.095021212984648
2025-10-14T03:18:19.551Z,24.02,1.6,0.8333333333333334,450,16.13125984080894
2025-10-14T03:18:49.468Z,23.83,1.6,0.8333333333333334,450,16.014182711308948
2025-10-14T03:19:19.509Z,24.02,1.6,0.8333333333333334,450,16.13125984080894
2025-10-14T03:19:49.606Z,23.9,1.6,0.8333333333333334,450,16.05809510331831
2025-10-14T03:20:49.495Z,24.02,1.6,0.8333333333333334,450,16.13125984080894
2025-10-14T03:21:19.622Z,23.92,1.6,0.8333333333333334,450,16.070478502637993
2025-10-14T03:21:49.544Z,23.9,1.6,0.8333333333333334,450,16.05809510331831
2025-10-14T03:22:49.484Z,24.02,1.6,0.8333333333333334,450,16.13125984080894
2025-10-14T03:23:19.526Z,23.76,1.6,0.8333333333333334,450,15.969417677553675
2025-10-14T03:23:49.547Z,23.83,1.6,0.8333333333333334,450,16.014182711308948
2025-10-14T03:24:19.600Z,23.76,1.6,0.8333333333333334,450,15.969417677553675
2025-10-14T03:24:49.612Z,23.77,1.6,0.8333333333333334,450,15.975863123718229
2025-10-14T03:25:19.610Z,23.83,1.6,0.8333333333333334,450,16.014182711308948
2025-10-14T03:25:49.588Z,23.77,1.6,0.8333333333333334,450,15.975863123718229
2025-10-14T03:26:19.614Z,23.9,1.6,0.8333333333333334,450,16.05809510331831
2025-10-14T03:26:49.634Z,23.76,1.6,0.8333333333333334,450,15.969417677553675
2025-10-14T03:27:19.583Z,23.89,1.6,0.8333333333333334,450,16.05187584401425
2025-10-14T03:27:49.615Z,23.83,1.6,0.8333333333333334,450,16.014182711308948
2025-10-14T03:28:19.662Z,23.9,1.6,0.8333333333333334,450,16.05809510331831
2025-10-14T03:29:19.612Z,23.77,1.6,0.8333333333333334,450,15.975863123718229
2025-10-14T03:29:49.646Z,23.96,1.6,0.8333333333333334,450,16.095021212984648
2025-10-14T03:30:19.741Z,23.77,1.6,0.8333333333333334,450,15.975863123718229
2025-10-14T03:30:49.593Z,23.76,1.6,0.8333333333333334,450,15.969417677553675
2025-10-14T03:31:49.674Z,23.9,1.6,0.8333333333333334,450,16.05809510331831
2025-10-14T03:32:19.682Z,23.77,1.6,0.8333333333333334,450,15.975863123718229
2025-10-14T03:33:19.643Z,23.9,1.6,0.8333333333333334,450,16.05809510331831
2025-10-14T03:33:49.641Z,23.83,1.6,0.8333333333333334,450,16.014182711308948
2025-10-14T03:34:19.648Z,23.78,1.6,0.8333333333333334,450,15.982291984956035
2025-10-14T03:34:49.714Z,23.82,1.6,0.8333333333333334,450,16.007838831369142
2025-10-14T03:35:19.752Z,23.71,1.6,0.8333333333333334,450,15.936946541273063
2025-10-14T03:35:49.748Z,23.78,1.6,0.8333333333333334,450,15.982291984956035
2025-10-14T03:36:19.778Z,23.8,1.6,0.8333333333333334,450,15.995099401593585
2025-10-14T03:36:49.688Z,23.75,1.6,0.8333333333333334,450,15.96295578497278
2025-10-14T03:37:19.722Z,23.77,1.6,0.8333333333333334,450,15.975863123718229
2025-10-14T03:37:49.764Z,23.8,1.6,0.8333333333333334,450,15.995099401593585
2025-10-14T03:38:19.768Z,23.9,1.6,0.8333333333333334,450,16.05809510331831
2025-10-14T03:38:49.806Z,23.75,1.6,0.8333333333333334,450,15.96295578497278
2025-10-14T03:39:19.766Z,23.9,1.6,0.8333333333333334,450,16.05809510331831
2025-10-14T03:39:49.768Z,23.78,1.6,0.8333333333333334,450,15.982291984956035
2025-10-14T03:40:19.795Z,23.82,1.6,0.8333333333333334,450,16.007838831369142
2025-10-14T03:40:49.807Z,23.78,1.6,0.8333333333333334,450,15.982291984956035
2025-10-14T03:41:19.736Z,23.76,1.6,0.8333333333333334,450,15.969417677553675
2025-10-14T03:41:49.766Z,23.75,1.6,0.8333333333333334,450,15.96295578497278
2025-10-14T03:42:19.837Z,23.77,1.6,0.8333333333333334,450,15.975863123718229
2025-10-14T03:42:49.745Z,23.9,1.6,0.8333333333333334,450,16.05809510331831
2025-10-14T03:43:19.894Z,23.75,1.6,0.8333333333333334,450,15.96295578497278
2025-10-14T03:43:49.841Z,23.77,1.6,0.8333333333333334,450,15.975863123718229
2025-10-14T03:44:19.820Z,23.71,1.6,0.8333333333333334,450,15.936946541273063
2025-10-14T03:44:49.848Z,23.75,1.6,0.8333333333333334,450,15.96295578497278
2025-10-14T03:45:19.886Z,23.91,1.6,0.8333333333333334,450,16.064296032788885
2025-10-14T03:45:49.781Z,23.77,1.6,0.8333333333333334,450,15.975863123718229
2025-10-14T03:47:19.888Z,23.83,1.6,0.8333333333333334,450,16.014182711308948
2025-10-14T03:47:49.804Z,23.76,1.6,0.8333333333333334,450,15.969417677553675
2025-10-14T03:48:19.912Z,23.78,1.6,0.8333333333333334,450,15.982291984956035
2025-10-14T03:48:49.887Z,23.77,1.6,0.8333333333333334,450,15.975863123718229
2025-10-14T03:49:49.843Z,23.65,1.6,0.8333333333333334,450,15.897463195164919
2025-10-14T03:50:19.889Z,23.71,1.6,0.8333333333333334,450,15.936946541273063
2025-10-14T03:50:49.913Z,23.77,1.6,0.8333333333333334,450,15.975863123718229
2025-10-14T03:51:19.942Z,23.71,1.6,0.8333333333333334,450,15.936946541273063
2025-10-14T03:51:49.852Z,23.77,1.6,0.8333333333333334,450,15.975863123718229
2025-10-14T03:52:19.903Z,23.65,1.6,0.8333333333333334,450,15.897463195164919
2025-10-14T03:52:49.922Z,23.79,1.6,0.8333333333333334,450,15.988704123353301
2025-10-14T03:53:19.897Z,23.77,1.6,0.8333333333333334,450,15.975863123718229
2025-10-14T03:53:49.973Z,23.65,1.6,0.8333333333333334,450,15.897463195164919
2025-10-14T03:54:19.994Z,23.9,1.6,0.8333333333333334,450,16.05809510331831
2025-10-14T03:54:49.887Z,23.75,1.6,0.8333333333333334,450,15.96295578497278
2025-10-14T03:55:19.957Z,23.8,1.6,0.8333333333333334,450,15.995099401593585
2025-10-14T03:55:49.988Z,23.71,1.6,0.8333333333333334,450,15.936946541273063
2025-10-14T03:56:19.904Z,23.77,1.6,0.8333333333333334,450,15.975863123718229
2025-10-14T03:56:49.950Z,23.9,1.6,0.8333333333333334,450,16.05809510331831
2025-10-14T03:57:19.982Z,23.78,1.6,0.8333333333333334,450,15.982291984956035
2025-10-14T03:57:50.004Z,23.65,1.6,0.8333333333333334,450,15.897463195164919
2025-10-14T03:58:20.008Z,23.77,1.6,0.8333333333333334,450,15.975863123718229
2025-10-14T03:59:19.992Z,23.58,1.6,0.8333333333333334,450,15.850724318668483
2025-10-14T03:59:50.045Z,23.77,1.6,0.8333333333333334,450,15.975863123718229
2025-10-14T04:00:20.079Z,23.65,1.6,0.8333333333333334,450,15.897463195164919
2025-10-14T04:00:49.973Z,23.78,1.6,0.8333333333333334,450,15.982291984956035
2025-10-14T04:01:20.015Z,23.68,1.6,0.8333333333333334,450,15.917273795040602
2025-10-14T04:01:50.051Z,23.77,1.6,0.8333333333333334,450,15.975863123718229
2025-10-14T04:02:20.078Z,23.76,1.6,0.8333333333333334,450,15.969417677553675
2025-10-14T04:02:50.117Z,23.77,1.6,0.8333333333333334,450,15.975863123718229
2025-10-14T04:03:20.014Z,23.75,1.6,0.8333333333333334,450,15.96295578497278
2025-10-14T04:03:50.046Z,23.65,1.6,0.8333333333333334,450,15.897463195164919
2025-10-14T04:04:20.082Z,23.8,1.6,0.8333333333333334,450,15.995099401593585
2025-10-14T04:04:50.135Z,23.74,1.6,0.8333333333333334,450,15.956477585076858
2025-10-14T04:05:20.054Z,23.7,1.6,0.8333333333333334,450,15.930404514782845
2025-10-14T04:05:50.090Z,23.77,1.6,0.8333333333333334,450,15.975863123718229
2025-10-14T04:06:20.141Z,23.75,1.6,0.8333333333333334,450,15.96295578497278
2025-10-14T04:06:50.144Z,23.63,1.6,0.8333333333333334,450,15.884181464233805
2025-10-14T04:07:20.065Z,23.69,1.6,0.8333333333333334,450,15.923846885188237
2025-10-14T04:07:50.214Z,23.75,1.6,0.8333333333333334,450,15.96295578497278
2025-10-14T04:08:20.230Z,23.78,1.6,0.8333333333333334,450,15.982291984956035
2025-10-14T04:08:50.155Z,23.75,1.6,0.8333333333333334,450,15.96295578497278
2025-10-14T04:09:50.084Z,23.58,1.6,0.8333333333333334,450,15.850724318668483
2025-10-14T04:10:20.094Z,23.68,1.6,0.8333333333333334,450,15.917273795040602
2025-10-14T04:10:50.100Z,23.78,1.6,0.8333333333333334,450,15.982291984956035
2025-10-14T04:11:50.181Z,23.77,1.6,0.8333333333333334,450,15.975863123718229
2025-10-14T04:12:20.227Z,23.65,1.6,0.8333333333333334,450,15.897463195164919
2025-10-14T04:12:50.139Z,23.71,1.6,0.8333333333333334,450,15.936946541273063
2025-10-14T04:13:20.175Z,23.77,1.6,0.8333333333333334,450,15.975863123718229
2025-10-14T04:13:50.167Z,23.53,1.6,0.8333333333333334,450,15.816920784102635
2025-10-14T04:14:20.181Z,23.75,1.6,0.8333333333333334,450,15.96295578497278
2025-10-14T04:14:50.237Z,23.77,1.6,0.8333333333333334,450,15.975863123718229
2025-10-14T04:15:20.265Z,23.58,1.6,0.8333333333333334,450,15.850724318668483
2025-10-14T04:15:50.175Z,23.69,1.6,0.8333333333333334,450,15.923846885188237
2025-10-14T04:16:20.216Z,23.66,1.6,0.8333333333333334,450,15.904081806087873
2025-10-14T04:16:50.317Z,23.75,1.6,0.8333333333333334,450,15.96295578497278
2025-10-14T04:17:20.185Z,23.71,1.6,0.8333333333333334,450,15.936946541273063
2025-10-14T04:17:50.219Z,23.75,1.6,0.8333333333333334,450,15.96295578497278
2025-10-14T04:18:20.235Z,23.65,1.6,0.8333333333333334,450,15.897463195164919
2025-10-14T04:18:50.290Z,23.56,1.6,0.8333333333333334,450,15.837243428854478
2025-10-14T04:19:20.311Z,23.77,1.6,0.8333333333333334,450,15.975863123718229
2025-10-14T04:19:50.210Z,23.55,1.6,0.8333333333333334,450,15.830482571982373
2025-10-14T04:20:20.255Z,23.71,1.6,0.8333333333333334,450,15.936946541273063
2025-10-14T04:20:50.269Z,23.75,1.6,0.8333333333333334,450,15.96295578497278
2025-10-14T04:21:50.324Z,23.58,1.6,0.8333333333333334,450,15.850724318668483
2025-10-14T04:22:20.255Z,23.65,1.6,0.8333333333333334,450,15.897463195164919
2025-10-14T04:22:50.277Z,23.6,1.6,0.8333333333333334,450,15.864149782687598
2025-10-14T04:23:20.282Z,23.59,1.6,0.8333333333333334,450,15.85744405319121
2025-10-14T04:23:50.313Z,23.71,1.6,0.8333333333333334,450,15.936946541273063
2025-10-14T04:24:20.429Z,23.57,1.6,0.8333333333333334,450,15.843990727570212
2025-10-14T04:24:50.381Z,23.75,1.6,0.8333333333333334,450,15.96295578497278
2025-10-14T04:25:20.305Z,23.58,1.6,0.8333333333333334,450,15.850724318668483
2025-10-14T04:25:50.337Z,23.65,1.6,0.8333333333333334,450,15.897463195164919
2025-10-14T04:26:20.381Z,23.58,1.6,0.8333333333333334,450,15.850724318668483
2025-10-14T04:26:50.317Z,23.65,1.6,0.8333333333333334,450,15.897463195164919
2025-10-14T04:27:20.377Z,23.71,1.6,0.8333333333333334,450,15.936946541273063
2025-10-14T04:27:50.400Z,23.68,1.6,0.8333333333333334,450,15.917273795040602
2025-10-14T04:28:20.457Z,23.57,1.6,0.8333333333333334,450,15.843990727570212
2025-10-14T04:28:50.329Z,23.51,1.6,0.8333333333333334,450,15.803306569498332
2025-10-14T04:29:20.369Z,23.58,1.6,0.8333333333333334,450,15.850724318668483
2025-10-14T04:29:50.402Z,23.53,1.6,0.8333333333333334,450,15.816920784102635
2025-10-14T04:30:20.440Z,23.75,1.6,0.8333333333333334,450,15.96295578497278
2025-10-14T04:30:50.351Z,23.65,1.6,0.8333333333333334,450,15.897463195164919
2025-10-14T04:31:20.386Z,23.57,1.6,0.8333333333333334,450,15.843990727570212
2025-10-14T04:31:50.416Z,23.71,1.6,0.8333333333333334,450,15.936946541273063
2025-10-14T04:32:20.470Z,23.58,1.6,0.8333333333333334,450,15.850724318668483
2025-10-14T04:32:50.380Z,23.71,1.6,0.8333333333333334,450,15.936946541273063
2025-10-14T04:33:50.416Z,23.75,1.6,0.8333333333333334,450,15.96295578497278
2025-10-14T04:34:20.461Z,23.76,1.6,0.8333333333333334,450,15.969417677553675
2025-10-14T04:34:50.466Z,23.67,1.6,0.8333333333333334,450,15.910685387452023
2025-10-14T04:35:20.469Z,23.71,1.6,0.8333333333333334,450,15.936946541273063
2025-10-14T04:35:50.511Z,23.65,1.6,0.8333333333333334,450,15.897463195164919
2025-10-14T04:36:50.449Z,23.53,1.6,0.8333333333333334,450,15.816920784102635
2025-10-14T04:37:20.473Z,23.65,1.6,0.8333333333333334,450,15.897463195164919
2025-10-14T04:37:50.509Z,23.55,1.6,0.8333333333333334,450,15.830482571982373
2025-10-14T04:38:20.529Z,23.59,1.6,0.8333333333333334,450,15.85744405319121
2025-10-14T04:38:50.446Z,23.55,1.6,0.8333333333333334,450,15.830482571982373
2025-10-14T04:39:20.466Z,23.67,1.6,0.8333333333333334,450,15.910685387452023
2025-10-14T04:39:50.493Z,23.65,1.6,0.8333333333333334,450,15.897463195164919
2025-10-14T04:40:20.519Z,23.62,1.6,0.8333333333333334,450,15.87751863536814
2025-10-14T04:40:50.577Z,23.65,1.6,0.8333333333333334,450,15.897463195164919
2025-10-14T04:41:20.533Z,23.64,1.6,0.8333333333333334,450,15.890829699445865
2025-10-14T04:41:50.469Z,23.71,1.6,0.8333333333333334,450,15.936946541273063
2025-10-14T04:42:20.499Z,23.76,1.6,0.8333333333333334,450,15.969417677553675
2025-10-14T04:42:50.532Z,23.53,1.6,0.8333333333333334,450,15.816920784102635
2025-10-14T04:43:50.540Z,23.55,1.6,0.8333333333333334,450,15.830482571982373
2025-10-14T04:44:20.557Z,23.71,1.6,0.8333333333333334,450,15.936946541273063
2025-10-14T04:44:50.602Z,23.64,1.6,0.8333333333333334,450,15.890829699445865
2025-10-14T04:45:20.526Z,23.55,1.6,0.8333333333333334,450,15.830482571982373
2025-10-14T04:45:50.596Z,23.7,1.6,0.8333333333333334,450,15.930404514782845
2025-10-14T04:46:20.670Z,23.71,1.6,0.8333333333333334,450,15.936946541273063
2025-10-14T04:46:50.621Z,23.77,1.6,0.8333333333333334,450,15.975863123718229
2025-10-14T04:47:20.668Z,23.64,1.6,0.8333333333333334,450,15.890829699445865
2025-10-14T04:47:50.586Z,23.53,1.6,0.8333333333333334,450,15.816920784102635
2025-10-14T04:48:20.646Z,23.59,1.6,0.8333333333333334,450,15.85744405319121
2025-10-14T04:48:50.570Z,23.65,1.6,0.8333333333333334,450,15.897463195164919
2025-10-14T04:50:20.608Z,23.76,1.6,0.8333333333333334,450,15.969417677553675
2025-10-14T04:50:50.666Z,23.58,1.6,0.8333333333333334,450,15.850724318668483
2025-10-14T04:51:20.605Z,23.71,1.6,0.8333333333333334,450,15.936946541273063
2025-10-14T04:51:50.656Z,23.58,1.6,0.8333333333333334,450,15.850724318668483
2025-10-14T04:52:20.687Z,23.71,1.6,0.8333333333333334,450,15.936946541273063
2025-10-14T04:52:50.723Z,23.58,1.6,0.8333333333333334,450,15.850724318668483
2025-10-14T04:53:20.743Z,23.53,1.6,0.8333333333333334,450,15.816920784102635
2025-10-14T04:53:50.663Z,23.55,1.6,0.8333333333333334,450,15.830482571982373
2025-10-14T04:54:20.715Z,23.58,1.6,0.8333333333333334,450,15.850724318668483
2025-10-14T04:54:50.651Z,23.54,1.6,0.8333333333333334,450,15.823708306914309
2025-10-14T04:55:20.699Z,23.52,1.6,0.8333333333333334,450,15.810120154489203
2025-10-14T04:55:50.736Z,23.75,1.6,0.8333333333333334,450,15.96295578497278
2025-10-14T04:56:20.779Z,23.58,1.6,0.8333333333333334,450,15.850724318668483
2025-10-14T04:56:50.710Z,23.55,1.6,0.8333333333333334,450,15.830482571982373
2025-10-14T04:57:20.738Z,23.65,1.6,0.8333333333333334,450,15.897463195164919
2025-10-14T04:58:20.697Z,23.71,1.6,0.8333333333333334,450,15.936946541273063
2025-10-14T04:58:50.750Z,23.54,1.6,0.8333333333333334,450,15.823708306914309
2025-10-14T04:59:20.796Z,23.52,1.6,0.8333333333333334,450,15.810120154489203
2025-10-14T04:59:50.745Z,23.59,1.6,0.8333333333333334,450,15.85744405319121
2025-10-14T05:00:20.778Z,23.52,1.6,0.8333333333333334,450,15.810120154489203
2025-10-14T05:00:50.819Z,23.58,1.6,0.8333333333333334,450,15.850724318668483
2025-10-14T05:01:20.760Z,23.62,1.6,0.8333333333333334,450,15.87751863536814
2025-10-14T05:01:50.801Z,23.5,1.6,0.8333333333333334,450,15.796480181034331
2025-10-14T05:02:20.760Z,23.47,1.6,0.8333333333333334,450,15.775925720917812
2025-10-14T05:03:20.873Z,23.51,1.6,0.8333333333333334,450,15.803306569498332
2025-10-14T05:03:50.815Z,23.53,1.6,0.8333333333333334,450,15.816920784102635
2025-10-14T05:04:20.879Z,23.54,1.6,0.8333333333333334,450,15.823708306914309
2025-10-14T05:04:50.815Z,23.5,1.6,0.8333333333333334,450,15.796480181034331
2025-10-14T05:05:20.854Z,23.58,1.6,0.8333333333333334,450,15.850724318668483
2025-10-14T05:05:50.893Z,23.51,1.6,0.8333333333333334,450,15.803306569498332
2025-10-14T05:06:20.828Z,23.65,1.6,0.8333333333333334,450,15.897463195164919
2025-10-14T05:06:50.876Z,23.53,1.6,0.8333333333333334,450,15.816920784102635
2025-10-14T05:07:20.822Z,23.56,1.6,0.8333333333333334,450,15.837243428854478
2025-10-14T05:07:50.859Z,23.42,1.6,0.8333333333333334,450,15.74142653077299
2025-10-14T05:08:20.903Z,23.58,1.6,0.8333333333333334,450,15.850724318668483
2025-10-14T05:08:50.851Z,23.53,1.6,0.8333333333333334,450,15.816920784102635
2025-10-14T05:09:50.940Z,23.5,1.6,0.8333333333333334,450,15.796480181034331
2025-10-14T05:10:50.915Z,23.65,1.6,0.8333333333333334,450,15.897463195164919
2025-10-14T05:11:20.975Z,23.71,1.6,0.8333333333333334,450,15.936946541273063
2025-10-14T05:11:50.886Z,23.55,1.6,0.8333333333333334,450,15.830482571982373
2025-10-14T05:12:20.940Z,23.47,1.6,0.8333333333333334,450,15.775925720917812
2025-10-14T05:12:50.973Z,23.51,1.6,0.8333333333333334,450,15.803306569498332
2025-10-14T05:13:20.922Z,23.47,1.6,0.8333333333333334,450,15.775925720917812
2025-10-14T05:13:50.959Z,23.49,1.6,0.8333333333333334,450,15.78964114147489
2025-10-14T05:14:21.042Z,23.47,1.6,0.8333333333333334,450,15.775925720917812
2025-10-14T05:14:50.946Z,23.52,1.6,0.8333333333333334,450,15.810120154489203
2025-10-14T05:15:20.999Z,23.58,1.6,0.8333333333333334,450,15.850724318668483
2025-10-14T05:15:50.922Z,23.65,1.6,0.8333333333333334,450,15.897463195164919
2025-10-14T05:16:20.971Z,23.41,1.6,0.8333333333333334,450,15.734491823240674
2025-10-14T05:16:50.992Z,23.47,1.6,0.8333333333333334,450,15.775925720917812
2025-10-14T05:17:50.964Z,23.42,1.6,0.8333333333333334,450,15.74142653077299
2025-10-14T05:18:21.013Z,23.47,1.6,0.8333333333333334,450,15.775925720917812
2025-10-14T05:18:51.081Z,23.57,1.6,0.8333333333333334,450,15.843990727570212
2025-10-14T05:19:20.986Z,23.47,1.6,0.8333333333333334,450,15.775925720917812
2025-10-14T05:19:51.047Z,23.4,1.6,0.8333333333333334,450,15.727545856503436
2025-10-14T05:20:20.978Z,23.47,1.6,0.8333333333333334,450,15.775925720917812
2025-10-14T05:20:51.028Z,23.53,1.6,0.8333333333333334,450,15.816920784102635
2025-10-14T05:21:21.065Z,23.56,1.6,0.8333333333333334,450,15.837243428854478
2025-10-14T05:21:51.116Z,23.58,1.6,0.8333333333333334,450,15.850724318668483
2025-10-14T05:22:21.017Z,23.52,1.6,0.8333333333333334,450,15.810120154489203
2025-10-14T05:22:51.081Z,23.5,1.6,0.8333333333333334,450,15.796480181034331
2025-10-14T05:23:51.069Z,23.47,1.6,0.8333333333333334,450,15.775925720917812
2025-10-14T05:24:21.103Z,23.56,1.6,0.8333333333333334,450,15.837243428854478
2025-10-14T05:25:21.076Z,23.58,1.6,0.8333333333333334,450,15.850724318668483
2025-10-14T05:25:51.128Z,23.4,1.6,0.8333333333333334,450,15.727545856503436
2025-10-14T05:26:21.063Z,23.53,1.6,0.8333333333333334,450,15.816920784102635
2025-10-14T05:26:51.109Z,23.47,1.6,0.8333333333333334,450,15.775925720917812
2025-10-14T05:27:21.167Z,23.53,1.6,0.8333333333333334,450,15.816920784102635
2025-10-14T05:27:51.097Z,23.51,1.6,0.8333333333333334,450,15.803306569498332
2025-10-14T05:28:21.169Z,23.5,1.6,0.8333333333333334,450,15.796480181034331
2025-10-14T05:28:51.084Z,23.47,1.6,0.8333333333333334,450,15.775925720917812
2025-10-14T05:29:21.145Z,23.55,1.6,0.8333333333333334,450,15.830482571982373
2025-10-14T05:29:51.172Z,23.58,1.6,0.8333333333333334,450,15.850724318668483
2025-10-14T05:30:21.112Z,23.4,1.6,0.8333333333333334,450,15.727545856503436
2025-10-14T05:30:51.170Z,23.5,1.6,0.8333333333333334,450,15.796480181034331
2025-10-14T05:31:21.189Z,23.4,1.6,0.8333333333333334,450,15.727545856503436
2025-10-14T05:31:51.148Z,23.53,1.6,0.8333333333333334,450,15.816920784102635
2025-10-14T05:32:21.207Z,23.34,1.6,0.8333333333333334,450,15.685642424742802
2025-10-14T05:32:51.138Z,23.46,1.6,0.8333333333333334,450,15.769049646999129
2025-10-14T05:33:21.286Z,23.47,1.6,0.8333333333333334,450,15.775925720917812
2025-10-14T05:33:51.257Z,23.65,1.6,0.8333333333333334,450,15.897463195164919
2025-10-14T05:34:21.201Z,23.51,1.6,0.8333333333333334,450,15.803306569498332
2025-10-14T05:34:51.230Z,23.5,1.6,0.8333333333333334,450,15.796480181034331
2025-10-14T05:35:21.270Z,23.34,1.6,0.8333333333333334,450,15.685642424742802
2025-10-14T05:35:51.197Z,23.51,1.6,0.8333333333333334,450,15.803306569498332
2025-10-14T05:36:51.184Z,23.47,1.6,0.8333333333333334,450,15.775925720917812
2025-10-14T05:37:21.267Z,23.51,1.6,0.8333333333333334,450,15.803306569498332
2025-10-14T05:37:51.300Z,23.43,1.6,0.8333333333333334,450,15.748349822685073
2025-10-14T05:38:21.221Z,23.37,1.6,0.8333333333333334,450,15.706641971538616
2025-10-14T05:38:51.272Z,23.5,1.6,0.8333333333333334,450,15.796480181034331
2025-10-14T05:39:21.329Z,23.47,1.6,0.8333333333333334,450,15.775925720917812
2025-10-14T05:39:51.263Z,23.34,1.6,0.8333333333333334,450,15.685642424742802
2025-10-14T05:40:21.321Z,23.5,1.6,0.8333333333333334,450,15.796480181034331
2025-10-14T05:40:51.338Z,23.51,1.6,0.8333333333333334,450,15.803306569498332
2025-10-14T05:41:21.287Z,23.5,1.6,0.8333333333333334,450,15.796480181034331
2025-10-14T05:41:51.332Z,23.4,1.6,0.8333333333333334,450,15.727545856503436
2025-10-14T05:42:21.305Z,23.52,1.6,0.8333333333333334,450,15.810120154489203
2025-10-14T05:42:51.340Z,23.53,1.6,0.8333333333333334,450,15.816920784102635
2025-10-14T05:43:21.287Z,23.5,1.6,0.8333333333333334,450,15.796480181034331
2025-10-14T05:43:51.345Z,23.47,1.6,0.8333333333333334,450,15.775925720917812
2025-10-14T05:44:21.275Z,23.34,1.6,0.8333333333333334,450,15.685642424742802
2025-10-14T05:44:51.373Z,23.4,1.6,0.8333333333333334,450,15.727545856503436
2025-10-14T05:45:21.396Z,23.46,1.6,0.8333333333333334,450,15.769049646999129
2025-10-14T05:45:51.343Z,23.55,1.6,0.8333333333333334,450,15.830482571982373
2025-10-14T05:46:21.389Z,23.47,1.6,0.8333333333333334,450,15.775925720917812
2025-10-14T05:46:51.338Z,23.33,1.6,0.8333333333333334,450,15.678622058115998
2025-10-14T05:47:21.408Z,23.4,1.6,0.8333333333333334,450,15.727545856503436
2025-10-14T05:47:51.329Z,23.45,1.6,0.8333333333333334,450,15.762161536132197
2025-10-14T05:48:21.384Z,23.53,1.6,0.8333333333333334,450,15.816920784102635
2025-10-14T05:48:51.420Z,23.47,1.6,0.8333333333333334,450,15.775925720917812
2025-10-14T05:49:21.454Z,23.5,1.6,0.8333333333333334,450,15.796480181034331
2025-10-14T05:49:51.395Z,23.47,1.6,0.8333333333333334,450,15.775925720917812
2025-10-14T05:50:21.453Z,23.4,1.6,0.8333333333333334,450,15.727545856503436
2025-10-14T05:50:51.376Z,23.52,1.6,0.8333333333333334,450,15.810120154489203
2025-10-14T05:51:21.424Z,23.47,1.6,0.8333333333333334,450,15.775925720917812
2025-10-14T05:51:51.509Z,23.4,1.6,0.8333333333333334,450,15.727545856503436
2025-10-14T05:52:21.381Z,23.5,1.6,0.8333333333333334,450,15.796480181034331
2025-10-14T05:52:51.430Z,23.41,1.6,0.8333333333333334,450,15.734491823240674
2025-10-14T05:53:21.485Z,23.47,1.6,0.8333333333333334,450,15.775925720917812
2025-10-14T05:53:51.438Z,23.4,1.6,0.8333333333333334,450,15.727545856503436
2025-10-14T05:54:21.502Z,23.47,1.6,0.8333333333333334,450,15.775925720917812
2025-10-14T05:54:51.424Z,23.41,1.6,0.8333333333333334,450,15.734491823240674
2025-10-14T05:55:21.487Z,23.53,1.6,0.8333333333333334,450,15.816920784102635
2025-10-14T05:55:51.526Z,23.47,1.6,0.8333333333333334,450,15.775925720917812
2025-10-14T05:56:21.463Z,23.31,1.6,0.8333333333333334,450,15.664551505675789
2025-10-14T05:56:51.510Z,23.4,1.6,0.8333333333333334,450,15.727545856503436
2025-10-14T05:57:21.450Z,23.5,1.6,0.8333333333333334,450,15.796480181034331
2025-10-14T05:57:51.494Z,23.3,1.6,0.8333333333333334,450,15.657501640314939
2025-10-14T05:58:21.539Z,23.28,1.6,0.8333333333333334,450,15.643373535236707
2025-10-14T05:58:51.573Z,23.4,1.6,0.8333333333333334,450,15.727545856503436
2025-10-14T05:59:51.558Z,23.47,1.6,0.8333333333333334,450,15.775925720917812
2025-10-14T06:00:21.498Z,23.4,1.6,0.8333333333333334,450,15.727545856503436
2025-10-14T06:00:51.520Z,23.5,1.6,0.8333333333333334,450,15.796480181034331
2025-10-14T06:01:21.594Z,23.3,1.6,0.8333333333333334,450,15.657501640314939
2025-10-14T06:01:51.531Z,23.43,1.6,0.8333333333333334,450,15.748349822685073
2025-10-14T06:02:21.613Z,23.3,1.6,0.8333333333333334,450,15.657501640314939
2025-10-14T06:02:51.548Z,23.4,1.6,0.8333333333333334,450,15.727545856503436
2025-10-14T06:03:51.650Z,23.53,1.6,0.8333333333333334,450,15.816920784102635
2025-10-14T06:04:21.573Z,23.5,1.6,0.8333333333333334,450,15.796480181034331
2025-10-14T06:04:51.624Z,23.47,1.6,0.8333333333333334,450,15.775925720917812
2025-10-14T06:05:21.556Z,23.34,1.6,0.8333333333333334,450,15.685642424742802
2025-10-14T06:05:51.628Z,23.31,1.6,0.8333333333333334,450,15.664551505675789
2025-10-14T06:06:21.554Z,23.4,1.6,0.8333333333333334,450,15.727545856503436
2025-10-14T06:06:51.604Z,23.47,1.6,0.8333333333333334,450,15.775925720917812
2025-10-14T06:07:21.680Z,23.4,1.6,0.8333333333333334,450,15.727545856503436
2025-10-14T06:07:51.603Z,23.28,1.6,0.8333333333333334,450,15.643373535236707
2025-10-14T06:08:51.591Z,23.29,1.6,0.8333333333333334,450,15.650442263118325
2025-10-14T06:09:21.663Z,23.4,1.6,0.8333333333333334,450,15.727545856503436
2025-10-14T06:09:51.602Z,23.29,1.6,0.8333333333333334,450,15.650442263118325
2025-10-14T06:10:21.624Z,23.34,1.6,0.8333333333333334,450,15.685642424742802
2025-10-14T06:10:51.689Z,23.4,1.6,0.8333333333333334,450,15.727545856503436
2025-10-14T06:11:21.731Z,23.28,1.6,0.8333333333333334,450,15.643373535236707
2025-10-14T06:11:51.650Z,23.5,1.6,0.8333333333333334,450,15.796480181034331
2025-10-14T06:12:21.730Z,23.39,1.6,0.8333333333333334,450,15.720588787400446
2025-10-14T06:12:51.645Z,23.47,1.6,0.8333333333333334,450,15.775925720917812
2025-10-14T06:13:21.711Z,23.34,1.6,0.8333333333333334,450,15.685642424742802
2025-10-14T06:13:51.763Z,23.28,1.6,0.8333333333333334,450,15.643373535236707
2025-10-14T06:14:21.691Z,23.47,1.6,0.8333333333333334,450,15.775925720917812
2025-10-14T06:14:51.724Z,23.4,1.6,0.8333333333333334,450,15.727545856503436
2025-10-14T06:15:51.723Z,23.27,1.6,0.8333333333333334,450,15.636295618182967
2025-10-14T06:16:21.760Z,23.28,1.6,0.8333333333333334,450,15.643373535236707
2025-10-14T06:16:51.690Z,23.29,1.6,0.8333333333333334,450,15.650442263118325
2025-10-14T06:17:21.750Z,23.47,1.6,0.8333333333333334,450,15.775925720917812
2025-10-14T06:17:51.700Z,23.4,1.6,0.8333333333333334,450,15.727545856503436
2025-10-14T06:18:51.890Z,23.47,1.6,0.8333333333333334,450,15.775925720917812
2025-10-14T06:19:21.727Z,23.39,1.6,0.8333333333333334,450,15.720588787400446
2025-10-14T06:19:51.772Z,23.34,1.6,0.8333333333333334,450,15.685642424742802
2025-10-14T06:20:21.821Z,23.28,1.6,0.8333333333333334,450,15.643373535236707
2025-10-14T06:20:51.756Z,23.4,1.6,0.8333333333333334,450,15.727545856503436
2025-10-14T06:21:21.830Z,23.43,1.6,0.8333333333333334,450,15.748349822685073
2025-10-14T06:21:51.758Z,23.47,1.6,0.8333333333333334,450,15.775925720917812
2025-10-14T06:22:21.843Z,23.28,1.6,0.8333333333333334,450,15.643373535236707
2025-10-14T06:22:51.775Z,23.4,1.6,0.8333333333333334,450,15.727545856503436
2025-10-14T06:23:21.819Z,23.2,1.6,0.8333333333333334,450,15.586506542206042
2025-10-14T06:23:51.874Z,23.4,1.6,0.8333333333333334,450,15.727545856503436
2025-10-14T06:25:21.914Z,23.3,1.6,0.8333333333333334,450,15.657501640314939
2025-10-14T06:25:51.836Z,23.28,1.6,0.8333333333333334,450,15.643373535236707
2025-10-14T06:26:21.883Z,23.3,1.6,0.8333333333333334,450,15.657501640314939
2025-10-14T06:26:51.821Z,23.28,1.6,0.8333333333333334,450,15.643373535236707
2025-10-14T06:27:21.889Z,23.34,1.6,0.8333333333333334,450,15.685642424742802
2025-10-14T06:27:51.859Z,23.28,1.6,0.8333333333333334,450,15.643373535236707
2025-10-14T06:28:21.919Z,23.47,1.6,0.8333333333333334,450,15.775925720917812
2025-10-14T06:28:51.858Z,23.34,1.6,0.8333333333333334,450,15.685642424742802
2025-10-14T06:29:21.920Z,23.27,1.6,0.8333333333333334,450,15.636295618182967
2025-10-14T06:29:51.961Z,23.42,1.6,0.8333333333333334,450,15.74142653077299
2025-10-14T06:30:21.872Z,23.3,1.6,0.8333333333333334,450,15.657501640314939
2025-10-14T06:30:51.941Z,23.4,1.6,0.8333333333333334,450,15.727545856503436
2025-10-14T06:31:21.873Z,23.28,1.6,0.8333333333333334,450,15.643373535236707
2025-10-14T06:32:21.983Z,23.4,1.6,0.8333333333333334,450,15.727545856503436
2025-10-14T06:33:21.940Z,23.37,1.6,0.8333333333333334,450,15.706641971538616
2025-10-14T06:33:51.985Z,23.28,1.6,0.8333333333333334,450,15.643373535236707
2025-10-14T06:34:21.922Z,23.4,1.6,0.8333333333333334,450,15.727545856503436
2025-10-14T06:34:51.963Z,23.28,1.6,0.8333333333333334,450,15.643373535236707
2025-10-14T06:35:22.022Z,23.22,1.6,0.8333333333333334,450,15.600773872806617
2025-10-14T06:35:51.936Z,23.18,1.6,0.8333333333333334,450,15.572207672934711
2025-10-14T06:36:21.999Z,23.27,1.6,0.8333333333333334,450,15.636295618182967
2025-10-14T06:36:52.031Z,23.34,1.6,0.8333333333333334,450,15.685642424742802
2025-10-14T06:37:22.043Z,23.28,1.6,0.8333333333333334,450,15.643373535236707
2025-10-14T06:37:51.964Z,23.34,1.6,0.8333333333333334,450,15.685642424742802
2025-10-14T06:38:22.049Z,23.3,1.6,0.8333333333333334,450,15.657501640314939
2025-10-14T06:38:52.071Z,23.28,1.6,0.8333333333333334,450,15.643373535236707
2025-10-14T06:39:21.995Z,23.29,1.6,0.8333333333333334,450,15.650442263118325
2025-10-14T06:39:52.034Z,23.34,1.6,0.8333333333333334,450,15.685642424742802
2025-10-14T06:40:22.092Z,23.28,1.6,0.8333333333333334,450,15.643373535236707
2025-10-14T06:41:52.034Z,23.34,1.6,0.8333333333333334,450,15.685642424742802
2025-10-14T06:42:22.107Z,23.28,1.6,0.8333333333333334,450,15.643373535236707
2025-10-14T06:42:52.019Z,23.47,1.6,0.8333333333333334,450,15.775925720917812
2025-10-14T06:43:22.085Z,23.28,1.6,0.8333333333333334,450,15.643373535236707
2025-10-14T06:43:52.112Z,23.34,1.6,0.8333333333333334,450,15.685642424742802
2025-10-14T06:44:22.049Z,23.4,1.6,0.8333333333333334,450,15.727545856503436
2025-10-14T06:44:52.085Z,23.27,1.6,0.8333333333333334,450,15.636295618182967
2025-10-14T06:45:22.127Z,23.31,1.6,0.8333333333333334,450,15.664551505675789
2025-10-14T06:45:52.171Z,23.28,1.6,0.8333333333333334,450,15.643373535236707
2025-10-14T06:46:52.145Z,23.22,1.6,0.8333333333333334,450,15.600773872806617
2025-10-14T06:47:22.087Z,23.28,1.6,0.8333333333333334,450,15.643373535236707
2025-10-14T06:47:52.149Z,23.3,1.6,0.8333333333333334,450,15.657501640314939
2025-10-14T06:48:22.097Z,23.28,1.6,0.8333333333333334,450,15.643373535236707
2025-10-14T06:48:52.165Z,23.3,1.6,0.8333333333333334,450,15.657501640314939
2025-10-14T06:49:52.112Z,23.22,1.6,0.8333333333333334,450,15.600773872806617
2025-10-14T06:50:22.184Z,23.5,1.6,0.8333333333333334,450,15.796480181034331
2025-10-14T06:50:52.208Z,23.29,1.6,0.8333333333333334,450,15.650442263118325
2025-10-14T06:51:22.141Z,23.27,1.6,0.8333333333333334,450,15.636295618182967
2025-10-14T06:51:52.203Z,23.29,1.6,0.8333333333333334,450,15.650442263118325
2025-10-14T06:52:22.172Z,23.3,1.6,0.8333333333333334,450,15.657501640314939
2025-10-14T06:52:52.187Z,23.28,1.6,0.8333333333333334,450,15.643373535236707
2025-10-14T06:53:22.254Z,23.25,1.6,0.8333333333333334,450,15.622112864376984
2025-10-14T06:53:52.211Z,23.28,1.6,0.8333333333333334,450,15.643373535236707
2025-10-14T06:54:22.210Z,23.15,1.6,0.8333333333333334,450,15.550703116981143
2025-10-14T06:54:52.247Z,23.27,1.6,0.8333333333333334,450,15.636295618182967
2025-10-14T06:55:22.181Z,23.22,1.6,0.8333333333333334,450,15.600773872806617
2025-10-14T06:55:52.224Z,23.28,1.6,0.8333333333333334,450,15.643373535236707
2025-10-14T06:56:22.265Z,23.21,1.6,0.8333333333333334,450,15.593644231979937
2025-10-14T06:56:52.180Z,23.28,1.6,0.8333333333333334,450,15.643373535236707
2025-10-14T06:57:22.200Z,23.4,1.6,0.8333333333333334,450,15.727545856503436
2025-10-14T06:57:52.249Z,23.28,1.6,0.8333333333333334,450,15.643373535236707
2025-10-14T06:58:22.288Z,23.22,1.6,0.8333333333333334,450,15.600773872806617
2025-10-14T06:58:52.325Z,23.28,1.6,0.8333333333333334,450,15.643373535236707
2025-10-14T06:59:52.296Z,23.15,1.6,0.8333333333333334,450,15.550703116981143
2025-10-14T07:00:52.351Z,23.4,1.6,0.8333333333333334,450,15.727545856503436
2025-10-14T07:01:22.910Z,23.48,1.6,0.8333333333333334,450,15.782789603665908
2025-10-14T07:01:53.574Z,23.9,1.6,0.8333333333333334,450,16.05809510331831
2025-10-14T07:02:24.103Z,24.05,1.6,0.8333333333333334,450,16.14911293811309
2025-10-14T07:02:54.756Z,24.28,1.6,0.8333333333333334,450,16.279714404835804
2025-10-14T07:03:25.411Z,24.46,1.6,0.8333333333333334,450,16.37359563286208
2025-10-14T07:03:55.959Z,24.76,1.6,0.8333333333333334,450,16.512211711160553
2025-10-14T07:04:57.180Z,24.9,1.6,0.8333333333333334,450,16.56877695134694
2025-10-14T07:05:27.870Z,25.07,1.6,0.8333333333333334,450,16.63019867303844
2025-10-14T07:05:58.412Z,25.55,1.6,0.8333333333333334,450,16.75920445938972
2025-10-14T07:06:29.073Z,25.52,1.6,0.8333333333333334,450,16.75308741665031
2025-10-14T07:06:59.613Z,25.7,1.6,0.8333333333333334,450,16.785900963376733
2025-10-14T07:07:30.274Z,25.95,1.6,0.8333333333333334,450,16.816139124435892
2025-10-14T07:08:00.812Z,25.92,1.6,0.8333333333333334,450,16.81343963085262
2025-10-14T07:08:31.504Z,26.13,1.6,0.8333333333333334,450,16.82712618141011
2025-10-14T07:09:02.094Z,26.26,1.6,0.8333333333333334,450,16.8296259678948
2025-10-14T07:10:03.275Z,26.45,1.6,0.8333333333333334,450,16.825394115295676
2025-10-14T07:10:33.912Z,26.62,1.6,0.8333333333333334,450,16.81403992234018
2025-10-14T07:11:04.532Z,26.7,1.6,0.8333333333333334,450,16.806345631633526
2025-10-14T07:11:35.093Z,26.79,1.6,0.8333333333333334,450,16.795969911174044
2025-10-14T07:12:05.767Z,26.97,1.6,0.8333333333333334,450,16.7700341392651
2025-10-14T07:12:36.407Z,27.06,1.6,0.8333333333333334,450,16.754624843940093
2025-10-14T07:13:37.636Z,27.26,1.6,0.8333333333333334,450,16.71505147220223
2025-10-14T07:14:08.263Z,27.38,1.6,0.8333333333333334,450,16.688079071265015
2025-10-14T07:15:09.406Z,27.51,1.6,0.8333333333333334,450,16.656415494497438
2025-10-14T07:15:40.035Z,27.47,1.6,0.8333333333333334,450,16.666413555339737
2025-10-14T07:16:10.716Z,27.62,1.6,0.8333333333333334,450,16.627831051499292
2025-10-14T07:16:41.277Z,27.72,1.6,0.8333333333333334,450,16.60056647489444
2025-10-14T07:17:11.835Z,27.62,1.6,0.8333333333333334,450,16.627831051499292
2025-10-14T07:17:42.539Z,27.85,1.6,0.8333333333333334,450,16.56351292607461
2025-10-14T07:18:13.087Z,28.0,1.6,0.8333333333333334,450,16.518830299150963
2025-10-14T07:19:14.293Z,28.13,1.6,0.8333333333333334,450,16.478743930941725
2025-10-14T07:19:44.940Z,28.25,1.6,0.8333333333333334,450,16.44086592354146
2025-10-14T07:20:46.157Z,28.33,1.6,0.8333333333333334,450,16.41525418091362
2025-10-14T07:21:16.804Z,28.5,1.6,0.8333333333333334,450,16.36018558266533
2025-10-14T07:22:18.013Z,28.59,1.6,0.8333333333333334,450,16.330831029452895
2025-10-14T07:22:48.640Z,28.52,1.6,0.8333333333333334,450,16.35366929680471
2025-10-14T07:23:19.224Z,28.61,1.6,0.8333333333333334,450,16.3243005621705
2025-10-14T07:24:20.436Z,28.75,1.6,0.8333333333333334,450,16.278615928101793
2025-10-14T07:24:51.087Z,28.81,1.6,0.8333333333333334,450,16.259099044129066
2025-10-14T07:25:21.658Z,28.87,1.6,0.8333333333333334,450,16.239651860810035
2025-10-14T07:25:52.321Z,28.93,1.6,0.8333333333333334,450,16.22029601694134
2025-10-14T07:26:22.862Z,29.0,1.6,0.8333333333333334,450,16.197857668258166
2025-10-14T07:26:53.528Z,29.05,1.6,0.8333333333333334,450,16.18194185056613
2025-10-14T07:27:24.089Z,29.0,1.6,0.8333333333333334,450,16.197857668258166
2025-10-14T07:27:54.753Z,29.18,1.6,0.8333333333333334,450,16.141083965288164
2025-10-14T07:28:25.302Z,29.0,1.6,0.8333333333333334,450,16.197857668258166
2025-10-14T07:28:55.940Z,29.24,1.6,0.8333333333333334,450,16.122520706162753
2025-10-14T07:29:26.614Z,29.22,1.6,0.8333333333333334,450,16.128685926316667
2025-10-14T07:29:57.187Z,29.24,1.6,0.8333333333333334,450,16.122520706162753
2025-10-14T07:30:27.863Z,29.37,1.6,0.8333333333333334,450,16.08304455153244
2025-10-14T07:30:58.427Z,29.24,1.6,0.8333333333333334,450,16.122520706162753
2025-10-14T07:31:28.998Z,29.27,1.6,0.8333333333333334,450,16.113316926497998
2025-10-14T07:31:59.667Z,29.37,1.6,0.8333333333333334,450,16.08304455153244
2025-10-14T07:32:30.236Z,29.51,1.6,0.8333333333333334,450,16.041825167286184
2025-10-14T07:33:00.894Z,29.49,1.6,0.8333333333333334,450,16.047624573083812
2025-10-14T07:34:02.096Z,29.55,1.6,0.8333333333333334,450,16.03032009407054
2025-10-14T07:35:03.261Z,29.71,1.6,0.8333333333333334,450,15.985619186431796
2025-10-14T07:36:35.150Z,29.73,1.6,0.8333333333333334,450,15.980187307941833
2025-10-14T07:37:05.693Z,29.76,1.6,0.8333333333333334,450,15.97210706697367
2025-10-14T07:37:36.331Z,29.73,1.6,0.8333333333333334,450,15.980187307941833
2025-10-14T07:38:37.553Z,29.99,1.6,0.8333333333333334,450,15.912974678779694
2025-10-14T07:39:08.254Z,29.73,1.6,0.8333333333333334,450,15.980187307941833
2025-10-14T07:39:38.812Z,29.93,1.6,0.8333333333333334,450,15.927906586533748
2025-10-14T07:40:09.385Z,29.87,1.6,0.8333333333333334,450,15.943192110658742
2025-10-14T07:40:40.022Z,29.99,1.6,0.8333333333333334,450,15.912974678779694
2025-10-14T07:42:11.870Z,30.05,1.6,0.8333333333333334,450,15.898403413876869
2025-10-14T07:42:42.427Z,30.0,1.6,0.8333333333333334,450,15.910520913448664
2025-10-14T07:43:13.125Z,29.99,1.6,0.8333333333333334,450,15.912974678779694
2025-10-14T07:43:43.683Z,30.21,1.6,0.8333333333333334,450,15.861353520525881
2025-10-14T07:44:14.357Z,30.12,1.6,0.8333333333333334,450,15.88186753314055
2025-10-14T07:44:44.926Z,30.24,1.6,0.8333333333333334,450,15.854704267308872
2025-10-14T07:45:15.602Z,30.0,1.6,0.8333333333333334,450,15.910520913448664
2025-10-14T07:45:46.147Z,30.24,1.6,0.8333333333333334,450,15.854704267308872
2025-10-14T07:46:16.793Z,30.12,1.6,0.8333333333333334,450,15.88186753314055
2025-10-14T07:46:47.337Z,30.25,1.6,0.8333333333333334,450,15.852508954815878
2025-10-14T07:47:18.025Z,30.24,1.6,0.8333333333333334,450,15.854704267308872
2025-10-14T07:48:19.251Z,30.25,1.6,0.8333333333333334,450,15.852508954815878
2025-10-14T07:48:49.783Z,30.24,1.6,0.8333333333333334,450,15.854704267308872
2025-10-14T07:49:20.450Z,30.29,1.6,0.8333333333333334,450,15.843833560264219
2025-10-14T07:49:50.981Z,30.36,1.6,0.8333333333333334,450,15.829060658088515
2025-10-14T07:50:21.664Z,30.24,1.6,0.8333333333333334,450,15.854704267308872
2025-10-14T07:50:52.206Z,30.43,1.6,0.8333333333333334,450,15.814810223760839
2025-10-14T07:51:22.859Z,30.36,1.6,0.8333333333333334,450,15.829060658088515
2025-10-14T07:51:53.459Z,30.44,1.6,0.8333333333333334,450,15.812817158786945
2025-10-14T07:52:24.117Z,30.43,1.6,0.8333333333333334,450,15.814810223760839
2025-10-14T07:53:25.287Z,30.54,1.6,0.8333333333333334,450,15.793473357135039
2025-10-14T07:53:55.932Z,30.58,1.6,0.8333333333333334,450,15.786033877783385
2025-10-14T07:54:26.486Z,30.5,1.6,0.8333333333333334,450,15.801082943040477
2025-10-14T07:54:57.157Z,30.54,1.6,0.8333333333333334,450,15.793473357135039
2025-10-14T07:55:27.822Z,30.6,1.6,0.8333333333333334,450,15.782377746262775
2025-10-14T07:55:58.356Z,30.55,1.6,0.8333333333333334,450,15.791597560388244
2025-10-14T07:56:29.041Z,30.67,1.6,0.8333333333333334,450,15.769913591157213
2025-10-14T07:56:59.585Z,30.47,1.6,0.8333333333333334,450,15.806902028792576
2025-10-14T07:57:30.241Z,30.54,1.6,0.8333333333333334,450,15.793473357135039
2025-10-14T07:58:00.774Z,30.62,1.6,0.8333333333333334,450,15.778763901297232
2025-10-14T07:58:31.385Z,30.56,1.6,0.8333333333333334,450,15.789732387755556
2025-10-14T07:59:02.070Z,30.72,1.6,0.8333333333333334,450,15.761324996879793
2025-10-14T07:59:32.628Z,30.61,1.6,0.8333333333333334,450,15.780565544130967
2025-10-14T08:00:03.224Z,30.56,1.6,0.8333333333333334,450,15.789732387755556
2025-10-14T08:00:33.832Z,30.6,1.6,0.8333333333333334,450,15.782377746262775
2025-10-14T08:01:04.500Z,30.67,1.6,0.8333333333333334,450,15.769913591157213
2025-10-14T08:01:35.054Z,30.73,1.6,0.8333333333333334,450,15.759638486798808
2025-10-14T08:02:36.354Z,30.78,1.6,0.8333333333333334,450,15.751360847409178
2025-10-14T08:03:06.932Z,30.74,1.6,0.8333333333333334,450,15.757962333135865
2025-10-14T08:03:37.581Z,30.75,1.6,0.8333333333333334,450,15.75629651462568
2025-10-14T08:04:08.133Z,30.86,1.6,0.8333333333333334,450,15.73864788736415
2025-10-14T08:04:38.823Z,30.79,1.6,0.8333333333333334,450,15.74973614359812
2025-10-14T08:05:09.349Z,30.86,1.6,0.8333333333333334,450,15.73864788736415
2025-10-14T08:06:10.568Z,30.99,1.6,0.8333333333333334,450,15.719350592447942
2025-10-14T08:06:41.227Z,31.04,1.6,0.8333333333333334,450,15.712364406731123
2025-10-14T08:07:11.795Z,30.88,1.6,0.8333333333333334,450,15.73557049488089
2025-10-14T08:07:42.466Z,30.94,1.6,0.8333333333333334,450,15.726576540125706
2025-10-14T08:08:13.022Z,30.86,1.6,0.8333333333333334,450,15.73864788736415
2025-10-14T08:08:43.685Z,30.95,1.6,0.8333333333333334,450,15.72511194719064
2025-10-14T08:09:14.247Z,31.0,1.6,0.8333333333333334,450,15.717934325756026
2025-10-14T08:09:44.940Z,31.01,1.6,0.8333333333333334,450,15.716527612776193
2025-10-14T08:10:15.439Z,31.03,1.6,0.8333333333333334,450,15.713742692818045
2025-10-14T08:10:46.160Z,31.09,1.6,0.8333333333333334,450,15.705613077905998
2025-10-14T08:11:16.721Z,30.99,1.6,0.8333333333333334,450,15.719350592447942
2025-10-14T08:12:17.936Z,31.04,1.6,0.8333333333333334,450,15.712364406731123
2025-10-14T08:12:48.508Z,30.99,1.6,0.8333333333333334,450,15.719350592447942
2025-10-14T08:13:19.194Z,31.23,1.6,0.8333333333333334,450,15.68791235859327
2025-10-14T08:13:49.770Z,30.92,1.6,0.8333333333333334,450,15.72953507746799
2025-10-14T08:14:20.432Z,31.1,1.6,0.8333333333333334,450,15.704290536351797
2025-10-14T08:14:50.991Z,31.04,1.6,0.8333333333333334,450,15.712364406731123
2025-10-14T08:15:21.665Z,31.11,1.6,0.8333333333333334,450,15.702977134678736
2025-10-14T08:15:52.209Z,31.04,1.6,0.8333333333333334,450,15.712364406731123
2025-10-14T08:16:22.906Z,31.11,1.6,0.8333333333333334,450,15.702977134678736
2025-10-14T08:16:53.423Z,31.24,1.6,0.8333333333333334,450,15.686713492022776
2025-10-14T08:17:24.098Z,31.14,1.6,0.8333333333333334,450,15.699091318865467
2025-10-14T08:17:54.641Z,31.04,1.6,0.8333333333333334,450,15.712364406731123
2025-10-14T08:18:25.308Z,31.16,1.6,0.8333333333333334,450,15.696545638854168
2025-10-14T08:18:55.863Z,31.23,1.6,0.8333333333333334,450,15.68791235859327
2025-10-14T08:19:26.529Z,31.22,1.6,0.8333333333333334,450,15.689119737965438
2025-10-14T08:19:57.085Z,31.23,1.6,0.8333333333333334,450,15.68791235859327
2025-10-14T08:21:28.971Z,31.36,1.6,0.8333333333333334,450,15.672971500853723
2025-10-14T08:21:59.515Z,31.19,1.6,0.8333333333333334,450,15.692793467162474
2025-10-14T08:22:30.231Z,30.88,1.6,0.8333333333333334,450,15.73557049488089
2025-10-14T08:23:00.177Z,30.71,1.6,0.8333333333333334,450,15.76302188397813
2025-10-14T08:23:30.136Z,30.24,1.6,0.8333333333333334,450,15.854704267308872
2025-10-14T08:24:00.186Z,29.73,1.6,0.8333333333333334,450,15.980187307941833
2025-10-14T08:24:30.171Z,29.36,1.6,0.8333333333333334,450,16.086042265822613
2025-10-14T08:25:00.215Z,29.12,1.6,0.8333333333333334,450,16.159840156080797
2025-10-14T08:25:30.273Z,29.02,1.6,0.8333333333333334,450,16.19147935174132
2025-10-14T08:26:00.195Z,28.89,1.6,0.8333333333333334,450,16.233188712615558
2025-10-14T08:26:30.244Z,28.87,1.6,0.8333333333333334,450,16.239651860810035
2025-10-14T08:27:00.291Z,28.8,1.6,0.8333333333333334,450,16.26234761078271
2025-10-14T08:27:30.214Z,28.61,1.6,0.8333333333333334,450,16.3243005621705
2025-10-14T08:28:00.196Z,28.51,1.6,0.8333333333333334,450,16.35692808608136
2025-10-14T08:28:30.323Z,28.59,1.6,0.8333333333333334,450,16.330831029452895
2025-10-14T08:29:00.224Z,28.5,1.6,0.8333333333333334,450,16.36018558266533
2025-10-14T08:29:30.278Z,28.25,1.6,0.8333333333333334,450,16.44086592354146
2025-10-14T08:30:00.360Z,28.38,1.6,0.8333333333333334,450,16.39913312927527
2025-10-14T08:30:30.260Z,28.25,1.6,0.8333333333333334,450,16.44086592354146
2025-10-14T08:31:00.313Z,28.12,1.6,0.8333333333333334,450,16.48186569232924
2025-10-14T08:31:30.245Z,28.0,1.6,0.8333333333333334,450,16.518830299150963
2025-10-14T08:32:30.362Z,27.74,1.6,0.8333333333333334,450,16.594978864961398
2025-10-14T08:33:00.277Z,27.76,1.6,0.8333333333333334,450,16.589348687005774
2025-10-14T08:33:30.324Z,27.74,1.6,0.8333333333333334,450,16.594978864961398
2025-10-14T08:34:00.392Z,27.56,1.6,0.8333333333333334,450,16.643615159839612
2025-10-14T08:34:30.322Z,27.69,1.6,0.8333333333333334,450,16.60886588864885
2025-10-14T08:35:00.361Z,27.38,1.6,0.8333333333333334,450,16.688079071265015
2025-10-14T08:36:00.305Z,27.26,1.6,0.8333333333333334,450,16.71505147220223
2025-10-14T08:36:30.380Z,27.44,1.6,0.8333333333333334,450,16.673765663797766
2025-10-14T08:37:00.517Z,27.19,1.6,0.8333333333333334,450,16.729700748551906
2025-10-14T08:37:30.366Z,27.26,1.6,0.8333333333333334,450,16.71505147220223
2025-10-14T08:38:00.418Z,27.19,1.6,0.8333333333333334,450,16.729700748551906
2025-10-14T08:38:30.370Z,27.04,1.6,0.8333333333333334,450,16.75818353700337
2025-10-14T08:39:00.391Z,27.12,1.6,0.8333333333333334,450,16.74350120950614
2025-10-14T08:39:30.435Z,26.95,1.6,0.8333333333333334,450,16.773243626393512
2025-10-14T08:40:00.351Z,26.91,1.6,0.8333333333333334,450,16.779421820674422
2025-10-14T08:40:30.393Z,26.81,1.6,0.8333333333333334,450,16.793423618654302
2025-10-14T08:41:30.381Z,26.88,1.6,0.8333333333333334,450,16.783841456919006
2025-10-14T08:42:00.423Z,26.73,1.6,0.8333333333333334,450,16.80308623399101
2025-10-14T08:42:30.488Z,26.75,1.6,0.8333333333333334,450,16.800802004078538
2025-10-14T08:43:30.458Z,26.69,1.6,0.8333333333333334,450,16.807387196576965
2025-10-14T08:44:00.502Z,26.56,1.6,0.8333333333333334,450,16.818836682477016
2025-10-14T08:44:30.451Z,26.48,1.6,0.8333333333333334,450,16.823897510767132
2025-10-14T08:45:00.483Z,26.39,1.6,0.8333333333333334,450,16.82771842432157
2025-10-14T08:45:30.511Z,26.51,1.6,0.8333333333333334,450,16.82218082427373
2025-10-14T08:46:00.457Z,26.5,1.6,0.8333333333333334,450,16.822777370184678
2025-10-14T08:46:30.505Z,26.38,1.6,0.8333333333333334,450,16.828018189549635
2025-10-14T08:47:00.562Z,26.39,1.6,0.8333333333333334,450,16.82771842432157
2025-10-14T08:48:30.481Z,26.3,1.6,0.8333333333333334,450,16.829501572316126
2025-10-14T08:49:00.506Z,26.27,1.6,0.8333333333333334,450,16.829633833609492
2025-10-14T08:49:30.564Z,26.26,1.6,0.8333333333333334,450,16.8296259678948
2025-10-14T08:50:00.490Z,26.13,1.6,0.8333333333333334,450,16.82712618141011
2025-10-14T08:50:30.617Z,26.18,1.6,0.8333333333333334,450,16.828618356372818
2025-10-14T08:51:00.492Z,26.13,1.6,0.8333333333333334,450,16.82712618141011
2025-10-14T08:51:30.543Z,26.08,1.6,0.8333333333333334,450,16.824961662878568
2025-10-14T08:52:00.592Z,26.01,1.6,0.8333333333333334,450,16.820788728902095
2025-10-14T08:52:30.540Z,26.14,1.6,0.8333333333333334,450,16.827478174304424
2025-10-14T08:53:00.570Z,26.01,1.6,0.8333333333333334,450,16.820788728902095
2025-10-14T08:53:30.631Z,26.04,1.6,0.8333333333333334,450,16.822741299063342
2025-10-14T08:54:00.544Z,25.95,1.6,0.8333333333333334,450,16.816139124435892
2025-10-14T08:54:30.624Z,26.01,1.6,0.8333333333333334,450,16.820788728902095
2025-10-14T08:55:00.543Z,25.92,1.6,0.8333333333333334,450,16.81343963085262
2025-10-14T08:55:30.607Z,25.98,1.6,0.8333333333333334,450,16.818588424688237
2025-10-14T08:56:00.631Z,25.83,1.6,0.8333333333333334,450,16.80382900090368
2025-10-14T08:56:30.676Z,25.76,1.6,0.8333333333333334,450,16.794773080073327
2025-10-14T08:57:00.580Z,25.77,1.6,0.8333333333333334,450,16.796151965288313
2025-10-14T08:57:30.622Z,25.76,1.6,0.8333333333333334,450,16.794773080073327
2025-10-14T08:58:00.669Z,25.7,1.6,0.8333333333333334,450,16.785900963376733
2025-10-14T08:58:30.619Z,25.75,1.6,0.8333333333333334,450,16.793365723812613
2025-10-14T08:59:00.641Z,25.77,1.6,0.8333333333333334,450,16.796151965288313
2025-10-14T08:59:30.691Z,25.74,1.6,0.8333333333333334,450,16.7919298695544
2025-10-14T09:00:00.616Z,25.7,1.6,0.8333333333333334,450,16.785900963376733
2025-10-14T09:01:00.709Z,25.97,1.6,0.8333333333333334,450,16.817799717960497
2025-10-14T09:01:30.648Z,26.01,1.6,0.8333333333333334,450,16.820788728902095
2025-10-14T09:02:01.293Z,26.23,1.6,0.8333333333333334,450,16.829445572735942
2025-10-14T09:02:31.979Z,26.39,1.6,0.8333333333333334,450,16.82771842432157
2025-10-14T09:03:02.530Z,26.56,1.6,0.8333333333333334,450,16.818836682477016
2025-10-14T09:03:33.166Z,26.6,1.6,0.8333333333333334,450,16.81573280040392
2025-10-14T09:04:03.790Z,26.95,1.6,0.8333333333333334,450,16.773243626393512
2025-10-14T09:04:34.370Z,27.0,1.6,0.8333333333333334,450,16.76507182658964
2025-10-14T09:05:04.964Z,27.01,1.6,0.8333333333333334,450,16.763378665665908
2025-10-14T09:05:35.572Z,27.28,1.6,0.8333333333333334,450,16.710715634207673
2025-10-14T09:06:06.206Z,27.47,1.6,0.8333333333333334,450,16.666413555339737
2025-10-14T09:06:36.775Z,27.57,1.6,0.8333333333333334,450,16.641015956124114
2025-10-14T09:07:07.440Z,27.56,1.6,0.8333333333333334,450,16.643615159839612
2025-10-14T09:07:37.985Z,27.74,1.6,0.8333333333333334,450,16.594978864961398
2025-10-14T09:08:08.658Z,27.76,1.6,0.8333333333333334,450,16.589348687005774
2025-10-14T09:08:39.246Z,27.99,1.6,0.8333333333333334,450,16.521865560033035
2025-10-14T09:09:09.881Z,28.12,1.6,0.8333333333333334,450,16.48186569232924
2025-10-14T09:09:40.421Z,28.31,1.6,0.8333333333333334,450,16.421679771741086
2025-10-14T09:10:11.076Z,28.26,1.6,0.8333333333333334,450,16.43767836795762
2025-10-14T09:10:41.753Z,28.25,1.6,0.8333333333333334,450,16.44086592354146
2025-10-14T09:11:12.297Z,28.5,1.6,0.8333333333333334,450,16.36018558266533
2025-10-14T09:11:42.976Z,28.51,1.6,0.8333333333333334,450,16.35692808608136
2025-10-14T09:12:13.530Z,28.61,1.6,0.8333333333333334,450,16.3243005621705
2025-10-14T09:12:44.120Z,28.68,1.6,0.8333333333333334,450,16.301444050193282
2025-10-14T09:13:14.791Z,28.74,1.6,0.8333333333333334,450,16.281873966791185
2025-10-14T09:13:45.326Z,28.73,1.6,0.8333333333333334,450,16.285133221354585
2025-10-14T09:14:15.999Z,28.74,1.6,0.8333333333333334,450,16.281873966791185
2025-10-14T09:14:46.574Z,28.99,1.6,0.8333333333333334,450,16.20105254619144
2025-10-14T09:15:17.125Z,28.93,1.6,0.8333333333333334,450,16.22029601694134
2025-10-14T09:15:47.865Z,28.99,1.6,0.8333333333333334,450,16.20105254619144
2025-10-14T09:16:18.424Z,29.1,1.6,0.8333333333333334,450,16.166131961594587
2025-10-14T09:16:48.985Z,28.96,1.6,0.8333333333333334,450,16.210658944693446
2025-10-14T09:17:19.626Z,29.05,1.6,0.8333333333333334,450,16.18194185056613
2025-10-14T09:18:20.854Z,29.28,1.6,0.8333333333333334,450,16.110261061217795
2025-10-14T09:18:51.529Z,29.12,1.6,0.8333333333333334,450,16.159840156080797
2025-10-14T09:19:22.101Z,29.36,1.6,0.8333333333333334,450,16.086042265822613
2025-10-14T09:19:52.758Z,29.24,1.6,0.8333333333333334,450,16.122520706162753
2025-10-14T09:20:23.287Z,29.27,1.6,0.8333333333333334,450,16.113316926497998
2025-10-14T09:20:53.976Z,29.25,1.6,0.8333333333333334,450,16.11944682714775
2025-10-14T09:21:24.524Z,29.43,1.6,0.8333333333333334,450,16.06520414401875
2025-10-14T09:22:25.731Z,29.59,1.6,0.8333333333333334,450,16.01894327041881
2025-10-14T09:22:56.408Z,29.5,1.6,0.8333333333333334,450,16.04472101664225
2025-10-14T09:23:26.996Z,29.49,1.6,0.8333333333333334,450,16.047624573083812
2025-10-14T09:23:57.613Z,29.52,1.6,0.8333333333333334,450,16.03893708816385
2025-10-14T09:24:28.265Z,29.56,1.6,0.8333333333333334,450,16.02746371453647
2025-10-14T09:24:58.818Z,29.58,1.6,0.8333333333333334,450,16.021775243756053
2025-10-14T09:25:29.400Z,29.51,1.6,0.8333333333333334,450,16.041825167286184
2025-10-14T09:26:00.059Z,29.62,1.6,0.8333333333333334,450,16.01049709235917
2025-10-14T09:26:30.597Z,29.68,1.6,0.8333333333333334,450,15.993833600721366
2025-10-14T09:27:01.236Z,29.55,1.6,0.8333333333333334,450,16.03032009407054
2025-10-14T09:27:31.927Z,29.61,1.6,0.8333333333333334,450,16.013304137726443
2025-10-14T09:28:33.097Z,29.73,1.6,0.8333333333333334,450,15.980187307941833
2025-10-14T09:29:03.671Z,29.79,1.6,0.8333333333333334,450,15.96410904980372
2025-10-14T09:29:34.312Z,29.83,1.6,0.8333333333333334,450,15.953575036007067
2025-10-14T09:30:04.975Z,29.77,1.6,0.8333333333333334,450,15.969431863757112
2025-10-14T09:31:06.161Z,29.87,1.6,0.8333333333333334,450,15.943192110658742
2025-10-14T09:31:36.795Z,29.99,1.6,0.8333333333333334,450,15.912974678779694
2025-10-14T09:32:07.334Z,29.79,1.6,0.8333333333333334,450,15.96410904980372
2025-10-14T09:32:38.012Z,29.99,1.6,0.8333333333333334,450,15.912974678779694
2025-10-14T09:33:08.586Z,29.9,1.6,0.8333333333333334,450,15.935505620941122
2025-10-14T09:33:39.163Z,29.99,1.6,0.8333333333333334,450,15.912974678779694
2025-10-14T09:34:40.420Z,29.87,1.6,0.8333333333333334,450,15.943192110658742
2025-10-14T09:35:11.125Z,29.99,1.6,0.8333333333333334,450,15.912974678779694
2025-10-14T09:36:12.290Z,30.05,1.6,0.8333333333333334,450,15.898403413876869
2025-10-14T09:36:42.860Z,29.99,1.6,0.8333333333333334,450,15.912974678779694
2025-10-14T09:37:13.533Z,30.0,1.6,0.8333333333333334,450,15.910520913448664
2025-10-14T09:37:44.066Z,29.93,1.6,0.8333333333333334,450,15.927906586533748
2025-10-14T09:38:14.707Z,30.04,1.6,0.8333333333333334,450,15.900806642377924
2025-10-14T09:38:45.366Z,30.02,1.6,0.8333333333333334,450,15.905643562130518
2025-10-14T09:39:15.924Z,30.11,1.6,0.8333333333333334,450,15.884198913025834
2025-10-14T09:39:46.555Z,30.05,1.6,0.8333333333333334,450,15.898403413876869
2025-10-14T09:40:47.757Z,30.01,1.6,0.8333333333333334,450,15.908077198101882
2025-10-14T09:41:48.955Z,29.99,1.6,0.8333333333333334,450,15.912974678779694
2025-10-14T09:42:19.620Z,30.08,1.6,0.8333333333333334,450,15.891254970840794
2025-10-14T09:42:50.298Z,30.05,1.6,0.8333333333333334,450,15.898403413876869
2025-10-14T09:43:20.861Z,29.99,1.6,0.8333333333333334,450,15.912974678779694
2025-10-14T09:43:51.407Z,30.08,1.6,0.8333333333333334,450,15.891254970840794
2025-10-14T09:44:22.093Z,30.0,1.6,0.8333333333333334,450,15.910520913448664
2025-10-14T09:44:52.667Z,29.99,1.6,0.8333333333333334,450,15.912974678779694
2025-10-14T09:45:23.345Z,30.05,1.6,0.8333333333333334,450,15.898403413876869
2025-10-14T09:45:53.876Z,30.01,1.6,0.8333333333333334,450,15.908077198101882
2025-10-14T09:46:24.540Z,30.11,1.6,0.8333333333333334,450,15.884198913025834
2025-10-14T09:46:55.281Z,30.05,1.6,0.8333333333333334,450,15.898403413876869
2025-10-14T09:47:25.736Z,29.99,1.6,0.8333333333333334,450,15.912974678779694
2025-10-14T09:47:56.406Z,30.05,1.6,0.8333333333333334,450,15.898403413876869
2025-10-14T09:48:26.962Z,30.1,1.6,0.8333333333333334,450,15.886540627637988
2025-10-14T09:48:57.635Z,30.08,1.6,0.8333333333333334,450,15.891254970840794
2025-10-14T09:49:28.157Z,30.05,1.6,0.8333333333333334,450,15.898403413876869
2025-10-14T09:49:58.812Z,30.24,1.6,0.8333333333333334,450,15.854704267308872
2025-10-14T09:50:29.360Z,30.12,1.6,0.8333333333333334,450,15.88186753314055
2025-10-14T09:51:00.015Z,30.0,1.6,0.8333333333333334,450,15.910520913448664
2025-10-14T09:51:30.695Z,30.05,1.6,0.8333333333333334,450,15.898403413876869
2025-10-14T09:52:01.203Z,29.99,1.6,0.8333333333333334,450,15.912974678779694
2025-10-14T09:52:31.873Z,30.02,1.6,0.8333333333333334,450,15.905643562130518
2025-10-14T09:53:02.483Z,30.05,1.6,0.8333333333333334,450,15.898403413876869
2025-10-14T09:54:03.676Z,30.08,1.6,0.8333333333333334,450,15.891254970840794
2025-10-14T09:54:34.292Z,30.05,1.6,0.8333333333333334,450,15.898403413876869
2025-10-14T09:55:04.986Z,30.1,1.6,0.8333333333333334,450,15.886540627637988
2025-10-14T09:55:35.599Z,30.24,1.6,0.8333333333333334,450,15.854704267308872
2025-10-14T09:56:06.159Z,30.01,1.6,0.8333333333333334,450,15.908077198101882
2025-10-14T09:56:36.773Z,30.24,1.6,0.8333333333333334,450,15.854704267308872
2025-10-14T09:58:08.561Z,30.1,1.6,0.8333333333333334,450,15.886540627637988
2025-10-14T09:58:39.183Z,30.24,1.6,0.8333333333333334,450,15.854704267308872
2025-10-14T09:59:09.764Z,30.11,1.6,0.8333333333333334,450,15.884198913025834
2025-10-14T09:59:40.462Z,30.24,1.6,0.8333333333333334,450,15.854704267308872
2025-10-14T10:00:10.996Z,30.05,1.6,0.8333333333333334,450,15.898403413876869
2025-10-14T10:00:41.668Z,30.24,1.6,0.8333333333333334,450,15.854704267308872
2025-10-14T10:01:42.865Z,30.18,1.6,0.8333333333333334,450,15.86809744746973
2025-10-14T10:02:13.450Z,30.24,1.6,0.8333333333333334,450,15.854704267308872
2025-10-14T10:03:45.305Z,30.08,1.6,0.8333333333333334,450,15.891254970840794
2025-10-14T10:04:15.969Z,30.05,1.6,0.8333333333333334,450,15.898403413876869
2025-10-14T10:04:46.516Z,30.24,1.6,0.8333333333333334,450,15.854704267308872
2025-10-14T10:05:47.729Z,30.22,1.6,0.8333333333333334,450,15.859126563739968
2025-10-14T10:06:18.400Z,30.14,1.6,0.8333333333333334,450,15.877235863536168
2025-10-14T10:06:48.951Z,30.24,1.6,0.8333333333333334,450,15.854704267308872
2025-10-14T10:07:50.228Z,30.33,1.6,0.8333333333333334,450,15.835328025629153
2025-10-14T10:08:20.849Z,30.24,1.6,0.8333333333333334,450,15.854704267308872
2025-10-14T10:09:52.610Z,30.11,1.6,0.8333333333333334,450,15.884198913025834
2025-10-14T10:10:23.278Z,30.24,1.6,0.8333333333333334,450,15.854704267308872
2025-10-14T10:11:24.501Z,29.99,1.6,0.8333333333333334,450,15.912974678779694
2025-10-14T10:11:55.205Z,30.11,1.6,0.8333333333333334,450,15.884198913025834
2025-10-14T10:12:25.698Z,30.17,1.6,0.8333333333333334,450,15.870366388511698
2025-10-14T10:12:56.378Z,30.11,1.6,0.8333333333333334,450,15.884198913025834
2025-10-14T10:13:26.955Z,30.24,1.6,0.8333333333333334,450,15.854704267308872
2025-10-14T10:14:58.778Z,30.25,1.6,0.8333333333333334,450,15.852508954815878
2025-10-14T10:15:59.989Z,30.24,1.6,0.8333333333333334,450,15.854704267308872
2025-10-14T10:16:30.650Z,30.05,1.6,0.8333333333333334,450,15.898403413876869
2025-10-14T10:17:01.177Z,30.26,1.6,0.8333333333333334,450,15.850324216400463
2025-10-14T10:17:31.868Z,30.24,1.6,0.8333333333333334,450,15.854704267308872
2025-10-14T10:19:03.586Z,30.36,1.6,0.8333333333333334,450,15.829060658088515
2025-10-14T10:19:34.278Z,30.24,1.6,0.8333333333333334,450,15.854704267308872
2025-10-14T10:20:04.874Z,30.14,1.6,0.8333333333333334,450,15.877235863536168
2025-10-14T10:20:35.466Z,30.25,1.6,0.8333333333333334,450,15.852508954815878
2025-10-14T10:21:06.083Z,30.21,1.6,0.8333333333333334,450,15.861353520525881
2025-10-14T10:21:36.756Z,30.25,1.6,0.8333333333333334,450,15.852508954815878
2025-10-14T10:22:07.303Z,30.18,1.6,0.8333333333333334,450,15.86809744746973
2025-10-14T10:22:37.957Z,30.38,1.6,0.8333333333333334,450,15.824935730953946
2025-10-14T10:23:08.509Z,30.37,1.6,0.8333333333333334,450,15.826992859769023
2025-10-14T10:23:39.216Z,30.25,1.6,0.8333333333333334,450,15.852508954815878
2025-10-14T10:24:09.818Z,30.36,1.6,0.8333333333333334,450,15.829060658088515
2025-10-14T10:24:40.341Z,30.41,1.6,0.8333333333333334,450,15.818828391974979
2025-10-14T10:25:11.006Z,30.33,1.6,0.8333333333333334,450,15.835328025629153
2025-10-14T10:25:41.670Z,30.24,1.6,0.8333333333333334,450,15.854704267308872
2025-10-14T10:26:12.212Z,30.1,1.6,0.8333333333333334,450,15.886540627637988
2025-10-14T10:26:42.882Z,30.25,1.6,0.8333333333333334,450,15.852508954815878
2025-10-14T10:27:13.444Z,30.29,1.6,0.8333333333333334,450,15.843833560264219
2025-10-14T10:27:44.006Z,30.24,1.6,0.8333333333333334,450,15.854704267308872
2025-10-14T10:28:14.680Z,30.27,1.6,0.8333333333333334,450,15.84815006387818
2025-10-14T10:28:45.343Z,30.32,1.6,0.8333333333333334,450,15.83743845402051
2025-10-14T10:29:15.891Z,30.12,1.6,0.8333333333333334,450,15.88186753314055
2025-10-14T10:29:46.455Z,30.36,1.6,0.8333333333333334,450,15.829060658088515
2025-10-14T10:30:17.140Z,30.24,1.6,0.8333333333333334,450,15.854704267308872
2025-10-14T10:30:47.695Z,30.26,1.6,0.8333333333333334,450,15.850324216400463
2025-10-14T10:31:18.365Z,30.24,1.6,0.8333333333333334,450,15.854704267308872
2025-10-14T10:31:48.904Z,30.46,1.6,0.8333333333333334,450,15.808863063139086
2025-10-14T10:32:19.580Z,30.36,1.6,0.8333333333333334,450,15.829060658088515
2025-10-14T10:33:20.844Z,30.29,1.6,0.8333333333333334,450,15.843833560264219
2025-10-14T10:33:51.468Z,30.26,1.6,0.8333333333333334,450,15.850324216400463
2025-10-14T10:34:21.989Z,30.36,1.6,0.8333333333333334,450,15.829060658088515
2025-10-14T10:35:23.252Z,30.27,1.6,0.8333333333333334,450,15.84815006387818
2025-10-14T10:35:53.955Z,30.36,1.6,0.8333333333333334,450,15.829060658088515
2025-10-14T10:36:24.467Z,30.47,1.6,0.8333333333333334,450,15.806902028792576
2025-10-14T10:36:55.013Z,30.36,1.6,0.8333333333333334,450,15.829060658088515
2025-10-14T10:37:56.365Z,30.24,1.6,0.8333333333333334,450,15.854704267308872
2025-10-14T10:38:57.659Z,30.41,1.6,0.8333333333333334,450,15.818828391974979
2025-10-14T10:39:28.131Z,30.24,1.6,0.8333333333333334,450,15.854704267308872
2025-10-14T10:39:58.769Z,30.36,1.6,0.8333333333333334,450,15.829060658088515
2025-10-14T10:40:29.334Z,30.14,1.6,0.8333333333333334,450,15.877235863536168
2025-10-14T10:41:00.031Z,30.36,1.6,0.8333333333333334,450,15.829060658088515
2025-10-14T10:41:30.554Z,30.24,1.6,0.8333333333333334,450,15.854704267308872
2025-10-14T10:42:31.756Z,30.43,1.6,0.8333333333333334,450,15.814810223760839
2025-10-14T10:43:33.096Z,30.24,1.6,0.8333333333333334,450,15.854704267308872
2025-10-14T10:44:34.215Z,30.36,1.6,0.8333333333333334,450,15.829060658088515
2025-10-14T10:46:06.057Z,30.29,1.6,0.8333333333333334,450,15.843833560264219
2025-10-14T10:46:36.714Z,30.24,1.6,0.8333333333333334,450,15.854704267308872
2025-10-14T10:47:07.365Z,30.43,1.6,0.8333333333333334,450,15.814810223760839
2025-10-14T10:47:37.879Z,30.29,1.6,0.8333333333333334,450,15.843833560264219
2025-10-14T10:49:09.736Z,30.36,1.6,0.8333333333333334,450,15.829060658088515
2025-10-14T10:49:40.389Z,30.24,1.6,0.8333333333333334,450,15.854704267308872
2025-10-14T10:50:10.947Z,30.29,1.6,0.8333333333333334,450,15.843833560264219
2025-10-14T10:50:41.617Z,30.41,1.6,0.8333333333333334,450,15.818828391974979
2025-10-14T10:51:12.156Z,30.25,1.6,0.8333333333333334,450,15.852508954815878
2025-10-14T10:51:42.833Z,30.43,1.6,0.8333333333333334,450,15.814810223760839
2025-10-14T10:52:13.493Z,30.29,1.6,0.8333333333333334,450,15.843833560264219
2025-10-14T10:52:44.092Z,30.27,1.6,0.8333333333333334,450,15.84815006387818
2025-10-14T10:53:14.697Z,30.24,1.6,0.8333333333333334,450,15.854704267308872
2025-10-14T10:54:15.904Z,30.25,1.6,0.8333333333333334,450,15.852508954815878
2025-10-14T10:54:46.456Z,30.33,1.6,0.8333333333333334,450,15.835328025629153
2025-10-14T10:55:17.130Z,30.3,1.6,0.8333333333333334,450,15.841691229288145
2025-10-14T10:55:47.682Z,30.24,1.6,0.8333333333333334,450,15.854704267308872
2025-10-14T10:56:18.339Z,30.29,1.6,0.8333333333333334,450,15.843833560264219
2025-10-14T10:56:48.880Z,30.24,1.6,0.8333333333333334,450,15.854704267308872
2025-10-14T10:57:19.539Z,30.43,1.6,0.8333333333333334,450,15.814810223760839
2025-10-14T10:57:50.099Z,30.36,1.6,0.8333333333333334,450,15.829060658088515
2025-10-14T10:58:20.769Z,30.43,1.6,0.8333333333333334,450,15.814810223760839
2025-10-14T10:58:51.332Z,30.36,1.6,0.8333333333333334,450,15.829060658088515
2025-10-14T10:59:21.984Z,30.43,1.6,0.8333333333333334,450,15.814810223760839
2025-10-14T10:59:52.652Z,30.36,1.6,0.8333333333333334,450,15.829060658088515
2025-10-14T11:00:23.216Z,30.31,1.6,0.8333333333333334,450,15.839559524439945
2025-10-14T11:00:53.861Z,30.36,1.6,0.8333333333333334,450,15.829060658088515
2025-10-14T11:01:24.433Z,30.25,1.6,0.8333333333333334,450,15.852508954815878
2025-10-14T11:01:55.096Z,30.33,1.6,0.8333333333333334,450,15.835328025629153
2025-10-14T11:02:25.669Z,30.29,1.6,0.8333333333333334,450,15.843833560264219
2025-10-14T11:03:26.886Z,30.36,1.6,0.8333333333333334,450,15.829060658088515
2025-10-14T11:04:28.134Z,30.43,1.6,0.8333333333333334,450,15.814810223760839
2025-10-14T11:04:58.688Z,30.46,1.6,0.8333333333333334,450,15.808863063139086
2025-10-14T11:05:59.917Z,30.24,1.6,0.8333333333333334,450,15.854704267308872
2025-10-14T11:06:30.599Z,30.49,1.6,0.8333333333333334,450,15.803011972661421
2025-10-14T11:07:01.134Z,30.51,1.6,0.8333333333333334,450,15.79916457267051
2025-10-14T11:07:31.770Z,30.43,1.6,0.8333333333333334,450,15.814810223760839
2025-10-14T11:08:02.425Z,30.36,1.6,0.8333333333333334,450,15.829060658088515
2025-10-14T11:08:32.968Z,30.43,1.6,0.8333333333333334,450,15.814810223760839
2025-10-14T11:09:34.276Z,30.48,1.6,0.8333333333333334,450,15.804951666490297
2025-10-14T11:10:04.793Z,30.36,1.6,0.8333333333333334,450,15.829060658088515
2025-10-14T11:10:35.482Z,30.25,1.6,0.8333333333333334,450,15.852508954815878
2025-10-14T11:11:06.068Z,30.47,1.6,0.8333333333333334,450,15.806902028792576
2025-10-14T11:11:36.679Z,30.29,1.6,0.8333333333333334,450,15.843833560264219
2025-10-14T11:12:37.915Z,30.51,1.6,0.8333333333333334,450,15.79916457267051
2025-10-14T11:13:08.554Z,30.36,1.6,0.8333333333333334,450,15.829060658088515
2025-10-14T11:13:39.074Z,30.31,1.6,0.8333333333333334,450,15.839559524439945
2025-10-14T11:14:09.751Z,30.36,1.6,0.8333333333333334,450,15.829060658088515
2025-10-14T11:14:40.391Z,30.43,1.6,0.8333333333333334,450,15.814810223760839
2025-10-14T11:15:10.929Z,30.29,1.6,0.8333333333333334,450,15.843833560264219
2025-10-14T11:16:12.143Z,30.43,1.6,0.8333333333333334,450,15.814810223760839
2025-10-14T11:17:44.029Z,30.46,1.6,0.8333333333333334,450,15.808863063139086
2025-10-14T11:18:14.701Z,30.49,1.6,0.8333333333333334,450,15.803011972661421
2025-10-14T11:18:45.304Z,30.46,1.6,0.8333333333333334,450,15.808863063139086
2025-10-14T11:19:15.889Z,30.36,1.6,0.8333333333333334,450,15.829060658088515
2025-10-14T11:20:17.107Z,30.29,1.6,0.8333333333333334,450,15.843833560264219
2025-10-14T11:20:47.643Z,30.33,1.6,0.8333333333333334,450,15.835328025629153
2025-10-14T11:21:18.331Z,30.36,1.6,0.8333333333333334,450,15.829060658088515
2025-10-14T11:22:19.555Z,30.47,1.6,0.8333333333333334,450,15.806902028792576
2025-10-14T11:22:50.093Z,30.43,1.6,0.8333333333333334,450,15.814810223760839
2025-10-14T11:24:52.632Z,30.24,1.6,0.8333333333333334,450,15.854704267308872
2025-10-14T11:25:23.201Z,30.47,1.6,0.8333333333333334,450,15.806902028792576
2025-10-14T11:25:53.822Z,30.25,1.6,0.8333333333333334,450,15.852508954815878
2025-10-14T11:26:24.379Z,30.36,1.6,0.8333333333333334,450,15.829060658088515
2025-10-14T11:26:55.028Z,30.43,1.6,0.8333333333333334,450,15.814810223760839
2025-10-14T11:27:25.733Z,30.29,1.6,0.8333333333333334,450,15.843833560264219
2025-10-14T11:27:56.233Z,30.36,1.6,0.8333333333333334,450,15.829060658088515
2025-10-14T11:28:26.937Z,30.48,1.6,0.8333333333333334,450,15.804951666490297
2025-10-14T11:28:57.455Z,30.29,1.6,0.8333333333333334,450,15.843833560264219
2025-10-14T11:29:28.143Z,30.43,1.6,0.8333333333333334,450,15.814810223760839
2025-10-14T11:29:58.695Z,30.36,1.6,0.8333333333333334,450,15.829060658088515
2025-10-14T11:30:29.373Z,30.26,1.6,0.8333333333333334,450,15.850324216400463
2025-10-14T11:30:59.940Z,30.28,1.6,0.8333333333333334,450,15.845986508362465
2025-10-14T11:31:30.584Z,30.43,1.6,0.8333333333333334,450,15.814810223760839
2025-10-14T11:32:01.109Z,30.29,1.6,0.8333333333333334,450,15.843833560264219
2025-10-14T11:32:31.777Z,30.36,1.6,0.8333333333333334,450,15.829060658088515
2025-10-14T11:33:32.977Z,30.37,1.6,0.8333333333333334,450,15.826992859769023
2025-10-14T11:34:03.571Z,30.26,1.6,0.8333333333333334,450,15.850324216400463
2025-10-14T11:34:34.196Z,30.36,1.6,0.8333333333333334,450,15.829060658088515
2025-10-14T11:35:04.797Z,30.5,1.6,0.8333333333333334,450,15.801082943040477
2025-10-14T11:35:35.376Z,30.29,1.6,0.8333333333333334,450,15.843833560264219
2025-10-14T11:36:06.069Z,30.54,1.6,0.8333333333333334,450,15.793473357135039
2025-10-14T11:36:36.711Z,30.46,1.6,0.8333333333333334,450,15.808863063139086
2025-10-14T11:37:07.272Z,30.43,1.6,0.8333333333333334,450,15.814810223760839
2025-10-14T11:37:37.832Z,30.46,1.6,0.8333333333333334,450,15.808863063139086
2025-10-14T11:38:08.524Z,30.36,1.6,0.8333333333333334,450,15.829060658088515
2025-10-14T11:38:39.061Z,30.43,1.6,0.8333333333333334,450,15.814810223760839
2025-10-14T11:39:09.725Z,30.36,1.6,0.8333333333333334,450,15.829060658088515
2025-10-14T11:39:40.381Z,30.39,1.6,0.8333333333333334,450,15.822889275036259
2025-10-14T11:40:10.935Z,30.36,1.6,0.8333333333333334,450,15.829060658088515
2025-10-14T11:41:12.175Z,30.46,1.6,0.8333333333333334,450,15.808863063139086
2025-10-14T11:41:42.734Z,30.43,1.6,0.8333333333333334,450,15.814810223760839
2025-10-14T11:42:43.952Z,30.36,1.6,0.8333333333333334,450,15.829060658088515
2025-10-14T11:43:14.618Z,30.37,1.6,0.8333333333333334,450,15.826992859769023
2025-10-14T11:43:45.271Z,30.46,1.6,0.8333333333333334,450,15.808863063139086
2025-10-14T11:44:15.831Z,30.36,1.6,0.8333333333333334,450,15.829060658088515
2025-10-14T11:44:46.385Z,30.49,1.6,0.8333333333333334,450,15.803011972661421
2025-10-14T11:45:17.070Z,30.3,1.6,0.8333333333333334,450,15.841691229288145
2025-10-14T11:45:47.609Z,30.49,1.6,0.8333333333333334,450,15.803011972661421
2025-10-14T11:46:18.286Z,30.43,1.6,0.8333333333333334,450,15.814810223760839
2025-10-14T11:46:48.835Z,30.25,1.6,0.8333333333333334,450,15.852508954815878
2025-10-14T11:47:19.499Z,30.49,1.6,0.8333333333333334,450,15.803011972661421
2025-10-14T11:47:50.140Z,30.43,1.6,0.8333333333333334,450,15.814810223760839
2025-10-14T11:48:20.689Z,30.51,1.6,0.8333333333333334,450,15.79916457267051
2025-10-14T11:48:51.373Z,30.47,1.6,0.8333333333333334,450,15.806902028792576
2025-10-14T11:49:21.903Z,30.29,1.6,0.8333333333333334,450,15.843833560264219
2025-10-14T11:49:52.567Z,30.43,1.6,0.8333333333333334,450,15.814810223760839
2025-10-14T11:50:23.229Z,30.46,1.6,0.8333333333333334,450,15.808863063139086
2025-10-14T11:50:53.785Z,30.43,1.6,0.8333333333333334,450,15.814810223760839
2025-10-14T11:51:24.450Z,30.47,1.6,0.8333333333333334,450,15.806902028792576
2025-10-14T11:51:55.049Z,30.53,1.6,0.8333333333333334,450,15.795359786401338
2025-10-14T11:52:25.701Z,30.46,1.6,0.8333333333333334,450,15.808863063139086
2025-10-14T11:52:56.222Z,30.49,1.6,0.8333333333333334,450,15.803011972661421
2025-10-14T11:53:26.867Z,30.37,1.6,0.8333333333333334,450,15.826992859769023
2025-10-14T11:53:57.420Z,30.49,1.6,0.8333333333333334,450,15.803011972661421
2025-10-14T11:54:28.096Z,30.54,1.6,0.8333333333333334,450,15.793473357135039
2025-10-14T11:54:58.735Z,30.6,1.6,0.8333333333333334,450,15.782377746262775
2025-10-14T11:55:29.288Z,30.24,1.6,0.8333333333333334,450,15.854704267308872
2025-10-14T11:56:00.057Z,30.49,1.6,0.8333333333333334,450,15.803011972661421
2025-10-14T11:56:30.522Z,30.47,1.6,0.8333333333333334,450,15.806902028792576
2025-10-14T11:57:01.074Z,30.5,1.6,0.8333333333333334,450,15.801082943040477
2025-10-14T11:57:31.729Z,30.54,1.6,0.8333333333333334,450,15.793473357135039
2025-10-14T11:58:02.330Z,30.46,1.6,0.8333333333333334,450,15.808863063139086
2025-10-14T11:58:32.946Z,30.49,1.6,0.8333333333333334,450,15.803011972661421
2025-10-14T11:59:03.591Z,30.43,1.6,0.8333333333333334,450,15.814810223760839
2025-10-14T12:00:04.731Z,30.52,1.6,0.8333333333333334,450,15.797256855903923
2025-10-14T12:00:35.466Z,30.49,1.6,0.8333333333333334,450,15.803011972661421
2025-10-14T12:01:05.969Z,30.43,1.6,0.8333333333333334,450,15.814810223760839
2025-10-14T12:01:36.651Z,30.46,1.6,0.8333333333333334,450,15.808863063139086
2025-10-14T12:02:07.201Z,30.36,1.6,0.8333333333333334,450,15.829060658088515
2025-10-14T12:02:37.849Z,30.49,1.6,0.8333333333333334,450,15.803011972661421
2025-10-14T12:03:08.427Z,30.52,1.6,0.8333333333333334,450,15.797256855903923
2025-10-14T12:03:39.087Z,30.47,1.6,0.8333333333333334,450,15.806902028792576
2025-10-14T12:04:09.627Z,30.38,1.6,0.8333333333333334,450,15.824935730953946
2025-10-14T12:04:40.366Z,30.55,1.6,0.8333333333333334,450,15.791597560388244
2025-10-14T12:05:10.962Z,30.36,1.6,0.8333333333333334,450,15.829060658088515
2025-10-14T12:05:41.480Z,30.49,1.6,0.8333333333333334,450,15.803011972661421
2025-10-14T12:06:12.167Z,30.43,1.6,0.8333333333333334,450,15.814810223760839
2025-10-14T12:06:42.702Z,30.36,1.6,0.8333333333333334,450,15.829060658088515
2025-10-14T12:07:13.386Z,30.61,1.6,0.8333333333333334,450,15.780565544130967
2025-10-14T12:07:43.931Z,30.51,1.6,0.8333333333333334,450,15.79916457267051
2025-10-14T12:08:14.602Z,30.38,1.6,0.8333333333333334,450,15.824935730953946
2025-10-14T12:08:45.182Z,30.43,1.6,0.8333333333333334,450,15.814810223760839
2025-10-14T12:09:15.798Z,30.5,1.6,0.8333333333333334,450,15.801082943040477
2025-10-14T12:09:46.468Z,30.48,1.6,0.8333333333333334,450,15.804951666490297
2025-10-14T12:10:17.028Z,30.37,1.6,0.8333333333333334,450,15.826992859769023
2025-10-14T12:10:47.690Z,30.51,1.6,0.8333333333333334,450,15.79916457267051
2025-10-14T12:11:18.233Z,30.37,1.6,0.8333333333333334,450,15.826992859769023
2025-10-14T12:11:48.903Z,30.43,1.6,0.8333333333333334,450,15.814810223760839
2025-10-14T12:12:19.458Z,30.49,1.6,0.8333333333333334,450,15.803011972661421
2025-10-14T12:13:20.671Z,30.55,1.6,0.8333333333333334,450,15.791597560388244
2025-10-14T12:13:51.410Z,30.54,1.6,0.8333333333333334,450,15.793473357135039
2025-10-14T12:14:21.881Z,30.52,1.6,0.8333333333333334,450,15.797256855903923
2025-10-14T12:14:52.539Z,30.57,1.6,0.8333333333333334,450,15.78787783014618
2025-10-14T12:15:23.105Z,30.36,1.6,0.8333333333333334,450,15.829060658088515
2025-10-14T12:15:53.770Z,30.43,1.6,0.8333333333333334,450,15.814810223760839
2025-10-14T12:16:24.364Z,30.46,1.6,0.8333333333333334,450,15.808863063139086
2025-10-14T12:16:55.050Z,30.51,1.6,0.8333333333333334,450,15.79916457267051
2025-10-14T12:17:25.551Z,30.54,1.6,0.8333333333333334,450,15.793473357135039
2025-10-14T12:17:56.213Z,30.48,1.6,0.8333333333333334,450,15.804951666490297
2025-10-14T12:18:26.779Z,30.53,1.6,0.8333333333333334,450,15.795359786401338
2025-10-14T12:18:57.425Z,30.52,1.6,0.8333333333333334,450,15.797256855903923
2025-10-14T12:19:28.077Z,30.61,1.6,0.8333333333333334,450,15.780565544130967
2025-10-14T12:19:58.622Z,30.46,1.6,0.8333333333333334,450,15.808863063139086
2025-10-14T12:20:59.905Z,30.43,1.6,0.8333333333333334,450,15.814810223760839
2025-10-14T12:21:30.437Z,30.37,1.6,0.8333333333333334,450,15.826992859769023
2025-10-14T12:22:01.098Z,30.5,1.6,0.8333333333333334,450,15.801082943040477
2025-10-14T12:22:31.663Z,30.48,1.6,0.8333333333333334,450,15.804951666490297
2025-10-14T12:23:02.344Z,30.6,1.6,0.8333333333333334,450,15.782377746262775
2025-10-14T12:23:32.982Z,30.54,1.6,0.8333333333333334,450,15.793473357135039
2025-10-14T12:24:03.464Z,30.43,1.6,0.8333333333333334,450,15.814810223760839
2025-10-14T12:24:34.143Z,30.36,1.6,0.8333333333333334,450,15.829060658088515
2025-10-14T12:25:04.711Z,30.49,1.6,0.8333333333333334,450,15.803011972661421
2025-10-14T12:25:35.430Z,30.48,1.6,0.8333333333333334,450,15.804951666490297
2025-10-14T12:26:05.923Z,30.46,1.6,0.8333333333333334,450,15.808863063139086
2025-10-14T12:26:36.635Z,30.48,1.6,0.8333333333333334,450,15.804951666490297
2025-10-14T12:27:07.176Z,30.49,1.6,0.8333333333333334,450,15.803011972661421
2025-10-14T12:27:37.840Z,30.51,1.6,0.8333333333333334,450,15.79916457267051
2025-10-14T12:28:08.391Z,30.57,1.6,0.8333333333333334,450,15.78787783014618
2025-10-14T12:28:39.069Z,30.5,1.6,0.8333333333333334,450,15.801082943040477
2025-10-14T12:29:09.640Z,30.6,1.6,0.8333333333333334,450,15.782377746262775
2025-10-14T12:29:40.322Z,30.51,1.6,0.8333333333333334,450,15.79916457267051
2025-10-14T12:30:10.924Z,30.5,1.6,0.8333333333333334,450,15.801082943040477
2025-10-14T12:30:41.544Z,30.59,1.6,0.8333333333333334,450,15.784200520203768
2025-10-14T12:31:12.095Z,30.62,1.6,0.8333333333333334,450,15.778763901297232
2025-10-14T12:31:42.800Z,30.54,1.6,0.8333333333333334,450,15.793473357135039
2025-10-14T12:32:13.356Z,30.43,1.6,0.8333333333333334,450,15.814810223760839
2025-10-14T12:32:43.915Z,30.48,1.6,0.8333333333333334,450,15.804951666490297
2025-10-14T12:33:45.149Z,30.58,1.6,0.8333333333333334,450,15.786033877783385
2025-10-14T12:34:15.786Z,30.51,1.6,0.8333333333333334,450,15.79916457267051
2025-10-14T12:34:46.443Z,30.53,1.6,0.8333333333333334,450,15.795359786401338
2025-10-14T12:35:17.031Z,30.6,1.6,0.8333333333333334,450,15.782377746262775
2025-10-14T12:35:47.670Z,30.51,1.6,0.8333333333333334,450,15.79916457267051
2025-10-14T12:36:18.209Z,30.6,1.6,0.8333333333333334,450,15.782377746262775
2025-10-14T12:36:48.883Z,30.54,1.6,0.8333333333333334,450,15.793473357135039
2025-10-14T12:37:19.421Z,30.73,1.6,0.8333333333333334,450,15.759638486798808
2025-10-14T12:37:50.089Z,30.51,1.6,0.8333333333333334,450,15.79916457267051
2025-10-14T12:38:51.286Z,30.6,1.6,0.8333333333333334,450,15.782377746262775
2025-10-14T12:39:21.946Z,30.71,1.6,0.8333333333333334,450,15.76302188397813
2025-10-14T12:39:52.498Z,30.61,1.6,0.8333333333333334,450,15.780565544130967
2025-10-14T12:40:23.179Z,30.5,1.6,0.8333333333333334,450,15.801082943040477
2025-10-14T12:40:53.726Z,30.51,1.6,0.8333333333333334,450,15.79916457267051
2025-10-14T12:41:24.376Z,30.54,1.6,0.8333333333333334,450,15.793473357135039
2025-10-14T12:41:55.063Z,30.55,1.6,0.8333333333333334,450,15.791597560388244
2025-10-14T12:42:25.562Z,30.6,1.6,0.8333333333333334,450,15.782377746262775
2025-10-14T12:43:57.356Z,30.51,1.6,0.8333333333333334,450,15.79916457267051
2025-10-14T12:44:28.020Z,30.6,1.6,0.8333333333333334,450,15.782377746262775
2025-10-14T12:44:58.574Z,30.54,1.6,0.8333333333333334,450,15.793473357135039
2025-10-14T12:45:29.178Z,30.73,1.6,0.8333333333333334,450,15.759638486798808
2025-10-14T12:45:59.897Z,30.67,1.6,0.8333333333333334,450,15.769913591157213
2025-10-14T12:46:30.453Z,30.71,1.6,0.8333333333333334,450,15.76302188397813
2025-10-14T12:47:01.121Z,30.6,1.6,0.8333333333333334,450,15.782377746262775
2025-10-14T12:48:02.283Z,30.73,1.6,0.8333333333333334,450,15.759638486798808
2025-10-14T12:48:32.933Z,30.61,1.6,0.8333333333333334,450,15.780565544130967
2025-10-14T12:49:03.532Z,30.73,1.6,0.8333333333333334,450,15.759638486798808
2025-10-14T12:49:34.140Z,30.6,1.6,0.8333333333333334,450,15.782377746262775
2025-10-14T12:50:04.764Z,30.67,1.6,0.8333333333333334,450,15.769913591157213
2025-10-14T12:50:35.444Z,30.6,1.6,0.8333333333333334,450,15.782377746262775
2025-10-14T12:51:05.956Z,30.61,1.6,0.8333333333333334,450,15.780565544130967
2025-10-14T12:51:36.528Z,30.54,1.6,0.8333333333333334,450,15.793473357135039
2025-10-14T12:52:07.133Z,30.52,1.6,0.8333333333333334,450,15.797256855903923
2025-10-14T12:52:37.857Z,30.61,1.6,0.8333333333333334,450,15.780565544130967
2025-10-14T12:53:08.400Z,30.56,1.6,0.8333333333333334,450,15.789732387755556
2025-10-14T12:53:39.063Z,30.73,1.6,0.8333333333333334,450,15.759638486798808
2025-10-14T12:54:09.693Z,30.67,1.6,0.8333333333333334,450,15.769913591157213
2025-10-14T12:54:40.277Z,30.43,1.6,0.8333333333333334,450,15.814810223760839
2025-10-14T12:55:10.826Z,30.67,1.6,0.8333333333333334,450,15.769913591157213
2025-10-14T12:56:12.127Z,30.72,1.6,0.8333333333333334,450,15.761324996879793
2025-10-14T12:56:42.685Z,30.54,1.6,0.8333333333333334,450,15.793473357135039
2025-10-14T12:57:13.331Z,30.61,1.6,0.8333333333333334,450,15.780565544130967
2025-10-14T12:57:43.865Z,30.54,1.6,0.8333333333333334,450,15.793473357135039
2025-10-14T12:58:14.566Z,30.6,1.6,0.8333333333333334,450,15.782377746262775
2025-10-14T12:58:45.112Z,30.5,1.6,0.8333333333333334,450,15.801082943040477
2025-10-14T12:59:15.774Z,30.73,1.6,0.8333333333333334,450,15.759638486798808
2025-10-14T12:59:46.315Z,30.6,1.6,0.8333333333333334,450,15.782377746262775
2025-10-14T13:00:16.974Z,30.54,1.6,0.8333333333333334,450,15.793473357135039
2025-10-14T13:00:47.539Z,30.67,1.6,0.8333333333333334,450,15.769913591157213
2025-10-14T13:01:18.228Z,30.46,1.6,0.8333333333333334,450,15.808863063139086
2025-10-14T13:01:48.777Z,30.58,1.6,0.8333333333333334,450,15.786033877783385
2025-10-14T13:02:19.436Z,30.67,1.6,0.8333333333333334,450,15.769913591157213
2025-10-14T13:02:49.981Z,30.78,1.6,0.8333333333333334,450,15.751360847409178
2025-10-14T13:03:20.652Z,30.6,1.6,0.8333333333333334,450,15.782377746262775
2025-10-14T13:03:51.203Z,30.73,1.6,0.8333333333333334,450,15.759638486798808
2025-10-14T13:04:21.890Z,30.54,1.6,0.8333333333333334,450,15.793473357135039
2025-10-14T13:04:52.554Z,30.6,1.6,0.8333333333333334,450,15.782377746262775
2025-10-14T13:05:23.086Z,30.83,1.6,0.8333333333333334,450,15.74333926173032
2025-10-14T13:05:53.754Z,30.73,1.6,0.8333333333333334,450,15.759638486798808
2025-10-14T13:06:24.306Z,30.72,1.6,0.8333333333333334,450,15.761324996879793
2025-10-14T13:06:54.969Z,30.73,1.6,0.8333333333333334,450,15.759638486798808
2025-10-14T13:07:25.517Z,30.71,1.6,0.8333333333333334,450,15.76302188397813
2025-10-14T13:07:56.186Z,30.6,1.6,0.8333333333333334,450,15.782377746262775
2025-10-14T13:08:26.728Z,30.72,1.6,0.8333333333333334,450,15.761324996879793
2025-10-14T13:08:57.381Z,30.6,1.6,0.8333333333333334,450,15.782377746262775
2025-10-14T13:09:27.935Z,30.67,1.6,0.8333333333333334,450,15.769913591157213
2025-10-14T13:09:58.602Z,30.71,1.6,0.8333333333333334,450,15.76302188397813
2025-10-14T13:10:29.262Z,30.67,1.6,0.8333333333333334,450,15.769913591157213
2025-10-14T13:10:59.806Z,30.71,1.6,0.8333333333333334,450,15.76302188397813
2025-10-14T13:11:30.458Z,30.61,1.6,0.8333333333333334,450,15.780565544130967
2025-10-14T13:12:00.999Z,30.79,1.6,0.8333333333333334,450,15.74973614359812
2025-10-14T13:12:31.725Z,30.67,1.6,0.8333333333333334,450,15.769913591157213
2025-10-14T13:13:02.304Z,30.6,1.6,0.8333333333333334,450,15.782377746262775
2025-10-14T13:13:32.889Z,30.71,1.6,0.8333333333333334,450,15.76302188397813
2025-10-14T13:14:03.467Z,30.86,1.6,0.8333333333333334,450,15.73864788736415
2025-10-14T13:14:34.061Z,30.5,1.6,0.8333333333333334,450,15.801082943040477
2025-10-14T13:15:04.725Z,30.73,1.6,0.8333333333333334,450,15.759638486798808
2025-10-14T13:15:35.265Z,30.62,1.6,0.8333333333333334,450,15.778763901297232
2025-10-14T13:16:06.044Z,30.71,1.6,0.8333333333333334,450,15.76302188397813
2025-10-14T13:16:36.590Z,30.73,1.6,0.8333333333333334,450,15.759638486798808
2025-10-14T13:17:07.119Z,30.64,1.6,0.8333333333333334,450,15.775192240081573
2025-10-14T13:17:37.791Z,30.73,1.6,0.8333333333333334,450,15.759638486798808
2025-10-14T13:18:39.021Z,30.72,1.6,0.8333333333333334,450,15.761324996879793
2025-10-14T13:19:09.561Z,30.71,1.6,0.8333333333333334,450,15.76302188397813
2025-10-14T13:19:40.230Z,30.67,1.6,0.8333333333333334,450,15.769913591157213
2025-10-14T13:20:10.811Z,30.73,1.6,0.8333333333333334,450,15.759638486798808
2025-10-14T13:20:41.440Z,30.71,1.6,0.8333333333333334,450,15.76302188397813
2025-10-14T13:21:12.176Z,30.61,1.6,0.8333333333333334,450,15.780565544130967
2025-10-14T13:21:42.627Z,30.76,1.6,0.8333333333333334,450,15.75464100933987
2025-10-14T13:22:13.284Z,30.73,1.6,0.8333333333333334,450,15.759638486798808
2025-10-14T13:22:43.837Z,30.64,1.6,0.8333333333333334,450,15.775192240081573
2025-10-14T13:23:14.510Z,30.77,1.6,0.8333333333333334,450,15.752995794685106
2025-10-14T13:23:45.081Z,30.71,1.6,0.8333333333333334,450,15.76302188397813
2025-10-14T13:24:15.737Z,30.86,1.6,0.8333333333333334,450,15.73864788736415
2025-10-14T13:24:46.391Z,30.74,1.6,0.8333333333333334,450,15.757962333135865
2025-10-14T13:25:16.920Z,30.61,1.6,0.8333333333333334,450,15.780565544130967
2025-10-14T13:25:47.575Z,30.71,1.6,0.8333333333333334,450,15.76302188397813
2025-10-14T13:26:18.138Z,30.73,1.6,0.8333333333333334,450,15.759638486798808
2025-10-14T13:26:48.783Z,30.86,1.6,0.8333333333333334,450,15.73864788736415
2025-10-14T13:27:19.330Z,30.6,1.6,0.8333333333333334,450,15.782377746262775
2025-10-14T13:27:50.000Z,30.67,1.6,0.8333333333333334,450,15.769913591157213
2025-10-14T13:28:20.557Z,30.73,1.6,0.8333333333333334,450,15.759638486798808
2025-10-14T13:28:51.186Z,30.74,1.6,0.8333333333333334,450,15.757962333135865
2025-10-14T13:29:21.867Z,30.67,1.6,0.8333333333333334,450,15.769913591157213
2025-10-14T13:29:52.406Z,30.73,1.6,0.8333333333333334,450,15.759638486798808
2025-10-14T13:30:23.076Z,30.76,1.6,0.8333333333333334,450,15.75464100933987
2025-10-14T13:30:53.622Z,30.86,1.6,0.8333333333333334,450,15.73864788736415
2025-10-14T13:31:24.315Z,30.76,1.6,0.8333333333333334,450,15.75464100933987
2025-10-14T13:31:54.860Z,30.67,1.6,0.8333333333333334,450,15.769913591157213
2025-10-14T13:32:25.523Z,30.73,1.6,0.8333333333333334,450,15.759638486798808
2025-10-14T13:32:56.070Z,30.86,1.6,0.8333333333333334,450,15.73864788736415
2025-10-14T13:33:26.735Z,30.74,1.6,0.8333333333333334,450,15.757962333135865
2025-10-14T13:34:58.613Z,30.79,1.6,0.8333333333333334,450,15.74973614359812
2025-10-14T13:35:29.141Z,30.6,1.6,0.8333333333333334,450,15.782377746262775
2025-10-14T13:35:59.797Z,30.73,1.6,0.8333333333333334,450,15.759638486798808
2025-10-14T13:36:30.359Z,30.67,1.6,0.8333333333333334,450,15.769913591157213
2025-10-14T13:37:01.033Z,30.74,1.6,0.8333333333333334,450,15.757962333135865
2025-10-14T13:37:31.592Z,30.89,1.6,0.8333333333333334,450,15.734046766424392
2025-10-14T13:38:02.172Z,30.74,1.6,0.8333333333333334,450,15.757962333135865
2025-10-14T13:38:32.904Z,30.77,1.6,0.8333333333333334,450,15.752995794685106
2025-10-14T13:39:03.421Z,30.73,1.6,0.8333333333333334,450,15.759638486798808
2025-10-14T13:39:34.098Z,30.79,1.6,0.8333333333333334,450,15.74973614359812
2025-10-14T13:40:04.715Z,30.74,1.6,0.8333333333333334,450,15.757962333135865
2025-10-14T13:40:35.304Z,30.93,1.6,0.8333333333333334,450,15.728050905467814
2025-10-14T13:41:05.881Z,30.73,1.6,0.8333333333333334,450,15.759638486798808
2025-10-14T13:41:36.557Z,30.88,1.6,0.8333333333333334,450,15.73557049488089
2025-10-14T13:42:07.173Z,30.89,1.6,0.8333333333333334,450,15.734046766424392
2025-10-14T13:42:37.726Z,30.79,1.6,0.8333333333333334,450,15.74973614359812
2025-10-14T13:43:08.329Z,30.86,1.6,0.8333333333333334,450,15.73864788736415
2025-10-14T13:43:38.966Z,30.87,1.6,0.8333333333333334,450,15.737104191718927
2025-10-14T13:44:09.627Z,30.98,1.6,0.8333333333333334,450,15.720776450861308
2025-10-14T13:44:40.176Z,30.74,1.6,0.8333333333333334,450,15.757962333135865
2025-10-14T13:45:10.840Z,30.92,1.6,0.8333333333333334,450,15.72953507746799
2025-10-14T13:45:41.406Z,30.86,1.6,0.8333333333333334,450,15.73864788736415
2025-10-14T13:46:12.056Z,30.8,1.6,0.8333333333333334,450,15.748121658681129
2025-10-14T13:46:42.592Z,30.76,1.6,0.8333333333333334,450,15.75464100933987
2025-10-14T13:47:13.255Z,30.79,1.6,0.8333333333333334,450,15.74973614359812
2025-10-14T13:48:14.442Z,30.74,1.6,0.8333333333333334,450,15.757962333135865
2025-10-14T13:48:45.091Z,30.99,1.6,0.8333333333333334,450,15.719350592447942
2025-10-14T13:49:15.762Z,30.88,1.6,0.8333333333333334,450,15.73557049488089
2025-10-14T13:49:46.315Z,30.79,1.6,0.8333333333333334,450,15.74973614359812
2025-10-14T13:50:16.879Z,30.86,1.6,0.8333333333333334,450,15.73864788736415
2025-10-14T13:50:47.533Z,30.99,1.6,0.8333333333333334,450,15.719350592447942
2025-10-14T13:51:18.194Z,30.79,1.6,0.8333333333333334,450,15.74973614359812
2025-10-14T13:51:48.692Z,30.86,1.6,0.8333333333333334,450,15.73864788736415
2025-10-14T13:52:50.043Z,30.99,1.6,0.8333333333333334,450,15.719350592447942
2025-10-14T13:53:20.563Z,30.92,1.6,0.8333333333333334,450,15.72953507746799
2025-10-14T13:53:51.247Z,30.95,1.6,0.8333333333333334,450,15.72511194719064
2025-10-14T13:54:21.780Z,30.92,1.6,0.8333333333333334,450,15.72953507746799
2025-10-14T13:54:52.455Z,30.87,1.6,0.8333333333333334,450,15.737104191718927
2025-10-14T13:55:22.991Z,30.98,1.6,0.8333333333333334,450,15.720776450861308
2025-10-14T13:55:53.654Z,30.87,1.6,0.8333333333333334,450,15.737104191718927
2025-10-14T13:56:24.231Z,30.71,1.6,0.8333333333333334,450,15.76302188397813
2025-10-14T13:56:54.891Z,30.79,1.6,0.8333333333333334,450,15.74973614359812
2025-10-14T13:57:25.473Z,30.78,1.6,0.8333333333333334,450,15.751360847409178
2025-10-14T13:57:56.100Z,30.86,1.6,0.8333333333333334,450,15.73864788736415
2025-10-14T13:58:26.772Z,30.95,1.6,0.8333333333333334,450,15.72511194719064
2025-10-14T13:58:57.360Z,30.86,1.6,0.8333333333333334,450,15.73864788736415
2025-10-14T13:59:27.978Z,30.87,1.6,0.8333333333333334,450,15.737104191718927
2025-10-14T13:59:58.519Z,30.95,1.6,0.8333333333333334,450,15.72511194719064
2025-10-14T14:00:29.200Z,30.92,1.6,0.8333333333333334,450,15.72953507746799
2025-10-14T14:00:59.748Z,30.99,1.6,0.8333333333333334,450,15.719350592447942
2025-10-14T14:01:30.427Z,30.73,1.6,0.8333333333333334,450,15.759638486798808
2025-10-14T14:02:00.962Z,30.86,1.6,0.8333333333333334,450,15.73864788736415
2025-10-14T14:03:02.165Z,30.92,1.6,0.8333333333333334,450,15.72953507746799
2025-10-14T14:03:32.853Z,30.95,1.6,0.8333333333333334,450,15.72511194719064
2025-10-14T14:04:03.505Z,30.77,1.6,0.8333333333333334,450,15.752995794685106
2025-10-14T14:04:34.040Z,30.92,1.6,0.8333333333333334,450,15.72953507746799
2025-10-14T14:05:04.741Z,30.99,1.6,0.8333333333333334,450,15.719350592447942
2025-10-14T14:05:35.262Z,30.85,1.6,0.8333333333333334,450,15.740201611597959
2025-10-14T14:06:05.819Z,30.86,1.6,0.8333333333333334,450,15.73864788736415
2025-10-14T14:06:36.439Z,30.99,1.6,0.8333333333333334,450,15.719350592447942
2025-10-14T14:07:07.122Z,30.97,1.6,0.8333333333333334,450,15.722211938383724
2025-10-14T14:07:37.741Z,30.92,1.6,0.8333333333333334,450,15.72953507746799
2025-10-14T14:08:08.347Z,30.99,1.6,0.8333333333333334,450,15.719350592447942
2025-10-14T14:08:39.006Z,31.02,1.6,0.8333333333333334,450,15.715130414879118
2025-10-14T14:09:09.572Z,30.97,1.6,0.8333333333333334,450,15.722211938383724
2025-10-14T14:09:40.196Z,30.95,1.6,0.8333333333333334,450,15.72511194719064
2025-10-14T14:10:10.744Z,31.04,1.6,0.8333333333333334,450,15.712364406731123
2025-10-14T14:10:41.397Z,30.95,1.6,0.8333333333333334,450,15.72511194719064
2025-10-14T14:11:12.078Z,31.1,1.6,0.8333333333333334,450,15.704290536351797
2025-10-14T14:11:42.612Z,30.95,1.6,0.8333333333333334,450,15.72511194719064
2025-10-14T14:12:13.337Z,30.99,1.6,0.8333333333333334,450,15.719350592447942
2025-10-14T14:12:43.835Z,30.95,1.6,0.8333333333333334,450,15.72511194719064
2025-10-14T14:13:14.503Z,31.03,1.6,0.8333333333333334,450,15.713742692818045
2025-10-14T14:13:45.107Z,30.99,1.6,0.8333333333333334,450,15.719350592447942
2025-10-14T14:14:15.639Z,30.86,1.6,0.8333333333333334,450,15.73864788736415
2025-10-14T14:15:16.963Z,31.01,1.6,0.8333333333333334,450,15.716527612776193
2025-10-14T14:15:47.482Z,30.86,1.6,0.8333333333333334,450,15.73864788736415
2025-10-14T14:16:18.167Z,31.01,1.6,0.8333333333333334,450,15.716527612776193
2025-10-14T14:16:48.749Z,30.98,1.6,0.8333333333333334,450,15.720776450861308
2025-10-14T14:17:19.312Z,31.09,1.6,0.8333333333333334,450,15.705613077905998
2025-10-14T14:17:49.986Z,30.99,1.6,0.8333333333333334,450,15.719350592447942
2025-10-14T14:18:20.621Z,31.02,1.6,0.8333333333333334,450,15.715130414879118
2025-10-14T14:18:51.160Z,30.99,1.6,0.8333333333333334,450,15.719350592447942
2025-10-14T14:19:21.855Z,31.1,1.6,0.8333333333333334,450,15.704290536351797
2025-10-14T14:19:52.394Z,30.98,1.6,0.8333333333333334,450,15.720776450861308
2025-10-14T14:20:23.058Z,31.04,1.6,0.8333333333333334,450,15.712364406731123
2025-10-14T14:20:53.659Z,31.01,1.6,0.8333333333333334,450,15.716527612776193
2025-10-14T14:21:24.268Z,30.92,1.6,0.8333333333333334,450,15.72953507746799
2025-10-14T14:21:54.816Z,31.01,1.6,0.8333333333333334,450,15.716527612776193
2025-10-14T14:22:25.490Z,30.95,1.6,0.8333333333333334,450,15.72511194719064
2025-10-14T14:22:56.029Z,31.17,1.6,0.8333333333333334,450,15.69528611676616
2025-10-14T14:23:26.707Z,31.1,1.6,0.8333333333333334,450,15.704290536351797
2025-10-14T14:23:57.315Z,31.11,1.6,0.8333333333333334,450,15.702977134678736
2025-10-14T14:24:27.947Z,31.23,1.6,0.8333333333333334,450,15.68791235859327
2025-10-14T14:24:58.565Z,30.94,1.6,0.8333333333333334,450,15.726576540125706
2025-10-14T14:25:29.107Z,30.99,1.6,0.8333333333333334,450,15.719350592447942
2025-10-14T14:25:59.775Z,31.23,1.6,0.8333333333333334,450,15.68791235859327
2025-10-14T14:26:30.319Z,31.12,1.6,0.8333333333333334,450,15.701672828177022
2025-10-14T14:27:01.000Z,31.17,1.6,0.8333333333333334,450,15.69528611676616
2025-10-14T14:27:31.541Z,31.02,1.6,0.8333333333333334,450,15.715130414879118
2025-10-14T14:28:02.166Z,30.99,1.6,0.8333333333333334,450,15.719350592447942
2025-10-14T14:28:32.756Z,31.1,1.6,0.8333333333333334,450,15.704290536351797
2025-10-14T14:29:03.406Z,31.08,1.6,0.8333333333333334,450,15.70694480345215
2025-10-14T14:29:34.080Z,31.1,1.6,0.8333333333333334,450,15.704290536351797
2025-10-14T14:30:04.671Z,30.99,1.6,0.8333333333333334,450,15.719350592447942
2025-10-14T14:30:35.204Z,31.12,1.6,0.8333333333333334,450,15.701672828177022
2025-10-14T14:31:05.882Z,31.05,1.6,0.8333333333333334,450,15.710995516142352
2025-10-14T14:31:36.441Z,30.99,1.6,0.8333333333333334,450,15.719350592447942
2025-10-14T14:32:07.015Z,31.23,1.6,0.8333333333333334,450,15.68791235859327
2025-10-14T14:32:37.647Z,31.17,1.6,0.8333333333333334,450,15.69528611676616
2025-10-14T14:33:08.341Z,31.03,1.6,0.8333333333333334,450,15.713742692818045
2025-10-14T14:33:38.873Z,30.98,1.6,0.8333333333333334,450,15.720776450861308
2025-10-14T14:34:09.577Z,31.2,1.6,0.8333333333333334,450,15.691560241395607
2025-10-14T14:34:40.210Z,31.1,1.6,0.8333333333333334,450,15.704290536351797
2025-10-14T14:35:10.791Z,31.12,1.6,0.8333333333333334,450,15.701672828177022
2025-10-14T14:35:41.442Z,30.98,1.6,0.8333333333333334,450,15.720776450861308
2025-10-14T14:36:11.974Z,31.23,1.6,0.8333333333333334,450,15.68791235859327
2025-10-14T14:36:42.642Z,31.2,1.6,0.8333333333333334,450,15.691560241395607
2025-10-14T14:37:13.216Z,31.09,1.6,0.8333333333333334,450,15.705613077905998
2025-10-14T14:37:43.860Z,31.05,1.6,0.8333333333333334,450,15.710995516142352
2025-10-14T14:38:14.412Z,31.11,1.6,0.8333333333333334,450,15.702977134678736
2025-10-14T14:38:45.115Z,31.23,1.6,0.8333333333333334,450,15.68791235859327
2025-10-14T14:39:15.618Z,31.15,1.6,0.8333333333333334,450,15.69781402366433
2025-10-14T14:39:46.293Z,30.99,1.6,0.8333333333333334,450,15.719350592447942
2025-10-14T14:40:16.884Z,31.23,1.6,0.8333333333333334,450,15.68791235859327
2025-10-14T14:41:18.092Z,31.1,1.6,0.8333333333333334,450,15.704290536351797
2025-10-14T14:41:48.767Z,31.16,1.6,0.8333333333333334,450,15.696545638854168
2025-10-14T14:42:19.359Z,31.15,1.6,0.8333333333333334,450,15.69781402366433
2025-10-14T14:42:49.955Z,31.11,1.6,0.8333333333333334,450,15.702977134678736
2025-10-14T14:43:20.525Z,31.1,1.6,0.8333333333333334,450,15.704290536351797
2025-10-14T14:43:51.178Z,31.17,1.6,0.8333333333333334,450,15.69528611676616
2025-10-14T14:44:21.719Z,31.25,1.6,0.8333333333333334,450,15.685523085974328
2025-10-14T14:44:52.409Z,31.23,1.6,0.8333333333333334,450,15.68791235859327
2025-10-14T14:46:24.251Z,31.27,1.6,0.8333333333333334,450,15.683167443500418
2025-10-14T14:46:54.843Z,31.25,1.6,0.8333333333333334,450,15.685523085974328
2025-10-14T14:47:25.521Z,31.12,1.6,0.8333333333333334,450,15.701672828177022
2025-10-14T14:47:56.021Z,31.36,1.6,0.8333333333333334,450,15.672971500853723
2025-10-14T14:48:26.695Z,31.23,1.6,0.8333333333333334,450,15.68791235859327
2025-10-14T14:49:27.941Z,31.29,1.6,0.8333333333333334,450,15.680845001666956
2025-10-14T14:49:58.739Z,31.36,1.6,0.8333333333333334,450,15.672971500853723
2025-10-14T14:50:29.072Z,31.24,1.6,0.8333333333333334,450,15.686713492022776
2025-10-14T14:50:59.765Z,31.3,1.6,0.8333333333333334,450,15.679696094326733
2025-10-14T14:51:30.312Z,31.36,1.6,0.8333333333333334,450,15.672971500853723
2025-10-14T14:52:00.960Z,31.33,1.6,0.8333333333333334,450,15.676297957350624
2025-10-14T14:52:31.673Z,31.23,1.6,0.8333333333333334,450,15.68791235859327
2025-10-14T14:53:02.173Z,31.42,1.6,0.8333333333333334,450,15.66652728341573
2025-10-14T14:53:32.787Z,31.36,1.6,0.8333333333333334,450,15.672971500853723
2025-10-14T14:54:34.019Z,31.37,1.6,0.8333333333333334,450,15.671878339935073
2025-10-14T14:55:04.627Z,31.36,1.6,0.8333333333333334,450,15.672971500853723
2025-10-14T14:55:35.174Z,31.42,1.6,0.8333333333333334,450,15.66652728341573
2025-10-14T14:56:05.858Z,31.29,1.6,0.8333333333333334,450,15.680845001666956
2025-10-14T14:56:36.488Z,31.36,1.6,0.8333333333333334,450,15.672971500853723
2025-10-14T14:57:07.108Z,31.43,1.6,0.8333333333333334,450,15.665479594614242
2025-10-14T14:57:37.744Z,31.42,1.6,0.8333333333333334,450,15.66652728341573
2025-10-14T14:59:09.516Z,31.36,1.6,0.8333333333333334,450,15.672971500853723
2025-10-14T14:59:40.184Z,31.54,1.6,0.8333333333333334,450,15.654426823276626
2025-10-14T15:00:10.720Z,31.59,1.6,0.8333333333333334,450,15.649673793901759
2025-10-14T15:00:41.405Z,31.54,1.6,0.8333333333333334,450,15.654426823276626
2025-10-14T15:01:11.973Z,31.36,1.6,0.8333333333333334,450,15.672971500853723
2025-10-14T15:01:42.618Z,31.51,1.6,0.8333333333333334,450,15.657357776959346
2025-10-14T15:02:13.327Z,31.5,1.6,0.8333333333333334,450,15.65834835937071
2025-10-14T15:02:43.891Z,31.47,1.6,0.8333333333333334,450,15.66136183282506
2025-10-14T15:03:14.369Z,31.43,1.6,0.8333333333333334,450,15.665479594614242
2025-10-14T15:03:45.030Z,31.42,1.6,0.8333333333333334,450,15.66652728341573
2025-10-14T15:04:15.595Z,31.5,1.6,0.8333333333333334,450,15.65834835937071
2025-10-14T15:04:46.288Z,31.43,1.6,0.8333333333333334,450,15.665479594614242
2025-10-14T15:05:16.969Z,31.54,1.6,0.8333333333333334,450,15.654426823276626
2025-10-14T15:05:47.461Z,31.47,1.6,0.8333333333333334,450,15.66136183282506
2025-10-14T15:06:18.132Z,31.54,1.6,0.8333333333333334,450,15.654426823276626
2025-10-14T15:06:48.665Z,31.59,1.6,0.8333333333333334,450,15.649673793901759
2025-10-14T15:07:19.361Z,31.51,1.6,0.8333333333333334,450,15.657357776959346
2025-10-14T15:07:49.934Z,31.46,1.6,0.8333333333333334,450,15.66238045147313
2025-10-14T15:08:20.552Z,31.54,1.6,0.8333333333333334,450,15.654426823276626
2025-10-14T15:08:51.195Z,31.49,1.6,0.8333333333333334,450,15.659345852151361
2025-10-14T15:09:21.729Z,31.47,1.6,0.8333333333333334,450,15.66136183282506
2025-10-14T15:09:52.457Z,31.42,1.6,0.8333333333333334,450,15.66652728341573
2025-10-14T15:10:22.982Z,31.54,1.6,0.8333333333333334,450,15.654426823276626
2025-10-14T15:10:53.631Z,31.6,1.6,0.8333333333333334,450,15.648742348463045
2025-10-14T15:11:24.166Z,31.59,1.6,0.8333333333333334,450,15.649673793901759
2025-10-14T15:11:54.829Z,31.5,1.6,0.8333333333333334,450,15.65834835937071
2025-10-14T15:12:25.367Z,31.63,1.6,0.8333333333333334,450,15.645985060328865
2025-10-14T15:12:56.037Z,31.53,1.6,0.8333333333333334,450,15.655397076269349
2025-10-14T15:13:26.697Z,31.54,1.6,0.8333333333333334,450,15.654426823276626
2025-10-14T15:13:57.256Z,31.5,1.6,0.8333333333333334,450,15.65834835937071
2025-10-14T15:14:27.934Z,31.71,1.6,0.8333333333333334,450,15.638891189980075
2025-10-14T15:14:58.471Z,31.61,1.6,0.8333333333333334,450,15.647817125403133
2025-10-14T15:15:29.161Z,31.5,1.6,0.8333333333333334,450,15.65834835937071
2025-10-14T15:16:30.263Z,31.58,1.6,0.8333333333333334,450,15.650611532660122
2025-10-14T15:17:00.928Z,31.57,1.6,0.8333333333333334,450,15.651555635211736
2025-10-14T15:17:31.505Z,31.69,1.6,0.8333333333333334,450,15.640630681532858
2025-10-14T15:18:02.109Z,31.6,1.6,0.8333333333333334,450,15.648742348463045
2025-10-14T15:18:32.789Z,31.64,1.6,0.8333333333333334,450,15.645078074119194
2025-10-14T15:19:03.371Z,31.5,1.6,0.8333333333333334,450,15.65834835937071
2025-10-14T15:19:33.998Z,31.54,1.6,0.8333333333333334,450,15.654426823276626
2025-10-14T15:20:35.135Z,31.6,1.6,0.8333333333333334,450,15.648742348463045
2025-10-14T15:21:05.836Z,31.5,1.6,0.8333333333333334,450,15.65834835937071
2025-10-14T15:21:36.567Z,31.61,1.6,0.8333333333333334,450,15.647817125403133
2025-10-14T15:22:07.094Z,31.45,1.6,0.8333333333333334,450,15.663406241994286
2025-10-14T15:22:37.695Z,31.67,1.6,0.8333333333333334,450,15.642392426057285
2025-10-14T15:23:08.249Z,31.57,1.6,0.8333333333333334,450,15.651555635211736
2025-10-14T15:23:38.913Z,31.54,1.6,0.8333333333333334,450,15.654426823276626
2025-10-14T15:24:40.130Z,31.52,1.6,0.8333333333333334,450,15.65637403829652
2025-10-14T15:25:10.778Z,31.6,1.6,0.8333333333333334,450,15.648742348463045
2025-10-14T15:25:41.318Z,31.49,1.6,0.8333333333333334,450,15.659345852151361
2025-10-14T15:26:11.871Z,31.47,1.6,0.8333333333333334,450,15.66136183282506
2025-10-14T15:26:42.504Z,31.42,1.6,0.8333333333333334,450,15.66652728341573
2025-10-14T15:27:13.192Z,31.59,1.6,0.8333333333333334,450,15.649673793901759
2025-10-14T15:27:43.734Z,31.54,1.6,0.8333333333333334,450,15.654426823276626
2025-10-14T15:28:14.403Z,31.6,1.6,0.8333333333333334,450,15.648742348463045
2025-10-14T15:28:45.138Z,31.42,1.6,0.8333333333333334,450,15.66652728341573
2025-10-14T15:29:15.586Z,31.61,1.6,0.8333333333333334,450,15.647817125403133
2025-10-14T15:29:46.247Z,31.5,1.6,0.8333333333333334,450,15.65834835937071
2025-10-14T15:30:16.784Z,31.42,1.6,0.8333333333333334,450,15.66652728341573
2025-10-14T15:30:47.442Z,31.48,1.6,0.8333333333333334,450,15.66035032142657
2025-10-14T15:31:18.114Z,31.6,1.6,0.8333333333333334,450,15.648742348463045
2025-10-14T15:31:48.773Z,31.46,1.6,0.8333333333333334,450,15.66238045147313
2025-10-14T15:32:19.316Z,31.48,1.6,0.8333333333333334,450,15.66035032142657
2025-10-14T15:32:50.016Z,31.61,1.6,0.8333333333333334,450,15.647817125403133
2025-10-14T15:33:20.485Z,31.58,1.6,0.8333333333333334,450,15.650611532660122
2025-10-14T15:33:51.154Z,31.42,1.6,0.8333333333333334,450,15.66652728341573
2025-10-14T15:34:21.705Z,31.47,1.6,0.8333333333333334,450,15.66136183282506
2025-10-14T15:34:52.448Z,31.55,1.6,0.8333333333333334,450,15.653463211230235
2025-10-14T15:35:22.951Z,31.48,1.6,0.8333333333333334,450,15.66035032142657
2025-10-14T15:35:53.526Z,31.53,1.6,0.8333333333333334,450,15.655397076269349
2025-10-14T15:36:24.279Z,31.49,1.6,0.8333333333333334,450,15.659345852151361
2025-10-14T15:36:54.756Z,31.6,1.6,0.8333333333333334,450,15.648742348463045
2025-10-14T15:37:25.467Z,31.47,1.6,0.8333333333333334,450,15.66136183282506
2025-10-14T15:37:55.982Z,31.63,1.6,0.8333333333333334,450,15.645985060328865
2025-10-14T15:38:26.654Z,31.54,1.6,0.8333333333333334,450,15.654426823276626
2025-10-14T15:38:57.177Z,31.42,1.6,0.8333333333333334,450,15.66652728341573
2025-10-14T15:39:27.867Z,31.57,1.6,0.8333333333333334,450,15.651555635211736
2025-10-14T15:39:58.399Z,31.59,1.6,0.8333333333333334,450,15.649673793901759
2025-10-14T15:40:29.062Z,31.64,1.6,0.8333333333333334,450,15.645078074119194
2025-10-14T15:40:59.745Z,31.41,1.6,0.8333333333333334,450,15.667582397489761
2025-10-14T15:41:30.305Z,31.48,1.6,0.8333333333333334,450,15.66035032142657
2025-10-14T15:42:00.965Z,31.54,1.6,0.8333333333333334,450,15.654426823276626
2025-10-14T15:43:02.115Z,31.71,1.6,0.8333333333333334,450,15.638891189980075
2025-10-14T15:43:32.720Z,31.7,1.6,0.8333333333333334,450,15.639758191806031
2025-10-14T15:44:03.371Z,31.47,1.6,0.8333333333333334,450,15.66136183282506
2025-10-14T15:44:33.916Z,31.54,1.6,0.8333333333333334,450,15.654426823276626
2025-10-14T15:45:04.539Z,31.48,1.6,0.8333333333333334,450,15.66035032142657
2025-10-14T15:45:35.238Z,31.45,1.6,0.8333333333333334,450,15.663406241994286
2025-10-14T15:46:05.804Z,31.56,1.6,0.8333333333333334,450,15.652506171558914
2025-10-14T15:46:36.459Z,31.54,1.6,0.8333333333333334,450,15.654426823276626
2025-10-14T15:47:07.001Z,31.47,1.6,0.8333333333333334,450,15.66136183282506
2025-10-14T15:48:08.198Z,31.48,1.6,0.8333333333333334,450,15.66035032142657
2025-10-14T15:49:09.426Z,31.47,1.6,0.8333333333333334,450,15.66136183282506
2025-10-14T15:49:40.133Z,31.54,1.6,0.8333333333333334,450,15.654426823276626
2025-10-14T15:50:10.678Z,31.5,1.6,0.8333333333333334,450,15.65834835937071
2025-10-14T15:50:41.287Z,31.67,1.6,0.8333333333333334,450,15.642392426057285
2025-10-14T15:51:11.891Z,31.6,1.6,0.8333333333333334,450,15.648742348463045
2025-10-14T15:51:42.578Z,31.48,1.6,0.8333333333333334,450,15.66035032142657
2025-10-14T15:52:13.114Z,31.47,1.6,0.8333333333333334,450,15.66136183282506
2025-10-14T15:52:43.763Z,31.6,1.6,0.8333333333333334,450,15.648742348463045
2025-10-14T15:53:14.377Z,31.68,1.6,0.8333333333333334,450,15.64150873461157
2025-10-14T15:53:45.008Z,31.54,1.6,0.8333333333333334,450,15.654426823276626
2025-10-14T15:54:15.566Z,31.7,1.6,0.8333333333333334,450,15.639758191806031
2025-10-14T15:54:46.149Z,31.61,1.6,0.8333333333333334,450,15.647817125403133
2025-10-14T15:55:17.491Z,31.48,1.6,0.8333333333333334,450,15.66035032142657
2025-10-14T15:55:47.403Z,31.47,1.6,0.8333333333333334,450,15.66136183282506
2025-10-14T15:56:18.061Z,31.57,1.6,0.8333333333333334,450,15.651555635211736
2025-10-14T15:56:48.617Z,31.5,1.6,0.8333333333333334,450,15.65834835937071
2025-10-14T15:57:21.272Z,31.45,1.6,0.8333333333333334,450,15.663406241994286
2025-10-14T15:57:49.926Z,31.54,1.6,0.8333333333333334,450,15.654426823276626
2025-10-14T15:58:20.517Z,31.6,1.6,0.8333333333333334,450,15.648742348463045
2025-10-14T15:59:21.850Z,31.5,1.6,0.8333333333333334,450,15.65834835937071
2025-10-14T15:59:52.280Z,31.48,1.6,0.8333333333333334,450,15.66035032142657
2025-10-14T16:00:23.091Z,31.61,1.6,0.8333333333333334,450,15.647817125403133
2025-10-14T16:00:53.517Z,31.6,1.6,0.8333333333333334,450,15.648742348463045
2025-10-14T16:01:24.178Z,31.49,1.6,0.8333333333333334,450,15.659345852151361
2025-10-14T16:02:25.370Z,31.54,1.6,0.8333333333333334,450,15.654426823276626
2025-10-14T16:02:56.024Z,31.6,1.6,0.8333333333333334,450,15.648742348463045
2025-10-14T16:03:26.622Z,31.51,1.6,0.8333333333333334,450,15.657357776959346
2025-10-14T16:03:57.237Z,31.5,1.6,0.8333333333333334,450,15.65834835937071
2025-10-14T16:04:27.773Z,31.59,1.6,0.8333333333333334,450,15.649673793901759
2025-10-14T16:04:58.445Z,31.36,1.6,0.8333333333333334,450,15.672971500853723
2025-10-14T16:05:29.005Z,31.56,1.6,0.8333333333333334,450,15.652506171558914
2025-10-14T16:05:59.679Z,31.86,1.6,0.8333333333333334,450,15.62649210467083
2025-10-14T16:06:30.231Z,31.47,1.6,0.8333333333333334,450,15.66136183282506
2025-10-14T16:07:00.888Z,31.54,1.6,0.8333333333333334,450,15.654426823276626
2025-10-14T16:07:31.538Z,31.49,1.6,0.8333333333333334,450,15.659345852151361
2025-10-14T16:08:02.122Z,31.47,1.6,0.8333333333333334,450,15.66136183282506
2025-10-14T16:08:32.829Z,31.45,1.6,0.8333333333333334,450,15.663406241994286
2025-10-14T16:09:03.280Z,31.5,1.6,0.8333333333333334,450,15.65834835937071
2025-10-14T16:09:33.985Z,31.54,1.6,0.8333333333333334,450,15.654426823276626
2025-10-14T16:10:04.544Z,31.55,1.6,0.8333333333333334,450,15.653463211230235
2025-10-14T16:10:35.202Z,31.61,1.6,0.8333333333333334,450,15.647817125403133
2025-10-14T16:11:05.888Z,31.59,1.6,0.8333333333333334,450,15.649673793901759
2025-10-14T16:11:36.407Z,31.5,1.6,0.8333333333333334,450,15.65834835937071
2025-10-14T16:12:06.983Z,31.47,1.6,0.8333333333333334,450,15.66136183282506
2025-10-14T16:12:37.632Z,31.5,1.6,0.8333333333333334,450,15.65834835937071
2025-10-14T16:13:38.865Z,31.6,1.6,0.8333333333333334,450,15.648742348463045
2025-10-14T16:14:09.431Z,31.47,1.6,0.8333333333333334,450,15.66136183282506
2025-10-14T16:14:40.118Z,31.45,1.6,0.8333333333333334,450,15.663406241994286
2025-10-14T16:15:10.679Z,31.54,1.6,0.8333333333333334,450,15.654426823276626
2025-10-14T16:15:41.234Z,31.5,1.6,0.8333333333333334,450,15.65834835937071
2025-10-14T16:16:11.961Z,31.54,1.6,0.8333333333333334,450,15.654426823276626
2025-10-14T16:16:42.617Z,31.5,1.6,0.8333333333333334,450,15.65834835937071
2025-10-14T16:17:13.102Z,31.45,1.6,0.8333333333333334,450,15.663406241994286
2025-10-14T16:17:43.797Z,31.48,1.6,0.8333333333333334,450,15.66035032142657
2025-10-14T16:18:14.380Z,31.67,1.6,0.8333333333333334,450,15.642392426057285
2025-10-14T16:18:44.995Z,31.47,1.6,0.8333333333333334,450,15.66136183282506
2025-10-14T16:19:15.577Z,31.54,1.6,0.8333333333333334,450,15.654426823276626
2025-10-14T16:19:46.228Z,31.42,1.6,0.8333333333333334,450,15.66652728341573
2025-10-14T16:20:16.783Z,31.48,1.6,0.8333333333333334,450,15.66035032142657
2025-10-14T16:20:47.447Z,31.67,1.6,0.8333333333333334,450,15.642392426057285
2025-10-14T16:21:17.992Z,31.54,1.6,0.8333333333333334,450,15.654426823276626
2025-10-14T16:21:48.731Z,31.61,1.6,0.8333333333333334,450,15.647817125403133
2025-10-14T16:22:19.200Z,31.42,1.6,0.8333333333333334,450,15.66652728341573
2025-10-14T16:22:49.847Z,31.61,1.6,0.8333333333333334,450,15.647817125403133
2025-10-14T16:23:20.549Z,31.67,1.6,0.8333333333333334,450,15.642392426057285
2025-10-14T16:23:51.053Z,31.59,1.6,0.8333333333333334,450,15.649673793901759
2025-10-14T16:24:21.718Z,31.49,1.6,0.8333333333333334,450,15.659345852151361
2025-10-14T16:24:52.264Z,31.54,1.6,0.8333333333333334,450,15.654426823276626
2025-10-14T16:25:22.938Z,31.47,1.6,0.8333333333333334,450,15.66136183282506
2025-10-14T16:25:53.478Z,31.6,1.6,0.8333333333333334,450,15.648742348463045
2025-10-14T16:26:24.160Z,31.36,1.6,0.8333333333333334,450,15.672971500853723
2025-10-14T16:26:54.777Z,31.6,1.6,0.8333333333333334,450,15.648742348463045
2025-10-14T16:27:25.430Z,31.49,1.6,0.8333333333333334,450,15.659345852151361
2025-10-14T16:28:26.645Z,31.67,1.6,0.8333333333333334,450,15.642392426057285
2025-10-14T16:28:57.231Z,31.6,1.6,0.8333333333333334,450,15.648742348463045
2025-10-14T16:29:27.865Z,31.71,1.6,0.8333333333333334,450,15.638891189980075
2025-10-14T16:29:58.440Z,31.48,1.6,0.8333333333333334,450,15.66035032142657
2025-10-14T16:30:28.995Z,31.59,1.6,0.8333333333333334,450,15.649673793901759
2025-10-14T16:30:59.645Z,31.36,1.6,0.8333333333333334,450,15.672971500853723
2025-10-14T16:31:30.310Z,31.51,1.6,0.8333333333333334,450,15.657357776959346
2025-10-14T16:32:00.856Z,31.47,1.6,0.8333333333333334,450,15.66136183282506
2025-10-14T16:32:31.436Z,31.59,1.6,0.8333333333333334,450,15.649673793901759
2025-10-14T16:33:02.141Z,31.5,1.6,0.8333333333333334,450,15.65834835937071
2025-10-14T16:33:32.675Z,31.54,1.6,0.8333333333333334,450,15.654426823276626
2025-10-14T16:34:03.285Z,31.6,1.6,0.8333333333333334,450,15.648742348463045
2025-10-14T16:34:33.906Z,31.71,1.6,0.8333333333333334,450,15.638891189980075
2025-10-14T16:35:04.581Z,31.54,1.6,0.8333333333333334,450,15.654426823276626
2025-10-14T16:35:35.167Z,31.59,1.6,0.8333333333333334,450,15.649673793901759
2025-10-14T16:36:05.756Z,31.54,1.6,0.8333333333333334,450,15.654426823276626
2025-10-14T16:36:36.444Z,31.55,1.6,0.8333333333333334,450,15.653463211230235
2025-10-14T16:37:07.000Z,31.47,1.6,0.8333333333333334,450,15.66136183282506
2025-10-14T16:37:37.579Z,31.6,1.6,0.8333333333333334,450,15.648742348463045
2025-10-14T16:38:08.228Z,31.67,1.6,0.8333333333333334,450,15.642392426057285
2025-10-14T16:38:38.791Z,31.54,1.6,0.8333333333333334,450,15.654426823276626
2025-10-14T16:39:09.506Z,31.47,1.6,0.8333333333333334,450,15.66136183282506
2025-10-14T16:39:40.018Z,31.58,1.6,0.8333333333333334,450,15.650611532660122
2025-10-14T16:40:10.731Z,31.54,1.6,0.8333333333333334,450,15.654426823276626
2025-10-14T16:41:11.893Z,31.4,1.6,0.8333333333333334,450,15.668644998899376
2025-10-14T16:41:42.443Z,31.45,1.6,0.8333333333333334,450,15.663406241994286
2025-10-14T16:42:13.164Z,31.67,1.6,0.8333333333333334,450,15.642392426057285
2025-10-14T16:42:43.687Z,31.42,1.6,0.8333333333333334,450,15.66652728341573
2025-10-14T16:43:14.298Z,31.59,1.6,0.8333333333333334,450,15.649673793901759
2025-10-14T16:43:44.976Z,31.67,1.6,0.8333333333333334,450,15.642392426057285
2025-10-14T16:44:15.568Z,31.64,1.6,0.8333333333333334,450,15.645078074119194
2025-10-14T16:44:46.118Z,31.45,1.6,0.8333333333333334,450,15.663406241994286
2025-10-14T16:45:16.794Z,31.57,1.6,0.8333333333333334,450,15.651555635211736
2025-10-14T16:45:47.349Z,31.54,1.6,0.8333333333333334,450,15.654426823276626
2025-10-14T16:46:17.989Z,31.47,1.6,0.8333333333333334,450,15.66136183282506
2025-10-14T16:46:48.674Z,31.61,1.6,0.8333333333333334,450,15.647817125403133
2025-10-14T16:47:19.209Z,31.49,1.6,0.8333333333333334,450,15.659345852151361
2025-10-14T16:47:49.881Z,31.6,1.6,0.8333333333333334,450,15.648742348463045
2025-10-14T16:48:20.398Z,31.54,1.6,0.8333333333333334,450,15.654426823276626
2025-10-14T16:48:51.078Z,31.6,1.6,0.8333333333333334,450,15.648742348463045
2025-10-14T16:49:21.737Z,31.42,1.6,0.8333333333333334,450,15.66652728341573
2025-10-14T16:49:52.326Z,31.48,1.6,0.8333333333333334,450,15.66035032142657
2025-10-14T16:50:22.886Z,31.6,1.6,0.8333333333333334,450,15.648742348463045
2025-10-14T16:50:53.530Z,31.48,1.6,0.8333333333333334,450,15.66035032142657
2025-10-14T16:51:24.085Z,31.65,1.6,0.8333333333333334,450,15.644177021903062
2025-10-14T16:51:54.745Z,31.49,1.6,0.8333333333333334,450,15.659345852151361
2025-10-14T16:52:25.376Z,31.5,1.6,0.8333333333333334,450,15.65834835937071
2025-10-14T16:52:55.965Z,31.6,1.6,0.8333333333333334,450,15.648742348463045
2025-10-14T16:53:26.606Z,31.54,1.6,0.8333333333333334,450,15.654426823276626
2025-10-14T16:54:27.773Z,31.47,1.6,0.8333333333333334,450,15.66136183282506
2025-10-14T16:54:58.435Z,31.6,1.6,0.8333333333333334,450,15.648742348463045
2025-10-14T16:55:28.995Z,31.5,1.6,0.8333333333333334,450,15.65834835937071
2025-10-14T16:55:59.652Z,31.68,1.6,0.8333333333333334,450,15.64150873461157
2025-10-14T16:56:30.207Z,31.5,1.6,0.8333333333333334,450,15.65834835937071
2025-10-14T16:57:00.857Z,31.43,1.6,0.8333333333333334,450,15.665479594614242
2025-10-14T16:57:31.512Z,31.54,1.6,0.8333333333333334,450,15.654426823276626
2025-10-14T16:58:02.098Z,31.6,1.6,0.8333333333333334,450,15.648742348463045
2025-10-14T16:58:32.694Z,31.47,1.6,0.8333333333333334,450,15.66136183282506
2025-10-14T16:59:03.325Z,31.54,1.6,0.8333333333333334,450,15.654426823276626
2025-10-14T16:59:33.877Z,31.67,1.6,0.8333333333333334,450,15.642392426057285
2025-10-14T17:00:04.460Z,31.42,1.6,0.8333333333333334,450,15.66652728341573
2025-10-14T17:00:35.082Z,31.47,1.6,0.8333333333333334,450,15.66136183282506
2025-10-14T17:02:07.009Z,31.54,1.6,0.8333333333333334,450,15.654426823276626
2025-10-14T17:02:37.596Z,31.49,1.6,0.8333333333333334,450,15.659345852151361
2025-10-14T17:03:08.190Z,31.59,1.6,0.8333333333333334,450,15.649673793901759
2025-10-14T17:03:38.874Z,31.47,1.6,0.8333333333333334,450,15.66136183282506
2025-10-14T17:04:09.370Z,31.54,1.6,0.8333333333333334,450,15.654426823276626
2025-10-14T17:04:40.082Z,31.48,1.6,0.8333333333333334,450,15.66035032142657
2025-10-14T17:05:10.598Z,31.51,1.6,0.8333333333333334,450,15.657357776959346
2025-10-14T17:05:41.207Z,31.54,1.6,0.8333333333333334,450,15.654426823276626
2025-10-14T17:07:13.146Z,31.61,1.6,0.8333333333333334,450,15.647817125403133
2025-10-14T17:07:43.694Z,31.47,1.6,0.8333333333333334,450,15.66136183282506
2025-10-14T17:08:14.329Z,31.53,1.6,0.8333333333333334,450,15.655397076269349
2025-10-14T17:08:44.949Z,31.67,1.6,0.8333333333333334,450,15.642392426057285
2025-10-14T17:09:15.501Z,31.5,1.6,0.8333333333333334,450,15.65834835937071
2025-10-14T17:09:46.183Z,31.6,1.6,0.8333333333333334,450,15.648742348463045
2025-10-14T17:10:16.734Z,31.48,1.6,0.8333333333333334,450,15.66035032142657
2025-10-14T17:10:47.442Z,31.47,1.6,0.8333333333333334,450,15.66136183282506
2025-10-14T17:11:17.976Z,31.54,1.6,0.8333333333333334,450,15.654426823276626
2025-10-14T17:11:48.658Z,31.49,1.6,0.8333333333333334,450,15.659345852151361
2025-10-14T17:12:19.189Z,31.57,1.6,0.8333333333333334,450,15.651555635211736
2025-10-14T17:12:49.856Z,31.6,1.6,0.8333333333333334,450,15.648742348463045
2025-10-14T17:13:20.410Z,31.47,1.6,0.8333333333333334,450,15.66136183282506
2025-10-14T17:13:51.139Z,31.67,1.6,0.8333333333333334,450,15.642392426057285
2025-10-14T17:14:21.629Z,31.75,1.6,0.8333333333333334,450,15.635476537551035
2025-10-14T17:14:52.308Z,31.7,1.6,0.8333333333333334,450,15.639758191806031
2025-10-14T17:15:22.865Z,31.63,1.6,0.8333333333333334,450,15.645985060328865
2025-10-14T17:15:53.534Z,31.67,1.6,0.8333333333333334,450,15.642392426057285
2025-10-14T17:16:24.104Z,31.6,1.6,0.8333333333333334,450,15.648742348463045
2025-10-14T17:16:54.680Z,31.62,1.6,0.8333333333333334,450,15.64689805331444
2025-10-14T17:17:25.305Z,31.6,1.6,0.8333333333333334,450,15.648742348463045
2025-10-14T17:18:26.543Z,31.59,1.6,0.8333333333333334,450,15.649673793901759
2025-10-14T17:18:57.103Z,31.67,1.6,0.8333333333333334,450,15.642392426057285
2025-10-14T17:19:27.775Z,31.72,1.6,0.8333333333333334,450,15.638029600170732
2025-10-14T17:19:58.358Z,31.59,1.6,0.8333333333333334,450,15.649673793901759
2025-10-14T17:20:29.017Z,31.72,1.6,0.8333333333333334,450,15.638029600170732
2025-10-14T17:20:59.568Z,31.5,1.6,0.8333333333333334,450,15.65834835937071
2025-10-14T17:21:30.255Z,31.72,1.6,0.8333333333333334,450,15.638029600170732
2025-10-14T17:22:00.800Z,31.53,1.6,0.8333333333333334,450,15.655397076269349
2025-10-14T17:22:31.454Z,31.7,1.6,0.8333333333333334,450,15.639758191806031
2025-10-14T17:23:02.047Z,31.6,1.6,0.8333333333333334,450,15.648742348463045
2025-10-14T17:23:32.668Z,31.71,1.6,0.8333333333333334,450,15.638891189980075
2025-10-14T17:24:03.226Z,31.68,1.6,0.8333333333333334,450,15.64150873461157
2025-10-14T17:24:33.965Z,31.86,1.6,0.8333333333333334,450,15.62649210467083
2025-10-14T17:25:04.447Z,31.7,1.6,0.8333333333333334,450,15.639758191806031
2025-10-14T17:25:35.192Z,31.71,1.6,0.8333333333333334,450,15.638891189980075
2025-10-14T17:26:05.751Z,31.49,1.6,0.8333333333333334,450,15.659345852151361
2025-10-14T17:26:36.411Z,31.6,1.6,0.8333333333333334,450,15.648742348463045
2025-10-14T17:27:06.934Z,31.72,1.6,0.8333333333333334,450,15.638029600170732
2025-10-14T17:27:37.607Z,31.7,1.6,0.8333333333333334,450,15.639758191806031
2025-10-14T17:28:38.780Z,31.72,1.6,0.8333333333333334,450,15.638029600170732
2025-10-14T17:29:09.426Z,31.55,1.6,0.8333333333333334,450,15.653463211230235
2025-10-14T17:29:39.951Z,31.67,1.6,0.8333333333333334,450,15.642392426057285
2025-10-14T17:30:10.615Z,31.72,1.6,0.8333333333333334,450,15.638029600170732
2025-10-14T17:31:11.785Z,31.71,1.6,0.8333333333333334,450,15.638891189980075
2025-10-14T17:31:42.440Z,31.63,1.6,0.8333333333333334,450,15.645985060328865
2025-10-14T17:32:13.111Z,31.7,1.6,0.8333333333333334,450,15.639758191806031
2025-10-14T17:32:43.629Z,31.72,1.6,0.8333333333333334,450,15.638029600170732
2025-10-14T17:33:14.282Z,31.67,1.6,0.8333333333333334,450,15.642392426057285
2025-10-14T17:33:44.915Z,31.7,1.6,0.8333333333333334,450,15.639758191806031
2025-10-14T17:34:15.562Z,31.74,1.6,0.8333333333333334,450,15.636322350910095
2025-10-14T17:34:46.145Z,31.75,1.6,0.8333333333333334,450,15.635476537551035
2025-10-14T17:35:16.702Z,31.72,1.6,0.8333333333333334,450,15.638029600170732
2025-10-14T17:35:47.396Z,31.86,1.6,0.8333333333333334,450,15.62649210467083
2025-10-14T17:36:17.920Z,31.71,1.6,0.8333333333333334,450,15.638891189980075
2025-10-14T17:36:48.592Z,31.74,1.6,0.8333333333333334,450,15.636322350910095
2025-10-14T17:37:19.159Z,31.67,1.6,0.8333333333333334,450,15.642392426057285
2025-10-14T17:37:49.803Z,31.71,1.6,0.8333333333333334,450,15.638891189980075
2025-10-14T17:38:20.349Z,31.79,1.6,0.8333333333333334,450,15.6321435440465
2025-10-14T17:38:50.979Z,31.78,1.6,0.8333333333333334,450,15.632969410268462
2025-10-14T17:39:21.578Z,31.72,1.6,0.8333333333333334,450,15.638029600170732
2025-10-14T17:39:52.213Z,31.75,1.6,0.8333333333333334,450,15.635476537551035
2025-10-14T17:40:22.870Z,31.7,1.6,0.8333333333333334,450,15.639758191806031
2025-10-14T17:40:53.432Z,31.72,1.6,0.8333333333333334,450,15.638029600170732
2025-10-14T17:41:24.173Z,31.86,1.6,0.8333333333333334,450,15.62649210467083
2025-10-14T17:41:54.693Z,31.75,1.6,0.8333333333333334,450,15.635476537551035
2025-10-14T17:42:25.357Z,31.7,1.6,0.8333333333333334,450,15.639758191806031
2025-10-14T17:42:55.957Z,31.72,1.6,0.8333333333333334,450,15.638029600170732
2025-10-14T17:43:26.523Z,31.86,1.6,0.8333333333333334,450,15.62649210467083
2025-10-14T17:43:57.572Z,31.7,1.6,0.8333333333333334,450,15.639758191806031
2025-10-14T17:44:27.732Z,31.74,1.6,0.8333333333333334,450,15.636322350910095
2025-10-14T17:44:58.380Z,31.86,1.6,0.8333333333333334,450,15.62649210467083
2025-10-14T17:45:28.926Z,31.72,1.6,0.8333333333333334,450,15.638029600170732
2025-10-14T17:45:59.593Z,31.66,1.6,0.8333333333333334,450,15.643281830443536
2025-10-14T17:46:30.222Z,31.72,1.6,0.8333333333333334,450,15.638029600170732
2025-10-14T17:47:31.383Z,31.71,1.6,0.8333333333333334,450,15.638891189980075
2025-10-14T17:48:02.117Z,31.7,1.6,0.8333333333333334,450,15.639758191806031
2025-10-14T17:48:32.603Z,31.71,1.6,0.8333333333333334,450,15.638891189980075
2025-10-14T17:49:33.822Z,31.72,1.6,0.8333333333333334,450,15.638029600170732
2025-10-14T17:50:04.495Z,31.76,1.6,0.8333333333333334,450,15.634635828396634
2025-10-14T17:50:35.177Z,31.73,1.6,0.8333333333333334,450,15.6371733460611
2025-10-14T17:51:05.727Z,31.7,1.6,0.8333333333333334,450,15.639758191806031
2025-10-14T17:51:36.287Z,31.75,1.6,0.8333333333333334,450,15.635476537551035
2025-10-14T17:52:07.004Z,31.73,1.6,0.8333333333333334,450,15.6371733460611
2025-10-14T17:52:37.479Z,31.74,1.6,0.8333333333333334,450,15.636322350910095
2025-10-14T17:53:08.170Z,31.71,1.6,0.8333333333333334,450,15.638891189980075
2025-10-14T17:53:38.778Z,31.73,1.6,0.8333333333333334,450,15.6371733460611
2025-10-14T17:54:39.959Z,31.72,1.6,0.8333333333333334,450,15.638029600170732
2025-10-14T17:55:10.536Z,31.87,1.6,0.8333333333333334,450,15.625702303972123
2025-10-14T17:55:41.181Z,31.73,1.6,0.8333333333333334,450,15.6371733460611
2025-10-14T17:56:42.393Z,31.79,1.6,0.8333333333333334,450,15.6321435440465
2025-10-14T17:57:13.077Z,31.86,1.6,0.8333333333333334,450,15.62649210467083
2025-10-14T17:58:14.307Z,31.74,1.6,0.8333333333333334,450,15.636322350910095
2025-10-14T17:58:44.884Z,31.86,1.6,0.8333333333333334,450,15.62649210467083
2025-10-14T17:59:15.508Z,31.6,1.6,0.8333333333333334,450,15.648742348463045
2025-10-14T17:59:46.099Z,31.78,1.6,0.8333333333333334,450,15.632969410268462
2025-10-14T18:00:16.764Z,31.92,1.6,0.8333333333333334,450,15.621813762856778
2025-10-14T18:00:47.273Z,31.86,1.6,0.8333333333333334,450,15.62649210467083
2025-10-14T18:01:18.008Z,31.6,1.6,0.8333333333333334,450,15.648742348463045
2025-10-14T18:01:48.508Z,31.72,1.6,0.8333333333333334,450,15.638029600170732
2025-10-14T18:02:19.175Z,31.78,1.6,0.8333333333333334,450,15.632969410268462
2025-10-14T18:02:49.789Z,31.72,1.6,0.8333333333333334,450,15.638029600170732
2025-10-14T18:03:20.411Z,31.61,1.6,0.8333333333333334,450,15.647817125403133
2025-10-14T18:03:50.945Z,31.72,1.6,0.8333333333333334,450,15.638029600170732
2025-10-14T18:05:53.422Z,31.82,1.6,0.8333333333333334,450,15.629694364697365
2025-10-14T18:06:24.063Z,31.67,1.6,0.8333333333333334,450,15.642392426057285
2025-10-14T18:06:54.749Z,31.72,1.6,0.8333333333333334,450,15.638029600170732
2025-10-14T18:07:55.997Z,31.63,1.6,0.8333333333333334,450,15.645985060328865
2025-10-14T18:08:26.476Z,31.78,1.6,0.8333333333333334,450,15.632969410268462
2025-10-14T18:08:57.136Z,31.7,1.6,0.8333333333333334,450,15.639758191806031
2025-10-14T18:09:27.689Z,31.6,1.6,0.8333333333333334,450,15.648742348463045
2025-10-14T18:09:58.371Z,31.72,1.6,0.8333333333333334,450,15.638029600170732
2025-10-14T18:10:28.912Z,31.86,1.6,0.8333333333333334,450,15.62649210467083
2025-10-14T18:10:59.622Z,31.7,1.6,0.8333333333333334,450,15.639758191806031
2025-10-14T18:11:30.149Z,31.61,1.6,0.8333333333333334,450,15.647817125403133
2025-10-14T18:12:00.803Z,31.66,1.6,0.8333333333333334,450,15.643281830443536
2025-10-14T18:12:31.351Z,31.71,1.6,0.8333333333333334,450,15.638891189980075
2025-10-14T18:13:02.084Z,31.72,1.6,0.8333333333333334,450,15.638029600170732
2025-10-14T18:13:32.601Z,31.78,1.6,0.8333333333333334,450,15.632969410268462
2025-10-14T18:14:03.221Z,31.86,1.6,0.8333333333333334,450,15.62649210467083
2025-10-14T18:14:33.829Z,31.78,1.6,0.8333333333333334,450,15.632969410268462
2025-10-14T18:15:04.464Z,31.73,1.6,0.8333333333333334,450,15.6371733460611
2025-10-14T18:15:35.015Z,31.86,1.6,0.8333333333333334,450,15.62649210467083
2025-10-14T18:16:05.629Z,31.67,1.6,0.8333333333333334,450,15.642392426057285
2025-10-14T18:16:36.311Z,31.7,1.6,0.8333333333333334,450,15.639758191806031
2025-10-14T18:17:37.535Z,31.71,1.6,0.8333333333333334,450,15.638891189980075
2025-10-14T18:18:08.126Z,31.75,1.6,0.8333333333333334,450,15.635476537551035
2025-10-14T18:18:38.782Z,31.6,1.6,0.8333333333333334,450,15.648742348463045
2025-10-14T18:19:09.350Z,31.76,1.6,0.8333333333333334,450,15.634635828396634
2025-10-14T18:19:39.967Z,31.57,1.6,0.8333333333333334,450,15.651555635211736
2025-10-14T18:20:10.520Z,31.92,1.6,0.8333333333333334,450,15.621813762856778
2025-10-14T18:20:41.184Z,31.7,1.6,0.8333333333333334,450,15.639758191806031
2025-10-14T18:21:11.755Z,31.72,1.6,0.8333333333333334,450,15.638029600170732
2025-10-14T18:21:42.425Z,31.71,1.6,0.8333333333333334,450,15.638891189980075
2025-10-14T18:23:14.191Z,31.73,1.6,0.8333333333333334,450,15.6371733460611
2025-10-14T18:23:44.866Z,31.67,1.6,0.8333333333333334,450,15.642392426057285
2025-10-14T18:24:15.417Z,31.78,1.6,0.8333333333333334,450,15.632969410268462
2025-10-14T18:24:46.157Z,31.72,1.6,0.8333333333333334,450,15.638029600170732
2025-10-14T18:25:16.729Z,31.86,1.6,0.8333333333333334,450,15.62649210467083
2025-10-14T18:25:47.243Z,31.75,1.6,0.8333333333333334,450,15.635476537551035
2025-10-14T18:26:17.929Z,31.86,1.6,0.8333333333333334,450,15.62649210467083
2025-10-14T18:26:48.485Z,31.72,1.6,0.8333333333333334,450,15.638029600170732
2025-10-14T18:27:19.149Z,31.75,1.6,0.8333333333333334,450,15.635476537551035
2025-10-14T18:27:49.775Z,31.73,1.6,0.8333333333333334,450,15.6371733460611
2025-10-14T18:28:20.416Z,31.72,1.6,0.8333333333333334,450,15.638029600170732
2025-10-14T18:28:50.956Z,31.98,1.6,0.8333333333333334,450,15.617269449061482
2025-10-14T18:29:21.632Z,31.86,1.6,0.8333333333333334,450,15.62649210467083
2025-10-14T18:29:52.182Z,31.78,1.6,0.8333333333333334,450,15.632969410268462
2025-10-14T18:30:22.842Z,31.79,1.6,0.8333333333333334,450,15.6321435440465
2025-10-14T18:30:53.394Z,31.86,1.6,0.8333333333333334,450,15.62649210467083
2025-10-14T18:31:54.656Z,31.78,1.6,0.8333333333333334,450,15.632969410268462
2025-10-14T18:32:25.209Z,31.75,1.6,0.8333333333333334,450,15.635476537551035
2025-10-14T18:32:55.885Z,31.73,1.6,0.8333333333333334,450,15.6371733460611
2025-10-14T18:33:26.498Z,31.87,1.6,0.8333333333333334,450,15.625702303972123
2025-10-14T18:33:57.093Z,31.78,1.6,0.8333333333333334,450,15.632969410268462
2025-10-14T18:34:27.661Z,31.87,1.6,0.8333333333333334,450,15.625702303972123
2025-10-14T18:34:58.430Z,31.8,1.6,0.8333333333333334,450,15.631322467538551
2025-10-14T18:35:28.887Z,31.72,1.6,0.8333333333333334,450,15.638029600170732
2025-10-14T18:36:30.101Z,31.86,1.6,0.8333333333333334,450,15.62649210467083
2025-10-14T18:37:00.759Z,31.75,1.6,0.8333333333333334,450,15.635476537551035
2025-10-14T18:37:31.421Z,31.78,1.6,0.8333333333333334,450,15.632969410268462
2025-10-14T18:38:01.943Z,31.72,1.6,0.8333333333333334,450,15.638029600170732
2025-10-14T18:38:32.640Z,31.74,1.6,0.8333333333333334,450,15.636322350910095
2025-10-14T18:39:03.182Z,31.72,1.6,0.8333333333333334,450,15.638029600170732
2025-10-14T18:40:04.445Z,31.92,1.6,0.8333333333333334,450,15.621813762856778
2025-10-14T18:40:35.069Z,31.71,1.6,0.8333333333333334,450,15.638891189980075
2025-10-14T18:41:36.274Z,31.86,1.6,0.8333333333333334,450,15.62649210467083
2025-10-14T18:42:37.486Z,31.92,1.6,0.8333333333333334,450,15.621813762856778
2025-10-14T18:43:08.079Z,31.71,1.6,0.8333333333333334,450,15.638891189980075
2025-10-14T18:43:38.749Z,31.72,1.6,0.8333333333333334,450,15.638029600170732
2025-10-14T18:44:09.303Z,31.86,1.6,0.8333333333333334,450,15.62649210467083
2025-10-14T18:44:40.036Z,31.75,1.6,0.8333333333333334,450,15.635476537551035
2025-10-14T18:45:10.536Z,31.78,1.6,0.8333333333333334,450,15.632969410268462
2025-10-14T18:45:41.194Z,31.86,1.6,0.8333333333333334,450,15.62649210467083
2025-10-14T18:46:11.751Z,31.72,1.6,0.8333333333333334,450,15.638029600170732
2025-10-14T18:46:42.493Z,31.78,1.6,0.8333333333333334,450,15.632969410268462
2025-10-14T18:47:13.033Z,31.76,1.6,0.8333333333333334,450,15.634635828396634
2025-10-14T18:47:43.635Z,31.86,1.6,0.8333333333333334,450,15.62649210467083
2025-10-14T18:48:14.181Z,31.78,1.6,0.8333333333333334,450,15.632969410268462
2025-10-14T18:48:44.856Z,31.86,1.6,0.8333333333333334,450,15.62649210467083
2025-10-14T18:49:15.380Z,31.81,1.6,0.8333333333333334,450,15.630506101103066
2025-10-14T18:49:46.066Z,31.74,1.6,0.8333333333333334,450,15.636322350910095
2025-10-14T18:50:16.615Z,31.85,1.6,0.8333333333333334,450,15.627286129287675
2025-10-14T18:50:47.275Z,31.73,1.6,0.8333333333333334,450,15.6371733460611
2025-10-14T18:51:17.842Z,31.78,1.6,0.8333333333333334,450,15.632969410268462
2025-10-14T18:51:48.493Z,31.98,1.6,0.8333333333333334,450,15.617269449061482
2025-10-14T18:52:19.144Z,31.67,1.6,0.8333333333333334,450,15.642392426057285
2025-10-14T18:52:49.822Z,31.73,1.6,0.8333333333333334,450,15.6371733460611
2025-10-14T18:53:20.259Z,31.82,1.6,0.8333333333333334,450,15.629694364697365
2025-10-14T18:53:50.925Z,31.74,1.6,0.8333333333333334,450,15.636322350910095
2025-10-14T18:54:21.614Z,31.72,1.6,0.8333333333333334,450,15.638029600170732
2025-10-14T18:54:52.152Z,31.74,1.6,0.8333333333333334,450,15.636322350910095
2025-10-14T18:55:22.790Z,31.78,1.6,0.8333333333333334,450,15.632969410268462
2025-10-14T18:56:23.960Z,31.88,1.6,0.8333333333333334,450,15.62491664481277
2025-10-14T18:56:54.637Z,31.74,1.6,0.8333333333333334,450,15.636322350910095
2025-10-14T18:57:25.235Z,31.86,1.6,0.8333333333333334,450,15.62649210467083
2025-10-14T18:57:55.849Z,31.72,1.6,0.8333333333333334,450,15.638029600170732
2025-10-14T18:58:57.072Z,31.74,1.6,0.8333333333333334,450,15.636322350910095
2025-10-14T18:59:27.602Z,31.86,1.6,0.8333333333333334,450,15.62649210467083
2025-10-14T18:59:58.266Z,31.72,1.6,0.8333333333333334,450,15.638029600170732
2025-10-14T19:00:28.935Z,31.71,1.6,0.8333333333333334,450,15.638891189980075
2025-10-14T19:00:59.469Z,31.73,1.6,0.8333333333333334,450,15.6371733460611
2025-10-14T19:01:30.161Z,31.98,1.6,0.8333333333333334,450,15.617269449061482
2025-10-14T19:02:00.719Z,31.92,1.6,0.8333333333333334,450,15.621813762856778
2025-10-14T19:02:31.281Z,31.86,1.6,0.8333333333333334,450,15.62649210467083
2025-10-14T19:03:01.933Z,31.66,1.6,0.8333333333333334,450,15.643281830443536
2025-10-14T19:03:32.578Z,31.72,1.6,0.8333333333333334,450,15.638029600170732
2025-10-14T19:04:03.247Z,31.98,1.6,0.8333333333333334,450,15.617269449061482
2025-10-14T19:04:33.812Z,31.86,1.6,0.8333333333333334,450,15.62649210467083
2025-10-14T19:05:35.027Z,31.67,1.6,0.8333333333333334,450,15.642392426057285
2025-10-14T19:06:36.256Z,31.75,1.6,0.8333333333333334,450,15.635476537551035
2025-10-14T19:07:06.787Z,31.73,1.6,0.8333333333333334,450,15.6371733460611
2025-10-14T19:07:37.449Z,31.86,1.6,0.8333333333333334,450,15.62649210467083
2025-10-14T19:08:08.019Z,31.78,1.6,0.8333333333333334,450,15.632969410268462
2025-10-14T19:09:09.233Z,31.73,1.6,0.8333333333333334,450,15.6371733460611
2025-10-14T19:09:40.054Z,31.77,1.6,0.8333333333333334,450,15.633800145441707
2025-10-14T19:10:10.489Z,31.8,1.6,0.8333333333333334,450,15.631322467538551
2025-10-14T19:10:41.170Z,31.84,1.6,0.8333333333333334,450,15.628084459820155
2025-10-14T19:11:11.728Z,31.98,1.6,0.8333333333333334,450,15.617269449061482
2025-10-14T19:11:42.281Z,31.72,1.6,0.8333333333333334,450,15.638029600170732
2025-10-14T19:12:43.519Z,31.86,1.6,0.8333333333333334,450,15.62649210467083
2025-10-14T19:13:14.207Z,31.78,1.6,0.8333333333333334,450,15.632969410268462
2025-10-14T19:13:44.732Z,31.98,1.6,0.8333333333333334,450,15.617269449061482
2025-10-14T19:14:15.440Z,31.74,1.6,0.8333333333333334,450,15.636322350910095
2025-10-14T19:14:46.046Z,31.98,1.6,0.8333333333333334,450,15.617269449061482
2025-10-14T19:15:16.626Z,31.86,1.6,0.8333333333333334,450,15.62649210467083
2025-10-14T19:16:17.825Z,31.93,1.6,0.8333333333333334,450,15.621047562621603
2025-10-14T19:16:48.494Z,31.78,1.6,0.8333333333333334,450,15.632969410268462
2025-10-14T19:17:19.058Z,31.84,1.6,0.8333333333333334,450,15.628084459820155
2025-10-14T19:17:49.728Z,31.98,1.6,0.8333333333333334,450,15.617269449061482
2025-10-14T19:18:20.271Z,31.76,1.6,0.8333333333333334,450,15.634635828396634
2025-10-14T19:18:50.933Z,31.73,1.6,0.8333333333333334,450,15.6371733460611
2025-10-14T19:19:21.494Z,31.77,1.6,0.8333333333333334,450,15.633800145441707
2025-10-14T19:19:52.161Z,31.86,1.6,0.8333333333333334,450,15.62649210467083
2025-10-14T19:20:22.725Z,31.72,1.6,0.8333333333333334,450,15.638029600170732
2025-10-14T19:20:53.286Z,31.89,1.6,0.8333333333333334,450,15.624135044436827
2025-10-14T19:21:23.936Z,31.71,1.6,0.8333333333333334,450,15.638891189980075
2025-10-14T19:22:25.243Z,31.75,1.6,0.8333333333333334,450,15.635476537551035
2025-10-14T19:22:55.830Z,31.86,1.6,0.8333333333333334,450,15.62649210467083
2025-10-14T19:23:57.049Z,31.67,1.6,0.8333333333333334,450,15.642392426057285
2025-10-14T19:24:27.582Z,31.86,1.6,0.8333333333333334,450,15.62649210467083
2025-10-14T19:24:58.293Z,31.78,1.6,0.8333333333333334,450,15.632969410268462
2025-10-14T19:25:28.912Z,31.92,1.6,0.8333333333333334,450,15.621813762856778
2025-10-14T19:25:59.467Z,31.98,1.6,0.8333333333333334,450,15.617269449061482
2025-10-14T19:27:00.665Z,31.84,1.6,0.8333333333333334,450,15.628084459820155
2025-10-14T19:27:31.323Z,31.81,1.6,0.8333333333333334,450,15.630506101103066
2025-10-14T19:28:01.920Z,31.84,1.6,0.8333333333333334,450,15.628084459820155
2025-10-14T19:28:32.583Z,31.7,1.6,0.8333333333333334,450,15.639758191806031
2025-10-14T19:29:03.089Z,31.98,1.6,0.8333333333333334,450,15.617269449061482
2025-10-14T19:29:33.760Z,31.86,1.6,0.8333333333333334,450,15.62649210467083
2025-10-14T19:30:34.985Z,31.98,1.6,0.8333333333333334,450,15.617269449061482
2025-10-14T19:31:05.537Z,31.86,1.6,0.8333333333333334,450,15.62649210467083
2025-10-14T19:31:36.197Z,31.98,1.6,0.8333333333333334,450,15.617269449061482
2025-10-14T19:32:06.778Z,32.02,1.6,0.8333333333333334,450,15.61430526885239
2025-10-14T19:32:37.421Z,31.86,1.6,0.8333333333333334,450,15.62649210467083
2025-10-14T19:33:38.710Z,31.92,1.6,0.8333333333333334,450,15.621813762856778
2025-10-14T19:34:09.251Z,31.86,1.6,0.8333333333333334,450,15.62649210467083
2025-10-14T19:34:39.887Z,31.72,1.6,0.8333333333333334,450,15.638029600170732
2025-10-14T19:35:10.551Z,31.86,1.6,0.8333333333333334,450,15.62649210467083
2025-10-14T19:35:41.063Z,31.98,1.6,0.8333333333333334,450,15.617269449061482
2025-10-14T19:36:11.748Z,31.86,1.6,0.8333333333333334,450,15.62649210467083
2025-10-14T19:37:43.488Z,31.98,1.6,0.8333333333333334,450,15.617269449061482
2025-10-14T19:38:14.157Z,31.86,1.6,0.8333333333333334,450,15.62649210467083
2025-10-14T19:38:44.808Z,31.91,1.6,0.8333333333333334,450,15.622583687143148
2025-10-14T19:39:15.367Z,31.98,1.6,0.8333333333333334,450,15.617269449061482
2025-10-14T19:39:45.946Z,31.72,1.6,0.8333333333333334,450,15.638029600170732
2025-10-14T19:40:16.609Z,31.98,1.6,0.8333333333333334,450,15.617269449061482
2025-10-14T19:40:47.160Z,31.86,1.6,0.8333333333333334,450,15.62649210467083
2025-10-14T19:41:17.907Z,31.98,1.6,0.8333333333333334,450,15.617269449061482
2025-10-14T19:41:48.469Z,31.73,1.6,0.8333333333333334,450,15.6371733460611
2025-10-14T19:42:19.096Z,31.86,1.6,0.8333333333333334,450,15.62649210467083
2025-10-14T19:43:20.315Z,31.74,1.6,0.8333333333333334,450,15.636322350910095
2025-10-14T19:43:50.930Z,31.86,1.6,0.8333333333333334,450,15.62649210467083
2025-10-14T19:44:21.504Z,31.77,1.6,0.8333333333333334,450,15.633800145441707
2025-10-14T19:44:52.058Z,31.86,1.6,0.8333333333333334,450,15.62649210467083
2025-10-14T19:45:53.294Z,31.98,1.6,0.8333333333333334,450,15.617269449061482
2025-10-14T19:46:23.915Z,31.74,1.6,0.8333333333333334,450,15.636322350910095
2025-10-14T19:46:54.488Z,31.86,1.6,0.8333333333333334,450,15.62649210467083
2025-10-14T19:47:25.156Z,31.78,1.6,0.8333333333333334,450,15.632969410268462
2025-10-14T19:47:56.002Z,31.86,1.6,0.8333333333333334,450,15.62649210467083
2025-10-14T19:48:56.972Z,31.72,1.6,0.8333333333333334,450,15.638029600170732
2025-10-14T19:49:27.663Z,31.98,1.6,0.8333333333333334,450,15.617269449061482
2025-10-14T19:49:58.182Z,31.78,1.6,0.8333333333333334,450,15.632969410268462
2025-10-14T19:50:28.864Z,31.92,1.6,0.8333333333333334,450,15.621813762856778
2025-10-14T19:50:59.454Z,31.72,1.6,0.8333333333333334,450,15.638029600170732
2025-10-14T19:51:30.102Z,31.86,1.6,0.8333333333333334,450,15.62649210467083
2025-10-14T19:52:00.670Z,31.98,1.6,0.8333333333333334,450,15.617269449061482
2025-10-14T19:52:31.260Z,31.75,1.6,0.8333333333333334,450,15.635476537551035
2025-10-14T19:53:01.863Z,31.86,1.6,0.8333333333333334,450,15.62649210467083
2025-10-14T19:53:32.518Z,31.88,1.6,0.8333333333333334,450,15.62491664481277
2025-10-14T19:54:03.128Z,32.07,1.6,0.8333333333333334,450,15.610663778338264
2025-10-14T19:54:33.733Z,31.86,1.6,0.8333333333333334,450,15.62649210467083
2025-10-14T19:55:04.278Z,31.98,1.6,0.8333333333333334,450,15.617269449061482
2025-10-14T19:55:34.924Z,31.79,1.6,0.8333333333333334,450,15.6321435440465
2025-10-14T19:56:05.523Z,31.86,1.6,0.8333333333333334,450,15.62649210467083
2025-10-14T19:56:36.225Z,31.98,1.6,0.8333333333333334,450,15.617269449061482
2025-10-14T19:57:06.797Z,31.86,1.6,0.8333333333333334,450,15.62649210467083
2025-10-14T19:57:37.453Z,31.72,1.6,0.8333333333333334,450,15.638029600170732
2025-10-14T19:58:07.977Z,31.82,1.6,0.8333333333333334,450,15.629694364697365
2025-10-14T19:58:38.670Z,31.86,1.6,0.8333333333333334,450,15.62649210467083
2025-10-14T19:59:09.198Z,31.98,1.6,0.8333333333333334,450,15.617269449061482
2025-10-14T19:59:39.839Z,31.86,1.6,0.8333333333333334,450,15.62649210467083
2025-10-14T20:00:10.390Z,31.75,1.6,0.8333333333333334,450,15.635476537551035
2025-10-14T20:00:41.104Z,31.98,1.6,0.8333333333333334,450,15.617269449061482
2025-10-14T20:01:11.729Z,31.86,1.6,0.8333333333333334,450,15.62649210467083
2025-10-14T20:01:42.351Z,31.98,1.6,0.8333333333333334,450,15.617269449061482
2025-10-14T20:03:14.157Z,31.86,1.6,0.8333333333333334,450,15.62649210467083
2025-10-14T20:03:44.732Z,31.99,1.6,0.8333333333333334,450,15.616523804319467
2025-10-14T20:04:15.412Z,31.98,1.6,0.8333333333333334,450,15.617269449061482
2025-10-14T20:04:45.956Z,31.67,1.6,0.8333333333333334,450,15.642392426057285
2025-10-14T20:05:16.608Z,31.86,1.6,0.8333333333333334,450,15.62649210467083
2025-10-14T20:06:17.833Z,31.75,1.6,0.8333333333333334,450,15.635476537551035
2025-10-14T20:06:48.430Z,31.76,1.6,0.8333333333333334,450,15.634635828396634
2025-10-14T20:07:18.970Z,31.92,1.6,0.8333333333333334,450,15.621813762856778
2025-10-14T20:07:49.616Z,31.72,1.6,0.8333333333333334,450,15.638029600170732
2025-10-14T20:08:20.270Z,31.88,1.6,0.8333333333333334,450,15.62491664481277
2025-10-14T20:08:50.835Z,31.98,1.6,0.8333333333333334,450,15.617269449061482
2025-10-14T20:09:21.478Z,31.86,1.6,0.8333333333333334,450,15.62649210467083
2025-10-14T20:09:52.036Z,31.73,1.6,0.8333333333333334,450,15.6371733460611
2025-10-14T20:10:22.693Z,31.87,1.6,0.8333333333333334,450,15.625702303972123
2025-10-14T20:10:53.290Z,31.86,1.6,0.8333333333333334,450,15.62649210467083
2025-10-14T20:11:23.904Z,31.75,1.6,0.8333333333333334,450,15.635476537551035
2025-10-14T20:11:54.561Z,31.86,1.6,0.8333333333333334,450,15.62649210467083
2025-10-14T20:12:25.099Z,31.78,1.6,0.8333333333333334,450,15.632969410268462
2025-10-14T20:12:55.743Z,31.85,1.6,0.8333333333333334,450,15.627286129287675
2025-10-14T20:13:26.398Z,31.87,1.6,0.8333333333333334,450,15.625702303972123
2025-10-14T20:13:56.919Z,31.72,1.6,0.8333333333333334,450,15.638029600170732
2025-10-14T20:14:27.584Z,31.79,1.6,0.8333333333333334,450,15.6321435440465
2025-10-14T20:14:58.141Z,31.86,1.6,0.8333333333333334,450,15.62649210467083
2025-10-14T20:15:28.809Z,31.98,1.6,0.8333333333333334,450,15.617269449061482
2025-10-14T20:15:59.360Z,31.92,1.6,0.8333333333333334,450,15.621813762856778
2025-10-14T20:17:00.695Z,31.86,1.6,0.8333333333333334,450,15.62649210467083
2025-10-14T20:17:31.275Z,31.98,1.6,0.8333333333333334,450,15.617269449061482
2025-10-14T20:18:01.942Z,31.78,1.6,0.8333333333333334,450,15.632969410268462
2025-10-14T20:18:32.582Z,31.99,1.6,0.8333333333333334,450,15.616523804319467
2025-10-14T20:19:03.051Z,31.82,1.6,0.8333333333333334,450,15.629694364697365
2025-10-14T20:19:33.689Z,31.86,1.6,0.8333333333333334,450,15.62649210467083
2025-10-14T20:20:34.883Z,31.85,1.6,0.8333333333333334,450,15.627286129287675
2025-10-14T20:21:05.571Z,31.86,1.6,0.8333333333333334,450,15.62649210467083
2025-10-14T20:23:07.992Z,31.72,1.6,0.8333333333333334,450,15.638029600170732
2025-10-14T20:23:38.568Z,31.86,1.6,0.8333333333333334,450,15.62649210467083
2025-10-14T20:24:09.195Z,31.98,1.6,0.8333333333333334,450,15.617269449061482
2025-10-14T20:25:41.073Z,31.86,1.6,0.8333333333333334,450,15.62649210467083
2025-10-14T20:26:11.619Z,31.78,1.6,0.8333333333333334,450,15.632969410268462
2025-10-14T20:26:42.276Z,31.86,1.6,0.8333333333333334,450,15.62649210467083
2025-10-14T20:27:12.815Z,31.98,1.6,0.8333333333333334,450,15.617269449061482
2025-10-14T20:27:43.501Z,31.76,1.6,0.8333333333333334,450,15.634635828396634
2025-10-14T20:28:14.141Z,31.98,1.6,0.8333333333333334,450,15.617269449061482
2025-10-14T20:28:44.725Z,31.7,1.6,0.8333333333333334,450,15.639758191806031
2025-10-14T20:29:15.359Z,31.98,1.6,0.8333333333333334,450,15.617269449061482
2025-10-14T20:29:45.978Z,31.78,1.6,0.8333333333333334,450,15.632969410268462
2025-10-14T20:30:16.486Z,31.95,1.6,0.8333333333333334,450,15.619525995579775
2025-10-14T20:30:47.190Z,31.86,1.6,0.8333333333333334,450,15.62649210467083
2025-10-14T20:32:19.078Z,31.92,1.6,0.8333333333333334,450,15.621813762856778
2025-10-14T20:32:49.575Z,31.72,1.6,0.8333333333333334,450,15.638029600170732
2025-10-14T20:33:20.248Z,31.86,1.6,0.8333333333333334,450,15.62649210467083
2025-10-14T20:33:50.822Z,31.72,1.6,0.8333333333333334,450,15.638029600170732
2025-10-14T20:34:21.460Z,31.78,1.6,0.8333333333333334,450,15.632969410268462
2025-10-14T20:34:52.004Z,31.82,1.6,0.8333333333333334,450,15.629694364697365
2025-10-14T20:35:22.669Z,31.86,1.6,0.8333333333333334,450,15.62649210467083
2025-10-14T20:35:53.277Z,31.85,1.6,0.8333333333333334,450,15.627286129287675
2025-10-14T20:36:23.861Z,31.73,1.6,0.8333333333333334,450,15.6371733460611
2025-10-14T20:36:54.564Z,31.79,1.6,0.8333333333333334,450,15.6321435440465
2025-10-14T20:37:25.101Z,31.78,1.6,0.8333333333333334,450,15.632969410268462
2025-10-14T20:38:26.489Z,31.73,1.6,0.8333333333333334,450,15.6371733460611
2025-10-14T20:38:56.997Z,31.72,1.6,0.8333333333333334,450,15.638029600170732
2025-10-14T20:39:27.542Z,31.75,1.6,0.8333333333333334,450,15.635476537551035
2025-10-14T20:39:58.124Z,31.72,1.6,0.8333333333333334,450,15.638029600170732
2025-10-14T20:40:28.789Z,31.86,1.6,0.8333333333333334,450,15.62649210467083
2025-10-14T20:40:59.347Z,31.98,1.6,0.8333333333333334,450,15.617269449061482
2025-10-14T20:43:01.852Z,31.93,1.6,0.8333333333333334,450,15.621047562621603
2025-10-14T20:43:32.445Z,31.98,1.6,0.8333333333333334,450,15.617269449061482
2025-10-14T20:45:04.265Z,31.72,1.6,0.8333333333333334,450,15.638029600170732
2025-10-14T20:45:34.945Z,31.98,1.6,0.8333333333333334,450,15.617269449061482
2025-10-14T20:46:05.494Z,31.88,1.6,0.8333333333333334,450,15.62491664481277
2025-10-14T20:46:36.111Z,31.78,1.6,0.8333333333333334,450,15.632969410268462
2025-10-14T20:47:37.408Z,31.72,1.6,0.8333333333333334,450,15.638029600170732
2025-10-14T20:48:08.012Z,31.92,1.6,0.8333333333333334,450,15.621813762856778
2025-10-14T20:48:38.714Z,31.95,1.6,0.8333333333333334,450,15.619525995579775
2025-10-14T20:49:09.190Z,31.92,1.6,0.8333333333333334,450,15.621813762856778
2025-10-14T20:49:39.919Z,31.86,1.6,0.8333333333333334,450,15.62649210467083
2025-10-14T20:50:41.028Z,31.98,1.6,0.8333333333333334,450,15.617269449061482
2025-10-14T20:51:11.579Z,31.72,1.6,0.8333333333333334,450,15.638029600170732
2025-10-14T20:51:42.267Z,31.86,1.6,0.8333333333333334,450,15.62649210467083
2025-10-14T20:52:43.459Z,31.95,1.6,0.8333333333333334,450,15.619525995579775
2025-10-14T20:53:14.048Z,31.78,1.6,0.8333333333333334,450,15.632969410268462
2025-10-14T20:53:44.745Z,31.86,1.6,0.8333333333333334,450,15.62649210467083
2025-10-14T20:54:15.303Z,31.82,1.6,0.8333333333333334,450,15.629694364697365
2025-10-14T20:54:45.874Z,31.92,1.6,0.8333333333333334,450,15.621813762856778
2025-10-14T20:55:16.587Z,31.98,1.6,0.8333333333333334,450,15.617269449061482
2025-10-14T20:55:47.097Z,31.86,1.6,0.8333333333333334,450,15.62649210467083
2025-10-14T20:56:17.754Z,31.98,1.6,0.8333333333333334,450,15.617269449061482
2025-10-14T20:56:48.411Z,31.86,1.6,0.8333333333333334,450,15.62649210467083
2025-10-14T20:57:18.984Z,31.98,1.6,0.8333333333333334,450,15.617269449061482
2025-10-14T20:57:49.636Z,31.86,1.6,0.8333333333333334,450,15.62649210467083
2025-10-14T20:58:50.786Z,31.78,1.6,0.8333333333333334,450,15.632969410268462
2025-10-14T20:59:21.417Z,31.81,1.6,0.8333333333333334,450,15.630506101103066
2025-10-14T20:59:51.967Z,31.88,1.6,0.8333333333333334,450,15.62491664481277
2025-10-14T21:00:22.642Z,31.86,1.6,0.8333333333333334,450,15.62649210467083
2025-10-14T21:00:53.327Z,31.98,1.6,0.8333333333333334,450,15.617269449061482
2025-10-14T21:01:23.829Z,31.86,1.6,0.8333333333333334,450,15.62649210467083
2025-10-14T21:01:54.506Z,31.72,1.6,0.8333333333333334,450,15.638029600170732
2025-10-14T21:02:25.044Z,31.98,1.6,0.8333333333333334,450,15.617269449061482
2025-10-14T21:02:55.732Z,31.77,1.6,0.8333333333333334,450,15.633800145441707
2025-10-14T21:03:26.259Z,31.86,1.6,0.8333333333333334,450,15.62649210467083
2025-10-14T21:03:56.932Z,31.92,1.6,0.8333333333333334,450,15.621813762856778
2025-10-14T21:04:27.492Z,31.79,1.6,0.8333333333333334,450,15.6321435440465
2025-10-14T21:04:58.169Z,31.98,1.6,0.8333333333333334,450,15.617269449061482
2025-10-14T21:05:28.841Z,31.86,1.6,0.8333333333333334,450,15.62649210467083
2025-10-14T21:05:59.355Z,31.79,1.6,0.8333333333333334,450,15.6321435440465
2025-10-14T21:06:30.017Z,31.98,1.6,0.8333333333333334,450,15.617269449061482
2025-10-14T21:07:00.631Z,31.86,1.6,0.8333333333333334,450,15.62649210467083
2025-10-14T21:08:01.852Z,31.78,1.6,0.8333333333333334,450,15.632969410268462
2025-10-14T21:08:32.488Z,31.75,1.6,0.8333333333333334,450,15.635476537551035
2025-10-14T21:09:02.996Z,31.86,1.6,0.8333333333333334,450,15.62649210467083
2025-10-14T21:10:34.940Z,31.98,1.6,0.8333333333333334,450,15.617269449061482
2025-10-14T21:11:36.141Z,31.75,1.6,0.8333333333333334,450,15.635476537551035
2025-10-14T21:12:06.692Z,31.86,1.6,0.8333333333333334,450,15.62649210467083
2025-10-14T21:12:37.410Z,31.98,1.6,0.8333333333333334,450,15.617269449061482
2025-10-14T21:13:38.552Z,31.86,1.6,0.8333333333333334,450,15.62649210467083
2025-10-14T21:14:39.771Z,31.98,1.6,0.8333333333333334,450,15.617269449061482
2025-10-14T21:15:40.990Z,31.78,1.6,0.8333333333333334,450,15.632969410268462
2025-10-14T21:16:11.661Z,31.72,1.6,0.8333333333333334,450,15.638029600170732
2025-10-14T21:16:42.186Z,31.98,1.6,0.8333333333333334,450,15.617269449061482
2025-10-14T21:17:12.855Z,31.86,1.6,0.8333333333333334,450,15.62649210467083
2025-10-14T21:17:43.400Z,31.98,1.6,0.8333333333333334,450,15.617269449061482
2025-10-14T21:19:15.303Z,31.92,1.6,0.8333333333333334,450,15.621813762856778
2025-10-14T21:19:45.847Z,31.95,1.6,0.8333333333333334,450,15.619525995579775
2025-10-14T21:20:16.551Z,31.86,1.6,0.8333333333333334,450,15.62649210467083
2025-10-14T21:20:47.152Z,31.98,1.6,0.8333333333333334,450,15.617269449061482
2025-10-14T21:21:17.735Z,31.72,1.6,0.8333333333333334,450,15.638029600170732
2025-10-14T21:21:48.315Z,32.0,1.6,0.8333333333333334,450,15.615781284104987
2025-10-14T21:22:18.977Z,31.99,1.6,0.8333333333333334,450,15.616523804319467
2025-10-14T21:22:49.552Z,31.72,1.6,0.8333333333333334,450,15.638029600170732
2025-10-14T21:23:20.213Z,31.86,1.6,0.8333333333333334,450,15.62649210467083
2025-10-14T21:23:50.758Z,31.98,1.6,0.8333333333333334,450,15.617269449061482
2025-10-14T21:24:21.454Z,31.84,1.6,0.8333333333333334,450,15.628084459820155
2025-10-14T21:24:52.011Z,31.98,1.6,0.8333333333333334,450,15.617269449061482
2025-10-14T21:25:22.630Z,31.85,1.6,0.8333333333333334,450,15.627286129287675
2025-10-14T21:25:53.229Z,31.98,1.6,0.8333333333333334,450,15.617269449061482
2025-10-14T21:27:25.108Z,31.72,1.6,0.8333333333333334,450,15.638029600170732
2025-10-14T21:27:55.668Z,31.85,1.6,0.8333333333333334,450,15.627286129287675
2025-10-14T21:28:26.318Z,31.99,1.6,0.8333333333333334,450,15.616523804319467
2025-10-14T21:28:56.879Z,31.86,1.6,0.8333333333333334,450,15.62649210467083
2025-10-14T21:29:27.517Z,31.73,1.6,0.8333333333333334,450,15.6371733460611
2025-10-14T21:29:58.069Z,31.98,1.6,0.8333333333333334,450,15.617269449061482
2025-10-14T21:30:28.732Z,31.86,1.6,0.8333333333333334,450,15.62649210467083
2025-10-14T21:30:59.287Z,31.78,1.6,0.8333333333333334,450,15.632969410268462
2025-10-14T21:31:29.931Z,31.98,1.6,0.8333333333333334,450,15.617269449061482
2025-10-14T21:33:01.855Z,31.86,1.6,0.8333333333333334,450,15.62649210467083
2025-10-14T21:33:32.388Z,31.88,1.6,0.8333333333333334,450,15.62491664481277
2025-10-14T21:34:03.017Z,31.71,1.6,0.8333333333333334,450,15.638891189980075
2025-10-14T21:34:33.697Z,31.86,1.6,0.8333333333333334,450,15.62649210467083
2025-10-14T21:35:04.234Z,31.78,1.6,0.8333333333333334,450,15.632969410268462
2025-10-14T21:35:34.903Z,31.98,1.6,0.8333333333333334,450,15.617269449061482
2025-10-14T21:36:05.577Z,31.75,1.6,0.8333333333333334,450,15.635476537551035
2025-10-14T21:36:36.107Z,31.98,1.6,0.8333333333333334,450,15.617269449061482
2025-10-14T21:37:06.638Z,31.87,1.6,0.8333333333333334,450,15.625702303972123
2025-10-14T21:37:37.313Z,31.98,1.6,0.8333333333333334,450,15.617269449061482
2025-10-14T21:38:07.985Z,31.72,1.6,0.8333333333333334,450,15.638029600170732
2025-10-14T21:39:09.124Z,31.89,1.6,0.8333333333333334,450,15.624135044436827
2025-10-14T21:39:39.756Z,31.75,1.6,0.8333333333333334,450,15.635476537551035
2025-10-14T21:40:10.391Z,31.86,1.6,0.8333333333333334,450,15.62649210467083
2025-10-14T21:41:11.625Z,31.78,1.6,0.8333333333333334,450,15.632969410268462
2025-10-14T21:41:42.211Z,31.75,1.6,0.8333333333333334,450,15.635476537551035
2025-10-14T21:42:12.810Z,31.86,1.6,0.8333333333333334,450,15.62649210467083
2025-10-14T21:42:43.479Z,31.92,1.6,0.8333333333333334,450,15.621813762856778
2025-10-14T21:43:14.049Z,31.98,1.6,0.8333333333333334,450,15.617269449061482
2025-10-14T21:43:44.695Z,31.92,1.6,0.8333333333333334,450,15.621813762856778
2025-10-14T21:44:15.315Z,31.78,1.6,0.8333333333333334,450,15.632969410268462
2025-10-14T21:44:45.916Z,31.98,1.6,0.8333333333333334,450,15.617269449061482
2025-10-14T21:45:16.452Z,31.86,1.6,0.8333333333333334,450,15.62649210467083
2025-10-14T21:46:48.370Z,31.92,1.6,0.8333333333333334,450,15.621813762856778
2025-10-14T21:47:49.655Z,31.98,1.6,0.8333333333333334,450,15.617269449061482
2025-10-14T21:48:20.155Z,31.78,1.6,0.8333333333333334,450,15.632969410268462
2025-10-14T21:48:50.881Z,31.98,1.6,0.8333333333333334,450,15.617269449061482
2025-10-14T21:49:21.383Z,31.86,1.6,0.8333333333333334,450,15.62649210467083
2025-10-14T21:49:52.015Z,31.98,1.6,0.8333333333333334,450,15.617269449061482
2025-10-14T21:50:22.575Z,31.86,1.6,0.8333333333333334,450,15.62649210467083
2025-10-14T21:51:23.881Z,31.92,1.6,0.8333333333333334,450,15.621813762856778
2025-10-14T21:51:54.411Z,31.98,1.6,0.8333333333333334,450,15.617269449061482
2025-10-14T21:53:56.866Z,31.86,1.6,0.8333333333333334,450,15.62649210467083
2025-10-14T21:54:58.055Z,31.98,1.6,0.8333333333333334,450,15.617269449061482
2025-10-14T21:56:29.918Z,31.79,1.6,0.8333333333333334,450,15.6321435440465
2025-10-14T21:57:00.638Z,31.98,1.6,0.8333333333333334,450,15.617269449061482
2025-10-14T21:57:31.141Z,31.92,1.6,0.8333333333333334,450,15.621813762856778
2025-10-14T21:58:01.758Z,31.86,1.6,0.8333333333333334,450,15.62649210467083
2025-10-14T22:00:34.800Z,31.89,1.6,0.8333333333333334,450,15.624135044436827
2025-10-14T22:01:05.455Z,31.86,1.6,0.8333333333333334,450,15.62649210467083
2025-10-14T22:02:06.714Z,31.98,1.6,0.8333333333333334,450,15.617269449061482
2025-10-14T22:03:38.486Z,31.86,1.6,0.8333333333333334,450,15.62649210467083
2025-10-14T22:04:09.163Z,31.81,1.6,0.8333333333333334,450,15.630506101103066
2025-10-14T22:04:39.709Z,31.98,1.6,0.8333333333333334,450,15.617269449061482
2025-10-14T22:05:10.392Z,31.82,1.6,0.8333333333333334,450,15.629694364697365
2025-10-14T22:05:40.932Z,31.86,1.6,0.8333333333333334,450,15.62649210467083
2025-10-14T22:06:11.597Z,31.92,1.6,0.8333333333333334,450,15.621813762856778
2025-10-14T22:06:42.150Z,31.98,1.6,0.8333333333333334,450,15.617269449061482
2025-10-14T22:08:14.050Z,31.86,1.6,0.8333333333333334,450,15.62649210467083
2025-10-14T22:08:44.605Z,31.98,1.6,0.8333333333333334,450,15.617269449061482
2025-10-14T22:10:47.088Z,31.75,1.6,0.8333333333333334,450,15.635476537551035
2025-10-14T22:11:17.751Z,31.98,1.6,0.8333333333333334,450,15.617269449061482
2025-10-14T22:12:18.988Z,31.86,1.6,0.8333333333333334,450,15.62649210467083
2025-10-14T22:14:21.341Z,31.78,1.6,0.8333333333333334,450,15.632969410268462
2025-10-14T22:14:51.990Z,31.92,1.6,0.8333333333333334,450,15.621813762856778
2025-10-14T22:15:22.573Z,31.82,1.6,0.8333333333333334,450,15.629694364697365
2025-10-14T22:15:53.212Z,31.98,1.6,0.8333333333333334,450,15.617269449061482
2025-10-14T22:16:23.767Z,31.92,1.6,0.8333333333333334,450,15.621813762856778
2025-10-14T22:16:54.423Z,31.98,1.6,0.8333333333333334,450,15.617269449061482
2025-10-14T22:17:55.663Z,31.86,1.6,0.8333333333333334,450,15.62649210467083
2025-10-14T22:18:26.313Z,31.78,1.6,0.8333333333333334,450,15.632969410268462
2025-10-14T22:18:56.891Z,31.72,1.6,0.8333333333333334,450,15.638029600170732
2025-10-14T22:19:27.513Z,31.86,1.6,0.8333333333333334,450,15.62649210467083
2025-10-14T22:19:58.078Z,31.92,1.6,0.8333333333333334,450,15.621813762856778
2025-10-14T22:20:28.865Z,31.98,1.6,0.8333333333333334,450,15.617269449061482
2025-10-14T22:20:59.288Z,31.86,1.6,0.8333333333333334,450,15.62649210467083
2025-10-14T22:21:30.016Z,31.98,1.6,0.8333333333333334,450,15.617269449061482
2025-10-14T22:22:00.631Z,31.86,1.6,0.8333333333333334,450,15.62649210467083
2025-10-14T22:22:31.166Z,31.78,1.6,0.8333333333333334,450,15.632969410268462
2025-10-14T22:23:01.721Z,31.95,1.6,0.8333333333333334,450,15.619525995579775
2025-10-14T22:23:32.476Z,31.86,1.6,0.8333333333333334,450,15.62649210467083
2025-10-14T22:24:02.977Z,31.98,1.6,0.8333333333333334,450,15.617269449061482
2025-10-14T22:24:33.698Z,31.79,1.6,0.8333333333333334,450,15.6321435440465
2025-10-14T22:25:04.233Z,32.02,1.6,0.8333333333333334,450,15.61430526885239
2025-10-14T22:25:34.865Z,31.92,1.6,0.8333333333333334,450,15.621813762856778
2025-10-14T22:26:05.378Z,31.98,1.6,0.8333333333333334,450,15.617269449061482
2025-10-14T22:27:37.257Z,31.92,1.6,0.8333333333333334,450,15.621813762856778
2025-10-14T22:28:07.931Z,31.98,1.6,0.8333333333333334,450,15.617269449061482
2025-10-14T22:28:38.479Z,31.86,1.6,0.8333333333333334,450,15.62649210467083
2025-10-14T22:29:09.154Z,31.96,1.6,0.8333333333333334,450,15.618770458520377
2025-10-14T22:29:39.717Z,31.86,1.6,0.8333333333333334,450,15.62649210467083
2025-10-14T22:30:10.371Z,31.92,1.6,0.8333333333333334,450,15.621813762856778
2025-10-14T22:30:40.915Z,32.01,1.6,0.8333333333333334,450,15.615041801399851
2025-10-14T22:31:11.487Z,31.89,1.6,0.8333333333333334,450,15.624135044436827
2025-10-14T22:31:42.140Z,31.92,1.6,0.8333333333333334,450,15.621813762856778
2025-10-14T22:32:12.860Z,32.0,1.6,0.8333333333333334,450,15.615781284104987
2025-10-14T22:32:43.383Z,31.75,1.6,0.8333333333333334,450,15.635476537551035
2025-10-14T22:33:14.036Z,31.92,1.6,0.8333333333333334,450,15.621813762856778
2025-10-14T22:33:44.569Z,31.95,1.6,0.8333333333333334,450,15.619525995579775
2025-10-14T22:34:15.338Z,31.98,1.6,0.8333333333333334,450,15.617269449061482
2025-10-14T22:34:45.809Z,31.92,1.6,0.8333333333333334,450,15.621813762856778
2025-10-14T22:35:16.473Z,31.75,1.6,0.8333333333333334,450,15.635476537551035
2025-10-14T22:35:47.000Z,31.98,1.6,0.8333333333333334,450,15.617269449061482
2025-10-14T22:36:17.665Z,31.92,1.6,0.8333333333333334,450,15.621813762856778
2025-10-14T22:36:48.330Z,32.01,1.6,0.8333333333333334,450,15.615041801399851
2025-10-14T22:37:18.879Z,31.98,1.6,0.8333333333333334,450,15.617269449061482
2025-10-14T22:37:49.534Z,31.82,1.6,0.8333333333333334,450,15.629694364697365
2025-10-14T22:38:20.162Z,31.78,1.6,0.8333333333333334,450,15.632969410268462
2025-10-14T22:38:50.738Z,31.73,1.6,0.8333333333333334,450,15.6371733460611
2025-10-14T22:39:21.265Z,31.98,1.6,0.8333333333333334,450,15.617269449061482
2025-10-14T22:39:51.981Z,31.75,1.6,0.8333333333333334,450,15.635476537551035
2025-10-14T22:40:22.612Z,31.98,1.6,0.8333333333333334,450,15.617269449061482
2025-10-14T22:40:53.212Z,31.85,1.6,0.8333333333333334,450,15.627286129287675
2025-10-14T22:41:23.731Z,31.75,1.6,0.8333333333333334,450,15.635476537551035
2025-10-14T22:41:54.397Z,31.78,1.6,0.8333333333333334,450,15.632969410268462
2025-10-14T22:42:25.138Z,31.98,1.6,0.8333333333333334,450,15.617269449061482
2025-10-14T22:42:55.621Z,31.89,1.6,0.8333333333333334,450,15.624135044436827
2025-10-14T22:43:26.198Z,31.75,1.6,0.8333333333333334,450,15.635476537551035
2025-10-14T22:43:56.877Z,31.86,1.6,0.8333333333333334,450,15.62649210467083
2025-10-14T22:44:27.441Z,31.71,1.6,0.8333333333333334,450,15.638891189980075
2025-10-14T22:44:58.133Z,31.86,1.6,0.8333333333333334,450,15.62649210467083
2025-10-14T22:45:28.689Z,31.72,1.6,0.8333333333333334,450,15.638029600170732
2025-10-14T22:46:29.899Z,31.86,1.6,0.8333333333333334,450,15.62649210467083
2025-10-14T22:47:31.130Z,32.0,1.6,0.8333333333333334,450,15.615781284104987
2025-10-14T22:48:01.760Z,31.86,1.6,0.8333333333333334,450,15.62649210467083
2025-10-14T22:48:32.361Z,31.92,1.6,0.8333333333333334,450,15.621813762856778
2025-10-14T22:49:02.888Z,31.72,1.6,0.8333333333333334,450,15.638029600170732
2025-10-14T22:49:33.631Z,31.92,1.6,0.8333333333333334,450,15.621813762856778
2025-10-14T22:50:04.144Z,31.86,1.6,0.8333333333333334,450,15.62649210467083
2025-10-14T22:51:05.498Z,31.79,1.6,0.8333333333333334,450,15.6321435440465
2025-10-14T22:51:36.043Z,31.86,1.6,0.8333333333333334,450,15.62649210467083
2025-10-14T22:52:37.243Z,31.98,1.6,0.8333333333333334,450,15.617269449061482
2025-10-14T22:53:07.816Z,31.92,1.6,0.8333333333333334,450,15.621813762856778
2025-10-14T22:53:38.523Z,31.98,1.6,0.8333333333333334,450,15.617269449061482
2025-10-14T22:54:09.074Z,31.86,1.6,0.8333333333333334,450,15.62649210467083
2025-10-14T22:54:39.767Z,31.92,1.6,0.8333333333333334,450,15.621813762856778
2025-10-14T22:55:10.293Z,31.98,1.6,0.8333333333333334,450,15.617269449061482
2025-10-14T22:57:12.727Z,31.84,1.6,0.8333333333333334,450,15.628084459820155
2025-10-14T22:57:43.339Z,31.98,1.6,0.8333333333333334,450,15.617269449061482
2025-10-14T22:58:14.021Z,31.86,1.6,0.8333333333333334,450,15.62649210467083
2025-10-14T22:58:44.642Z,31.79,1.6,0.8333333333333334,450,15.6321435440465
2025-10-14T22:59:15.245Z,31.98,1.6,0.8333333333333334,450,15.617269449061482
2025-10-14T22:59:45.889Z,31.72,1.6,0.8333333333333334,450,15.638029600170732
2025-10-14T23:00:16.379Z,31.98,1.6,0.8333333333333334,450,15.617269449061482
2025-10-14T23:01:17.640Z,31.92,1.6,0.8333333333333334,450,15.621813762856778
2025-10-14T23:01:48.322Z,31.98,1.6,0.8333333333333334,450,15.617269449061482
2025-10-14T23:02:18.853Z,32.05,1.6,0.8333333333333334,450,15.612112493726023
2025-10-14T23:02:49.520Z,31.88,1.6,0.8333333333333334,450,15.62491664481277
2025-10-14T23:03:20.072Z,31.99,1.6,0.8333333333333334,450,15.616523804319467
2025-10-14T23:03:50.769Z,31.98,1.6,0.8333333333333334,450,15.617269449061482
2025-10-14T23:06:23.740Z,31.78,1.6,0.8333333333333334,450,15.632969410268462
2025-10-14T23:06:54.391Z,31.92,1.6,0.8333333333333334,450,15.621813762856778
2025-10-14T23:07:24.939Z,31.78,1.6,0.8333333333333334,450,15.632969410268462
2025-10-14T23:07:55.594Z,31.98,1.6,0.8333333333333334,450,15.617269449061482
2025-10-14T23:08:26.261Z,31.99,1.6,0.8333333333333334,450,15.616523804319467
2025-10-14T23:08:56.783Z,31.98,1.6,0.8333333333333334,450,15.617269449061482
2025-10-14T23:09:58.018Z,31.86,1.6,0.8333333333333334,450,15.62649210467083
2025-10-14T23:10:28.706Z,31.92,1.6,0.8333333333333334,450,15.621813762856778
2025-10-14T23:10:59.273Z,31.78,1.6,0.8333333333333334,450,15.632969410268462
2025-10-14T23:11:29.927Z,31.73,1.6,0.8333333333333334,450,15.6371733460611
2025-10-14T23:12:00.506Z,31.99,1.6,0.8333333333333334,450,15.616523804319467
2025-10-14T23:12:31.047Z,31.92,1.6,0.8333333333333334,450,15.621813762856778
2025-10-14T23:13:01.699Z,31.86,1.6,0.8333333333333334,450,15.62649210467083
2025-10-14T23:13:32.387Z,31.89,1.6,0.8333333333333334,450,15.624135044436827
2025-10-14T23:14:02.937Z,31.75,1.6,0.8333333333333334,450,15.635476537551035
2025-10-14T23:14:33.579Z,31.82,1.6,0.8333333333333334,450,15.629694364697365
2025-10-14T23:15:04.104Z,31.98,1.6,0.8333333333333334,450,15.617269449061482
2025-10-14T23:15:34.797Z,31.92,1.6,0.8333333333333334,450,15.621813762856778
2025-10-14T23:16:35.971Z,31.98,1.6,0.8333333333333334,450,15.617269449061482
2025-10-14T23:17:06.562Z,31.78,1.6,0.8333333333333334,450,15.632969410268462
2025-10-14T23:18:07.859Z,31.98,1.6,0.8333333333333334,450,15.617269449061482
2025-10-14T23:19:09.086Z,31.99,1.6,0.8333333333333334,450,15.616523804319467
2025-10-14T23:19:39.659Z,31.87,1.6,0.8333333333333334,450,15.625702303972123
2025-10-14T23:20:10.308Z,31.98,1.6,0.8333333333333334,450,15.617269449061482
2025-10-14T23:20:40.883Z,31.86,1.6,0.8333333333333334,450,15.62649210467083
2025-10-14T23:21:11.533Z,31.98,1.6,0.8333333333333334,450,15.617269449061482
2025-10-14T23:23:14.160Z,31.99,1.6,0.8333333333333334,450,15.616523804319467
2025-10-14T23:23:44.509Z,31.98,1.6,0.8333333333333334,450,15.617269449061482
2025-10-14T23:24:45.837Z,31.95,1.6,0.8333333333333334,450,15.619525995579775
2025-10-14T23:25:16.389Z,31.98,1.6,0.8333333333333334,450,15.617269449061482
2025-10-14T23:25:47.044Z,31.86,1.6,0.8333333333333334,450,15.62649210467083
2025-10-14T23:26:17.598Z,31.8,1.6,0.8333333333333334,450,15.631322467538551
2025-10-14T23:26:48.244Z,31.86,1.6,0.8333333333333334,450,15.62649210467083
2025-10-14T23:28:20.119Z,31.98,1.6,0.8333333333333334,450,15.617269449061482
2025-10-14T23:29:21.328Z,31.75,1.6,0.8333333333333334,450,15.635476537551035
2025-10-14T23:30:22.524Z,31.95,1.6,0.8333333333333334,450,15.619525995579775
2025-10-14T23:30:53.089Z,31.86,1.6,0.8333333333333334,450,15.62649210467083
2025-10-14T23:31:23.743Z,31.72,1.6,0.8333333333333334,450,15.638029600170732
2025-10-14T23:31:54.402Z,31.86,1.6,0.8333333333333334,450,15.62649210467083
2025-10-14T23:32:24.957Z,31.92,1.6,0.8333333333333334,450,15.621813762856778
2025-10-14T23:32:55.520Z,31.86,1.6,0.8333333333333334,450,15.62649210467083
2025-10-14T23:33:26.268Z,31.72,1.6,0.8333333333333334,450,15.638029600170732
2025-10-14T23:33:56.840Z,31.86,1.6,0.8333333333333334,450,15.62649210467083
2025-10-14T23:34:27.396Z,31.76,1.6,0.8333333333333334,450,15.634635828396634
2025-10-14T23:34:57.958Z,31.92,1.6,0.8333333333333334,450,15.621813762856778
2025-10-14T23:35:28.626Z,31.98,1.6,0.8333333333333334,450,15.617269449061482
2025-10-14T23:35:59.284Z,31.86,1.6,0.8333333333333334,450,15.62649210467083
2025-10-14T23:36:29.810Z,31.92,1.6,0.8333333333333334,450,15.621813762856778
2025-10-14T23:37:00.492Z,31.71,1.6,0.8333333333333334,450,15.638891189980075
2025-10-14T23:37:31.051Z,32.03,1.6,0.8333333333333334,450,15.613571598782148
2025-10-14T23:38:01.720Z,31.87,1.6,0.8333333333333334,450,15.625702303972123
2025-10-14T23:38:32.258Z,31.89,1.6,0.8333333333333334,450,15.624135044436827
2025-10-14T23:39:02.961Z,31.98,1.6,0.8333333333333334,450,15.617269449061482
2025-10-14T23:39:33.467Z,31.92,1.6,0.8333333333333334,450,15.621813762856778
2025-10-14T23:40:04.107Z,31.98,1.6,0.8333333333333334,450,15.617269449061482
2025-10-14T23:40:34.768Z,31.86,1.6,0.8333333333333334,450,15.62649210467083
2025-10-14T23:41:05.375Z,31.92,1.6,0.8333333333333334,450,15.621813762856778
2025-10-14T23:41:35.982Z,31.98,1.6,0.8333333333333334,450,15.617269449061482
2025-10-14T23:42:06.544Z,31.88,1.6,0.8333333333333334,450,15.62491664481277
2025-10-14T23:42:37.233Z,31.82,1.6,0.8333333333333334,450,15.629694364697365
2025-10-14T23:43:07.798Z,31.98,1.6,0.8333333333333334,450,15.617269449061482
2025-10-14T23:43:38.475Z,32.02,1.6,0.8333333333333334,450,15.61430526885239
2025-10-14T23:44:09.029Z,31.86,1.6,0.8333333333333334,450,15.62649210467083
2025-10-14T23:45:10.245Z,31.89,1.6,0.8333333333333334,450,15.624135044436827
2025-10-14T23:45:40.905Z,31.86,1.6,0.8333333333333334,450,15.62649210467083
2025-10-14T23:46:11.456Z,31.82,1.6,0.8333333333333334,450,15.629694364697365
2025-10-14T23:46:42.147Z,31.86,1.6,0.8333333333333334,450,15.62649210467083
2025-10-14T23:47:12.673Z,31.87,1.6,0.8333333333333334,450,15.625702303972123
2025-10-14T23:47:43.328Z,31.86,1.6,0.8333333333333334,450,15.62649210467083
2025-10-14T23:48:13.959Z,31.98,1.6,0.8333333333333334,450,15.617269449061482
2025-10-14T23:48:44.522Z,31.86,1.6,0.8333333333333334,450,15.62649210467083
2025-10-14T23:49:15.191Z,31.94,1.6,0.8333333333333334,450,15.620285001845897
2025-10-14T23:49:45.759Z,31.86,1.6,0.8333333333333334,450,15.62649210467083
2025-10-14T23:50:16.433Z,31.91,1.6,0.8333333333333334,450,15.622583687143148
2025-10-14T23:50:47.003Z,31.98,1.6,0.8333333333333334,450,15.617269449061482
2025-10-14T23:51:48.225Z,31.95,1.6,0.8333333333333334,450,15.619525995579775
2025-10-14T23:52:18.852Z,31.98,1.6,0.8333333333333334,450,15.617269449061482
2025-10-14T23:52:49.456Z,31.86,1.6,0.8333333333333334,450,15.62649210467083
2025-10-14T23:53:50.650Z,31.98,1.6,0.8333333333333334,450,15.617269449061482
2025-10-14T23:54:51.885Z,31.86,1.6,0.8333333333333334,450,15.62649210467083
2025-10-14T23:55:22.542Z,31.98,1.6,0.8333333333333334,450,15.617269449061482
2025-10-14T23:55:53.102Z,31.86,1.6,0.8333333333333334,450,15.62649210467083
2025-10-14T23:56:23.665Z,31.98,1.6,0.8333333333333334,450,15.617269449061482
2025-10-14T23:58:57.257Z,31.78,1.6,0.8333333333333334,450,15.632969410268462
2025-10-14T23:59:27.454Z,32.0,1.6,0.8333333333333334,450,15.615781284104987
2025-10-14T23:59:57.981Z,31.86,1.6,0.8333333333333334,450,15.62649210467083
2025-10-15T00:02:00.402Z,31.73,1.6,0.8333333333333334,450,15.6371733460611
2025-10-15T00:02:31.063Z,31.98,1.6,0.8333333333333334,450,15.617269449061482
2025-10-15T00:03:01.580Z,31.91,1.6,0.8333333333333334,450,15.622583687143148
2025-10-15T00:03:32.288Z,31.98,1.6,0.8333333333333334,450,15.617269449061482
2025-10-15T00:04:02.833Z,32.01,1.6,0.8333333333333334,450,15.615041801399851
2025-10-15T00:04:33.510Z,31.95,1.6,0.8333333333333334,450,15.619525995579775
2025-10-15T00:05:04.131Z,31.92,1.6,0.8333333333333334,450,15.621813762856778
2025-10-15T00:05:34.712Z,31.98,1.6,0.8333333333333334,450,15.617269449061482
2025-10-15T00:06:05.392Z,31.84,1.6,0.8333333333333334,450,15.628084459820155
2025-10-15T00:06:35.928Z,31.86,1.6,0.8333333333333334,450,15.62649210467083
2025-10-15T00:07:37.211Z,31.98,1.6,0.8333333333333334,450,15.617269449061482
2025-10-15T00:08:38.384Z,31.78,1.6,0.8333333333333334,450,15.632969410268462
2025-10-15T00:09:09.051Z,31.75,1.6,0.8333333333333334,450,15.635476537551035
2025-10-15T00:09:39.607Z,32.0,1.6,0.8333333333333334,450,15.615781284104987
2025-10-15T00:10:10.165Z,31.98,1.6,0.8333333333333334,450,15.617269449061482
2025-10-15T00:12:12.788Z,31.92,1.6,0.8333333333333334,450,15.621813762856778
2025-10-15T00:12:43.248Z,31.72,1.6,0.8333333333333334,450,15.638029600170732
2025-10-15T00:13:13.905Z,31.86,1.6,0.8333333333333334,450,15.62649210467083
2025-10-15T00:13:44.566Z,31.75,1.6,0.8333333333333334,450,15.635476537551035
2025-10-15T00:14:15.130Z,31.98,1.6,0.8333333333333334,450,15.617269449061482
2025-10-15T00:15:16.348Z,31.86,1.6,0.8333333333333334,450,15.62649210467083
2025-10-15T00:15:46.902Z,31.98,1.6,0.8333333333333334,450,15.617269449061482
2025-10-15T00:16:17.563Z,32.04,1.6,0.8333333333333334,450,15.61284070318261
2025-10-15T00:16:48.133Z,31.99,1.6,0.8333333333333334,450,15.616523804319467
2025-10-15T00:17:18.784Z,31.92,1.6,0.8333333333333334,450,15.621813762856778
2025-10-15T00:17:49.479Z,31.73,1.6,0.8333333333333334,450,15.6371733460611
2025-10-15T00:18:20.021Z,31.86,1.6,0.8333333333333334,450,15.62649210467083
2025-10-15T00:19:51.797Z,31.85,1.6,0.8333333333333334,450,15.627286129287675
2025-10-15T00:20:22.478Z,32.0,1.6,0.8333333333333334,450,15.615781284104987
2025-10-15T00:20:53.037Z,31.98,1.6,0.8333333333333334,450,15.617269449061482
2025-10-15T00:21:23.694Z,31.88,1.6,0.8333333333333334,450,15.62491664481277
2025-10-15T00:21:54.350Z,31.99,1.6,0.8333333333333334,450,15.616523804319467
2025-10-15T00:22:24.893Z,31.98,1.6,0.8333333333333334,450,15.617269449061482
2025-10-15T00:22:55.566Z,31.86,1.6,0.8333333333333334,450,15.62649210467083
2025-10-15T00:23:26.137Z,31.92,1.6,0.8333333333333334,450,15.621813762856778
2025-10-15T00:23:56.803Z,31.98,1.6,0.8333333333333334,450,15.617269449061482
2025-10-15T00:24:27.360Z,31.86,1.6,0.8333333333333334,450,15.62649210467083
2025-10-15T00:25:28.628Z,31.98,1.6,0.8333333333333334,450,15.617269449061482
2025-10-15T00:26:29.772Z,31.86,1.6,0.8333333333333334,450,15.62649210467083
2025-10-15T00:27:30.981Z,31.98,1.6,0.8333333333333334,450,15.617269449061482
2025-10-15T00:28:32.305Z,31.86,1.6,0.8333333333333334,450,15.62649210467083
2025-10-15T00:29:02.885Z,31.98,1.6,0.8333333333333334,450,15.617269449061482
2025-10-15T00:30:04.491Z,31.99,1.6,0.8333333333333334,450,15.616523804319467
2025-10-15T00:30:34.730Z,31.98,1.6,0.8333333333333334,450,15.617269449061482
2025-10-15T00:31:05.398Z,31.76,1.6,0.8333333333333334,450,15.634635828396634
2025-10-15T00:31:35.899Z,31.86,1.6,0.8333333333333334,450,15.62649210467083
2025-10-15T00:32:06.547Z,31.98,1.6,0.8333333333333334,450,15.617269449061482
2025-10-15T00:32:37.233Z,31.86,1.6,0.8333333333333334,450,15.62649210467083
2025-10-15T00:33:07.791Z,31.98,1.6,0.8333333333333334,450,15.617269449061482
2025-10-15T00:33:38.344Z,31.86,1.6,0.8333333333333334,450,15.62649210467083
2025-10-15T00:34:08.995Z,31.92,1.6,0.8333333333333334,450,15.621813762856778
2025-10-15T00:34:39.543Z,32.02,1.6,0.8333333333333334,450,15.61430526885239
2025-10-15T00:35:10.227Z,31.98,1.6,0.8333333333333334,450,15.617269449061482
2025-10-15T00:35:40.765Z,31.8,1.6,0.8333333333333334,450,15.631322467538551
2025-10-15T00:36:11.422Z,31.98,1.6,0.8333333333333334,450,15.617269449061482
2025-10-15T00:39:45.687Z,31.86,1.6,0.8333333333333334,450,15.62649210467083
2025-10-15T00:40:16.363Z,31.98,1.6,0.8333333333333334,450,15.617269449061482
2025-10-15T00:43:20.029Z,31.95,1.6,0.8333333333333334,450,15.619525995579775
2025-10-15T00:43:50.552Z,31.78,1.6,0.8333333333333334,450,15.632969410268462
2025-10-15T00:44:21.298Z,31.89,1.6,0.8333333333333334,450,15.624135044436827
2025-10-15T00:44:51.770Z,31.87,1.6,0.8333333333333334,450,15.625702303972123
2025-10-15T00:45:22.442Z,31.86,1.6,0.8333333333333334,450,15.62649210467083
2025-10-15T00:46:23.661Z,31.98,1.6,0.8333333333333334,450,15.617269449061482
2025-10-15T00:47:24.853Z,31.92,1.6,0.8333333333333334,450,15.621813762856778
2025-10-15T00:47:55.541Z,31.98,1.6,0.8333333333333334,450,15.617269449061482
2025-10-15T00:48:26.099Z,31.92,1.6,0.8333333333333334,450,15.621813762856778
2025-10-15T00:48:56.764Z,31.98,1.6,0.8333333333333334,450,15.617269449061482
2025-10-15T00:49:27.324Z,32.0,1.6,0.8333333333333334,450,15.615781284104987
2025-10-15T00:49:57.986Z,31.98,1.6,0.8333333333333334,450,15.617269449061482
2025-10-15T00:50:28.606Z,31.85,1.6,0.8333333333333334,450,15.627286129287675
2025-10-15T00:50:59.217Z,31.98,1.6,0.8333333333333334,450,15.617269449061482
2025-10-15T00:52:00.411Z,31.84,1.6,0.8333333333333334,450,15.628084459820155
2025-10-15T00:52:30.967Z,31.86,1.6,0.8333333333333334,450,15.62649210467083
2025-10-15T00:53:01.586Z,31.98,1.6,0.8333333333333334,450,15.617269449061482
2025-10-15T00:54:02.827Z,31.99,1.6,0.8333333333333334,450,15.616523804319467
2025-10-15T00:54:33.562Z,31.92,1.6,0.8333333333333334,450,15.621813762856778
2025-10-15T00:55:04.089Z,31.82,1.6,0.8333333333333334,450,15.629694364697365
2025-10-15T00:55:34.679Z,31.86,1.6,0.8333333333333334,450,15.62649210467083
2025-10-15T00:56:05.243Z,32.03,1.6,0.8333333333333334,450,15.613571598782148
2025-10-15T00:56:35.867Z,31.88,1.6,0.8333333333333334,450,15.62491664481277
2025-10-15T00:57:06.475Z,31.79,1.6,0.8333333333333334,450,15.6321435440465
2025-10-15T00:57:37.202Z,32.0,1.6,0.8333333333333334,450,15.615781284104987
2025-10-15T00:58:07.728Z,32.03,1.6,0.8333333333333334,450,15.613571598782148
2025-10-15T00:58:38.403Z,31.87,1.6,0.8333333333333334,450,15.625702303972123
2025-10-15T00:59:08.937Z,31.98,1.6,0.8333333333333334,450,15.617269449061482
2025-10-15T01:00:10.281Z,31.92,1.6,0.8333333333333334,450,15.621813762856778
2025-10-15T01:00:40.794Z,31.86,1.6,0.8333333333333334,450,15.62649210467083
2025-10-15T01:01:11.463Z,31.57,1.6,0.8333333333333334,450,15.651555635211736
2025-10-15T01:01:42.014Z,31.36,1.6,0.8333333333333334,450,15.672971500853723
2025-10-15T01:02:12.098Z,31.23,1.6,0.8333333333333334,450,15.68791235859327
2025-10-15T01:03:12.086Z,30.76,1.6,0.8333333333333334,450,15.75464100933987
2025-10-15T01:03:42.028Z,30.86,1.6,0.8333333333333334,450,15.73864788736415
2025-10-15T01:04:12.086Z,30.48,1.6,0.8333333333333334,450,15.804951666490297
2025-10-15T01:04:42.360Z,30.43,1.6,0.8333333333333334,450,15.814810223760839
2025-10-15T01:05:12.061Z,30.26,1.6,0.8333333333333334,450,15.850324216400463
2025-10-15T01:05:42.121Z,30.14,1.6,0.8333333333333334,450,15.877235863536168
2025-10-15T01:06:12.061Z,29.87,1.6,0.8333333333333334,450,15.943192110658742
2025-10-15T01:06:42.151Z,29.79,1.6,0.8333333333333334,450,15.96410904980372
2025-10-15T01:07:12.109Z,29.73,1.6,0.8333333333333334,450,15.980187307941833
2025-10-15T01:07:42.086Z,29.59,1.6,0.8333333333333334,450,16.01894327041881
2025-10-15T01:08:12.140Z,29.49,1.6,0.8333333333333334,450,16.047624573083812
2025-10-15T01:08:42.057Z,29.37,1.6,0.8333333333333334,450,16.08304455153244
2025-10-15T01:09:12.121Z,29.18,1.6,0.8333333333333334,450,16.141083965288164
2025-10-15T01:09:42.180Z,29.02,1.6,0.8333333333333334,450,16.19147935174132
2025-10-15T01:10:12.112Z,28.96,1.6,0.8333333333333334,450,16.210658944693446
2025-10-15T01:10:42.165Z,29.0,1.6,0.8333333333333334,450,16.197857668258166
2025-10-15T01:11:12.204Z,28.99,1.6,0.8333333333333334,450,16.20105254619144
2025-10-15T01:11:42.138Z,28.87,1.6,0.8333333333333334,450,16.239651860810035
2025-10-15T01:12:12.207Z,28.64,1.6,0.8333333333333334,450,16.314503801018535
2025-10-15T01:12:42.173Z,28.61,1.6,0.8333333333333334,450,16.3243005621705
2025-10-15T01:13:12.171Z,28.5,1.6,0.8333333333333334,450,16.36018558266533
2025-10-15T01:14:12.152Z,28.26,1.6,0.8333333333333334,450,16.43767836795762
2025-10-15T01:14:42.207Z,28.31,1.6,0.8333333333333334,450,16.421679771741086
2025-10-15T01:15:12.243Z,28.24,1.6,0.8333333333333334,450,16.444049144689856
2025-10-15T01:15:42.179Z,28.12,1.6,0.8333333333333334,450,16.48186569232924
2025-10-15T01:16:42.256Z,28.0,1.6,0.8333333333333334,450,16.518830299150963
2025-10-15T01:18:12.270Z,27.78,1.6,0.8333333333333334,450,16.58367694101465
2025-10-15T01:18:42.193Z,27.88,1.6,0.8333333333333334,450,16.554729707576882
2025-10-15T01:19:12.336Z,27.76,1.6,0.8333333333333334,450,16.589348687005774
2025-10-15T01:19:42.311Z,27.74,1.6,0.8333333333333334,450,16.594978864961398
2025-10-15T01:20:12.211Z,27.8,1.6,0.8333333333333334,450,16.57796462735374
2025-10-15T01:20:42.260Z,27.51,1.6,0.8333333333333334,450,16.656415494497438
2025-10-15T01:21:12.317Z,27.61,1.6,0.8333333333333334,450,16.63049280425714
2025-10-15T01:21:42.235Z,27.54,1.6,0.8333333333333334,450,16.64877480053117
2025-10-15T01:22:12.294Z,27.47,1.6,0.8333333333333334,450,16.666413555339737
2025-10-15T01:22:42.344Z,27.41,1.6,0.8333333333333334,450,16.68098859495611
2025-10-15T01:23:12.270Z,27.52,1.6,0.8333333333333334,450,16.65388192969034
2025-10-15T01:23:42.422Z,27.31,1.6,0.8333333333333334,450,16.70409012717608
2025-10-15T01:24:12.298Z,27.3,1.6,0.8333333333333334,450,16.70631470517795
2025-10-15T01:24:42.322Z,27.12,1.6,0.8333333333333334,450,16.74350120950614
2025-10-15T01:25:12.369Z,27.26,1.6,0.8333333333333334,450,16.71505147220223
2025-10-15T01:26:12.337Z,27.19,1.6,0.8333333333333334,450,16.729700748551906
2025-10-15T01:26:42.374Z,27.26,1.6,0.8333333333333334,450,16.71505147220223
2025-10-15T01:27:12.302Z,27.09,1.6,0.8333333333333334,450,16.74914610594592
2025-10-15T01:27:42.431Z,27.1,1.6,0.8333333333333334,450,16.74728278625215
2025-10-15T01:28:12.412Z,27.03,1.6,0.8333333333333334,450,16.759934411402888
2025-10-15T01:28:42.341Z,27.06,1.6,0.8333333333333334,450,16.754624843940093
2025-10-15T01:29:12.435Z,26.99,1.6,0.8333333333333334,450,16.76674553140998
2025-10-15T01:30:12.391Z,26.81,1.6,0.8333333333333334,450,16.793423618654302
2025-10-15T01:30:42.427Z,26.95,1.6,0.8333333333333334,450,16.773243626393512
2025-10-15T01:31:12.437Z,26.88,1.6,0.8333333333333334,450,16.783841456919006
2025-10-15T01:31:42.398Z,26.75,1.6,0.8333333333333334,450,16.800802004078538
2025-10-15T01:32:12.461Z,26.73,1.6,0.8333333333333334,450,16.80308623399101
2025-10-15T01:32:42.432Z,26.8,1.6,0.8333333333333334,450,16.794707536218144
2025-10-15T01:33:12.446Z,26.75,1.6,0.8333333333333334,450,16.800802004078538
2025-10-15T01:33:42.373Z,26.63,1.6,0.8333333333333334,450,16.81315856056819
2025-10-15T01:34:12.434Z,26.68,1.6,0.8333333333333334,450,16.80840615358425
2025-10-15T01:34:42.497Z,26.77,1.6,0.8333333333333334,450,16.79842963608707
2025-10-15T01:35:12.425Z,26.6,1.6,0.8333333333333334,450,16.81573280040392
2025-10-15T01:35:42.475Z,26.75,1.6,0.8333333333333334,450,16.800802004078538
2025-10-15T01:36:12.420Z,26.64,1.6,0.8333333333333334,450,16.812254037187707
2025-10-15T01:36:42.521Z,26.53,1.6,0.8333333333333334,450,16.820915196891562
2025-10-15T01:37:12.450Z,26.56,1.6,0.8333333333333334,450,16.818836682477016
2025-10-15T01:37:42.487Z,26.63,1.6,0.8333333333333334,450,16.81315856056819
2025-10-15T01:38:42.489Z,26.47,1.6,0.8333333333333334,450,16.824420941041495
2025-10-15T01:39:12.543Z,26.48,1.6,0.8333333333333334,450,16.823897510767132
2025-10-15T01:39:42.467Z,26.39,1.6,0.8333333333333334,450,16.82771842432157
2025-10-15T01:40:12.581Z,26.32,1.6,0.8333333333333334,450,16.829284203131593
2025-10-15T01:40:42.562Z,26.42,1.6,0.8333333333333334,450,16.82666846129519
2025-10-15T01:41:12.557Z,26.45,1.6,0.8333333333333334,450,16.825394115295676
2025-10-15T01:41:42.567Z,26.32,1.6,0.8333333333333334,450,16.829284203131593
2025-10-15T01:42:12.595Z,26.48,1.6,0.8333333333333334,450,16.823897510767132
2025-10-15T01:42:42.526Z,26.39,1.6,0.8333333333333334,450,16.82771842432157
2025-10-15T01:43:12.576Z,26.26,1.6,0.8333333333333334,450,16.8296259678948
2025-10-15T01:43:42.533Z,26.39,1.6,0.8333333333333334,450,16.82771842432157
2025-10-15T01:44:12.571Z,26.26,1.6,0.8333333333333334,450,16.8296259678948
2025-10-15T01:44:42.628Z,26.23,1.6,0.8333333333333334,450,16.829445572735942
2025-10-15T01:45:12.590Z,26.13,1.6,0.8333333333333334,450,16.82712618141011
2025-10-15T01:45:42.600Z,26.26,1.6,0.8333333333333334,450,16.8296259678948
2025-10-15T01:46:12.589Z,26.11,1.6,0.8333333333333334,450,16.826341453028522
2025-10-15T01:46:42.571Z,26.13,1.6,0.8333333333333334,450,16.82712618141011
2025-10-15T01:47:12.630Z,26.26,1.6,0.8333333333333334,450,16.8296259678948
2025-10-15T01:47:42.565Z,26.04,1.6,0.8333333333333334,450,16.822741299063342
2025-10-15T01:48:12.709Z,26.26,1.6,0.8333333333333334,450,16.8296259678948
2025-10-15T01:48:42.679Z,26.01,1.6,0.8333333333333334,450,16.820788728902095
2025-10-15T01:49:12.612Z,26.14,1.6,0.8333333333333334,450,16.827478174304424
2025-10-15T01:49:42.713Z,26.04,1.6,0.8333333333333334,450,16.822741299063342
2025-10-15T01:50:12.606Z,26.07,1.6,0.8333333333333334,450,16.8244474611868
2025-10-15T01:51:12.800Z,25.95,1.6,0.8333333333333334,450,16.816139124435892
2025-10-15T01:51:42.717Z,26.04,1.6,0.8333333333333334,450,16.822741299063342
2025-10-15T01:52:12.662Z,26.06,1.6,0.8333333333333334,450,16.823906034682267
2025-10-15T01:52:42.729Z,26.01,1.6,0.8333333333333334,450,16.820788728902095
2025-10-15T01:54:12.751Z,25.77,1.6,0.8333333333333334,450,16.796151965288313
2025-10-15T01:54:42.679Z,25.82,1.6,0.8333333333333334,450,16.80262032846096
2025-10-15T01:55:12.946Z,25.83,1.6,0.8333333333333334,450,16.80382900090368
2025-10-15T01:55:42.779Z,25.95,1.6,0.8333333333333334,450,16.816139124435892
2025-10-15T01:56:12.781Z,25.89,1.6,0.8333333333333334,450,16.810488811979177
2025-10-15T01:56:42.713Z,26.01,1.6,0.8333333333333334,450,16.820788728902095
2025-10-15T01:57:12.763Z,25.89,1.6,0.8333333333333334,450,16.810488811979177
2025-10-15T01:58:12.740Z,25.77,1.6,0.8333333333333334,450,16.796151965288313
2025-10-15T01:58:42.769Z,25.89,1.6,0.8333333333333334,450,16.810488811979177
2025-10-15T01:59:12.814Z,25.77,1.6,0.8333333333333334,450,16.796151965288313
2025-10-15T01:59:42.725Z,25.76,1.6,0.8333333333333334,450,16.794773080073327
2025-10-15T02:00:12.754Z,25.7,1.6,0.8333333333333334,450,16.785900963376733
2025-10-15T02:00:42.797Z,25.75,1.6,0.8333333333333334,450,16.793365723812613
2025-10-15T02:01:12.819Z,25.64,1.6,0.8333333333333334,450,16.77599861968923
2025-10-15T02:01:42.792Z,25.66,1.6,0.8333333333333334,450,16.77941415554307
2025-10-15T02:02:12.838Z,25.75,1.6,0.8333333333333334,450,16.793365723812613
2025-10-15T02:02:42.767Z,25.57,1.6,0.8333333333333334,450,16.763138197226304
2025-10-15T02:03:12.846Z,25.65,1.6,0.8333333333333334,450,16.777720747770772
2025-10-15T02:03:42.772Z,25.7,1.6,0.8333333333333334,450,16.785900963376733
2025-10-15T02:04:12.832Z,25.74,1.6,0.8333333333333334,450,16.7919298695544
2025-10-15T02:04:42.779Z,25.7,1.6,0.8333333333333334,450,16.785900963376733
2025-10-15T02:05:42.856Z,25.63,1.6,0.8333333333333334,450,16.774247753829492
2025-10-15T02:06:12.901Z,25.77,1.6,0.8333333333333334,450,16.796151965288313
2025-10-15T02:06:42.820Z,25.63,1.6,0.8333333333333334,450,16.774247753829492
2025-10-15T02:07:12.882Z,25.62,1.6,0.8333333333333334,450,16.77246813359494
2025-10-15T02:07:42.981Z,25.63,1.6,0.8333333333333334,450,16.774247753829492
2025-10-15T02:08:42.944Z,25.52,1.6,0.8333333333333334,450,16.75308741665031
2025-10-15T02:09:12.993Z,25.57,1.6,0.8333333333333334,450,16.763138197226304
2025-10-15T02:09:42.889Z,25.7,1.6,0.8333333333333334,450,16.785900963376733
2025-10-15T02:10:12.933Z,25.52,1.6,0.8333333333333334,450,16.75308741665031
2025-10-15T02:10:42.864Z,25.54,1.6,0.8333333333333334,450,16.75719431194633
2025-10-15T02:11:12.904Z,25.52,1.6,0.8333333333333334,450,16.75308741665031
2025-10-15T02:12:12.897Z,25.57,1.6,0.8333333333333334,450,16.763138197226304
2025-10-15T02:12:42.932Z,25.52,1.6,0.8333333333333334,450,16.75308741665031
2025-10-15T02:13:13.021Z,25.39,1.6,0.8333333333333334,450,16.723575659484382
2025-10-15T02:13:42.919Z,25.52,1.6,0.8333333333333334,450,16.75308741665031
2025-10-15T02:14:42.997Z,25.46,1.6,0.8333333333333334,450,16.740073479212235
2025-10-15T02:15:12.917Z,25.32,1.6,0.8333333333333334,450,16.705662549403257
2025-10-15T02:15:43.105Z,25.27,1.6,0.8333333333333334,450,16.692002474313075
2025-10-15T02:16:12.920Z,25.42,1.6,0.8333333333333334,450,16.730819545350283
2025-10-15T02:16:42.928Z,25.32,1.6,0.8333333333333334,450,16.705662549403257
2025-10-15T02:17:13.034Z,25.52,1.6,0.8333333333333334,450,16.75308741665031
2025-10-15T02:17:43.033Z,25.33,1.6,0.8333333333333334,450,16.708308130066435
2025-10-15T02:18:12.961Z,25.34,1.6,0.8333333333333334,450,16.71092487123847
2025-10-15T02:18:43.020Z,25.39,1.6,0.8333333333333334,450,16.723575659484382
2025-10-15T02:19:12.967Z,25.27,1.6,0.8333333333333334,450,16.692002474313075
2025-10-15T02:19:43.012Z,25.39,1.6,0.8333333333333334,450,16.723575659484382
2025-10-15T02:20:13.063Z,25.27,1.6,0.8333333333333334,450,16.692002474313075
2025-10-15T02:21:13.060Z,25.14,1.6,0.8333333333333334,450,16.653127617853638
2025-10-15T02:21:43.046Z,25.27,1.6,0.8333333333333334,450,16.692002474313075
2025-10-15T02:22:43.192Z,25.46,1.6,0.8333333333333334,450,16.740073479212235
2025-10-15T02:23:13.042Z,25.27,1.6,0.8333333333333334,450,16.692002474313075
2025-10-15T02:23:43.089Z,25.18,1.6,0.8333333333333334,450,16.665604150102634
2025-10-15T02:24:13.136Z,25.27,1.6,0.8333333333333334,450,16.692002474313075
2025-10-15T02:26:13.080Z,25.17,1.6,0.8333333333333334,450,16.662527819804097
2025-10-15T02:26:43.139Z,25.27,1.6,0.8333333333333334,450,16.692002474313075
2025-10-15T02:27:13.085Z,25.2,1.6,0.8333333333333334,450,16.671671055103193
2025-10-15T02:27:43.250Z,25.27,1.6,0.8333333333333334,450,16.692002474313075
2025-10-15T02:28:13.099Z,25.14,1.6,0.8333333333333334,450,16.653127617853638
2025-10-15T02:28:43.163Z,25.27,1.6,0.8333333333333334,450,16.692002474313075
2025-10-15T02:29:13.076Z,25.14,1.6,0.8333333333333334,450,16.653127617853638
2025-10-15T02:29:43.107Z,25.01,1.6,0.8333333333333334,450,16.609443048655066
2025-10-15T02:30:13.151Z,25.08,1.6,0.8333333333333334,450,16.633559261936135
2025-10-15T02:30:43.092Z,25.09,1.6,0.8333333333333334,450,16.636891562535602
2025-10-15T02:31:13.127Z,25.07,1.6,0.8333333333333334,450,16.63019867303844
2025-10-15T02:31:43.252Z,25.13,1.6,0.8333333333333334,450,16.64993723555315
2025-10-15T02:32:13.153Z,25.04,1.6,0.8333333333333334,450,16.619947520298098
2025-10-15T02:32:43.206Z,25.14,1.6,0.8333333333333334,450,16.653127617853638
2025-10-15T02:33:43.169Z,25.02,1.6,0.8333333333333334,450,16.61297262313761
2025-10-15T02:34:43.229Z,25.07,1.6,0.8333333333333334,450,16.63019867303844
2025-10-15T02:35:13.264Z,25.13,1.6,0.8333333333333334,450,16.64993723555315
2025-10-15T02:35:43.175Z,25.08,1.6,0.8333333333333334,450,16.633559261936135
2025-10-15T02:36:13.222Z,25.01,1.6,0.8333333333333334,450,16.609443048655066
2025-10-15T02:36:43.291Z,24.96,1.6,0.8333333333333334,450,16.59137552004901
2025-10-15T02:37:13.220Z,24.94,1.6,0.8333333333333334,450,16.583953459473804
2025-10-15T02:37:43.295Z,25.14,1.6,0.8333333333333334,450,16.653127617853638
2025-10-15T02:38:13.200Z,25.03,1.6,0.8333333333333334,450,16.616474126511
2025-10-15T02:38:43.316Z,24.95,1.6,0.8333333333333334,450,16.587678377908663
2025-10-15T02:39:13.316Z,25.02,1.6,0.8333333333333334,450,16.61297262313761
2025-10-15T02:39:43.246Z,25.04,1.6,0.8333333333333334,450,16.619947520298098
2025-10-15T02:40:13.304Z,24.9,1.6,0.8333333333333334,450,16.56877695134694
2025-10-15T02:40:43.345Z,25.08,1.6,0.8333333333333334,450,16.633559261936135
2025-10-15T02:41:13.351Z,24.99,1.6,0.8333333333333334,450,16.60229984482731
2025-10-15T02:42:13.370Z,24.96,1.6,0.8333333333333334,450,16.59137552004901
2025-10-15T02:42:43.299Z,24.92,1.6,0.8333333333333334,450,16.57642047762107
2025-10-15T02:43:13.352Z,25.01,1.6,0.8333333333333334,450,16.609443048655066
2025-10-15T02:43:43.327Z,24.99,1.6,0.8333333333333334,450,16.60229984482731
2025-10-15T02:44:13.318Z,24.9,1.6,0.8333333333333334,450,16.56877695134694
2025-10-15T02:44:43.391Z,24.76,1.6,0.8333333333333334,450,16.512211711160553
2025-10-15T02:45:13.440Z,24.9,1.6,0.8333333333333334,450,16.56877695134694
2025-10-15T02:45:43.314Z,24.99,1.6,0.8333333333333334,450,16.60229984482731
2025-10-15T02:46:13.368Z,24.76,1.6,0.8333333333333334,450,16.512211711160553
2025-10-15T02:46:43.301Z,25.01,1.6,0.8333333333333334,450,16.609443048655066
2025-10-15T02:47:13.368Z,25.0,1.6,0.8333333333333334,450,16.605885442452283
2025-10-15T02:47:43.523Z,24.9,1.6,0.8333333333333334,450,16.56877695134694
2025-10-15T02:48:43.400Z,24.77,1.6,0.8333333333333334,450,16.51642790530377
2025-10-15T02:49:13.370Z,24.9,1.6,0.8333333333333334,450,16.56877695134694
2025-10-15T02:49:43.419Z,24.7,1.6,0.8333333333333334,450,16.486354962100513
2025-10-15T02:50:13.358Z,24.8,1.6,0.8333333333333334,450,16.528915354988953
2025-10-15T02:50:43.400Z,24.83,1.6,0.8333333333333334,450,16.541159852093354
2025-10-15T02:51:13.430Z,24.78,1.6,0.8333333333333334,450,16.52061728452453
2025-10-15T02:51:43.470Z,24.9,1.6,0.8333333333333334,450,16.56877695134694
2025-10-15T02:52:13.408Z,24.76,1.6,0.8333333333333334,450,16.512211711160553
2025-10-15T02:53:43.498Z,24.79,1.6,0.8333333333333334,450,16.524779787798035
2025-10-15T02:54:13.416Z,24.74,1.6,0.8333333333333334,450,16.50369912664736
2025-10-15T02:54:43.493Z,24.64,1.6,0.8333333333333334,450,16.45954923914885
2025-10-15T02:55:13.409Z,24.76,1.6,0.8333333333333334,450,16.512211711160553
2025-10-15T02:55:43.461Z,24.64,1.6,0.8333333333333334,450,16.45954923914885
2025-10-15T02:56:13.469Z,24.74,1.6,0.8333333333333334,450,16.50369912664736
2025-10-15T02:56:43.613Z,24.58,1.6,0.8333333333333334,450,16.431809721749584
2025-10-15T02:57:13.442Z,24.76,1.6,0.8333333333333334,450,16.512211711160553
2025-10-15T02:59:13.537Z,24.63,1.6,0.8333333333333334,450,16.454990406613184
2025-10-15T02:59:43.584Z,24.74,1.6,0.8333333333333334,450,16.50369912664736
2025-10-15T03:00:13.518Z,24.71,1.6,0.8333333333333334,450,16.49073071459621
2025-10-15T03:00:43.566Z,24.59,1.6,0.8333333333333334,450,16.436497143374705
2025-10-15T03:01:13.602Z,24.58,1.6,0.8333333333333334,450,16.431809721749584
2025-10-15T03:01:43.529Z,24.71,1.6,0.8333333333333334,450,16.49073071459621
2025-10-15T03:02:43.513Z,24.74,1.6,0.8333333333333334,450,16.50369912664736
2025-10-15T03:03:13.549Z,24.58,1.6,0.8333333333333334,450,16.431809721749584
2025-10-15T03:03:43.627Z,24.52,1.6,0.8333333333333334,450,16.40315271455047
2025-10-15T03:04:13.643Z,24.6,1.6,0.8333333333333334,450,16.441158999027955
2025-10-15T03:04:43.566Z,24.71,1.6,0.8333333333333334,450,16.49073071459621
2025-10-15T03:05:13.625Z,24.65,1.6,0.8333333333333334,450,16.464082130417037
2025-10-15T03:05:43.546Z,24.72,1.6,0.8333333333333334,450,16.495080036929444
2025-10-15T03:06:13.605Z,24.49,1.6,0.8333333333333334,450,16.38848555160547
2025-10-15T03:06:43.645Z,24.65,1.6,0.8333333333333334,450,16.464082130417037
2025-10-15T03:07:13.566Z,24.53,1.6,0.8333333333333334,450,16.40799187154955
2025-10-15T03:07:43.622Z,24.55,1.6,0.8333333333333334,450,16.41759484176866
2025-10-15T03:08:13.674Z,24.49,1.6,0.8333333333333334,450,16.38848555160547
2025-10-15T03:08:43.603Z,24.54,1.6,0.8333333333333334,450,16.41280594125893
2025-10-15T03:09:13.665Z,24.49,1.6,0.8333333333333334,450,16.38848555160547
2025-10-15T03:09:43.617Z,24.58,1.6,0.8333333333333334,450,16.431809721749584
2025-10-15T03:10:13.637Z,24.52,1.6,0.8333333333333334,450,16.40315271455047
2025-10-15T03:10:43.689Z,24.64,1.6,0.8333333333333334,450,16.45954923914885
2025-10-15T03:11:13.607Z,24.51,1.6,0.8333333333333334,450,16.398288553019054
2025-10-15T03:11:43.737Z,24.49,1.6,0.8333333333333334,450,16.38848555160547
2025-10-15T03:12:13.681Z,24.52,1.6,0.8333333333333334,450,16.40315271455047
2025-10-15T03:12:43.729Z,24.6,1.6,0.8333333333333334,450,16.441158999027955
2025-10-15T03:13:13.637Z,24.57,1.6,0.8333333333333334,450,16.427096811796794
2025-10-15T03:13:43.684Z,24.47,1.6,0.8333333333333334,450,16.37858354621784
2025-10-15T03:14:13.748Z,24.59,1.6,0.8333333333333334,450,16.436497143374705
2025-10-15T03:14:43.770Z,24.46,1.6,0.8333333333333334,450,16.37359563286208
2025-10-15T03:15:13.702Z,24.49,1.6,0.8333333333333334,450,16.38848555160547
2025-10-15T03:15:43.754Z,24.46,1.6,0.8333333333333334,450,16.37359563286208
2025-10-15T03:16:13.722Z,24.52,1.6,0.8333333333333334,450,16.40315271455047
2025-10-15T03:16:43.728Z,24.53,1.6,0.8333333333333334,450,16.40799187154955
2025-10-15T03:17:13.775Z,24.46,1.6,0.8333333333333334,450,16.37359563286208
2025-10-15T03:17:43.722Z,24.33,1.6,0.8333333333333334,450,16.306557222568127
2025-10-15T03:18:13.784Z,24.52,1.6,0.8333333333333334,450,16.40315271455047
2025-10-15T03:18:43.733Z,24.46,1.6,0.8333333333333334,450,16.37359563286208
2025-10-15T03:19:13.786Z,24.49,1.6,0.8333333333333334,450,16.38848555160547
2025-10-15T03:19:43.726Z,24.4,1.6,0.8333333333333334,450,16.343156986547534
2025-10-15T03:20:43.826Z,24.38,1.6,0.8333333333333334,450,16.332818222565088
2025-10-15T03:21:13.759Z,24.51,1.6,0.8333333333333334,450,16.398288553019054
2025-10-15T03:21:43.808Z,24.4,1.6,0.8333333333333334,450,16.343156986547534
2025-10-15T03:24:43.902Z,24.33,1.6,0.8333333333333334,450,16.306557222568127
2025-10-15T03:25:43.888Z,24.46,1.6,0.8333333333333334,450,16.37359563286208
2025-10-15T03:26:13.962Z,24.4,1.6,0.8333333333333334,450,16.343156986547534
2025-10-15T03:26:43.911Z,24.3,1.6,0.8333333333333334,450,16.2905205549037
2025-10-15T03:27:13.892Z,24.33,1.6,0.8333333333333334,450,16.306557222568127
2025-10-15T03:27:43.924Z,24.4,1.6,0.8333333333333334,450,16.343156986547534
2025-10-15T03:28:13.874Z,24.27,1.6,0.8333333333333334,450,16.27427712303404
2025-10-15T03:29:43.872Z,24.4,1.6,0.8333333333333334,450,16.343156986547534
2025-10-15T03:30:13.927Z,24.27,1.6,0.8333333333333334,450,16.27427712303404
2025-10-15T03:31:13.893Z,24.46,1.6,0.8333333333333334,450,16.37359563286208
2025-10-15T03:31:43.935Z,24.4,1.6,0.8333333333333334,450,16.343156986547534
2025-10-15T03:32:13.997Z,24.27,1.6,0.8333333333333334,450,16.27427712303404
2025-10-15T03:32:43.916Z,24.26,1.6,0.8333333333333334,450,16.268817173985465
2025-10-15T03:33:13.980Z,24.27,1.6,0.8333333333333334,450,16.27427712303404
2025-10-15T03:33:43.907Z,24.4,1.6,0.8333333333333334,450,16.343156986547534
2025-10-15T03:34:14.005Z,24.27,1.6,0.8333333333333334,450,16.27427712303404
2025-10-15T03:35:44.171Z,24.33,1.6,0.8333333333333334,450,16.306557222568127
2025-10-15T03:36:14.083Z,24.3,1.6,0.8333333333333334,450,16.2905205549037
2025-10-15T03:36:44.104Z,24.27,1.6,0.8333333333333334,450,16.27427712303404
2025-10-15T03:38:13.970Z,24.28,1.6,0.8333333333333334,450,16.279714404835804
2025-10-15T03:38:44.007Z,24.27,1.6,0.8333333333333334,450,16.27427712303404
2025-10-15T03:39:14.159Z,24.3,1.6,0.8333333333333334,450,16.2905205549037
2025-10-15T03:39:44.003Z,24.32,1.6,0.8333333333333334,450,16.30123480845438
2025-10-15T03:40:14.047Z,24.4,1.6,0.8333333333333334,450,16.343156986547534
2025-10-15T03:40:44.104Z,24.27,1.6,0.8333333333333334,450,16.27427712303404
2025-10-15T03:41:14.052Z,24.3,1.6,0.8333333333333334,450,16.2905205549037
2025-10-15T03:41:44.098Z,24.08,1.6,0.8333333333333334,450,16.166784183579598
2025-10-15T03:42:14.118Z,24.29,1.6,0.8333333333333334,450,16.28512891624597
2025-10-15T03:42:44.106Z,24.28,1.6,0.8333333333333334,450,16.279714404835804
2025-10-15T03:43:14.070Z,24.27,1.6,0.8333333333333334,450,16.27427712303404
2025-10-15T03:43:44.136Z,24.14,1.6,0.8333333333333334,450,16.201568340516353
2025-10-15T03:44:14.101Z,24.27,1.6,0.8333333333333334,450,16.27427712303404
2025-10-15T03:44:44.116Z,24.14,1.6,0.8333333333333334,450,16.201568340516353
2025-10-15T03:45:14.160Z,24.02,1.6,0.8333333333333334,450,16.13125984080894
2025-10-15T03:45:44.097Z,24.06,1.6,0.8333333333333334,450,16.155023718693105
2025-10-15T03:46:14.143Z,24.27,1.6,0.8333333333333334,450,16.27427712303404
2025-10-15T03:46:44.148Z,24.17,1.6,0.8333333333333334,450,16.218675009038044
2025-10-15T03:47:14.136Z,24.27,1.6,0.8333333333333334,450,16.27427712303404
2025-10-15T03:47:44.074Z,24.2,1.6,0.8333333333333334,450,16.23558734150562
2025-10-15T03:48:14.158Z,24.08,1.6,0.8333333333333334,450,16.166784183579598
2025-10-15T03:48:44.181Z,24.27,1.6,0.8333333333333334,450,16.27427712303404
2025-10-15T03:49:14.107Z,24.14,1.6,0.8333333333333334,450,16.201568340516353
2025-10-15T03:49:44.170Z,24.03,1.6,0.8333333333333334,450,16.137230878538684
2025-10-15T03:50:14.204Z,24.02,1.6,0.8333333333333334,450,16.13125984080894
2025-10-15T03:50:44.151Z,24.14,1.6,0.8333333333333334,450,16.201568340516353
2025-10-15T03:51:14.200Z,24.12,1.6,0.8333333333333334,450,16.190057425223287
2025-10-15T03:51:44.134Z,24.13,1.6,0.8333333333333334,450,16.195823454221205
2025-10-15T03:52:14.178Z,24.06,1.6,0.8333333333333334,450,16.155023718693105
2025-10-15T03:52:44.248Z,24.14,1.6,0.8333333333333334,450,16.201568340516353
2025-10-15T03:53:14.179Z,24.09,1.6,0.8333333333333334,450,16.1726336308775
2025-10-15T03:53:44.229Z,24.2,1.6,0.8333333333333334,450,16.23558734150562
2025-10-15T03:54:14.234Z,24.08,1.6,0.8333333333333334,450,16.166784183579598
2025-10-15T03:54:44.207Z,24.27,1.6,0.8333333333333334,450,16.27427712303404
2025-10-15T03:55:14.258Z,24.02,1.6,0.8333333333333334,450,16.13125984080894
2025-10-15T03:55:44.204Z,24.03,1.6,0.8333333333333334,450,16.137230878538684
2025-10-15T03:56:14.278Z,24.08,1.6,0.8333333333333334,450,16.166784183579598
2025-10-15T03:56:44.308Z,24.15,1.6,0.8333333333333334,450,16.20729197032461
2025-10-15T03:57:14.247Z,24.02,1.6,0.8333333333333334,450,16.13125984080894
2025-10-15T03:57:44.348Z,24.03,1.6,0.8333333333333334,450,16.137230878538684
2025-10-15T03:58:14.301Z,24.02,1.6,0.8333333333333334,450,16.13125984080894
2025-10-15T03:59:44.279Z,24.0,1.6,0.8333333333333334,450,16.119258357881964
2025-10-15T04:00:14.307Z,24.08,1.6,0.8333333333333334,450,16.166784183579598
2025-10-15T04:00:44.350Z,24.09,1.6,0.8333333333333334,450,16.1726336308775
2025-10-15T04:01:14.287Z,23.9,1.6,0.8333333333333334,450,16.05809510331831
2025-10-15T04:01:44.348Z,23.96,1.6,0.8333333333333334,450,16.095021212984648
2025-10-15T04:03:44.351Z,24.02,1.6,0.8333333333333334,450,16.13125984080894
2025-10-15T04:04:14.291Z,23.89,1.6,0.8333333333333334,450,16.05187584401425
2025-10-15T04:04:44.357Z,24.02,1.6,0.8333333333333334,450,16.13125984080894
2025-10-15T04:05:44.445Z,23.93,1.6,0.8333333333333334,450,16.07664238372872
2025-10-15T04:06:14.430Z,24.05,1.6,0.8333333333333334,450,16.14911293811309
2025-10-15T04:06:44.329Z,23.91,1.6,0.8333333333333334,450,16.064296032788885
2025-10-15T04:07:14.387Z,23.9,1.6,0.8333333333333334,450,16.05809510331831
2025-10-15T04:07:44.440Z,23.98,1.6,0.8333333333333334,450,16.107178484329147
2025-10-15T04:08:14.379Z,24.02,1.6,0.8333333333333334,450,16.13125984080894
2025-10-15T04:08:44.436Z,23.96,1.6,0.8333333333333334,450,16.095021212984648
2025-10-15T04:09:14.371Z,24.02,1.6,0.8333333333333334,450,16.13125984080894
2025-10-15T04:09:44.432Z,23.96,1.6,0.8333333333333334,450,16.095021212984648
2025-10-15T04:10:14.391Z,23.9,1.6,0.8333333333333334,450,16.05809510331831
2025-10-15T04:11:14.466Z,23.96,1.6,0.8333333333333334,450,16.095021212984648
2025-10-15T04:11:44.394Z,23.9,1.6,0.8333333333333334,450,16.05809510331831
2025-10-15T04:13:14.414Z,24.02,1.6,0.8333333333333334,450,16.13125984080894
2025-10-15T04:13:44.451Z,23.99,1.6,0.8333333333333334,450,16.11322815813878
2025-10-15T04:14:14.487Z,24.02,1.6,0.8333333333333334,450,16.13125984080894
2025-10-15T04:14:44.418Z,23.83,1.6,0.8333333333333334,450,16.014182711308948
2025-10-15T04:15:14.565Z,23.89,1.6,0.8333333333333334,450,16.05187584401425
2025-10-15T04:15:44.534Z,23.96,1.6,0.8333333333333334,450,16.095021212984648
2025-10-15T04:16:14.470Z,24.02,1.6,0.8333333333333334,450,16.13125984080894
2025-10-15T04:16:44.507Z,23.77,1.6,0.8333333333333334,450,15.975863123718229
2025-10-15T04:17:14.567Z,23.84,1.6,0.8333333333333334,450,16.020509187913802
2025-10-15T04:17:44.476Z,23.96,1.6,0.8333333333333334,450,16.095021212984648
2025-10-15T04:18:14.525Z,24.02,1.6,0.8333333333333334,450,16.13125984080894
2025-10-15T04:19:14.526Z,23.9,1.6,0.8333333333333334,450,16.05809510331831
2025-10-15T04:20:14.561Z,24.02,1.6,0.8333333333333334,450,16.13125984080894
2025-10-15T04:20:44.488Z,23.77,1.6,0.8333333333333334,450,15.975863123718229
2025-10-15T04:21:14.549Z,23.8,1.6,0.8333333333333334,450,15.995099401593585
2025-10-15T04:21:44.626Z,23.79,1.6,0.8333333333333334,450,15.988704123353301
2025-10-15T04:22:14.568Z,23.78,1.6,0.8333333333333334,450,15.982291984956035
2025-10-15T04:22:44.605Z,23.83,1.6,0.8333333333333334,450,16.014182711308948
2025-10-15T04:23:14.544Z,23.9,1.6,0.8333333333333334,450,16.05809510331831
2025-10-15T04:23:44.599Z,23.83,1.6,0.8333333333333334,450,16.014182711308948
2025-10-15T04:24:14.662Z,23.8,1.6,0.8333333333333334,450,15.995099401593585
2025-10-15T04:24:44.579Z,23.77,1.6,0.8333333333333334,450,15.975863123718229
2025-10-15T04:25:14.628Z,23.87,1.6,0.8333333333333334,450,16.0393828583136
2025-10-15T04:25:44.568Z,24.02,1.6,0.8333333333333334,450,16.13125984080894
2025-10-15T04:26:14.628Z,23.77,1.6,0.8333333333333334,450,15.975863123718229
2025-10-15T04:26:44.675Z,23.84,1.6,0.8333333333333334,450,16.020509187913802
2025-10-15T04:27:14.646Z,23.99,1.6,0.8333333333333334,450,16.11322815813878
2025-10-15T04:27:44.655Z,23.77,1.6,0.8333333333333334,450,15.975863123718229
2025-10-15T04:28:14.755Z,23.82,1.6,0.8333333333333334,450,16.007838831369142
2025-10-15T04:28:44.624Z,24.02,1.6,0.8333333333333334,450,16.13125984080894
2025-10-15T04:29:14.651Z,23.9,1.6,0.8333333333333334,450,16.05809510331831
2025-10-15T04:29:44.801Z,23.78,1.6,0.8333333333333334,450,15.982291984956035
2025-10-15T04:30:14.642Z,23.83,1.6,0.8333333333333334,450,16.014182711308948
2025-10-15T04:30:44.812Z,23.75,1.6,0.8333333333333334,450,15.96295578497278
2025-10-15T04:31:14.638Z,23.76,1.6,0.8333333333333334,450,15.969417677553675
2025-10-15T04:31:44.678Z,23.65,1.6,0.8333333333333334,450,15.897463195164919
2025-10-15T04:32:14.715Z,23.77,1.6,0.8333333333333334,450,15.975863123718229
2025-10-15T04:32:44.658Z,23.8,1.6,0.8333333333333334,450,15.995099401593585
2025-10-15T04:33:14.698Z,23.75,1.6,0.8333333333333334,450,15.96295578497278
2025-10-15T04:33:44.750Z,23.76,1.6,0.8333333333333334,450,15.969417677553675
2025-10-15T04:34:14.677Z,23.75,1.6,0.8333333333333334,450,15.96295578497278
2025-10-15T04:34:44.741Z,23.96,1.6,0.8333333333333334,450,16.095021212984648
2025-10-15T04:35:14.673Z,23.8,1.6,0.8333333333333334,450,15.995099401593585
2025-10-15T04:35:44.774Z,23.78,1.6,0.8333333333333334,450,15.982291984956035
2025-10-15T04:36:44.803Z,23.77,1.6,0.8333333333333334,450,15.975863123718229
2025-10-15T04:38:14.839Z,23.65,1.6,0.8333333333333334,450,15.897463195164919
2025-10-15T04:38:44.754Z,23.75,1.6,0.8333333333333334,450,15.96295578497278
2025-10-15T04:39:14.799Z,23.65,1.6,0.8333333333333334,450,15.897463195164919
2025-10-15T04:39:44.736Z,23.71,1.6,0.8333333333333334,450,15.936946541273063
2025-10-15T04:40:14.784Z,23.78,1.6,0.8333333333333334,450,15.982291984956035
2025-10-15T04:40:44.841Z,23.71,1.6,0.8333333333333334,450,15.936946541273063
2025-10-15T04:41:14.760Z,23.64,1.6,0.8333333333333334,450,15.890829699445865
2025-10-15T04:41:44.798Z,23.75,1.6,0.8333333333333334,450,15.96295578497278
2025-10-15T04:42:14.770Z,23.65,1.6,0.8333333333333334,450,15.897463195164919
2025-10-15T04:42:44.990Z,23.78,1.6,0.8333333333333334,450,15.982291984956035
2025-10-15T04:43:14.934Z,23.55,1.6,0.8333333333333334,450,15.830482571982373
2025-10-15T04:43:44.808Z,23.66,1.6,0.8333333333333334,450,15.904081806087873
2025-10-15T04:44:44.910Z,23.58,1.6,0.8333333333333334,450,15.850724318668483
2025-10-15T04:45:14.830Z,23.65,1.6,0.8333333333333334,450,15.897463195164919
2025-10-15T04:46:14.931Z,23.52,1.6,0.8333333333333334,450,15.810120154489203
2025-10-15T04:46:44.844Z,23.69,1.6,0.8333333333333334,450,15.923846885188237
2025-10-15T04:47:14.900Z,23.57,1.6,0.8333333333333334,450,15.843990727570212
2025-10-15T04:47:44.954Z,23.65,1.6,0.8333333333333334,450,15.897463195164919
2025-10-15T04:48:14.887Z,23.53,1.6,0.8333333333333334,450,15.816920784102635
2025-10-15T04:48:44.938Z,23.65,1.6,0.8333333333333334,450,15.897463195164919
2025-10-15T04:49:14.947Z,23.62,1.6,0.8333333333333334,450,15.87751863536814
2025-10-15T04:49:44.919Z,23.53,1.6,0.8333333333333334,450,15.816920784102635
2025-10-15T04:50:14.979Z,23.65,1.6,0.8333333333333334,450,15.897463195164919
2025-10-15T04:50:44.937Z,23.55,1.6,0.8333333333333334,450,15.830482571982373
2025-10-15T04:51:14.980Z,23.58,1.6,0.8333333333333334,450,15.850724318668483
2025-10-15T04:51:45.014Z,23.65,1.6,0.8333333333333334,450,15.897463195164919
2025-10-15T04:52:45.032Z,23.75,1.6,0.8333333333333334,450,15.96295578497278
2025-10-15T04:53:14.961Z,23.7,1.6,0.8333333333333334,450,15.930404514782845
2025-10-15T04:53:44.996Z,23.51,1.6,0.8333333333333334,450,15.803306569498332
2025-10-15T04:54:14.942Z,23.52,1.6,0.8333333333333334,450,15.810120154489203
2025-10-15T04:54:44.966Z,23.58,1.6,0.8333333333333334,450,15.850724318668483
2025-10-15T04:55:44.951Z,23.75,1.6,0.8333333333333334,450,15.96295578497278
2025-10-15T04:56:15.008Z,23.71,1.6,0.8333333333333334,450,15.936946541273063
2025-10-15T04:56:45.070Z,23.55,1.6,0.8333333333333334,450,15.830482571982373
2025-10-15T04:57:15.009Z,23.54,1.6,0.8333333333333334,450,15.823708306914309
2025-10-15T04:57:45.051Z,23.64,1.6,0.8333333333333334,450,15.890829699445865
2025-10-15T04:58:15.085Z,23.47,1.6,0.8333333333333334,450,15.775925720917812
2025-10-15T04:58:45.022Z,23.78,1.6,0.8333333333333334,450,15.982291984956035
2025-10-15T04:59:15.077Z,23.52,1.6,0.8333333333333334,450,15.810120154489203
2025-10-15T04:59:45.003Z,23.5,1.6,0.8333333333333334,450,15.796480181034331
2025-10-15T05:00:15.052Z,23.51,1.6,0.8333333333333334,450,15.803306569498332
2025-10-15T05:00:45.109Z,23.56,1.6,0.8333333333333334,450,15.837243428854478
2025-10-15T05:01:15.038Z,23.51,1.6,0.8333333333333334,450,15.803306569498332
2025-10-15T05:01:45.119Z,23.53,1.6,0.8333333333333334,450,15.816920784102635
2025-10-15T05:02:15.037Z,23.52,1.6,0.8333333333333334,450,15.810120154489203
2025-10-15T05:02:45.159Z,23.51,1.6,0.8333333333333334,450,15.803306569498332
2025-10-15T05:03:15.157Z,23.54,1.6,0.8333333333333334,450,15.823708306914309
2025-10-15T05:03:45.090Z,23.5,1.6,0.8333333333333334,450,15.796480181034331
2025-10-15T05:04:15.150Z,23.55,1.6,0.8333333333333334,450,15.830482571982373
2025-10-15T05:04:45.061Z,23.58,1.6,0.8333333333333334,450,15.850724318668483
2025-10-15T05:05:15.098Z,23.51,1.6,0.8333333333333334,450,15.803306569498332
2025-10-15T05:05:45.157Z,23.5,1.6,0.8333333333333334,450,15.796480181034331
2025-10-15T05:06:15.091Z,23.47,1.6,0.8333333333333334,450,15.775925720917812
2025-10-15T05:06:45.147Z,23.5,1.6,0.8333333333333334,450,15.796480181034331
2025-10-15T05:07:15.199Z,23.47,1.6,0.8333333333333334,450,15.775925720917812
2025-10-15T05:07:45.175Z,23.53,1.6,0.8333333333333334,450,15.816920784102635
2025-10-15T05:08:15.389Z,23.42,1.6,0.8333333333333334,450,15.74142653077299
2025-10-15T05:08:45.226Z,23.54,1.6,0.8333333333333334,450,15.823708306914309
2025-10-15T05:09:15.144Z,23.59,1.6,0.8333333333333334,450,15.85744405319121
2025-10-15T05:09:45.211Z,23.47,1.6,0.8333333333333334,450,15.775925720917812
2025-10-15T05:10:15.273Z,23.4,1.6,0.8333333333333334,450,15.727545856503436
2025-10-15T05:10:45.200Z,23.47,1.6,0.8333333333333334,450,15.775925720917812
2025-10-15T05:11:15.285Z,23.65,1.6,0.8333333333333334,450,15.897463195164919
2025-10-15T05:11:45.180Z,23.47,1.6,0.8333333333333334,450,15.775925720917812
2025-10-15T05:12:15.279Z,23.42,1.6,0.8333333333333334,450,15.74142653077299
2025-10-15T05:12:45.158Z,23.47,1.6,0.8333333333333334,450,15.775925720917812
2025-10-15T05:13:15.195Z,23.46,1.6,0.8333333333333334,450,15.769049646999129
2025-10-15T05:13:45.230Z,23.53,1.6,0.8333333333333334,450,15.816920784102635
2025-10-15T05:14:45.243Z,23.5,1.6,0.8333333333333334,450,15.796480181034331
2025-10-15T05:15:15.297Z,23.53,1.6,0.8333333333333334,450,15.816920784102635
2025-10-15T05:15:45.211Z,23.47,1.6,0.8333333333333334,450,15.775925720917812
2025-10-15T05:16:45.207Z,23.55,1.6,0.8333333333333334,450,15.830482571982373
2025-10-15T05:17:15.266Z,23.4,1.6,0.8333333333333334,450,15.727545856503436
2025-10-15T05:17:45.319Z,23.47,1.6,0.8333333333333334,450,15.775925720917812
2025-10-15T05:18:15.260Z,23.5,1.6,0.8333333333333334,450,15.796480181034331
2025-10-15T05:18:45.372Z,23.29,1.6,0.8333333333333334,450,15.650442263118325
2025-10-15T05:19:15.241Z,23.54,1.6,0.8333333333333334,450,15.823708306914309
2025-10-15T05:19:45.298Z,23.4,1.6,0.8333333333333334,450,15.727545856503436
2025-10-15T05:20:45.259Z,23.5,1.6,0.8333333333333334,450,15.796480181034331
2025-10-15T05:21:15.328Z,23.4,1.6,0.8333333333333334,450,15.727545856503436
2025-10-15T05:21:45.424Z,23.41,1.6,0.8333333333333334,450,15.734491823240674
2025-10-15T05:22:15.329Z,23.47,1.6,0.8333333333333334,450,15.775925720917812
2025-10-15T05:23:15.401Z,23.31,1.6,0.8333333333333334,450,15.664551505675789
2025-10-15T05:23:45.312Z,23.47,1.6,0.8333333333333334,450,15.775925720917812
2025-10-15T05:24:15.347Z,23.34,1.6,0.8333333333333334,450,15.685642424742802
2025-10-15T05:24:45.385Z,23.33,1.6,0.8333333333333334,450,15.678622058115998
2025-10-15T05:25:15.316Z,23.4,1.6,0.8333333333333334,450,15.727545856503436
2025-10-15T05:25:45.364Z,23.42,1.6,0.8333333333333334,450,15.74142653077299
2025-10-15T05:26:15.415Z,23.32,1.6,0.8333333333333334,450,15.671591698414208
2025-10-15T05:26:45.330Z,23.28,1.6,0.8333333333333334,450,15.643373535236707
2025-10-15T05:27:15.422Z,23.52,1.6,0.8333333333333334,450,15.810120154489203
2025-10-15T05:27:45.411Z,23.29,1.6,0.8333333333333334,450,15.650442263118325
2025-10-15T05:28:15.464Z,23.4,1.6,0.8333333333333334,450,15.727545856503436
2025-10-15T05:28:45.389Z,23.42,1.6,0.8333333333333334,450,15.74142653077299
2025-10-15T05:29:15.422Z,23.4,1.6,0.8333333333333334,450,15.727545856503436
2025-10-15T05:30:15.406Z,23.41,1.6,0.8333333333333334,450,15.734491823240674
2025-10-15T05:30:45.459Z,23.52,1.6,0.8333333333333334,450,15.810120154489203
2025-10-15T05:31:15.396Z,23.42,1.6,0.8333333333333334,450,15.74142653077299
2025-10-15T05:31:45.421Z,23.4,1.6,0.8333333333333334,450,15.727545856503436
2025-10-15T05:32:45.518Z,23.34,1.6,0.8333333333333334,450,15.685642424742802
2025-10-15T05:33:45.559Z,23.28,1.6,0.8333333333333334,450,15.643373535236707
2025-10-15T05:34:15.450Z,23.34,1.6,0.8333333333333334,450,15.685642424742802
2025-10-15T05:34:45.560Z,23.4,1.6,0.8333333333333334,450,15.727545856503436
2025-10-15T05:35:15.562Z,23.29,1.6,0.8333333333333334,450,15.650442263118325
2025-10-15T05:35:45.446Z,23.28,1.6,0.8333333333333334,450,15.643373535236707
2025-10-15T05:36:15.564Z,23.34,1.6,0.8333333333333334,450,15.685642424742802
2025-10-15T05:36:45.563Z,23.28,1.6,0.8333333333333334,450,15.643373535236707
2025-10-15T05:37:15.564Z,23.3,1.6,0.8333333333333334,450,15.657501640314939
2025-10-15T05:37:45.563Z,23.4,1.6,0.8333333333333334,450,15.727545856503436
2025-10-15T05:38:15.579Z,23.28,1.6,0.8333333333333334,450,15.643373535236707
2025-10-15T05:38:45.553Z,23.4,1.6,0.8333333333333334,450,15.727545856503436
2025-10-15T05:39:15.565Z,23.28,1.6,0.8333333333333334,450,15.643373535236707
2025-10-15T05:39:45.616Z,23.4,1.6,0.8333333333333334,450,15.727545856503436
2025-10-15T05:40:15.584Z,23.29,1.6,0.8333333333333334,450,15.650442263118325
2025-10-15T05:40:45.614Z,23.4,1.6,0.8333333333333334,450,15.727545856503436
2025-10-15T05:42:15.618Z,23.28,1.6,0.8333333333333334,450,15.643373535236707
2025-10-15T05:42:45.594Z,23.27,1.6,0.8333333333333334,450,15.636295618182967
2025-10-15T05:43:15.579Z,23.4,1.6,0.8333333333333334,450,15.727545856503436
2025-10-15T05:43:45.711Z,23.15,1.6,0.8333333333333334,450,15.550703116981143
2025-10-15T05:44:15.665Z,23.28,1.6,0.8333333333333334,450,15.643373535236707
2025-10-15T05:45:45.663Z,23.29,1.6,0.8333333333333334,450,15.650442263118325
2025-10-15T05:46:15.653Z,23.28,1.6,0.8333333333333334,450,15.643373535236707
2025-10-15T05:47:15.642Z,23.34,1.6,0.8333333333333334,450,15.685642424742802
2025-10-15T05:47:45.686Z,23.28,1.6,0.8333333333333334,450,15.643373535236707
2025-10-15T05:49:45.675Z,23.18,1.6,0.8333333333333334,450,15.572207672934711
2025-10-15T05:50:15.629Z,23.34,1.6,0.8333333333333334,450,15.685642424742802
2025-10-15T05:50:45.685Z,23.27,1.6,0.8333333333333334,450,15.636295618182967
2025-10-15T05:51:15.746Z,23.22,1.6,0.8333333333333334,450,15.600773872806617
2025-10-15T05:52:15.716Z,23.28,1.6,0.8333333333333334,450,15.643373535236707
2025-10-15T05:52:45.751Z,23.29,1.6,0.8333333333333334,450,15.650442263118325
2025-10-15T05:53:15.687Z,23.08,1.6,0.8333333333333334,450,15.500286517488364
2025-10-15T05:53:45.712Z,23.15,1.6,0.8333333333333334,450,15.550703116981143
2025-10-15T05:54:15.790Z,23.4,1.6,0.8333333333333334,450,15.727545856503436
2025-10-15T05:54:45.689Z,23.28,1.6,0.8333333333333334,450,15.643373535236707
2025-10-15T05:55:45.805Z,23.34,1.6,0.8333333333333334,450,15.685642424742802
2025-10-15T05:56:15.727Z,23.21,1.6,0.8333333333333334,450,15.593644231979937
2025-10-15T05:56:45.753Z,23.15,1.6,0.8333333333333334,450,15.550703116981143
2025-10-15T05:57:15.805Z,23.29,1.6,0.8333333333333334,450,15.650442263118325
2025-10-15T05:58:15.772Z,23.24,1.6,0.8333333333333334,450,15.615008352402546
2025-10-15T05:58:45.845Z,23.14,1.6,0.8333333333333334,450,15.543520592476359
2025-10-15T05:59:15.774Z,23.28,1.6,0.8333333333333334,450,15.643373535236707
2025-10-15T06:00:15.871Z,23.47,1.6,0.8333333333333334,450,15.775925720917812
2025-10-15T06:00:45.869Z,23.34,1.6,0.8333333333333334,450,15.685642424742802
2025-10-15T06:01:15.836Z,23.28,1.6,0.8333333333333334,450,15.643373535236707
2025-10-15T06:01:45.767Z,23.3,1.6,0.8333333333333334,450,15.657501640314939
2025-10-15T06:02:15.835Z,23.29,1.6,0.8333333333333334,450,15.650442263118325
2025-10-15T06:02:45.873Z,23.23,1.6,0.8333333333333334,450,15.607895300801044
2025-10-15T06:03:15.821Z,23.15,1.6,0.8333333333333334,450,15.550703116981143
2025-10-15T06:03:45.854Z,23.05,1.6,0.8333333333333334,450,15.478587686960552
2025-10-15T06:04:15.865Z,23.08,1.6,0.8333333333333334,450,15.500286517488364
2025-10-15T06:04:45.868Z,23.18,1.6,0.8333333333333334,450,15.572207672934711
2025-10-15T06:05:15.923Z,23.28,1.6,0.8333333333333334,450,15.643373535236707
2025-10-15T06:05:45.842Z,23.34,1.6,0.8333333333333334,450,15.685642424742802
2025-10-15T06:06:15.887Z,23.15,1.6,0.8333333333333334,450,15.550703116981143
2025-10-15T06:06:45.919Z,23.29,1.6,0.8333333333333334,450,15.650442263118325
2025-10-15T06:07:15.885Z,23.08,1.6,0.8333333333333334,450,15.500286517488364
2025-10-15T06:07:45.901Z,23.28,1.6,0.8333333333333334,450,15.643373535236707
2025-10-15T06:08:15.998Z,23.15,1.6,0.8333333333333334,450,15.550703116981143
2025-10-15T06:09:15.948Z,23.08,1.6,0.8333333333333334,450,15.500286517488364
2025-10-15T06:09:45.900Z,23.15,1.6,0.8333333333333334,450,15.550703116981143
2025-10-15T06:10:46.076Z,23.28,1.6,0.8333333333333334,450,15.643373535236707
2025-10-15T06:11:15.915Z,23.22,1.6,0.8333333333333334,450,15.600773872806617
2025-10-15T06:11:45.984Z,23.01,1.6,0.8333333333333334,450,15.449581278399018
2025-10-15T06:12:15.919Z,23.16,1.6,0.8333333333333334,450,15.557878582313586
2025-10-15T06:12:45.993Z,23.15,1.6,0.8333333333333334,450,15.550703116981143
2025-10-15T06:13:15.929Z,23.09,1.6,0.8333333333333334,450,15.507507901673186
2025-10-15T06:13:45.989Z,23.22,1.6,0.8333333333333334,450,15.600773872806617
2025-10-15T06:14:16.039Z,23.15,1.6,0.8333333333333334,450,15.550703116981143
2025-10-15T06:15:16.087Z,23.18,1.6,0.8333333333333334,450,15.572207672934711
2025-10-15T06:15:46.052Z,23.08,1.6,0.8333333333333334,450,15.500286517488364
2025-10-15T06:17:16.102Z,23.22,1.6,0.8333333333333334,450,15.600773872806617
2025-10-15T06:17:46.063Z,23.15,1.6,0.8333333333333334,450,15.550703116981143
2025-10-15T06:18:46.067Z,23.09,1.6,0.8333333333333334,450,15.507507901673186
2025-10-15T06:19:16.114Z,23.15,1.6,0.8333333333333334,450,15.550703116981143
2025-10-15T06:19:46.020Z,23.08,1.6,0.8333333333333334,450,15.500286517488364
2025-10-15T06:20:16.080Z,23.05,1.6,0.8333333333333334,450,15.478587686960552
2025-10-15T06:20:46.072Z,23.15,1.6,0.8333333333333334,450,15.550703116981143
2025-10-15T06:21:16.056Z,23.08,1.6,0.8333333333333334,450,15.500286517488364
2025-10-15T06:21:46.119Z,23.18,1.6,0.8333333333333334,450,15.572207672934711
2025-10-15T06:22:16.033Z,23.08,1.6,0.8333333333333334,450,15.500286517488364
2025-10-15T06:22:46.099Z,23.15,1.6,0.8333333333333334,450,15.550703116981143
2025-10-15T06:23:46.058Z,23.28,1.6,0.8333333333333334,450,15.643373535236707
2025-10-15T06:24:16.140Z,22.97,1.6,0.8333333333333334,450,15.420499482166678
2025-10-15T06:24:46.138Z,23.05,1.6,0.8333333333333334,450,15.478587686960552
2025-10-15T06:25:16.088Z,23.15,1.6,0.8333333333333334,450,15.550703116981143
2025-10-15T06:25:46.168Z,23.05,1.6,0.8333333333333334,450,15.478587686960552
2025-10-15T06:26:16.086Z,23.08,1.6,0.8333333333333334,450,15.500286517488364
2025-10-15T06:26:46.103Z,23.05,1.6,0.8333333333333334,450,15.478587686960552
2025-10-15T06:27:16.281Z,23.15,1.6,0.8333333333333334,450,15.550703116981143
2025-10-15T06:27:46.287Z,22.97,1.6,0.8333333333333334,450,15.420499482166678
2025-10-15T06:28:16.137Z,23.08,1.6,0.8333333333333334,450,15.500286517488364
2025-10-15T06:28:46.177Z,23.1,1.6,0.8333333333333334,450,15.514723226694763
2025-10-15T06:29:16.258Z,23.05,1.6,0.8333333333333334,450,15.478587686960552
2025-10-15T06:29:46.132Z,23.25,1.6,0.8333333333333334,450,15.622112864376984
2025-10-15T06:30:16.182Z,23.12,1.6,0.8333333333333334,450,15.529135030194187
2025-10-15T06:30:46.224Z,23.15,1.6,0.8333333333333334,450,15.550703116981143
2025-10-15T06:31:16.171Z,23.01,1.6,0.8333333333333334,450,15.449581278399018
2025-10-15T06:31:46.238Z,23.08,1.6,0.8333333333333334,450,15.500286517488364
2025-10-15T06:32:16.264Z,23.15,1.6,0.8333333333333334,450,15.550703116981143
2025-10-15T06:32:46.240Z,23.02,1.6,0.8333333333333334,450,15.45684037119361
2025-10-15T06:33:16.218Z,23.15,1.6,0.8333333333333334,450,15.550703116981143
2025-10-15T06:34:16.295Z,23.01,1.6,0.8333333333333334,450,15.449581278399018
2025-10-15T06:34:46.254Z,23.03,1.6,0.8333333333333334,450,15.464094582826185
2025-10-15T06:35:16.360Z,23.08,1.6,0.8333333333333334,450,15.500286517488364
2025-10-15T06:35:46.231Z,23.15,1.6,0.8333333333333334,450,15.550703116981143
2025-10-15T06:36:16.252Z,22.97,1.6,0.8333333333333334,450,15.420499482166678
2025-10-15T06:36:46.324Z,23.02,1.6,0.8333333333333334,450,15.45684037119361
2025-10-15T06:37:16.353Z,23.0,1.6,0.8333333333333334,450,15.442317473617388
2025-10-15T06:37:46.273Z,23.15,1.6,0.8333333333333334,450,15.550703116981143
2025-10-15T06:38:16.248Z,23.08,1.6,0.8333333333333334,450,15.500286517488364
2025-10-15T06:38:46.383Z,23.21,1.6,0.8333333333333334,450,15.593644231979937
2025-10-15T06:39:16.323Z,23.03,1.6,0.8333333333333334,450,15.464094582826185
2025-10-15T06:39:46.250Z,23.02,1.6,0.8333333333333334,450,15.45684037119361
2025-10-15T06:40:46.338Z,23.12,1.6,0.8333333333333334,450,15.529135030194187
2025-10-15T06:41:16.309Z,23.0,1.6,0.8333333333333334,450,15.442317473617388
2025-10-15T06:41:46.323Z,23.03,1.6,0.8333333333333334,450,15.464094582826185
2025-10-15T06:42:16.354Z,23.0,1.6,0.8333333333333334,450,15.442317473617388
2025-10-15T06:42:46.385Z,23.02,1.6,0.8333333333333334,450,15.45684037119361
2025-10-15T06:43:16.310Z,22.97,1.6,0.8333333333333334,450,15.420499482166678
2025-10-15T06:43:46.359Z,23.06,1.6,0.8333333333333334,450,15.485826242189008
2025-10-15T06:44:16.434Z,23.08,1.6,0.8333333333333334,450,15.500286517488364
2025-10-15T06:44:46.364Z,23.01,1.6,0.8333333333333334,450,15.449581278399018
2025-10-15T06:45:16.374Z,23.07,1.6,0.8333333333333334,450,15.493059241719461
2025-10-15T06:45:46.440Z,23.0,1.6,0.8333333333333334,450,15.442317473617388
2025-10-15T06:46:16.351Z,23.03,1.6,0.8333333333333334,450,15.464094582826185
2025-10-15T06:47:16.459Z,23.09,1.6,0.8333333333333334,450,15.507507901673186
2025-10-15T06:47:46.390Z,23.06,1.6,0.8333333333333334,450,15.485826242189008
2025-10-15T06:48:16.440Z,23.08,1.6,0.8333333333333334,450,15.500286517488364
2025-10-15T06:48:46.381Z,23.04,1.6,0.8333333333333334,450,15.47134374433158
2025-10-15T06:49:16.417Z,23.01,1.6,0.8333333333333334,450,15.449581278399018
2025-10-15T06:49:46.515Z,22.91,1.6,0.8333333333333334,450,15.376759202528188
2025-10-15T06:50:16.411Z,23.11,1.6,0.8333333333333334,450,15.521932325225038
2025-10-15T06:50:46.454Z,23.08,1.6,0.8333333333333334,450,15.500286517488364
2025-10-15T06:51:16.512Z,23.02,1.6,0.8333333333333334,450,15.45684037119361
2025-10-15T06:51:46.439Z,23.03,1.6,0.8333333333333334,450,15.464094582826185
2025-10-15T06:52:16.514Z,23.04,1.6,0.8333333333333334,450,15.47134374433158
2025-10-15T06:52:46.441Z,23.05,1.6,0.8333333333333334,450,15.478587686960552
2025-10-15T06:53:16.513Z,23.04,1.6,0.8333333333333334,450,15.47134374433158
2025-10-15T06:53:46.504Z,23.03,1.6,0.8333333333333334,450,15.464094582826185
2025-10-15T06:54:46.495Z,23.02,1.6,0.8333333333333334,450,15.45684037119361
2025-10-15T06:55:16.486Z,22.97,1.6,0.8333333333333334,450,15.420499482166678
2025-10-15T06:55:46.533Z,23.0,1.6,0.8333333333333334,450,15.442317473617388
2025-10-15T06:56:16.503Z,22.91,1.6,0.8333333333333334,450,15.376759202528188
2025-10-15T06:56:46.552Z,22.97,1.6,0.8333333333333334,450,15.420499482166678
2025-10-15T06:57:16.475Z,23.01,1.6,0.8333333333333334,450,15.449581278399018
2025-10-15T06:57:46.545Z,22.91,1.6,0.8333333333333334,450,15.376759202528188
2025-10-15T06:58:16.482Z,22.97,1.6,0.8333333333333334,450,15.420499482166678
2025-10-15T06:58:46.535Z,23.02,1.6,0.8333333333333334,450,15.45684037119361
2025-10-15T06:59:16.570Z,23.03,1.6,0.8333333333333334,450,15.464094582826185
2025-10-15T06:59:46.648Z,22.91,1.6,0.8333333333333334,450,15.376759202528188
2025-10-15T07:00:16.557Z,22.97,1.6,0.8333333333333334,450,15.420499482166678
2025-10-15T07:00:46.612Z,22.91,1.6,0.8333333333333334,450,15.376759202528188
2025-10-15T07:01:16.557Z,23.03,1.6,0.8333333333333334,450,15.464094582826185
2025-10-15T07:01:47.212Z,23.08,1.6,0.8333333333333334,450,15.500286517488364
2025-10-15T07:02:47.210Z,23.03,1.6,0.8333333333333334,450,15.464094582826185
2025-10-15T07:03:17.265Z,23.02,1.6,0.8333333333333334,450,15.45684037119361
2025-10-15T07:03:47.206Z,22.97,1.6,0.8333333333333334,450,15.420499482166678
2025-10-15T07:04:17.262Z,23.09,1.6,0.8333333333333334,450,15.507507901673186
2025-10-15T07:04:47.169Z,23.14,1.6,0.8333333333333334,450,15.543520592476359
2025-10-15T07:05:17.229Z,23.08,1.6,0.8333333333333334,450,15.500286517488364
2025-10-15T07:05:47.270Z,23.15,1.6,0.8333333333333334,450,15.550703116981143
2025-10-15T07:06:17.199Z,23.28,1.6,0.8333333333333334,450,15.643373535236707
2025-10-15T07:06:47.264Z,23.08,1.6,0.8333333333333334,450,15.500286517488364
2025-10-15T07:07:17.304Z,23.12,1.6,0.8333333333333334,450,15.529135030194187
2025-10-15T07:07:47.224Z,23.08,1.6,0.8333333333333334,450,15.500286517488364
2025-10-15T07:08:17.260Z,23.15,1.6,0.8333333333333334,450,15.550703116981143
2025-10-15T07:08:47.322Z,23.08,1.6,0.8333333333333334,450,15.500286517488364
2025-10-15T07:09:47.258Z,23.22,1.6,0.8333333333333334,450,15.600773872806617
2025-10-15T07:10:17.247Z,23.15,1.6,0.8333333333333334,450,15.550703116981143
2025-10-15T07:12:17.294Z,23.09,1.6,0.8333333333333334,450,15.507507901673186
2025-10-15T07:12:47.359Z,23.15,1.6,0.8333333333333334,450,15.550703116981143
2025-10-15T07:13:17.309Z,23.28,1.6,0.8333333333333334,450,15.643373535236707
2025-10-15T07:13:47.363Z,23.47,1.6,0.8333333333333334,450,15.775925720917812
2025-10-15T07:14:17.579Z,23.28,1.6,0.8333333333333334,450,15.643373535236707
2025-10-15T07:16:47.322Z,23.08,1.6,0.8333333333333334,450,15.500286517488364
2025-10-15T07:17:17.431Z,23.29,1.6,0.8333333333333334,450,15.650442263118325
2025-10-15T07:17:47.458Z,23.28,1.6,0.8333333333333334,450,15.643373535236707
2025-10-15T07:18:17.366Z,23.5,1.6,0.8333333333333334,450,15.796480181034331
2025-10-15T07:18:47.425Z,23.47,1.6,0.8333333333333334,450,15.775925720917812
2025-10-15T07:19:17.366Z,23.28,1.6,0.8333333333333334,450,15.643373535236707
2025-10-15T07:19:47.385Z,23.3,1.6,0.8333333333333334,450,15.657501640314939
2025-10-15T07:20:47.407Z,23.47,1.6,0.8333333333333334,450,15.775925720917812
2025-10-15T07:21:47.389Z,23.28,1.6,0.8333333333333334,450,15.643373535236707
2025-10-15T07:22:17.450Z,23.41,1.6,0.8333333333333334,450,15.734491823240674
2025-10-15T07:22:47.511Z,23.47,1.6,0.8333333333333334,450,15.775925720917812
2025-10-15T07:23:17.456Z,23.55,1.6,0.8333333333333334,450,15.830482571982373
2025-10-15T07:23:47.498Z,23.4,1.6,0.8333333333333334,450,15.727545856503436
2025-10-15T07:24:17.452Z,23.58,1.6,0.8333333333333334,450,15.850724318668483
2025-10-15T07:24:47.470Z,23.34,1.6,0.8333333333333334,450,15.685642424742802
2025-10-15T07:25:17.588Z,23.4,1.6,0.8333333333333334,450,15.727545856503436
2025-10-15T07:25:47.441Z,23.5,1.6,0.8333333333333334,450,15.796480181034331
2025-10-15T07:26:17.563Z,23.58,1.6,0.8333333333333334,450,15.850724318668483
2025-10-15T07:26:47.699Z,23.54,1.6,0.8333333333333334,450,15.823708306914309
2025-10-15T07:27:17.492Z,23.47,1.6,0.8333333333333334,450,15.775925720917812
2025-10-15T07:27:47.524Z,23.54,1.6,0.8333333333333334,450,15.823708306914309
2025-10-15T07:28:17.482Z,23.53,1.6,0.8333333333333334,450,15.816920784102635
2025-10-15T07:28:47.575Z,23.51,1.6,0.8333333333333334,450,15.803306569498332
2025-10-15T07:29:17.559Z,23.59,1.6,0.8333333333333334,450,15.85744405319121
2025-10-15T07:29:47.508Z,23.52,1.6,0.8333333333333334,450,15.810120154489203
2025-10-15T07:30:17.576Z,23.54,1.6,0.8333333333333334,450,15.823708306914309
2025-10-15T07:30:47.503Z,23.5,1.6,0.8333333333333334,450,15.796480181034331
2025-10-15T07:31:17.635Z,23.58,1.6,0.8333333333333334,450,15.850724318668483
2025-10-15T07:32:17.563Z,23.55,1.6,0.8333333333333334,450,15.830482571982373
2025-10-15T07:32:47.643Z,23.54,1.6,0.8333333333333334,450,15.823708306914309
2025-10-15T07:33:17.544Z,23.75,1.6,0.8333333333333334,450,15.96295578497278
2025-10-15T07:33:47.579Z,23.58,1.6,0.8333333333333334,450,15.850724318668483
2025-10-15T07:35:17.585Z,23.6,1.6,0.8333333333333334,450,15.864149782687598
2025-10-15T07:35:47.649Z,23.65,1.6,0.8333333333333334,450,15.897463195164919
2025-10-15T07:36:47.672Z,23.64,1.6,0.8333333333333334,450,15.890829699445865
2025-10-15T07:37:17.709Z,23.65,1.6,0.8333333333333334,450,15.897463195164919
2025-10-15T07:37:47.608Z,23.7,1.6,0.8333333333333334,450,15.930404514782845
2025-10-15T07:38:17.653Z,23.71,1.6,0.8333333333333334,450,15.936946541273063
2025-10-15T07:38:47.712Z,23.75,1.6,0.8333333333333334,450,15.96295578497278
2025-10-15T07:39:17.619Z,23.55,1.6,0.8333333333333334,450,15.830482571982373
2025-10-15T07:39:47.657Z,23.62,1.6,0.8333333333333334,450,15.87751863536814
2025-10-15T07:40:17.653Z,23.71,1.6,0.8333333333333334,450,15.936946541273063
2025-10-15T07:40:47.724Z,23.65,1.6,0.8333333333333334,450,15.897463195164919
2025-10-15T07:41:18.149Z,23.75,1.6,0.8333333333333334,450,15.96295578497278
2025-10-15T07:41:47.728Z,23.58,1.6,0.8333333333333334,450,15.850724318668483
2025-10-15T07:42:17.664Z,23.66,1.6,0.8333333333333334,450,15.904081806087873
2025-10-15T07:42:47.728Z,23.65,1.6,0.8333333333333334,450,15.897463195164919
2025-10-15T07:43:47.714Z,23.66,1.6,0.8333333333333334,450,15.904081806087873
2025-10-15T07:44:17.757Z,23.76,1.6,0.8333333333333334,450,15.969417677553675
2025-10-15T07:44:47.722Z,23.58,1.6,0.8333333333333334,450,15.850724318668483
2025-10-15T07:45:17.735Z,23.64,1.6,0.8333333333333334,450,15.890829699445865
2025-10-15T07:45:47.773Z,23.65,1.6,0.8333333333333334,450,15.897463195164919
2025-10-15T07:46:17.777Z,23.71,1.6,0.8333333333333334,450,15.936946541273063
2025-10-15T07:46:47.752Z,23.68,1.6,0.8333333333333334,450,15.917273795040602
2025-10-15T07:47:47.776Z,23.77,1.6,0.8333333333333334,450,15.975863123718229
2025-10-15T07:48:17.794Z,23.69,1.6,0.8333333333333334,450,15.923846885188237
2025-10-15T07:48:47.740Z,23.8,1.6,0.8333333333333334,450,15.995099401593585
2025-10-15T07:49:17.773Z,23.83,1.6,0.8333333333333334,450,16.014182711308948
2025-10-15T07:49:47.861Z,23.78,1.6,0.8333333333333334,450,15.982291984956035
2025-10-15T07:50:17.804Z,23.83,1.6,0.8333333333333334,450,16.014182711308948
2025-10-15T07:50:47.808Z,23.75,1.6,0.8333333333333334,450,15.96295578497278
2025-10-15T07:51:17.927Z,23.66,1.6,0.8333333333333334,450,15.904081806087873
2025-10-15T07:51:47.781Z,23.76,1.6,0.8333333333333334,450,15.969417677553675
2025-10-15T07:52:17.853Z,23.99,1.6,0.8333333333333334,450,16.11322815813878
2025-10-15T07:52:47.924Z,23.72,1.6,0.8333333333333334,450,15.943472822669397
2025-10-15T07:53:17.919Z,23.78,1.6,0.8333333333333334,450,15.982291984956035
2025-10-15T07:53:47.912Z,23.76,1.6,0.8333333333333334,450,15.969417677553675
2025-10-15T07:54:17.886Z,23.83,1.6,0.8333333333333334,450,16.014182711308948
2025-10-15T07:54:47.810Z,23.75,1.6,0.8333333333333334,450,15.96295578497278
2025-10-15T07:55:17.847Z,23.77,1.6,0.8333333333333334,450,15.975863123718229
2025-10-15T07:55:47.945Z,23.89,1.6,0.8333333333333334,450,16.05187584401425
2025-10-15T07:56:17.863Z,23.58,1.6,0.8333333333333334,450,15.850724318668483
2025-10-15T07:56:47.919Z,23.93,1.6,0.8333333333333334,450,16.07664238372872
2025-10-15T07:57:17.858Z,23.9,1.6,0.8333333333333334,450,16.05809510331831
2025-10-15T07:57:47.917Z,23.82,1.6,0.8333333333333334,450,16.007838831369142
2025-10-15T07:58:17.944Z,23.83,1.6,0.8333333333333334,450,16.014182711308948
2025-10-15T07:58:47.880Z,23.92,1.6,0.8333333333333334,450,16.070478502637993
2025-10-15T07:59:18.011Z,23.9,1.6,0.8333333333333334,450,16.05809510331831
2025-10-15T07:59:48.146Z,24.02,1.6,0.8333333333333334,450,16.13125984080894
2025-10-15T08:00:17.920Z,23.96,1.6,0.8333333333333334,450,16.095021212984648
2025-10-15T08:00:48.017Z,23.9,1.6,0.8333333333333334,450,16.05809510331831
2025-10-15T08:01:17.905Z,23.89,1.6,0.8333333333333334,450,16.05187584401425
2025-10-15T08:01:47.951Z,23.99,1.6,0.8333333333333334,450,16.11322815813878
2025-10-15T08:02:17.988Z,24.02,1.6,0.8333333333333334,450,16.13125984080894
2025-10-15T08:02:47.927Z,23.9,1.6,0.8333333333333334,450,16.05809510331831
2025-10-15T08:03:17.999Z,24.02,1.6,0.8333333333333334,450,16.13125984080894
2025-10-15T08:03:48.032Z,23.9,1.6,0.8333333333333334,450,16.05809510331831
2025-10-15T08:04:18.055Z,24.02,1.6,0.8333333333333334,450,16.13125984080894
2025-10-15T08:04:48.039Z,23.8,1.6,0.8333333333333334,450,15.995099401593585
2025-10-15T08:05:17.966Z,23.83,1.6,0.8333333333333334,450,16.014182711308948
2025-10-15T08:05:48.023Z,24.02,1.6,0.8333333333333334,450,16.13125984080894
2025-10-15T08:06:18.001Z,23.96,1.6,0.8333333333333334,450,16.095021212984648
2025-10-15T08:06:48.022Z,24.02,1.6,0.8333333333333334,450,16.13125984080894
2025-10-15T08:07:18.077Z,23.91,1.6,0.8333333333333334,450,16.064296032788885
2025-10-15T08:07:48.026Z,23.96,1.6,0.8333333333333334,450,16.095021212984648
2025-10-15T08:08:17.978Z,24.06,1.6,0.8333333333333334,450,16.155023718693105
2025-10-15T08:08:48.131Z,24.02,1.6,0.8333333333333334,450,16.13125984080894
2025-10-15T08:09:18.087Z,23.9,1.6,0.8333333333333334,450,16.05809510331831
2025-10-15T08:10:18.076Z,24.02,1.6,0.8333333333333334,450,16.13125984080894
2025-10-15T08:11:48.202Z,24.05,1.6,0.8333333333333334,450,16.14911293811309
2025-10-15T08:12:18.027Z,24.02,1.6,0.8333333333333334,450,16.13125984080894
2025-10-15T08:13:18.141Z,24.08,1.6,0.8333333333333334,450,16.166784183579598
2025-10-15T08:13:48.079Z,24.02,1.6,0.8333333333333334,450,16.13125984080894
2025-10-15T08:14:18.221Z,23.95,1.6,0.8333333333333334,450,16.08891386638483
2025-10-15T08:14:48.068Z,24.02,1.6,0.8333333333333334,450,16.13125984080894
2025-10-15T08:15:48.157Z,24.08,1.6,0.8333333333333334,450,16.166784183579598
2025-10-15T08:16:18.087Z,24.02,1.6,0.8333333333333334,450,16.13125984080894
2025-10-15T08:17:18.201Z,24.14,1.6,0.8333333333333334,450,16.201568340516353
2025-10-15T08:17:48.111Z,24.02,1.6,0.8333333333333334,450,16.13125984080894
2025-10-15T08:18:48.226Z,24.06,1.6,0.8333333333333334,450,16.155023718693105
2025-10-15T08:19:18.155Z,23.99,1.6,0.8333333333333334,450,16.11322815813878
2025-10-15T08:19:48.214Z,24.02,1.6,0.8333333333333334,450,16.13125984080894
2025-10-15T08:20:18.186Z,23.96,1.6,0.8333333333333334,450,16.095021212984648
2025-10-15T08:20:48.311Z,24.08,1.6,0.8333333333333334,450,16.166784183579598
2025-10-15T08:21:18.203Z,24.02,1.6,0.8333333333333334,450,16.13125984080894
2025-10-15T08:22:18.275Z,24.03,1.6,0.8333333333333334,450,16.137230878538684
2025-10-15T08:22:48.176Z,24.12,1.6,0.8333333333333334,450,16.190057425223287
2025-10-15T08:23:18.231Z,24.05,1.6,0.8333333333333334,450,16.14911293811309
2025-10-15T08:23:48.280Z,24.13,1.6,0.8333333333333334,450,16.195823454221205
2025-10-15T08:24:18.224Z,24.15,1.6,0.8333333333333334,450,16.20729197032461
2025-10-15T08:24:48.357Z,24.12,1.6,0.8333333333333334,450,16.190057425223287
2025-10-15T08:25:18.231Z,24.02,1.6,0.8333333333333334,450,16.13125984080894
2025-10-15T08:26:48.228Z,24.15,1.6,0.8333333333333334,450,16.20729197032461
2025-10-15T08:27:48.289Z,24.06,1.6,0.8333333333333334,450,16.155023718693105
2025-10-15T08:28:18.340Z,24.02,1.6,0.8333333333333334,450,16.13125984080894
2025-10-15T08:28:48.357Z,24.08,1.6,0.8333333333333334,450,16.166784183579598
2025-10-15T08:29:18.261Z,24.14,1.6,0.8333333333333334,450,16.201568340516353
2025-10-15T08:29:48.329Z,24.1,1.6,0.8333333333333334,450,16.178462397934517
2025-10-15T08:30:18.267Z,24.02,1.6,0.8333333333333334,450,16.13125984080894
2025-10-15T08:30:48.345Z,24.13,1.6,0.8333333333333334,450,16.195823454221205
2025-10-15T08:31:18.284Z,24.07,1.6,0.8333333333333334,450,16.16091417346943
2025-10-15T08:31:48.300Z,24.08,1.6,0.8333333333333334,450,16.166784183579598
2025-10-15T08:33:18.315Z,24.03,1.6,0.8333333333333334,450,16.137230878538684
2025-10-15T08:33:48.340Z,24.24,1.6,0.8333333333333334,450,16.257829690621335
2025-10-15T08:34:18.396Z,24.08,1.6,0.8333333333333334,450,16.166784183579598
2025-10-15T08:34:48.309Z,24.15,1.6,0.8333333333333334,450,16.20729197032461
2025-10-15T08:35:18.339Z,24.06,1.6,0.8333333333333334,450,16.155023718693105
2025-10-15T08:35:48.372Z,24.08,1.6,0.8333333333333334,450,16.166784183579598
2025-10-15T08:36:18.430Z,24.27,1.6,0.8333333333333334,450,16.27427712303404
2025-10-15T08:36:48.346Z,24.08,1.6,0.8333333333333334,450,16.166784183579598
2025-10-15T08:37:18.391Z,24.27,1.6,0.8333333333333334,450,16.27427712303404
2025-10-15T08:37:48.482Z,24.14,1.6,0.8333333333333334,450,16.201568340516353
2025-10-15T08:38:18.374Z,24.24,1.6,0.8333333333333334,450,16.257829690621335
2025-10-15T08:38:48.534Z,24.08,1.6,0.8333333333333334,450,16.166784183579598
2025-10-15T08:39:18.477Z,24.14,1.6,0.8333333333333334,450,16.201568340516353
2025-10-15T08:39:48.390Z,24.27,1.6,0.8333333333333334,450,16.27427712303404
2025-10-15T08:40:18.433Z,24.05,1.6,0.8333333333333334,450,16.14911293811309
2025-10-15T08:40:48.503Z,24.02,1.6,0.8333333333333334,450,16.13125984080894
2025-10-15T08:41:18.443Z,24.14,1.6,0.8333333333333334,450,16.201568340516353
2025-10-15T08:41:48.475Z,24.13,1.6,0.8333333333333334,450,16.195823454221205
2025-10-15T08:42:18.506Z,24.14,1.6,0.8333333333333334,450,16.201568340516353
2025-10-15T08:42:48.471Z,24.27,1.6,0.8333333333333334,450,16.27427712303404
2025-10-15T08:43:18.499Z,24.13,1.6,0.8333333333333334,450,16.195823454221205
2025-10-15T08:43:48.485Z,24.14,1.6,0.8333333333333334,450,16.201568340516353
2025-10-15T08:44:18.557Z,24.13,1.6,0.8333333333333334,450,16.195823454221205
2025-10-15T08:44:48.465Z,24.27,1.6,0.8333333333333334,450,16.27427712303404
2025-10-15T08:45:48.527Z,24.14,1.6,0.8333333333333334,450,16.201568340516353
2025-10-15T08:46:48.507Z,24.12,1.6,0.8333333333333334,450,16.190057425223287
2025-10-15T08:47:18.560Z,24.05,1.6,0.8333333333333334,450,16.14911293811309
2025-10-15T08:47:48.488Z,24.15,1.6,0.8333333333333334,450,16.20729197032461
2025-10-15T08:48:18.552Z,24.03,1.6,0.8333333333333334,450,16.137230878538684
2025-10-15T08:48:48.601Z,24.02,1.6,0.8333333333333334,450,16.13125984080894
2025-10-15T08:49:18.509Z,24.11,1.6,0.8333333333333334,450,16.184270368043343
2025-10-15T08:49:48.554Z,24.13,1.6,0.8333333333333334,450,16.195823454221205
2025-10-15T08:50:18.591Z,24.08,1.6,0.8333333333333334,450,16.166784183579598
2025-10-15T08:50:48.630Z,24.03,1.6,0.8333333333333334,450,16.137230878538684
2025-10-15T08:51:18.554Z,24.01,1.6,0.8333333333333334,450,16.12526895979643
2025-10-15T08:51:48.603Z,24.05,1.6,0.8333333333333334,450,16.14911293811309
2025-10-15T08:52:18.532Z,24.02,1.6,0.8333333333333334,450,16.13125984080894
2025-10-15T08:53:18.659Z,24.14,1.6,0.8333333333333334,450,16.201568340516353
2025-10-15T08:53:48.610Z,24.08,1.6,0.8333333333333334,450,16.166784183579598
2025-10-15T08:54:18.638Z,24.02,1.6,0.8333333333333334,450,16.13125984080894
2025-10-15T08:56:18.820Z,23.96,1.6,0.8333333333333334,450,16.095021212984648
2025-10-15T08:56:48.638Z,24.02,1.6,0.8333333333333334,450,16.13125984080894
2025-10-15T08:57:18.818Z,23.96,1.6,0.8333333333333334,450,16.095021212984648
2025-10-15T08:57:48.693Z,24.02,1.6,0.8333333333333334,450,16.13125984080894
2025-10-15T09:00:48.649Z,24.17,1.6,0.8333333333333334,450,16.218675009038044
2025-10-15T09:01:18.707Z,24.33,1.6,0.8333333333333334,450,16.306557222568127
2025-10-15T09:01:49.261Z,24.58,1.6,0.8333333333333334,450,16.431809721749584
2025-10-15T09:02:19.942Z,24.59,1.6,0.8333333333333334,450,16.436497143374705
2025-10-15T09:02:50.492Z,24.76,1.6,0.8333333333333334,450,16.512211711160553
2025-10-15T09:03:21.606Z,25.07,1.6,0.8333333333333334,450,16.63019867303844
2025-10-15T09:03:51.826Z,25.13,1.6,0.8333333333333334,450,16.64993723555315
2025-10-15T09:04:22.410Z,25.29,1.6,0.8333333333333334,450,16.697552886089177
2025-10-15T09:04:52.945Z,25.52,1.6,0.8333333333333334,450,16.75308741665031
2025-10-15T09:05:23.665Z,25.7,1.6,0.8333333333333334,450,16.785900963376733
2025-10-15T09:06:24.782Z,25.76,1.6,0.8333333333333334,450,16.794773080073327
2025-10-15T09:06:55.447Z,26.01,1.6,0.8333333333333334,450,16.820788728902095
2025-10-15T09:07:25.999Z,26.2,1.6,0.8333333333333334,450,16.829028608756115
2025-10-15T09:07:56.651Z,26.39,1.6,0.8333333333333334,450,16.82771842432157
2025-10-15T09:08:57.923Z,26.5,1.6,0.8333333333333334,450,16.822777370184678
2025-10-15T09:09:28.512Z,26.75,1.6,0.8333333333333334,450,16.800802004078538
2025-10-15T09:09:59.073Z,26.81,1.6,0.8333333333333334,450,16.793423618654302
2025-10-15T09:10:29.775Z,26.95,1.6,0.8333333333333334,450,16.773243626393512
2025-10-15T09:11:00.303Z,26.91,1.6,0.8333333333333334,450,16.779421820674422
2025-10-15T09:11:30.986Z,27.06,1.6,0.8333333333333334,450,16.754624843940093
2025-10-15T09:12:01.532Z,27.19,1.6,0.8333333333333334,450,16.729700748551906
2025-10-15T09:12:32.201Z,27.14,1.6,0.8333333333333334,450,16.73964713565297
2025-10-15T09:13:02.845Z,27.26,1.6,0.8333333333333334,450,16.71505147220223
2025-10-15T09:13:33.420Z,27.49,1.6,0.8333333333333334,450,16.661442009920616
2025-10-15T09:14:03.950Z,27.5,1.6,0.8333333333333334,450,16.658935562167052
2025-10-15T09:14:34.721Z,27.59,1.6,0.8333333333333334,450,16.635779399971945
2025-10-15T09:15:05.213Z,27.81,1.6,0.8333333333333334,450,16.5750935703247
2025-10-15T09:15:35.833Z,27.88,1.6,0.8333333333333334,450,16.554729707576882
2025-10-15T09:16:06.391Z,27.81,1.6,0.8333333333333334,450,16.5750935703247
2025-10-15T09:16:37.050Z,27.94,1.6,0.8333333333333334,450,16.536926573054977
2025-10-15T09:17:07.721Z,28.06,1.6,0.8333333333333334,450,16.500467756528362
2025-10-15T09:17:38.268Z,27.97,1.6,0.8333333333333334,450,16.527913396658636
2025-10-15T09:18:08.950Z,28.01,1.6,0.8333333333333334,450,16.515787642194
2025-10-15T09:18:39.568Z,28.08,1.6,0.8333333333333334,450,16.49429236540744
2025-10-15T09:19:10.128Z,28.06,1.6,0.8333333333333334,450,16.500467756528362
2025-10-15T09:19:40.711Z,28.25,1.6,0.8333333333333334,450,16.44086592354146
2025-10-15T09:20:41.932Z,28.38,1.6,0.8333333333333334,450,16.39913312927527
2025-10-15T09:21:43.172Z,28.31,1.6,0.8333333333333334,450,16.421679771741086
2025-10-15T09:22:13.733Z,28.5,1.6,0.8333333333333334,450,16.36018558266533
2025-10-15T09:22:44.502Z,28.41,1.6,0.8333333333333334,450,16.38942606982269
2025-10-15T09:23:14.960Z,28.55,1.6,0.8333333333333334,450,16.343886301557255
2025-10-15T09:24:16.310Z,28.61,1.6,0.8333333333333334,450,16.3243005621705
2025-10-15T09:24:46.831Z,28.87,1.6,0.8333333333333334,450,16.239651860810035
2025-10-15T09:25:48.116Z,28.93,1.6,0.8333333333333334,450,16.22029601694134
2025-10-15T09:26:18.807Z,28.81,1.6,0.8333333333333334,450,16.259099044129066
2025-10-15T09:26:49.300Z,28.73,1.6,0.8333333333333334,450,16.285133221354585
2025-10-15T09:27:19.979Z,28.68,1.6,0.8333333333333334,450,16.301444050193282
2025-10-15T09:27:50.582Z,28.87,1.6,0.8333333333333334,450,16.239651860810035
2025-10-15T09:28:21.155Z,28.79,1.6,0.8333333333333334,450,16.265598013094184
2025-10-15T09:28:51.804Z,29.0,1.6,0.8333333333333334,450,16.197857668258166
2025-10-15T09:29:22.409Z,28.87,1.6,0.8333333333333334,450,16.239651860810035
2025-10-15T09:29:53.031Z,28.96,1.6,0.8333333333333334,450,16.210658944693446
2025-10-15T09:30:23.575Z,28.88,1.6,0.8333333333333334,450,16.236418968140114
2025-10-15T09:30:54.247Z,28.92,1.6,0.8333333333333334,450,16.223514747590144
2025-10-15T09:31:24.784Z,29.01,1.6,0.8333333333333334,450,16.194666572708915
2025-10-15T09:31:55.437Z,29.0,1.6,0.8333333333333334,450,16.197857668258166
2025-10-15T09:32:25.976Z,29.02,1.6,0.8333333333333334,450,16.19147935174132
2025-10-15T09:32:56.651Z,29.03,1.6,0.8333333333333334,450,16.18829609703646
2025-10-15T09:33:27.695Z,29.12,1.6,0.8333333333333334,450,16.159840156080797
2025-10-15T09:33:57.870Z,29.18,1.6,0.8333333333333334,450,16.141083965288164
2025-10-15T09:34:59.059Z,29.05,1.6,0.8333333333333334,450,16.18194185056613
2025-10-15T09:35:29.729Z,29.09,1.6,0.8333333333333334,450,16.169284929115733
2025-10-15T09:36:00.277Z,29.37,1.6,0.8333333333333334,450,16.08304455153244
2025-10-15T09:36:30.958Z,29.24,1.6,0.8333333333333334,450,16.122520706162753
2025-10-15T09:37:01.484Z,29.28,1.6,0.8333333333333334,450,16.110261061217795
2025-10-15T09:37:32.143Z,29.27,1.6,0.8333333333333334,450,16.113316926497998
2025-10-15T09:38:02.761Z,29.49,1.6,0.8333333333333334,450,16.047624573083812
2025-10-15T09:38:33.406Z,29.37,1.6,0.8333333333333334,450,16.08304455153244
2025-10-15T09:39:04.019Z,29.43,1.6,0.8333333333333334,450,16.06520414401875
2025-10-15T09:39:34.590Z,29.49,1.6,0.8333333333333334,450,16.047624573083812
2025-10-15T09:40:05.196Z,29.37,1.6,0.8333333333333334,450,16.08304455153244
2025-10-15T09:40:35.857Z,29.3,1.6,0.8333333333333334,450,16.10416788723024
2025-10-15T09:41:06.420Z,29.37,1.6,0.8333333333333334,450,16.08304455153244
2025-10-15T09:41:37.019Z,29.49,1.6,0.8333333333333334,450,16.047624573083812
2025-10-15T09:42:38.263Z,29.39,1.6,0.8333333333333334,450,16.077069680615566
2025-10-15T09:43:08.935Z,29.49,1.6,0.8333333333333334,450,16.047624573083812
2025-10-15T09:43:39.486Z,29.36,1.6,0.8333333333333334,450,16.086042265822613
2025-10-15T09:44:10.077Z,29.49,1.6,0.8333333333333334,450,16.047624573083812
2025-10-15T09:46:43.123Z,29.5,1.6,0.8333333333333334,450,16.04472101664225
2025-10-15T09:47:13.812Z,29.49,1.6,0.8333333333333334,450,16.047624573083812
2025-10-15T09:47:44.356Z,29.59,1.6,0.8333333333333334,450,16.01894327041881
2025-10-15T09:48:14.992Z,29.52,1.6,0.8333333333333334,450,16.03893708816385
2025-10-15T09:48:45.685Z,29.59,1.6,0.8333333333333334,450,16.01894327041881
2025-10-15T09:49:16.211Z,29.68,1.6,0.8333333333333334,450,15.993833600721366
2025-10-15T09:49:46.947Z,29.5,1.6,0.8333333333333334,450,16.04472101664225
2025-10-15T09:50:17.427Z,29.62,1.6,0.8333333333333334,450,16.01049709235917
2025-10-15T09:50:48.111Z,29.68,1.6,0.8333333333333334,450,15.993833600721366
2025-10-15T09:51:18.698Z,29.62,1.6,0.8333333333333334,450,16.01049709235917
2025-10-15T09:51:49.296Z,29.56,1.6,0.8333333333333334,450,16.02746371453647
2025-10-15T09:52:20.210Z,29.73,1.6,0.8333333333333334,450,15.980187307941833
2025-10-15T09:52:50.502Z,29.55,1.6,0.8333333333333334,450,16.03032009407054
2025-10-15T09:53:21.165Z,29.66,1.6,0.8333333333333334,450,15.999353683224975
2025-10-15T09:53:51.697Z,29.73,1.6,0.8333333333333334,450,15.980187307941833
2025-10-15T09:54:22.369Z,29.68,1.6,0.8333333333333334,450,15.993833600721366
2025-10-15T09:54:52.941Z,29.71,1.6,0.8333333333333334,450,15.985619186431796
2025-10-15T09:55:23.607Z,29.68,1.6,0.8333333333333334,450,15.993833600721366
2025-10-15T09:55:54.225Z,29.72,1.6,0.8333333333333334,450,15.982898774293712
2025-10-15T09:56:24.870Z,29.73,1.6,0.8333333333333334,450,15.980187307941833
2025-10-15T09:56:55.401Z,29.74,1.6,0.8333333333333334,450,15.97748483605093
2025-10-15T09:57:25.984Z,29.71,1.6,0.8333333333333334,450,15.985619186431796
2025-10-15T09:57:56.691Z,29.77,1.6,0.8333333333333334,450,15.969431863757112
2025-10-15T09:58:27.241Z,29.93,1.6,0.8333333333333334,450,15.927906586533748
2025-10-15T09:58:57.885Z,29.87,1.6,0.8333333333333334,450,15.943192110658742
2025-10-15T09:59:28.438Z,29.71,1.6,0.8333333333333334,450,15.985619186431796
2025-10-15T09:59:59.006Z,29.87,1.6,0.8333333333333334,450,15.943192110658742
2025-10-15T10:00:29.635Z,29.99,1.6,0.8333333333333334,450,15.912974678779694
2025-10-15T10:01:30.861Z,29.87,1.6,0.8333333333333334,450,15.943192110658742
2025-10-15T10:02:01.532Z,29.8,1.6,0.8333333333333334,450,15.961461528960687
2025-10-15T10:02:32.314Z,29.99,1.6,0.8333333333333334,450,15.912974678779694
2025-10-15T10:03:02.687Z,29.87,1.6,0.8333333333333334,450,15.943192110658742
2025-10-15T10:03:33.495Z,29.99,1.6,0.8333333333333334,450,15.912974678779694
2025-10-15T10:04:03.904Z,29.83,1.6,0.8333333333333334,450,15.953575036007067
2025-10-15T10:04:34.596Z,29.87,1.6,0.8333333333333334,450,15.943192110658742
2025-10-15T10:05:05.174Z,29.99,1.6,0.8333333333333334,450,15.912974678779694
2025-10-15T10:05:35.767Z,29.9,1.6,0.8333333333333334,450,15.935505620941122
2025-10-15T10:06:06.343Z,29.82,1.6,0.8333333333333334,450,15.956194479163198
2025-10-15T10:06:37.133Z,29.93,1.6,0.8333333333333334,450,15.927906586533748
2025-10-15T10:07:07.649Z,30.02,1.6,0.8333333333333334,450,15.905643562130518
2025-10-15T10:07:38.195Z,29.93,1.6,0.8333333333333334,450,15.927906586533748
2025-10-15T10:08:08.939Z,29.71,1.6,0.8333333333333334,450,15.985619186431796
2025-10-15T10:08:39.427Z,29.99,1.6,0.8333333333333334,450,15.912974678779694
2025-10-15T10:09:10.171Z,29.86,1.6,0.8333333333333334,450,15.945773533909074
2025-10-15T10:09:40.756Z,29.9,1.6,0.8333333333333334,450,15.935505620941122
2025-10-15T10:10:11.314Z,29.86,1.6,0.8333333333333334,450,15.945773533909074
2025-10-15T10:10:41.868Z,29.93,1.6,0.8333333333333334,450,15.927906586533748
2025-10-15T10:11:12.561Z,29.87,1.6,0.8333333333333334,450,15.943192110658742
2025-10-15T10:11:43.130Z,29.8,1.6,0.8333333333333334,450,15.961461528960687
2025-10-15T10:12:13.804Z,29.99,1.6,0.8333333333333334,450,15.912974678779694
2025-10-15T10:12:44.446Z,29.93,1.6,0.8333333333333334,450,15.927906586533748
2025-10-15T10:13:15.020Z,29.87,1.6,0.8333333333333334,450,15.943192110658742
2025-10-15T10:13:45.563Z,30.0,1.6,0.8333333333333334,450,15.910520913448664
2025-10-15T10:14:16.396Z,30.02,1.6,0.8333333333333334,450,15.905643562130518
2025-10-15T10:14:46.813Z,29.99,1.6,0.8333333333333334,450,15.912974678779694
2025-10-15T10:15:17.384Z,30.02,1.6,0.8333333333333334,450,15.905643562130518
2025-10-15T10:15:48.125Z,29.99,1.6,0.8333333333333334,450,15.912974678779694
2025-10-15T10:16:49.267Z,29.93,1.6,0.8333333333333334,450,15.927906586533748
2025-10-15T10:17:19.965Z,29.99,1.6,0.8333333333333334,450,15.912974678779694
2025-10-15T10:18:21.068Z,30.08,1.6,0.8333333333333334,450,15.891254970840794
2025-10-15T10:18:51.745Z,29.99,1.6,0.8333333333333334,450,15.912974678779694
2025-10-15T10:19:53.061Z,30.05,1.6,0.8333333333333334,450,15.898403413876869
2025-10-15T10:20:23.504Z,30.06,1.6,0.8333333333333334,450,15.896010375312414
2025-10-15T10:20:54.193Z,30.24,1.6,0.8333333333333334,450,15.854704267308872
2025-10-15T10:21:24.778Z,30.08,1.6,0.8333333333333334,450,15.891254970840794
2025-10-15T10:21:55.408Z,29.99,1.6,0.8333333333333334,450,15.912974678779694
2025-10-15T10:22:56.684Z,30.05,1.6,0.8333333333333334,450,15.898403413876869
2025-10-15T10:23:27.262Z,30.01,1.6,0.8333333333333334,450,15.908077198101882
2025-10-15T10:23:57.779Z,30.06,1.6,0.8333333333333334,450,15.896010375312414
2025-10-15T10:24:28.557Z,30.11,1.6,0.8333333333333334,450,15.884198913025834
2025-10-15T10:24:59.074Z,30.12,1.6,0.8333333333333334,450,15.88186753314055
2025-10-15T10:25:29.645Z,30.11,1.6,0.8333333333333334,450,15.884198913025834
2025-10-15T10:26:00.301Z,30.24,1.6,0.8333333333333334,450,15.854704267308872
2025-10-15T10:26:30.945Z,30.18,1.6,0.8333333333333334,450,15.86809744746973
2025-10-15T10:27:01.486Z,30.24,1.6,0.8333333333333334,450,15.854704267308872
2025-10-15T10:27:32.253Z,30.19,1.6,0.8333333333333334,450,15.865838978079658
2025-10-15T10:28:02.660Z,30.3,1.6,0.8333333333333334,450,15.841691229288145
2025-10-15T10:28:33.370Z,30.24,1.6,0.8333333333333334,450,15.854704267308872
2025-10-15T10:29:34.592Z,30.25,1.6,0.8333333333333334,450,15.852508954815878
2025-10-15T10:30:05.150Z,30.36,1.6,0.8333333333333334,450,15.829060658088515
2025-10-15T10:30:35.770Z,30.18,1.6,0.8333333333333334,450,15.86809744746973
2025-10-15T10:31:37.124Z,30.27,1.6,0.8333333333333334,450,15.84815006387818
2025-10-15T10:32:07.683Z,30.29,1.6,0.8333333333333334,450,15.843833560264219
2025-10-15T10:32:38.181Z,30.17,1.6,0.8333333333333334,450,15.870366388511698
2025-10-15T10:33:08.862Z,30.24,1.6,0.8333333333333334,450,15.854704267308872
2025-10-15T10:34:10.071Z,30.26,1.6,0.8333333333333334,450,15.850324216400463
2025-10-15T10:34:40.634Z,30.21,1.6,0.8333333333333334,450,15.861353520525881
2025-10-15T10:35:11.371Z,30.1,1.6,0.8333333333333334,450,15.886540627637988
2025-10-15T10:35:41.884Z,30.22,1.6,0.8333333333333334,450,15.859126563739968
2025-10-15T10:36:12.540Z,30.24,1.6,0.8333333333333334,450,15.854704267308872
2025-10-15T10:36:43.102Z,30.11,1.6,0.8333333333333334,450,15.884198913025834
2025-10-15T10:37:13.767Z,30.12,1.6,0.8333333333333334,450,15.88186753314055
2025-10-15T10:37:44.415Z,30.29,1.6,0.8333333333333334,450,15.843833560264219
2025-10-15T10:38:14.994Z,30.11,1.6,0.8333333333333334,450,15.884198913025834
2025-10-15T10:38:45.531Z,30.26,1.6,0.8333333333333334,450,15.850324216400463
2025-10-15T10:39:16.226Z,30.35,1.6,0.8333333333333334,450,15.831139121817342
2025-10-15T10:39:46.775Z,30.29,1.6,0.8333333333333334,450,15.843833560264219
2025-10-15T10:40:17.432Z,30.21,1.6,0.8333333333333334,450,15.861353520525881
2025-10-15T10:40:47.994Z,30.24,1.6,0.8333333333333334,450,15.854704267308872
2025-10-15T10:41:18.669Z,30.25,1.6,0.8333333333333334,450,15.852508954815878
2025-10-15T10:41:49.213Z,30.24,1.6,0.8333333333333334,450,15.854704267308872
2025-10-15T10:42:19.882Z,30.27,1.6,0.8333333333333334,450,15.84815006387818
2025-10-15T10:42:50.434Z,30.3,1.6,0.8333333333333334,450,15.841691229288145
2025-10-15T10:43:21.049Z,30.24,1.6,0.8333333333333334,450,15.854704267308872
2025-10-15T10:45:54.094Z,30.25,1.6,0.8333333333333334,450,15.852508954815878
2025-10-15T10:46:24.762Z,30.24,1.6,0.8333333333333334,450,15.854704267308872
2025-10-15T10:46:55.430Z,30.29,1.6,0.8333333333333334,450,15.843833560264219
2025-10-15T10:47:26.041Z,30.35,1.6,0.8333333333333334,450,15.831139121817342
2025-10-15T10:47:56.652Z,30.43,1.6,0.8333333333333334,450,15.814810223760839
2025-10-15T10:48:27.188Z,30.29,1.6,0.8333333333333334,450,15.843833560264219
2025-10-15T10:48:57.852Z,30.21,1.6,0.8333333333333334,450,15.861353520525881
2025-10-15T10:49:28.396Z,30.36,1.6,0.8333333333333334,450,15.829060658088515
2025-10-15T10:49:59.036Z,30.46,1.6,0.8333333333333334,450,15.808863063139086
2025-10-15T10:50:29.855Z,30.43,1.6,0.8333333333333334,450,15.814810223760839
2025-10-15T10:51:00.371Z,30.36,1.6,0.8333333333333334,450,15.829060658088515
2025-10-15T10:51:30.841Z,30.24,1.6,0.8333333333333334,450,15.854704267308872
2025-10-15T10:52:01.487Z,30.27,1.6,0.8333333333333334,450,15.84815006387818
2025-10-15T10:52:32.147Z,30.36,1.6,0.8333333333333334,450,15.829060658088515
2025-10-15T10:53:02.677Z,30.26,1.6,0.8333333333333334,450,15.850324216400463
2025-10-15T10:53:33.338Z,30.29,1.6,0.8333333333333334,450,15.843833560264219
2025-10-15T10:54:03.898Z,30.43,1.6,0.8333333333333334,450,15.814810223760839
2025-10-15T10:54:34.548Z,30.36,1.6,0.8333333333333334,450,15.829060658088515
2025-10-15T10:55:05.202Z,30.31,1.6,0.8333333333333334,450,15.839559524439945
2025-10-15T10:55:35.777Z,30.25,1.6,0.8333333333333334,450,15.852508954815878
2025-10-15T10:56:06.330Z,30.36,1.6,0.8333333333333334,450,15.829060658088515
2025-10-15T10:56:37.005Z,30.46,1.6,0.8333333333333334,450,15.808863063139086
2025-10-15T10:57:07.555Z,30.43,1.6,0.8333333333333334,450,15.814810223760839
2025-10-15T10:57:38.224Z,30.24,1.6,0.8333333333333334,450,15.854704267308872
2025-10-15T10:58:08.804Z,30.36,1.6,0.8333333333333334,450,15.829060658088515
2025-10-15T10:58:39.470Z,30.46,1.6,0.8333333333333334,450,15.808863063139086
2025-10-15T10:59:10.011Z,30.43,1.6,0.8333333333333334,450,15.814810223760839
2025-10-15T10:59:40.696Z,30.25,1.6,0.8333333333333334,450,15.852508954815878
2025-10-15T11:00:11.218Z,30.36,1.6,0.8333333333333334,450,15.829060658088515
2025-10-15T11:00:41.899Z,30.51,1.6,0.8333333333333334,450,15.79916457267051
2025-10-15T11:01:12.533Z,30.36,1.6,0.8333333333333334,450,15.829060658088515
2025-10-15T11:01:43.084Z,30.26,1.6,0.8333333333333334,450,15.850324216400463
2025-10-15T11:02:13.738Z,30.43,1.6,0.8333333333333334,450,15.814810223760839
2025-10-15T11:03:45.617Z,30.25,1.6,0.8333333333333334,450,15.852508954815878
2025-10-15T11:04:16.141Z,30.24,1.6,0.8333333333333334,450,15.854704267308872
2025-10-15T11:04:46.813Z,30.36,1.6,0.8333333333333334,450,15.829060658088515
2025-10-15T11:05:17.371Z,30.43,1.6,0.8333333333333334,450,15.814810223760839
2025-10-15T11:06:18.573Z,30.52,1.6,0.8333333333333334,450,15.797256855903923
2025-10-15T11:06:49.295Z,30.32,1.6,0.8333333333333334,450,15.83743845402051
2025-10-15T11:07:19.834Z,30.36,1.6,0.8333333333333334,450,15.829060658088515
2025-10-15T11:07:50.450Z,30.43,1.6,0.8333333333333334,450,15.814810223760839
2025-10-15T11:08:21.084Z,30.49,1.6,0.8333333333333334,450,15.803011972661421
2025-10-15T11:08:51.648Z,30.43,1.6,0.8333333333333334,450,15.814810223760839
2025-10-15T11:09:22.321Z,30.24,1.6,0.8333333333333334,450,15.854704267308872
2025-10-15T11:09:52.863Z,30.43,1.6,0.8333333333333334,450,15.814810223760839
2025-10-15T11:10:23.538Z,30.58,1.6,0.8333333333333334,450,15.786033877783385
2025-10-15T11:10:54.181Z,30.48,1.6,0.8333333333333334,450,15.804951666490297
2025-10-15T11:11:24.731Z,30.53,1.6,0.8333333333333334,450,15.795359786401338
2025-10-15T11:11:55.401Z,30.5,1.6,0.8333333333333334,450,15.801082943040477
2025-10-15T11:12:25.981Z,30.37,1.6,0.8333333333333334,450,15.826992859769023
2025-10-15T11:12:56.637Z,30.44,1.6,0.8333333333333334,450,15.812817158786945
2025-10-15T11:13:27.162Z,30.5,1.6,0.8333333333333334,450,15.801082943040477
2025-10-15T11:13:57.811Z,30.49,1.6,0.8333333333333334,450,15.803011972661421
2025-10-15T11:14:28.464Z,30.36,1.6,0.8333333333333334,450,15.829060658088515
2025-10-15T11:14:59.078Z,30.43,1.6,0.8333333333333334,450,15.814810223760839
2025-10-15T11:15:29.667Z,30.47,1.6,0.8333333333333334,450,15.806902028792576
2025-10-15T11:16:00.222Z,30.43,1.6,0.8333333333333334,450,15.814810223760839
2025-10-15T11:16:30.915Z,30.36,1.6,0.8333333333333334,450,15.829060658088515
2025-10-15T11:17:01.424Z,30.51,1.6,0.8333333333333334,450,15.79916457267051
2025-10-15T11:17:32.143Z,30.6,1.6,0.8333333333333334,450,15.782377746262775
2025-10-15T11:18:02.653Z,30.36,1.6,0.8333333333333334,450,15.829060658088515
2025-10-15T11:18:33.290Z,30.53,1.6,0.8333333333333334,450,15.795359786401338
2025-10-15T11:19:04.144Z,30.43,1.6,0.8333333333333334,450,15.814810223760839
2025-10-15T11:19:34.515Z,30.44,1.6,0.8333333333333334,450,15.812817158786945
2025-10-15T11:20:05.173Z,30.54,1.6,0.8333333333333334,450,15.793473357135039
2025-10-15T11:20:35.833Z,30.47,1.6,0.8333333333333334,450,15.806902028792576
2025-10-15T11:21:06.374Z,30.54,1.6,0.8333333333333334,450,15.793473357135039
2025-10-15T11:22:07.566Z,30.43,1.6,0.8333333333333334,450,15.814810223760839
2025-10-15T11:22:38.236Z,30.58,1.6,0.8333333333333334,450,15.786033877783385
2025-10-15T11:23:08.871Z,30.68,1.6,0.8333333333333334,450,15.768175003357484
2025-10-15T11:23:39.413Z,30.55,1.6,0.8333333333333334,450,15.791597560388244
2025-10-15T11:24:10.061Z,30.67,1.6,0.8333333333333334,450,15.769913591157213
2025-10-15T11:24:40.635Z,30.6,1.6,0.8333333333333334,450,15.782377746262775
2025-10-15T11:25:11.315Z,30.48,1.6,0.8333333333333334,450,15.804951666490297
2025-10-15T11:25:41.862Z,30.6,1.6,0.8333333333333334,450,15.782377746262775
2025-10-15T11:27:13.729Z,30.54,1.6,0.8333333333333334,450,15.793473357135039
2025-10-15T11:28:14.904Z,30.6,1.6,0.8333333333333334,450,15.782377746262775
2025-10-15T11:28:45.738Z,30.54,1.6,0.8333333333333334,450,15.793473357135039
2025-10-15T11:29:16.193Z,30.53,1.6,0.8333333333333334,450,15.795359786401338
2025-10-15T11:29:46.771Z,30.67,1.6,0.8333333333333334,450,15.769913591157213
2025-10-15T11:30:17.344Z,30.6,1.6,0.8333333333333334,450,15.782377746262775
2025-10-15T11:30:48.010Z,30.67,1.6,0.8333333333333334,450,15.769913591157213
2025-10-15T11:31:18.674Z,30.54,1.6,0.8333333333333334,450,15.793473357135039
2025-10-15T11:31:49.253Z,30.51,1.6,0.8333333333333334,450,15.79916457267051
2025-10-15T11:32:19.861Z,30.6,1.6,0.8333333333333334,450,15.782377746262775
2025-10-15T11:32:50.407Z,30.67,1.6,0.8333333333333334,450,15.769913591157213
2025-10-15T11:33:21.104Z,30.7,1.6,0.8333333333333334,450,15.764729168026252
2025-10-15T11:33:51.730Z,30.67,1.6,0.8333333333333334,450,15.769913591157213
2025-10-15T11:34:22.278Z,30.62,1.6,0.8333333333333334,450,15.778763901297232
2025-10-15T11:34:52.987Z,30.73,1.6,0.8333333333333334,450,15.759638486798808
2025-10-15T11:35:23.496Z,30.74,1.6,0.8333333333333334,450,15.757962333135865
2025-10-15T11:35:54.135Z,30.73,1.6,0.8333333333333334,450,15.759638486798808
2025-10-15T11:36:55.373Z,30.57,1.6,0.8333333333333334,450,15.78787783014618
2025-10-15T11:37:25.988Z,30.64,1.6,0.8333333333333334,450,15.775192240081573
2025-10-15T11:38:27.132Z,30.6,1.6,0.8333333333333334,450,15.782377746262775
2025-10-15T11:39:28.390Z,30.63,1.6,0.8333333333333334,450,15.776972804571336
2025-10-15T11:39:59.035Z,30.61,1.6,0.8333333333333334,450,15.780565544130967
2025-10-15T11:40:29.576Z,30.67,1.6,0.8333333333333334,450,15.769913591157213
2025-10-15T11:41:30.806Z,30.72,1.6,0.8333333333333334,450,15.761324996879793
2025-10-15T11:42:01.467Z,30.73,1.6,0.8333333333333334,450,15.759638486798808
2025-10-15T11:42:32.030Z,30.51,1.6,0.8333333333333334,450,15.79916457267051
2025-10-15T11:43:02.610Z,30.77,1.6,0.8333333333333334,450,15.752995794685106
2025-10-15T11:43:33.265Z,30.75,1.6,0.8333333333333334,450,15.75629651462568
2025-10-15T11:44:03.913Z,30.73,1.6,0.8333333333333334,450,15.759638486798808
2025-10-15T11:44:34.459Z,30.79,1.6,0.8333333333333334,450,15.74973614359812
2025-10-15T11:45:05.182Z,30.67,1.6,0.8333333333333334,450,15.769913591157213
2025-10-15T11:46:06.378Z,30.73,1.6,0.8333333333333334,450,15.759638486798808
2025-10-15T11:46:36.996Z,30.74,1.6,0.8333333333333334,450,15.757962333135865
2025-10-15T11:47:07.559Z,30.73,1.6,0.8333333333333334,450,15.759638486798808
2025-10-15T11:48:08.774Z,30.67,1.6,0.8333333333333334,450,15.769913591157213
2025-10-15T11:48:39.423Z,30.73,1.6,0.8333333333333334,450,15.759638486798808
2025-10-15T11:49:10.078Z,30.6,1.6,0.8333333333333334,450,15.782377746262775
2025-10-15T11:49:40.611Z,30.68,1.6,0.8333333333333334,450,15.768175003357484
2025-10-15T11:50:11.270Z,30.73,1.6,0.8333333333333334,450,15.759638486798808
2025-10-15T11:50:41.824Z,30.75,1.6,0.8333333333333334,450,15.75629651462568
2025-10-15T11:51:12.457Z,30.85,1.6,0.8333333333333334,450,15.740201611597959
2025-10-15T11:51:43.029Z,30.92,1.6,0.8333333333333334,450,15.72953507746799
2025-10-15T11:52:13.638Z,30.73,1.6,0.8333333333333334,450,15.759638486798808
2025-10-15T11:52:44.374Z,30.77,1.6,0.8333333333333334,450,15.752995794685106
2025-10-15T11:53:14.971Z,30.79,1.6,0.8333333333333334,450,15.74973614359812
2025-10-15T11:53:45.522Z,30.71,1.6,0.8333333333333334,450,15.76302188397813
2025-10-15T11:54:16.185Z,30.86,1.6,0.8333333333333334,450,15.73864788736415
2025-10-15T11:54:46.731Z,30.8,1.6,0.8333333333333334,450,15.748121658681129
2025-10-15T11:55:17.407Z,30.86,1.6,0.8333333333333334,450,15.73864788736415
2025-10-15T11:55:47.956Z,30.73,1.6,0.8333333333333334,450,15.759638486798808
2025-10-15T11:57:19.832Z,30.89,1.6,0.8333333333333334,450,15.734046766424392
2025-10-15T11:57:50.467Z,30.79,1.6,0.8333333333333334,450,15.74973614359812
2025-10-15T11:58:21.087Z,30.95,1.6,0.8333333333333334,450,15.72511194719064
2025-10-15T11:58:51.667Z,30.76,1.6,0.8333333333333334,450,15.75464100933987
2025-10-15T11:59:52.898Z,30.73,1.6,0.8333333333333334,450,15.759638486798808
2025-10-15T12:00:23.464Z,30.86,1.6,0.8333333333333334,450,15.73864788736415
2025-10-15T12:01:24.720Z,30.73,1.6,0.8333333333333334,450,15.759638486798808
2025-10-15T12:01:55.247Z,30.79,1.6,0.8333333333333334,450,15.74973614359812
2025-10-15T12:02:25.923Z,30.73,1.6,0.8333333333333334,450,15.759638486798808
2025-10-15T12:02:56.591Z,30.86,1.6,0.8333333333333334,450,15.73864788736415
2025-10-15T12:03:27.143Z,30.85,1.6,0.8333333333333334,450,15.740201611597959
2025-10-15T12:03:57.820Z,30.79,1.6,0.8333333333333334,450,15.74973614359812
2025-10-15T12:04:28.335Z,30.86,1.6,0.8333333333333334,450,15.73864788736415
2025-10-15T12:04:58.982Z,30.99,1.6,0.8333333333333334,450,15.719350592447942
2025-10-15T12:05:29.555Z,30.86,1.6,0.8333333333333334,450,15.73864788736415
2025-10-15T12:07:01.460Z,30.89,1.6,0.8333333333333334,450,15.734046766424392
2025-10-15T12:07:32.002Z,30.86,1.6,0.8333333333333334,450,15.73864788736415
2025-10-15T12:08:33.204Z,30.79,1.6,0.8333333333333334,450,15.74973614359812
2025-10-15T12:09:03.867Z,30.92,1.6,0.8333333333333334,450,15.72953507746799
2025-10-15T12:09:34.650Z,30.79,1.6,0.8333333333333334,450,15.74973614359812
2025-10-15T12:10:05.030Z,30.99,1.6,0.8333333333333334,450,15.719350592447942
2025-10-15T12:10:35.796Z,30.89,1.6,0.8333333333333334,450,15.734046766424392
2025-10-15T12:11:06.335Z,30.92,1.6,0.8333333333333334,450,15.72953507746799
2025-10-15T12:11:36.974Z,30.73,1.6,0.8333333333333334,450,15.759638486798808
2025-10-15T12:12:07.489Z,30.86,1.6,0.8333333333333334,450,15.73864788736415
2025-10-15T12:13:08.825Z,30.92,1.6,0.8333333333333334,450,15.72953507746799
2025-10-15T12:14:10.036Z,30.86,1.6,0.8333333333333334,450,15.73864788736415
2025-10-15T12:15:11.222Z,30.98,1.6,0.8333333333333334,450,15.720776450861308
2025-10-15T12:15:41.812Z,30.91,1.6,0.8333333333333334,450,15.731029089744862
2025-10-15T12:16:12.493Z,30.97,1.6,0.8333333333333334,450,15.722211938383724
2025-10-15T12:16:43.151Z,30.86,1.6,0.8333333333333334,450,15.73864788736415
2025-10-15T12:17:44.305Z,30.97,1.6,0.8333333333333334,450,15.722211938383724
2025-10-15T12:18:15.065Z,30.98,1.6,0.8333333333333334,450,15.720776450861308
2025-10-15T12:18:45.543Z,30.87,1.6,0.8333333333333334,450,15.737104191718927
2025-10-15T12:19:16.126Z,30.92,1.6,0.8333333333333334,450,15.72953507746799
2025-10-15T12:19:46.703Z,30.98,1.6,0.8333333333333334,450,15.720776450861308
2025-10-15T12:20:17.350Z,30.88,1.6,0.8333333333333334,450,15.73557049488089
2025-10-15T12:20:48.003Z,30.86,1.6,0.8333333333333334,450,15.73864788736415
2025-10-15T12:21:18.556Z,31.04,1.6,0.8333333333333334,450,15.712364406731123
2025-10-15T12:21:49.221Z,30.86,1.6,0.8333333333333334,450,15.73864788736415
2025-10-15T12:22:19.772Z,30.92,1.6,0.8333333333333334,450,15.72953507746799
2025-10-15T12:23:20.992Z,30.97,1.6,0.8333333333333334,450,15.722211938383724
2025-10-15T12:23:51.655Z,30.98,1.6,0.8333333333333334,450,15.720776450861308
2025-10-15T12:24:22.253Z,30.92,1.6,0.8333333333333334,450,15.72953507746799
2025-10-15T12:24:52.875Z,30.95,1.6,0.8333333333333334,450,15.72511194719064
2025-10-15T12:25:23.500Z,30.99,1.6,0.8333333333333334,450,15.719350592447942
2025-10-15T12:25:54.049Z,31.09,1.6,0.8333333333333334,450,15.705613077905998
2025-10-15T12:26:24.649Z,30.88,1.6,0.8333333333333334,450,15.73557049488089
2025-10-15T12:26:55.296Z,30.95,1.6,0.8333333333333334,450,15.72511194719064
2025-10-15T12:27:26.007Z,31.02,1.6,0.8333333333333334,450,15.715130414879118
2025-10-15T12:27:56.485Z,31.01,1.6,0.8333333333333334,450,15.716527612776193
2025-10-15T12:28:27.139Z,31.05,1.6,0.8333333333333334,450,15.710995516142352
2025-10-15T12:28:57.767Z,30.97,1.6,0.8333333333333334,450,15.722211938383724
2025-10-15T12:29:58.929Z,30.99,1.6,0.8333333333333334,450,15.719350592447942
2025-10-15T12:30:29.608Z,30.96,1.6,0.8333333333333334,450,15.723657091780636
2025-10-15T12:31:00.204Z,30.98,1.6,0.8333333333333334,450,15.720776450861308
2025-10-15T12:31:30.797Z,31.04,1.6,0.8333333333333334,450,15.712364406731123
2025-10-15T12:32:01.435Z,31.05,1.6,0.8333333333333334,450,15.710995516142352
2025-10-15T12:32:32.075Z,30.92,1.6,0.8333333333333334,450,15.72953507746799
2025-10-15T12:33:33.318Z,31.1,1.6,0.8333333333333334,450,15.704290536351797
2025-10-15T12:34:03.814Z,30.95,1.6,0.8333333333333334,450,15.72511194719064
2025-10-15T12:35:05.160Z,31.04,1.6,0.8333333333333334,450,15.712364406731123
2025-10-15T12:35:39.437Z,30.99,1.6,0.8333333333333334,450,15.719350592447942
2025-10-15T12:37:07.610Z,30.92,1.6,0.8333333333333334,450,15.72953507746799
2025-10-15T12:37:38.205Z,31.05,1.6,0.8333333333333334,450,15.710995516142352
2025-10-15T12:38:08.720Z,30.92,1.6,0.8333333333333334,450,15.72953507746799
2025-10-15T12:38:39.365Z,31.02,1.6,0.8333333333333334,450,15.715130414879118
2025-10-15T12:39:09.991Z,30.99,1.6,0.8333333333333334,450,15.719350592447942
2025-10-15T12:40:11.234Z,30.92,1.6,0.8333333333333334,450,15.72953507746799
2025-10-15T12:40:41.773Z,30.98,1.6,0.8333333333333334,450,15.720776450861308
2025-10-15T12:41:12.459Z,31.04,1.6,0.8333333333333334,450,15.712364406731123
2025-10-15T12:41:43.001Z,30.99,1.6,0.8333333333333334,450,15.719350592447942
2025-10-15T12:42:13.716Z,31.03,1.6,0.8333333333333334,450,15.713742692818045
2025-10-15T12:43:14.865Z,31.04,1.6,0.8333333333333334,450,15.712364406731123
2025-10-15T12:43:45.494Z,31.15,1.6,0.8333333333333334,450,15.69781402366433
2025-10-15T12:44:16.119Z,30.99,1.6,0.8333333333333334,450,15.719350592447942
2025-10-15T12:44:46.656Z,30.98,1.6,0.8333333333333334,450,15.720776450861308
2025-10-15T12:45:17.358Z,31.06,1.6,0.8333333333333334,450,15.709635979964952
2025-10-15T12:45:47.885Z,30.99,1.6,0.8333333333333334,450,15.719350592447942
2025-10-15T12:47:19.784Z,30.98,1.6,0.8333333333333334,450,15.720776450861308
2025-10-15T12:47:50.325Z,30.99,1.6,0.8333333333333334,450,15.719350592447942
2025-10-15T12:48:21.008Z,30.98,1.6,0.8333333333333334,450,15.720776450861308
2025-10-15T12:48:51.653Z,31.04,1.6,0.8333333333333334,450,15.712364406731123
2025-10-15T12:49:22.196Z,30.95,1.6,0.8333333333333334,450,15.72511194719064
2025-10-15T12:49:52.850Z,31.05,1.6,0.8333333333333334,450,15.710995516142352
2025-10-15T12:50:23.429Z,31.08,1.6,0.8333333333333334,450,15.70694480345215
2025-10-15T12:50:54.079Z,31.09,1.6,0.8333333333333334,450,15.705613077905998
2025-10-15T12:51:24.618Z,31.17,1.6,0.8333333333333334,450,15.69528611676616
2025-10-15T12:51:55.339Z,30.99,1.6,0.8333333333333334,450,15.719350592447942
2025-10-15T12:52:25.862Z,31.1,1.6,0.8333333333333334,450,15.704290536351797
2025-10-15T12:52:56.540Z,31.36,1.6,0.8333333333333334,450,15.672971500853723
2025-10-15T12:53:27.184Z,31.13,1.6,0.8333333333333334,450,15.700377571538759
2025-10-15T12:53:57.764Z,30.99,1.6,0.8333333333333334,450,15.719350592447942
2025-10-15T12:54:28.318Z,31.04,1.6,0.8333333333333334,450,15.712364406731123
2025-10-15T12:54:59.003Z,31.1,1.6,0.8333333333333334,450,15.704290536351797
2025-10-15T12:55:29.564Z,30.99,1.6,0.8333333333333334,450,15.719350592447942
2025-10-15T12:56:30.845Z,31.04,1.6,0.8333333333333334,450,15.712364406731123
2025-10-15T12:57:01.595Z,31.03,1.6,0.8333333333333334,450,15.713742692818045
2025-10-15T12:57:32.040Z,31.23,1.6,0.8333333333333334,450,15.68791235859327
2025-10-15T12:59:03.833Z,31.04,1.6,0.8333333333333334,450,15.712364406731123
2025-10-15T12:59:34.440Z,30.99,1.6,0.8333333333333334,450,15.719350592447942
2025-10-15T13:00:04.984Z,31.11,1.6,0.8333333333333334,450,15.702977134678736
2025-10-15T13:00:35.694Z,31.03,1.6,0.8333333333333334,450,15.713742692818045
2025-10-15T13:01:06.294Z,31.04,1.6,0.8333333333333334,450,15.712364406731123
2025-10-15T13:01:36.851Z,31.17,1.6,0.8333333333333334,450,15.69528611676616
2025-10-15T13:02:07.510Z,31.05,1.6,0.8333333333333334,450,15.710995516142352
2025-10-15T13:02:38.089Z,31.17,1.6,0.8333333333333334,450,15.69528611676616
2025-10-15T13:03:08.739Z,31.23,1.6,0.8333333333333334,450,15.68791235859327
2025-10-15T13:04:10.006Z,31.07,1.6,0.8333333333333334,450,15.708285756502452
2025-10-15T13:04:40.537Z,31.1,1.6,0.8333333333333334,450,15.704290536351797
2025-10-15T13:05:11.215Z,31.23,1.6,0.8333333333333334,450,15.68791235859327
2025-10-15T13:05:41.753Z,31.17,1.6,0.8333333333333334,450,15.69528611676616
2025-10-15T13:06:12.417Z,31.12,1.6,0.8333333333333334,450,15.701672828177022
2025-10-15T13:06:42.965Z,31.1,1.6,0.8333333333333334,450,15.704290536351797
2025-10-15T13:07:13.626Z,31.17,1.6,0.8333333333333334,450,15.69528611676616
2025-10-15T13:07:44.155Z,31.23,1.6,0.8333333333333334,450,15.68791235859327
2025-10-15T13:08:14.827Z,31.11,1.6,0.8333333333333334,450,15.702977134678736
2025-10-15T13:08:45.507Z,31.23,1.6,0.8333333333333334,450,15.68791235859327
2025-10-15T13:09:46.737Z,31.17,1.6,0.8333333333333334,450,15.69528611676616
2025-10-15T13:10:17.360Z,31.1,1.6,0.8333333333333334,450,15.704290536351797
2025-10-15T13:10:47.961Z,31.04,1.6,0.8333333333333334,450,15.712364406731123
2025-10-15T13:11:18.556Z,31.36,1.6,0.8333333333333334,450,15.672971500853723
2025-10-15T13:11:49.116Z,31.01,1.6,0.8333333333333334,450,15.716527612776193
2025-10-15T13:12:19.839Z,31.23,1.6,0.8333333333333334,450,15.68791235859327
2025-10-15T13:13:51.513Z,31.36,1.6,0.8333333333333334,450,15.672971500853723
2025-10-15T13:14:22.172Z,31.06,1.6,0.8333333333333334,450,15.709635979964952
2025-10-15T13:14:52.881Z,31.23,1.6,0.8333333333333334,450,15.68791235859327
2025-10-15T13:15:23.347Z,31.36,1.6,0.8333333333333334,450,15.672971500853723
2025-10-15T13:15:54.011Z,31.23,1.6,0.8333333333333334,450,15.68791235859327
2025-10-15T13:16:24.582Z,31.17,1.6,0.8333333333333334,450,15.69528611676616
2025-10-15T13:16:55.255Z,31.36,1.6,0.8333333333333334,450,15.672971500853723
2025-10-15T13:17:25.809Z,31.25,1.6,0.8333333333333334,450,15.685523085974328
2025-10-15T13:17:56.472Z,31.23,1.6,0.8333333333333334,450,15.68791235859327
2025-10-15T13:18:27.130Z,31.28,1.6,0.8333333333333334,450,15.682002099697202
2025-10-15T13:18:57.676Z,31.23,1.6,0.8333333333333334,450,15.68791235859327
2025-10-15T13:19:28.340Z,31.01,1.6,0.8333333333333334,450,15.716527612776193
2025-10-15T13:19:58.926Z,31.08,1.6,0.8333333333333334,450,15.70694480345215
2025-10-15T13:20:29.536Z,31.1,1.6,0.8333333333333334,450,15.704290536351797
2025-10-15T13:21:00.080Z,31.28,1.6,0.8333333333333334,450,15.682002099697202
2025-10-15T13:21:30.761Z,31.23,1.6,0.8333333333333334,450,15.68791235859327
2025-10-15T13:22:01.414Z,31.29,1.6,0.8333333333333334,450,15.680845001666956
2025-10-15T13:22:31.984Z,31.12,1.6,0.8333333333333334,450,15.701672828177022
2025-10-15T13:23:02.549Z,31.23,1.6,0.8333333333333334,450,15.68791235859327
2025-10-15T13:24:03.841Z,31.1,1.6,0.8333333333333334,450,15.704290536351797
2025-10-15T13:24:34.377Z,31.16,1.6,0.8333333333333334,450,15.696545638854168
2025-10-15T13:25:35.683Z,31.36,1.6,0.8333333333333334,450,15.672971500853723
2025-10-15T13:26:06.274Z,31.23,1.6,0.8333333333333334,450,15.68791235859327
2025-10-15T13:26:36.872Z,31.11,1.6,0.8333333333333334,450,15.702977134678736
2025-10-15T13:27:07.540Z,31.23,1.6,0.8333333333333334,450,15.68791235859327
2025-10-15T13:28:39.297Z,31.1,1.6,0.8333333333333334,450,15.704290536351797
2025-10-15T13:29:09.965Z,31.23,1.6,0.8333333333333334,450,15.68791235859327
2025-10-15T13:30:41.711Z,31.35,1.6,0.8333333333333334,450,15.674072451554029
2025-10-15T13:31:12.356Z,31.24,1.6,0.8333333333333334,450,15.686713492022776
2025-10-15T13:31:42.995Z,31.36,1.6,0.8333333333333334,450,15.672971500853723
2025-10-15T13:32:13.642Z,31.1,1.6,0.8333333333333334,450,15.704290536351797
2025-10-15T13:32:44.209Z,31.23,1.6,0.8333333333333334,450,15.68791235859327
2025-10-15T13:33:14.859Z,31.36,1.6,0.8333333333333334,450,15.672971500853723
2025-10-15T13:33:45.409Z,31.23,1.6,0.8333333333333334,450,15.68791235859327
2025-10-15T13:34:16.076Z,31.1,1.6,0.8333333333333334,450,15.704290536351797
2025-10-15T13:34:46.607Z,31.36,1.6,0.8333333333333334,450,15.672971500853723
2025-10-15T13:35:17.298Z,31.2,1.6,0.8333333333333334,450,15.691560241395607
2025-10-15T13:35:47.858Z,31.25,1.6,0.8333333333333334,450,15.685523085974328
2025-10-15T13:36:18.561Z,31.36,1.6,0.8333333333333334,450,15.672971500853723
2025-10-15T13:38:21.059Z,31.26,1.6,0.8333333333333334,450,15.684341087603293
2025-10-15T13:38:51.548Z,31.27,1.6,0.8333333333333334,450,15.683167443500418
2025-10-15T13:39:22.201Z,31.23,1.6,0.8333333333333334,450,15.68791235859327
2025-10-15T13:40:53.951Z,31.36,1.6,0.8333333333333334,450,15.672971500853723
2025-10-15T13:41:24.639Z,31.23,1.6,0.8333333333333334,450,15.68791235859327
2025-10-15T13:41:55.316Z,31.25,1.6,0.8333333333333334,450,15.685523085974328
2025-10-15T13:42:25.878Z,31.29,1.6,0.8333333333333334,450,15.680845001666956
2025-10-15T13:42:56.394Z,31.36,1.6,0.8333333333333334,450,15.672971500853723
2025-10-15T13:43:57.749Z,31.42,1.6,0.8333333333333334,450,15.66652728341573
2025-10-15T13:44:28.338Z,31.23,1.6,0.8333333333333334,450,15.68791235859327
2025-10-15T13:44:58.827Z,31.45,1.6,0.8333333333333334,450,15.663406241994286
2025-10-15T13:45:29.492Z,31.25,1.6,0.8333333333333334,450,15.685523085974328
2025-10-15T13:46:00.058Z,31.23,1.6,0.8333333333333334,450,15.68791235859327
2025-10-15T13:46:30.744Z,31.36,1.6,0.8333333333333334,450,15.672971500853723
2025-10-15T13:47:31.904Z,31.23,1.6,0.8333333333333334,450,15.68791235859327
2025-10-15T13:48:02.499Z,31.28,1.6,0.8333333333333334,450,15.682002099697202
2025-10-15T13:48:33.259Z,31.36,1.6,0.8333333333333334,450,15.672971500853723
2025-10-15T13:49:34.453Z,31.45,1.6,0.8333333333333334,450,15.663406241994286
2025-10-15T13:50:05.061Z,31.36,1.6,0.8333333333333334,450,15.672971500853723
2025-10-15T13:50:35.650Z,31.23,1.6,0.8333333333333334,450,15.68791235859327
2025-10-15T13:51:06.223Z,31.42,1.6,0.8333333333333334,450,15.66652728341573
2025-10-15T13:51:36.883Z,31.47,1.6,0.8333333333333334,450,15.66136183282506
2025-10-15T13:52:07.415Z,31.36,1.6,0.8333333333333334,450,15.672971500853723
2025-10-15T13:52:38.092Z,31.23,1.6,0.8333333333333334,450,15.68791235859327
2025-10-15T13:53:08.635Z,31.26,1.6,0.8333333333333334,450,15.684341087603293
2025-10-15T13:53:39.403Z,31.33,1.6,0.8333333333333334,450,15.676297957350624
2025-10-15T13:54:09.869Z,31.38,1.6,0.8333333333333334,450,15.670792909366526
2025-10-15T13:54:40.550Z,31.42,1.6,0.8333333333333334,450,15.66652728341573
2025-10-15T13:55:41.757Z,31.36,1.6,0.8333333333333334,450,15.672971500853723
2025-10-15T13:56:12.298Z,31.23,1.6,0.8333333333333334,450,15.68791235859327
2025-10-15T13:56:42.978Z,31.29,1.6,0.8333333333333334,450,15.680845001666956
2025-10-15T13:57:13.621Z,31.36,1.6,0.8333333333333334,450,15.672971500853723
2025-10-15T13:57:44.197Z,31.42,1.6,0.8333333333333334,450,15.66652728341573
2025-10-15T13:58:14.743Z,31.36,1.6,0.8333333333333334,450,15.672971500853723
2025-10-15T13:59:16.030Z,31.42,1.6,0.8333333333333334,450,15.66652728341573
2025-10-15T13:59:46.695Z,31.49,1.6,0.8333333333333334,450,15.659345852151361
2025-10-15T14:00:17.287Z,31.54,1.6,0.8333333333333334,450,15.654426823276626
2025-10-15T14:00:48.565Z,31.48,1.6,0.8333333333333334,450,15.66035032142657
2025-10-15T14:01:18.444Z,31.45,1.6,0.8333333333333334,450,15.663406241994286
2025-10-15T14:01:49.044Z,31.48,1.6,0.8333333333333334,450,15.66035032142657
2025-10-15T14:02:19.902Z,31.45,1.6,0.8333333333333334,450,15.663406241994286
2025-10-15T14:02:50.296Z,31.5,1.6,0.8333333333333334,450,15.65834835937071
2025-10-15T14:03:21.003Z,31.54,1.6,0.8333333333333334,450,15.654426823276626
2025-10-15T14:03:51.535Z,31.47,1.6,0.8333333333333334,450,15.66136183282506
2025-10-15T14:04:22.301Z,31.48,1.6,0.8333333333333334,450,15.66035032142657
2025-10-15T14:05:23.398Z,31.42,1.6,0.8333333333333334,450,15.66652728341573
2025-10-15T14:05:54.096Z,31.36,1.6,0.8333333333333334,450,15.672971500853723
2025-10-15T14:06:24.612Z,31.26,1.6,0.8333333333333334,450,15.684341087603293
2025-10-15T14:06:55.293Z,31.47,1.6,0.8333333333333334,450,15.66136183282506
2025-10-15T14:07:25.845Z,31.29,1.6,0.8333333333333334,450,15.680845001666956
2025-10-15T14:07:56.413Z,31.37,1.6,0.8333333333333334,450,15.671878339935073
2025-10-15T14:08:27.072Z,31.48,1.6,0.8333333333333334,450,15.66035032142657
2025-10-15T14:08:57.646Z,31.37,1.6,0.8333333333333334,450,15.671878339935073
2025-10-15T14:09:28.327Z,31.54,1.6,0.8333333333333334,450,15.654426823276626
2025-10-15T14:09:58.914Z,31.47,1.6,0.8333333333333334,450,15.66136183282506
2025-10-15T14:10:29.514Z,31.36,1.6,0.8333333333333334,450,15.672971500853723
2025-10-15T14:11:00.172Z,31.37,1.6,0.8333333333333334,450,15.671878339935073
2025-10-15T14:11:30.840Z,31.43,1.6,0.8333333333333334,450,15.665479594614242
2025-10-15T14:12:01.382Z,31.48,1.6,0.8333333333333334,450,15.66035032142657
2025-10-15T14:12:31.913Z,31.36,1.6,0.8333333333333334,450,15.672971500853723
2025-10-15T14:13:02.517Z,31.45,1.6,0.8333333333333334,450,15.663406241994286
2025-10-15T14:13:33.129Z,31.42,1.6,0.8333333333333334,450,15.66652728341573
2025-10-15T14:14:04.099Z,31.36,1.6,0.8333333333333334,450,15.672971500853723
2025-10-15T14:14:34.423Z,31.42,1.6,0.8333333333333334,450,15.66652728341573
2025-10-15T14:15:04.987Z,31.47,1.6,0.8333333333333334,450,15.66136183282506
2025-10-15T14:15:35.625Z,31.36,1.6,0.8333333333333334,450,15.672971500853723
2025-10-15T14:16:36.832Z,31.46,1.6,0.8333333333333334,450,15.66238045147313
2025-10-15T14:17:07.411Z,31.36,1.6,0.8333333333333334,450,15.672971500853723
2025-10-15T14:17:38.123Z,31.42,1.6,0.8333333333333334,450,15.66652728341573
2025-10-15T14:18:08.723Z,31.5,1.6,0.8333333333333334,450,15.65834835937071
2025-10-15T14:18:39.244Z,31.45,1.6,0.8333333333333334,450,15.663406241994286
2025-10-15T14:19:09.936Z,31.42,1.6,0.8333333333333334,450,15.66652728341573
2025-10-15T14:19:40.472Z,31.47,1.6,0.8333333333333334,450,15.66136183282506
2025-10-15T14:20:11.116Z,31.36,1.6,0.8333333333333334,450,15.672971500853723
2025-10-15T14:20:41.677Z,31.42,1.6,0.8333333333333334,450,15.66652728341573
2025-10-15T14:21:12.330Z,31.36,1.6,0.8333333333333334,450,15.672971500853723
2025-10-15T14:21:43.109Z,31.54,1.6,0.8333333333333334,450,15.654426823276626
2025-10-15T14:22:13.572Z,31.39,1.6,0.8333333333333334,450,15.669715149185578
2025-10-15T14:22:44.229Z,31.5,1.6,0.8333333333333334,450,15.65834835937071
2025-10-15T14:23:14.762Z,31.6,1.6,0.8333333333333334,450,15.648742348463045
2025-10-15T14:23:45.427Z,31.51,1.6,0.8333333333333334,450,15.657357776959346
2025-10-15T14:24:15.985Z,31.5,1.6,0.8333333333333334,450,15.65834835937071
2025-10-15T14:24:46.634Z,31.48,1.6,0.8333333333333334,450,15.66035032142657
2025-10-15T14:25:17.180Z,31.36,1.6,0.8333333333333334,450,15.672971500853723
2025-10-15T14:25:47.841Z,31.43,1.6,0.8333333333333334,450,15.665479594614242
2025-10-15T14:26:18.433Z,31.51,1.6,0.8333333333333334,450,15.657357776959346
2025-10-15T14:26:49.047Z,31.42,1.6,0.8333333333333334,450,15.66652728341573
2025-10-15T14:27:19.738Z,31.47,1.6,0.8333333333333334,450,15.66136183282506
2025-10-15T14:27:50.282Z,31.48,1.6,0.8333333333333334,450,15.66035032142657
2025-10-15T14:28:20.862Z,31.62,1.6,0.8333333333333334,450,15.64689805331444
2025-10-15T14:28:51.529Z,31.51,1.6,0.8333333333333334,450,15.657357776959346
2025-10-15T14:29:22.181Z,31.45,1.6,0.8333333333333334,450,15.663406241994286
2025-10-15T14:29:52.806Z,31.51,1.6,0.8333333333333334,450,15.657357776959346
2025-10-15T14:30:23.368Z,31.47,1.6,0.8333333333333334,450,15.66136183282506
2025-10-15T14:31:24.552Z,31.52,1.6,0.8333333333333334,450,15.65637403829652
2025-10-15T14:31:55.225Z,31.42,1.6,0.8333333333333334,450,15.66652728341573
2025-10-15T14:32:25.818Z,31.54,1.6,0.8333333333333334,450,15.654426823276626
2025-10-15T14:32:56.457Z,31.48,1.6,0.8333333333333334,450,15.66035032142657
2025-10-15T14:33:27.001Z,31.57,1.6,0.8333333333333334,450,15.651555635211736
2025-10-15T14:33:57.661Z,31.54,1.6,0.8333333333333334,450,15.654426823276626
2025-10-15T14:34:28.210Z,31.5,1.6,0.8333333333333334,450,15.65834835937071
2025-10-15T14:34:58.892Z,31.42,1.6,0.8333333333333334,450,15.66652728341573
2025-10-15T14:35:29.422Z,31.57,1.6,0.8333333333333334,450,15.651555635211736
2025-10-15T14:36:00.096Z,31.61,1.6,0.8333333333333334,450,15.647817125403133
2025-10-15T14:36:30.642Z,31.56,1.6,0.8333333333333334,450,15.652506171558914
2025-10-15T14:37:01.348Z,31.48,1.6,0.8333333333333334,450,15.66035032142657
2025-10-15T14:37:31.903Z,31.5,1.6,0.8333333333333334,450,15.65834835937071
2025-10-15T14:38:02.456Z,31.6,1.6,0.8333333333333334,450,15.648742348463045
2025-10-15T14:38:33.105Z,31.5,1.6,0.8333333333333334,450,15.65834835937071
2025-10-15T14:39:03.698Z,31.6,1.6,0.8333333333333334,450,15.648742348463045
2025-10-15T14:39:34.414Z,31.45,1.6,0.8333333333333334,450,15.663406241994286
2025-10-15T14:40:04.967Z,31.54,1.6,0.8333333333333334,450,15.654426823276626
2025-10-15T14:40:35.628Z,31.57,1.6,0.8333333333333334,450,15.651555635211736
2025-10-15T14:41:06.218Z,31.54,1.6,0.8333333333333334,450,15.654426823276626
2025-10-15T14:41:36.843Z,31.59,1.6,0.8333333333333334,450,15.649673793901759
2025-10-15T14:42:07.420Z,31.48,1.6,0.8333333333333334,450,15.66035032142657
2025-10-15T14:42:38.078Z,31.45,1.6,0.8333333333333334,450,15.663406241994286
2025-10-15T14:43:08.713Z,31.49,1.6,0.8333333333333334,450,15.659345852151361
2025-10-15T14:43:39.234Z,31.48,1.6,0.8333333333333334,450,15.66035032142657
2025-10-15T14:44:09.880Z,31.5,1.6,0.8333333333333334,450,15.65834835937071
2025-10-15T14:44:40.429Z,31.49,1.6,0.8333333333333334,450,15.659345852151361
2025-10-15T14:45:11.259Z,31.5,1.6,0.8333333333333334,450,15.65834835937071
2025-10-15T14:45:41.650Z,31.56,1.6,0.8333333333333334,450,15.652506171558914
2025-10-15T14:46:12.315Z,31.57,1.6,0.8333333333333334,450,15.651555635211736
2025-10-15T14:46:42.993Z,31.5,1.6,0.8333333333333334,450,15.65834835937071
2025-10-15T14:47:13.550Z,31.6,1.6,0.8333333333333334,450,15.648742348463045
2025-10-15T14:47:44.090Z,31.54,1.6,0.8333333333333334,450,15.654426823276626
2025-10-15T14:48:14.782Z,31.5,1.6,0.8333333333333334,450,15.65834835937071
2025-10-15T14:49:46.567Z,31.47,1.6,0.8333333333333334,450,15.66136183282506
2025-10-15T14:50:17.226Z,31.38,1.6,0.8333333333333334,450,15.670792909366526
2025-10-15T14:50:47.757Z,31.5,1.6,0.8333333333333334,450,15.65834835937071
2025-10-15T14:51:18.444Z,31.54,1.6,0.8333333333333334,450,15.654426823276626
2025-10-15T14:51:48.995Z,31.43,1.6,0.8333333333333334,450,15.665479594614242
2025-10-15T14:52:19.709Z,31.58,1.6,0.8333333333333334,450,15.650611532660122
2025-10-15T14:52:50.318Z,31.48,1.6,0.8333333333333334,450,15.66035032142657
2025-10-15T14:53:20.877Z,31.51,1.6,0.8333333333333334,450,15.657357776959346
2025-10-15T14:53:51.455Z,31.52,1.6,0.8333333333333334,450,15.65637403829652
2025-10-15T14:54:22.125Z,31.54,1.6,0.8333333333333334,450,15.654426823276626
2025-10-15T14:55:23.400Z,31.61,1.6,0.8333333333333334,450,15.647817125403133
2025-10-15T14:56:24.573Z,31.54,1.6,0.8333333333333334,450,15.654426823276626
2025-10-15T14:56:55.142Z,31.59,1.6,0.8333333333333334,450,15.649673793901759
2025-10-15T14:57:25.833Z,31.6,1.6,0.8333333333333334,450,15.648742348463045
2025-10-15T14:57:56.356Z,31.57,1.6,0.8333333333333334,450,15.651555635211736
2025-10-15T14:58:27.033Z,31.5,1.6,0.8333333333333334,450,15.65834835937071
2025-10-15T14:58:57.568Z,31.51,1.6,0.8333333333333334,450,15.657357776959346
2025-10-15T14:59:28.176Z,31.61,1.6,0.8333333333333334,450,15.647817125403133
2025-10-15T14:59:58.894Z,31.5,1.6,0.8333333333333334,450,15.65834835937071
2025-10-15T15:00:29.427Z,31.47,1.6,0.8333333333333334,450,15.66136183282506
2025-10-15T15:01:00.097Z,31.57,1.6,0.8333333333333334,450,15.651555635211736
2025-10-15T15:01:30.677Z,31.59,1.6,0.8333333333333334,450,15.649673793901759
2025-10-15T15:02:01.233Z,31.49,1.6,0.8333333333333334,450,15.659345852151361
2025-10-15T15:02:31.883Z,31.47,1.6,0.8333333333333334,450,15.66136183282506
2025-10-15T15:03:02.505Z,31.54,1.6,0.8333333333333334,450,15.654426823276626
2025-10-15T15:03:33.188Z,31.48,1.6,0.8333333333333334,450,15.66035032142657
2025-10-15T15:04:34.597Z,31.41,1.6,0.8333333333333334,450,15.667582397489761
2025-10-15T15:05:04.916Z,31.59,1.6,0.8333333333333334,450,15.649673793901759
2025-10-15T15:05:35.546Z,31.49,1.6,0.8333333333333334,450,15.659345852151361
2025-10-15T15:06:06.109Z,31.58,1.6,0.8333333333333334,450,15.650611532660122
2025-10-15T15:06:36.851Z,31.38,1.6,0.8333333333333334,450,15.670792909366526
2025-10-15T15:07:07.395Z,31.47,1.6,0.8333333333333334,450,15.66136183282506
2025-10-15T15:07:38.029Z,31.54,1.6,0.8333333333333334,450,15.654426823276626
2025-10-15T15:08:08.585Z,31.5,1.6,0.8333333333333334,450,15.65834835937071
2025-10-15T15:08:39.259Z,31.48,1.6,0.8333333333333334,450,15.66035032142657
2025-10-15T15:09:09.810Z,31.59,1.6,0.8333333333333334,450,15.649673793901759
2025-10-15T15:09:40.486Z,31.49,1.6,0.8333333333333334,450,15.659345852151361
2025-10-15T15:10:11.061Z,31.67,1.6,0.8333333333333334,450,15.642392426057285
2025-10-15T15:10:41.800Z,31.54,1.6,0.8333333333333334,450,15.654426823276626
2025-10-15T15:11:12.266Z,31.57,1.6,0.8333333333333334,450,15.651555635211736
2025-10-15T15:11:43.001Z,31.54,1.6,0.8333333333333334,450,15.654426823276626
2025-10-15T15:13:14.720Z,31.6,1.6,0.8333333333333334,450,15.648742348463045
2025-10-15T15:13:45.344Z,31.52,1.6,0.8333333333333334,450,15.65637403829652
2025-10-15T15:14:16.031Z,31.67,1.6,0.8333333333333334,450,15.642392426057285
2025-10-15T15:14:46.566Z,31.6,1.6,0.8333333333333334,450,15.648742348463045
2025-10-15T15:15:17.131Z,31.63,1.6,0.8333333333333334,450,15.645985060328865
2025-10-15T15:15:47.818Z,31.6,1.6,0.8333333333333334,450,15.648742348463045
2025-10-15T15:16:18.385Z,31.59,1.6,0.8333333333333334,450,15.649673793901759
2025-10-15T15:16:49.117Z,31.7,1.6,0.8333333333333334,450,15.639758191806031
2025-10-15T15:17:19.616Z,31.75,1.6,0.8333333333333334,450,15.635476537551035
2025-10-15T15:17:50.295Z,31.72,1.6,0.8333333333333334,450,15.638029600170732
2025-10-15T15:18:20.883Z,31.61,1.6,0.8333333333333334,450,15.647817125403133
2025-10-15T15:18:51.484Z,31.6,1.6,0.8333333333333334,450,15.648742348463045
2025-10-15T15:19:22.140Z,31.5,1.6,0.8333333333333334,450,15.65834835937071
2025-10-15T15:19:52.662Z,31.48,1.6,0.8333333333333334,450,15.66035032142657
2025-10-15T15:20:23.265Z,31.56,1.6,0.8333333333333334,450,15.652506171558914
2025-10-15T15:20:53.935Z,31.6,1.6,0.8333333333333334,450,15.648742348463045
2025-10-15T15:21:24.516Z,31.62,1.6,0.8333333333333334,450,15.64689805331444
2025-10-15T15:21:55.105Z,31.64,1.6,0.8333333333333334,450,15.645078074119194
2025-10-15T15:22:25.745Z,31.6,1.6,0.8333333333333334,450,15.648742348463045
2025-10-15T15:23:26.939Z,31.54,1.6,0.8333333333333334,450,15.654426823276626
2025-10-15T15:23:57.609Z,31.51,1.6,0.8333333333333334,450,15.657357776959346
2025-10-15T15:24:28.153Z,31.48,1.6,0.8333333333333334,450,15.66035032142657
2025-10-15T15:24:58.845Z,31.7,1.6,0.8333333333333334,450,15.639758191806031
2025-10-15T15:25:29.400Z,31.6,1.6,0.8333333333333334,450,15.648742348463045
2025-10-15T15:27:01.356Z,31.47,1.6,0.8333333333333334,450,15.66136183282506
2025-10-15T15:27:31.843Z,31.46,1.6,0.8333333333333334,450,15.66238045147313
2025-10-15T15:28:02.422Z,31.57,1.6,0.8333333333333334,450,15.651555635211736
2025-10-15T15:28:33.057Z,31.71,1.6,0.8333333333333334,450,15.638891189980075
2025-10-15T15:29:03.742Z,31.74,1.6,0.8333333333333334,450,15.636322350910095
2025-10-15T15:29:34.374Z,31.68,1.6,0.8333333333333334,450,15.64150873461157
2025-10-15T15:30:04.924Z,31.6,1.6,0.8333333333333334,450,15.648742348463045
2025-10-15T15:30:35.542Z,31.68,1.6,0.8333333333333334,450,15.64150873461157
2025-10-15T15:31:06.131Z,31.67,1.6,0.8333333333333334,450,15.642392426057285
2025-10-15T15:31:36.731Z,31.6,1.6,0.8333333333333334,450,15.648742348463045
2025-10-15T15:32:07.387Z,31.66,1.6,0.8333333333333334,450,15.643281830443536
2025-10-15T15:32:37.948Z,31.67,1.6,0.8333333333333334,450,15.642392426057285
2025-10-15T15:33:08.668Z,31.49,1.6,0.8333333333333334,450,15.659345852151361
2025-10-15T15:33:39.264Z,31.67,1.6,0.8333333333333334,450,15.642392426057285
2025-10-15T15:34:40.457Z,31.73,1.6,0.8333333333333334,450,15.6371733460611
2025-10-15T15:35:11.008Z,31.72,1.6,0.8333333333333334,450,15.638029600170732
2025-10-15T15:35:41.647Z,31.68,1.6,0.8333333333333334,450,15.64150873461157
2025-10-15T15:36:12.317Z,31.6,1.6,0.8333333333333334,450,15.648742348463045
2025-10-15T15:37:13.536Z,31.67,1.6,0.8333333333333334,450,15.642392426057285
2025-10-15T15:37:44.100Z,31.51,1.6,0.8333333333333334,450,15.657357776959346
2025-10-15T15:38:14.786Z,31.65,1.6,0.8333333333333334,450,15.644177021903062
2025-10-15T15:38:45.404Z,31.57,1.6,0.8333333333333334,450,15.651555635211736
2025-10-15T15:39:16.006Z,31.61,1.6,0.8333333333333334,450,15.647817125403133
2025-10-15T15:39:46.546Z,31.57,1.6,0.8333333333333334,450,15.651555635211736
2025-10-15T15:40:17.165Z,31.6,1.6,0.8333333333333334,450,15.648742348463045
2025-10-15T15:40:47.771Z,31.67,1.6,0.8333333333333334,450,15.642392426057285
2025-10-15T15:41:18.518Z,31.53,1.6,0.8333333333333334,450,15.655397076269349
2025-10-15T15:41:49.040Z,31.6,1.6,0.8333333333333334,450,15.648742348463045
2025-10-15T15:42:19.671Z,31.54,1.6,0.8333333333333334,450,15.654426823276626
2025-10-15T15:42:50.211Z,31.71,1.6,0.8333333333333334,450,15.638891189980075
2025-10-15T15:43:20.965Z,31.66,1.6,0.8333333333333334,450,15.643281830443536
2025-10-15T15:43:51.432Z,31.59,1.6,0.8333333333333334,450,15.649673793901759
2025-10-15T15:44:22.132Z,31.78,1.6,0.8333333333333334,450,15.632969410268462
2025-10-15T15:44:52.678Z,31.73,1.6,0.8333333333333334,450,15.6371733460611
2025-10-15T15:45:23.335Z,31.71,1.6,0.8333333333333334,450,15.638891189980075
2025-10-15T15:45:53.909Z,31.61,1.6,0.8333333333333334,450,15.647817125403133
2025-10-15T15:46:24.696Z,31.6,1.6,0.8333333333333334,450,15.648742348463045
2025-10-15T15:47:25.730Z,31.54,1.6,0.8333333333333334,450,15.654426823276626
2025-10-15T15:47:56.410Z,31.72,1.6,0.8333333333333334,450,15.638029600170732
2025-10-15T15:48:26.947Z,31.62,1.6,0.8333333333333334,450,15.64689805331444
2025-10-15T15:48:57.626Z,31.6,1.6,0.8333333333333334,450,15.648742348463045
2025-10-15T15:49:28.171Z,31.72,1.6,0.8333333333333334,450,15.638029600170732
2025-10-15T15:49:58.741Z,31.62,1.6,0.8333333333333334,450,15.64689805331444
2025-10-15T15:51:00.001Z,31.72,1.6,0.8333333333333334,450,15.638029600170732
2025-10-15T15:51:30.663Z,31.47,1.6,0.8333333333333334,450,15.66136183282506
2025-10-15T15:52:01.222Z,31.67,1.6,0.8333333333333334,450,15.642392426057285
2025-10-15T15:52:31.858Z,31.69,1.6,0.8333333333333334,450,15.640630681532858
2025-10-15T15:53:02.550Z,31.63,1.6,0.8333333333333334,450,15.645985060328865
2025-10-15T15:53:33.093Z,31.6,1.6,0.8333333333333334,450,15.648742348463045
2025-10-15T15:54:03.815Z,31.55,1.6,0.8333333333333334,450,15.653463211230235
2025-10-15T15:54:34.299Z,31.67,1.6,0.8333333333333334,450,15.642392426057285
2025-10-15T15:55:04.945Z,31.54,1.6,0.8333333333333334,450,15.654426823276626
2025-10-15T15:55:35.583Z,31.73,1.6,0.8333333333333334,450,15.6371733460611
2025-10-15T15:56:06.105Z,31.71,1.6,0.8333333333333334,450,15.638891189980075
2025-10-15T15:57:07.354Z,31.66,1.6,0.8333333333333334,450,15.643281830443536
2025-10-15T15:57:38.033Z,31.59,1.6,0.8333333333333334,450,15.649673793901759
2025-10-15T15:58:08.585Z,31.71,1.6,0.8333333333333334,450,15.638891189980075
2025-10-15T15:58:39.717Z,31.6,1.6,0.8333333333333334,450,15.648742348463045
2025-10-15T15:59:09.896Z,31.71,1.6,0.8333333333333334,450,15.638891189980075
2025-10-15T15:59:40.363Z,31.79,1.6,0.8333333333333334,450,15.6321435440465
2025-10-15T16:00:11.042Z,31.67,1.6,0.8333333333333334,450,15.642392426057285
2025-10-15T16:00:41.588Z,31.6,1.6,0.8333333333333334,450,15.648742348463045
2025-10-15T16:01:12.270Z,31.69,1.6,0.8333333333333334,450,15.640630681532858
2025-10-15T16:01:42.937Z,31.59,1.6,0.8333333333333334,450,15.649673793901759
2025-10-15T16:02:13.479Z,31.7,1.6,0.8333333333333334,450,15.639758191806031
2025-10-15T16:02:44.128Z,31.75,1.6,0.8333333333333334,450,15.635476537551035
2025-10-15T16:03:14.681Z,31.6,1.6,0.8333333333333334,450,15.648742348463045
2025-10-15T16:03:45.435Z,31.67,1.6,0.8333333333333334,450,15.642392426057285
2025-10-15T16:04:15.896Z,31.69,1.6,0.8333333333333334,450,15.640630681532858
2025-10-15T16:04:46.690Z,31.61,1.6,0.8333333333333334,450,15.647817125403133
2025-10-15T16:05:17.228Z,31.72,1.6,0.8333333333333334,450,15.638029600170732
2025-10-15T16:05:47.784Z,31.74,1.6,0.8333333333333334,450,15.636322350910095
2025-10-15T16:06:18.522Z,31.6,1.6,0.8333333333333334,450,15.648742348463045
2025-10-15T16:06:48.995Z,31.47,1.6,0.8333333333333334,450,15.66136183282506
2025-10-15T16:07:19.671Z,31.67,1.6,0.8333333333333334,450,15.642392426057285
2025-10-15T16:07:50.203Z,31.49,1.6,0.8333333333333334,450,15.659345852151361
2025-10-15T16:08:20.862Z,31.61,1.6,0.8333333333333334,450,15.647817125403133
2025-10-15T16:08:51.448Z,31.75,1.6,0.8333333333333334,450,15.635476537551035
2025-10-15T16:09:22.082Z,31.59,1.6,0.8333333333333334,450,15.649673793901759
2025-10-15T16:09:52.642Z,31.86,1.6,0.8333333333333334,450,15.62649210467083
2025-10-15T16:10:23.403Z,31.67,1.6,0.8333333333333334,450,15.642392426057285
2025-10-15T16:11:24.530Z,31.78,1.6,0.8333333333333334,450,15.632969410268462
2025-10-15T16:11:55.128Z,31.71,1.6,0.8333333333333334,450,15.638891189980075
2025-10-15T16:12:25.765Z,31.72,1.6,0.8333333333333334,450,15.638029600170732
2025-10-15T16:12:56.315Z,31.75,1.6,0.8333333333333334,450,15.635476537551035
2025-10-15T16:13:57.585Z,31.85,1.6,0.8333333333333334,450,15.627286129287675
2025-10-15T16:14:28.146Z,31.81,1.6,0.8333333333333334,450,15.630506101103066
2025-10-15T16:14:58.847Z,31.73,1.6,0.8333333333333334,450,15.6371733460611
2025-10-15T16:15:29.369Z,31.6,1.6,0.8333333333333334,450,15.648742348463045
2025-10-15T16:16:00.015Z,31.76,1.6,0.8333333333333334,450,15.634635828396634
2025-10-15T16:16:30.592Z,31.79,1.6,0.8333333333333334,450,15.6321435440465
2025-10-15T16:17:01.257Z,31.86,1.6,0.8333333333333334,450,15.62649210467083
2025-10-15T16:18:33.027Z,31.78,1.6,0.8333333333333334,450,15.632969410268462
2025-10-15T16:19:34.338Z,31.68,1.6,0.8333333333333334,450,15.64150873461157
2025-10-15T16:20:04.831Z,31.74,1.6,0.8333333333333334,450,15.636322350910095
2025-10-15T16:20:35.527Z,31.63,1.6,0.8333333333333334,450,15.645985060328865
2025-10-15T16:21:06.087Z,31.75,1.6,0.8333333333333334,450,15.635476537551035
2025-10-15T16:21:36.703Z,31.85,1.6,0.8333333333333334,450,15.627286129287675
2025-10-15T16:22:07.372Z,31.86,1.6,0.8333333333333334,450,15.62649210467083
2025-10-15T16:22:38.003Z,31.72,1.6,0.8333333333333334,450,15.638029600170732
2025-10-15T16:23:08.596Z,31.75,1.6,0.8333333333333334,450,15.635476537551035
2025-10-15T16:24:09.727Z,31.86,1.6,0.8333333333333334,450,15.62649210467083
2025-10-15T16:24:40.400Z,31.98,1.6,0.8333333333333334,450,15.617269449061482
2025-10-15T16:25:11.088Z,31.74,1.6,0.8333333333333334,450,15.636322350910095
2025-10-15T16:25:41.615Z,31.86,1.6,0.8333333333333334,450,15.62649210467083
2025-10-15T16:26:12.255Z,31.72,1.6,0.8333333333333334,450,15.638029600170732
2025-10-15T16:26:42.819Z,31.86,1.6,0.8333333333333334,450,15.62649210467083
2025-10-15T16:27:13.509Z,31.75,1.6,0.8333333333333334,450,15.635476537551035
2025-10-15T16:27:44.128Z,31.68,1.6,0.8333333333333334,450,15.64150873461157
2025-10-15T16:28:14.703Z,31.63,1.6,0.8333333333333334,450,15.645985060328865
2025-10-15T16:28:45.238Z,31.72,1.6,0.8333333333333334,450,15.638029600170732
2025-10-15T16:29:46.483Z,31.82,1.6,0.8333333333333334,450,15.629694364697365
2025-10-15T16:30:17.112Z,31.78,1.6,0.8333333333333334,450,15.632969410268462
2025-10-15T16:30:47.685Z,31.86,1.6,0.8333333333333334,450,15.62649210467083
2025-10-15T16:31:48.924Z,31.67,1.6,0.8333333333333334,450,15.642392426057285
2025-10-15T16:32:19.601Z,31.68,1.6,0.8333333333333334,450,15.64150873461157
2025-10-15T16:32:50.142Z,31.71,1.6,0.8333333333333334,450,15.638891189980075
2025-10-15T16:33:20.823Z,31.72,1.6,0.8333333333333334,450,15.638029600170732
2025-10-15T16:33:51.386Z,31.92,1.6,0.8333333333333334,450,15.621813762856778
2025-10-15T16:34:22.089Z,31.77,1.6,0.8333333333333334,450,15.633800145441707
2025-10-15T16:34:52.594Z,31.86,1.6,0.8333333333333334,450,15.62649210467083
2025-10-15T16:35:53.802Z,31.78,1.6,0.8333333333333334,450,15.632969410268462
2025-10-15T16:36:24.403Z,31.71,1.6,0.8333333333333334,450,15.638891189980075
2025-10-15T16:36:55.030Z,31.79,1.6,0.8333333333333334,450,15.6321435440465
2025-10-15T16:37:25.712Z,31.98,1.6,0.8333333333333334,450,15.617269449061482
2025-10-15T16:37:56.396Z,31.81,1.6,0.8333333333333334,450,15.630506101103066
2025-10-15T16:38:26.910Z,31.85,1.6,0.8333333333333334,450,15.627286129287675
2025-10-15T16:38:57.572Z,31.86,1.6,0.8333333333333334,450,15.62649210467083
2025-10-15T16:39:28.141Z,31.72,1.6,0.8333333333333334,450,15.638029600170732
2025-10-15T16:39:58.711Z,31.82,1.6,0.8333333333333334,450,15.629694364697365
2025-10-15T16:40:29.394Z,31.72,1.6,0.8333333333333334,450,15.638029600170732
2025-10-15T16:40:59.943Z,31.86,1.6,0.8333333333333334,450,15.62649210467083
2025-10-15T16:41:30.700Z,31.98,1.6,0.8333333333333334,450,15.617269449061482
2025-10-15T16:42:01.163Z,31.86,1.6,0.8333333333333334,450,15.62649210467083
2025-10-15T16:43:02.410Z,31.71,1.6,0.8333333333333334,450,15.638891189980075
2025-10-15T16:43:33.011Z,31.86,1.6,0.8333333333333334,450,15.62649210467083
2025-10-15T16:44:34.238Z,31.95,1.6,0.8333333333333334,450,15.619525995579775
2025-10-15T16:45:04.857Z,31.78,1.6,0.8333333333333334,450,15.632969410268462
2025-10-15T16:45:35.447Z,31.75,1.6,0.8333333333333334,450,15.635476537551035
2025-10-15T16:46:06.173Z,31.86,1.6,0.8333333333333334,450,15.62649210467083
2025-10-15T16:47:07.354Z,31.73,1.6,0.8333333333333334,450,15.6371733460611
2025-10-15T16:47:37.977Z,31.71,1.6,0.8333333333333334,450,15.638891189980075
2025-10-15T16:48:39.154Z,31.86,1.6,0.8333333333333334,450,15.62649210467083
2025-10-15T16:49:09.762Z,31.98,1.6,0.8333333333333334,450,15.617269449061482
2025-10-15T16:50:10.977Z,31.86,1.6,0.8333333333333334,450,15.62649210467083
2025-10-15T16:50:41.663Z,31.98,1.6,0.8333333333333334,450,15.617269449061482
2025-10-15T16:51:12.217Z,31.86,1.6,0.8333333333333334,450,15.62649210467083
2025-10-15T16:51:42.890Z,31.88,1.6,0.8333333333333334,450,15.62491664481277
2025-10-15T16:52:13.422Z,31.86,1.6,0.8333333333333334,450,15.62649210467083
2025-10-15T16:52:44.084Z,31.92,1.6,0.8333333333333334,450,15.621813762856778
2025-10-15T16:53:14.617Z,31.82,1.6,0.8333333333333334,450,15.629694364697365
2025-10-15T16:53:45.382Z,31.98,1.6,0.8333333333333334,450,15.617269449061482
2025-10-15T16:54:46.518Z,31.78,1.6,0.8333333333333334,450,15.632969410268462
2025-10-15T16:55:17.210Z,31.86,1.6,0.8333333333333334,450,15.62649210467083
2025-10-15T16:56:18.293Z,31.98,1.6,0.8333333333333334,450,15.617269449061482
2025-10-15T16:57:19.539Z,31.78,1.6,0.8333333333333334,450,15.632969410268462
2025-10-15T16:57:50.230Z,31.92,1.6,0.8333333333333334,450,15.621813762856778
2025-10-15T16:58:20.775Z,31.82,1.6,0.8333333333333334,450,15.629694364697365
2025-10-15T16:58:51.506Z,31.74,1.6,0.8333333333333334,450,15.636322350910095
2025-10-15T16:59:22.035Z,31.78,1.6,0.8333333333333334,450,15.632969410268462
2025-10-15T16:59:52.686Z,31.98,1.6,0.8333333333333334,450,15.617269449061482
2025-10-15T17:00:23.222Z,31.79,1.6,0.8333333333333334,450,15.6321435440465
2025-10-15T17:00:53.823Z,31.92,1.6,0.8333333333333334,450,15.621813762856778
2025-10-15T17:01:24.431Z,31.76,1.6,0.8333333333333334,450,15.634635828396634
2025-10-15T17:01:55.081Z,31.92,1.6,0.8333333333333334,450,15.621813762856778
2025-10-15T17:02:56.305Z,31.95,1.6,0.8333333333333334,450,15.619525995579775
2025-10-15T17:03:26.853Z,31.86,1.6,0.8333333333333334,450,15.62649210467083
2025-10-15T17:03:57.529Z,31.92,1.6,0.8333333333333334,450,15.621813762856778
2025-10-15T17:04:28.211Z,31.82,1.6,0.8333333333333334,450,15.629694364697365
2025-10-15T17:04:58.749Z,31.72,1.6,0.8333333333333334,450,15.638029600170732
2025-10-15T17:05:29.469Z,31.86,1.6,0.8333333333333334,450,15.62649210467083
2025-10-15T17:05:59.999Z,31.72,1.6,0.8333333333333334,450,15.638029600170732
2025-10-15T17:06:30.546Z,31.78,1.6,0.8333333333333334,450,15.632969410268462
2025-10-15T17:07:01.207Z,31.98,1.6,0.8333333333333334,450,15.617269449061482
2025-10-15T17:08:33.014Z,31.86,1.6,0.8333333333333334,450,15.62649210467083
2025-10-15T17:09:03.649Z,31.78,1.6,0.8333333333333334,450,15.632969410268462
2025-10-15T17:10:04.819Z,31.73,1.6,0.8333333333333334,450,15.6371733460611
2025-10-15T17:10:35.502Z,31.86,1.6,0.8333333333333334,450,15.62649210467083
2025-10-15T17:11:06.122Z,31.75,1.6,0.8333333333333334,450,15.635476537551035
2025-10-15T17:11:36.718Z,31.78,1.6,0.8333333333333334,450,15.632969410268462
2025-10-15T17:12:07.278Z,31.98,1.6,0.8333333333333334,450,15.617269449061482
2025-10-15T17:14:09.781Z,31.78,1.6,0.8333333333333334,450,15.632969410268462
2025-10-15T17:14:40.383Z,31.92,1.6,0.8333333333333334,450,15.621813762856778
2025-10-15T17:15:11.050Z,31.86,1.6,0.8333333333333334,450,15.62649210467083
2025-10-15T17:15:41.618Z,31.98,1.6,0.8333333333333334,450,15.617269449061482
2025-10-15T17:17:13.384Z,31.86,1.6,0.8333333333333334,450,15.62649210467083
2025-10-15T17:18:14.621Z,31.92,1.6,0.8333333333333334,450,15.621813762856778
2025-10-15T17:18:45.371Z,31.98,1.6,0.8333333333333334,450,15.617269449061482
2025-10-15T17:19:15.896Z,31.86,1.6,0.8333333333333334,450,15.62649210467083
2025-10-15T17:20:17.159Z,32.03,1.6,0.8333333333333334,450,15.613571598782148
2025-10-15T17:20:47.693Z,31.98,1.6,0.8333333333333334,450,15.617269449061482
2025-10-15T17:21:18.385Z,32.03,1.6,0.8333333333333334,450,15.613571598782148
2025-10-15T17:21:48.912Z,31.86,1.6,0.8333333333333334,450,15.62649210467083
2025-10-15T17:22:19.595Z,31.92,1.6,0.8333333333333334,450,15.621813762856778
2025-10-15T17:22:50.149Z,31.98,1.6,0.8333333333333334,450,15.617269449061482
2025-10-15T17:23:51.393Z,31.86,1.6,0.8333333333333334,450,15.62649210467083
2025-10-15T17:24:52.612Z,31.98,1.6,0.8333333333333334,450,15.617269449061482
2025-10-15T17:26:24.500Z,32.01,1.6,0.8333333333333334,450,15.615041801399851
2025-10-15T17:26:55.051Z,31.95,1.6,0.8333333333333334,450,15.619525995579775
2025-10-15T17:27:25.709Z,32.03,1.6,0.8333333333333334,450,15.613571598782148
2025-10-15T17:27:56.240Z,31.73,1.6,0.8333333333333334,450,15.6371733460611
2025-10-15T17:28:26.952Z,32.0,1.6,0.8333333333333334,450,15.615781284104987
2025-10-15T17:28:57.555Z,31.98,1.6,0.8333333333333334,450,15.617269449061482
2025-10-15T17:29:28.095Z,31.92,1.6,0.8333333333333334,450,15.621813762856778
2025-10-15T17:29:58.670Z,31.98,1.6,0.8333333333333334,450,15.617269449061482
2025-10-15T17:30:29.357Z,32.01,1.6,0.8333333333333334,450,15.615041801399851
2025-10-15T17:30:59.909Z,31.98,1.6,0.8333333333333334,450,15.617269449061482
2025-10-15T17:31:30.600Z,32.04,1.6,0.8333333333333334,450,15.61284070318261
2025-10-15T17:32:01.140Z,32.02,1.6,0.8333333333333334,450,15.61430526885239
2025-10-15T17:32:31.825Z,32.04,1.6,0.8333333333333334,450,15.61284070318261
2025-10-15T17:33:02.398Z,32.0,1.6,0.8333333333333334,450,15.615781284104987
2025-10-15T17:33:33.044Z,31.89,1.6,0.8333333333333334,450,15.624135044436827
2025-10-15T17:34:03.560Z,31.86,1.6,0.8333333333333334,450,15.62649210467083
2025-10-15T17:34:34.253Z,31.98,1.6,0.8333333333333334,450,15.617269449061482
2025-10-15T17:35:04.818Z,32.0,1.6,0.8333333333333334,450,15.615781284104987
2025-10-15T17:35:35.460Z,31.88,1.6,0.8333333333333334,450,15.62491664481277
2025-10-15T17:36:06.067Z,32.01,1.6,0.8333333333333334,450,15.615041801399851
2025-10-15T17:36:36.663Z,31.98,1.6,0.8333333333333334,450,15.617269449061482
2025-10-15T17:38:08.570Z,31.87,1.6,0.8333333333333334,450,15.625702303972123
2025-10-15T17:38:39.114Z,31.92,1.6,0.8333333333333334,450,15.621813762856778
2025-10-15T17:39:09.732Z,31.98,1.6,0.8333333333333334,450,15.617269449061482
2025-10-15T17:40:41.617Z,31.99,1.6,0.8333333333333334,450,15.616523804319467
2025-10-15T17:41:12.152Z,31.98,1.6,0.8333333333333334,450,15.617269449061482
2025-10-15T17:42:44.046Z,31.86,1.6,0.8333333333333334,450,15.62649210467083
2025-10-15T17:43:14.591Z,31.98,1.6,0.8333333333333334,450,15.617269449061482
2025-10-15T17:46:49.020Z,32.03,1.6,0.8333333333333334,450,15.613571598782148
2025-10-15T17:47:19.523Z,32.09,1.6,0.8333333333333334,450,15.60922473968597
2025-10-15T17:47:50.169Z,31.98,1.6,0.8333333333333334,450,15.617269449061482
2025-10-15T17:48:20.806Z,31.99,1.6,0.8333333333333334,450,15.616523804319467
2025-10-15T17:48:51.373Z,32.0,1.6,0.8333333333333334,450,15.615781284104987
2025-10-15T17:49:52.601Z,32.09,1.6,0.8333333333333334,450,15.60922473968597
2025-10-15T17:50:53.814Z,32.1,1.6,0.8333333333333334,450,15.608508624993469
2025-10-15T17:51:24.386Z,31.98,1.6,0.8333333333333334,450,15.617269449061482
2025-10-15T17:51:55.034Z,32.02,1.6,0.8333333333333334,450,15.61430526885239
2025-10-15T17:52:25.596Z,31.92,1.6,0.8333333333333334,450,15.621813762856778
2025-10-15T17:52:56.270Z,31.88,1.6,0.8333333333333334,450,15.62491664481277
2025-10-15T17:53:26.926Z,31.98,1.6,0.8333333333333334,450,15.617269449061482
2025-10-15T17:53:57.467Z,31.86,1.6,0.8333333333333334,450,15.62649210467083
2025-10-15T17:54:28.129Z,31.95,1.6,0.8333333333333334,450,15.619525995579775
2025-10-15T17:54:58.671Z,31.98,1.6,0.8333333333333334,450,15.617269449061482
2025-10-15T17:55:29.357Z,31.99,1.6,0.8333333333333334,450,15.616523804319467
2025-10-15T17:55:59.873Z,31.92,1.6,0.8333333333333334,450,15.621813762856778
2025-10-15T17:56:30.549Z,31.89,1.6,0.8333333333333334,450,15.624135044436827
2025-10-15T17:57:01.168Z,31.98,1.6,0.8333333333333334,450,15.617269449061482
2025-10-15T17:57:31.774Z,31.85,1.6,0.8333333333333334,450,15.627286129287675
2025-10-15T17:58:02.414Z,31.92,1.6,0.8333333333333334,450,15.621813762856778
2025-10-15T17:58:32.938Z,31.86,1.6,0.8333333333333334,450,15.62649210467083
2025-10-15T17:59:03.616Z,31.98,1.6,0.8333333333333334,450,15.617269449061482
2025-10-15T17:59:34.233Z,31.86,1.6,0.8333333333333334,450,15.62649210467083
2025-10-15T18:00:04.849Z,31.98,1.6,0.8333333333333334,450,15.617269449061482
2025-10-15T18:02:07.326Z,32.23,1.6,0.8333333333333334,450,15.599361525642463
2025-10-15T18:02:37.878Z,31.98,1.6,0.8333333333333334,450,15.617269449061482
2025-10-15T18:03:08.544Z,32.03,1.6,0.8333333333333334,450,15.613571598782148
2025-10-15T18:03:39.088Z,32.0,1.6,0.8333333333333334,450,15.615781284104987
2025-10-15T18:04:09.730Z,32.03,1.6,0.8333333333333334,450,15.613571598782148
2025-10-15T18:04:40.387Z,31.98,1.6,0.8333333333333334,450,15.617269449061482
2025-10-15T18:05:10.908Z,32.0,1.6,0.8333333333333334,450,15.615781284104987
2025-10-15T18:05:41.548Z,32.04,1.6,0.8333333333333334,450,15.61284070318261
2025-10-15T18:06:12.213Z,32.16,1.6,0.8333333333333334,450,15.60425390148143
2025-10-15T18:06:42.758Z,31.98,1.6,0.8333333333333334,450,15.617269449061482
2025-10-15T18:07:13.421Z,32.02,1.6,0.8333333333333334,450,15.61430526885239
2025-10-15T18:07:43.961Z,31.98,1.6,0.8333333333333334,450,15.617269449061482
2025-10-15T18:08:14.625Z,32.04,1.6,0.8333333333333334,450,15.61284070318261
2025-10-15T18:08:45.190Z,31.98,1.6,0.8333333333333334,450,15.617269449061482
2025-10-15T18:09:15.916Z,31.99,1.6,0.8333333333333334,450,15.616523804319467
2025-10-15T18:09:46.399Z,32.03,1.6,0.8333333333333334,450,15.613571598782148
2025-10-15T18:10:17.073Z,31.98,1.6,0.8333333333333334,450,15.617269449061482
2025-10-15T18:11:48.870Z,32.09,1.6,0.8333333333333334,450,15.60922473968597
2025-10-15T18:12:19.531Z,32.06,1.6,0.8333333333333334,450,15.611386881765306
2025-10-15T18:12:50.071Z,32.0,1.6,0.8333333333333334,450,15.615781284104987
2025-10-15T18:13:20.737Z,31.99,1.6,0.8333333333333334,450,15.616523804319467
2025-10-15T18:13:51.291Z,32.06,1.6,0.8333333333333334,450,15.611386881765306
2025-10-15T18:14:21.935Z,31.98,1.6,0.8333333333333334,450,15.617269449061482
2025-10-15T18:16:24.441Z,32.01,1.6,0.8333333333333334,450,15.615041801399851
2025-10-15T18:16:55.056Z,31.89,1.6,0.8333333333333334,450,15.624135044436827
2025-10-15T18:17:25.633Z,32.0,1.6,0.8333333333333334,450,15.615781284104987
2025-10-15T18:17:56.174Z,32.03,1.6,0.8333333333333334,450,15.613571598782148
2025-10-15T18:18:26.859Z,31.98,1.6,0.8333333333333334,450,15.617269449061482
2025-10-15T18:18:57.411Z,32.23,1.6,0.8333333333333334,450,15.599361525642463
2025-10-15T18:19:28.079Z,31.98,1.6,0.8333333333333334,450,15.617269449061482
2025-10-15T18:19:58.618Z,31.99,1.6,0.8333333333333334,450,15.616523804319467
2025-10-15T18:20:29.284Z,32.03,1.6,0.8333333333333334,450,15.613571598782148
2025-10-15T18:20:59.948Z,32.04,1.6,0.8333333333333334,450,15.61284070318261
2025-10-15T18:21:30.487Z,31.98,1.6,0.8333333333333334,450,15.617269449061482
2025-10-15T18:22:01.177Z,32.01,1.6,0.8333333333333334,450,15.615041801399851
2025-10-15T18:22:31.729Z,32.05,1.6,0.8333333333333334,450,15.612112493726023
2025-10-15T18:23:02.361Z,32.23,1.6,0.8333333333333334,450,15.599361525642463
2025-10-15T18:24:03.521Z,32.02,1.6,0.8333333333333334,450,15.61430526885239
2025-10-15T18:24:34.160Z,31.87,1.6,0.8333333333333334,450,15.625702303972123
2025-10-15T18:25:04.799Z,32.01,1.6,0.8333333333333334,450,15.615041801399851
2025-10-15T18:26:05.967Z,32.04,1.6,0.8333333333333334,450,15.61284070318261
2025-10-15T18:26:36.688Z,32.07,1.6,0.8333333333333334,450,15.610663778338264
2025-10-15T18:27:07.333Z,32.16,1.6,0.8333333333333334,450,15.60425390148143
2025-10-15T18:27:37.884Z,32.01,1.6,0.8333333333333334,450,15.615041801399851
2025-10-15T18:28:08.464Z,31.98,1.6,0.8333333333333334,450,15.617269449061482
2025-10-15T18:28:39.124Z,32.02,1.6,0.8333333333333334,450,15.61430526885239
2025-10-15T18:29:09.665Z,32.03,1.6,0.8333333333333334,450,15.613571598782148
2025-10-15T18:29:40.326Z,32.09,1.6,0.8333333333333334,450,15.60922473968597
2025-10-15T18:30:10.868Z,31.98,1.6,0.8333333333333334,450,15.617269449061482
2025-10-15T18:30:41.541Z,32.0,1.6,0.8333333333333334,450,15.615781284104987
2025-10-15T18:31:12.186Z,32.09,1.6,0.8333333333333334,450,15.60922473968597
2025-10-15T18:31:42.724Z,32.26,1.6,0.8333333333333334,450,15.597280931366065
2025-10-15T18:32:13.402Z,32.2,1.6,0.8333333333333334,450,15.601450681503096
2025-10-15T18:32:43.931Z,31.98,1.6,0.8333333333333334,450,15.617269449061482
2025-10-15T18:33:14.617Z,32.0,1.6,0.8333333333333334,450,15.615781284104987
2025-10-15T18:33:45.206Z,31.99,1.6,0.8333333333333334,450,15.616523804319467
2025-10-15T18:34:15.817Z,32.03,1.6,0.8333333333333334,450,15.613571598782148
2025-10-15T18:34:46.472Z,32.23,1.6,0.8333333333333334,450,15.599361525642463
2025-10-15T18:35:17.025Z,32.24,1.6,0.8333333333333334,450,15.598667168202779
2025-10-15T18:35:47.698Z,31.98,1.6,0.8333333333333334,450,15.617269449061482
2025-10-15T18:36:18.261Z,32.0,1.6,0.8333333333333334,450,15.615781284104987
2025-10-15T18:36:48.819Z,32.24,1.6,0.8333333333333334,450,15.598667168202779
2025-10-15T18:37:19.470Z,32.09,1.6,0.8333333333333334,450,15.60922473968597
2025-10-15T18:37:50.063Z,31.99,1.6,0.8333333333333334,450,15.616523804319467
2025-10-15T18:38:20.705Z,32.09,1.6,0.8333333333333334,450,15.60922473968597
2025-10-15T18:39:21.926Z,31.98,1.6,0.8333333333333334,450,15.617269449061482
2025-10-15T18:39:52.587Z,32.07,1.6,0.8333333333333334,450,15.610663778338264
2025-10-15T18:40:23.110Z,32.09,1.6,0.8333333333333334,450,15.60922473968597
2025-10-15T18:41:24.348Z,32.06,1.6,0.8333333333333334,450,15.611386881765306
2025-10-15T18:41:55.066Z,32.1,1.6,0.8333333333333334,450,15.608508624993469
2025-10-15T18:42:25.625Z,31.86,1.6,0.8333333333333334,450,15.62649210467083
2025-10-15T18:42:56.272Z,32.07,1.6,0.8333333333333334,450,15.610663778338264
2025-10-15T18:43:26.837Z,32.09,1.6,0.8333333333333334,450,15.60922473968597
2025-10-15T18:43:57.558Z,31.98,1.6,0.8333333333333334,450,15.617269449061482
2025-10-15T18:44:28.101Z,32.0,1.6,0.8333333333333334,450,15.615781284104987
2025-10-15T18:44:58.649Z,32.11,1.6,0.8333333333333334,450,15.607794659908947
2025-10-15T18:45:29.234Z,32.09,1.6,0.8333333333333334,450,15.60922473968597
2025-10-15T18:45:59.883Z,32.03,1.6,0.8333333333333334,450,15.613571598782148
2025-10-15T18:47:01.123Z,31.98,1.6,0.8333333333333334,450,15.617269449061482
2025-10-15T18:47:31.661Z,32.0,1.6,0.8333333333333334,450,15.615781284104987
2025-10-15T18:48:02.324Z,31.99,1.6,0.8333333333333334,450,15.616523804319467
2025-10-15T18:48:32.916Z,32.09,1.6,0.8333333333333334,450,15.60922473968597
2025-10-15T18:49:03.502Z,32.03,1.6,0.8333333333333334,450,15.613571598782148
2025-10-15T18:50:04.711Z,32.09,1.6,0.8333333333333334,450,15.60922473968597
2025-10-15T18:50:35.328Z,31.98,1.6,0.8333333333333334,450,15.617269449061482
2025-10-15T18:51:05.966Z,32.09,1.6,0.8333333333333334,450,15.60922473968597
2025-10-15T18:51:36.649Z,32.0,1.6,0.8333333333333334,450,15.615781284104987
2025-10-15T18:52:07.190Z,31.98,1.6,0.8333333333333334,450,15.617269449061482
2025-10-15T18:52:37.875Z,32.02,1.6,0.8333333333333334,450,15.61430526885239
2025-10-15T18:53:08.410Z,31.98,1.6,0.8333333333333334,450,15.617269449061482
2025-10-15T18:53:39.095Z,32.03,1.6,0.8333333333333334,450,15.613571598782148
2025-10-15T18:54:09.659Z,32.04,1.6,0.8333333333333334,450,15.61284070318261
2025-10-15T18:54:40.279Z,32.16,1.6,0.8333333333333334,450,15.60425390148143
2025-10-15T18:55:10.848Z,32.23,1.6,0.8333333333333334,450,15.599361525642463
2025-10-15T18:55:41.500Z,32.03,1.6,0.8333333333333334,450,15.613571598782148
2025-10-15T18:56:12.208Z,32.0,1.6,0.8333333333333334,450,15.615781284104987
2025-10-15T18:56:42.776Z,31.98,1.6,0.8333333333333334,450,15.617269449061482
2025-10-15T18:57:13.347Z,32.09,1.6,0.8333333333333334,450,15.60922473968597
2025-10-15T18:57:43.998Z,32.0,1.6,0.8333333333333334,450,15.615781284104987
2025-10-15T18:58:14.570Z,31.98,1.6,0.8333333333333334,450,15.617269449061482
2025-10-15T18:58:45.251Z,32.09,1.6,0.8333333333333334,450,15.60922473968597
2025-10-15T18:59:15.805Z,32.03,1.6,0.8333333333333334,450,15.613571598782148
2025-10-15T18:59:46.367Z,31.98,1.6,0.8333333333333334,450,15.617269449061482
2025-10-15T19:00:17.085Z,32.1,1.6,0.8333333333333334,450,15.608508624993469
2025-10-15T19:00:47.565Z,32.09,1.6,0.8333333333333334,450,15.60922473968597
2025-10-15T19:01:18.248Z,32.12,1.6,0.8333333333333334,450,15.607082753948676
2025-10-15T19:01:48.793Z,32.02,1.6,0.8333333333333334,450,15.61430526885239
2025-10-15T19:02:19.445Z,32.09,1.6,0.8333333333333334,450,15.60922473968597
2025-10-15T19:02:50.117Z,32.08,1.6,0.8333333333333334,450,15.609943094172337
2025-10-15T19:03:20.674Z,32.23,1.6,0.8333333333333334,450,15.599361525642463
2025-10-15T19:03:51.326Z,31.98,1.6,0.8333333333333334,450,15.617269449061482
2025-10-15T19:04:21.915Z,32.25,1.6,0.8333333333333334,450,15.597973668199039
2025-10-15T19:04:52.542Z,32.1,1.6,0.8333333333333334,450,15.608508624993469
2025-10-15T19:05:23.081Z,32.09,1.6,0.8333333333333334,450,15.60922473968597
2025-10-15T19:05:53.750Z,32.16,1.6,0.8333333333333334,450,15.60425390148143
2025-10-15T19:06:24.312Z,32.09,1.6,0.8333333333333334,450,15.60922473968597
2025-10-15T19:06:54.979Z,32.0,1.6,0.8333333333333334,450,15.615781284104987
2025-10-15T19:07:25.529Z,32.07,1.6,0.8333333333333334,450,15.610663778338264
2025-10-15T19:07:56.194Z,32.09,1.6,0.8333333333333334,450,15.60922473968597
2025-10-15T19:08:26.752Z,32.0,1.6,0.8333333333333334,450,15.615781284104987
2025-10-15T19:08:57.403Z,32.03,1.6,0.8333333333333334,450,15.613571598782148
2025-10-15T19:09:28.074Z,32.07,1.6,0.8333333333333334,450,15.610663778338264
2025-10-15T19:09:58.606Z,31.99,1.6,0.8333333333333334,450,15.616523804319467
2025-10-15T19:10:29.243Z,31.98,1.6,0.8333333333333334,450,15.617269449061482
2025-10-15T19:10:59.915Z,32.07,1.6,0.8333333333333334,450,15.610663778338264
2025-10-15T19:11:30.431Z,31.98,1.6,0.8333333333333334,450,15.617269449061482
2025-10-15T19:12:01.084Z,32.0,1.6,0.8333333333333334,450,15.615781284104987
2025-10-15T19:12:31.656Z,31.98,1.6,0.8333333333333334,450,15.617269449061482
2025-10-15T19:13:02.331Z,32.03,1.6,0.8333333333333334,450,15.613571598782148
2025-10-15T19:13:32.893Z,32.23,1.6,0.8333333333333334,450,15.599361525642463
2025-10-15T19:14:03.516Z,32.03,1.6,0.8333333333333334,450,15.613571598782148
2025-10-15T19:14:34.203Z,32.09,1.6,0.8333333333333334,450,15.60922473968597
2025-10-15T19:15:04.764Z,32.07,1.6,0.8333333333333334,450,15.610663778338264
2025-10-15T19:15:35.414Z,32.23,1.6,0.8333333333333334,450,15.599361525642463
2025-10-15T19:16:06.002Z,32.02,1.6,0.8333333333333334,450,15.61430526885239
2025-10-15T19:16:36.558Z,32.09,1.6,0.8333333333333334,450,15.60922473968597
2025-10-15T19:17:07.252Z,31.98,1.6,0.8333333333333334,450,15.617269449061482
2025-10-15T19:17:37.795Z,32.09,1.6,0.8333333333333334,450,15.60922473968597
2025-10-15T19:18:08.454Z,32.0,1.6,0.8333333333333334,450,15.615781284104987
2025-10-15T19:19:09.686Z,31.98,1.6,0.8333333333333334,450,15.617269449061482
2025-10-15T19:19:40.205Z,32.03,1.6,0.8333333333333334,450,15.613571598782148
2025-10-15T19:20:10.852Z,32.23,1.6,0.8333333333333334,450,15.599361525642463
2025-10-15T19:20:41.552Z,32.01,1.6,0.8333333333333334,450,15.615041801399851
2025-10-15T19:21:12.087Z,32.03,1.6,0.8333333333333334,450,15.613571598782148
2025-10-15T19:21:42.773Z,32.07,1.6,0.8333333333333334,450,15.610663778338264
2025-10-15T19:22:13.332Z,31.98,1.6,0.8333333333333334,450,15.617269449061482
2025-10-15T19:22:43.878Z,32.1,1.6,0.8333333333333334,450,15.608508624993469
2025-10-15T19:23:14.574Z,31.98,1.6,0.8333333333333334,450,15.617269449061482
2025-10-15T19:23:45.225Z,32.0,1.6,0.8333333333333334,450,15.615781284104987
2025-10-15T19:24:15.743Z,32.03,1.6,0.8333333333333334,450,15.613571598782148
2025-10-15T19:24:46.408Z,32.07,1.6,0.8333333333333334,450,15.610663778338264
2025-10-15T19:25:16.962Z,32.03,1.6,0.8333333333333334,450,15.613571598782148
2025-10-15T19:25:47.621Z,32.23,1.6,0.8333333333333334,450,15.599361525642463
2025-10-15T19:26:18.270Z,31.98,1.6,0.8333333333333334,450,15.617269449061482
2025-10-15T19:26:48.800Z,32.17,1.6,0.8333333333333334,450,15.603550923741018
2025-10-15T19:27:19.576Z,32.16,1.6,0.8333333333333334,450,15.60425390148143
2025-10-15T19:27:50.015Z,32.21,1.6,0.8333333333333334,450,15.600753188651183
2025-10-15T19:28:20.707Z,32.07,1.6,0.8333333333333334,450,15.610663778338264
2025-10-15T19:28:51.238Z,32.23,1.6,0.8333333333333334,450,15.599361525642463
2025-10-15T19:29:21.950Z,31.98,1.6,0.8333333333333334,450,15.617269449061482
2025-10-15T19:29:52.460Z,32.03,1.6,0.8333333333333334,450,15.613571598782148
2025-10-15T19:30:23.151Z,32.09,1.6,0.8333333333333334,450,15.60922473968597
2025-10-15T19:30:53.698Z,32.0,1.6,0.8333333333333334,450,15.615781284104987
2025-10-15T19:31:24.387Z,31.99,1.6,0.8333333333333334,450,15.616523804319467
2025-10-15T19:31:54.944Z,32.03,1.6,0.8333333333333334,450,15.613571598782148
2025-10-15T19:32:25.551Z,32.23,1.6,0.8333333333333334,450,15.599361525642463
2025-10-15T19:32:56.116Z,32.09,1.6,0.8333333333333334,450,15.60922473968597
2025-10-15T19:33:26.796Z,32.03,1.6,0.8333333333333334,450,15.613571598782148
2025-10-15T19:33:57.347Z,32.1,1.6,0.8333333333333334,450,15.608508624993469
2025-10-15T19:34:28.031Z,32.23,1.6,0.8333333333333334,450,15.599361525642463
2025-10-15T19:35:29.159Z,32.05,1.6,0.8333333333333334,450,15.612112493726023
2025-10-15T19:35:59.823Z,32.09,1.6,0.8333333333333334,450,15.60922473968597
2025-10-15T19:36:30.503Z,32.07,1.6,0.8333333333333334,450,15.610663778338264
2025-10-15T19:37:01.077Z,32.1,1.6,0.8333333333333334,450,15.608508624993469
2025-10-15T19:37:31.737Z,32.09,1.6,0.8333333333333334,450,15.60922473968597
2025-10-15T19:38:02.314Z,32.23,1.6,0.8333333333333334,450,15.599361525642463
2025-10-15T19:38:32.929Z,32.09,1.6,0.8333333333333334,450,15.60922473968597
2025-10-15T19:39:03.455Z,32.03,1.6,0.8333333333333334,450,15.613571598782148
2025-10-15T19:39:34.138Z,31.98,1.6,0.8333333333333334,450,15.617269449061482
2025-10-15T19:40:04.725Z,32.03,1.6,0.8333333333333334,450,15.613571598782148
2025-10-15T19:40:35.370Z,32.04,1.6,0.8333333333333334,450,15.61284070318261
2025-10-15T19:41:05.962Z,32.23,1.6,0.8333333333333334,450,15.599361525642463
2025-10-15T19:41:36.609Z,32.13,1.6,0.8333333333333334,450,15.60637281633582
2025-10-15T19:42:07.234Z,32.09,1.6,0.8333333333333334,450,15.60922473968597
2025-10-15T19:42:37.790Z,32.03,1.6,0.8333333333333334,450,15.613571598782148
2025-10-15T19:43:08.458Z,32.11,1.6,0.8333333333333334,450,15.607794659908947
2025-10-15T19:43:38.995Z,32.12,1.6,0.8333333333333334,450,15.607082753948676
2025-10-15T19:44:09.664Z,32.09,1.6,0.8333333333333334,450,15.60922473968597
2025-10-15T19:45:10.874Z,32.16,1.6,0.8333333333333334,450,15.60425390148143
2025-10-15T19:45:41.527Z,32.21,1.6,0.8333333333333334,450,15.600753188651183
2025-10-15T19:46:12.063Z,32.11,1.6,0.8333333333333334,450,15.607794659908947
2025-10-15T19:46:42.742Z,32.09,1.6,0.8333333333333334,450,15.60922473968597
2025-10-15T19:47:13.280Z,32.1,1.6,0.8333333333333334,450,15.608508624993469
2025-10-15T19:47:43.947Z,32.16,1.6,0.8333333333333334,450,15.60425390148143
2025-10-15T19:48:14.478Z,31.99,1.6,0.8333333333333334,450,15.616523804319467
2025-10-15T19:48:45.161Z,32.03,1.6,0.8333333333333334,450,15.613571598782148
2025-10-15T19:49:15.687Z,32.11,1.6,0.8333333333333334,450,15.607794659908947
2025-10-15T19:49:46.355Z,32.21,1.6,0.8333333333333334,450,15.600753188651183
2025-10-15T19:50:17.025Z,32.1,1.6,0.8333333333333334,450,15.608508624993469
2025-10-15T19:50:47.593Z,31.98,1.6,0.8333333333333334,450,15.617269449061482
2025-10-15T19:51:18.154Z,32.11,1.6,0.8333333333333334,450,15.607794659908947
2025-10-15T19:51:48.814Z,32.06,1.6,0.8333333333333334,450,15.611386881765306
2025-10-15T19:52:19.483Z,32.16,1.6,0.8333333333333334,450,15.60425390148143
2025-10-15T19:52:50.014Z,32.23,1.6,0.8333333333333334,450,15.599361525642463
2025-10-15T19:53:20.733Z,31.98,1.6,0.8333333333333334,450,15.617269449061482
2025-10-15T19:53:51.192Z,32.03,1.6,0.8333333333333334,450,15.613571598782148
2025-10-15T19:54:21.871Z,32.07,1.6,0.8333333333333334,450,15.610663778338264
2025-10-15T19:54:52.549Z,32.11,1.6,0.8333333333333334,450,15.607794659908947
2025-10-15T19:55:23.084Z,32.12,1.6,0.8333333333333334,450,15.607082753948676
2025-10-15T19:55:53.812Z,32.03,1.6,0.8333333333333334,450,15.613571598782148
2025-10-15T19:56:24.406Z,32.13,1.6,0.8333333333333334,450,15.60637281633582
2025-10-15T19:56:54.867Z,32.23,1.6,0.8333333333333334,450,15.599361525642463
2025-10-15T19:57:56.098Z,31.98,1.6,0.8333333333333334,450,15.617269449061482
2025-10-15T19:58:57.357Z,32.09,1.6,0.8333333333333334,450,15.60922473968597
2025-10-15T19:59:27.986Z,32.03,1.6,0.8333333333333334,450,15.613571598782148
2025-10-15T19:59:58.634Z,32.07,1.6,0.8333333333333334,450,15.610663778338264
2025-10-15T20:00:29.170Z,32.13,1.6,0.8333333333333334,450,15.60637281633582
2025-10-15T20:00:59.816Z,32.03,1.6,0.8333333333333334,450,15.613571598782148
2025-10-15T20:01:30.481Z,32.23,1.6,0.8333333333333334,450,15.599361525642463
2025-10-15T20:02:01.082Z,32.03,1.6,0.8333333333333334,450,15.613571598782148
2025-10-15T20:03:02.239Z,32.21,1.6,0.8333333333333334,450,15.600753188651183
2025-10-15T20:03:32.916Z,32.1,1.6,0.8333333333333334,450,15.608508624993469
2025-10-15T20:04:03.465Z,32.0,1.6,0.8333333333333334,450,15.615781284104987
2025-10-15T20:04:34.204Z,32.16,1.6,0.8333333333333334,450,15.60425390148143
2025-10-15T20:05:35.364Z,32.09,1.6,0.8333333333333334,450,15.60922473968597
2025-10-15T20:06:05.973Z,32.03,1.6,0.8333333333333334,450,15.613571598782148
2025-10-15T20:06:36.556Z,32.13,1.6,0.8333333333333334,450,15.60637281633582
2025-10-15T20:07:37.782Z,32.09,1.6,0.8333333333333334,450,15.60922473968597
2025-10-15T20:08:08.434Z,31.98,1.6,0.8333333333333334,450,15.617269449061482
2025-10-15T20:08:38.970Z,32.23,1.6,0.8333333333333334,450,15.599361525642463
2025-10-15T20:09:09.646Z,32.07,1.6,0.8333333333333334,450,15.610663778338264
2025-10-15T20:09:40.186Z,32.23,1.6,0.8333333333333334,450,15.599361525642463
2025-10-15T20:10:10.835Z,32.09,1.6,0.8333333333333334,450,15.60922473968597
2025-10-15T20:10:41.431Z,32.13,1.6,0.8333333333333334,450,15.60637281633582
2025-10-15T20:11:12.089Z,32.09,1.6,0.8333333333333334,450,15.60922473968597
2025-10-15T20:11:42.721Z,32.05,1.6,0.8333333333333334,450,15.612112493726023
2025-10-15T20:12:13.269Z,32.0,1.6,0.8333333333333334,450,15.615781284104987
2025-10-15T20:12:43.914Z,32.03,1.6,0.8333333333333334,450,15.613571598782148
2025-10-15T20:13:14.633Z,32.0,1.6,0.8333333333333334,450,15.615781284104987
2025-10-15T20:13:45.135Z,32.23,1.6,0.8333333333333334,450,15.599361525642463
2025-10-15T20:14:15.782Z,32.07,1.6,0.8333333333333334,450,15.610663778338264
2025-10-15T20:15:16.993Z,32.0,1.6,0.8333333333333334,450,15.615781284104987
2025-10-15T20:15:47.545Z,32.03,1.6,0.8333333333333334,450,15.613571598782148
2025-10-15T20:16:18.195Z,32.23,1.6,0.8333333333333334,450,15.599361525642463
2025-10-15T20:16:48.765Z,32.07,1.6,0.8333333333333334,450,15.610663778338264
2025-10-15T20:17:19.414Z,32.0,1.6,0.8333333333333334,450,15.615781284104987
2025-10-15T20:17:49.957Z,31.98,1.6,0.8333333333333334,450,15.617269449061482
2025-10-15T20:18:20.646Z,32.09,1.6,0.8333333333333334,450,15.60922473968597
2025-10-15T20:18:51.201Z,32.22,1.6,0.8333333333333334,450,15.600056834535799
2025-10-15T20:19:21.858Z,32.1,1.6,0.8333333333333334,450,15.608508624993469
2025-10-15T20:19:52.443Z,32.03,1.6,0.8333333333333334,450,15.613571598782148
2025-10-15T20:20:53.681Z,32.1,1.6,0.8333333333333334,450,15.608508624993469
2025-10-15T20:21:24.302Z,31.98,1.6,0.8333333333333334,450,15.617269449061482
2025-10-15T20:21:54.922Z,32.07,1.6,0.8333333333333334,450,15.610663778338264
2025-10-15T20:22:25.530Z,32.03,1.6,0.8333333333333334,450,15.613571598782148
2025-10-15T20:23:26.755Z,32.23,1.6,0.8333333333333334,450,15.599361525642463
2025-10-15T20:23:57.298Z,31.99,1.6,0.8333333333333334,450,15.616523804319467
2025-10-15T20:24:27.964Z,32.02,1.6,0.8333333333333334,450,15.61430526885239
2025-10-15T20:24:58.547Z,32.09,1.6,0.8333333333333334,450,15.60922473968597
2025-10-15T20:25:29.311Z,32.24,1.6,0.8333333333333334,450,15.598667168202779
2025-10-15T20:25:59.793Z,32.07,1.6,0.8333333333333334,450,15.610663778338264
2025-10-15T20:26:30.395Z,32.09,1.6,0.8333333333333334,450,15.60922473968597
2025-10-15T20:27:01.088Z,32.07,1.6,0.8333333333333334,450,15.610663778338264
2025-10-15T20:27:31.626Z,32.09,1.6,0.8333333333333334,450,15.60922473968597
2025-10-15T20:28:02.256Z,32.23,1.6,0.8333333333333334,450,15.599361525642463
2025-10-15T20:28:32.838Z,32.09,1.6,0.8333333333333334,450,15.60922473968597
2025-10-15T20:29:03.471Z,32.1,1.6,0.8333333333333334,450,15.608508624993469
2025-10-15T20:29:34.039Z,32.01,1.6,0.8333333333333334,450,15.615041801399851
2025-10-15T20:30:04.688Z,32.07,1.6,0.8333333333333334,450,15.610663778338264
2025-10-15T20:30:35.379Z,32.09,1.6,0.8333333333333334,450,15.60922473968597
2025-10-15T20:31:05.891Z,32.12,1.6,0.8333333333333334,450,15.607082753948676
2025-10-15T20:31:36.511Z,31.98,1.6,0.8333333333333334,450,15.617269449061482
2025-10-15T20:32:07.184Z,32.09,1.6,0.8333333333333334,450,15.60922473968597
2025-10-15T20:33:08.436Z,32.03,1.6,0.8333333333333334,450,15.613571598782148
2025-10-15T20:33:38.968Z,32.1,1.6,0.8333333333333334,450,15.608508624993469
2025-10-15T20:34:09.638Z,31.98,1.6,0.8333333333333334,450,15.617269449061482
2025-10-15T20:34:40.174Z,32.03,1.6,0.8333333333333334,450,15.613571598782148
2025-10-15T20:35:10.861Z,32.23,1.6,0.8333333333333334,450,15.599361525642463
2025-10-15T20:35:41.396Z,32.0,1.6,0.8333333333333334,450,15.615781284104987
2025-10-15T20:36:12.072Z,32.23,1.6,0.8333333333333334,450,15.599361525642463
2025-10-15T20:36:42.617Z,31.99,1.6,0.8333333333333334,450,15.616523804319467
2025-10-15T20:37:13.197Z,32.09,1.6,0.8333333333333334,450,15.60922473968597
2025-10-15T20:37:43.928Z,32.16,1.6,0.8333333333333334,450,15.60425390148143
2025-10-15T20:38:14.477Z,32.23,1.6,0.8333333333333334,450,15.599361525642463
2025-10-15T20:38:45.152Z,32.09,1.6,0.8333333333333334,450,15.60922473968597
2025-10-15T20:39:15.705Z,32.03,1.6,0.8333333333333334,450,15.613571598782148
2025-10-15T20:39:46.381Z,32.09,1.6,0.8333333333333334,450,15.60922473968597
2025-10-15T20:40:16.940Z,32.01,1.6,0.8333333333333334,450,15.615041801399851
2025-10-15T20:40:47.689Z,32.0,1.6,0.8333333333333334,450,15.615781284104987
2025-10-15T20:41:18.156Z,32.01,1.6,0.8333333333333334,450,15.615041801399851
2025-10-15T20:41:48.797Z,32.02,1.6,0.8333333333333334,450,15.61430526885239
2025-10-15T20:42:19.400Z,32.0,1.6,0.8333333333333334,450,15.615781284104987
2025-10-15T20:42:50.013Z,32.05,1.6,0.8333333333333334,450,15.612112493726023
2025-10-15T20:43:20.683Z,32.03,1.6,0.8333333333333334,450,15.613571598782148
2025-10-15T20:43:51.245Z,32.23,1.6,0.8333333333333334,450,15.599361525642463
2025-10-15T20:44:21.893Z,31.98,1.6,0.8333333333333334,450,15.617269449061482
2025-10-15T20:45:23.117Z,32.28,1.6,0.8333333333333334,450,15.595897368942737
2025-10-15T20:45:53.682Z,32.09,1.6,0.8333333333333334,450,15.60922473968597
2025-10-15T20:46:54.918Z,32.16,1.6,0.8333333333333334,450,15.60425390148143
2025-10-15T20:47:25.553Z,32.09,1.6,0.8333333333333334,450,15.60922473968597
2025-10-15T20:47:56.186Z,32.06,1.6,0.8333333333333334,450,15.611386881765306
2025-10-15T20:48:26.708Z,32.09,1.6,0.8333333333333334,450,15.60922473968597
2025-10-15T20:48:57.396Z,32.23,1.6,0.8333333333333334,450,15.599361525642463
2025-10-15T20:49:27.946Z,32.13,1.6,0.8333333333333334,450,15.60637281633582
2025-10-15T20:49:58.617Z,32.05,1.6,0.8333333333333334,450,15.612112493726023
2025-10-15T20:50:29.171Z,32.06,1.6,0.8333333333333334,450,15.611386881765306
2025-10-15T20:50:59.872Z,32.24,1.6,0.8333333333333334,450,15.598667168202779
2025-10-15T20:51:30.415Z,32.23,1.6,0.8333333333333334,450,15.599361525642463
2025-10-15T20:52:00.986Z,32.06,1.6,0.8333333333333334,450,15.611386881765306
2025-10-15T20:52:31.671Z,32.09,1.6,0.8333333333333334,450,15.60922473968597
2025-10-15T20:53:02.214Z,32.23,1.6,0.8333333333333334,450,15.599361525642463
2025-10-15T20:53:32.879Z,32.28,1.6,0.8333333333333334,450,15.595897368942737
2025-10-15T20:54:03.459Z,32.07,1.6,0.8333333333333334,450,15.610663778338264
2025-10-15T20:54:34.111Z,32.23,1.6,0.8333333333333334,450,15.599361525642463
2025-10-15T20:55:04.641Z,32.16,1.6,0.8333333333333334,450,15.60425390148143
2025-10-15T20:55:35.320Z,32.23,1.6,0.8333333333333334,450,15.599361525642463
2025-10-15T20:56:05.892Z,32.1,1.6,0.8333333333333334,450,15.608508624993469
2025-10-15T20:56:36.508Z,32.23,1.6,0.8333333333333334,450,15.599361525642463
2025-10-15T20:57:07.162Z,32.09,1.6,0.8333333333333334,450,15.60922473968597
2025-10-15T20:57:37.764Z,32.23,1.6,0.8333333333333334,450,15.599361525642463
2025-10-15T20:58:08.304Z,32.25,1.6,0.8333333333333334,450,15.597973668199039
2025-10-15T20:58:38.962Z,32.09,1.6,0.8333333333333334,450,15.60922473968597
2025-10-15T20:59:09.650Z,32.05,1.6,0.8333333333333334,450,15.612112493726023
2025-10-15T20:59:40.196Z,32.09,1.6,0.8333333333333334,450,15.60922473968597
2025-10-15T21:00:41.407Z,32.05,1.6,0.8333333333333334,450,15.612112493726023
2025-10-15T21:01:12.082Z,32.03,1.6,0.8333333333333334,450,15.613571598782148
2025-10-15T21:01:42.654Z,32.2,1.6,0.8333333333333334,450,15.601450681503096
2025-10-15T21:02:13.236Z,32.23,1.6,0.8333333333333334,450,15.599361525642463
2025-10-15T21:02:43.844Z,32.09,1.6,0.8333333333333334,450,15.60922473968597
2025-10-15T21:03:14.506Z,32.16,1.6,0.8333333333333334,450,15.60425390148143
2025-10-15T21:03:45.046Z,32.04,1.6,0.8333333333333334,450,15.61284070318261
2025-10-15T21:04:15.690Z,32.23,1.6,0.8333333333333334,450,15.599361525642463
2025-10-15T21:04:46.365Z,32.0,1.6,0.8333333333333334,450,15.615781284104987
2025-10-15T21:05:16.917Z,32.23,1.6,0.8333333333333334,450,15.599361525642463
2025-10-15T21:05:47.587Z,32.09,1.6,0.8333333333333334,450,15.60922473968597
2025-10-15T21:06:18.157Z,32.02,1.6,0.8333333333333334,450,15.61430526885239
2025-10-15T21:06:48.695Z,32.03,1.6,0.8333333333333334,450,15.613571598782148
2025-10-15T21:07:19.350Z,32.09,1.6,0.8333333333333334,450,15.60922473968597
2025-10-15T21:07:50.027Z,32.16,1.6,0.8333333333333334,450,15.60425390148143
2025-10-15T21:08:20.591Z,32.03,1.6,0.8333333333333334,450,15.613571598782148
2025-10-15T21:08:51.154Z,32.26,1.6,0.8333333333333334,450,15.597280931366065
2025-10-15T21:09:21.774Z,32.11,1.6,0.8333333333333334,450,15.607794659908947
2025-10-15T21:09:52.467Z,32.09,1.6,0.8333333333333334,450,15.60922473968597
2025-10-15T21:10:23.082Z,32.11,1.6,0.8333333333333334,450,15.607794659908947
2025-10-15T21:10:53.677Z,32.09,1.6,0.8333333333333334,450,15.60922473968597
2025-10-15T21:11:54.897Z,32.35,1.6,0.8333333333333334,450,15.591064971595193
2025-10-15T21:12:25.428Z,32.23,1.6,0.8333333333333334,450,15.599361525642463
2025-10-15T21:12:56.100Z,32.28,1.6,0.8333333333333334,450,15.595897368942737
2025-10-15T21:13:26.743Z,32.09,1.6,0.8333333333333334,450,15.60922473968597
2025-10-15T21:13:57.299Z,32.23,1.6,0.8333333333333334,450,15.599361525642463
2025-10-15T21:14:27.968Z,32.21,1.6,0.8333333333333334,450,15.600753188651183
2025-10-15T21:14:58.511Z,32.09,1.6,0.8333333333333334,450,15.60922473968597
2025-10-15T21:15:29.190Z,32.16,1.6,0.8333333333333334,450,15.60425390148143
2025-10-15T21:15:59.732Z,32.13,1.6,0.8333333333333334,450,15.60637281633582
2025-10-15T21:16:30.464Z,32.23,1.6,0.8333333333333334,450,15.599361525642463
2025-10-15T21:17:31.613Z,32.28,1.6,0.8333333333333334,450,15.595897368942737
2025-10-15T21:18:02.199Z,32.16,1.6,0.8333333333333334,450,15.60425390148143
2025-10-15T21:18:32.848Z,32.1,1.6,0.8333333333333334,450,15.608508624993469
2025-10-15T21:19:03.508Z,32.09,1.6,0.8333333333333334,450,15.60922473968597
2025-10-15T21:20:35.277Z,32.16,1.6,0.8333333333333334,450,15.60425390148143
2025-10-15T21:21:05.885Z,32.11,1.6,0.8333333333333334,450,15.607794659908947
2025-10-15T21:21:36.599Z,32.2,1.6,0.8333333333333334,450,15.601450681503096
2025-10-15T21:22:07.101Z,32.09,1.6,0.8333333333333334,450,15.60922473968597
2025-10-15T21:22:37.670Z,32.13,1.6,0.8333333333333334,450,15.60637281633582
2025-10-15T21:23:08.385Z,32.09,1.6,0.8333333333333334,450,15.60922473968597
2025-10-15T21:23:38.995Z,32.07,1.6,0.8333333333333334,450,15.610663778338264
2025-10-15T21:24:09.547Z,32.23,1.6,0.8333333333333334,450,15.599361525642463
2025-10-15T21:24:40.231Z,32.03,1.6,0.8333333333333334,450,15.613571598782148
2025-10-15T21:25:10.800Z,32.07,1.6,0.8333333333333334,450,15.610663778338264
2025-10-15T21:26:12.047Z,32.03,1.6,0.8333333333333334,450,15.613571598782148
2025-10-15T21:26:42.659Z,32.23,1.6,0.8333333333333334,450,15.599361525642463
2025-10-15T21:27:43.880Z,32.1,1.6,0.8333333333333334,450,15.608508624993469
2025-10-15T21:28:14.425Z,32.25,1.6,0.8333333333333334,450,15.597973668199039
2025-10-15T21:28:45.096Z,32.03,1.6,0.8333333333333334,450,15.613571598782148
2025-10-15T21:29:15.643Z,32.0,1.6,0.8333333333333334,450,15.615781284104987
2025-10-15T21:29:46.299Z,32.09,1.6,0.8333333333333334,450,15.60922473968597
2025-10-15T21:30:16.856Z,32.23,1.6,0.8333333333333334,450,15.599361525642463
2025-10-15T21:30:47.527Z,32.07,1.6,0.8333333333333334,450,15.610663778338264
2025-10-15T21:31:18.196Z,32.09,1.6,0.8333333333333334,450,15.60922473968597
2025-10-15T21:31:48.708Z,32.23,1.6,0.8333333333333334,450,15.599361525642463
2025-10-15T21:32:19.371Z,32.03,1.6,0.8333333333333334,450,15.613571598782148
2025-10-15T21:32:49.905Z,32.06,1.6,0.8333333333333334,450,15.611386881765306
2025-10-15T21:33:20.601Z,32.09,1.6,0.8333333333333334,450,15.60922473968597
2025-10-15T21:33:51.239Z,32.23,1.6,0.8333333333333334,450,15.599361525642463
2025-10-15T21:34:21.775Z,32.2,1.6,0.8333333333333334,450,15.601450681503096
2025-10-15T21:34:52.434Z,32.06,1.6,0.8333333333333334,450,15.611386881765306
2025-10-15T21:35:22.973Z,32.01,1.6,0.8333333333333334,450,15.615041801399851
2025-10-15T21:35:53.679Z,32.04,1.6,0.8333333333333334,450,15.61284070318261
2025-10-15T21:36:24.213Z,32.03,1.6,0.8333333333333334,450,15.613571598782148
2025-10-15T21:36:54.885Z,32.23,1.6,0.8333333333333334,450,15.599361525642463
2025-10-15T21:37:25.406Z,32.28,1.6,0.8333333333333334,450,15.595897368942737
2025-10-15T21:37:56.083Z,32.16,1.6,0.8333333333333334,450,15.60425390148143
2025-10-15T21:38:26.741Z,32.09,1.6,0.8333333333333334,450,15.60922473968597
2025-10-15T21:38:57.319Z,32.23,1.6,0.8333333333333334,450,15.599361525642463
2025-10-15T21:39:27.871Z,32.09,1.6,0.8333333333333334,450,15.60922473968597
2025-10-15T21:40:08.989Z,32.13,1.6,0.8333333333333334,450,15.60637281633582
2025-10-15T21:40:29.194Z,32.23,1.6,0.8333333333333334,450,15.599361525642463
2025-10-15T21:40:59.744Z,32.16,1.6,0.8333333333333334,450,15.60425390148143
2025-10-15T21:41:30.409Z,32.23,1.6,0.8333333333333334,450,15.599361525642463
2025-10-15T21:42:00.970Z,32.09,1.6,0.8333333333333334,450,15.60922473968597
2025-10-15T21:43:02.197Z,32.23,1.6,0.8333333333333334,450,15.599361525642463
2025-10-15T21:43:32.774Z,32.03,1.6,0.8333333333333334,450,15.613571598782148
2025-10-15T21:44:03.438Z,31.99,1.6,0.8333333333333334,450,15.616523804319467
2025-10-15T21:45:35.302Z,32.23,1.6,0.8333333333333334,450,15.599361525642463
2025-10-15T21:46:06.076Z,32.14,1.6,0.8333333333333334,450,15.605664756002959
2025-10-15T21:46:36.503Z,32.23,1.6,0.8333333333333334,450,15.599361525642463
2025-10-15T21:47:37.704Z,32.22,1.6,0.8333333333333334,450,15.600056834535799
2025-10-15T21:48:08.449Z,32.24,1.6,0.8333333333333334,450,15.598667168202779
2025-10-15T21:48:38.944Z,32.03,1.6,0.8333333333333334,450,15.613571598782148
2025-10-15T21:49:09.591Z,32.23,1.6,0.8333333333333334,450,15.599361525642463
2025-10-15T21:50:41.315Z,32.24,1.6,0.8333333333333334,450,15.598667168202779
2025-10-15T21:52:43.766Z,32.04,1.6,0.8333333333333334,450,15.61284070318261
2025-10-15T21:53:14.461Z,32.09,1.6,0.8333333333333334,450,15.60922473968597
2025-10-15T21:53:45.040Z,32.23,1.6,0.8333333333333334,450,15.599361525642463
2025-10-15T21:54:46.226Z,32.09,1.6,0.8333333333333334,450,15.60922473968597
2025-10-15T21:55:16.900Z,32.16,1.6,0.8333333333333334,450,15.60425390148143
2025-10-15T21:55:47.471Z,32.23,1.6,0.8333333333333334,450,15.599361525642463
2025-10-15T21:56:18.199Z,32.11,1.6,0.8333333333333334,450,15.607794659908947
2025-10-15T21:56:48.671Z,32.2,1.6,0.8333333333333334,450,15.601450681503096
2025-10-15T21:57:19.351Z,32.03,1.6,0.8333333333333334,450,15.613571598782148
2025-10-15T21:57:49.882Z,32.04,1.6,0.8333333333333334,450,15.61284070318261
2025-10-15T21:58:20.571Z,32.09,1.6,0.8333333333333334,450,15.60922473968597
2025-10-15T21:59:21.785Z,31.99,1.6,0.8333333333333334,450,15.616523804319467
2025-10-15T21:59:52.355Z,32.09,1.6,0.8333333333333334,450,15.60922473968597
2025-10-15T22:00:23.094Z,32.05,1.6,0.8333333333333334,450,15.612112493726023
2025-10-15T22:00:53.574Z,32.09,1.6,0.8333333333333334,450,15.60922473968597
2025-10-15T22:01:24.227Z,32.2,1.6,0.8333333333333334,450,15.601450681503096
2025-10-15T22:01:54.771Z,32.09,1.6,0.8333333333333334,450,15.60922473968597
2025-10-15T22:02:25.440Z,32.23,1.6,0.8333333333333334,450,15.599361525642463
2025-10-15T22:03:26.674Z,32.09,1.6,0.8333333333333334,450,15.60922473968597
2025-10-15T22:03:57.216Z,32.11,1.6,0.8333333333333334,450,15.607794659908947
2025-10-15T22:04:27.860Z,32.03,1.6,0.8333333333333334,450,15.613571598782148
2025-10-15T22:05:29.101Z,32.09,1.6,0.8333333333333334,450,15.60922473968597
2025-10-15T22:05:59.677Z,32.13,1.6,0.8333333333333334,450,15.60637281633582
2025-10-15T22:06:30.337Z,32.03,1.6,0.8333333333333334,450,15.613571598782148
2025-10-15T22:07:01.000Z,32.23,1.6,0.8333333333333334,450,15.599361525642463
2025-10-15T22:07:31.534Z,32.09,1.6,0.8333333333333334,450,15.60922473968597
2025-10-15T22:08:02.126Z,32.23,1.6,0.8333333333333334,450,15.599361525642463
2025-10-15T22:08:32.754Z,32.09,1.6,0.8333333333333334,450,15.60922473968597
2025-10-15T22:09:03.400Z,32.16,1.6,0.8333333333333334,450,15.60425390148143
2025-10-15T22:09:33.958Z,32.23,1.6,0.8333333333333334,450,15.599361525642463
2025-10-15T22:10:35.162Z,32.09,1.6,0.8333333333333334,450,15.60922473968597
2025-10-15T22:11:36.505Z,32.16,1.6,0.8333333333333334,450,15.60425390148143
2025-10-15T22:12:07.111Z,32.1,1.6,0.8333333333333334,450,15.608508624993469
2025-10-15T22:12:37.717Z,32.03,1.6,0.8333333333333334,450,15.613571598782148
2025-10-15T22:13:08.283Z,32.23,1.6,0.8333333333333334,450,15.599361525642463
2025-10-15T22:13:39.031Z,32.13,1.6,0.8333333333333334,450,15.60637281633582
2025-10-15T22:14:09.488Z,32.03,1.6,0.8333333333333334,450,15.613571598782148
2025-10-15T22:14:40.161Z,32.21,1.6,0.8333333333333334,450,15.600753188651183
2025-10-15T22:15:10.764Z,32.0,1.6,0.8333333333333334,450,15.615781284104987
2025-10-15T22:15:41.404Z,32.23,1.6,0.8333333333333334,450,15.599361525642463
2025-10-15T22:17:13.152Z,32.17,1.6,0.8333333333333334,450,15.603550923741018
2025-10-15T22:17:43.853Z,32.23,1.6,0.8333333333333334,450,15.599361525642463
2025-10-15T22:18:14.401Z,32.12,1.6,0.8333333333333334,450,15.607082753948676
2025-10-15T22:18:45.073Z,32.23,1.6,0.8333333333333334,450,15.599361525642463
2025-10-15T22:19:15.632Z,32.09,1.6,0.8333333333333334,450,15.60922473968597
2025-10-15T22:19:46.237Z,32.23,1.6,0.8333333333333334,450,15.599361525642463
2025-10-15T22:20:16.862Z,32.06,1.6,0.8333333333333334,450,15.611386881765306
2025-10-15T22:20:47.525Z,32.23,1.6,0.8333333333333334,450,15.599361525642463
2025-10-15T22:21:18.096Z,32.1,1.6,0.8333333333333334,450,15.608508624993469
2025-10-15T22:21:48.631Z,32.2,1.6,0.8333333333333334,450,15.601450681503096
2025-10-15T22:22:19.346Z,32.09,1.6,0.8333333333333334,450,15.60922473968597
2025-10-15T22:22:49.986Z,32.23,1.6,0.8333333333333334,450,15.599361525642463
2025-10-15T22:23:20.531Z,32.03,1.6,0.8333333333333334,450,15.613571598782148
2025-10-15T22:23:51.214Z,32.16,1.6,0.8333333333333334,450,15.60425390148143
2025-10-15T22:24:21.756Z,32.23,1.6,0.8333333333333334,450,15.599361525642463
2025-10-15T22:25:22.948Z,32.1,1.6,0.8333333333333334,450,15.608508624993469
2025-10-15T22:25:53.669Z,32.28,1.6,0.8333333333333334,450,15.595897368942737
2025-10-15T22:26:24.243Z,32.23,1.6,0.8333333333333334,450,15.599361525642463
2025-10-15T22:27:25.450Z,32.09,1.6,0.8333333333333334,450,15.60922473968597
2025-10-15T22:28:26.629Z,32.1,1.6,0.8333333333333334,450,15.608508624993469
2025-10-15T22:28:57.214Z,32.09,1.6,0.8333333333333334,450,15.60922473968597
2025-10-15T22:29:27.874Z,32.13,1.6,0.8333333333333334,450,15.60637281633582
2025-10-15T22:29:58.420Z,32.1,1.6,0.8333333333333334,450,15.608508624993469
2025-10-15T22:30:29.111Z,32.16,1.6,0.8333333333333334,450,15.60425390148143
2025-10-15T22:30:59.661Z,32.03,1.6,0.8333333333333334,450,15.613571598782148
2025-10-15T22:31:30.350Z,32.07,1.6,0.8333333333333334,450,15.610663778338264
2025-10-15T22:32:00.898Z,32.24,1.6,0.8333333333333334,450,15.598667168202779
2025-10-15T22:32:31.586Z,32.09,1.6,0.8333333333333334,450,15.60922473968597
2025-10-15T22:33:02.134Z,32.23,1.6,0.8333333333333334,450,15.599361525642463
2025-10-15T22:33:32.773Z,32.1,1.6,0.8333333333333334,450,15.608508624993469
2025-10-15T22:34:03.391Z,32.09,1.6,0.8333333333333334,450,15.60922473968597
2025-10-15T22:34:33.983Z,31.98,1.6,0.8333333333333334,450,15.617269449061482
2025-10-15T22:35:04.546Z,32.23,1.6,0.8333333333333334,450,15.599361525642463
2025-10-15T22:35:35.209Z,32.09,1.6,0.8333333333333334,450,15.60922473968597
2025-10-15T22:36:36.428Z,32.03,1.6,0.8333333333333334,450,15.613571598782148
2025-10-15T22:37:07.050Z,32.23,1.6,0.8333333333333334,450,15.599361525642463
2025-10-15T22:37:37.654Z,32.09,1.6,0.8333333333333334,450,15.60922473968597
2025-10-15T22:38:08.331Z,32.23,1.6,0.8333333333333334,450,15.599361525642463
2025-10-15T22:38:38.874Z,32.09,1.6,0.8333333333333334,450,15.60922473968597
2025-10-15T22:39:09.443Z,32.04,1.6,0.8333333333333334,450,15.61284070318261
2025-10-15T22:39:40.118Z,32.23,1.6,0.8333333333333334,450,15.599361525642463
2025-10-15T22:40:10.824Z,32.2,1.6,0.8333333333333334,450,15.601450681503096
2025-10-15T22:40:41.294Z,32.09,1.6,0.8333333333333334,450,15.60922473968597
2025-10-15T22:41:12.109Z,32.35,1.6,0.8333333333333334,450,15.591064971595193
2025-10-15T22:41:42.506Z,32.23,1.6,0.8333333333333334,450,15.599361525642463
2025-10-15T22:42:43.747Z,32.09,1.6,0.8333333333333334,450,15.60922473968597
2025-10-15T22:43:14.442Z,32.21,1.6,0.8333333333333334,450,15.600753188651183
2025-10-15T22:43:44.994Z,32.26,1.6,0.8333333333333334,450,15.597280931366065
2025-10-15T22:44:15.680Z,32.23,1.6,0.8333333333333334,450,15.599361525642463
2025-10-15T22:44:46.213Z,32.09,1.6,0.8333333333333334,450,15.60922473968597
2025-10-15T22:45:16.791Z,32.04,1.6,0.8333333333333334,450,15.61284070318261
2025-10-15T22:45:47.451Z,32.0,1.6,0.8333333333333334,450,15.615781284104987
2025-10-15T22:46:18.008Z,32.16,1.6,0.8333333333333334,450,15.60425390148143
2025-10-15T22:46:48.686Z,32.02,1.6,0.8333333333333334,450,15.61430526885239
2025-10-15T22:47:19.248Z,32.2,1.6,0.8333333333333334,450,15.601450681503096
2025-10-15T22:47:49.932Z,32.09,1.6,0.8333333333333334,450,15.60922473968597
2025-10-15T22:48:20.477Z,32.2,1.6,0.8333333333333334,450,15.601450681503096
2025-10-15T22:48:51.575Z,32.23,1.6,0.8333333333333334,450,15.599361525642463
2025-10-15T22:49:21.684Z,32.1,1.6,0.8333333333333334,450,15.608508624993469
2025-10-15T22:49:52.407Z,32.03,1.6,0.8333333333333334,450,15.613571598782148
2025-10-15T22:50:22.904Z,32.16,1.6,0.8333333333333334,450,15.60425390148143
2025-10-15T22:50:53.568Z,32.23,1.6,0.8333333333333334,450,15.599361525642463
2025-10-15T22:52:25.443Z,32.24,1.6,0.8333333333333334,450,15.598667168202779
2025-10-15T22:52:56.058Z,32.23,1.6,0.8333333333333334,450,15.599361525642463
2025-10-15T22:53:26.652Z,32.05,1.6,0.8333333333333334,450,15.612112493726023
2025-10-15T22:53:57.194Z,32.1,1.6,0.8333333333333334,450,15.608508624993469
2025-10-15T22:54:27.932Z,32.07,1.6,0.8333333333333334,450,15.610663778338264
2025-10-15T22:54:58.522Z,32.26,1.6,0.8333333333333334,450,15.597280931366065
2025-10-15T22:55:29.075Z,32.23,1.6,0.8333333333333334,450,15.599361525642463
2025-10-15T22:55:59.743Z,32.24,1.6,0.8333333333333334,450,15.598667168202779
2025-10-15T22:56:30.299Z,32.1,1.6,0.8333333333333334,450,15.608508624993469
2025-10-15T22:57:00.866Z,32.23,1.6,0.8333333333333334,450,15.599361525642463
2025-10-15T22:58:02.061Z,32.26,1.6,0.8333333333333334,450,15.597280931366065
2025-10-15T22:58:32.749Z,32.07,1.6,0.8333333333333334,450,15.610663778338264
2025-10-15T22:59:03.318Z,32.26,1.6,0.8333333333333334,450,15.597280931366065
2025-10-15T22:59:33.991Z,32.12,1.6,0.8333333333333334,450,15.607082753948676
2025-10-15T23:00:04.560Z,32.23,1.6,0.8333333333333334,450,15.599361525642463
2025-10-15T23:00:35.145Z,32.0,1.6,0.8333333333333334,450,15.615781284104987
2025-10-15T23:01:05.784Z,32.07,1.6,0.8333333333333334,450,15.610663778338264
2025-10-15T23:01:36.380Z,32.23,1.6,0.8333333333333334,450,15.599361525642463
2025-10-15T23:02:07.067Z,32.16,1.6,0.8333333333333334,450,15.60425390148143
2025-10-15T23:02:37.633Z,32.11,1.6,0.8333333333333334,450,15.607794659908947
2025-10-15T23:03:08.194Z,32.41,1.6,0.8333333333333334,450,15.586916647890781
2025-10-15T23:03:38.895Z,32.23,1.6,0.8333333333333334,450,15.599361525642463
2025-10-15T23:04:09.452Z,32.35,1.6,0.8333333333333334,450,15.591064971595193
2025-10-15T23:04:40.172Z,32.23,1.6,0.8333333333333334,450,15.599361525642463
2025-10-15T23:05:10.685Z,32.21,1.6,0.8333333333333334,450,15.600753188651183
2025-10-15T23:05:41.319Z,32.16,1.6,0.8333333333333334,450,15.60425390148143
2025-10-15T23:06:11.923Z,32.09,1.6,0.8333333333333334,450,15.60922473968597
2025-10-15T23:06:42.580Z,32.24,1.6,0.8333333333333334,450,15.598667168202779
2025-10-15T23:07:13.142Z,32.23,1.6,0.8333333333333334,450,15.599361525642463
2025-10-15T23:07:43.696Z,32.26,1.6,0.8333333333333334,450,15.597280931366065
2025-10-15T23:08:14.371Z,32.16,1.6,0.8333333333333334,450,15.60425390148143
2025-10-15T23:08:45.052Z,32.23,1.6,0.8333333333333334,450,15.599361525642463
2025-10-15T23:09:15.601Z,32.25,1.6,0.8333333333333334,450,15.597973668199039
2025-10-15T23:09:46.223Z,32.23,1.6,0.8333333333333334,450,15.599361525642463
2025-10-15T23:10:16.836Z,32.09,1.6,0.8333333333333334,450,15.60922473968597
2025-10-15T23:10:47.440Z,32.28,1.6,0.8333333333333334,450,15.595897368942737
2025-10-15T23:11:18.067Z,32.24,1.6,0.8333333333333334,450,15.598667168202779
2025-10-15T23:11:48.635Z,32.11,1.6,0.8333333333333334,450,15.607794659908947
2025-10-15T23:12:19.235Z,32.16,1.6,0.8333333333333334,450,15.60425390148143
2025-10-15T23:13:20.531Z,32.23,1.6,0.8333333333333334,450,15.599361525642463
2025-10-15T23:13:51.053Z,32.35,1.6,0.8333333333333334,450,15.591064971595193
2025-10-15T23:14:21.727Z,32.18,1.6,0.8333333333333334,450,15.60284945618458
2025-10-15T23:14:52.278Z,32.09,1.6,0.8333333333333334,450,15.60922473968597
2025-10-15T23:15:22.980Z,32.03,1.6,0.8333333333333334,450,15.613571598782148
2025-10-15T23:15:53.485Z,32.07,1.6,0.8333333333333334,450,15.610663778338264
2025-10-15T23:16:24.146Z,32.09,1.6,0.8333333333333334,450,15.60922473968597
2025-10-15T23:16:54.715Z,32.23,1.6,0.8333333333333334,450,15.599361525642463
2025-10-15T23:17:25.477Z,32.04,1.6,0.8333333333333334,450,15.61284070318261
2025-10-15T23:17:55.965Z,32.16,1.6,0.8333333333333334,450,15.60425390148143
2025-10-15T23:18:57.190Z,32.23,1.6,0.8333333333333334,450,15.599361525642463
2025-10-15T23:19:58.449Z,32.09,1.6,0.8333333333333334,450,15.60922473968597
2025-10-15T23:20:28.996Z,32.27,1.6,0.8333333333333334,450,15.596588863195677
2025-10-15T23:20:59.682Z,32.24,1.6,0.8333333333333334,450,15.598667168202779
2025-10-15T23:21:30.320Z,32.23,1.6,0.8333333333333334,450,15.599361525642463
2025-10-15T23:22:00.874Z,32.09,1.6,0.8333333333333334,450,15.60922473968597
2025-10-15T23:22:31.501Z,32.12,1.6,0.8333333333333334,450,15.607082753948676
2025-10-15T23:23:02.035Z,32.23,1.6,0.8333333333333334,450,15.599361525642463
2025-10-15T23:24:33.914Z,32.04,1.6,0.8333333333333334,450,15.61284070318261
2025-10-15T23:25:04.627Z,32.09,1.6,0.8333333333333334,450,15.60922473968597
2025-10-15T23:25:35.116Z,32.23,1.6,0.8333333333333334,450,15.599361525642463
2025-10-15T23:26:36.421Z,32.03,1.6,0.8333333333333334,450,15.613571598782148
2025-10-15T23:27:06.955Z,32.21,1.6,0.8333333333333334,450,15.600753188651183
2025-10-15T23:27:37.620Z,32.2,1.6,0.8333333333333334,450,15.601450681503096
2025-10-15T23:28:08.166Z,32.23,1.6,0.8333333333333334,450,15.599361525642463
2025-10-15T23:29:09.503Z,32.25,1.6,0.8333333333333334,450,15.597973668199039
2025-10-15T23:29:40.063Z,32.23,1.6,0.8333333333333334,450,15.599361525642463
2025-10-15T23:32:43.711Z,32.0,1.6,0.8333333333333334,450,15.615781284104987
2025-10-15T23:33:14.381Z,32.16,1.6,0.8333333333333334,450,15.60425390148143
2025-10-15T23:33:44.943Z,32.09,1.6,0.8333333333333334,450,15.60922473968597
2025-10-15T23:34:15.625Z,32.23,1.6,0.8333333333333334,450,15.599361525642463
2025-10-15T23:34:46.132Z,32.09,1.6,0.8333333333333334,450,15.60922473968597
2025-10-15T23:35:47.360Z,32.23,1.6,0.8333333333333334,450,15.599361525642463
2025-10-15T23:37:49.878Z,32.09,1.6,0.8333333333333334,450,15.60922473968597
2025-10-15T23:38:20.482Z,32.0,1.6,0.8333333333333334,450,15.615781284104987
2025-10-15T23:38:51.020Z,32.09,1.6,0.8333333333333334,450,15.60922473968597
2025-10-15T23:39:21.701Z,32.23,1.6,0.8333333333333334,450,15.599361525642463
2025-10-15T23:39:52.328Z,32.0,1.6,0.8333333333333334,450,15.615781284104987
2025-10-15T23:40:22.927Z,32.16,1.6,0.8333333333333334,450,15.60425390148143
2025-10-15T23:41:54.693Z,32.04,1.6,0.8333333333333334,450,15.61284070318261
2025-10-15T23:42:25.346Z,32.25,1.6,0.8333333333333334,450,15.597973668199039
2025-10-15T23:42:55.951Z,32.1,1.6,0.8333333333333334,450,15.608508624993469
2025-10-15T23:43:26.584Z,32.13,1.6,0.8333333333333334,450,15.60637281633582
2025-10-15T23:43:57.238Z,32.23,1.6,0.8333333333333334,450,15.599361525642463
2025-10-15T23:44:58.476Z,32.03,1.6,0.8333333333333334,450,15.613571598782148
2025-10-15T23:45:29.043Z,32.23,1.6,0.8333333333333334,450,15.599361525642463
2025-10-15T23:45:59.582Z,32.16,1.6,0.8333333333333334,450,15.60425390148143
2025-10-15T23:46:30.275Z,32.09,1.6,0.8333333333333334,450,15.60922473968597
2025-10-15T23:47:00.843Z,32.23,1.6,0.8333333333333334,450,15.599361525642463
2025-10-15T23:48:02.136Z,32.09,1.6,0.8333333333333334,450,15.60922473968597
2025-10-15T23:49:03.270Z,32.23,1.6,0.8333333333333334,450,15.599361525642463
2025-10-15T23:49:33.968Z,32.13,1.6,0.8333333333333334,450,15.60637281633582
2025-10-15T23:50:04.491Z,32.23,1.6,0.8333333333333334,450,15.599361525642463
2025-10-15T23:50:35.178Z,32.1,1.6,0.8333333333333334,450,15.608508624993469
2025-10-15T23:51:05.774Z,32.23,1.6,0.8333333333333334,450,15.599361525642463
2025-10-15T23:51:36.399Z,32.28,1.6,0.8333333333333334,450,15.595897368942737
2025-10-15T23:52:06.937Z,32.09,1.6,0.8333333333333334,450,15.60922473968597
2025-10-15T23:52:37.604Z,32.23,1.6,0.8333333333333334,450,15.599361525642463
2025-10-15T23:53:38.874Z,32.24,1.6,0.8333333333333334,450,15.598667168202779
2025-10-15T23:54:09.471Z,32.28,1.6,0.8333333333333334,450,15.595897368942737
2025-10-15T23:54:40.082Z,32.23,1.6,0.8333333333333334,450,15.599361525642463
2025-10-15T23:56:11.825Z,32.13,1.6,0.8333333333333334,450,15.60637281633582
2025-10-15T23:56:42.483Z,32.23,1.6,0.8333333333333334,450,15.599361525642463
2025-10-15T23:57:43.699Z,32.16,1.6,0.8333333333333334,450,15.60425390148143
2025-10-15T23:58:14.348Z,32.09,1.6,0.8333333333333334,450,15.60922473968597
2025-10-15T23:59:15.559Z,32.23,1.6,0.8333333333333334,450,15.599361525642463
2025-10-15T23:59:46.186Z,32.24,1.6,0.8333333333333334,450,15.598667168202779
2025-10-16T00:00:16.823Z,32.09,1.6,0.8333333333333334,450,15.60922473968597
2025-10-16T00:01:17.968Z,32.23,1.6,0.8333333333333334,450,15.599361525642463
2025-10-16T00:02:19.193Z,32.13,1.6,0.8333333333333334,450,15.60637281633582
2025-10-16T00:02:49.905Z,32.09,1.6,0.8333333333333334,450,15.60922473968597
2025-10-16T00:03:20.416Z,32.23,1.6,0.8333333333333334,450,15.599361525642463
2025-10-16T00:03:51.096Z,32.24,1.6,0.8333333333333334,450,15.598667168202779
2025-10-16T00:04:21.668Z,31.98,1.6,0.8333333333333334,450,15.617269449061482
2025-10-16T00:04:52.275Z,32.23,1.6,0.8333333333333334,450,15.599361525642463
2025-10-16T00:05:53.541Z,32.09,1.6,0.8333333333333334,450,15.60922473968597
2025-10-16T00:06:24.162Z,32.23,1.6,0.8333333333333334,450,15.599361525642463
2025-10-16T00:06:54.715Z,32.09,1.6,0.8333333333333334,450,15.60922473968597
2025-10-16T00:07:25.328Z,32.03,1.6,0.8333333333333334,450,15.613571598782148
2025-10-16T00:07:56.095Z,32.16,1.6,0.8333333333333334,450,15.60425390148143
2025-10-16T00:08:26.542Z,32.09,1.6,0.8333333333333334,450,15.60922473968597
2025-10-16T00:09:27.811Z,32.11,1.6,0.8333333333333334,450,15.607794659908947
2025-10-16T00:09:58.419Z,32.35,1.6,0.8333333333333334,450,15.591064971595193
2025-10-16T00:10:28.959Z,32.07,1.6,0.8333333333333334,450,15.610663778338264
2025-10-16T00:10:59.608Z,32.25,1.6,0.8333333333333334,450,15.597973668199039
2025-10-16T00:11:30.173Z,32.16,1.6,0.8333333333333334,450,15.60425390148143
2025-10-16T00:12:00.853Z,32.09,1.6,0.8333333333333334,450,15.60922473968597
2025-10-16T00:12:31.413Z,32.0,1.6,0.8333333333333334,450,15.615781284104987
2025-10-16T00:13:02.035Z,32.23,1.6,0.8333333333333334,450,15.599361525642463
2025-10-16T00:14:03.293Z,32.04,1.6,0.8333333333333334,450,15.61284070318261
2025-10-16T00:14:33.921Z,32.09,1.6,0.8333333333333334,450,15.60922473968597
2025-10-16T00:15:04.512Z,32.1,1.6,0.8333333333333334,450,15.608508624993469
2025-10-16T00:15:35.141Z,32.07,1.6,0.8333333333333334,450,15.610663778338264
2025-10-16T00:16:05.660Z,31.96,1.6,0.8333333333333334,450,15.618770458520377
2025-10-16T00:16:36.345Z,32.11,1.6,0.8333333333333334,450,15.607794659908947
2025-10-16T00:17:06.894Z,32.23,1.6,0.8333333333333334,450,15.599361525642463
2025-10-16T00:17:37.566Z,32.16,1.6,0.8333333333333334,450,15.60425390148143
2025-10-16T00:18:08.271Z,32.23,1.6,0.8333333333333334,450,15.599361525642463
2025-10-16T00:19:39.990Z,32.06,1.6,0.8333333333333334,450,15.611386881765306
2025-10-16T00:20:10.666Z,32.25,1.6,0.8333333333333334,450,15.597973668199039
2025-10-16T00:20:41.203Z,32.35,1.6,0.8333333333333334,450,15.591064971595193
2025-10-16T00:21:11.864Z,32.1,1.6,0.8333333333333334,450,15.608508624993469
2025-10-16T00:21:42.459Z,32.15,1.6,0.8333333333333334,450,15.604958481597134
2025-10-16T00:22:13.104Z,32.23,1.6,0.8333333333333334,450,15.599361525642463
2025-10-16T00:22:43.693Z,32.09,1.6,0.8333333333333334,450,15.60922473968597
2025-10-16T00:23:14.395Z,32.23,1.6,0.8333333333333334,450,15.599361525642463
2025-10-16T00:23:44.977Z,32.2,1.6,0.8333333333333334,450,15.601450681503096
2025-10-16T00:24:15.541Z,32.16,1.6,0.8333333333333334,450,15.60425390148143
2025-10-16T00:24:46.166Z,32.15,1.6,0.8333333333333334,450,15.604958481597134
2025-10-16T00:25:16.728Z,32.09,1.6,0.8333333333333334,450,15.60922473968597
2025-10-16T00:25:47.384Z,32.23,1.6,0.8333333333333334,450,15.599361525642463
2025-10-16T00:27:19.155Z,32.03,1.6,0.8333333333333334,450,15.613571598782148
2025-10-16T00:27:49.844Z,32.07,1.6,0.8333333333333334,450,15.610663778338264
2025-10-16T00:28:20.380Z,32.23,1.6,0.8333333333333334,450,15.599361525642463
2025-10-16T00:28:51.061Z,32.09,1.6,0.8333333333333334,450,15.60922473968597
2025-10-16T00:29:21.597Z,32.12,1.6,0.8333333333333334,450,15.607082753948676
2025-10-16T00:29:52.279Z,32.23,1.6,0.8333333333333334,450,15.599361525642463
2025-10-16T00:30:22.824Z,31.99,1.6,0.8333333333333334,450,15.616523804319467
2025-10-16T00:30:53.505Z,32.03,1.6,0.8333333333333334,450,15.613571598782148
2025-10-16T00:31:24.069Z,32.16,1.6,0.8333333333333334,450,15.60425390148143
2025-10-16T00:31:54.711Z,32.0,1.6,0.8333333333333334,450,15.615781284104987
2025-10-16T00:32:25.301Z,32.23,1.6,0.8333333333333334,450,15.599361525642463
2025-10-16T00:32:55.920Z,32.09,1.6,0.8333333333333334,450,15.60922473968597
2025-10-16T00:33:26.585Z,32.04,1.6,0.8333333333333334,450,15.61284070318261
2025-10-16T00:33:57.133Z,32.1,1.6,0.8333333333333334,450,15.608508624993469
2025-10-16T00:34:27.829Z,32.16,1.6,0.8333333333333334,450,15.60425390148143
2025-10-16T00:34:58.352Z,32.28,1.6,0.8333333333333334,450,15.595897368942737
2025-10-16T00:35:29.024Z,32.09,1.6,0.8333333333333334,450,15.60922473968597
2025-10-16T00:35:59.560Z,32.23,1.6,0.8333333333333334,450,15.599361525642463
2025-10-16T00:36:30.237Z,32.16,1.6,0.8333333333333334,450,15.60425390148143
2025-10-16T00:37:00.781Z,32.09,1.6,0.8333333333333334,450,15.60922473968597
2025-10-16T00:37:31.451Z,31.98,1.6,0.8333333333333334,450,15.617269449061482
2025-10-16T00:38:02.025Z,32.23,1.6,0.8333333333333334,450,15.599361525642463
2025-10-16T00:39:03.327Z,32.25,1.6,0.8333333333333334,450,15.597973668199039
2025-10-16T00:39:33.844Z,32.24,1.6,0.8333333333333334,450,15.598667168202779
2025-10-16T00:40:04.488Z,32.03,1.6,0.8333333333333334,450,15.613571598782148
2025-10-16T00:40:35.052Z,32.23,1.6,0.8333333333333334,450,15.599361525642463
2025-10-16T00:41:05.650Z,32.16,1.6,0.8333333333333334,450,15.60425390148143
2025-10-16T00:41:36.381Z,32.15,1.6,0.8333333333333334,450,15.604958481597134
2025-10-16T00:42:06.918Z,32.1,1.6,0.8333333333333334,450,15.608508624993469
2025-10-16T00:42:37.598Z,32.09,1.6,0.8333333333333334,450,15.60922473968597
2025-10-16T00:43:38.808Z,32.11,1.6,0.8333333333333334,450,15.607794659908947
2025-10-16T00:44:09.338Z,32.23,1.6,0.8333333333333334,450,15.599361525642463
2025-10-16T00:44:40.067Z,32.09,1.6,0.8333333333333334,450,15.60922473968597
2025-10-16T00:45:10.546Z,32.23,1.6,0.8333333333333334,450,15.599361525642463
2025-10-16T00:45:41.220Z,32.09,1.6,0.8333333333333334,450,15.60922473968597
2025-10-16T00:46:11.886Z,32.23,1.6,0.8333333333333334,450,15.599361525642463
2025-10-16T00:46:42.423Z,32.09,1.6,0.8333333333333334,450,15.60922473968597
2025-10-16T00:47:13.108Z,31.99,1.6,0.8333333333333334,450,15.616523804319467
2025-10-16T00:47:43.644Z,32.23,1.6,0.8333333333333334,450,15.599361525642463
2025-10-16T00:48:14.348Z,32.08,1.6,0.8333333333333334,450,15.609943094172337
2025-10-16T00:48:44.879Z,32.23,1.6,0.8333333333333334,450,15.599361525642463
2025-10-16T00:49:46.118Z,32.09,1.6,0.8333333333333334,450,15.60922473968597
2025-10-16T00:50:16.761Z,32.03,1.6,0.8333333333333334,450,15.613571598782148
2025-10-16T00:50:47.344Z,32.1,1.6,0.8333333333333334,450,15.608508624993469
2025-10-16T00:51:18.000Z,32.23,1.6,0.8333333333333334,450,15.599361525642463
2025-10-16T00:51:48.530Z,32.0,1.6,0.8333333333333334,450,15.615781284104987
2025-10-16T00:52:19.197Z,32.03,1.6,0.8333333333333334,450,15.613571598782148
2025-10-16T00:52:49.763Z,32.2,1.6,0.8333333333333334,450,15.601450681503096
2025-10-16T00:53:20.455Z,31.98,1.6,0.8333333333333334,450,15.617269449061482
2025-10-16T00:53:51.023Z,32.09,1.6,0.8333333333333334,450,15.60922473968597
2025-10-16T00:54:21.682Z,32.0,1.6,0.8333333333333334,450,15.615781284104987
2025-10-16T00:54:52.205Z,32.23,1.6,0.8333333333333334,450,15.599361525642463
2025-10-16T00:55:22.863Z,32.09,1.6,0.8333333333333334,450,15.60922473968597
2025-10-16T00:55:53.519Z,32.03,1.6,0.8333333333333334,450,15.613571598782148
2025-10-16T00:56:24.057Z,31.99,1.6,0.8333333333333334,450,15.616523804319467
2025-10-16T00:56:54.731Z,32.11,1.6,0.8333333333333334,450,15.607794659908947
2025-10-16T00:57:25.310Z,32.03,1.6,0.8333333333333334,450,15.613571598782148
2025-10-16T00:58:26.501Z,31.98,1.6,0.8333333333333334,450,15.617269449061482
2025-10-16T00:58:57.171Z,32.23,1.6,0.8333333333333334,450,15.599361525642463
2025-10-16T00:59:27.722Z,31.99,1.6,0.8333333333333334,450,15.616523804319467
2025-10-16T00:59:58.389Z,32.03,1.6,0.8333333333333334,450,15.613571598782148
2025-10-16T01:00:28.908Z,32.0,1.6,0.8333333333333334,450,15.615781284104987
2025-10-16T01:00:59.592Z,31.75,1.6,0.8333333333333334,450,15.635476537551035
2025-10-16T01:01:29.525Z,31.72,1.6,0.8333333333333334,450,15.638029600170732
2025-10-16T01:01:59.572Z,31.54,1.6,0.8333333333333334,450,15.654426823276626
2025-10-16T01:02:29.602Z,31.28,1.6,0.8333333333333334,450,15.682002099697202
2025-10-16T01:02:59.555Z,31.06,1.6,0.8333333333333334,450,15.709635979964952
2025-10-16T01:03:29.601Z,30.86,1.6,0.8333333333333334,450,15.73864788736415
2025-10-16T01:03:59.634Z,30.73,1.6,0.8333333333333334,450,15.759638486798808
2025-10-16T01:04:29.669Z,30.48,1.6,0.8333333333333334,450,15.804951666490297
2025-10-16T01:04:59.596Z,30.46,1.6,0.8333333333333334,450,15.808863063139086
2025-10-16T01:05:29.652Z,30.36,1.6,0.8333333333333334,450,15.829060658088515
2025-10-16T01:05:59.687Z,30.11,1.6,0.8333333333333334,450,15.884198913025834
2025-10-16T01:06:29.608Z,30.01,1.6,0.8333333333333334,450,15.908077198101882
2025-10-16T01:06:59.714Z,30.0,1.6,0.8333333333333334,450,15.910520913448664
2025-10-16T01:07:29.690Z,29.79,1.6,0.8333333333333334,450,15.96410904980372
2025-10-16T01:07:59.624Z,29.67,1.6,0.8333333333333334,450,15.996589295805856
2025-10-16T01:08:29.690Z,29.68,1.6,0.8333333333333334,450,15.993833600721366
2025-10-16T01:08:59.641Z,29.49,1.6,0.8333333333333334,450,16.047624573083812
2025-10-16T01:09:29.744Z,29.37,1.6,0.8333333333333334,450,16.08304455153244
2025-10-16T01:09:59.663Z,29.24,1.6,0.8333333333333334,450,16.122520706162753
2025-10-16T01:10:59.683Z,29.04,1.6,0.8333333333333334,450,16.18511689976298
2025-10-16T01:11:29.804Z,28.93,1.6,0.8333333333333334,450,16.22029601694134
2025-10-16T01:11:59.688Z,28.87,1.6,0.8333333333333334,450,16.239651860810035
2025-10-16T01:12:30.023Z,28.75,1.6,0.8333333333333334,450,16.278615928101793
2025-10-16T01:12:59.680Z,28.61,1.6,0.8333333333333334,450,16.3243005621705
2025-10-16T01:13:29.736Z,28.55,1.6,0.8333333333333334,450,16.343886301557255
2025-10-16T01:13:59.798Z,28.53,1.6,0.8333333333333334,450,16.35040932787621
2025-10-16T01:14:29.707Z,28.41,1.6,0.8333333333333334,450,16.38942606982269
2025-10-16T01:14:59.785Z,28.5,1.6,0.8333333333333334,450,16.36018558266533
2025-10-16T01:15:59.769Z,28.38,1.6,0.8333333333333334,450,16.39913312927527
2025-10-16T01:16:29.714Z,28.17,1.6,0.8333333333333334,450,16.466200190457762
2025-10-16T01:16:59.759Z,28.12,1.6,0.8333333333333334,450,16.48186569232924
2025-10-16T01:17:29.819Z,28.06,1.6,0.8333333333333334,450,16.500467756528362
2025-10-16T01:17:59.743Z,28.0,1.6,0.8333333333333334,450,16.518830299150963
2025-10-16T01:18:29.779Z,28.02,1.6,0.8333333333333334,450,16.512737713272017
2025-10-16T01:18:59.827Z,27.88,1.6,0.8333333333333334,450,16.554729707576882
2025-10-16T01:19:29.864Z,27.78,1.6,0.8333333333333334,450,16.58367694101465
2025-10-16T01:19:59.788Z,27.88,1.6,0.8333333333333334,450,16.554729707576882
2025-10-16T01:20:29.824Z,27.81,1.6,0.8333333333333334,450,16.5750935703247
2025-10-16T01:20:59.792Z,27.88,1.6,0.8333333333333334,450,16.554729707576882
2025-10-16T01:21:29.822Z,27.76,1.6,0.8333333333333334,450,16.589348687005774
2025-10-16T01:21:59.862Z,27.74,1.6,0.8333333333333334,450,16.594978864961398
2025-10-16T01:22:29.797Z,27.56,1.6,0.8333333333333334,450,16.643615159839612
2025-10-16T01:23:59.880Z,27.47,1.6,0.8333333333333334,450,16.666413555339737
2025-10-16T01:24:59.859Z,27.49,1.6,0.8333333333333334,450,16.661442009920616
2025-10-16T01:25:29.891Z,27.38,1.6,0.8333333333333334,450,16.688079071265015
2025-10-16T01:26:29.882Z,27.32,1.6,0.8333333333333334,450,16.70184963171448
2025-10-16T01:26:59.895Z,27.24,1.6,0.8333333333333334,450,16.719321276821596
2025-10-16T01:27:30.062Z,27.26,1.6,0.8333333333333334,450,16.71505147220223
2025-10-16T01:28:29.928Z,27.03,1.6,0.8333333333333334,450,16.759934411402888
2025-10-16T01:28:59.978Z,27.21,1.6,0.8333333333333334,450,16.72560012071638
2025-10-16T01:29:29.950Z,27.26,1.6,0.8333333333333334,450,16.71505147220223
2025-10-16T01:29:59.954Z,27.0,1.6,0.8333333333333334,450,16.76507182658964
2025-10-16T01:30:30.016Z,27.03,1.6,0.8333333333333334,450,16.759934411402888
2025-10-16T01:30:59.957Z,27.07,1.6,0.8333333333333334,450,16.752817246535777
2025-10-16T01:31:30.108Z,26.95,1.6,0.8333333333333334,450,16.773243626393512
2025-10-16T01:31:59.936Z,26.77,1.6,0.8333333333333334,450,16.79842963608707
2025-10-16T01:32:30.000Z,26.95,1.6,0.8333333333333334,450,16.773243626393512
2025-10-16T01:32:59.935Z,26.88,1.6,0.8333333333333334,450,16.783841456919006
2025-10-16T01:33:29.990Z,26.81,1.6,0.8333333333333334,450,16.793423618654302
2025-10-16T01:34:29.964Z,26.73,1.6,0.8333333333333334,450,16.80308623399101
2025-10-16T01:35:00.011Z,26.88,1.6,0.8333333333333334,450,16.783841456919006
2025-10-16T01:35:30.061Z,26.79,1.6,0.8333333333333334,450,16.795969911174044
2025-10-16T01:35:59.990Z,26.88,1.6,0.8333333333333334,450,16.783841456919006
2025-10-16T01:36:30.143Z,26.73,1.6,0.8333333333333334,450,16.80308623399101
2025-10-16T01:37:00.148Z,26.63,1.6,0.8333333333333334,450,16.81315856056819
2025-10-16T01:37:29.982Z,26.78,1.6,0.8333333333333334,450,16.797210644103416
2025-10-16T01:38:00.036Z,26.73,1.6,0.8333333333333334,450,16.80308623399101
2025-10-16T01:38:30.097Z,26.7,1.6,0.8333333333333334,450,16.806345631633526
2025-10-16T01:39:30.096Z,26.51,1.6,0.8333333333333334,450,16.82218082427373
2025-10-16T01:40:00.025Z,26.64,1.6,0.8333333333333334,450,16.812254037187707
2025-10-16T01:40:30.077Z,26.5,1.6,0.8333333333333334,450,16.822777370184678
2025-10-16T01:41:00.123Z,26.63,1.6,0.8333333333333334,450,16.81315856056819
2025-10-16T01:41:30.118Z,26.57,1.6,0.8333333333333334,450,16.81809616653481
2025-10-16T01:42:00.108Z,26.56,1.6,0.8333333333333334,450,16.818836682477016
2025-10-16T01:42:30.048Z,26.5,1.6,0.8333333333333334,450,16.822777370184678
2025-10-16T01:43:00.103Z,26.45,1.6,0.8333333333333334,450,16.825394115295676
2025-10-16T01:43:30.148Z,26.48,1.6,0.8333333333333334,450,16.823897510767132
2025-10-16T01:44:00.076Z,26.45,1.6,0.8333333333333334,450,16.825394115295676
2025-10-16T01:44:30.225Z,26.48,1.6,0.8333333333333334,450,16.823897510767132
2025-10-16T01:45:00.166Z,26.32,1.6,0.8333333333333334,450,16.829284203131593
2025-10-16T01:45:30.111Z,26.29,1.6,0.8333333333333334,450,16.82957156764368
2025-10-16T01:46:00.250Z,26.39,1.6,0.8333333333333334,450,16.82771842432157
2025-10-16T01:46:30.209Z,26.29,1.6,0.8333333333333334,450,16.82957156764368
2025-10-16T01:47:00.144Z,26.26,1.6,0.8333333333333334,450,16.8296259678948
2025-10-16T01:47:30.115Z,26.39,1.6,0.8333333333333334,450,16.82771842432157
2025-10-16T01:48:00.124Z,26.26,1.6,0.8333333333333334,450,16.8296259678948
2025-10-16T01:49:00.129Z,26.39,1.6,0.8333333333333334,450,16.82771842432157
2025-10-16T01:49:30.198Z,26.26,1.6,0.8333333333333334,450,16.8296259678948
2025-10-16T01:50:00.242Z,26.07,1.6,0.8333333333333334,450,16.8244474611868
2025-10-16T01:50:30.164Z,26.14,1.6,0.8333333333333334,450,16.827478174304424
2025-10-16T01:51:00.201Z,26.12,1.6,0.8333333333333334,450,16.826747293262542
2025-10-16T01:51:30.242Z,26.08,1.6,0.8333333333333334,450,16.824961662878568
2025-10-16T01:52:00.173Z,26.02,1.6,0.8333333333333334,450,16.821467047457247
2025-10-16T01:52:30.153Z,26.01,1.6,0.8333333333333334,450,16.820788728902095
2025-10-16T01:53:00.252Z,26.12,1.6,0.8333333333333334,450,16.826747293262542
2025-10-16T01:53:30.235Z,26.13,1.6,0.8333333333333334,450,16.82712618141011
2025-10-16T01:54:00.250Z,26.26,1.6,0.8333333333333334,450,16.8296259678948
2025-10-16T01:54:30.204Z,26.02,1.6,0.8333333333333334,450,16.821467047457247
2025-10-16T01:55:00.252Z,26.07,1.6,0.8333333333333334,450,16.8244474611868
2025-10-16T01:55:30.328Z,26.04,1.6,0.8333333333333334,450,16.822741299063342
2025-10-16T01:56:00.254Z,25.98,1.6,0.8333333333333334,450,16.818588424688237
2025-10-16T01:56:30.325Z,26.01,1.6,0.8333333333333334,450,16.820788728902095
2025-10-16T01:57:30.252Z,25.87,1.6,0.8333333333333334,450,16.808381445081828
2025-10-16T01:58:00.249Z,26.01,1.6,0.8333333333333334,450,16.820788728902095
2025-10-16T01:59:00.351Z,25.95,1.6,0.8333333333333334,450,16.816139124435892
2025-10-16T01:59:30.303Z,26.01,1.6,0.8333333333333334,450,16.820788728902095
2025-10-16T02:00:00.369Z,25.95,1.6,0.8333333333333334,450,16.816139124435892
2025-10-16T02:00:30.321Z,25.98,1.6,0.8333333333333334,450,16.818588424688237
2025-10-16T02:01:00.347Z,25.88,1.6,0.8333333333333334,450,16.80944916946444
2025-10-16T02:01:30.398Z,25.92,1.6,0.8333333333333334,450,16.81343963085262
2025-10-16T02:02:00.317Z,25.74,1.6,0.8333333333333334,450,16.7919298695544
2025-10-16T02:02:30.353Z,25.81,1.6,0.8333333333333334,450,16.801383364480966
2025-10-16T02:03:00.408Z,25.82,1.6,0.8333333333333334,450,16.80262032846096
2025-10-16T02:03:30.352Z,25.8,1.6,0.8333333333333334,450,16.800118076937313
2025-10-16T02:04:00.403Z,25.76,1.6,0.8333333333333334,450,16.794773080073327
2025-10-16T02:04:30.345Z,25.89,1.6,0.8333333333333334,450,16.810488811979177
2025-10-16T02:05:00.396Z,25.74,1.6,0.8333333333333334,450,16.7919298695544
2025-10-16T02:05:30.436Z,25.63,1.6,0.8333333333333334,450,16.774247753829492
2025-10-16T02:06:00.341Z,25.76,1.6,0.8333333333333334,450,16.794773080073327
2025-10-16T02:06:30.397Z,25.57,1.6,0.8333333333333334,450,16.763138197226304
2025-10-16T02:07:00.465Z,25.77,1.6,0.8333333333333334,450,16.796151965288313
2025-10-16T02:07:30.402Z,25.75,1.6,0.8333333333333334,450,16.793365723812613
2025-10-16T02:08:00.442Z,25.76,1.6,0.8333333333333334,450,16.794773080073327
2025-10-16T02:08:30.373Z,25.63,1.6,0.8333333333333334,450,16.774247753829492
2025-10-16T02:09:30.493Z,25.74,1.6,0.8333333333333334,450,16.7919298695544
2025-10-16T02:10:00.410Z,25.63,1.6,0.8333333333333334,450,16.774247753829492
2025-10-16T02:11:00.438Z,25.75,1.6,0.8333333333333334,450,16.793365723812613
2025-10-16T02:11:30.485Z,25.58,1.6,0.8333333333333334,450,16.765061807620015
2025-10-16T02:12:00.418Z,25.63,1.6,0.8333333333333334,450,16.774247753829492
2025-10-16T02:12:30.484Z,25.7,1.6,0.8333333333333334,450,16.785900963376733
2025-10-16T02:13:00.552Z,25.66,1.6,0.8333333333333334,450,16.77941415554307
2025-10-16T02:13:30.475Z,25.75,1.6,0.8333333333333334,450,16.793365723812613
2025-10-16T02:14:00.519Z,25.62,1.6,0.8333333333333334,450,16.77246813359494
2025-10-16T02:14:30.563Z,25.54,1.6,0.8333333333333334,450,16.75719431194633
2025-10-16T02:15:00.500Z,25.62,1.6,0.8333333333333334,450,16.77246813359494
2025-10-16T02:15:30.539Z,25.73,1.6,0.8333333333333334,450,16.790465491198827
2025-10-16T02:16:00.474Z,25.55,1.6,0.8333333333333334,450,16.75920445938972
2025-10-16T02:16:30.537Z,25.46,1.6,0.8333333333333334,450,16.740073479212235
2025-10-16T02:17:00.578Z,25.52,1.6,0.8333333333333334,450,16.75308741665031
2025-10-16T02:17:30.522Z,25.53,1.6,0.8333333333333334,450,16.755155300294103
2025-10-16T02:18:00.544Z,25.52,1.6,0.8333333333333334,450,16.75308741665031
2025-10-16T02:21:00.684Z,25.36,1.6,0.8333333333333334,450,16.71607179521728
2025-10-16T02:21:30.649Z,25.52,1.6,0.8333333333333334,450,16.75308741665031
2025-10-16T02:23:00.660Z,25.31,1.6,0.8333333333333334,450,16.702988140356297
2025-10-16T02:23:30.592Z,25.42,1.6,0.8333333333333334,450,16.730819545350283
2025-10-16T02:24:00.678Z,25.52,1.6,0.8333333333333334,450,16.75308741665031
2025-10-16T02:24:30.616Z,25.32,1.6,0.8333333333333334,450,16.705662549403257
2025-10-16T02:25:00.644Z,25.39,1.6,0.8333333333333334,450,16.723575659484382
2025-10-16T02:25:30.699Z,25.52,1.6,0.8333333333333334,450,16.75308741665031
2025-10-16T02:26:00.621Z,25.39,1.6,0.8333333333333334,450,16.723575659484382
2025-10-16T02:26:30.672Z,25.27,1.6,0.8333333333333334,450,16.692002474313075
2025-10-16T02:27:00.715Z,25.39,1.6,0.8333333333333334,450,16.723575659484382
2025-10-16T02:27:30.613Z,25.48,1.6,0.8333333333333334,450,16.744527037612023
2025-10-16T02:28:00.720Z,25.39,1.6,0.8333333333333334,450,16.723575659484382
2025-10-16T02:29:00.709Z,25.27,1.6,0.8333333333333334,450,16.692002474313075
2025-10-16T02:29:30.654Z,25.28,1.6,0.8333333333333334,450,16.69479206763029
2025-10-16T02:30:00.693Z,25.29,1.6,0.8333333333333334,450,16.697552886089177
2025-10-16T02:30:30.733Z,25.27,1.6,0.8333333333333334,450,16.692002474313075
2025-10-16T02:31:00.771Z,25.29,1.6,0.8333333333333334,450,16.697552886089177
2025-10-16T02:31:30.696Z,25.27,1.6,0.8333333333333334,450,16.692002474313075
2025-10-16T02:33:00.752Z,25.32,1.6,0.8333333333333334,450,16.705662549403257
2025-10-16T02:33:30.785Z,25.27,1.6,0.8333333333333334,450,16.692002474313075
2025-10-16T02:34:00.722Z,25.26,1.6,0.8333333333333334,450,16.689184121794007
2025-10-16T02:34:30.769Z,25.13,1.6,0.8333333333333334,450,16.64993723555315
2025-10-16T02:35:00.810Z,25.27,1.6,0.8333333333333334,450,16.692002474313075
2025-10-16T02:36:30.758Z,25.25,1.6,0.8333333333333334,450,16.68633702664171
2025-10-16T02:37:00.819Z,25.14,1.6,0.8333333333333334,450,16.653127617853638
2025-10-16T02:40:00.769Z,25.07,1.6,0.8333333333333334,450,16.63019867303844
2025-10-16T02:40:30.858Z,25.15,1.6,0.8333333333333334,450,16.656289527526013
2025-10-16T02:41:00.792Z,25.14,1.6,0.8333333333333334,450,16.653127617853638
2025-10-16T02:41:30.938Z,25.01,1.6,0.8333333333333334,450,16.609443048655066
2025-10-16T02:42:00.968Z,25.07,1.6,0.8333333333333334,450,16.63019867303844
2025-10-16T02:42:30.856Z,25.01,1.6,0.8333333333333334,450,16.609443048655066
2025-10-16T02:43:00.872Z,25.04,1.6,0.8333333333333334,450,16.619947520298098
2025-10-16T02:43:30.935Z,25.07,1.6,0.8333333333333334,450,16.63019867303844
2025-10-16T02:44:30.897Z,25.02,1.6,0.8333333333333334,450,16.61297262313761
2025-10-16T02:45:00.947Z,25.08,1.6,0.8333333333333334,450,16.633559261936135
2025-10-16T02:45:30.886Z,25.14,1.6,0.8333333333333334,450,16.653127617853638
2025-10-16T02:46:30.876Z,25.01,1.6,0.8333333333333334,450,16.609443048655066
2025-10-16T02:47:00.933Z,25.07,1.6,0.8333333333333334,450,16.63019867303844
2025-10-16T02:47:30.863Z,24.99,1.6,0.8333333333333334,450,16.60229984482731
2025-10-16T02:48:00.888Z,25.03,1.6,0.8333333333333334,450,16.616474126511
2025-10-16T02:49:01.006Z,25.02,1.6,0.8333333333333334,450,16.61297262313761
2025-10-16T02:49:30.948Z,24.96,1.6,0.8333333333333334,450,16.59137552004901
2025-10-16T02:50:01.079Z,25.08,1.6,0.8333333333333334,450,16.633559261936135
2025-10-16T02:50:30.936Z,25.03,1.6,0.8333333333333334,450,16.616474126511
2025-10-16T02:51:00.977Z,24.94,1.6,0.8333333333333334,450,16.583953459473804
2025-10-16T02:51:31.085Z,24.97,1.6,0.8333333333333334,450,16.59504484105423
2025-10-16T02:52:00.961Z,25.07,1.6,0.8333333333333334,450,16.63019867303844
2025-10-16T02:52:30.946Z,25.0,1.6,0.8333333333333334,450,16.605885442452283
2025-10-16T02:53:01.061Z,24.79,1.6,0.8333333333333334,450,16.524779787798035
2025-10-16T02:53:30.977Z,24.92,1.6,0.8333333333333334,450,16.57642047762107
2025-10-16T02:54:01.049Z,24.96,1.6,0.8333333333333334,450,16.59137552004901
2025-10-16T02:54:30.998Z,25.01,1.6,0.8333333333333334,450,16.609443048655066
2025-10-16T02:55:01.129Z,25.0,1.6,0.8333333333333334,450,16.605885442452283
2025-10-16T02:55:31.080Z,24.93,1.6,0.8333333333333334,450,16.58020081049292
2025-10-16T02:56:01.177Z,24.92,1.6,0.8333333333333334,450,16.57642047762107
2025-10-16T02:56:31.010Z,24.96,1.6,0.8333333333333334,450,16.59137552004901
2025-10-16T02:57:01.167Z,24.9,1.6,0.8333333333333334,450,16.56877695134694
2025-10-16T02:58:01.072Z,24.96,1.6,0.8333333333333334,450,16.59137552004901
2025-10-16T02:58:31.167Z,24.93,1.6,0.8333333333333334,450,16.58020081049292
2025-10-16T02:59:01.044Z,24.9,1.6,0.8333333333333334,450,16.56877695134694
2025-10-16T02:59:31.120Z,24.77,1.6,0.8333333333333334,450,16.51642790530377
2025-10-16T03:00:01.066Z,24.9,1.6,0.8333333333333334,450,16.56877695134694
2025-10-16T03:01:01.168Z,24.77,1.6,0.8333333333333334,450,16.51642790530377
2025-10-16T03:01:31.159Z,24.9,1.6,0.8333333333333334,450,16.56877695134694
2025-10-16T03:02:31.171Z,24.79,1.6,0.8333333333333334,450,16.524779787798035
2025-10-16T03:03:01.171Z,24.83,1.6,0.8333333333333334,450,16.541159852093354
2025-10-16T03:03:31.086Z,24.99,1.6,0.8333333333333334,450,16.60229984482731
2025-10-16T03:04:01.183Z,24.79,1.6,0.8333333333333334,450,16.524779787798035
2025-10-16T03:04:31.179Z,24.9,1.6,0.8333333333333334,450,16.56877695134694
2025-10-16T03:07:01.170Z,24.91,1.6,0.8333333333333334,450,16.572612508418068
2025-10-16T03:07:31.262Z,24.9,1.6,0.8333333333333334,450,16.56877695134694
2025-10-16T03:08:01.168Z,24.81,1.6,0.8333333333333334,450,16.533023926854295
2025-10-16T03:08:31.184Z,24.83,1.6,0.8333333333333334,450,16.541159852093354
2025-10-16T03:09:01.248Z,24.9,1.6,0.8333333333333334,450,16.56877695134694
2025-10-16T03:09:31.199Z,24.96,1.6,0.8333333333333334,450,16.59137552004901
2025-10-16T03:10:01.239Z,24.76,1.6,0.8333333333333334,450,16.512211711160553
2025-10-16T03:11:01.220Z,24.8,1.6,0.8333333333333334,450,16.528915354988953
2025-10-16T03:11:31.283Z,24.76,1.6,0.8333333333333334,450,16.512211711160553
2025-10-16T03:12:31.235Z,24.63,1.6,0.8333333333333334,450,16.454990406613184
2025-10-16T03:13:01.283Z,24.78,1.6,0.8333333333333334,450,16.52061728452453
2025-10-16T03:13:31.230Z,24.71,1.6,0.8333333333333334,450,16.49073071459621
2025-10-16T03:14:01.280Z,24.67,1.6,0.8333333333333334,450,16.473069800177335
2025-10-16T03:15:01.254Z,24.83,1.6,0.8333333333333334,450,16.541159852093354
2025-10-16T03:15:31.310Z,24.79,1.6,0.8333333333333334,450,16.524779787798035
2025-10-16T03:16:01.346Z,24.76,1.6,0.8333333333333334,450,16.512211711160553
2025-10-16T03:16:31.314Z,24.71,1.6,0.8333333333333334,450,16.49073071459621
2025-10-16T03:17:01.365Z,24.58,1.6,0.8333333333333334,450,16.431809721749584
2025-10-16T03:17:31.282Z,24.79,1.6,0.8333333333333334,450,16.524779787798035
2025-10-16T03:18:01.278Z,24.64,1.6,0.8333333333333334,450,16.45954923914885
2025-10-16T03:18:31.344Z,24.7,1.6,0.8333333333333334,450,16.486354962100513
2025-10-16T03:19:01.346Z,24.58,1.6,0.8333333333333334,450,16.431809721749584
2025-10-16T03:19:31.343Z,24.82,1.6,0.8333333333333334,450,16.537105445041476
2025-10-16T03:20:01.377Z,24.58,1.6,0.8333333333333334,450,16.431809721749584
2025-10-16T03:20:31.314Z,24.76,1.6,0.8333333333333334,450,16.512211711160553
2025-10-16T03:21:31.519Z,24.71,1.6,0.8333333333333334,450,16.49073071459621
2025-10-16T03:22:01.381Z,24.64,1.6,0.8333333333333334,450,16.45954923914885
2025-10-16T03:22:31.461Z,24.74,1.6,0.8333333333333334,450,16.50369912664736
2025-10-16T03:23:31.380Z,24.71,1.6,0.8333333333333334,450,16.49073071459621
2025-10-16T03:24:01.442Z,24.76,1.6,0.8333333333333334,450,16.512211711160553
2025-10-16T03:24:31.363Z,24.71,1.6,0.8333333333333334,450,16.49073071459621
2025-10-16T03:25:01.458Z,24.62,1.6,0.8333333333333334,450,16.450405706139303
2025-10-16T03:25:31.457Z,24.64,1.6,0.8333333333333334,450,16.45954923914885
2025-10-16T03:26:01.363Z,24.58,1.6,0.8333333333333334,450,16.431809721749584
2025-10-16T03:26:31.435Z,24.54,1.6,0.8333333333333334,450,16.41280594125893
2025-10-16T03:27:01.493Z,24.62,1.6,0.8333333333333334,450,16.450405706139303
2025-10-16T03:27:31.396Z,24.7,1.6,0.8333333333333334,450,16.486354962100513
2025-10-16T03:28:01.448Z,24.49,1.6,0.8333333333333334,450,16.38848555160547
2025-10-16T03:28:31.506Z,24.65,1.6,0.8333333333333334,450,16.464082130417037
2025-10-16T03:29:01.433Z,24.66,1.6,0.8333333333333334,450,16.468589007957394
2025-10-16T03:29:31.478Z,24.63,1.6,0.8333333333333334,450,16.454990406613184
2025-10-16T03:30:01.469Z,24.64,1.6,0.8333333333333334,450,16.45954923914885
2025-10-16T03:30:31.450Z,24.71,1.6,0.8333333333333334,450,16.49073071459621
2025-10-16T03:31:01.462Z,24.58,1.6,0.8333333333333334,450,16.431809721749584
2025-10-16T03:31:31.431Z,24.54,1.6,0.8333333333333334,450,16.41280594125893
2025-10-16T03:32:01.475Z,24.65,1.6,0.8333333333333334,450,16.464082130417037
2025-10-16T03:32:31.519Z,24.67,1.6,0.8333333333333334,450,16.473069800177335
2025-10-16T03:33:01.461Z,24.64,1.6,0.8333333333333334,450,16.45954923914885
2025-10-16T03:33:31.508Z,24.54,1.6,0.8333333333333334,450,16.41280594125893
2025-10-16T03:34:01.550Z,24.64,1.6,0.8333333333333334,450,16.45954923914885
2025-10-16T03:35:01.535Z,24.56,1.6,0.8333333333333334,450,16.422358492017743
2025-10-16T03:35:31.567Z,24.46,1.6,0.8333333333333334,450,16.37359563286208
2025-10-16T03:36:01.484Z,24.51,1.6,0.8333333333333334,450,16.398288553019054
2025-10-16T03:36:31.564Z,24.59,1.6,0.8333333333333334,450,16.436497143374705
2025-10-16T03:37:01.506Z,24.52,1.6,0.8333333333333334,450,16.40315271455047
2025-10-16T03:38:01.600Z,24.49,1.6,0.8333333333333334,450,16.38848555160547
2025-10-16T03:38:31.567Z,24.71,1.6,0.8333333333333334,450,16.49073071459621
2025-10-16T03:39:01.630Z,24.51,1.6,0.8333333333333334,450,16.398288553019054
2025-10-16T03:39:31.626Z,24.59,1.6,0.8333333333333334,450,16.436497143374705
2025-10-16T03:40:01.548Z,24.47,1.6,0.8333333333333334,450,16.37858354621784
2025-10-16T03:40:31.612Z,24.54,1.6,0.8333333333333334,450,16.41280594125893
2025-10-16T03:41:01.645Z,24.64,1.6,0.8333333333333334,450,16.45954923914885
2025-10-16T03:41:31.557Z,24.52,1.6,0.8333333333333334,450,16.40315271455047
2025-10-16T03:42:01.604Z,24.64,1.6,0.8333333333333334,450,16.45954923914885
2025-10-16T03:42:31.601Z,24.46,1.6,0.8333333333333334,450,16.37359563286208
2025-10-16T03:44:01.625Z,24.4,1.6,0.8333333333333334,450,16.343156986547534
2025-10-16T03:45:01.696Z,24.52,1.6,0.8333333333333334,450,16.40315271455047
2025-10-16T03:45:31.666Z,24.48,1.6,0.8333333333333334,450,16.383546881451807
2025-10-16T03:46:01.710Z,24.63,1.6,0.8333333333333334,450,16.454990406613184
2025-10-16T03:46:31.651Z,24.52,1.6,0.8333333333333334,450,16.40315271455047
2025-10-16T03:47:01.648Z,24.62,1.6,0.8333333333333334,450,16.450405706139303
2025-10-16T03:47:31.730Z,24.49,1.6,0.8333333333333334,450,16.38848555160547
2025-10-16T03:48:01.755Z,24.42,1.6,0.8333333333333334,450,16.35339996650575
2025-10-16T03:49:01.763Z,24.49,1.6,0.8333333333333334,450,16.38848555160547
2025-10-16T03:49:31.707Z,24.4,1.6,0.8333333333333334,450,16.343156986547534
2025-10-16T03:50:31.684Z,24.46,1.6,0.8333333333333334,450,16.37359563286208
2025-10-16T03:51:31.777Z,24.52,1.6,0.8333333333333334,450,16.40315271455047
2025-10-16T03:52:01.768Z,24.33,1.6,0.8333333333333334,450,16.306557222568127
2025-10-16T03:52:31.747Z,24.4,1.6,0.8333333333333334,450,16.343156986547534
2025-10-16T03:53:01.783Z,24.52,1.6,0.8333333333333334,450,16.40315271455047
2025-10-16T03:53:31.807Z,24.27,1.6,0.8333333333333334,450,16.27427712303404
2025-10-16T03:54:01.800Z,24.4,1.6,0.8333333333333334,450,16.343156986547534
2025-10-16T03:54:31.789Z,24.49,1.6,0.8333333333333334,450,16.38848555160547
2025-10-16T03:55:01.814Z,24.33,1.6,0.8333333333333334,450,16.306557222568127
2025-10-16T03:55:31.761Z,24.46,1.6,0.8333333333333334,450,16.37359563286208
2025-10-16T03:56:01.826Z,24.42,1.6,0.8333333333333334,450,16.35339996650575
2025-10-16T03:56:31.757Z,24.3,1.6,0.8333333333333334,450,16.2905205549037
2025-10-16T03:57:01.761Z,24.51,1.6,0.8333333333333334,450,16.398288553019054
2025-10-16T03:57:31.855Z,24.37,1.6,0.8333333333333334,450,16.32761315596948
2025-10-16T03:58:01.780Z,24.32,1.6,0.8333333333333334,450,16.30123480845438
2025-10-16T03:58:31.845Z,24.52,1.6,0.8333333333333334,450,16.40315271455047
2025-10-16T03:59:01.836Z,24.46,1.6,0.8333333333333334,450,16.37359563286208
2025-10-16T03:59:31.798Z,24.38,1.6,0.8333333333333334,450,16.332818222565088
2025-10-16T04:00:01.983Z,24.46,1.6,0.8333333333333334,450,16.37359563286208
2025-10-16T04:00:31.907Z,24.52,1.6,0.8333333333333334,450,16.40315271455047
2025-10-16T04:01:01.789Z,24.4,1.6,0.8333333333333334,450,16.343156986547534
2025-10-16T04:02:01.898Z,24.37,1.6,0.8333333333333334,450,16.32761315596948
2025-10-16T04:02:31.854Z,24.27,1.6,0.8333333333333334,450,16.27427712303404
2025-10-16T04:03:01.883Z,24.4,1.6,0.8333333333333334,450,16.343156986547534
2025-10-16T04:03:31.964Z,24.3,1.6,0.8333333333333334,450,16.2905205549037
2025-10-16T04:04:01.873Z,24.47,1.6,0.8333333333333334,450,16.37858354621784
2025-10-16T04:04:31.911Z,24.43,1.6,0.8333333333333334,450,16.358485306132472
2025-10-16T04:05:01.916Z,24.4,1.6,0.8333333333333334,450,16.343156986547534
2025-10-16T04:05:31.874Z,24.29,1.6,0.8333333333333334,450,16.28512891624597
2025-10-16T04:06:01.990Z,24.33,1.6,0.8333333333333334,450,16.306557222568127
2025-10-16T04:06:31.991Z,24.14,1.6,0.8333333333333334,450,16.201568340516353
2025-10-16T04:07:01.879Z,24.3,1.6,0.8333333333333334,450,16.2905205549037
2025-10-16T04:07:31.989Z,24.24,1.6,0.8333333333333334,450,16.257829690621335
2025-10-16T04:08:01.954Z,24.39,1.6,0.8333333333333334,450,16.337999530882556
2025-10-16T04:08:31.925Z,24.4,1.6,0.8333333333333334,450,16.343156986547534
2025-10-16T04:09:32.013Z,24.26,1.6,0.8333333333333334,450,16.268817173985465
2025-10-16T04:10:01.940Z,24.27,1.6,0.8333333333333334,450,16.27427712303404
2025-10-16T04:11:01.929Z,24.21,1.6,0.8333333333333334,450,16.24118108452764
2025-10-16T04:11:32.070Z,24.4,1.6,0.8333333333333334,450,16.343156986547534
2025-10-16T04:12:01.984Z,24.27,1.6,0.8333333333333334,450,16.27427712303404
2025-10-16T04:13:01.987Z,24.3,1.6,0.8333333333333334,450,16.2905205549037
2025-10-16T04:13:32.072Z,24.4,1.6,0.8333333333333334,450,16.343156986547534
2025-10-16T04:14:02.014Z,24.46,1.6,0.8333333333333334,450,16.37359563286208
2025-10-16T04:14:32.045Z,24.33,1.6,0.8333333333333334,450,16.306557222568127
2025-10-16T04:15:02.043Z,24.27,1.6,0.8333333333333334,450,16.27427712303404
2025-10-16T04:15:32.010Z,24.38,1.6,0.8333333333333334,450,16.332818222565088
2025-10-16T04:16:02.036Z,24.27,1.6,0.8333333333333334,450,16.27427712303404
2025-10-16T04:16:31.998Z,24.13,1.6,0.8333333333333334,450,16.195823454221205
2025-10-16T04:17:02.080Z,24.27,1.6,0.8333333333333334,450,16.27427712303404
2025-10-16T04:17:32.137Z,24.3,1.6,0.8333333333333334,450,16.2905205549037
2025-10-16T04:18:02.108Z,24.27,1.6,0.8333333333333334,450,16.27427712303404
2025-10-16T04:19:02.116Z,24.14,1.6,0.8333333333333334,450,16.201568340516353
2025-10-16T04:19:32.062Z,24.35,1.6,0.8333333333333334,450,16.31713212947999
2025-10-16T04:20:02.049Z,24.29,1.6,0.8333333333333334,450,16.28512891624597
2025-10-16T04:20:32.136Z,24.28,1.6,0.8333333333333334,450,16.279714404835804
2025-10-16T04:21:02.060Z,24.27,1.6,0.8333333333333334,450,16.27427712303404
2025-10-16T04:21:32.111Z,24.29,1.6,0.8333333333333334,450,16.28512891624597
2025-10-16T04:22:02.105Z,24.08,1.6,0.8333333333333334,450,16.166784183579598
2025-10-16T04:22:32.099Z,24.27,1.6,0.8333333333333334,450,16.27427712303404
2025-10-16T04:23:02.120Z,24.13,1.6,0.8333333333333334,450,16.195823454221205
2025-10-16T04:23:32.172Z,24.27,1.6,0.8333333333333334,450,16.27427712303404
2025-10-16T04:24:02.156Z,24.24,1.6,0.8333333333333334,450,16.257829690621335
2025-10-16T04:24:32.177Z,24.14,1.6,0.8333333333333334,450,16.201568340516353
2025-10-16T04:25:02.159Z,24.27,1.6,0.8333333333333334,450,16.27427712303404
2025-10-16T04:26:02.227Z,24.15,1.6,0.8333333333333334,450,16.20729197032461
2025-10-16T04:26:32.240Z,24.14,1.6,0.8333333333333334,450,16.201568340516353
2025-10-16T04:27:02.133Z,24.27,1.6,0.8333333333333334,450,16.27427712303404
2025-10-16T04:27:32.238Z,24.28,1.6,0.8333333333333334,450,16.279714404835804
2025-10-16T04:28:02.161Z,24.27,1.6,0.8333333333333334,450,16.27427712303404
2025-10-16T04:28:32.241Z,24.21,1.6,0.8333333333333334,450,16.24118108452764
2025-10-16T04:29:02.210Z,24.14,1.6,0.8333333333333334,450,16.201568340516353
2025-10-16T04:30:02.211Z,24.2,1.6,0.8333333333333334,450,16.23558734150562
2025-10-16T04:30:32.177Z,24.05,1.6,0.8333333333333334,450,16.14911293811309
2025-10-16T04:31:02.208Z,24.13,1.6,0.8333333333333334,450,16.195823454221205
2025-10-16T04:31:32.291Z,24.28,1.6,0.8333333333333334,450,16.279714404835804
2025-10-16T04:32:02.468Z,24.27,1.6,0.8333333333333334,450,16.27427712303404
2025-10-16T04:34:32.344Z,24.17,1.6,0.8333333333333334,450,16.218675009038044
2025-10-16T04:35:02.255Z,24.27,1.6,0.8333333333333334,450,16.27427712303404
2025-10-16T04:35:32.250Z,24.21,1.6,0.8333333333333334,450,16.24118108452764
2025-10-16T04:36:02.234Z,24.27,1.6,0.8333333333333334,450,16.27427712303404
2025-10-16T04:36:32.347Z,24.08,1.6,0.8333333333333334,450,16.166784183579598
2025-10-16T04:37:02.296Z,24.27,1.6,0.8333333333333334,450,16.27427712303404
2025-10-16T04:37:32.305Z,24.14,1.6,0.8333333333333334,450,16.201568340516353
2025-10-16T04:38:02.319Z,24.27,1.6,0.8333333333333334,450,16.27427712303404
2025-10-16T04:38:32.293Z,24.2,1.6,0.8333333333333334,450,16.23558734150562
2025-10-16T04:39:02.376Z,24.21,1.6,0.8333333333333334,450,16.24118108452764
2025-10-16T04:39:32.404Z,24.08,1.6,0.8333333333333334,450,16.166784183579598
2025-10-16T04:40:02.282Z,24.1,1.6,0.8333333333333334,450,16.178462397934517
2025-10-16T04:40:32.379Z,24.21,1.6,0.8333333333333334,450,16.24118108452764
2025-10-16T04:41:02.386Z,24.05,1.6,0.8333333333333334,450,16.14911293811309
2025-10-16T04:41:32.338Z,24.08,1.6,0.8333333333333334,450,16.166784183579598
2025-10-16T04:42:02.386Z,24.14,1.6,0.8333333333333334,450,16.201568340516353
2025-10-16T04:42:32.343Z,24.27,1.6,0.8333333333333334,450,16.27427712303404
2025-10-16T04:43:02.361Z,24.03,1.6,0.8333333333333334,450,16.137230878538684
2025-10-16T04:43:32.420Z,24.13,1.6,0.8333333333333334,450,16.195823454221205
2025-10-16T04:44:02.385Z,24.15,1.6,0.8333333333333334,450,16.20729197032461
2025-10-16T04:44:32.388Z,24.08,1.6,0.8333333333333334,450,16.166784183579598
2025-10-16T04:45:02.379Z,24.1,1.6,0.8333333333333334,450,16.178462397934517
2025-10-16T04:45:32.383Z,24.03,1.6,0.8333333333333334,450,16.137230878538684
2025-10-16T04:46:32.465Z,24.08,1.6,0.8333333333333334,450,16.166784183579598
2025-10-16T04:47:02.512Z,24.14,1.6,0.8333333333333334,450,16.201568340516353
2025-10-16T04:47:32.440Z,24.02,1.6,0.8333333333333334,450,16.13125984080894
2025-10-16T04:48:02.466Z,24.06,1.6,0.8333333333333334,450,16.155023718693105
2025-10-16T04:48:32.409Z,24.08,1.6,0.8333333333333334,450,16.166784183579598
2025-10-16T04:49:02.407Z,24.15,1.6,0.8333333333333334,450,16.20729197032461
2025-10-16T04:49:32.514Z,24.14,1.6,0.8333333333333334,450,16.201568340516353
2025-10-16T04:50:32.493Z,24.21,1.6,0.8333333333333334,450,16.24118108452764
2025-10-16T04:51:02.522Z,24.08,1.6,0.8333333333333334,450,16.166784183579598
2025-10-16T04:52:02.509Z,23.96,1.6,0.8333333333333334,450,16.095021212984648
2025-10-16T04:52:32.557Z,24.14,1.6,0.8333333333333334,450,16.201568340516353
2025-10-16T04:53:02.521Z,24.27,1.6,0.8333333333333334,450,16.27427712303404
2025-10-16T04:53:32.512Z,24.08,1.6,0.8333333333333334,450,16.166784183579598
2025-10-16T04:54:02.560Z,24.02,1.6,0.8333333333333334,450,16.13125984080894
2025-10-16T04:54:32.597Z,24.07,1.6,0.8333333333333334,450,16.16091417346943
2025-10-16T04:55:02.544Z,24.03,1.6,0.8333333333333334,450,16.137230878538684
2025-10-16T04:56:02.522Z,24.09,1.6,0.8333333333333334,450,16.1726336308775
2025-10-16T04:56:32.563Z,24.02,1.6,0.8333333333333334,450,16.13125984080894
2025-10-16T04:57:02.569Z,24.05,1.6,0.8333333333333334,450,16.14911293811309
2025-10-16T04:57:32.513Z,24.1,1.6,0.8333333333333334,450,16.178462397934517
2025-10-16T04:58:02.567Z,24.04,1.6,0.8333333333333334,450,16.14318195130115
2025-10-16T04:58:32.609Z,24.03,1.6,0.8333333333333334,450,16.137230878538684
2025-10-16T04:59:02.557Z,24.02,1.6,0.8333333333333334,450,16.13125984080894
2025-10-16T05:01:02.608Z,24.03,1.6,0.8333333333333334,450,16.137230878538684
2025-10-16T05:01:32.621Z,24.14,1.6,0.8333333333333334,450,16.201568340516353
2025-10-16T05:02:02.623Z,24.05,1.6,0.8333333333333334,450,16.14911293811309
2025-10-16T05:02:32.595Z,24.02,1.6,0.8333333333333334,450,16.13125984080894
2025-10-16T05:03:02.652Z,24.01,1.6,0.8333333333333334,450,16.12526895979643
2025-10-16T05:03:32.702Z,24.03,1.6,0.8333333333333334,450,16.137230878538684
2025-10-16T05:04:02.672Z,24.02,1.6,0.8333333333333334,450,16.13125984080894
2025-10-16T05:06:02.680Z,24.06,1.6,0.8333333333333334,450,16.155023718693105
2025-10-16T05:06:32.741Z,24.03,1.6,0.8333333333333334,450,16.137230878538684
2025-10-16T05:07:02.657Z,23.88,1.6,0.8333333333333334,450,16.045638385317183
2025-10-16T05:07:32.707Z,24.02,1.6,0.8333333333333334,450,16.13125984080894
2025-10-16T05:08:02.749Z,24.03,1.6,0.8333333333333334,450,16.137230878538684
2025-10-16T05:08:32.677Z,24.02,1.6,0.8333333333333334,450,16.13125984080894
2025-10-16T05:09:02.740Z,24.14,1.6,0.8333333333333334,450,16.201568340516353
2025-10-16T05:09:32.781Z,23.9,1.6,0.8333333333333334,450,16.05809510331831
2025-10-16T05:10:02.764Z,24.03,1.6,0.8333333333333334,450,16.137230878538684
2025-10-16T05:10:32.853Z,24.02,1.6,0.8333333333333334,450,16.13125984080894
2025-10-16T05:12:32.749Z,23.94,1.6,0.8333333333333334,450,16.082787547582747
2025-10-16T05:13:02.781Z,24.02,1.6,0.8333333333333334,450,16.13125984080894
2025-10-16T05:14:02.709Z,24.07,1.6,0.8333333333333334,450,16.16091417346943
2025-10-16T05:14:32.838Z,23.91,1.6,0.8333333333333334,450,16.064296032788885
2025-10-16T05:15:02.809Z,23.99,1.6,0.8333333333333334,450,16.11322815813878
2025-10-16T05:15:32.818Z,23.91,1.6,0.8333333333333334,450,16.064296032788885
2025-10-16T05:16:02.864Z,23.93,1.6,0.8333333333333334,450,16.07664238372872
2025-10-16T05:16:32.798Z,24.02,1.6,0.8333333333333334,450,16.13125984080894
2025-10-16T05:18:32.859Z,23.92,1.6,0.8333333333333334,450,16.070478502637993
2025-10-16T05:19:02.809Z,23.9,1.6,0.8333333333333334,450,16.05809510331831
2025-10-16T05:19:32.836Z,24.02,1.6,0.8333333333333334,450,16.13125984080894
2025-10-16T05:20:02.832Z,24.08,1.6,0.8333333333333334,450,16.166784183579598
2025-10-16T05:20:32.805Z,24.02,1.6,0.8333333333333334,450,16.13125984080894
2025-10-16T05:23:02.863Z,24.08,1.6,0.8333333333333334,450,16.166784183579598
2025-10-16T05:23:32.915Z,23.99,1.6,0.8333333333333334,450,16.11322815813878
2025-10-16T05:24:02.892Z,23.9,1.6,0.8333333333333334,450,16.05809510331831
2025-10-16T05:24:32.884Z,23.96,1.6,0.8333333333333334,450,16.095021212984648
2025-10-16T05:25:32.859Z,23.77,1.6,0.8333333333333334,450,15.975863123718229
2025-10-16T05:26:03.067Z,23.9,1.6,0.8333333333333334,450,16.05809510331831
2025-10-16T05:27:02.949Z,24.02,1.6,0.8333333333333334,450,16.13125984080894
2025-10-16T05:27:32.971Z,23.9,1.6,0.8333333333333334,450,16.05809510331831
2025-10-16T05:28:02.972Z,24.02,1.6,0.8333333333333334,450,16.13125984080894
2025-10-16T05:29:02.956Z,23.91,1.6,0.8333333333333334,450,16.064296032788885
2025-10-16T05:29:33.048Z,23.9,1.6,0.8333333333333334,450,16.05809510331831
2025-10-16T05:30:02.975Z,23.92,1.6,0.8333333333333334,450,16.070478502637993
2025-10-16T05:30:33.002Z,23.9,1.6,0.8333333333333334,450,16.05809510331831
2025-10-16T05:31:02.958Z,23.77,1.6,0.8333333333333334,450,15.975863123718229
2025-10-16T05:31:33.039Z,23.76,1.6,0.8333333333333334,450,15.969417677553675
2025-10-16T05:32:02.940Z,23.9,1.6,0.8333333333333334,450,16.05809510331831
2025-10-16T05:32:33.018Z,23.83,1.6,0.8333333333333334,450,16.014182711308948
2025-10-16T05:33:02.954Z,23.96,1.6,0.8333333333333334,450,16.095021212984648
2025-10-16T05:33:33.045Z,24.02,1.6,0.8333333333333334,450,16.13125984080894
2025-10-16T05:34:33.072Z,23.96,1.6,0.8333333333333334,450,16.095021212984648
2025-10-16T05:35:02.989Z,23.83,1.6,0.8333333333333334,450,16.014182711308948
2025-10-16T05:35:33.019Z,23.77,1.6,0.8333333333333334,450,15.975863123718229
2025-10-16T05:36:33.077Z,24.02,1.6,0.8333333333333334,450,16.13125984080894
2025-10-16T05:37:03.109Z,23.96,1.6,0.8333333333333334,450,16.095021212984648
2025-10-16T05:37:33.037Z,23.77,1.6,0.8333333333333334,450,15.975863123718229
2025-10-16T05:38:03.060Z,23.9,1.6,0.8333333333333334,450,16.05809510331831
2025-10-16T05:38:33.130Z,23.77,1.6,0.8333333333333334,450,15.975863123718229
2025-10-16T05:39:03.057Z,23.9,1.6,0.8333333333333334,450,16.05809510331831
2025-10-16T05:39:33.063Z,23.65,1.6,0.8333333333333334,450,15.897463195164919
2025-10-16T05:40:03.086Z,23.9,1.6,0.8333333333333334,450,16.05809510331831
2025-10-16T05:40:33.153Z,23.83,1.6,0.8333333333333334,450,16.014182711308948
2025-10-16T05:41:03.109Z,23.77,1.6,0.8333333333333334,450,15.975863123718229
2025-10-16T05:42:03.125Z,23.84,1.6,0.8333333333333334,450,16.020509187913802
2025-10-16T05:42:33.111Z,23.9,1.6,0.8333333333333334,450,16.05809510331831
2025-10-16T05:43:03.134Z,23.77,1.6,0.8333333333333334,450,15.975863123718229
2025-10-16T05:43:33.214Z,23.78,1.6,0.8333333333333334,450,15.982291984956035
2025-10-16T05:44:03.216Z,23.82,1.6,0.8333333333333334,450,16.007838831369142
2025-10-16T05:44:33.149Z,24.02,1.6,0.8333333333333334,450,16.13125984080894
2025-10-16T05:45:03.193Z,23.77,1.6,0.8333333333333334,450,15.975863123718229
2025-10-16T05:45:33.246Z,23.9,1.6,0.8333333333333334,450,16.05809510331831
2025-10-16T05:46:03.125Z,23.87,1.6,0.8333333333333334,450,16.0393828583136
2025-10-16T05:46:33.255Z,23.85,1.6,0.8333333333333334,450,16.026818126929722
2025-10-16T05:47:03.231Z,23.78,1.6,0.8333333333333334,450,15.982291984956035
2025-10-16T05:47:33.239Z,23.77,1.6,0.8333333333333334,450,15.975863123718229
2025-10-16T05:48:03.163Z,23.8,1.6,0.8333333333333334,450,15.995099401593585
2025-10-16T05:48:33.237Z,23.75,1.6,0.8333333333333334,450,15.96295578497278
2025-10-16T05:49:03.202Z,23.77,1.6,0.8333333333333334,450,15.975863123718229
2025-10-16T05:49:33.240Z,23.83,1.6,0.8333333333333334,450,16.014182711308948
2025-10-16T05:50:03.243Z,23.85,1.6,0.8333333333333334,450,16.026818126929722
2025-10-16T05:50:33.266Z,23.77,1.6,0.8333333333333334,450,15.975863123718229
2025-10-16T05:51:03.332Z,23.78,1.6,0.8333333333333334,450,15.982291984956035
2025-10-16T05:51:33.295Z,23.84,1.6,0.8333333333333334,450,16.020509187913802
2025-10-16T05:52:03.283Z,23.65,1.6,0.8333333333333334,450,15.897463195164919
2025-10-16T05:52:33.270Z,23.77,1.6,0.8333333333333334,450,15.975863123718229
2025-10-16T05:53:03.260Z,23.71,1.6,0.8333333333333334,450,15.936946541273063
2025-10-16T05:53:33.263Z,23.89,1.6,0.8333333333333334,450,16.05187584401425
2025-10-16T05:54:03.287Z,23.75,1.6,0.8333333333333334,450,15.96295578497278
2025-10-16T05:54:33.243Z,23.9,1.6,0.8333333333333334,450,16.05809510331831
2025-10-16T05:55:03.229Z,23.8,1.6,0.8333333333333334,450,15.995099401593585
2025-10-16T05:55:33.381Z,23.76,1.6,0.8333333333333334,450,15.969417677553675
2025-10-16T05:56:03.287Z,23.75,1.6,0.8333333333333334,450,15.96295578497278
2025-10-16T05:56:33.356Z,23.78,1.6,0.8333333333333334,450,15.982291984956035
2025-10-16T05:57:33.336Z,23.63,1.6,0.8333333333333334,450,15.884181464233805
2025-10-16T05:58:03.318Z,23.75,1.6,0.8333333333333334,450,15.96295578497278
2025-10-16T05:58:33.341Z,23.78,1.6,0.8333333333333334,450,15.982291984956035
2025-10-16T05:59:03.383Z,23.77,1.6,0.8333333333333334,450,15.975863123718229
2025-10-16T06:00:03.299Z,23.75,1.6,0.8333333333333334,450,15.96295578497278
2025-10-16T06:00:33.448Z,23.83,1.6,0.8333333333333334,450,16.014182711308948
2025-10-16T06:01:03.411Z,23.77,1.6,0.8333333333333334,450,15.975863123718229
2025-10-16T06:01:33.349Z,23.65,1.6,0.8333333333333334,450,15.897463195164919
2025-10-16T06:02:03.330Z,23.77,1.6,0.8333333333333334,450,15.975863123718229
2025-10-16T06:02:33.472Z,23.9,1.6,0.8333333333333334,450,16.05809510331831
2025-10-16T06:03:03.339Z,23.75,1.6,0.8333333333333334,450,15.96295578497278
2025-10-16T06:04:03.351Z,23.79,1.6,0.8333333333333334,450,15.988704123353301
2025-10-16T06:04:33.497Z,23.69,1.6,0.8333333333333334,450,15.923846885188237
2025-10-16T06:07:03.475Z,23.65,1.6,0.8333333333333334,450,15.897463195164919
2025-10-16T06:09:05.540Z,23.76,1.6,0.8333333333333334,450,15.969417677553675
2025-10-16T06:09:36.019Z,23.65,1.6,0.8333333333333334,450,15.897463195164919
2025-10-16T06:10:48.694Z,23.72,1.6,0.8333333333333334,450,15.943472822669397
2025-10-16T06:10:48.696Z,23.65,1.6,0.8333333333333334,450,15.897463195164919
2025-10-16T06:11:04.865Z,23.71,1.6,0.8333333333333334,450,15.936946541273063
2025-10-16T06:11:34.153Z,23.77,1.6,0.8333333333333334,450,15.975863123718229
2025-10-16T06:12:03.462Z,23.65,1.6,0.8333333333333334,450,15.897463195164919
2025-10-16T06:12:33.536Z,23.75,1.6,0.8333333333333334,450,15.96295578497278
2025-10-16T06:13:03.535Z,23.77,1.6,0.8333333333333334,450,15.975863123718229
2025-10-16T06:13:33.508Z,23.65,1.6,0.8333333333333334,450,15.897463195164919
2025-10-16T06:14:03.616Z,23.78,1.6,0.8333333333333334,450,15.982291984956035
2025-10-16T06:14:33.676Z,23.75,1.6,0.8333333333333334,450,15.96295578497278
2025-10-16T06:15:03.580Z,23.83,1.6,0.8333333333333334,450,16.014182711308948
2025-10-16T06:15:33.557Z,23.77,1.6,0.8333333333333334,450,15.975863123718229
2025-10-16T06:16:03.547Z,23.71,1.6,0.8333333333333334,450,15.936946541273063
2025-10-16T06:16:33.538Z,23.76,1.6,0.8333333333333334,450,15.969417677553675
2025-10-16T06:17:03.509Z,23.61,1.6,0.8333333333333334,450,15.870841359219874
2025-10-16T06:17:33.659Z,23.77,1.6,0.8333333333333334,450,15.975863123718229
2025-10-16T06:18:03.628Z,23.79,1.6,0.8333333333333334,450,15.988704123353301
2025-10-16T06:18:33.595Z,23.77,1.6,0.8333333333333334,450,15.975863123718229
2025-10-16T06:19:03.564Z,23.64,1.6,0.8333333333333334,450,15.890829699445865
2025-10-16T06:19:33.583Z,23.65,1.6,0.8333333333333334,450,15.897463195164919
2025-10-16T06:20:03.565Z,23.71,1.6,0.8333333333333334,450,15.936946541273063
2025-10-16T06:20:33.705Z,23.87,1.6,0.8333333333333334,450,16.0393828583136
2025-10-16T06:21:03.640Z,23.64,1.6,0.8333333333333334,450,15.890829699445865
2025-10-16T06:21:33.648Z,23.71,1.6,0.8333333333333334,450,15.936946541273063
2025-10-16T06:22:03.636Z,23.58,1.6,0.8333333333333334,450,15.850724318668483
2025-10-16T06:22:33.612Z,23.76,1.6,0.8333333333333334,450,15.969417677553675
2025-10-16T06:23:03.716Z,23.58,1.6,0.8333333333333334,450,15.850724318668483
2025-10-16T06:23:33.717Z,23.71,1.6,0.8333333333333334,450,15.936946541273063
2025-10-16T06:24:03.678Z,23.69,1.6,0.8333333333333334,450,15.923846885188237
2025-10-16T06:24:33.778Z,23.76,1.6,0.8333333333333334,450,15.969417677553675
2025-10-16T06:25:03.671Z,23.65,1.6,0.8333333333333334,450,15.897463195164919
2025-10-16T06:25:33.708Z,23.75,1.6,0.8333333333333334,450,15.96295578497278
2025-10-16T06:26:03.718Z,23.9,1.6,0.8333333333333334,450,16.05809510331831
2025-10-16T06:26:33.682Z,23.65,1.6,0.8333333333333334,450,15.897463195164919
2025-10-16T06:27:33.764Z,23.76,1.6,0.8333333333333334,450,15.969417677553675
2025-10-16T06:28:03.741Z,23.6,1.6,0.8333333333333334,450,15.864149782687598
2025-10-16T06:28:33.720Z,23.73,1.6,0.8333333333333334,450,15.94998321755256
2025-10-16T06:29:03.780Z,23.65,1.6,0.8333333333333334,450,15.897463195164919
2025-10-16T06:29:33.753Z,23.58,1.6,0.8333333333333334,450,15.850724318668483
2025-10-16T06:30:03.707Z,23.71,1.6,0.8333333333333334,450,15.936946541273063
2025-10-16T06:30:33.787Z,23.56,1.6,0.8333333333333334,450,15.837243428854478
2025-10-16T06:31:03.707Z,23.64,1.6,0.8333333333333334,450,15.890829699445865
2025-10-16T06:31:33.745Z,23.65,1.6,0.8333333333333334,450,15.897463195164919
2025-10-16T06:32:33.744Z,23.75,1.6,0.8333333333333334,450,15.96295578497278
2025-10-16T06:33:03.781Z,23.58,1.6,0.8333333333333334,450,15.850724318668483
2025-10-16T06:33:33.854Z,23.57,1.6,0.8333333333333334,450,15.843990727570212
2025-10-16T06:34:03.816Z,23.75,1.6,0.8333333333333334,450,15.96295578497278
2025-10-16T06:34:33.833Z,23.57,1.6,0.8333333333333334,450,15.843990727570212
2025-10-16T06:35:03.751Z,23.55,1.6,0.8333333333333334,450,15.830482571982373
2025-10-16T06:35:33.796Z,23.6,1.6,0.8333333333333334,450,15.864149782687598
2025-10-16T06:36:03.783Z,23.66,1.6,0.8333333333333334,450,15.904081806087873
2025-10-16T06:36:33.868Z,23.71,1.6,0.8333333333333334,450,15.936946541273063
2025-10-16T06:37:03.790Z,23.62,1.6,0.8333333333333334,450,15.87751863536814
2025-10-16T06:38:03.914Z,23.71,1.6,0.8333333333333334,450,15.936946541273063
2025-10-16T06:38:33.812Z,23.55,1.6,0.8333333333333334,450,15.830482571982373
2025-10-16T06:39:03.859Z,23.64,1.6,0.8333333333333334,450,15.890829699445865
2025-10-16T06:39:33.925Z,23.55,1.6,0.8333333333333334,450,15.830482571982373
2025-10-16T06:40:03.918Z,23.76,1.6,0.8333333333333334,450,15.969417677553675
2025-10-16T06:40:33.842Z,23.71,1.6,0.8333333333333334,450,15.936946541273063
2025-10-16T06:41:03.896Z,23.59,1.6,0.8333333333333334,450,15.85744405319121
2025-10-16T06:41:33.915Z,23.54,1.6,0.8333333333333334,450,15.823708306914309
2025-10-16T06:42:03.829Z,23.65,1.6,0.8333333333333334,450,15.897463195164919
2025-10-16T06:43:33.970Z,23.55,1.6,0.8333333333333334,450,15.830482571982373
2025-10-16T06:44:03.942Z,23.58,1.6,0.8333333333333334,450,15.850724318668483
2025-10-16T06:44:33.948Z,23.5,1.6,0.8333333333333334,450,15.796480181034331
2025-10-16T06:45:03.896Z,23.58,1.6,0.8333333333333334,450,15.850724318668483
2025-10-16T06:45:33.979Z,23.65,1.6,0.8333333333333334,450,15.897463195164919
2025-10-16T06:46:03.906Z,23.57,1.6,0.8333333333333334,450,15.843990727570212
2025-10-16T06:46:34.022Z,23.65,1.6,0.8333333333333334,450,15.897463195164919
2025-10-16T06:47:04.001Z,23.48,1.6,0.8333333333333334,450,15.782789603665908
2025-10-16T06:47:33.969Z,23.51,1.6,0.8333333333333334,450,15.803306569498332
2025-10-16T06:48:03.990Z,23.58,1.6,0.8333333333333334,450,15.850724318668483
2025-10-16T06:49:04.037Z,23.71,1.6,0.8333333333333334,450,15.936946541273063
2025-10-16T06:49:34.048Z,23.55,1.6,0.8333333333333334,450,15.830482571982373
2025-10-16T06:50:34.036Z,23.71,1.6,0.8333333333333334,450,15.936946541273063
2025-10-16T06:51:03.950Z,23.65,1.6,0.8333333333333334,450,15.897463195164919
2025-10-16T06:51:34.030Z,23.58,1.6,0.8333333333333334,450,15.850724318668483
2025-10-16T06:52:04.055Z,23.65,1.6,0.8333333333333334,450,15.897463195164919
2025-10-16T06:52:34.018Z,23.56,1.6,0.8333333333333334,450,15.837243428854478
2025-10-16T06:53:04.015Z,23.55,1.6,0.8333333333333334,450,15.830482571982373
2025-10-16T06:53:34.105Z,23.51,1.6,0.8333333333333334,450,15.803306569498332
2025-10-16T06:54:04.081Z,23.52,1.6,0.8333333333333334,450,15.810120154489203
2025-10-16T06:54:34.062Z,23.53,1.6,0.8333333333333334,450,15.816920784102635
2025-10-16T06:55:04.075Z,23.51,1.6,0.8333333333333334,450,15.803306569498332
2025-10-16T06:55:34.059Z,23.6,1.6,0.8333333333333334,450,15.864149782687598
2025-10-16T06:56:04.032Z,23.53,1.6,0.8333333333333334,450,15.816920784102635
2025-10-16T06:56:34.225Z,23.57,1.6,0.8333333333333334,450,15.843990727570212
2025-10-16T06:57:04.087Z,23.65,1.6,0.8333333333333334,450,15.897463195164919
2025-10-16T06:57:34.210Z,23.52,1.6,0.8333333333333334,450,15.810120154489203
2025-10-16T06:58:04.148Z,23.55,1.6,0.8333333333333334,450,15.830482571982373
2025-10-16T06:58:34.756Z,23.52,1.6,0.8333333333333334,450,15.810120154489203
2025-10-16T06:59:04.213Z,23.56,1.6,0.8333333333333334,450,15.837243428854478
2025-10-16T06:59:34.067Z,23.6,1.6,0.8333333333333334,450,15.864149782687598
2025-10-16T07:00:04.210Z,23.64,1.6,0.8333333333333334,450,15.890829699445865
2025-10-16T07:00:34.104Z,23.5,1.6,0.8333333333333334,450,15.796480181034331
2025-10-16T07:01:04.144Z,23.58,1.6,0.8333333333333334,450,15.850724318668483
2025-10-16T07:01:34.308Z,23.47,1.6,0.8333333333333334,450,15.775925720917812
2025-10-16T07:02:04.180Z,23.55,1.6,0.8333333333333334,450,15.830482571982373
2025-10-16T07:02:34.210Z,23.65,1.6,0.8333333333333334,450,15.897463195164919
2025-10-16T07:03:04.115Z,23.43,1.6,0.8333333333333334,450,15.748349822685073
2025-10-16T07:03:34.112Z,23.5,1.6,0.8333333333333334,450,15.796480181034331
2025-10-16T07:04:04.129Z,23.52,1.6,0.8333333333333334,450,15.810120154489203
2025-10-16T07:04:34.202Z,23.58,1.6,0.8333333333333334,450,15.850724318668483
2025-10-16T07:05:04.226Z,23.65,1.6,0.8333333333333334,450,15.897463195164919
2025-10-16T07:05:34.155Z,23.55,1.6,0.8333333333333334,450,15.830482571982373
2025-10-16T07:06:04.139Z,23.52,1.6,0.8333333333333334,450,15.810120154489203
2025-10-16T07:06:34.296Z,23.58,1.6,0.8333333333333334,450,15.850724318668483
2025-10-16T07:07:04.260Z,23.65,1.6,0.8333333333333334,450,15.897463195164919
2025-10-16T07:07:34.272Z,23.47,1.6,0.8333333333333334,450,15.775925720917812
2025-10-16T07:08:04.193Z,23.7,1.6,0.8333333333333334,450,15.930404514782845
2025-10-16T07:08:34.253Z,23.54,1.6,0.8333333333333334,450,15.823708306914309
2025-10-16T07:09:04.195Z,23.62,1.6,0.8333333333333334,450,15.87751863536814
2025-10-16T07:09:34.216Z,23.47,1.6,0.8333333333333334,450,15.775925720917812
2025-10-16T07:10:04.238Z,23.5,1.6,0.8333333333333334,450,15.796480181034331
2025-10-16T07:11:04.267Z,23.53,1.6,0.8333333333333334,450,15.816920784102635
2025-10-16T07:11:34.317Z,23.5,1.6,0.8333333333333334,450,15.796480181034331
2025-10-16T07:12:04.213Z,23.41,1.6,0.8333333333333334,450,15.734491823240674
2025-10-16T07:12:34.295Z,23.47,1.6,0.8333333333333334,450,15.775925720917812
2025-10-16T07:13:34.352Z,23.62,1.6,0.8333333333333334,450,15.87751863536814
2025-10-16T07:14:04.311Z,23.48,1.6,0.8333333333333334,450,15.782789603665908
2025-10-16T07:14:34.327Z,23.53,1.6,0.8333333333333334,450,15.816920784102635
2025-10-16T07:15:04.249Z,23.41,1.6,0.8333333333333334,450,15.734491823240674
2025-10-16T07:15:34.322Z,23.52,1.6,0.8333333333333334,450,15.810120154489203
2025-10-16T07:16:04.265Z,23.4,1.6,0.8333333333333334,450,15.727545856503436
2025-10-16T07:16:34.403Z,23.5,1.6,0.8333333333333334,450,15.796480181034331
2025-10-16T07:17:04.268Z,23.55,1.6,0.8333333333333334,450,15.830482571982373
2025-10-16T07:17:34.352Z,23.53,1.6,0.8333333333333334,450,15.816920784102635
2025-10-16T07:18:04.282Z,23.55,1.6,0.8333333333333334,450,15.830482571982373
2025-10-16T07:18:34.304Z,23.53,1.6,0.8333333333333334,450,15.816920784102635
2025-10-16T07:19:04.300Z,23.47,1.6,0.8333333333333334,450,15.775925720917812
2025-10-16T07:19:34.411Z,23.52,1.6,0.8333333333333334,450,15.810120154489203
2025-10-16T07:20:04.330Z,23.4,1.6,0.8333333333333334,450,15.727545856503436
2025-10-16T07:20:34.371Z,23.47,1.6,0.8333333333333334,450,15.775925720917812
2025-10-16T07:21:04.368Z,23.42,1.6,0.8333333333333334,450,15.74142653077299
2025-10-16T07:21:34.345Z,23.37,1.6,0.8333333333333334,450,15.706641971538616
2025-10-16T07:22:04.403Z,23.53,1.6,0.8333333333333334,450,15.816920784102635
2025-10-16T07:22:34.462Z,23.47,1.6,0.8333333333333334,450,15.775925720917812
2025-10-16T07:23:04.431Z,23.53,1.6,0.8333333333333334,450,15.816920784102635
2025-10-16T07:23:34.429Z,23.5,1.6,0.8333333333333334,450,15.796480181034331
2025-10-16T07:24:04.424Z,23.47,1.6,0.8333333333333334,450,15.775925720917812
2025-10-16T07:24:34.420Z,23.45,1.6,0.8333333333333334,450,15.762161536132197
2025-10-16T07:25:04.471Z,23.47,1.6,0.8333333333333334,450,15.775925720917812
2025-10-16T07:25:34.503Z,23.46,1.6,0.8333333333333334,450,15.769049646999129
2025-10-16T07:26:04.404Z,23.4,1.6,0.8333333333333334,450,15.727545856503436
2025-10-16T07:26:34.486Z,23.47,1.6,0.8333333333333334,450,15.775925720917812
2025-10-16T07:27:04.482Z,23.54,1.6,0.8333333333333334,450,15.823708306914309
2025-10-16T07:27:34.452Z,23.47,1.6,0.8333333333333334,450,15.775925720917812
2025-10-16T07:28:04.493Z,23.4,1.6,0.8333333333333334,450,15.727545856503436
2025-10-16T07:29:04.434Z,23.47,1.6,0.8333333333333334,450,15.775925720917812
2025-10-16T07:29:34.441Z,23.37,1.6,0.8333333333333334,450,15.706641971538616
2025-10-16T07:30:04.471Z,23.4,1.6,0.8333333333333334,450,15.727545856503436
2025-10-16T07:30:34.607Z,23.51,1.6,0.8333333333333334,450,15.803306569498332
2025-10-16T07:31:04.516Z,23.4,1.6,0.8333333333333334,450,15.727545856503436
2025-10-16T07:31:34.534Z,23.53,1.6,0.8333333333333334,450,15.816920784102635
2025-10-16T07:32:04.525Z,23.51,1.6,0.8333333333333334,450,15.803306569498332
2025-10-16T07:32:34.482Z,23.43,1.6,0.8333333333333334,450,15.748349822685073
2025-10-16T07:33:04.516Z,23.4,1.6,0.8333333333333334,450,15.727545856503436
2025-10-16T07:33:34.601Z,23.47,1.6,0.8333333333333334,450,15.775925720917812
2025-10-16T07:34:04.547Z,23.62,1.6,0.8333333333333334,450,15.87751863536814
2025-10-16T07:34:34.591Z,23.41,1.6,0.8333333333333334,450,15.734491823240674
2025-10-16T07:35:04.578Z,23.28,1.6,0.8333333333333334,450,15.643373535236707
2025-10-16T07:35:34.549Z,23.4,1.6,0.8333333333333334,450,15.727545856503436
2025-10-16T07:37:04.605Z,23.51,1.6,0.8333333333333334,450,15.803306569498332
2025-10-16T07:37:34.609Z,23.47,1.6,0.8333333333333334,450,15.775925720917812
2025-10-16T07:38:04.621Z,23.4,1.6,0.8333333333333334,450,15.727545856503436
2025-10-16T07:39:34.725Z,23.33,1.6,0.8333333333333334,450,15.678622058115998
2025-10-16T07:40:04.591Z,23.39,1.6,0.8333333333333334,450,15.720588787400446
2025-10-16T07:40:34.672Z,23.47,1.6,0.8333333333333334,450,15.775925720917812
2025-10-16T07:41:04.651Z,23.3,1.6,0.8333333333333334,450,15.657501640314939
2025-10-16T07:41:34.730Z,23.29,1.6,0.8333333333333334,450,15.650442263118325
2025-10-16T07:42:04.680Z,23.34,1.6,0.8333333333333334,450,15.685642424742802
2025-10-16T07:42:34.632Z,23.47,1.6,0.8333333333333334,450,15.775925720917812
2025-10-16T07:43:04.692Z,23.31,1.6,0.8333333333333334,450,15.664551505675789
2025-10-16T07:43:34.715Z,23.4,1.6,0.8333333333333334,450,15.727545856503436
2025-10-16T07:44:04.609Z,23.5,1.6,0.8333333333333334,450,15.796480181034331
2025-10-16T07:44:34.712Z,23.4,1.6,0.8333333333333334,450,15.727545856503436
2025-10-16T07:47:04.709Z,23.28,1.6,0.8333333333333334,450,15.643373535236707
2025-10-16T07:48:04.803Z,23.3,1.6,0.8333333333333334,450,15.657501640314939
2025-10-16T07:48:34.728Z,23.41,1.6,0.8333333333333334,450,15.734491823240674
2025-10-16T07:49:04.739Z,23.28,1.6,0.8333333333333334,450,15.643373535236707
2025-10-16T07:49:34.708Z,23.3,1.6,0.8333333333333334,450,15.657501640314939
2025-10-16T07:50:04.784Z,23.53,1.6,0.8333333333333334,450,15.816920784102635
2025-10-16T07:50:34.788Z,23.28,1.6,0.8333333333333334,450,15.643373535236707
2025-10-16T07:51:04.807Z,23.4,1.6,0.8333333333333334,450,15.727545856503436
2025-10-16T07:51:34.786Z,23.3,1.6,0.8333333333333334,450,15.657501640314939
2025-10-16T07:52:04.809Z,23.4,1.6,0.8333333333333334,450,15.727545856503436
2025-10-16T07:52:35.073Z,23.47,1.6,0.8333333333333334,450,15.775925720917812
2025-10-16T07:53:04.885Z,23.3,1.6,0.8333333333333334,450,15.657501640314939
2025-10-16T07:53:34.760Z,23.4,1.6,0.8333333333333334,450,15.727545856503436
2025-10-16T07:54:04.842Z,23.28,1.6,0.8333333333333334,450,15.643373535236707
2025-10-16T07:55:04.833Z,23.4,1.6,0.8333333333333334,450,15.727545856503436
2025-10-16T07:55:34.832Z,23.28,1.6,0.8333333333333334,450,15.643373535236707
2025-10-16T07:56:04.782Z,23.42,1.6,0.8333333333333334,450,15.74142653077299
2025-10-16T07:56:34.901Z,23.28,1.6,0.8333333333333334,450,15.643373535236707
2025-10-16T07:57:04.800Z,23.4,1.6,0.8333333333333334,450,15.727545856503436
2025-10-16T07:57:34.892Z,23.28,1.6,0.8333333333333334,450,15.643373535236707
2025-10-16T07:58:04.859Z,23.4,1.6,0.8333333333333334,450,15.727545856503436
2025-10-16T07:58:34.861Z,23.29,1.6,0.8333333333333334,450,15.650442263118325
2025-10-16T07:59:04.870Z,23.28,1.6,0.8333333333333334,450,15.643373535236707
2025-10-16T08:00:34.945Z,23.33,1.6,0.8333333333333334,450,15.678622058115998
2025-10-16T08:01:04.904Z,23.4,1.6,0.8333333333333334,450,15.727545856503436
2025-10-16T08:01:34.919Z,23.31,1.6,0.8333333333333334,450,15.664551505675789
2025-10-16T08:02:04.923Z,23.4,1.6,0.8333333333333334,450,15.727545856503436
2025-10-16T08:02:34.884Z,23.34,1.6,0.8333333333333334,450,15.685642424742802
2025-10-16T08:03:34.986Z,23.28,1.6,0.8333333333333334,450,15.643373535236707
2025-10-16T08:04:04.869Z,23.29,1.6,0.8333333333333334,450,15.650442263118325
2025-10-16T08:04:34.948Z,23.4,1.6,0.8333333333333334,450,15.727545856503436
2025-10-16T08:05:04.877Z,23.31,1.6,0.8333333333333334,450,15.664551505675789
2025-10-16T08:05:34.903Z,23.4,1.6,0.8333333333333334,450,15.727545856503436
2025-10-16T08:06:04.891Z,23.28,1.6,0.8333333333333334,450,15.643373535236707
2025-10-16T08:06:35.027Z,23.4,1.6,0.8333333333333334,450,15.727545856503436
2025-10-16T08:07:04.972Z,23.28,1.6,0.8333333333333334,450,15.643373535236707
2025-10-16T08:08:05.007Z,23.4,1.6,0.8333333333333334,450,15.727545856503436
2025-10-16T08:08:34.986Z,23.3,1.6,0.8333333333333334,450,15.657501640314939
2025-10-16T08:09:04.948Z,23.47,1.6,0.8333333333333334,450,15.775925720917812
2025-10-16T08:09:35.054Z,23.28,1.6,0.8333333333333334,450,15.643373535236707
2025-10-16T08:10:04.938Z,23.3,1.6,0.8333333333333334,450,15.657501640314939
2025-10-16T08:10:35.039Z,23.4,1.6,0.8333333333333334,450,15.727545856503436
2025-10-16T08:11:04.984Z,23.28,1.6,0.8333333333333334,450,15.643373535236707
2025-10-16T08:11:35.008Z,23.4,1.6,0.8333333333333334,450,15.727545856503436
2025-10-16T08:12:04.995Z,23.28,1.6,0.8333333333333334,450,15.643373535236707
2025-10-16T08:12:35.092Z,23.4,1.6,0.8333333333333334,450,15.727545856503436
2025-10-16T08:13:05.041Z,23.39,1.6,0.8333333333333334,450,15.720588787400446
2025-10-16T08:13:35.077Z,23.4,1.6,0.8333333333333334,450,15.727545856503436
2025-10-16T08:15:05.088Z,23.15,1.6,0.8333333333333334,450,15.550703116981143
2025-10-16T08:15:35.060Z,23.28,1.6,0.8333333333333334,450,15.643373535236707
2025-10-16T08:16:05.116Z,23.22,1.6,0.8333333333333334,450,15.600773872806617
2025-10-16T08:16:35.111Z,23.28,1.6,0.8333333333333334,450,15.643373535236707
2025-10-16T08:18:35.166Z,23.25,1.6,0.8333333333333334,450,15.622112864376984
2025-10-16T08:19:05.062Z,23.29,1.6,0.8333333333333334,450,15.650442263118325
2025-10-16T08:19:35.139Z,23.28,1.6,0.8333333333333334,450,15.643373535236707
2025-10-16T08:20:05.122Z,23.15,1.6,0.8333333333333334,450,15.550703116981143
2025-10-16T08:20:35.110Z,23.29,1.6,0.8333333333333334,450,15.650442263118325
2025-10-16T08:21:05.152Z,23.15,1.6,0.8333333333333334,450,15.550703116981143
2025-10-16T08:21:35.122Z,23.4,1.6,0.8333333333333334,450,15.727545856503436
2025-10-16T08:22:35.109Z,23.28,1.6,0.8333333333333334,450,15.643373535236707
2025-10-16T08:23:35.288Z,23.3,1.6,0.8333333333333334,450,15.657501640314939
2025-10-16T08:24:05.183Z,23.46,1.6,0.8333333333333334,450,15.769049646999129
2025-10-16T08:24:35.156Z,23.28,1.6,0.8333333333333334,450,15.643373535236707
2025-10-16T08:25:05.238Z,23.17,1.6,0.8333333333333334,450,15.565046822770395
2025-10-16T08:25:35.242Z,23.15,1.6,0.8333333333333334,450,15.550703116981143
2025-10-16T08:26:05.166Z,23.25,1.6,0.8333333333333334,450,15.622112864376984
2025-10-16T08:26:35.311Z,23.29,1.6,0.8333333333333334,450,15.650442263118325
2025-10-16T08:27:05.193Z,23.4,1.6,0.8333333333333334,450,15.727545856503436
2025-10-16T08:27:35.211Z,23.12,1.6,0.8333333333333334,450,15.529135030194187
2025-10-16T08:28:05.258Z,23.28,1.6,0.8333333333333334,450,15.643373535236707
2025-10-16T08:28:35.372Z,23.41,1.6,0.8333333333333334,450,15.734491823240674
2025-10-16T08:29:05.276Z,23.22,1.6,0.8333333333333334,450,15.600773872806617
2025-10-16T08:29:35.313Z,23.25,1.6,0.8333333333333334,450,15.622112864376984
2025-10-16T08:30:05.310Z,23.29,1.6,0.8333333333333334,450,15.650442263118325
2025-10-16T08:30:35.215Z,23.15,1.6,0.8333333333333334,450,15.550703116981143
2025-10-16T08:31:05.273Z,23.27,1.6,0.8333333333333334,450,15.636295618182967
2025-10-16T08:31:35.297Z,23.28,1.6,0.8333333333333334,450,15.643373535236707
2025-10-16T08:32:35.270Z,23.15,1.6,0.8333333333333334,450,15.550703116981143
2025-10-16T08:33:05.330Z,23.22,1.6,0.8333333333333334,450,15.600773872806617
2025-10-16T08:33:35.260Z,23.28,1.6,0.8333333333333334,450,15.643373535236707
2025-10-16T08:34:35.353Z,23.22,1.6,0.8333333333333334,450,15.600773872806617
2025-10-16T08:35:05.282Z,23.14,1.6,0.8333333333333334,450,15.543520592476359
2025-10-16T08:35:35.324Z,23.28,1.6,0.8333333333333334,450,15.643373535236707
2025-10-16T08:36:05.294Z,23.22,1.6,0.8333333333333334,450,15.600773872806617
2025-10-16T08:36:35.300Z,23.28,1.6,0.8333333333333334,450,15.643373535236707
2025-10-16T08:37:35.393Z,23.15,1.6,0.8333333333333334,450,15.550703116981143
2025-10-16T08:38:05.324Z,23.28,1.6,0.8333333333333334,450,15.643373535236707
2025-10-16T08:39:05.312Z,23.29,1.6,0.8333333333333334,450,15.650442263118325
2025-10-16T08:39:35.378Z,23.22,1.6,0.8333333333333334,450,15.600773872806617
2025-10-16T08:40:05.414Z,23.2,1.6,0.8333333333333334,450,15.586506542206042
2025-10-16T08:40:35.371Z,23.23,1.6,0.8333333333333334,450,15.607895300801044
2025-10-16T08:41:05.459Z,23.28,1.6,0.8333333333333334,450,15.643373535236707
2025-10-16T08:42:05.376Z,23.25,1.6,0.8333333333333334,450,15.622112864376984
2025-10-16T08:42:35.425Z,23.15,1.6,0.8333333333333334,450,15.550703116981143
2025-10-16T08:43:05.370Z,23.28,1.6,0.8333333333333334,450,15.643373535236707
2025-10-16T08:44:35.432Z,23.4,1.6,0.8333333333333334,450,15.727545856503436
2025-10-16T08:45:05.413Z,23.08,1.6,0.8333333333333334,450,15.500286517488364
2025-10-16T08:45:35.510Z,23.28,1.6,0.8333333333333334,450,15.643373535236707
2025-10-16T08:46:05.499Z,23.14,1.6,0.8333333333333334,450,15.543520592476359
2025-10-16T08:46:35.486Z,23.28,1.6,0.8333333333333334,450,15.643373535236707
2025-10-16T08:47:05.476Z,23.25,1.6,0.8333333333333334,450,15.622112864376984
2025-10-16T08:47:35.506Z,23.22,1.6,0.8333333333333334,450,15.600773872806617
2025-10-16T08:48:05.452Z,23.15,1.6,0.8333333333333334,450,15.550703116981143
2025-10-16T08:48:35.563Z,23.08,1.6,0.8333333333333334,450,15.500286517488364
2025-10-16T08:49:05.540Z,23.15,1.6,0.8333333333333334,450,15.550703116981143
2025-10-16T08:49:35.564Z,23.3,1.6,0.8333333333333334,450,15.657501640314939
2025-10-16T08:50:05.532Z,23.34,1.6,0.8333333333333334,450,15.685642424742802
2025-10-16T08:50:40.417Z,23.15,1.6,0.8333333333333334,450,15.550703116981143
2025-10-16T08:51:35.548Z,23.28,1.6,0.8333333333333334,450,15.643373535236707
2025-10-16T08:52:05.567Z,23.34,1.6,0.8333333333333334,450,15.685642424742802
2025-10-16T08:52:35.520Z,23.18,1.6,0.8333333333333334,450,15.572207672934711
2025-10-16T08:53:05.526Z,23.34,1.6,0.8333333333333334,450,15.685642424742802
2025-10-16T08:53:35.648Z,23.47,1.6,0.8333333333333334,450,15.775925720917812
2025-10-16T08:54:05.569Z,23.4,1.6,0.8333333333333334,450,15.727545856503436
2025-10-16T08:55:05.540Z,23.15,1.6,0.8333333333333334,450,15.550703116981143
2025-10-16T08:55:35.541Z,23.28,1.6,0.8333333333333334,450,15.643373535236707
2025-10-16T08:56:05.609Z,23.4,1.6,0.8333333333333334,450,15.727545856503436
2025-10-16T08:56:35.553Z,23.15,1.6,0.8333333333333334,450,15.550703116981143
2025-10-16T08:57:05.597Z,23.41,1.6,0.8333333333333334,450,15.734491823240674
2025-10-16T08:57:35.640Z,23.28,1.6,0.8333333333333334,450,15.643373535236707
2025-10-16T08:58:05.587Z,23.43,1.6,0.8333333333333334,450,15.748349822685073
2025-10-16T08:58:35.669Z,23.4,1.6,0.8333333333333334,450,15.727545856503436
2025-10-16T08:59:05.617Z,23.47,1.6,0.8333333333333334,450,15.775925720917812
2025-10-16T08:59:35.586Z,23.37,1.6,0.8333333333333334,450,15.706641971538616
2025-10-16T09:00:05.588Z,23.4,1.6,0.8333333333333334,450,15.727545856503436
2025-10-16T09:00:35.622Z,23.29,1.6,0.8333333333333334,450,15.650442263118325
2025-10-16T09:01:05.578Z,23.5,1.6,0.8333333333333334,450,15.796480181034331
2025-10-16T09:01:36.227Z,23.82,1.6,0.8333333333333334,450,16.007838831369142
2025-10-16T09:02:06.988Z,24.02,1.6,0.8333333333333334,450,16.13125984080894
2025-10-16T09:02:37.490Z,24.14,1.6,0.8333333333333334,450,16.201568340516353
2025-10-16T09:03:08.181Z,24.28,1.6,0.8333333333333334,450,16.279714404835804
2025-10-16T09:03:38.753Z,24.52,1.6,0.8333333333333334,450,16.40315271455047
2025-10-16T09:04:09.317Z,24.78,1.6,0.8333333333333334,450,16.52061728452453
2025-10-16T09:04:39.930Z,24.71,1.6,0.8333333333333334,450,16.49073071459621
2025-10-16T09:05:10.575Z,24.99,1.6,0.8333333333333334,450,16.60229984482731
2025-10-16T09:05:41.200Z,25.14,1.6,0.8333333333333334,450,16.653127617853638
2025-10-16T09:06:11.795Z,25.27,1.6,0.8333333333333334,450,16.692002474313075
2025-10-16T09:06:42.412Z,25.32,1.6,0.8333333333333334,450,16.705662549403257
2025-10-16T09:07:13.104Z,25.61,1.6,0.8333333333333334,450,16.770659743263362
2025-10-16T09:07:43.672Z,25.77,1.6,0.8333333333333334,450,16.796151965288313
2025-10-16T09:08:14.252Z,25.76,1.6,0.8333333333333334,450,16.794773080073327
2025-10-16T09:08:44.804Z,26.01,1.6,0.8333333333333334,450,16.820788728902095
2025-10-16T09:09:15.463Z,26.13,1.6,0.8333333333333334,450,16.82712618141011
2025-10-16T09:10:16.694Z,26.27,1.6,0.8333333333333334,450,16.829633833609492
2025-10-16T09:10:47.270Z,26.45,1.6,0.8333333333333334,450,16.825394115295676
2025-10-16T09:11:17.959Z,26.5,1.6,0.8333333333333334,450,16.822777370184678
2025-10-16T09:11:48.490Z,26.57,1.6,0.8333333333333334,450,16.81809616653481
2025-10-16T09:12:19.238Z,26.76,1.6,0.8333333333333334,450,16.799626788712814
2025-10-16T09:12:49.681Z,26.83,1.6,0.8333333333333334,450,16.79079155585154
2025-10-16T09:13:20.371Z,26.88,1.6,0.8333333333333334,450,16.783841456919006
2025-10-16T09:13:50.969Z,27.01,1.6,0.8333333333333334,450,16.763378665665908
2025-10-16T09:14:21.527Z,27.1,1.6,0.8333333333333334,450,16.74728278625215
2025-10-16T09:14:52.249Z,27.23,1.6,0.8333333333333334,450,16.721431123337936
2025-10-16T09:15:22.765Z,27.47,1.6,0.8333333333333334,450,16.666413555339737
2025-10-16T09:15:53.425Z,27.32,1.6,0.8333333333333334,450,16.70184963171448
2025-10-16T09:16:23.986Z,27.38,1.6,0.8333333333333334,450,16.688079071265015
2025-10-16T09:16:54.646Z,27.44,1.6,0.8333333333333334,450,16.673765663797766
2025-10-16T09:17:25.198Z,27.52,1.6,0.8333333333333334,450,16.65388192969034
2025-10-16T09:17:55.980Z,27.69,1.6,0.8333333333333334,450,16.60886588864885
2025-10-16T09:18:26.434Z,27.74,1.6,0.8333333333333334,450,16.594978864961398
2025-10-16T09:18:57.106Z,27.78,1.6,0.8333333333333334,450,16.58367694101465
2025-10-16T09:19:27.649Z,27.76,1.6,0.8333333333333334,450,16.589348687005774
2025-10-16T09:19:58.326Z,28.0,1.6,0.8333333333333334,450,16.518830299150963
2025-10-16T09:20:28.879Z,27.94,1.6,0.8333333333333334,450,16.536926573054977
2025-10-16T09:20:59.538Z,28.06,1.6,0.8333333333333334,450,16.500467756528362
2025-10-16T09:21:30.103Z,28.12,1.6,0.8333333333333334,450,16.48186569232924
2025-10-16T09:22:00.789Z,28.06,1.6,0.8333333333333334,450,16.500467756528362
2025-10-16T09:22:31.390Z,28.25,1.6,0.8333333333333334,450,16.44086592354146
2025-10-16T09:23:01.969Z,28.5,1.6,0.8333333333333334,450,16.36018558266533
2025-10-16T09:23:32.638Z,28.34,1.6,0.8333333333333334,450,16.412036257061615
2025-10-16T09:24:03.283Z,28.25,1.6,0.8333333333333334,450,16.44086592354146
2025-10-16T09:24:33.970Z,28.5,1.6,0.8333333333333334,450,16.36018558266533
2025-10-16T09:25:04.423Z,28.38,1.6,0.8333333333333334,450,16.39913312927527
2025-10-16T09:25:35.023Z,28.51,1.6,0.8333333333333334,450,16.35692808608136
2025-10-16T09:26:05.622Z,28.61,1.6,0.8333333333333334,450,16.3243005621705
2025-10-16T09:26:36.236Z,28.73,1.6,0.8333333333333334,450,16.285133221354585
2025-10-16T09:27:06.903Z,28.68,1.6,0.8333333333333334,450,16.301444050193282
2025-10-16T09:27:37.479Z,28.72,1.6,0.8333333333333334,450,16.288393587004457
2025-10-16T09:28:08.159Z,28.63,1.6,0.8333333333333334,450,16.31776938351896
2025-10-16T09:28:38.700Z,28.76,1.6,0.8333333333333334,450,16.27535920965645
2025-10-16T09:29:09.250Z,28.93,1.6,0.8333333333333334,450,16.22029601694134
2025-10-16T09:29:39.916Z,28.87,1.6,0.8333333333333334,450,16.239651860810035
2025-10-16T09:31:11.794Z,28.93,1.6,0.8333333333333334,450,16.22029601694134
2025-10-16T09:31:42.355Z,28.96,1.6,0.8333333333333334,450,16.210658944693446
2025-10-16T09:32:13.017Z,29.0,1.6,0.8333333333333334,450,16.197857668258166
2025-10-16T09:32:43.537Z,29.06,1.6,0.8333333333333334,450,16.17877103956988
2025-10-16T09:33:14.273Z,29.11,1.6,0.8333333333333334,450,16.16298367494192
2025-10-16T09:33:44.757Z,29.05,1.6,0.8333333333333334,450,16.18194185056613
2025-10-16T09:34:15.416Z,29.24,1.6,0.8333333333333334,450,16.122520706162753
2025-10-16T09:34:45.988Z,29.09,1.6,0.8333333333333334,450,16.169284929115733
2025-10-16T09:35:16.645Z,29.18,1.6,0.8333333333333334,450,16.141083965288164
2025-10-16T09:35:47.315Z,29.27,1.6,0.8333333333333334,450,16.113316926497998
2025-10-16T09:36:17.863Z,29.23,1.6,0.8333333333333334,450,16.125600432429714
2025-10-16T09:36:48.514Z,29.37,1.6,0.8333333333333334,450,16.08304455153244
2025-10-16T09:37:19.066Z,29.24,1.6,0.8333333333333334,450,16.122520706162753
2025-10-16T09:37:49.797Z,29.3,1.6,0.8333333333333334,450,16.10416788723024
2025-10-16T09:38:20.422Z,29.24,1.6,0.8333333333333334,450,16.122520706162753
2025-10-16T09:38:50.945Z,29.37,1.6,0.8333333333333334,450,16.08304455153244
2025-10-16T09:39:21.620Z,29.25,1.6,0.8333333333333334,450,16.11944682714775
2025-10-16T09:39:52.161Z,29.43,1.6,0.8333333333333334,450,16.06520414401875
2025-10-16T09:40:22.715Z,29.35,1.6,0.8333333333333334,450,16.089046737002946
2025-10-16T09:40:53.402Z,29.29,1.6,0.8333333333333334,450,16.107211355892623
2025-10-16T09:41:24.048Z,29.49,1.6,0.8333333333333334,450,16.047624573083812
2025-10-16T09:43:26.445Z,29.61,1.6,0.8333333333333334,450,16.013304137726443
2025-10-16T09:43:57.064Z,29.55,1.6,0.8333333333333334,450,16.03032009407054
2025-10-16T09:44:27.750Z,29.51,1.6,0.8333333333333334,450,16.041825167286184
2025-10-16T09:44:58.303Z,29.55,1.6,0.8333333333333334,450,16.03032009407054
2025-10-16T09:45:28.861Z,29.63,1.6,0.8333333333333334,450,16.00769846920745
2025-10-16T09:45:59.543Z,29.68,1.6,0.8333333333333334,450,15.993833600721366
2025-10-16T09:46:30.058Z,29.73,1.6,0.8333333333333334,450,15.980187307941833
2025-10-16T09:47:31.378Z,29.99,1.6,0.8333333333333334,450,15.912974678779694
2025-10-16T09:48:01.932Z,29.73,1.6,0.8333333333333334,450,15.980187307941833
2025-10-16T09:48:32.611Z,29.87,1.6,0.8333333333333334,450,15.943192110658742
2025-10-16T09:49:33.763Z,29.93,1.6,0.8333333333333334,450,15.927906586533748
2025-10-16T09:50:04.359Z,29.86,1.6,0.8333333333333334,450,15.945773533909074
2025-10-16T09:50:34.963Z,29.87,1.6,0.8333333333333334,450,15.943192110658742
2025-10-16T09:51:05.651Z,29.99,1.6,0.8333333333333334,450,15.912974678779694
2025-10-16T09:53:08.124Z,29.93,1.6,0.8333333333333334,450,15.927906586533748
2025-10-16T09:54:09.371Z,29.99,1.6,0.8333333333333334,450,15.912974678779694
2025-10-16T09:55:10.479Z,30.11,1.6,0.8333333333333334,450,15.884198913025834
2025-10-16T09:55:41.159Z,29.99,1.6,0.8333333333333334,450,15.912974678779694
2025-10-16T09:56:12.280Z,30.02,1.6,0.8333333333333334,450,15.905643562130518
2025-10-16T09:56:42.353Z,30.0,1.6,0.8333333333333334,450,15.910520913448664
2025-10-16T09:57:13.045Z,30.05,1.6,0.8333333333333334,450,15.898403413876869
2025-10-16T09:57:43.586Z,30.24,1.6,0.8333333333333334,450,15.854704267308872
2025-10-16T09:58:14.214Z,30.21,1.6,0.8333333333333334,450,15.861353520525881
2025-10-16T09:58:44.910Z,30.11,1.6,0.8333333333333334,450,15.884198913025834
2025-10-16T09:59:15.474Z,30.12,1.6,0.8333333333333334,450,15.88186753314055
2025-10-16T09:59:46.125Z,30.24,1.6,0.8333333333333334,450,15.854704267308872
2025-10-16T10:00:16.633Z,30.08,1.6,0.8333333333333334,450,15.891254970840794
2025-10-16T10:00:47.304Z,30.25,1.6,0.8333333333333334,450,15.852508954815878
2025-10-16T10:01:17.887Z,30.35,1.6,0.8333333333333334,450,15.831139121817342
2025-10-16T10:01:48.525Z,30.36,1.6,0.8333333333333334,450,15.829060658088515
2025-10-16T10:02:19.163Z,30.27,1.6,0.8333333333333334,450,15.84815006387818
2025-10-16T10:02:49.647Z,30.29,1.6,0.8333333333333334,450,15.843833560264219
2025-10-16T10:03:20.305Z,30.24,1.6,0.8333333333333334,450,15.854704267308872
2025-10-16T10:03:52.340Z,30.36,1.6,0.8333333333333334,450,15.829060658088515
2025-10-16T10:04:21.539Z,30.41,1.6,0.8333333333333334,450,15.818828391974979
2025-10-16T10:04:52.252Z,30.43,1.6,0.8333333333333334,450,15.814810223760839
2025-10-16T10:05:22.801Z,30.36,1.6,0.8333333333333334,450,15.829060658088515
2025-10-16T10:05:53.443Z,30.47,1.6,0.8333333333333334,450,15.806902028792576
2025-10-16T10:06:24.072Z,30.43,1.6,0.8333333333333334,450,15.814810223760839
2025-10-16T10:06:54.653Z,30.51,1.6,0.8333333333333334,450,15.79916457267051
2025-10-16T10:07:25.200Z,30.43,1.6,0.8333333333333334,450,15.814810223760839
2025-10-16T10:07:55.936Z,30.54,1.6,0.8333333333333334,450,15.793473357135039
2025-10-16T10:08:26.445Z,30.6,1.6,0.8333333333333334,450,15.782377746262775
2025-10-16T10:09:58.253Z,30.49,1.6,0.8333333333333334,450,15.803011972661421
2025-10-16T10:10:28.905Z,30.71,1.6,0.8333333333333334,450,15.76302188397813
2025-10-16T10:10:59.440Z,30.48,1.6,0.8333333333333334,450,15.804951666490297
2025-10-16T10:11:30.122Z,30.6,1.6,0.8333333333333334,450,15.782377746262775
2025-10-16T10:12:31.348Z,30.67,1.6,0.8333333333333334,450,15.769913591157213
2025-10-16T10:13:01.938Z,30.71,1.6,0.8333333333333334,450,15.76302188397813
2025-10-16T10:13:32.528Z,30.6,1.6,0.8333333333333334,450,15.782377746262775
2025-10-16T10:14:33.779Z,30.72,1.6,0.8333333333333334,450,15.761324996879793
2025-10-16T10:15:04.368Z,30.75,1.6,0.8333333333333334,450,15.75629651462568
2025-10-16T10:15:34.965Z,30.77,1.6,0.8333333333333334,450,15.752995794685106
2025-10-16T10:16:05.722Z,30.71,1.6,0.8333333333333334,450,15.76302188397813
2025-10-16T10:17:06.752Z,30.86,1.6,0.8333333333333334,450,15.73864788736415
2025-10-16T10:17:37.503Z,30.73,1.6,0.8333333333333334,450,15.759638486798808
2025-10-16T10:18:08.066Z,30.74,1.6,0.8333333333333334,450,15.757962333135865
2025-10-16T10:18:38.633Z,30.72,1.6,0.8333333333333334,450,15.761324996879793
2025-10-16T10:19:09.338Z,30.85,1.6,0.8333333333333334,450,15.740201611597959
2025-10-16T10:19:39.886Z,30.76,1.6,0.8333333333333334,450,15.75464100933987
2025-10-16T10:20:10.550Z,30.73,1.6,0.8333333333333334,450,15.759638486798808
2025-10-16T10:20:41.101Z,30.95,1.6,0.8333333333333334,450,15.72511194719064
2025-10-16T10:21:11.746Z,30.71,1.6,0.8333333333333334,450,15.76302188397813
2025-10-16T10:21:42.340Z,30.75,1.6,0.8333333333333334,450,15.75629651462568
2025-10-16T10:22:12.914Z,30.86,1.6,0.8333333333333334,450,15.73864788736415
2025-10-16T10:22:43.583Z,30.79,1.6,0.8333333333333334,450,15.74973614359812
2025-10-16T10:23:14.204Z,30.92,1.6,0.8333333333333334,450,15.72953507746799
2025-10-16T10:23:44.825Z,30.86,1.6,0.8333333333333334,450,15.73864788736415
2025-10-16T10:24:15.386Z,30.95,1.6,0.8333333333333334,450,15.72511194719064
2025-10-16T10:24:46.026Z,30.99,1.6,0.8333333333333334,450,15.719350592447942
2025-10-16T10:25:16.591Z,30.95,1.6,0.8333333333333334,450,15.72511194719064
2025-10-16T10:25:47.257Z,30.86,1.6,0.8333333333333334,450,15.73864788736415
2025-10-16T10:26:17.865Z,30.95,1.6,0.8333333333333334,450,15.72511194719064
2025-10-16T10:26:48.471Z,30.86,1.6,0.8333333333333334,450,15.73864788736415
2025-10-16T10:27:19.018Z,30.92,1.6,0.8333333333333334,450,15.72953507746799
2025-10-16T10:27:49.694Z,30.95,1.6,0.8333333333333334,450,15.72511194719064
2025-10-16T10:28:20.255Z,31.01,1.6,0.8333333333333334,450,15.716527612776193
2025-10-16T10:29:21.482Z,31.02,1.6,0.8333333333333334,450,15.715130414879118
2025-10-16T10:29:52.175Z,30.99,1.6,0.8333333333333334,450,15.719350592447942
2025-10-16T10:30:22.720Z,31.08,1.6,0.8333333333333334,450,15.70694480345215
2025-10-16T10:30:53.396Z,31.02,1.6,0.8333333333333334,450,15.715130414879118
2025-10-16T10:31:23.950Z,30.95,1.6,0.8333333333333334,450,15.72511194719064
2025-10-16T10:31:54.612Z,31.04,1.6,0.8333333333333334,450,15.712364406731123
2025-10-16T10:32:25.260Z,31.1,1.6,0.8333333333333334,450,15.704290536351797
2025-10-16T10:32:55.843Z,31.02,1.6,0.8333333333333334,450,15.715130414879118
2025-10-16T10:33:26.416Z,30.99,1.6,0.8333333333333334,450,15.719350592447942
2025-10-16T10:33:56.976Z,31.06,1.6,0.8333333333333334,450,15.709635979964952
2025-10-16T10:34:27.658Z,30.98,1.6,0.8333333333333334,450,15.720776450861308
2025-10-16T10:34:58.206Z,31.09,1.6,0.8333333333333334,450,15.705613077905998
2025-10-16T10:35:28.896Z,31.17,1.6,0.8333333333333334,450,15.69528611676616
2025-10-16T10:35:59.425Z,31.08,1.6,0.8333333333333334,450,15.70694480345215
2025-10-16T10:36:30.098Z,31.2,1.6,0.8333333333333334,450,15.691560241395607
2025-10-16T10:37:00.663Z,31.14,1.6,0.8333333333333334,450,15.699091318865467
2025-10-16T10:37:31.334Z,30.99,1.6,0.8333333333333334,450,15.719350592447942
2025-10-16T10:38:01.943Z,31.1,1.6,0.8333333333333334,450,15.704290536351797
2025-10-16T10:38:32.565Z,31.23,1.6,0.8333333333333334,450,15.68791235859327
2025-10-16T10:39:03.101Z,31.1,1.6,0.8333333333333334,450,15.704290536351797
2025-10-16T10:40:04.356Z,31.11,1.6,0.8333333333333334,450,15.702977134678736
2025-10-16T10:40:35.026Z,31.23,1.6,0.8333333333333334,450,15.68791235859327
2025-10-16T10:41:05.572Z,31.17,1.6,0.8333333333333334,450,15.69528611676616
2025-10-16T10:41:36.247Z,31.1,1.6,0.8333333333333334,450,15.704290536351797
2025-10-16T10:42:06.813Z,31.23,1.6,0.8333333333333334,450,15.68791235859327
2025-10-16T10:42:37.356Z,31.26,1.6,0.8333333333333334,450,15.684341087603293
2025-10-16T10:43:08.053Z,31.12,1.6,0.8333333333333334,450,15.701672828177022
2025-10-16T10:43:38.602Z,31.17,1.6,0.8333333333333334,450,15.69528611676616
2025-10-16T10:44:09.290Z,31.29,1.6,0.8333333333333334,450,15.680845001666956
2025-10-16T10:44:39.844Z,31.23,1.6,0.8333333333333334,450,15.68791235859327
2025-10-16T10:46:11.764Z,31.25,1.6,0.8333333333333334,450,15.685523085974328
2025-10-16T10:46:42.321Z,31.27,1.6,0.8333333333333334,450,15.683167443500418
2025-10-16T10:47:12.888Z,31.23,1.6,0.8333333333333334,450,15.68791235859327
2025-10-16T10:47:43.546Z,31.41,1.6,0.8333333333333334,450,15.667582397489761
2025-10-16T10:48:14.089Z,31.23,1.6,0.8333333333333334,450,15.68791235859327
2025-10-16T10:48:44.762Z,31.36,1.6,0.8333333333333334,450,15.672971500853723
2025-10-16T10:49:15.340Z,31.23,1.6,0.8333333333333334,450,15.68791235859327
2025-10-16T10:50:16.565Z,31.27,1.6,0.8333333333333334,450,15.683167443500418
2025-10-16T10:50:47.226Z,31.36,1.6,0.8333333333333334,450,15.672971500853723
2025-10-16T10:51:17.850Z,31.24,1.6,0.8333333333333334,450,15.686713492022776
2025-10-16T10:51:48.435Z,31.29,1.6,0.8333333333333334,450,15.680845001666956
2025-10-16T10:52:18.998Z,31.36,1.6,0.8333333333333334,450,15.672971500853723
2025-10-16T10:52:49.741Z,31.48,1.6,0.8333333333333334,450,15.66035032142657
2025-10-16T10:53:20.262Z,31.29,1.6,0.8333333333333334,450,15.680845001666956
2025-10-16T10:53:50.979Z,31.48,1.6,0.8333333333333334,450,15.66035032142657
2025-10-16T10:54:21.519Z,31.36,1.6,0.8333333333333334,450,15.672971500853723
2025-10-16T10:56:23.985Z,31.45,1.6,0.8333333333333334,450,15.663406241994286
2025-10-16T10:56:54.547Z,31.28,1.6,0.8333333333333334,450,15.682002099697202
2025-10-16T10:57:25.169Z,31.4,1.6,0.8333333333333334,450,15.668644998899376
2025-10-16T10:57:55.796Z,31.36,1.6,0.8333333333333334,450,15.672971500853723
2025-10-16T10:58:26.399Z,31.51,1.6,0.8333333333333334,450,15.657357776959346
2025-10-16T10:58:56.943Z,31.53,1.6,0.8333333333333334,450,15.655397076269349
2025-10-16T10:59:27.606Z,31.45,1.6,0.8333333333333334,450,15.663406241994286
2025-10-16T10:59:58.300Z,31.47,1.6,0.8333333333333334,450,15.66136183282506
2025-10-16T11:00:28.906Z,31.57,1.6,0.8333333333333334,450,15.651555635211736
2025-10-16T11:00:59.498Z,31.47,1.6,0.8333333333333334,450,15.66136183282506
2025-10-16T11:01:30.058Z,31.54,1.6,0.8333333333333334,450,15.654426823276626
2025-10-16T11:02:00.729Z,31.52,1.6,0.8333333333333334,450,15.65637403829652
2025-10-16T11:02:31.277Z,31.54,1.6,0.8333333333333334,450,15.654426823276626
2025-10-16T11:03:32.467Z,31.6,1.6,0.8333333333333334,450,15.648742348463045
2025-10-16T11:04:03.052Z,31.5,1.6,0.8333333333333334,450,15.65834835937071
2025-10-16T11:04:33.695Z,31.49,1.6,0.8333333333333334,450,15.659345852151361
2025-10-16T11:05:04.337Z,31.54,1.6,0.8333333333333334,450,15.654426823276626
2025-10-16T11:06:05.601Z,31.7,1.6,0.8333333333333334,450,15.639758191806031
2025-10-16T11:06:36.235Z,31.6,1.6,0.8333333333333334,450,15.648742348463045
2025-10-16T11:07:06.879Z,31.7,1.6,0.8333333333333334,450,15.639758191806031
2025-10-16T11:07:37.371Z,31.65,1.6,0.8333333333333334,450,15.644177021903062
2025-10-16T11:08:08.019Z,31.61,1.6,0.8333333333333334,450,15.647817125403133
2025-10-16T11:08:38.569Z,31.6,1.6,0.8333333333333334,450,15.648742348463045
2025-10-16T11:09:09.247Z,31.54,1.6,0.8333333333333334,450,15.654426823276626
2025-10-16T11:09:39.902Z,31.61,1.6,0.8333333333333334,450,15.647817125403133
2025-10-16T11:10:10.418Z,31.62,1.6,0.8333333333333334,450,15.64689805331444
2025-10-16T11:10:41.082Z,31.71,1.6,0.8333333333333334,450,15.638891189980075
2025-10-16T11:11:11.634Z,31.6,1.6,0.8333333333333334,450,15.648742348463045
2025-10-16T11:11:42.307Z,31.54,1.6,0.8333333333333334,450,15.654426823276626
2025-10-16T11:12:12.883Z,31.73,1.6,0.8333333333333334,450,15.6371733460611
2025-10-16T11:12:43.530Z,31.72,1.6,0.8333333333333334,450,15.638029600170732
2025-10-16T11:13:44.802Z,31.54,1.6,0.8333333333333334,450,15.654426823276626
2025-10-16T11:14:15.364Z,31.73,1.6,0.8333333333333334,450,15.6371733460611
2025-10-16T11:15:16.638Z,31.98,1.6,0.8333333333333334,450,15.617269449061482
2025-10-16T11:15:47.175Z,31.78,1.6,0.8333333333333334,450,15.632969410268462
2025-10-16T11:16:17.914Z,31.67,1.6,0.8333333333333334,450,15.642392426057285
2025-10-16T11:16:48.439Z,31.7,1.6,0.8333333333333334,450,15.639758191806031
2025-10-16T11:17:19.022Z,31.63,1.6,0.8333333333333334,450,15.645985060328865
2025-10-16T11:17:49.628Z,31.71,1.6,0.8333333333333334,450,15.638891189980075
2025-10-16T11:18:20.299Z,31.72,1.6,0.8333333333333334,450,15.638029600170732
2025-10-16T11:18:50.860Z,31.84,1.6,0.8333333333333334,450,15.628084459820155
2025-10-16T11:19:21.470Z,31.61,1.6,0.8333333333333334,450,15.647817125403133
2025-10-16T11:19:52.072Z,31.7,1.6,0.8333333333333334,450,15.639758191806031
2025-10-16T11:20:22.653Z,31.72,1.6,0.8333333333333334,450,15.638029600170732
2025-10-16T11:20:53.320Z,31.78,1.6,0.8333333333333334,450,15.632969410268462
2025-10-16T11:21:23.928Z,31.7,1.6,0.8333333333333334,450,15.639758191806031
2025-10-16T11:21:54.580Z,31.79,1.6,0.8333333333333334,450,15.6321435440465
2025-10-16T11:22:25.116Z,31.76,1.6,0.8333333333333334,450,15.634635828396634
2025-10-16T11:22:55.813Z,31.86,1.6,0.8333333333333334,450,15.62649210467083
2025-10-16T11:23:26.433Z,31.76,1.6,0.8333333333333334,450,15.634635828396634
2025-10-16T11:23:57.015Z,31.72,1.6,0.8333333333333334,450,15.638029600170732
2025-10-16T11:24:27.558Z,31.92,1.6,0.8333333333333334,450,15.621813762856778
2025-10-16T11:25:28.854Z,31.98,1.6,0.8333333333333334,450,15.617269449061482
2025-10-16T11:25:59.467Z,31.92,1.6,0.8333333333333334,450,15.621813762856778
2025-10-16T11:26:30.128Z,31.86,1.6,0.8333333333333334,450,15.62649210467083
2025-10-16T11:27:00.690Z,31.87,1.6,0.8333333333333334,450,15.625702303972123
2025-10-16T11:27:31.278Z,31.98,1.6,0.8333333333333334,450,15.617269449061482
2025-10-16T11:28:32.443Z,31.86,1.6,0.8333333333333334,450,15.62649210467083
2025-10-16T11:29:03.114Z,31.98,1.6,0.8333333333333334,450,15.617269449061482
2025-10-16T11:29:33.777Z,31.92,1.6,0.8333333333333334,450,15.621813762856778
2025-10-16T11:30:04.302Z,31.76,1.6,0.8333333333333334,450,15.634635828396634
2025-10-16T11:30:34.966Z,31.95,1.6,0.8333333333333334,450,15.619525995579775
2025-10-16T11:31:05.553Z,31.86,1.6,0.8333333333333334,450,15.62649210467083
2025-10-16T11:31:36.211Z,31.99,1.6,0.8333333333333334,450,15.616523804319467
2025-10-16T11:32:37.417Z,32.0,1.6,0.8333333333333334,450,15.615781284104987
2025-10-16T11:33:08.012Z,31.92,1.6,0.8333333333333334,450,15.621813762856778
2025-10-16T11:33:38.653Z,32.23,1.6,0.8333333333333334,450,15.599361525642463
2025-10-16T11:34:09.190Z,31.99,1.6,0.8333333333333334,450,15.616523804319467
2025-10-16T11:34:39.930Z,31.98,1.6,0.8333333333333334,450,15.617269449061482
2025-10-16T11:35:10.411Z,31.95,1.6,0.8333333333333334,450,15.619525995579775
2025-10-16T11:35:41.181Z,31.98,1.6,0.8333333333333334,450,15.617269449061482
2025-10-16T11:36:11.683Z,31.95,1.6,0.8333333333333334,450,15.619525995579775
2025-10-16T11:36:42.273Z,31.98,1.6,0.8333333333333334,450,15.617269449061482
2025-10-16T11:37:43.564Z,32.04,1.6,0.8333333333333334,450,15.61284070318261
2025-10-16T11:38:14.106Z,32.09,1.6,0.8333333333333334,450,15.60922473968597
2025-10-16T11:38:44.672Z,32.0,1.6,0.8333333333333334,450,15.615781284104987
2025-10-16T11:39:15.373Z,31.98,1.6,0.8333333333333334,450,15.617269449061482
2025-10-16T11:40:16.599Z,31.99,1.6,0.8333333333333334,450,15.616523804319467
2025-10-16T11:40:47.225Z,31.98,1.6,0.8333333333333334,450,15.617269449061482
2025-10-16T11:41:48.416Z,32.23,1.6,0.8333333333333334,450,15.599361525642463
2025-10-16T11:42:18.976Z,32.03,1.6,0.8333333333333334,450,15.613571598782148
2025-10-16T11:42:49.685Z,32.04,1.6,0.8333333333333334,450,15.61284070318261
2025-10-16T11:43:20.190Z,32.0,1.6,0.8333333333333334,450,15.615781284104987
2025-10-16T11:44:21.526Z,32.05,1.6,0.8333333333333334,450,15.612112493726023
2025-10-16T11:44:52.092Z,32.03,1.6,0.8333333333333334,450,15.613571598782148
2025-10-16T11:45:22.696Z,32.0,1.6,0.8333333333333334,450,15.615781284104987
2025-10-16T11:45:53.247Z,32.07,1.6,0.8333333333333334,450,15.610663778338264
2025-10-16T11:46:23.928Z,31.98,1.6,0.8333333333333334,450,15.617269449061482
2025-10-16T11:46:54.468Z,31.99,1.6,0.8333333333333334,450,15.616523804319467
2025-10-16T11:47:25.145Z,32.0,1.6,0.8333333333333334,450,15.615781284104987
2025-10-16T11:47:55.829Z,32.1,1.6,0.8333333333333334,450,15.608508624993469
2025-10-16T11:48:26.447Z,32.23,1.6,0.8333333333333334,450,15.599361525642463
2025-10-16T11:48:56.928Z,31.98,1.6,0.8333333333333334,450,15.617269449061482
2025-10-16T11:49:27.684Z,32.03,1.6,0.8333333333333334,450,15.613571598782148
2025-10-16T11:49:58.295Z,32.09,1.6,0.8333333333333334,450,15.60922473968597
2025-10-16T11:50:28.891Z,32.04,1.6,0.8333333333333334,450,15.61284070318261
2025-10-16T11:50:59.390Z,32.23,1.6,0.8333333333333334,450,15.599361525642463
2025-10-16T11:51:30.083Z,32.03,1.6,0.8333333333333334,450,15.613571598782148
2025-10-16T11:52:00.631Z,32.09,1.6,0.8333333333333334,450,15.60922473968597
2025-10-16T11:52:31.396Z,32.1,1.6,0.8333333333333334,450,15.608508624993469
2025-10-16T11:53:01.873Z,32.14,1.6,0.8333333333333334,450,15.605664756002959
2025-10-16T11:53:32.495Z,32.09,1.6,0.8333333333333334,450,15.60922473968597
2025-10-16T11:54:33.717Z,32.07,1.6,0.8333333333333334,450,15.610663778338264
2025-10-16T11:55:04.252Z,32.23,1.6,0.8333333333333334,450,15.599361525642463
2025-10-16T11:55:34.950Z,32.16,1.6,0.8333333333333334,450,15.60425390148143
2025-10-16T11:56:05.510Z,32.0,1.6,0.8333333333333334,450,15.615781284104987
2025-10-16T11:56:36.154Z,32.23,1.6,0.8333333333333334,450,15.599361525642463
2025-10-16T11:57:06.730Z,32.26,1.6,0.8333333333333334,450,15.597280931366065
2025-10-16T11:57:37.411Z,32.23,1.6,0.8333333333333334,450,15.599361525642463
2025-10-16T11:58:08.040Z,32.16,1.6,0.8333333333333334,450,15.60425390148143
2025-10-16T11:58:38.575Z,32.24,1.6,0.8333333333333334,450,15.598667168202779
2025-10-16T11:59:09.263Z,32.09,1.6,0.8333333333333334,450,15.60922473968597
2025-10-16T11:59:39.812Z,32.2,1.6,0.8333333333333334,450,15.601450681503096
2025-10-16T12:00:10.462Z,32.23,1.6,0.8333333333333334,450,15.599361525642463
2025-10-16T12:02:43.446Z,32.2,1.6,0.8333333333333334,450,15.601450681503096
2025-10-16T12:03:14.225Z,32.23,1.6,0.8333333333333334,450,15.599361525642463
2025-10-16T12:03:44.681Z,32.3,1.6,0.8333333333333334,450,15.594515722025498
2025-10-16T12:04:15.363Z,32.23,1.6,0.8333333333333334,450,15.599361525642463
2025-10-16T12:04:45.922Z,32.35,1.6,0.8333333333333334,450,15.591064971595193
2025-10-16T12:05:16.500Z,32.23,1.6,0.8333333333333334,450,15.599361525642463
2025-10-16T12:05:47.171Z,32.03,1.6,0.8333333333333334,450,15.613571598782148
2025-10-16T12:06:17.734Z,32.23,1.6,0.8333333333333334,450,15.599361525642463
2025-10-16T12:06:48.415Z,32.35,1.6,0.8333333333333334,450,15.591064971595193
2025-10-16T12:07:18.988Z,32.23,1.6,0.8333333333333334,450,15.599361525642463
2025-10-16T12:08:20.224Z,32.34,1.6,0.8333333333333334,450,15.591755120653628
2025-10-16T12:08:50.784Z,32.25,1.6,0.8333333333333334,450,15.597973668199039
2025-10-16T12:09:21.438Z,32.23,1.6,0.8333333333333334,450,15.599361525642463
2025-10-16T12:09:52.108Z,32.35,1.6,0.8333333333333334,450,15.591064971595193
2025-10-16T12:10:53.230Z,32.44,1.6,0.8333333333333334,450,15.58483333050539
2025-10-16T12:11:23.926Z,32.35,1.6,0.8333333333333334,450,15.591064971595193
2025-10-16T12:11:54.987Z,32.25,1.6,0.8333333333333334,450,15.597973668199039
2025-10-16T12:12:25.181Z,32.35,1.6,0.8333333333333334,450,15.591064971595193
2025-10-16T12:12:55.701Z,32.29,1.6,0.8333333333333334,450,15.595206353623784
2025-10-16T12:13:26.457Z,32.41,1.6,0.8333333333333334,450,15.586916647890781
2025-10-16T12:13:56.933Z,32.26,1.6,0.8333333333333334,450,15.597280931366065
2025-10-16T12:14:27.634Z,32.28,1.6,0.8333333333333334,450,15.595897368942737
2025-10-16T12:14:58.210Z,32.23,1.6,0.8333333333333334,450,15.599361525642463
2025-10-16T12:15:28.741Z,32.35,1.6,0.8333333333333334,450,15.591064971595193
2025-10-16T12:15:59.452Z,32.28,1.6,0.8333333333333334,450,15.595897368942737
2025-10-16T12:16:30.025Z,32.23,1.6,0.8333333333333334,450,15.599361525642463
2025-10-16T12:17:00.605Z,32.44,1.6,0.8333333333333334,450,15.58483333050539
2025-10-16T12:17:31.294Z,32.23,1.6,0.8333333333333334,450,15.599361525642463
2025-10-16T12:18:01.826Z,32.41,1.6,0.8333333333333334,450,15.586916647890781
2025-10-16T12:18:32.440Z,32.35,1.6,0.8333333333333334,450,15.591064971595193
2025-10-16T12:19:33.676Z,32.41,1.6,0.8333333333333334,450,15.586916647890781
2025-10-16T12:20:04.234Z,32.23,1.6,0.8333333333333334,450,15.599361525642463
2025-10-16T12:20:34.878Z,32.41,1.6,0.8333333333333334,450,15.586916647890781
2025-10-16T12:21:05.488Z,32.35,1.6,0.8333333333333334,450,15.591064971595193
2025-10-16T12:21:36.089Z,32.44,1.6,0.8333333333333334,450,15.58483333050539
2025-10-16T12:22:06.821Z,32.4,1.6,0.8333333333333334,450,15.587609405275806
2025-10-16T12:22:37.414Z,32.37,1.6,0.8333333333333334,450,15.589684000074566
2025-10-16T12:23:08.002Z,32.44,1.6,0.8333333333333334,450,15.58483333050539
2025-10-16T12:23:38.647Z,32.48,1.6,0.8333333333333334,450,15.582040135650491
2025-10-16T12:24:09.267Z,32.36,1.6,0.8333333333333334,450,15.590374630313399
2025-10-16T12:24:39.816Z,32.42,1.6,0.8333333333333334,450,15.586223114924653
2025-10-16T12:25:10.370Z,32.48,1.6,0.8333333333333334,450,15.582040135650491
2025-10-16T12:25:41.137Z,32.47,1.6,0.8333333333333334,450,15.582740383977956
2025-10-16T12:26:11.649Z,32.23,1.6,0.8333333333333334,450,15.599361525642463
2025-10-16T12:26:42.394Z,32.48,1.6,0.8333333333333334,450,15.582040135650491
2025-10-16T12:27:13.046Z,32.53,1.6,0.8333333333333334,450,15.578514943303187
2025-10-16T12:27:43.619Z,32.41,1.6,0.8333333333333334,450,15.586916647890781
2025-10-16T12:28:14.085Z,32.44,1.6,0.8333333333333334,450,15.58483333050539
2025-10-16T12:28:44.655Z,32.41,1.6,0.8333333333333334,450,15.586916647890781
2025-10-16T12:29:15.342Z,32.59,1.6,0.8333333333333334,450,15.57421888023929
2025-10-16T12:29:45.938Z,32.5,1.6,0.8333333333333334,450,15.580635146527005
2025-10-16T12:30:16.558Z,32.41,1.6,0.8333333333333334,450,15.586916647890781
2025-10-16T12:30:47.155Z,32.48,1.6,0.8333333333333334,450,15.582040135650491
2025-10-16T12:31:17.712Z,32.5,1.6,0.8333333333333334,450,15.580635146527005
2025-10-16T12:32:18.932Z,32.6,1.6,0.8333333333333334,450,15.57349448755782
2025-10-16T12:32:49.646Z,32.39,1.6,0.8333333333333334,450,15.588301484787042
2025-10-16T12:33:20.202Z,32.48,1.6,0.8333333333333334,450,15.582040135650491
2025-10-16T12:34:21.426Z,32.5,1.6,0.8333333333333334,450,15.580635146527005
2025-10-16T12:34:52.129Z,32.58,1.6,0.8333333333333334,450,15.57494071081451
2025-10-16T12:35:22.657Z,32.5,1.6,0.8333333333333334,450,15.580635146527005
2025-10-16T12:35:53.211Z,32.48,1.6,0.8333333333333334,450,15.582040135650491
2025-10-16T12:36:23.845Z,32.46,1.6,0.8333333333333334,450,15.583439266755132
2025-10-16T12:36:54.540Z,32.5,1.6,0.8333333333333334,450,15.580635146527005
2025-10-16T12:37:25.074Z,32.59,1.6,0.8333333333333334,450,15.57421888023929
2025-10-16T12:37:55.721Z,32.47,1.6,0.8333333333333334,450,15.582740383977956
2025-10-16T12:38:26.323Z,32.46,1.6,0.8333333333333334,450,15.583439266755132
2025-10-16T12:38:56.984Z,32.64,1.6,0.8333333333333334,450,15.57056928290173
2025-10-16T12:39:27.640Z,32.59,1.6,0.8333333333333334,450,15.57421888023929
2025-10-16T12:39:58.218Z,32.45,1.6,0.8333333333333334,450,15.584136882734786
2025-10-16T12:40:28.885Z,32.48,1.6,0.8333333333333334,450,15.582040135650491
2025-10-16T12:40:59.473Z,32.71,1.6,0.8333333333333334,450,15.56532823312686
2025-10-16T12:41:29.986Z,32.5,1.6,0.8333333333333334,450,15.580635146527005
2025-10-16T12:42:00.643Z,32.69,1.6,0.8333333333333334,450,15.566843030789757
2025-10-16T12:42:31.207Z,32.58,1.6,0.8333333333333334,450,15.57494071081451
2025-10-16T12:43:01.888Z,32.6,1.6,0.8333333333333334,450,15.57349448755782
2025-10-16T12:43:32.462Z,32.74,1.6,0.8333333333333334,450,15.563027466446218
2025-10-16T12:44:03.093Z,32.6,1.6,0.8333333333333334,450,15.57349448755782
2025-10-16T12:45:04.227Z,32.59,1.6,0.8333333333333334,450,15.57421888023929
2025-10-16T12:45:34.879Z,32.6,1.6,0.8333333333333334,450,15.57349448755782
2025-10-16T12:46:36.073Z,32.53,1.6,0.8333333333333334,450,15.578514943303187
2025-10-16T12:47:06.648Z,32.72,1.6,0.8333333333333334,450,15.564565221924546
2025-10-16T12:47:37.395Z,32.71,1.6,0.8333333333333334,450,15.56532823312686
2025-10-16T12:48:07.938Z,32.59,1.6,0.8333333333333334,450,15.57421888023929
2025-10-16T12:48:38.689Z,32.66,1.6,0.8333333333333334,450,15.569088688202168
2025-10-16T12:49:09.309Z,32.72,1.6,0.8333333333333334,450,15.564565221924546
2025-10-16T12:49:39.804Z,32.66,1.6,0.8333333333333334,450,15.569088688202168
2025-10-16T12:50:10.382Z,32.59,1.6,0.8333333333333334,450,15.57421888023929
2025-10-16T12:50:41.082Z,32.72,1.6,0.8333333333333334,450,15.564565221924546
2025-10-16T12:51:11.644Z,32.66,1.6,0.8333333333333334,450,15.569088688202168
2025-10-16T12:51:42.182Z,32.85,1.6,0.8333333333333334,450,15.554256170381192
2025-10-16T12:52:12.844Z,32.72,1.6,0.8333333333333334,450,15.564565221924546
2025-10-16T12:52:43.467Z,32.63,1.6,0.8333333333333334,450,15.571304930715787
2025-10-16T12:53:14.089Z,32.73,1.6,0.8333333333333334,450,15.563798333609304
2025-10-16T12:53:44.728Z,32.66,1.6,0.8333333333333334,450,15.569088688202168
2025-10-16T12:54:15.341Z,32.74,1.6,0.8333333333333334,450,15.563027466446218
2025-10-16T12:55:16.565Z,32.85,1.6,0.8333333333333334,450,15.554256170381192
2025-10-16T12:55:47.117Z,32.72,1.6,0.8333333333333334,450,15.564565221924546
2025-10-16T12:56:17.788Z,32.78,1.6,0.8333333333333334,450,15.559902172431562
2025-10-16T12:56:48.315Z,32.85,1.6,0.8333333333333334,450,15.554256170381192
2025-10-16T12:57:18.984Z,32.8,1.6,0.8333333333333334,450,15.558313002838759
2025-10-16T12:57:49.605Z,32.82,1.6,0.8333333333333334,450,15.556705062849096
2025-10-16T12:58:20.214Z,32.75,1.6,0.8333333333333334,450,15.562252518635024
2025-10-16T12:58:50.789Z,32.72,1.6,0.8333333333333334,450,15.564565221924546
2025-10-16T12:59:21.455Z,32.86,1.6,0.8333333333333334,450,15.553429601970112
2025-10-16T12:59:52.019Z,32.77,1.6,0.8333333333333334,450,15.56068997357124
2025-10-16T13:00:22.580Z,32.92,1.6,0.8333333333333334,450,15.548355186412577
2025-10-16T13:00:53.444Z,32.74,1.6,0.8333333333333334,450,15.563027466446218
2025-10-16T13:01:23.867Z,32.72,1.6,0.8333333333333334,450,15.564565221924546
2025-10-16T13:01:54.451Z,32.91,1.6,0.8333333333333334,450,15.549215125013625
2025-10-16T13:02:25.183Z,32.72,1.6,0.8333333333333334,450,15.564565221924546
2025-10-16T13:02:55.695Z,32.85,1.6,0.8333333333333334,450,15.554256170381192
2025-10-16T13:03:26.369Z,32.71,1.6,0.8333333333333334,450,15.56532823312686
2025-10-16T13:03:57.050Z,32.85,1.6,0.8333333333333334,450,15.554256170381192
2025-10-16T13:04:58.129Z,32.78,1.6,0.8333333333333334,450,15.559902172431562
2025-10-16T13:05:28.814Z,32.85,1.6,0.8333333333333334,450,15.554256170381192
2025-10-16T13:05:59.302Z,32.75,1.6,0.8333333333333334,450,15.562252518635024
2025-10-16T13:06:29.986Z,32.78,1.6,0.8333333333333334,450,15.559902172431562
2025-10-16T13:07:00.589Z,32.85,1.6,0.8333333333333334,450,15.554256170381192
2025-10-16T13:07:31.161Z,32.94,1.6,0.8333333333333334,450,15.546617447395978
2025-10-16T13:08:01.844Z,32.92,1.6,0.8333333333333334,450,15.548355186412577
2025-10-16T13:08:32.413Z,32.72,1.6,0.8333333333333334,450,15.564565221924546
2025-10-16T13:09:02.986Z,32.98,1.6,0.8333333333333334,450,15.54306765751976
2025-10-16T13:09:33.646Z,32.97,1.6,0.8333333333333334,450,15.5439646496818
2025-10-16T13:10:04.286Z,32.85,1.6,0.8333333333333334,450,15.554256170381192
2025-10-16T13:10:34.845Z,32.94,1.6,0.8333333333333334,450,15.546617447395978
2025-10-16T13:11:05.413Z,32.85,1.6,0.8333333333333334,450,15.554256170381192
2025-10-16T13:11:36.063Z,32.97,1.6,0.8333333333333334,450,15.5439646496818
2025-10-16T13:12:06.664Z,32.91,1.6,0.8333333333333334,450,15.549215125013625
2025-10-16T13:13:08.036Z,32.85,1.6,0.8333333333333334,450,15.554256170381192
2025-10-16T13:13:38.532Z,32.84,1.6,0.8333333333333334,450,15.555077535159961
2025-10-16T13:14:09.167Z,32.91,1.6,0.8333333333333334,450,15.549215125013625
2025-10-16T13:14:39.826Z,32.94,1.6,0.8333333333333334,450,15.546617447395978
2025-10-16T13:15:41.522Z,32.99,1.6,0.8333333333333334,450,15.54216413181226
2025-10-16T13:16:11.554Z,32.91,1.6,0.8333333333333334,450,15.549215125013625
2025-10-16T13:17:43.442Z,32.96,1.6,0.8333333333333334,450,15.544855210537413
2025-10-16T13:18:14.114Z,32.85,1.6,0.8333333333333334,450,15.554256170381192
2025-10-16T13:19:15.322Z,32.78,1.6,0.8333333333333334,450,15.559902172431562
2025-10-16T13:19:45.870Z,32.94,1.6,0.8333333333333334,450,15.546617447395978
2025-10-16T13:20:16.582Z,32.97,1.6,0.8333333333333334,450,15.5439646496818
2025-10-16T13:20:47.102Z,32.91,1.6,0.8333333333333334,450,15.549215125013625
2025-10-16T13:21:17.678Z,32.92,1.6,0.8333333333333334,450,15.548355186412577
2025-10-16T13:21:48.340Z,32.91,1.6,0.8333333333333334,450,15.549215125013625
2025-10-16T13:22:19.016Z,32.97,1.6,0.8333333333333334,450,15.5439646496818
2025-10-16T13:22:49.778Z,33.03,1.6,0.8333333333333334,450,15.53848264979958
2025-10-16T13:23:20.302Z,32.96,1.6,0.8333333333333334,450,15.544855210537413
2025-10-16T13:24:21.516Z,32.85,1.6,0.8333333333333334,450,15.554256170381192
2025-10-16T13:24:52.469Z,32.94,1.6,0.8333333333333334,450,15.546617447395978
2025-10-16T13:25:22.671Z,32.9,1.6,0.8333333333333334,450,15.550069246109882
2025-10-16T13:25:53.238Z,32.91,1.6,0.8333333333333334,450,15.549215125013625
2025-10-16T13:26:23.911Z,32.97,1.6,0.8333333333333334,450,15.5439646496818
2025-10-16T13:27:27.874Z,32.94,1.6,0.8333333333333334,450,15.546617447395978
2025-10-16T13:27:55.677Z,33.03,1.6,0.8333333333333334,450,15.53848264979958
2025-10-16T13:28:26.231Z,32.85,1.6,0.8333333333333334,450,15.554256170381192
2025-10-16T13:28:56.904Z,32.96,1.6,0.8333333333333334,450,15.544855210537413
2025-10-16T13:29:27.634Z,32.94,1.6,0.8333333333333334,450,15.546617447395978
2025-10-16T13:29:58.214Z,32.85,1.6,0.8333333333333334,450,15.554256170381192
2025-10-16T13:30:28.733Z,32.97,1.6,0.8333333333333334,450,15.5439646496818
2025-10-16T13:30:59.416Z,32.96,1.6,0.8333333333333334,450,15.544855210537413
2025-10-16T13:31:30.010Z,32.86,1.6,0.8333333333333334,450,15.553429601970112
2025-10-16T13:32:00.632Z,32.97,1.6,0.8333333333333334,450,15.5439646496818
2025-10-16T13:32:31.211Z,32.85,1.6,0.8333333333333334,450,15.554256170381192
2025-10-16T13:33:01.791Z,32.97,1.6,0.8333333333333334,450,15.5439646496818
2025-10-16T13:33:32.416Z,32.94,1.6,0.8333333333333334,450,15.546617447395978
2025-10-16T13:34:03.051Z,32.96,1.6,0.8333333333333334,450,15.544855210537413
2025-10-16T13:34:33.581Z,32.98,1.6,0.8333333333333334,450,15.54306765751976
2025-10-16T13:35:04.312Z,33.06,1.6,0.8333333333333334,450,15.535647931238973
2025-10-16T13:35:34.911Z,32.98,1.6,0.8333333333333334,450,15.54306765751976
2025-10-16T13:36:05.471Z,33.06,1.6,0.8333333333333334,450,15.535647931238973
2025-10-16T13:36:36.071Z,32.98,1.6,0.8333333333333334,450,15.54306765751976
2025-10-16T13:37:06.876Z,33.09,1.6,0.8333333333333334,450,15.532747061547482
2025-10-16T13:37:37.309Z,33.04,1.6,0.8333333333333334,450,15.537544923876647
2025-10-16T13:38:07.857Z,33.16,1.6,0.8333333333333334,450,15.525705681913347
2025-10-16T13:38:38.525Z,33.08,1.6,0.8333333333333334,450,15.533721538004926
2025-10-16T13:39:09.192Z,33.09,1.6,0.8333333333333334,450,15.532747061547482
2025-10-16T13:39:39.761Z,32.94,1.6,0.8333333333333334,450,15.546617447395978
2025-10-16T13:40:10.433Z,33.03,1.6,0.8333333333333334,450,15.53848264979958
2025-10-16T13:40:41.067Z,33.1,1.6,0.8333333333333334,450,15.5317649295228
2025-10-16T13:41:12.485Z,33.09,1.6,0.8333333333333334,450,15.532747061547482
2025-10-16T13:42:12.861Z,32.99,1.6,0.8333333333333334,450,15.54216413181226
2025-10-16T13:42:43.420Z,33.22,1.6,0.8333333333333334,450,15.519345279588215
2025-10-16T13:43:14.001Z,33.1,1.6,0.8333333333333334,450,15.5317649295228
2025-10-16T13:43:44.662Z,33.06,1.6,0.8333333333333334,450,15.535647931238973
2025-10-16T13:44:15.233Z,32.97,1.6,0.8333333333333334,450,15.5439646496818
2025-10-16T13:44:46.046Z,33.03,1.6,0.8333333333333334,450,15.53848264979958
2025-10-16T13:45:16.591Z,33.1,1.6,0.8333333333333334,450,15.5317649295228
2025-10-16T13:45:47.133Z,33.09,1.6,0.8333333333333334,450,15.532747061547482
2025-10-16T13:46:17.693Z,32.99,1.6,0.8333333333333334,450,15.54216413181226
2025-10-16T13:46:48.387Z,33.03,1.6,0.8333333333333334,450,15.53848264979958
2025-10-16T13:47:18.952Z,33.09,1.6,0.8333333333333334,450,15.532747061547482
2025-10-16T13:47:49.568Z,32.99,1.6,0.8333333333333334,450,15.54216413181226
2025-10-16T13:48:20.208Z,33.09,1.6,0.8333333333333334,450,15.532747061547482
2025-10-16T13:48:50.775Z,33.34,1.6,0.8333333333333334,450,15.50563402405301
2025-10-16T13:49:21.428Z,33.14,1.6,0.8333333333333334,450,15.527757813373363
2025-10-16T13:49:52.020Z,33.22,1.6,0.8333333333333334,450,15.519345279588215
2025-10-16T13:50:22.538Z,33.1,1.6,0.8333333333333334,450,15.5317649295228
2025-10-16T13:50:53.239Z,33.16,1.6,0.8333333333333334,450,15.525705681913347
2025-10-16T13:51:23.777Z,33.06,1.6,0.8333333333333334,450,15.535647931238973
2025-10-16T13:51:54.546Z,33.09,1.6,0.8333333333333334,450,15.532747061547482
2025-10-16T13:52:25.044Z,33.22,1.6,0.8333333333333334,450,15.519345279588215
2025-10-16T13:52:55.693Z,33.08,1.6,0.8333333333333334,450,15.533721538004926
2025-10-16T13:53:26.247Z,33.22,1.6,0.8333333333333334,450,15.519345279588215
2025-10-16T13:54:58.108Z,33.06,1.6,0.8333333333333334,450,15.535647931238973
2025-10-16T13:55:28.671Z,33.24,1.6,0.8333333333333334,450,15.517154453309228
2025-10-16T13:55:59.501Z,33.22,1.6,0.8333333333333334,450,15.519345279588215
2025-10-16T13:56:29.887Z,33.27,1.6,0.8333333333333334,450,15.513799176009389
2025-10-16T13:57:00.598Z,33.22,1.6,0.8333333333333334,450,15.519345279588215
2025-10-16T13:57:31.289Z,33.03,1.6,0.8333333333333334,450,15.53848264979958
2025-10-16T13:58:01.837Z,33.13,1.6,0.8333333333333334,450,15.528771583673
2025-10-16T13:58:32.475Z,33.04,1.6,0.8333333333333334,450,15.537544923876647
2025-10-16T13:59:02.970Z,33.34,1.6,0.8333333333333334,450,15.50563402405301
2025-10-16T13:59:33.650Z,33.22,1.6,0.8333333333333334,450,15.519345279588215
2025-10-16T14:00:04.220Z,33.24,1.6,0.8333333333333334,450,15.517154453309228
2025-10-16T14:00:34.939Z,33.09,1.6,0.8333333333333334,450,15.532747061547482
2025-10-16T14:01:05.417Z,33.22,1.6,0.8333333333333334,450,15.519345279588215
2025-10-16T14:02:06.685Z,33.23,1.6,0.8333333333333334,450,15.518254402101414
2025-10-16T14:02:37.320Z,33.34,1.6,0.8333333333333334,450,15.50563402405301
2025-10-16T14:03:07.833Z,33.24,1.6,0.8333333333333334,450,15.517154453309228
2025-10-16T14:03:38.555Z,33.22,1.6,0.8333333333333334,450,15.519345279588215
2025-10-16T14:04:39.757Z,33.08,1.6,0.8333333333333334,450,15.533721538004926
2025-10-16T14:05:10.324Z,33.22,1.6,0.8333333333333334,450,15.519345279588215
2025-10-16T14:06:11.529Z,33.09,1.6,0.8333333333333334,450,15.532747061547482
2025-10-16T14:06:42.202Z,33.27,1.6,0.8333333333333334,450,15.513799176009389
2025-10-16T14:07:12.816Z,33.16,1.6,0.8333333333333334,450,15.525705681913347
2025-10-16T14:07:43.454Z,33.27,1.6,0.8333333333333334,450,15.513799176009389
2025-10-16T14:08:13.968Z,33.23,1.6,0.8333333333333334,450,15.518254402101414
2025-10-16T14:08:44.789Z,33.22,1.6,0.8333333333333334,450,15.519345279588215
2025-10-16T14:09:15.214Z,33.34,1.6,0.8333333333333334,450,15.50563402405301
2025-10-16T14:09:45.901Z,33.22,1.6,0.8333333333333334,450,15.519345279588215
2025-10-16T14:11:17.631Z,33.24,1.6,0.8333333333333334,450,15.517154453309228
2025-10-16T14:11:48.309Z,33.23,1.6,0.8333333333333334,450,15.518254402101414
2025-10-16T14:12:18.852Z,33.34,1.6,0.8333333333333334,450,15.50563402405301
2025-10-16T14:12:49.639Z,33.22,1.6,0.8333333333333334,450,15.519345279588215
2025-10-16T14:13:50.806Z,33.24,1.6,0.8333333333333334,450,15.517154453309228
2025-10-16T14:15:22.613Z,33.34,1.6,0.8333333333333334,450,15.50563402405301
2025-10-16T14:15:53.144Z,33.47,1.6,0.8333333333333334,450,15.489122788919424
2025-10-16T14:16:23.828Z,33.34,1.6,0.8333333333333334,450,15.50563402405301
2025-10-16T14:16:54.435Z,33.38,1.6,0.8333333333333334,450,15.50074670812062
2025-10-16T14:17:25.059Z,33.23,1.6,0.8333333333333334,450,15.518254402101414
2025-10-16T14:17:55.594Z,33.26,1.6,0.8333333333333334,450,15.514926940452067
2025-10-16T14:18:26.271Z,33.24,1.6,0.8333333333333334,450,15.517154453309228
2025-10-16T14:19:27.545Z,33.22,1.6,0.8333333333333334,450,15.519345279588215
2025-10-16T14:19:58.320Z,33.29,1.6,0.8333333333333334,450,15.511515131091187
2025-10-16T14:20:28.775Z,33.25,1.6,0.8333333333333334,450,15.516045332843024
2025-10-16T14:20:59.307Z,33.22,1.6,0.8333333333333334,450,15.519345279588215
2025-10-16T14:22:00.508Z,33.34,1.6,0.8333333333333334,450,15.50563402405301
2025-10-16T14:22:31.177Z,33.24,1.6,0.8333333333333334,450,15.517154453309228
2025-10-16T14:23:02.475Z,33.22,1.6,0.8333333333333334,450,15.519345279588215
2025-10-16T14:23:32.397Z,33.31,1.6,0.8333333333333334,450,15.509192399648924
2025-10-16T14:24:02.940Z,33.35,1.6,0.8333333333333334,450,15.504427694432886
2025-10-16T14:24:33.593Z,33.34,1.6,0.8333333333333334,450,15.50563402405301
2025-10-16T14:25:04.169Z,33.47,1.6,0.8333333333333334,450,15.489122788919424
2025-10-16T14:25:34.836Z,33.24,1.6,0.8333333333333334,450,15.517154453309228
2025-10-16T14:26:05.455Z,33.41,1.6,0.8333333333333334,450,15.496970657697723
2025-10-16T14:26:36.032Z,33.27,1.6,0.8333333333333334,450,15.513799176009389
2025-10-16T14:27:06.618Z,33.22,1.6,0.8333333333333334,450,15.519345279588215
2025-10-16T14:27:37.250Z,33.27,1.6,0.8333333333333334,450,15.513799176009389
2025-10-16T14:28:07.952Z,33.47,1.6,0.8333333333333334,450,15.489122788919424
2025-10-16T14:29:09.193Z,33.34,1.6,0.8333333333333334,450,15.50563402405301
2025-10-16T14:29:39.806Z,33.47,1.6,0.8333333333333334,450,15.489122788919424
2025-10-16T14:30:40.981Z,33.22,1.6,0.8333333333333334,450,15.519345279588215
2025-10-16T14:31:11.542Z,33.34,1.6,0.8333333333333334,450,15.50563402405301
2025-10-16T14:31:42.289Z,33.44,1.6,0.8333333333333334,450,15.493096895699134
2025-10-16T14:32:12.755Z,33.36,1.6,0.8333333333333334,450,15.503211097687863
2025-10-16T14:32:43.455Z,33.48,1.6,0.8333333333333334,450,15.48777533484999
2025-10-16T14:33:13.970Z,33.49,1.6,0.8333333333333334,450,15.486416343739432
2025-10-16T14:33:44.649Z,33.34,1.6,0.8333333333333334,450,15.50563402405301
2025-10-16T14:34:15.171Z,33.22,1.6,0.8333333333333334,450,15.519345279588215
2025-10-16T14:34:45.846Z,33.48,1.6,0.8333333333333334,450,15.48777533484999
2025-10-16T14:35:16.485Z,33.34,1.6,0.8333333333333334,450,15.50563402405301
2025-10-16T14:35:47.094Z,33.5,1.6,0.8333333333333334,450,15.48504571920227
2025-10-16T14:36:17.607Z,33.34,1.6,0.8333333333333334,450,15.50563402405301
2025-10-16T14:36:48.287Z,33.47,1.6,0.8333333333333334,450,15.489122788919424
2025-10-16T14:38:50.778Z,33.5,1.6,0.8333333333333334,450,15.48504571920227
2025-10-16T14:39:21.329Z,33.41,1.6,0.8333333333333334,450,15.496970657697723
2025-10-16T14:39:51.894Z,33.49,1.6,0.8333333333333334,450,15.486416343739432
2025-10-16T14:40:22.552Z,33.34,1.6,0.8333333333333334,450,15.50563402405301
2025-10-16T14:40:53.235Z,33.41,1.6,0.8333333333333334,450,15.496970657697723
2025-10-16T14:41:23.782Z,33.35,1.6,0.8333333333333334,450,15.504427694432886
2025-10-16T14:41:54.457Z,33.27,1.6,0.8333333333333334,450,15.513799176009389
2025-10-16T14:42:25.102Z,33.44,1.6,0.8333333333333334,450,15.493096895699134
2025-10-16T14:42:55.678Z,33.47,1.6,0.8333333333333334,450,15.489122788919424
2025-10-16T14:43:26.230Z,33.35,1.6,0.8333333333333334,450,15.504427694432886
2025-10-16T14:43:56.920Z,33.51,1.6,0.8333333333333334,450,15.483663365054735
2025-10-16T14:44:27.458Z,33.45,1.6,0.8333333333333334,450,15.491783472468345
2025-10-16T14:44:58.019Z,33.47,1.6,0.8333333333333334,450,15.489122788919424
2025-10-16T14:46:29.919Z,33.51,1.6,0.8333333333333334,450,15.483663365054735
2025-10-16T14:47:00.462Z,33.34,1.6,0.8333333333333334,450,15.50563402405301
2025-10-16T14:47:31.155Z,33.25,1.6,0.8333333333333334,450,15.516045332843024
2025-10-16T14:48:01.730Z,33.34,1.6,0.8333333333333334,450,15.50563402405301
2025-10-16T14:48:32.394Z,33.47,1.6,0.8333333333333334,450,15.489122788919424
2025-10-16T14:49:02.946Z,33.51,1.6,0.8333333333333334,450,15.483663365054735
2025-10-16T14:49:33.625Z,33.53,1.6,0.8333333333333334,450,15.48086308422116
2025-10-16T14:50:04.195Z,33.49,1.6,0.8333333333333334,450,15.486416343739432
2025-10-16T14:50:34.847Z,33.47,1.6,0.8333333333333334,450,15.489122788919424
2025-10-16T14:51:05.370Z,33.41,1.6,0.8333333333333334,450,15.496970657697723
2025-10-16T14:51:35.973Z,33.52,1.6,0.8333333333333334,450,15.482269185317934
2025-10-16T14:54:09.092Z,33.47,1.6,0.8333333333333334,450,15.489122788919424
2025-10-16T14:55:10.316Z,33.53,1.6,0.8333333333333334,450,15.48086308422116
2025-10-16T14:55:40.981Z,33.57,1.6,0.8333333333333334,450,15.475117558287407
2025-10-16T14:56:11.517Z,33.47,1.6,0.8333333333333334,450,15.489122788919424
2025-10-16T14:57:43.431Z,33.52,1.6,0.8333333333333334,450,15.482269185317934
2025-10-16T14:59:15.206Z,33.58,1.6,0.8333333333333334,450,15.473650421338737
2025-10-16T14:59:45.755Z,33.49,1.6,0.8333333333333334,450,15.486416343739432
2025-10-16T15:00:47.076Z,33.47,1.6,0.8333333333333334,450,15.489122788919424
2025-10-16T15:02:18.861Z,33.52,1.6,0.8333333333333334,450,15.482269185317934
2025-10-16T15:02:49.646Z,33.47,1.6,0.8333333333333334,450,15.489122788919424
2025-10-16T15:03:20.169Z,33.64,1.6,0.8333333333333334,450,15.464581989800386
2025-10-16T15:03:50.757Z,33.59,1.6,0.8333333333333334,450,15.472170792953746
2025-10-16T15:04:21.842Z,33.52,1.6,0.8333333333333334,450,15.482269185317934
2025-10-16T15:04:51.890Z,33.47,1.6,0.8333333333333334,450,15.489122788919424
2025-10-16T15:05:22.558Z,33.48,1.6,0.8333333333333334,450,15.48777533484999
2025-10-16T15:05:53.262Z,33.58,1.6,0.8333333333333334,450,15.473650421338737
2025-10-16T15:06:23.892Z,33.53,1.6,0.8333333333333334,450,15.48086308422116
2025-10-16T15:06:54.506Z,33.51,1.6,0.8333333333333334,450,15.483663365054735
2025-10-16T15:07:25.125Z,33.53,1.6,0.8333333333333334,450,15.48086308422116
2025-10-16T15:07:55.789Z,33.52,1.6,0.8333333333333334,450,15.482269185317934
2025-10-16T15:08:26.214Z,33.48,1.6,0.8333333333333334,450,15.48777533484999
2025-10-16T15:08:56.854Z,33.49,1.6,0.8333333333333334,450,15.486416343739432
2025-10-16T15:09:27.423Z,33.52,1.6,0.8333333333333334,450,15.482269185317934
2025-10-16T15:10:28.666Z,33.48,1.6,0.8333333333333334,450,15.48777533484999
2025-10-16T15:10:59.232Z,33.52,1.6,0.8333333333333334,450,15.482269185317934
2025-10-16T15:11:29.815Z,33.47,1.6,0.8333333333333334,450,15.489122788919424
2025-10-16T15:12:00.471Z,33.49,1.6,0.8333333333333334,450,15.486416343739432
2025-10-16T15:12:31.210Z,33.48,1.6,0.8333333333333334,450,15.48777533484999
2025-10-16T15:13:01.725Z,33.53,1.6,0.8333333333333334,450,15.48086308422116
2025-10-16T15:13:32.382Z,33.69,1.6,0.8333333333333334,450,15.456666868183074
2025-10-16T15:14:03.037Z,33.65,1.6,0.8333333333333334,450,15.463025442317605
2025-10-16T15:14:33.598Z,33.53,1.6,0.8333333333333334,450,15.48086308422116
2025-10-16T15:15:04.118Z,33.47,1.6,0.8333333333333334,450,15.489122788919424
2025-10-16T15:16:05.403Z,33.5,1.6,0.8333333333333334,450,15.48504571920227
2025-10-16T15:16:36.136Z,33.59,1.6,0.8333333333333334,450,15.472170792953746
2025-10-16T15:17:06.630Z,33.52,1.6,0.8333333333333334,450,15.482269185317934
2025-10-16T15:17:37.262Z,33.7,1.6,0.8333333333333334,450,15.45504366786388
2025-10-16T15:18:07.786Z,33.49,1.6,0.8333333333333334,450,15.486416343739432
2025-10-16T15:18:38.549Z,33.62,1.6,0.8333333333333334,450,15.467656018090729
2025-10-16T15:19:09.129Z,33.53,1.6,0.8333333333333334,450,15.48086308422116
2025-10-16T15:19:39.670Z,33.65,1.6,0.8333333333333334,450,15.463025442317605
2025-10-16T15:20:10.393Z,33.49,1.6,0.8333333333333334,450,15.486416343739432
2025-10-16T15:20:40.893Z,33.58,1.6,0.8333333333333334,450,15.473650421338737
2025-10-16T15:21:11.518Z,33.49,1.6,0.8333333333333334,450,15.486416343739432
2025-10-16T15:21:42.137Z,33.65,1.6,0.8333333333333334,450,15.463025442317605
2025-10-16T15:22:12.800Z,33.7,1.6,0.8333333333333334,450,15.45504366786388
2025-10-16T15:22:43.343Z,33.52,1.6,0.8333333333333334,450,15.482269185317934
2025-10-16T15:23:13.920Z,33.62,1.6,0.8333333333333334,450,15.467656018090729
2025-10-16T15:23:44.556Z,33.71,1.6,0.8333333333333334,450,15.453406861444712
2025-10-16T15:24:15.277Z,33.77,1.6,0.8333333333333334,450,15.443295204906295
2025-10-16T15:24:45.850Z,33.7,1.6,0.8333333333333334,450,15.45504366786388
2025-10-16T15:25:16.544Z,33.58,1.6,0.8333333333333334,450,15.473650421338737
2025-10-16T15:25:46.994Z,33.6,1.6,0.8333333333333334,450,15.47067857890659
2025-10-16T15:26:17.725Z,33.65,1.6,0.8333333333333334,450,15.463025442317605
2025-10-16T15:26:48.231Z,33.58,1.6,0.8333333333333334,450,15.473650421338737
2025-10-16T15:27:18.993Z,33.69,1.6,0.8333333333333334,450,15.456666868183074
2025-10-16T15:27:49.446Z,33.52,1.6,0.8333333333333334,450,15.482269185317934
2025-10-16T15:28:20.098Z,33.69,1.6,0.8333333333333334,450,15.456666868183074
2025-10-16T15:28:50.654Z,33.52,1.6,0.8333333333333334,450,15.482269185317934
2025-10-16T15:29:21.388Z,33.65,1.6,0.8333333333333334,450,15.463025442317605
2025-10-16T15:29:51.908Z,33.7,1.6,0.8333333333333334,450,15.45504366786388
2025-10-16T15:30:22.576Z,33.53,1.6,0.8333333333333334,450,15.48086308422116
2025-10-16T15:30:53.130Z,33.65,1.6,0.8333333333333334,450,15.463025442317605
2025-10-16T15:31:23.797Z,33.59,1.6,0.8333333333333334,450,15.472170792953746
2025-10-16T15:31:54.350Z,33.69,1.6,0.8333333333333334,450,15.456666868183074
2025-10-16T15:32:24.945Z,33.59,1.6,0.8333333333333334,450,15.472170792953746
2025-10-16T15:33:26.238Z,33.69,1.6,0.8333333333333334,450,15.456666868183074
2025-10-16T15:33:56.846Z,33.84,1.6,0.8333333333333334,450,15.430849088690296
2025-10-16T15:34:27.410Z,33.69,1.6,0.8333333333333334,450,15.456666868183074
2025-10-16T15:34:58.063Z,33.72,1.6,0.8333333333333334,450,15.451756357694624
2025-10-16T15:35:28.609Z,33.71,1.6,0.8333333333333334,450,15.453406861444712
2025-10-16T15:35:59.281Z,33.69,1.6,0.8333333333333334,450,15.456666868183074
2025-10-16T15:37:00.613Z,33.56,1.6,0.8333333333333334,450,15.476572298255407
2025-10-16T15:37:31.077Z,33.97,1.6,0.8333333333333334,450,15.405781067688629
2025-10-16T15:38:01.711Z,33.71,1.6,0.8333333333333334,450,15.453406861444712
2025-10-16T15:38:32.266Z,33.75,1.6,0.8333333333333334,450,15.446721754208776
2025-10-16T15:39:02.911Z,33.71,1.6,0.8333333333333334,450,15.453406861444712
2025-10-16T15:39:33.596Z,33.65,1.6,0.8333333333333334,450,15.463025442317605
2025-10-16T15:40:04.168Z,33.71,1.6,0.8333333333333334,450,15.453406861444712
2025-10-16T15:40:34.821Z,33.62,1.6,0.8333333333333334,450,15.467656018090729
2025-10-16T15:41:05.332Z,33.71,1.6,0.8333333333333334,450,15.453406861444712
2025-10-16T15:41:35.926Z,33.75,1.6,0.8333333333333334,450,15.446721754208776
2025-10-16T15:42:06.593Z,33.73,1.6,0.8333333333333334,450,15.45009206565297
2025-10-16T15:42:37.259Z,33.71,1.6,0.8333333333333334,450,15.453406861444712
2025-10-16T15:43:08.001Z,33.84,1.6,0.8333333333333334,450,15.430849088690296
2025-10-16T15:43:38.564Z,33.69,1.6,0.8333333333333334,450,15.456666868183074
2025-10-16T15:44:09.021Z,33.7,1.6,0.8333333333333334,450,15.45504366786388
2025-10-16T15:44:39.746Z,33.71,1.6,0.8333333333333334,450,15.453406861444712
2025-10-16T15:45:10.243Z,33.65,1.6,0.8333333333333334,450,15.463025442317605
2025-10-16T15:45:40.917Z,33.64,1.6,0.8333333333333334,450,15.464581989800386
2025-10-16T15:46:11.461Z,33.63,1.6,0.8333333333333334,450,15.466125484048032
2025-10-16T15:46:42.135Z,33.73,1.6,0.8333333333333334,450,15.45009206565297
2025-10-16T15:47:12.793Z,33.69,1.6,0.8333333333333334,450,15.456666868183074
2025-10-16T15:47:43.284Z,33.81,1.6,0.8333333333333334,450,15.436270526427442
2025-10-16T15:48:13.904Z,33.7,1.6,0.8333333333333334,450,15.45504366786388
2025-10-16T15:48:44.496Z,33.71,1.6,0.8333333333333334,450,15.453406861444712
2025-10-16T15:49:15.176Z,33.65,1.6,0.8333333333333334,450,15.463025442317605
2025-10-16T15:49:45.728Z,33.58,1.6,0.8333333333333334,450,15.473650421338737
2025-10-16T15:50:16.466Z,33.72,1.6,0.8333333333333334,450,15.451756357694624
2025-10-16T15:50:47.034Z,33.71,1.6,0.8333333333333334,450,15.453406861444712
2025-10-16T15:51:17.734Z,33.69,1.6,0.8333333333333334,450,15.456666868183074
2025-10-16T15:51:48.215Z,33.77,1.6,0.8333333333333334,450,15.443295204906295
2025-10-16T15:52:18.777Z,33.74,1.6,0.8333333333333334,450,15.448413894629441
2025-10-16T15:52:49.467Z,33.7,1.6,0.8333333333333334,450,15.45504366786388
2025-10-16T15:53:20.052Z,33.66,1.6,0.8333333333333334,450,15.4614557488182
2025-10-16T15:53:50.698Z,33.69,1.6,0.8333333333333334,450,15.456666868183074
2025-10-16T15:54:21.295Z,33.71,1.6,0.8333333333333334,450,15.453406861444712
2025-10-16T15:54:51.909Z,33.74,1.6,0.8333333333333334,450,15.448413894629441
2025-10-16T15:55:22.464Z,33.7,1.6,0.8333333333333334,450,15.45504366786388
2025-10-16T15:55:53.201Z,33.71,1.6,0.8333333333333334,450,15.453406861444712
2025-10-16T15:56:23.696Z,33.73,1.6,0.8333333333333334,450,15.45009206565297
2025-10-16T15:56:54.379Z,33.77,1.6,0.8333333333333334,450,15.443295204906295
2025-10-16T15:57:25.089Z,33.86,1.6,0.8333333333333334,450,15.427160654145503
2025-10-16T15:57:55.496Z,33.84,1.6,0.8333333333333334,450,15.430849088690296
2025-10-16T15:58:26.208Z,33.77,1.6,0.8333333333333334,450,15.443295204906295
2025-10-16T15:58:57.153Z,33.7,1.6,0.8333333333333334,450,15.45504366786388
2025-10-16T15:59:27.805Z,33.74,1.6,0.8333333333333334,450,15.448413894629441
2025-10-16T15:59:58.015Z,33.71,1.6,0.8333333333333334,450,15.453406861444712
2025-10-16T16:00:28.655Z,33.84,1.6,0.8333333333333334,450,15.430849088690296
2025-10-16T16:00:59.350Z,33.71,1.6,0.8333333333333334,450,15.453406861444712
2025-10-16T16:01:29.780Z,33.97,1.6,0.8333333333333334,450,15.405781067688629
2025-10-16T16:02:00.491Z,33.75,1.6,0.8333333333333334,450,15.446721754208776
2025-10-16T16:02:31.174Z,33.84,1.6,0.8333333333333334,450,15.430849088690296
2025-10-16T16:03:01.598Z,33.73,1.6,0.8333333333333334,450,15.45009206565297
2025-10-16T16:03:32.295Z,33.84,1.6,0.8333333333333334,450,15.430849088690296
2025-10-16T16:04:02.854Z,33.72,1.6,0.8333333333333334,450,15.451756357694624
2025-10-16T16:04:33.518Z,33.84,1.6,0.8333333333333334,450,15.430849088690296
2025-10-16T16:05:34.709Z,33.97,1.6,0.8333333333333334,450,15.405781067688629
2025-10-16T16:06:05.356Z,33.84,1.6,0.8333333333333334,450,15.430849088690296
2025-10-16T16:06:35.963Z,33.7,1.6,0.8333333333333334,450,15.45504366786388
2025-10-16T16:07:06.566Z,33.77,1.6,0.8333333333333334,450,15.443295204906295
2025-10-16T16:08:07.801Z,33.83,1.6,0.8333333333333334,450,15.432670975634679
2025-10-16T16:08:38.458Z,33.9,1.6,0.8333333333333334,450,15.419602711478085
2025-10-16T16:09:09.013Z,33.97,1.6,0.8333333333333334,450,15.405781067688629
2025-10-16T16:09:39.732Z,33.83,1.6,0.8333333333333334,450,15.432670975634679
2025-10-16T16:10:10.238Z,33.84,1.6,0.8333333333333334,450,15.430849088690296
2025-10-16T16:10:40.961Z,33.89,1.6,0.8333333333333334,450,15.421515047221508
2025-10-16T16:11:11.438Z,33.77,1.6,0.8333333333333334,450,15.443295204906295
2025-10-16T16:11:42.134Z,33.84,1.6,0.8333333333333334,450,15.430849088690296
2025-10-16T16:12:43.390Z,33.85,1.6,0.8333333333333334,450,15.429012343929774
2025-10-16T16:13:13.886Z,33.97,1.6,0.8333333333333334,450,15.405781067688629
2025-10-16T16:14:15.097Z,33.84,1.6,0.8333333333333334,450,15.430849088690296
2025-10-16T16:14:45.680Z,33.97,1.6,0.8333333333333334,450,15.405781067688629
2025-10-16T16:15:16.450Z,33.71,1.6,0.8333333333333334,450,15.453406861444712
2025-10-16T16:15:46.928Z,33.97,1.6,0.8333333333333334,450,15.405781067688629
2025-10-16T16:16:17.618Z,33.71,1.6,0.8333333333333334,450,15.453406861444712
2025-10-16T16:16:48.164Z,33.97,1.6,0.8333333333333334,450,15.405781067688629
2025-10-16T16:17:49.449Z,33.77,1.6,0.8333333333333334,450,15.443295204906295
2025-10-16T16:18:20.072Z,33.97,1.6,0.8333333333333334,450,15.405781067688629
2025-10-16T16:19:21.305Z,33.71,1.6,0.8333333333333334,450,15.453406861444712
2025-10-16T16:19:51.828Z,33.84,1.6,0.8333333333333334,450,15.430849088690296
2025-10-16T16:20:22.509Z,33.97,1.6,0.8333333333333334,450,15.405781067688629
2025-10-16T16:21:23.735Z,33.9,1.6,0.8333333333333334,450,15.419602711478085
2025-10-16T16:21:54.346Z,33.97,1.6,0.8333333333333334,450,15.405781067688629
2025-10-16T16:28:32.276Z,34.06,1.6,0.8333333333333334,450,15.386856923923869
2025-10-16T16:29:02.911Z,33.9,1.6,0.8333333333333334,450,15.419602711478085
2025-10-16T16:29:33.482Z,33.97,1.6,0.8333333333333334,450,15.405781067688629
2025-10-16T16:30:34.758Z,33.9,1.6,0.8333333333333334,450,15.419602711478085
2025-10-16T16:31:05.308Z,34.01,1.6,0.8333333333333334,450,15.397533569955275
2025-10-16T16:31:35.920Z,33.83,1.6,0.8333333333333334,450,15.432670975634679
2025-10-16T16:32:06.599Z,33.97,1.6,0.8333333333333334,450,15.405781067688629
2025-10-16T16:32:37.110Z,34.0,1.6,0.8333333333333334,450,15.399619683969146
2025-10-16T16:33:07.783Z,33.97,1.6,0.8333333333333334,450,15.405781067688629
2025-10-16T16:35:41.048Z,33.93,1.6,0.8333333333333334,450,15.413773105017171
2025-10-16T16:36:11.391Z,33.97,1.6,0.8333333333333334,450,15.405781067688629
2025-10-16T16:37:12.681Z,33.9,1.6,0.8333333333333334,450,15.419602711478085
2025-10-16T16:37:43.377Z,33.84,1.6,0.8333333333333334,450,15.430849088690296
2025-10-16T16:39:15.274Z,33.97,1.6,0.8333333333333334,450,15.405781067688629
2025-10-16T16:41:17.587Z,33.98,1.6,0.8333333333333334,450,15.403743350358152
2025-10-16T16:41:48.118Z,33.97,1.6,0.8333333333333334,450,15.405781067688629
2025-10-16T16:43:50.579Z,33.84,1.6,0.8333333333333334,450,15.430849088690296
2025-10-16T16:44:21.238Z,33.9,1.6,0.8333333333333334,450,15.419602711478085
2025-10-16T16:44:51.896Z,33.97,1.6,0.8333333333333334,450,15.405781067688629
2025-10-16T16:45:53.095Z,33.84,1.6,0.8333333333333334,450,15.430849088690296
2025-10-16T16:46:23.669Z,33.97,1.6,0.8333333333333334,450,15.405781067688629
2025-10-16T16:46:54.303Z,34.0,1.6,0.8333333333333334,450,15.399619683969146
2025-10-16T16:47:24.907Z,33.99,1.6,0.8333333333333334,450,15.401689583335415
2025-10-16T16:47:55.564Z,33.97,1.6,0.8333333333333334,450,15.405781067688629
2025-10-16T16:48:56.760Z,33.9,1.6,0.8333333333333334,450,15.419602711478085
2025-10-16T16:49:27.319Z,33.97,1.6,0.8333333333333334,450,15.405781067688629
2025-10-16T16:50:28.522Z,33.9,1.6,0.8333333333333334,450,15.419602711478085
2025-10-16T16:50:59.198Z,33.97,1.6,0.8333333333333334,450,15.405781067688629
2025-10-16T16:52:00.447Z,34.03,1.6,0.8333333333333334,450,15.393312370499569
2025-10-16T16:52:30.987Z,34.02,1.6,0.8333333333333334,450,15.395431159334757
2025-10-16T16:53:01.701Z,33.84,1.6,0.8333333333333334,450,15.430849088690296
2025-10-16T16:53:32.253Z,33.9,1.6,0.8333333333333334,450,15.419602711478085
2025-10-16T16:54:02.830Z,33.99,1.6,0.8333333333333334,450,15.401689583335415
2025-10-16T16:54:33.463Z,33.97,1.6,0.8333333333333334,450,15.405781067688629
2025-10-16T16:55:04.532Z,33.96,1.6,0.8333333333333334,450,15.407802818318817
2025-10-16T16:55:34.651Z,33.81,1.6,0.8333333333333334,450,15.436270526427442
2025-10-16T16:56:05.379Z,33.84,1.6,0.8333333333333334,450,15.430849088690296
2025-10-16T16:57:06.453Z,33.77,1.6,0.8333333333333334,450,15.443295204906295
2025-10-16T16:57:37.083Z,33.73,1.6,0.8333333333333334,450,15.45009206565297
2025-10-16T16:58:07.906Z,33.84,1.6,0.8333333333333334,450,15.430849088690296
2025-10-16T16:58:38.325Z,33.97,1.6,0.8333333333333334,450,15.405781067688629
2025-10-16T17:02:12.638Z,33.87,1.6,0.8333333333333334,450,15.425293932438873
2025-10-16T17:02:43.197Z,33.97,1.6,0.8333333333333334,450,15.405781067688629
2025-10-16T17:05:16.324Z,34.03,1.6,0.8333333333333334,450,15.393312370499569
2025-10-16T17:05:46.876Z,33.97,1.6,0.8333333333333334,450,15.405781067688629
2025-10-16T17:06:48.109Z,33.75,1.6,0.8333333333333334,450,15.446721754208776
2025-10-16T17:07:18.808Z,33.99,1.6,0.8333333333333334,450,15.401689583335415
2025-10-16T17:07:49.321Z,33.86,1.6,0.8333333333333334,450,15.427160654145503
2025-10-16T17:08:20.192Z,33.77,1.6,0.8333333333333334,450,15.443295204906295
2025-10-16T17:08:50.544Z,33.84,1.6,0.8333333333333334,450,15.430849088690296
2025-10-16T17:09:21.221Z,33.85,1.6,0.8333333333333334,450,15.429012343929774
2025-10-16T17:09:51.772Z,33.97,1.6,0.8333333333333334,450,15.405781067688629
2025-10-16T17:12:24.897Z,33.9,1.6,0.8333333333333334,450,15.419602711478085
2025-10-16T17:12:55.543Z,33.97,1.6,0.8333333333333334,450,15.405781067688629
2025-10-16T17:13:26.144Z,33.84,1.6,0.8333333333333334,450,15.430849088690296
2025-10-16T17:14:27.372Z,33.97,1.6,0.8333333333333334,450,15.405781067688629
2025-10-16T17:15:59.182Z,33.84,1.6,0.8333333333333334,450,15.430849088690296
2025-10-16T17:16:29.733Z,33.9,1.6,0.8333333333333334,450,15.419602711478085
2025-10-16T17:17:30.963Z,33.84,1.6,0.8333333333333334,450,15.430849088690296
2025-10-16T17:18:01.640Z,33.77,1.6,0.8333333333333334,450,15.443295204906295
2025-10-16T17:18:32.218Z,33.97,1.6,0.8333333333333334,450,15.405781067688629
2025-10-16T17:19:02.863Z,33.9,1.6,0.8333333333333334,450,15.419602711478085
2025-10-16T17:19:33.524Z,33.86,1.6,0.8333333333333334,450,15.427160654145503
2025-10-16T17:20:04.058Z,33.77,1.6,0.8333333333333334,450,15.443295204906295
2025-10-16T17:20:34.683Z,33.74,1.6,0.8333333333333334,450,15.448413894629441
2025-10-16T17:21:05.244Z,33.86,1.6,0.8333333333333334,450,15.427160654145503
2025-10-16T17:21:35.977Z,33.9,1.6,0.8333333333333334,450,15.419602711478085
2025-10-16T17:22:06.482Z,34.02,1.6,0.8333333333333334,450,15.395431159334757
2025-10-16T17:22:37.127Z,34.03,1.6,0.8333333333333334,450,15.393312370499569
2025-10-16T17:23:07.787Z,33.84,1.6,0.8333333333333334,450,15.430849088690296
2025-10-16T17:24:39.621Z,33.77,1.6,0.8333333333333334,450,15.443295204906295
2025-10-16T17:25:10.236Z,33.85,1.6,0.8333333333333334,450,15.429012343929774
2025-10-16T17:25:40.791Z,33.97,1.6,0.8333333333333334,450,15.405781067688629
2025-10-16T17:26:11.454Z,34.03,1.6,0.8333333333333334,450,15.393312370499569
2025-10-16T17:26:41.978Z,33.97,1.6,0.8333333333333334,450,15.405781067688629
2025-10-16T17:28:13.887Z,33.95,1.6,0.8333333333333334,450,15.409808685581359
2025-10-16T17:28:44.467Z,33.97,1.6,0.8333333333333334,450,15.405781067688629
2025-10-16T17:29:15.126Z,33.9,1.6,0.8333333333333334,450,15.419602711478085
2025-10-16T17:29:45.681Z,33.97,1.6,0.8333333333333334,450,15.405781067688629
2025-10-16T17:30:16.267Z,33.9,1.6,0.8333333333333334,450,15.419602711478085
2025-10-16T17:30:46.964Z,33.97,1.6,0.8333333333333334,450,15.405781067688629
2025-10-16T17:31:17.526Z,33.85,1.6,0.8333333333333334,450,15.429012343929774
2025-10-16T17:31:48.086Z,33.84,1.6,0.8333333333333334,450,15.430849088690296
2025-10-16T17:32:18.781Z,33.97,1.6,0.8333333333333334,450,15.405781067688629
2025-10-16T17:33:50.670Z,33.87,1.6,0.8333333333333334,450,15.425293932438873
2025-10-16T17:34:21.178Z,33.97,1.6,0.8333333333333334,450,15.405781067688629
2025-10-16T17:34:51.868Z,33.9,1.6,0.8333333333333334,450,15.419602711478085
2025-10-16T17:35:22.467Z,33.97,1.6,0.8333333333333334,450,15.405781067688629
2025-10-16T17:35:53.087Z,33.86,1.6,0.8333333333333334,450,15.427160654145503
2025-10-16T17:36:23.616Z,33.83,1.6,0.8333333333333334,450,15.432670975634679
2025-10-16T17:36:54.284Z,33.97,1.6,0.8333333333333334,450,15.405781067688629
2025-10-16T17:37:24.897Z,33.78,1.6,0.8333333333333334,450,15.441560616593222
2025-10-16T17:37:55.493Z,33.97,1.6,0.8333333333333334,450,15.405781067688629
2025-10-16T17:38:26.448Z,33.99,1.6,0.8333333333333334,450,15.401689583335415
2025-10-16T17:38:56.813Z,33.97,1.6,0.8333333333333334,450,15.405781067688629
2025-10-16T17:39:27.331Z,33.84,1.6,0.8333333333333334,450,15.430849088690296
2025-10-16T17:40:28.658Z,33.97,1.6,0.8333333333333334,450,15.405781067688629
2025-10-16T17:40:59.129Z,33.81,1.6,0.8333333333333334,450,15.436270526427442
2025-10-16T17:41:29.776Z,33.97,1.6,0.8333333333333334,450,15.405781067688629
2025-10-16T17:43:01.542Z,33.84,1.6,0.8333333333333334,450,15.430849088690296
2025-10-16T17:43:32.226Z,33.97,1.6,0.8333333333333334,450,15.405781067688629
2025-10-16T17:44:33.488Z,33.85,1.6,0.8333333333333334,450,15.429012343929774
2025-10-16T17:45:04.047Z,33.97,1.6,0.8333333333333334,450,15.405781067688629
2025-10-16T17:46:35.898Z,33.9,1.6,0.8333333333333334,450,15.419602711478085
2025-10-16T17:47:06.991Z,34.01,1.6,0.8333333333333334,450,15.397533569955275
2025-10-16T17:47:37.159Z,33.97,1.6,0.8333333333333334,450,15.405781067688629
2025-10-16T17:48:38.399Z,33.84,1.6,0.8333333333333334,450,15.430849088690296
2025-10-16T17:49:09.014Z,33.97,1.6,0.8333333333333334,450,15.405781067688629
2025-10-16T17:49:39.595Z,34.01,1.6,0.8333333333333334,450,15.397533569955275
2025-10-16T17:50:10.163Z,33.97,1.6,0.8333333333333334,450,15.405781067688629
2025-10-16T17:51:41.997Z,34.04,1.6,0.8333333333333334,450,15.391177122194039
2025-10-16T17:52:12.568Z,33.97,1.6,0.8333333333333334,450,15.405781067688629
2025-10-16T17:52:43.855Z,34.02,1.6,0.8333333333333334,450,15.395431159334757
2025-10-16T17:53:13.790Z,33.78,1.6,0.8333333333333334,450,15.441560616593222
2025-10-16T17:53:44.469Z,33.97,1.6,0.8333333333333334,450,15.405781067688629
2025-10-16T17:54:15.001Z,33.72,1.6,0.8333333333333334,450,15.451756357694624
2025-10-16T17:54:45.756Z,33.97,1.6,0.8333333333333334,450,15.405781067688629
2025-10-16T17:55:16.300Z,33.84,1.6,0.8333333333333334,450,15.430849088690296
2025-10-16T17:55:47.003Z,33.97,1.6,0.8333333333333334,450,15.405781067688629
2025-10-16T17:56:17.481Z,33.84,1.6,0.8333333333333334,450,15.430849088690296
2025-10-16T17:56:48.173Z,33.9,1.6,0.8333333333333334,450,15.419602711478085
2025-10-16T17:57:18.711Z,33.97,1.6,0.8333333333333334,450,15.405781067688629
2025-10-16T17:58:19.937Z,33.79,1.6,0.8333333333333334,450,15.439811700026517
2025-10-16T17:58:50.570Z,33.93,1.6,0.8333333333333334,450,15.413773105017171
2025-10-16T17:59:21.110Z,33.97,1.6,0.8333333333333334,450,15.405781067688629
2025-10-16T17:59:51.802Z,33.77,1.6,0.8333333333333334,450,15.443295204906295
2025-10-16T18:00:22.422Z,33.97,1.6,0.8333333333333334,450,15.405781067688629
2025-10-16T18:01:23.663Z,34.01,1.6,0.8333333333333334,450,15.397533569955275
2025-10-16T18:01:54.269Z,33.92,1.6,0.8333333333333334,450,15.415731825531168
2025-10-16T18:02:24.804Z,33.95,1.6,0.8333333333333334,450,15.409808685581359
2025-10-16T18:02:55.500Z,33.97,1.6,0.8333333333333334,450,15.405781067688629
2025-10-16T18:03:56.711Z,33.86,1.6,0.8333333333333334,450,15.427160654145503
2025-10-16T18:04:27.254Z,33.99,1.6,0.8333333333333334,450,15.401689583335415
2025-10-16T18:04:57.928Z,33.97,1.6,0.8333333333333334,450,15.405781067688629
2025-10-16T18:05:28.810Z,33.84,1.6,0.8333333333333334,450,15.430849088690296
2025-10-16T18:05:59.283Z,33.9,1.6,0.8333333333333334,450,15.419602711478085
2025-10-16T18:06:29.729Z,33.97,1.6,0.8333333333333334,450,15.405781067688629
2025-10-16T18:11:05.176Z,34.02,1.6,0.8333333333333334,450,15.395431159334757
2025-10-16T18:11:35.848Z,33.97,1.6,0.8333333333333334,450,15.405781067688629
2025-10-16T18:12:37.078Z,34.03,1.6,0.8333333333333334,450,15.393312370499569
2025-10-16T18:13:38.375Z,33.9,1.6,0.8333333333333334,450,15.419602711478085
2025-10-16T18:14:09.013Z,33.97,1.6,0.8333333333333334,450,15.405781067688629
2025-10-16T18:14:39.557Z,34.02,1.6,0.8333333333333334,450,15.395431159334757
2025-10-16T18:15:10.237Z,33.97,1.6,0.8333333333333334,450,15.405781067688629
2025-10-16T18:16:11.326Z,34.0,1.6,0.8333333333333334,450,15.399619683969146
2025-10-16T18:16:41.961Z,34.02,1.6,0.8333333333333334,450,15.395431159334757
2025-10-16T18:17:12.575Z,33.83,1.6,0.8333333333333334,450,15.432670975634679
2025-10-16T18:17:43.302Z,33.84,1.6,0.8333333333333334,450,15.430849088690296
2025-10-16T18:18:13.783Z,33.97,1.6,0.8333333333333334,450,15.405781067688629
2025-10-16T18:21:17.465Z,33.86,1.6,0.8333333333333334,450,15.427160654145503
2025-10-16T18:21:48.162Z,33.97,1.6,0.8333333333333334,450,15.405781067688629
2025-10-16T18:22:18.733Z,34.02,1.6,0.8333333333333334,450,15.395431159334757
2025-10-16T18:22:49.359Z,33.97,1.6,0.8333333333333334,450,15.405781067688629
2025-10-16T18:23:20.132Z,33.99,1.6,0.8333333333333334,450,15.401689583335415
2025-10-16T18:23:50.654Z,33.97,1.6,0.8333333333333334,450,15.405781067688629
2025-10-16T18:24:21.151Z,33.99,1.6,0.8333333333333334,450,15.401689583335415
2025-10-16T18:24:52.019Z,33.97,1.6,0.8333333333333334,450,15.405781067688629
2025-10-16T18:25:22.349Z,33.99,1.6,0.8333333333333334,450,15.401689583335415
2025-10-16T18:25:53.014Z,33.9,1.6,0.8333333333333334,450,15.419602711478085
2025-10-16T18:26:23.554Z,34.02,1.6,0.8333333333333334,450,15.395431159334757
2025-10-16T18:26:54.223Z,34.0,1.6,0.8333333333333334,450,15.399619683969146
2025-10-16T18:27:25.069Z,33.97,1.6,0.8333333333333334,450,15.405781067688629
2025-10-16T18:27:55.452Z,34.0,1.6,0.8333333333333334,450,15.399619683969146
2025-10-16T18:28:25.997Z,34.04,1.6,0.8333333333333334,450,15.391177122194039
2025-10-16T18:28:56.770Z,33.98,1.6,0.8333333333333334,450,15.403743350358152
2025-10-16T18:29:27.230Z,34.03,1.6,0.8333333333333334,450,15.393312370499569
2025-10-16T18:29:57.894Z,33.97,1.6,0.8333333333333334,450,15.405781067688629
2025-10-16T18:30:28.532Z,34.03,1.6,0.8333333333333334,450,15.393312370499569
2025-10-16T18:30:59.105Z,33.97,1.6,0.8333333333333334,450,15.405781067688629
2025-10-16T18:31:29.714Z,33.98,1.6,0.8333333333333334,450,15.403743350358152
2025-10-16T18:32:00.346Z,34.07,1.6,0.8333333333333334,450,15.384671813230923
2025-10-16T18:32:31.010Z,33.99,1.6,0.8333333333333334,450,15.401689583335415
2025-10-16T18:33:01.607Z,33.97,1.6,0.8333333333333334,450,15.405781067688629
2025-10-16T18:33:32.213Z,33.99,1.6,0.8333333333333334,450,15.401689583335415
2025-10-16T18:34:02.738Z,33.97,1.6,0.8333333333333334,450,15.405781067688629
2025-10-16T18:34:33.484Z,33.98,1.6,0.8333333333333334,450,15.403743350358152
2025-10-16T18:35:03.994Z,34.02,1.6,0.8333333333333334,450,15.395431159334757
2025-10-16T18:35:34.727Z,34.09,1.6,0.8333333333333334,450,15.380251169620482
2025-10-16T18:36:05.331Z,34.08,1.6,0.8333333333333334,450,15.382469921615662
2025-10-16T18:36:35.946Z,33.97,1.6,0.8333333333333334,450,15.405781067688629
2025-10-16T18:37:06.455Z,34.21,1.6,0.8333333333333334,450,15.352282621057087
2025-10-16T18:37:37.112Z,33.97,1.6,0.8333333333333334,450,15.405781067688629
2025-10-16T18:38:07.704Z,34.21,1.6,0.8333333333333334,450,15.352282621057087
2025-10-16T18:38:38.306Z,34.03,1.6,0.8333333333333334,450,15.393312370499569
2025-10-16T18:39:08.954Z,33.97,1.6,0.8333333333333334,450,15.405781067688629
2025-10-16T18:40:10.113Z,34.08,1.6,0.8333333333333334,450,15.382469921615662
2025-10-16T18:40:40.882Z,34.02,1.6,0.8333333333333334,450,15.395431159334757
2025-10-16T18:41:11.417Z,34.21,1.6,0.8333333333333334,450,15.352282621057087
2025-10-16T18:41:41.965Z,34.02,1.6,0.8333333333333334,450,15.395431159334757
2025-10-16T18:42:12.541Z,33.97,1.6,0.8333333333333334,450,15.405781067688629
2025-10-16T18:42:43.167Z,34.08,1.6,0.8333333333333334,450,15.382469921615662
2025-10-16T18:43:16.712Z,34.21,1.6,0.8333333333333334,450,15.352282621057087
2025-10-16T18:43:44.444Z,33.97,1.6,0.8333333333333334,450,15.405781067688629
2025-10-16T18:44:15.106Z,34.01,1.6,0.8333333333333334,450,15.397533569955275
2025-10-16T18:44:45.620Z,34.09,1.6,0.8333333333333334,450,15.380251169620482
2025-10-16T18:45:16.292Z,33.97,1.6,0.8333333333333334,450,15.405781067688629
2025-10-16T18:46:17.521Z,34.13,1.6,0.8333333333333334,450,15.371205981567586
2025-10-16T18:46:48.082Z,33.99,1.6,0.8333333333333334,450,15.401689583335415
2025-10-16T18:47:18.644Z,33.97,1.6,0.8333333333333334,450,15.405781067688629
2025-10-16T18:47:49.312Z,34.01,1.6,0.8333333333333334,450,15.397533569955275
2025-10-16T18:48:20.037Z,34.09,1.6,0.8333333333333334,450,15.380251169620482
2025-10-16T18:48:50.518Z,33.99,1.6,0.8333333333333334,450,15.401689583335415
2025-10-16T18:49:21.167Z,33.97,1.6,0.8333333333333334,450,15.405781067688629
2025-10-16T18:49:51.811Z,33.86,1.6,0.8333333333333334,450,15.427160654145503
2025-10-16T18:50:22.401Z,34.01,1.6,0.8333333333333334,450,15.397533569955275
2025-10-16T18:50:53.025Z,34.08,1.6,0.8333333333333334,450,15.382469921615662
2025-10-16T18:51:23.722Z,33.98,1.6,0.8333333333333334,450,15.403743350358152
2025-10-16T18:51:54.235Z,34.03,1.6,0.8333333333333334,450,15.393312370499569
2025-10-16T18:52:24.793Z,34.04,1.6,0.8333333333333334,450,15.391177122194039
2025-10-16T18:52:55.485Z,33.99,1.6,0.8333333333333334,450,15.401689583335415
2025-10-16T18:53:26.038Z,34.07,1.6,0.8333333333333334,450,15.384671813230923
2025-10-16T18:53:56.682Z,34.1,1.6,0.8333333333333334,450,15.378015478153683
2025-10-16T18:54:27.291Z,33.97,1.6,0.8333333333333334,450,15.405781067688629
2025-10-16T18:55:28.666Z,33.99,1.6,0.8333333333333334,450,15.401689583335415
2025-10-16T18:55:59.046Z,33.97,1.6,0.8333333333333334,450,15.405781067688629
2025-10-16T18:56:29.758Z,34.07,1.6,0.8333333333333334,450,15.384671813230923
2025-10-16T18:57:00.346Z,34.02,1.6,0.8333333333333334,450,15.395431159334757
2025-10-16T18:57:30.948Z,33.97,1.6,0.8333333333333334,450,15.405781067688629
2025-10-16T18:58:01.528Z,34.15,1.6,0.8333333333333334,450,15.36658018653753
2025-10-16T18:58:32.255Z,33.99,1.6,0.8333333333333334,450,15.401689583335415
2025-10-16T18:59:33.391Z,34.13,1.6,0.8333333333333334,450,15.371205981567586
2025-10-16T19:00:03.963Z,34.1,1.6,0.8333333333333334,450,15.378015478153683
2025-10-16T19:00:34.736Z,34.07,1.6,0.8333333333333334,450,15.384671813230923
2025-10-16T19:01:05.262Z,34.04,1.6,0.8333333333333334,450,15.391177122194039
2025-10-16T19:01:35.902Z,34.21,1.6,0.8333333333333334,450,15.352282621057087
2025-10-16T19:02:06.471Z,34.01,1.6,0.8333333333333334,450,15.397533569955275
2025-10-16T19:02:37.080Z,33.99,1.6,0.8333333333333334,450,15.401689583335415
2025-10-16T19:03:07.632Z,33.97,1.6,0.8333333333333334,450,15.405781067688629
2025-10-16T19:04:08.835Z,34.02,1.6,0.8333333333333334,450,15.395431159334757
2025-10-16T19:04:39.511Z,33.97,1.6,0.8333333333333334,450,15.405781067688629
2025-10-16T19:05:10.096Z,34.02,1.6,0.8333333333333334,450,15.395431159334757
2025-10-16T19:05:40.809Z,34.12,1.6,0.8333333333333334,450,15.373492962290886
2025-10-16T19:06:11.316Z,34.06,1.6,0.8333333333333334,450,15.386856923923869
2025-10-16T19:06:42.086Z,34.03,1.6,0.8333333333333334,450,15.393312370499569
2025-10-16T19:07:12.556Z,33.85,1.6,0.8333333333333334,450,15.429012343929774
2025-10-16T19:07:43.276Z,34.21,1.6,0.8333333333333334,450,15.352282621057087
2025-10-16T19:08:13.784Z,33.97,1.6,0.8333333333333334,450,15.405781067688629
2025-10-16T19:09:15.010Z,34.09,1.6,0.8333333333333334,450,15.380251169620482
2025-10-16T19:09:45.762Z,33.97,1.6,0.8333333333333334,450,15.405781067688629
2025-10-16T19:10:46.877Z,34.18,1.6,0.8333333333333334,450,15.359510757429451
2025-10-16T19:11:17.465Z,34.08,1.6,0.8333333333333334,450,15.382469921615662
2025-10-16T19:11:48.155Z,34.07,1.6,0.8333333333333334,450,15.384671813230923
2025-10-16T19:12:18.675Z,34.02,1.6,0.8333333333333334,450,15.395431159334757
2025-10-16T19:12:49.241Z,34.08,1.6,0.8333333333333334,450,15.382469921615662
2025-10-16T19:13:19.914Z,34.03,1.6,0.8333333333333334,450,15.393312370499569
2025-10-16T19:13:50.487Z,34.02,1.6,0.8333333333333334,450,15.395431159334757
2025-10-16T19:14:21.161Z,34.08,1.6,0.8333333333333334,450,15.382469921615662
2025-10-16T19:14:51.719Z,34.02,1.6,0.8333333333333334,450,15.395431159334757
2025-10-16T19:15:22.402Z,34.21,1.6,0.8333333333333334,450,15.352282621057087
2025-10-16T19:15:52.942Z,34.09,1.6,0.8333333333333334,450,15.380251169620482
2025-10-16T19:16:23.610Z,34.02,1.6,0.8333333333333334,450,15.395431159334757
2025-10-16T19:16:54.213Z,34.08,1.6,0.8333333333333334,450,15.382469921615662
2025-10-16T19:17:24.858Z,33.97,1.6,0.8333333333333334,450,15.405781067688629
2025-10-16T19:17:55.414Z,34.21,1.6,0.8333333333333334,450,15.352282621057087
2025-10-16T19:18:25.992Z,34.02,1.6,0.8333333333333334,450,15.395431159334757
2025-10-16T19:18:56.667Z,34.2,1.6,0.8333333333333334,450,15.354709759479935
2025-10-16T19:19:27.264Z,34.07,1.6,0.8333333333333334,450,15.384671813230923
2025-10-16T19:19:57.918Z,34.06,1.6,0.8333333333333334,450,15.386856923923869
2025-10-16T19:20:28.559Z,34.21,1.6,0.8333333333333334,450,15.352282621057087
2025-10-16T19:20:59.033Z,34.0,1.6,0.8333333333333334,450,15.399619683969146
2025-10-16T19:21:29.788Z,34.06,1.6,0.8333333333333334,450,15.386856923923869
2025-10-16T19:22:00.269Z,33.99,1.6,0.8333333333333334,450,15.401689583335415
2025-10-16T19:22:30.920Z,34.08,1.6,0.8333333333333334,450,15.382469921615662
2025-10-16T19:23:01.563Z,34.07,1.6,0.8333333333333334,450,15.384671813230923
2025-10-16T19:23:32.120Z,34.02,1.6,0.8333333333333334,450,15.395431159334757
2025-10-16T19:24:02.753Z,34.07,1.6,0.8333333333333334,450,15.384671813230923
2025-10-16T19:24:33.314Z,34.21,1.6,0.8333333333333334,450,15.352282621057087
2025-10-16T19:25:04.001Z,34.09,1.6,0.8333333333333334,450,15.380251169620482
2025-10-16T19:25:34.631Z,34.06,1.6,0.8333333333333334,450,15.386856923923869
2025-10-16T19:26:05.201Z,34.0,1.6,0.8333333333333334,450,15.399619683969146
2025-10-16T19:26:35.869Z,33.97,1.6,0.8333333333333334,450,15.405781067688629
2025-10-16T19:27:06.471Z,34.04,1.6,0.8333333333333334,450,15.391177122194039
2025-10-16T19:27:37.150Z,34.02,1.6,0.8333333333333334,450,15.395431159334757
2025-10-16T19:28:07.648Z,34.07,1.6,0.8333333333333334,450,15.384671813230923
2025-10-16T19:28:38.313Z,34.22,1.6,0.8333333333333334,450,15.349837623524408
2025-10-16T19:29:08.951Z,34.02,1.6,0.8333333333333334,450,15.395431159334757
2025-10-16T19:29:39.455Z,34.09,1.6,0.8333333333333334,450,15.380251169620482
2025-10-16T19:30:10.166Z,34.21,1.6,0.8333333333333334,450,15.352282621057087
2025-10-16T19:31:11.330Z,34.01,1.6,0.8333333333333334,450,15.397533569955275
2025-10-16T19:31:41.875Z,34.09,1.6,0.8333333333333334,450,15.380251169620482
2025-10-16T19:32:12.553Z,34.21,1.6,0.8333333333333334,450,15.352282621057087
2025-10-16T19:32:43.316Z,33.97,1.6,0.8333333333333334,450,15.405781067688629
2025-10-16T19:33:13.776Z,34.07,1.6,0.8333333333333334,450,15.384671813230923
2025-10-16T19:33:44.450Z,34.02,1.6,0.8333333333333334,450,15.395431159334757
2025-10-16T19:34:15.064Z,34.07,1.6,0.8333333333333334,450,15.384671813230923
2025-10-16T19:35:16.271Z,34.08,1.6,0.8333333333333334,450,15.382469921615662
2025-10-16T19:35:46.856Z,34.21,1.6,0.8333333333333334,450,15.352282621057087
2025-10-16T19:36:17.402Z,34.08,1.6,0.8333333333333334,450,15.382469921615662
2025-10-16T19:36:48.008Z,33.97,1.6,0.8333333333333334,450,15.405781067688629
2025-10-16T19:37:18.714Z,34.02,1.6,0.8333333333333334,450,15.395431159334757
2025-10-16T19:37:49.279Z,34.21,1.6,0.8333333333333334,450,15.352282621057087
2025-10-16T19:38:19.882Z,33.97,1.6,0.8333333333333334,450,15.405781067688629
2025-10-16T19:38:50.505Z,34.05,1.6,0.8333333333333334,450,15.389025333516608
2025-10-16T19:39:21.050Z,34.15,1.6,0.8333333333333334,450,15.36658018653753
2025-10-16T19:39:51.705Z,34.21,1.6,0.8333333333333334,450,15.352282621057087
2025-10-16T19:40:22.377Z,34.06,1.6,0.8333333333333334,450,15.386856923923869
2025-10-16T19:41:23.673Z,34.21,1.6,0.8333333333333334,450,15.352282621057087
2025-10-16T19:41:54.147Z,34.23,1.6,0.8333333333333334,450,15.347374692768618
2025-10-16T19:42:24.838Z,34.06,1.6,0.8333333333333334,450,15.386856923923869
2025-10-16T19:42:55.364Z,34.1,1.6,0.8333333333333334,450,15.378015478153683
2025-10-16T19:43:26.040Z,34.07,1.6,0.8333333333333334,450,15.384671813230923
2025-10-16T19:43:56.669Z,34.21,1.6,0.8333333333333334,450,15.352282621057087
2025-10-16T19:44:57.808Z,34.07,1.6,0.8333333333333334,450,15.384671813230923
2025-10-16T19:45:28.458Z,34.02,1.6,0.8333333333333334,450,15.395431159334757
2025-10-16T19:45:59.121Z,34.08,1.6,0.8333333333333334,450,15.382469921615662
2025-10-16T19:46:29.649Z,34.16,1.6,0.8333333333333334,450,15.364241218167733
2025-10-16T19:47:00.314Z,33.97,1.6,0.8333333333333334,450,15.405781067688629
2025-10-16T19:47:30.864Z,34.21,1.6,0.8333333333333334,450,15.352282621057087
2025-10-16T19:48:01.562Z,34.07,1.6,0.8333333333333334,450,15.384671813230923
2025-10-16T19:48:32.169Z,34.15,1.6,0.8333333333333334,450,15.36658018653753
2025-10-16T19:49:02.739Z,34.21,1.6,0.8333333333333334,450,15.352282621057087
2025-10-16T19:49:33.393Z,34.34,1.6,0.8333333333333334,450,15.319078068267764
2025-10-16T19:50:03.988Z,34.08,1.6,0.8333333333333334,450,15.382469921615662
2025-10-16T19:50:34.585Z,34.18,1.6,0.8333333333333334,450,15.359510757429451
2025-10-16T19:51:05.177Z,34.21,1.6,0.8333333333333334,450,15.352282621057087
2025-10-16T19:51:35.863Z,34.05,1.6,0.8333333333333334,450,15.389025333516608
2025-10-16T19:52:06.410Z,34.18,1.6,0.8333333333333334,450,15.359510757429451
2025-10-16T19:52:36.997Z,34.28,1.6,0.8333333333333334,450,15.33478847467249
2025-10-16T19:53:38.266Z,34.2,1.6,0.8333333333333334,450,15.354709759479935
2025-10-16T19:54:08.887Z,34.07,1.6,0.8333333333333334,450,15.384671813230923
2025-10-16T19:54:39.432Z,34.21,1.6,0.8333333333333334,450,15.352282621057087
2025-10-16T19:55:40.655Z,34.09,1.6,0.8333333333333334,450,15.380251169620482
2025-10-16T19:56:11.380Z,34.15,1.6,0.8333333333333334,450,15.36658018653753
2025-10-16T19:56:42.077Z,34.08,1.6,0.8333333333333334,450,15.382469921615662
2025-10-16T19:57:12.539Z,34.0,1.6,0.8333333333333334,450,15.399619683969146
2025-10-16T19:57:43.077Z,34.18,1.6,0.8333333333333334,450,15.359510757429451
2025-10-16T19:58:13.748Z,34.21,1.6,0.8333333333333334,450,15.352282621057087
2025-10-16T19:58:44.414Z,34.22,1.6,0.8333333333333334,450,15.349837623524408
2025-10-16T19:59:14.971Z,34.09,1.6,0.8333333333333334,450,15.380251169620482
2025-10-16T19:59:45.720Z,34.0,1.6,0.8333333333333334,450,15.399619683969146
2025-10-16T20:00:16.273Z,34.08,1.6,0.8333333333333334,450,15.382469921615662
2025-10-16T20:00:46.886Z,34.21,1.6,0.8333333333333334,450,15.352282621057087
2025-10-16T20:02:18.703Z,34.06,1.6,0.8333333333333334,450,15.386856923923869
2025-10-16T20:02:49.251Z,34.08,1.6,0.8333333333333334,450,15.382469921615662
2025-10-16T20:03:19.936Z,34.15,1.6,0.8333333333333334,450,15.36658018653753
2025-10-16T20:03:50.415Z,34.08,1.6,0.8333333333333334,450,15.382469921615662
2025-10-16T20:04:21.133Z,34.09,1.6,0.8333333333333334,450,15.380251169620482
2025-10-16T20:04:51.677Z,34.21,1.6,0.8333333333333334,450,15.352282621057087
2025-10-16T20:05:52.965Z,33.97,1.6,0.8333333333333334,450,15.405781067688629
2025-10-16T20:06:23.578Z,34.02,1.6,0.8333333333333334,450,15.395431159334757
2025-10-16T20:06:54.143Z,34.21,1.6,0.8333333333333334,450,15.352282621057087
2025-10-16T20:07:24.808Z,34.15,1.6,0.8333333333333334,450,15.36658018653753
2025-10-16T20:07:55.425Z,34.21,1.6,0.8333333333333334,450,15.352282621057087
2025-10-16T20:08:25.927Z,34.07,1.6,0.8333333333333334,450,15.384671813230923
2025-10-16T20:08:56.772Z,34.09,1.6,0.8333333333333334,450,15.380251169620482
2025-10-16T20:09:27.272Z,34.11,1.6,0.8333333333333334,450,15.375762768494209
2025-10-16T20:09:57.857Z,34.21,1.6,0.8333333333333334,450,15.352282621057087
2025-10-16T20:10:28.425Z,34.22,1.6,0.8333333333333334,450,15.349837623524408
2025-10-16T20:10:59.098Z,34.21,1.6,0.8333333333333334,450,15.352282621057087
2025-10-16T20:12:00.313Z,34.15,1.6,0.8333333333333334,450,15.36658018653753
2025-10-16T20:13:01.514Z,34.2,1.6,0.8333333333333334,450,15.354709759479935
2025-10-16T20:13:32.068Z,34.08,1.6,0.8333333333333334,450,15.382469921615662
2025-10-16T20:14:02.715Z,34.02,1.6,0.8333333333333334,450,15.395431159334757
2025-10-16T20:14:33.527Z,34.18,1.6,0.8333333333333334,450,15.359510757429451
2025-10-16T20:15:03.944Z,34.11,1.6,0.8333333333333334,450,15.375762768494209
2025-10-16T20:15:34.532Z,34.24,1.6,0.8333333333333334,450,15.344893755074073
2025-10-16T20:16:05.146Z,34.21,1.6,0.8333333333333334,450,15.352282621057087
2025-10-16T20:17:06.367Z,34.09,1.6,0.8333333333333334,450,15.380251169620482
2025-10-16T20:17:37.053Z,34.21,1.6,0.8333333333333334,450,15.352282621057087
2025-10-16T20:18:07.605Z,34.15,1.6,0.8333333333333334,450,15.36658018653753
2025-10-16T20:18:38.290Z,34.07,1.6,0.8333333333333334,450,15.384671813230923
2025-10-16T20:19:08.864Z,34.15,1.6,0.8333333333333334,450,15.36658018653753
2025-10-16T20:19:39.510Z,34.21,1.6,0.8333333333333334,450,15.352282621057087
2025-10-16T20:20:10.366Z,34.05,1.6,0.8333333333333334,450,15.389025333516608
2025-10-16T20:20:40.655Z,34.21,1.6,0.8333333333333334,450,15.352282621057087
2025-10-16T20:21:11.362Z,34.15,1.6,0.8333333333333334,450,15.36658018653753
2025-10-16T20:21:41.917Z,34.08,1.6,0.8333333333333334,450,15.382469921615662
2025-10-16T20:22:43.089Z,34.05,1.6,0.8333333333333334,450,15.389025333516608
2025-10-16T20:23:13.753Z,34.21,1.6,0.8333333333333334,450,15.352282621057087
2025-10-16T20:23:44.340Z,34.02,1.6,0.8333333333333334,450,15.395431159334757
2025-10-16T20:24:14.897Z,34.08,1.6,0.8333333333333334,450,15.382469921615662
2025-10-16T20:24:45.592Z,34.02,1.6,0.8333333333333334,450,15.395431159334757
2025-10-16T20:25:16.143Z,34.07,1.6,0.8333333333333334,450,15.384671813230923
2025-10-16T20:25:46.817Z,34.09,1.6,0.8333333333333334,450,15.380251169620482
2025-10-16T20:26:17.359Z,34.08,1.6,0.8333333333333334,450,15.382469921615662
2025-10-16T20:26:47.959Z,34.21,1.6,0.8333333333333334,450,15.352282621057087
2025-10-16T20:27:49.266Z,34.34,1.6,0.8333333333333334,450,15.319078068267764
2025-10-16T20:28:19.827Z,34.09,1.6,0.8333333333333334,450,15.380251169620482
2025-10-16T20:29:51.620Z,34.08,1.6,0.8333333333333334,450,15.382469921615662
2025-10-16T20:30:22.308Z,34.34,1.6,0.8333333333333334,450,15.319078068267764
2025-10-16T20:30:52.897Z,34.22,1.6,0.8333333333333334,450,15.349837623524408
2025-10-16T20:31:23.560Z,34.18,1.6,0.8333333333333334,450,15.359510757429451
2025-10-16T20:31:54.088Z,34.02,1.6,0.8333333333333334,450,15.395431159334757
2025-10-16T20:32:24.775Z,34.21,1.6,0.8333333333333334,450,15.352282621057087
2025-10-16T20:33:25.978Z,34.1,1.6,0.8333333333333334,450,15.378015478153683
2025-10-16T20:33:56.701Z,34.24,1.6,0.8333333333333334,450,15.344893755074073
2025-10-16T20:34:27.279Z,34.21,1.6,0.8333333333333334,450,15.352282621057087
2025-10-16T20:37:00.216Z,34.2,1.6,0.8333333333333334,450,15.354709759479935
2025-10-16T20:37:30.906Z,34.18,1.6,0.8333333333333334,450,15.359510757429451
2025-10-16T20:38:01.453Z,34.23,1.6,0.8333333333333334,450,15.347374692768618
2025-10-16T20:38:32.129Z,34.21,1.6,0.8333333333333334,450,15.352282621057087
2025-10-16T20:40:34.574Z,34.16,1.6,0.8333333333333334,450,15.364241218167733
2025-10-16T20:41:05.071Z,34.24,1.6,0.8333333333333334,450,15.344893755074073
2025-10-16T20:41:35.904Z,34.18,1.6,0.8333333333333334,450,15.359510757429451
2025-10-16T20:42:06.370Z,34.08,1.6,0.8333333333333334,450,15.382469921615662
2025-10-16T20:43:07.529Z,34.21,1.6,0.8333333333333334,450,15.352282621057087
2025-10-16T20:43:38.206Z,34.15,1.6,0.8333333333333334,450,15.36658018653753
2025-10-16T20:44:08.866Z,34.21,1.6,0.8333333333333334,450,15.352282621057087
2025-10-16T20:45:40.697Z,34.23,1.6,0.8333333333333334,450,15.347374692768618
2025-10-16T20:46:11.238Z,34.21,1.6,0.8333333333333334,450,15.352282621057087
2025-10-16T20:47:12.459Z,34.15,1.6,0.8333333333333334,450,15.36658018653753
2025-10-16T20:47:43.157Z,34.21,1.6,0.8333333333333334,450,15.352282621057087
2025-10-16T20:48:44.292Z,34.15,1.6,0.8333333333333334,450,15.36658018653753
2025-10-16T20:49:14.949Z,34.27,1.6,0.8333333333333334,450,15.337342169229839
2025-10-16T20:49:45.501Z,34.21,1.6,0.8333333333333334,450,15.352282621057087
2025-10-16T20:50:46.847Z,34.15,1.6,0.8333333333333334,450,15.36658018653753
2025-10-16T20:51:17.409Z,34.34,1.6,0.8333333333333334,450,15.319078068267764
2025-10-16T20:51:47.992Z,34.02,1.6,0.8333333333333334,450,15.395431159334757
2025-10-16T20:52:18.615Z,34.31,1.6,0.8333333333333334,450,15.327016889508535
2025-10-16T20:52:49.221Z,34.02,1.6,0.8333333333333334,450,15.395431159334757
2025-10-16T20:53:19.824Z,34.08,1.6,0.8333333333333334,450,15.382469921615662
2025-10-16T20:53:50.487Z,34.23,1.6,0.8333333333333334,450,15.347374692768618
2025-10-16T20:54:21.036Z,34.21,1.6,0.8333333333333334,450,15.352282621057087
2025-10-16T20:54:51.614Z,34.06,1.6,0.8333333333333334,450,15.386856923923869
2025-10-16T20:55:22.276Z,34.13,1.6,0.8333333333333334,450,15.371205981567586
2025-10-16T20:55:52.825Z,34.46,1.6,0.8333333333333334,450,15.285613347354012
2025-10-16T20:56:23.491Z,34.15,1.6,0.8333333333333334,450,15.36658018653753
2025-10-16T20:57:24.733Z,34.21,1.6,0.8333333333333334,450,15.352282621057087
2025-10-16T20:58:25.963Z,34.24,1.6,0.8333333333333334,450,15.344893755074073
2025-10-16T20:58:56.703Z,34.21,1.6,0.8333333333333334,450,15.352282621057087
2025-10-16T21:02:30.843Z,34.08,1.6,0.8333333333333334,450,15.382469921615662
2025-10-16T21:03:01.444Z,34.21,1.6,0.8333333333333334,450,15.352282621057087
2025-10-16T21:05:34.552Z,34.11,1.6,0.8333333333333334,450,15.375762768494209
2025-10-16T21:06:05.077Z,34.21,1.6,0.8333333333333334,450,15.352282621057087
2025-10-16T21:07:06.416Z,34.22,1.6,0.8333333333333334,450,15.349837623524408
2025-10-16T21:08:07.591Z,34.08,1.6,0.8333333333333334,450,15.382469921615662
2025-10-16T21:08:38.145Z,34.21,1.6,0.8333333333333334,450,15.352282621057087
2025-10-16T21:10:10.070Z,34.34,1.6,0.8333333333333334,450,15.319078068267764
2025-10-16T21:10:40.704Z,34.15,1.6,0.8333333333333334,450,15.36658018653753
2025-10-16T21:11:11.305Z,34.21,1.6,0.8333333333333334,450,15.352282621057087
2025-10-16T21:11:41.855Z,34.46,1.6,0.8333333333333334,450,15.285613347354012
2025-10-16T21:12:12.416Z,34.1,1.6,0.8333333333333334,450,15.378015478153683
2025-10-16T21:12:43.105Z,34.21,1.6,0.8333333333333334,450,15.352282621057087
2025-10-16T21:13:13.655Z,34.08,1.6,0.8333333333333334,450,15.382469921615662
2025-10-16T21:13:44.345Z,34.21,1.6,0.8333333333333334,450,15.352282621057087
2025-10-16T21:14:45.479Z,34.17,1.6,0.8333333333333334,450,15.361884767155964
2025-10-16T21:15:16.152Z,34.21,1.6,0.8333333333333334,450,15.352282621057087
2025-10-16T21:16:17.384Z,34.23,1.6,0.8333333333333334,450,15.347374692768618
2025-10-16T21:16:48.026Z,34.27,1.6,0.8333333333333334,450,15.337342169229839
2025-10-16T21:17:18.943Z,34.21,1.6,0.8333333333333334,450,15.352282621057087
2025-10-16T21:17:49.173Z,34.46,1.6,0.8333333333333334,450,15.285613347354012
2025-10-16T21:18:19.870Z,34.21,1.6,0.8333333333333334,450,15.352282621057087
2025-10-16T21:19:21.103Z,34.34,1.6,0.8333333333333334,450,15.319078068267764
2025-10-16T21:19:51.637Z,34.21,1.6,0.8333333333333334,450,15.352282621057087
2025-10-16T21:20:22.210Z,34.27,1.6,0.8333333333333334,450,15.337342169229839
2025-10-16T21:20:52.860Z,34.28,1.6,0.8333333333333334,450,15.33478847467249
2025-10-16T21:21:23.596Z,34.21,1.6,0.8333333333333334,450,15.352282621057087
2025-10-16T21:21:54.173Z,34.04,1.6,0.8333333333333334,450,15.391177122194039
2025-10-16T21:22:24.678Z,34.08,1.6,0.8333333333333334,450,15.382469921615662
2025-10-16T21:22:55.442Z,34.26,1.6,0.8333333333333334,450,15.339877566014252
2025-10-16T21:23:25.919Z,34.21,1.6,0.8333333333333334,450,15.352282621057087
2025-10-16T21:23:56.564Z,34.28,1.6,0.8333333333333334,450,15.33478847467249
2025-10-16T21:24:27.119Z,34.21,1.6,0.8333333333333334,450,15.352282621057087
2025-10-16T21:25:28.447Z,34.24,1.6,0.8333333333333334,450,15.344893755074073
2025-10-16T21:25:58.936Z,34.46,1.6,0.8333333333333334,450,15.285613347354012
2025-10-16T21:26:29.616Z,34.08,1.6,0.8333333333333334,450,15.382469921615662
2025-10-16T21:27:00.164Z,34.21,1.6,0.8333333333333334,450,15.352282621057087
2025-10-16T21:28:32.085Z,34.25,1.6,0.8333333333333334,450,15.342394737126844
2025-10-16T21:29:02.734Z,34.21,1.6,0.8333333333333334,450,15.352282621057087
2025-10-16T21:29:33.264Z,34.22,1.6,0.8333333333333334,450,15.349837623524408
2025-10-16T21:30:03.850Z,34.02,1.6,0.8333333333333334,450,15.395431159334757
2025-10-16T21:30:34.506Z,34.21,1.6,0.8333333333333334,450,15.352282621057087
2025-10-16T21:31:35.725Z,34.23,1.6,0.8333333333333334,450,15.347374692768618
2025-10-16T21:32:06.287Z,34.34,1.6,0.8333333333333334,450,15.319078068267764
2025-10-16T21:32:36.947Z,34.18,1.6,0.8333333333333334,450,15.359510757429451
2025-10-16T21:33:07.516Z,34.28,1.6,0.8333333333333334,450,15.33478847467249
2025-10-16T21:33:38.195Z,34.21,1.6,0.8333333333333334,450,15.352282621057087
2025-10-16T21:34:08.770Z,34.22,1.6,0.8333333333333334,450,15.349837623524408
2025-10-16T21:34:39.334Z,34.21,1.6,0.8333333333333334,450,15.352282621057087
2025-10-16T21:35:40.672Z,34.24,1.6,0.8333333333333334,450,15.344893755074073
2025-10-16T21:36:11.264Z,34.02,1.6,0.8333333333333334,450,15.395431159334757
2025-10-16T21:36:41.809Z,34.11,1.6,0.8333333333333334,450,15.375762768494209
2025-10-16T21:37:12.498Z,34.21,1.6,0.8333333333333334,450,15.352282621057087
2025-10-16T21:37:43.045Z,34.22,1.6,0.8333333333333334,450,15.349837623524408
2025-10-16T21:38:13.728Z,34.21,1.6,0.8333333333333334,450,15.352282621057087
2025-10-16T21:39:45.558Z,34.23,1.6,0.8333333333333334,450,15.347374692768618
2025-10-16T21:40:16.127Z,34.21,1.6,0.8333333333333334,450,15.352282621057087
2025-10-16T21:40:46.769Z,34.09,1.6,0.8333333333333334,450,15.380251169620482
2025-10-16T21:41:17.327Z,34.21,1.6,0.8333333333333334,450,15.352282621057087
2025-10-16T21:41:48.006Z,34.27,1.6,0.8333333333333334,450,15.337342169229839
2025-10-16T21:42:18.568Z,34.21,1.6,0.8333333333333334,450,15.352282621057087
2025-10-16T21:42:49.123Z,34.25,1.6,0.8333333333333334,450,15.342394737126844
2025-10-16T21:43:19.806Z,34.34,1.6,0.8333333333333334,450,15.319078068267764
2025-10-16T21:43:50.459Z,34.46,1.6,0.8333333333333334,450,15.285613347354012
2025-10-16T21:44:21.230Z,34.34,1.6,0.8333333333333334,450,15.319078068267764
2025-10-16T21:44:51.705Z,34.21,1.6,0.8333333333333334,450,15.352282621057087
2025-10-16T21:45:22.216Z,34.46,1.6,0.8333333333333334,450,15.285613347354012
2025-10-16T21:45:52.883Z,34.15,1.6,0.8333333333333334,450,15.36658018653753
2025-10-16T21:46:23.418Z,34.46,1.6,0.8333333333333334,450,15.285613347354012
2025-10-16T21:47:24.651Z,34.21,1.6,0.8333333333333334,450,15.352282621057087
2025-10-16T21:47:55.308Z,34.34,1.6,0.8333333333333334,450,15.319078068267764
2025-10-16T21:48:25.849Z,34.25,1.6,0.8333333333333334,450,15.342394737126844
2025-10-16T21:49:27.087Z,34.21,1.6,0.8333333333333334,450,15.352282621057087
2025-10-16T21:50:28.321Z,34.24,1.6,0.8333333333333334,450,15.344893755074073
2025-10-16T21:50:58.976Z,34.27,1.6,0.8333333333333334,450,15.337342169229839
2025-10-16T21:51:29.576Z,34.46,1.6,0.8333333333333334,450,15.285613347354012
2025-10-16T21:52:00.225Z,34.21,1.6,0.8333333333333334,450,15.352282621057087
2025-10-16T21:52:30.779Z,34.08,1.6,0.8333333333333334,450,15.382469921615662
2025-10-16T21:53:01.456Z,34.34,1.6,0.8333333333333334,450,15.319078068267764
2025-10-16T21:53:32.002Z,34.31,1.6,0.8333333333333334,450,15.327016889508535
2025-10-16T21:54:02.697Z,34.34,1.6,0.8333333333333334,450,15.319078068267764
2025-10-16T21:54:33.284Z,34.21,1.6,0.8333333333333334,450,15.352282621057087
2025-10-16T21:55:03.783Z,34.46,1.6,0.8333333333333334,450,15.285613347354012
2025-10-16T21:56:05.044Z,34.35,1.6,0.8333333333333334,450,15.31639430509896
2025-10-16T21:56:35.678Z,34.22,1.6,0.8333333333333334,450,15.349837623524408
2025-10-16T21:57:06.308Z,34.46,1.6,0.8333333333333334,450,15.285613347354012
2025-10-16T21:57:36.902Z,34.21,1.6,0.8333333333333334,450,15.352282621057087
2025-10-16T21:58:07.563Z,34.31,1.6,0.8333333333333334,450,15.327016889508535
2025-10-16T21:58:38.115Z,34.23,1.6,0.8333333333333334,450,15.347374692768618
2025-10-16T21:59:08.798Z,34.28,1.6,0.8333333333333334,450,15.33478847467249
2025-10-16T21:59:39.418Z,34.24,1.6,0.8333333333333334,450,15.344893755074073
2025-10-16T22:00:09.923Z,34.1,1.6,0.8333333333333334,450,15.378015478153683
2025-10-16T22:00:40.599Z,34.25,1.6,0.8333333333333334,450,15.342394737126844
2025-10-16T22:01:11.250Z,34.21,1.6,0.8333333333333334,450,15.352282621057087
2025-10-16T22:02:43.031Z,34.34,1.6,0.8333333333333334,450,15.319078068267764
2025-10-16T22:04:14.821Z,34.24,1.6,0.8333333333333334,450,15.344893755074073
2025-10-16T22:04:45.504Z,34.21,1.6,0.8333333333333334,450,15.352282621057087
2025-10-16T22:05:46.739Z,34.34,1.6,0.8333333333333334,450,15.319078068267764
2025-10-16T22:06:17.371Z,34.15,1.6,0.8333333333333334,450,15.36658018653753
2025-10-16T22:06:47.892Z,34.46,1.6,0.8333333333333334,450,15.285613347354012
2025-10-16T22:07:18.666Z,34.27,1.6,0.8333333333333334,450,15.337342169229839
2025-10-16T22:07:49.172Z,34.46,1.6,0.8333333333333334,450,15.285613347354012
2025-10-16T22:08:19.723Z,34.08,1.6,0.8333333333333334,450,15.382469921615662
2025-10-16T22:08:50.384Z,34.34,1.6,0.8333333333333334,450,15.319078068267764
2025-10-16T22:09:20.959Z,34.21,1.6,0.8333333333333334,450,15.352282621057087
2025-10-16T22:09:51.597Z,34.46,1.6,0.8333333333333334,450,15.285613347354012
2025-10-16T22:10:22.320Z,34.21,1.6,0.8333333333333334,450,15.352282621057087
2025-10-16T22:10:52.913Z,34.22,1.6,0.8333333333333334,450,15.349837623524408
2025-10-16T22:11:23.487Z,34.3,1.6,0.8333333333333334,450,15.329625905885912
2025-10-16T22:11:54.042Z,34.22,1.6,0.8333333333333334,450,15.349837623524408
2025-10-16T22:12:24.674Z,34.21,1.6,0.8333333333333334,450,15.352282621057087
2025-10-16T22:12:55.208Z,34.26,1.6,0.8333333333333334,450,15.339877566014252
2025-10-16T22:13:25.945Z,34.46,1.6,0.8333333333333334,450,15.285613347354012
2025-10-16T22:14:27.118Z,34.22,1.6,0.8333333333333334,450,15.349837623524408
2025-10-16T22:14:57.711Z,34.28,1.6,0.8333333333333334,450,15.33478847467249
2025-10-16T22:15:28.328Z,34.21,1.6,0.8333333333333334,450,15.352282621057087
2025-10-16T22:15:58.989Z,34.46,1.6,0.8333333333333334,450,15.285613347354012
2025-10-16T22:16:29.530Z,34.34,1.6,0.8333333333333334,450,15.319078068267764
2025-10-16T22:17:00.221Z,34.23,1.6,0.8333333333333334,450,15.347374692768618
2025-10-16T22:17:30.819Z,34.34,1.6,0.8333333333333334,450,15.319078068267764
2025-10-16T22:18:01.458Z,34.28,1.6,0.8333333333333334,450,15.33478847467249
2025-10-16T22:18:32.019Z,34.21,1.6,0.8333333333333334,450,15.352282621057087
2025-10-16T22:19:02.564Z,34.22,1.6,0.8333333333333334,450,15.349837623524408
2025-10-16T22:20:03.788Z,34.46,1.6,0.8333333333333334,450,15.285613347354012
2025-10-16T22:20:34.544Z,34.34,1.6,0.8333333333333334,450,15.319078068267764
2025-10-16T22:21:05.024Z,34.46,1.6,0.8333333333333334,450,15.285613347354012
2025-10-16T22:21:35.676Z,34.24,1.6,0.8333333333333334,450,15.344893755074073
2025-10-16T22:22:06.298Z,34.34,1.6,0.8333333333333334,450,15.319078068267764
2025-10-16T22:22:36.917Z,34.27,1.6,0.8333333333333334,450,15.337342169229839
2025-10-16T22:23:07.583Z,34.24,1.6,0.8333333333333334,450,15.344893755074073
2025-10-16T22:23:38.116Z,34.34,1.6,0.8333333333333334,450,15.319078068267764
2025-10-16T22:24:08.669Z,34.21,1.6,0.8333333333333334,450,15.352282621057087
2025-10-16T22:25:09.988Z,34.26,1.6,0.8333333333333334,450,15.339877566014252
2025-10-16T22:25:40.534Z,34.34,1.6,0.8333333333333334,450,15.319078068267764
2025-10-16T22:26:11.216Z,34.21,1.6,0.8333333333333334,450,15.352282621057087
2025-10-16T22:26:41.780Z,34.34,1.6,0.8333333333333334,450,15.319078068267764
2025-10-16T22:27:12.365Z,34.21,1.6,0.8333333333333334,450,15.352282621057087
2025-10-16T22:27:43.042Z,34.25,1.6,0.8333333333333334,450,15.342394737126844
2025-10-16T22:28:13.635Z,34.31,1.6,0.8333333333333334,450,15.327016889508535
2025-10-16T22:28:44.249Z,34.22,1.6,0.8333333333333334,450,15.349837623524408
2025-10-16T22:29:14.816Z,34.34,1.6,0.8333333333333334,450,15.319078068267764
2025-10-16T22:29:45.550Z,34.24,1.6,0.8333333333333334,450,15.344893755074073
2025-10-16T22:30:16.057Z,34.34,1.6,0.8333333333333334,450,15.319078068267764
2025-10-16T22:31:17.257Z,34.26,1.6,0.8333333333333334,450,15.339877566014252
2025-10-16T22:31:48.107Z,34.23,1.6,0.8333333333333334,450,15.347374692768618
2025-10-16T22:32:18.528Z,34.31,1.6,0.8333333333333334,450,15.327016889508535
2025-10-16T22:32:49.174Z,34.28,1.6,0.8333333333333334,450,15.33478847467249
2025-10-16T22:33:19.717Z,34.21,1.6,0.8333333333333334,450,15.352282621057087
2025-10-16T22:34:20.930Z,34.15,1.6,0.8333333333333334,450,15.36658018653753
2025-10-16T22:34:51.580Z,34.28,1.6,0.8333333333333334,450,15.33478847467249
2025-10-16T22:35:22.111Z,34.21,1.6,0.8333333333333334,450,15.352282621057087
2025-10-16T22:35:52.829Z,34.28,1.6,0.8333333333333334,450,15.33478847467249
2025-10-16T22:36:23.383Z,34.15,1.6,0.8333333333333334,450,15.36658018653753
2025-10-16T22:36:53.973Z,34.46,1.6,0.8333333333333334,450,15.285613347354012
2025-10-16T22:37:24.604Z,34.34,1.6,0.8333333333333334,450,15.319078068267764
2025-10-16T22:37:55.282Z,34.46,1.6,0.8333333333333334,450,15.285613347354012
2025-10-16T22:39:27.070Z,34.34,1.6,0.8333333333333334,450,15.319078068267764
2025-10-16T22:39:57.730Z,34.21,1.6,0.8333333333333334,450,15.352282621057087
2025-10-16T22:40:28.300Z,34.4,1.6,0.8333333333333334,450,15.302691233452826
2025-10-16T22:40:58.923Z,34.34,1.6,0.8333333333333334,450,15.319078068267764
2025-10-16T22:43:01.468Z,34.22,1.6,0.8333333333333334,450,15.349837623524408
2025-10-16T22:43:31.931Z,34.34,1.6,0.8333333333333334,450,15.319078068267764
2025-10-16T22:44:33.143Z,34.48,1.6,0.8333333333333334,450,15.279764705066912
2025-10-16T22:45:34.403Z,34.21,1.6,0.8333333333333334,450,15.352282621057087
2025-10-16T22:46:05.060Z,34.27,1.6,0.8333333333333334,450,15.337342169229839
2025-10-16T22:46:35.705Z,34.34,1.6,0.8333333333333334,450,15.319078068267764
2025-10-16T22:47:06.272Z,34.24,1.6,0.8333333333333334,450,15.344893755074073
2025-10-16T22:47:36.912Z,34.4,1.6,0.8333333333333334,450,15.302691233452826
2025-10-16T22:48:07.447Z,34.1,1.6,0.8333333333333334,450,15.378015478153683
2025-10-16T22:48:38.088Z,34.21,1.6,0.8333333333333334,450,15.352282621057087
2025-10-16T22:49:08.660Z,34.46,1.6,0.8333333333333334,450,15.285613347354012
2025-10-16T22:49:39.332Z,34.21,1.6,0.8333333333333334,450,15.352282621057087
2025-10-16T22:50:09.924Z,34.22,1.6,0.8333333333333334,450,15.349837623524408
2025-10-16T22:50:40.626Z,34.34,1.6,0.8333333333333334,450,15.319078068267764
2025-10-16T22:51:41.754Z,34.24,1.6,0.8333333333333334,450,15.344893755074073
2025-10-16T22:52:12.388Z,34.21,1.6,0.8333333333333334,450,15.352282621057087
2025-10-16T22:52:42.928Z,34.46,1.6,0.8333333333333334,450,15.285613347354012
2025-10-16T22:53:13.591Z,34.24,1.6,0.8333333333333334,450,15.344893755074073
2025-10-16T22:53:44.251Z,34.46,1.6,0.8333333333333334,450,15.285613347354012
2025-10-16T22:54:14.805Z,34.21,1.6,0.8333333333333334,450,15.352282621057087
2025-10-16T22:54:45.477Z,34.34,1.6,0.8333333333333334,450,15.319078068267764
2025-10-16T22:55:15.971Z,34.21,1.6,0.8333333333333334,450,15.352282621057087
2025-10-16T22:55:46.764Z,34.31,1.6,0.8333333333333334,450,15.327016889508535
2025-10-16T22:56:17.247Z,34.34,1.6,0.8333333333333334,450,15.319078068267764
2025-10-16T22:57:18.469Z,34.46,1.6,0.8333333333333334,450,15.285613347354012
2025-10-16T22:57:49.129Z,34.34,1.6,0.8333333333333334,450,15.319078068267764
2025-10-16T22:58:19.806Z,34.21,1.6,0.8333333333333334,450,15.352282621057087
2025-10-16T22:58:50.306Z,34.27,1.6,0.8333333333333334,450,15.337342169229839
2025-10-16T22:59:21.007Z,34.22,1.6,0.8333333333333334,450,15.349837623524408
2025-10-16T22:59:51.557Z,34.34,1.6,0.8333333333333334,450,15.319078068267764
2025-10-16T23:00:22.225Z,34.27,1.6,0.8333333333333334,450,15.337342169229839
2025-10-16T23:00:52.768Z,34.21,1.6,0.8333333333333334,450,15.352282621057087
2025-10-16T23:01:23.431Z,34.46,1.6,0.8333333333333334,450,15.285613347354012
2025-10-16T23:01:54.019Z,34.21,1.6,0.8333333333333334,450,15.352282621057087
2025-10-16T23:02:24.782Z,34.34,1.6,0.8333333333333334,450,15.319078068267764
2025-10-16T23:02:55.232Z,34.21,1.6,0.8333333333333334,450,15.352282621057087
2025-10-16T23:03:25.803Z,34.37,1.6,0.8333333333333334,450,15.310970131361023
2025-10-16T23:03:56.456Z,34.27,1.6,0.8333333333333334,450,15.337342169229839
2025-10-16T23:04:57.723Z,34.21,1.6,0.8333333333333334,450,15.352282621057087
2025-10-16T23:05:28.267Z,34.35,1.6,0.8333333333333334,450,15.31639430509896
2025-10-16T23:05:58.978Z,34.46,1.6,0.8333333333333334,450,15.285613347354012
2025-10-16T23:06:29.461Z,34.34,1.6,0.8333333333333334,450,15.319078068267764
2025-10-16T23:07:00.123Z,34.46,1.6,0.8333333333333334,450,15.285613347354012
2025-10-16T23:07:30.790Z,34.37,1.6,0.8333333333333334,450,15.310970131361023
2025-10-16T23:08:01.466Z,34.46,1.6,0.8333333333333334,450,15.285613347354012
2025-10-16T23:08:31.896Z,34.34,1.6,0.8333333333333334,450,15.319078068267764
2025-10-16T23:09:02.605Z,34.27,1.6,0.8333333333333334,450,15.337342169229839
2025-10-16T23:09:33.234Z,34.26,1.6,0.8333333333333334,450,15.339877566014252
2025-10-16T23:10:03.813Z,34.46,1.6,0.8333333333333334,450,15.285613347354012
2025-10-16T23:11:04.974Z,34.27,1.6,0.8333333333333334,450,15.337342169229839
2025-10-16T23:11:35.570Z,34.46,1.6,0.8333333333333334,450,15.285613347354012
2025-10-16T23:12:06.175Z,34.34,1.6,0.8333333333333334,450,15.319078068267764
2025-10-16T23:12:36.820Z,34.46,1.6,0.8333333333333334,450,15.285613347354012
2025-10-16T23:13:38.602Z,34.25,1.6,0.8333333333333334,450,15.342394737126844
2025-10-16T23:14:08.717Z,34.21,1.6,0.8333333333333334,450,15.352282621057087
2025-10-16T23:14:39.273Z,34.23,1.6,0.8333333333333334,450,15.347374692768618
2025-10-16T23:15:40.517Z,34.46,1.6,0.8333333333333334,450,15.285613347354012
2025-10-16T23:16:11.183Z,34.22,1.6,0.8333333333333334,450,15.349837623524408
2025-10-16T23:16:41.755Z,34.34,1.6,0.8333333333333334,450,15.319078068267764
2025-10-16T23:17:12.393Z,34.22,1.6,0.8333333333333334,450,15.349837623524408
2025-10-16T23:17:42.980Z,34.46,1.6,0.8333333333333334,450,15.285613347354012
2025-10-16T23:18:44.173Z,34.25,1.6,0.8333333333333334,450,15.342394737126844
2025-10-16T23:19:14.846Z,34.46,1.6,0.8333333333333334,450,15.285613347354012
2025-10-16T23:19:45.471Z,34.24,1.6,0.8333333333333334,450,15.344893755074073
2025-10-16T23:20:16.112Z,34.46,1.6,0.8333333333333334,450,15.285613347354012
2025-10-16T23:20:46.637Z,34.28,1.6,0.8333333333333334,450,15.33478847467249
2025-10-16T23:21:17.194Z,34.34,1.6,0.8333333333333334,450,15.319078068267764
2025-10-16T23:21:47.868Z,34.46,1.6,0.8333333333333334,450,15.285613347354012
2025-10-16T23:22:18.593Z,34.34,1.6,0.8333333333333334,450,15.319078068267764
2025-10-16T23:22:49.065Z,34.4,1.6,0.8333333333333334,450,15.302691233452826
2025-10-16T23:23:19.735Z,34.46,1.6,0.8333333333333334,450,15.285613347354012
2025-10-16T23:23:50.297Z,34.47,1.6,0.8333333333333334,450,15.282698851850007
2025-10-16T23:24:20.971Z,34.46,1.6,0.8333333333333334,450,15.285613347354012
2025-10-16T23:24:51.546Z,34.23,1.6,0.8333333333333334,450,15.347374692768618
2025-10-16T23:25:22.092Z,34.21,1.6,0.8333333333333334,450,15.352282621057087
2025-10-16T23:25:52.764Z,34.34,1.6,0.8333333333333334,450,15.319078068267764
2025-10-16T23:26:23.329Z,34.46,1.6,0.8333333333333334,450,15.285613347354012
2025-10-16T23:28:25.772Z,34.22,1.6,0.8333333333333334,450,15.349837623524408
2025-10-16T23:28:56.519Z,34.34,1.6,0.8333333333333334,450,15.319078068267764
2025-10-16T23:29:27.106Z,34.48,1.6,0.8333333333333334,450,15.279764705066912
2025-10-16T23:29:57.683Z,34.46,1.6,0.8333333333333334,450,15.285613347354012
2025-10-16T23:33:01.364Z,34.18,1.6,0.8333333333333334,450,15.359510757429451
2025-10-16T23:33:31.928Z,34.34,1.6,0.8333333333333334,450,15.319078068267764
2025-10-16T23:34:02.492Z,34.46,1.6,0.8333333333333334,450,15.285613347354012
2025-10-16T23:36:05.114Z,34.4,1.6,0.8333333333333334,450,15.302691233452826
2025-10-16T23:36:35.672Z,34.21,1.6,0.8333333333333334,450,15.352282621057087
2025-10-16T23:37:06.160Z,34.34,1.6,0.8333333333333334,450,15.319078068267764
2025-10-16T23:37:36.872Z,34.46,1.6,0.8333333333333334,450,15.285613347354012
2025-10-16T23:38:07.450Z,34.34,1.6,0.8333333333333334,450,15.319078068267764
2025-10-16T23:38:38.096Z,34.46,1.6,0.8333333333333334,450,15.285613347354012
2025-10-16T23:39:08.674Z,34.34,1.6,0.8333333333333334,450,15.319078068267764
2025-10-16T23:39:39.278Z,34.46,1.6,0.8333333333333334,450,15.285613347354012
2025-10-16T23:41:41.763Z,34.34,1.6,0.8333333333333334,450,15.319078068267764
2025-10-16T23:42:12.322Z,34.46,1.6,0.8333333333333334,450,15.285613347354012
2025-10-16T23:42:43.046Z,34.22,1.6,0.8333333333333334,450,15.349837623524408
2025-10-16T23:43:13.523Z,34.34,1.6,0.8333333333333334,450,15.319078068267764
2025-10-16T23:43:44.323Z,34.21,1.6,0.8333333333333334,450,15.352282621057087
2025-10-16T23:44:14.842Z,34.34,1.6,0.8333333333333334,450,15.319078068267764
2025-10-16T23:44:45.453Z,34.46,1.6,0.8333333333333334,450,15.285613347354012
2025-10-16T23:45:46.670Z,34.34,1.6,0.8333333333333334,450,15.319078068267764
2025-10-16T23:46:17.234Z,34.46,1.6,0.8333333333333334,450,15.285613347354012
2025-10-16T23:47:18.501Z,34.34,1.6,0.8333333333333334,450,15.319078068267764
2025-10-16T23:47:49.044Z,34.18,1.6,0.8333333333333334,450,15.359510757429451
2025-10-16T23:48:19.707Z,34.46,1.6,0.8333333333333334,450,15.285613347354012
2025-10-16T23:50:22.178Z,34.21,1.6,0.8333333333333334,450,15.352282621057087
2025-10-16T23:50:52.695Z,34.27,1.6,0.8333333333333334,450,15.337342169229839
2025-10-16T23:51:23.364Z,34.21,1.6,0.8333333333333334,450,15.352282621057087
2025-10-16T23:52:24.717Z,34.46,1.6,0.8333333333333334,450,15.285613347354012
2025-10-16T23:52:55.159Z,34.22,1.6,0.8333333333333334,450,15.349837623524408
2025-10-16T23:53:25.823Z,34.21,1.6,0.8333333333333334,450,15.352282621057087
2025-10-16T23:53:56.472Z,34.22,1.6,0.8333333333333334,450,15.349837623524408
2025-10-16T23:54:27.031Z,34.31,1.6,0.8333333333333334,450,15.327016889508535
2025-10-16T23:54:57.703Z,34.46,1.6,0.8333333333333334,450,15.285613347354012
2025-10-16T23:57:00.355Z,34.24,1.6,0.8333333333333334,450,15.344893755074073
2025-10-16T23:58:01.670Z,34.46,1.6,0.8333333333333334,450,15.285613347354012
2025-10-16T23:59:02.605Z,34.34,1.6,0.8333333333333334,450,15.319078068267764
2025-10-16T23:59:33.245Z,34.24,1.6,0.8333333333333334,450,15.344893755074073
2025-10-17T00:00:34.336Z,34.46,1.6,0.8333333333333334,450,15.285613347354012
2025-10-17T00:01:04.950Z,34.34,1.6,0.8333333333333334,450,15.319078068267764
2025-10-17T00:01:35.621Z,34.27,1.6,0.8333333333333334,450,15.337342169229839
2025-10-17T00:02:06.210Z,34.21,1.6,0.8333333333333334,450,15.352282621057087
2025-10-17T00:03:07.417Z,34.18,1.6,0.8333333333333334,450,15.359510757429451
2025-10-17T00:03:38.106Z,34.22,1.6,0.8333333333333334,450,15.349837623524408
2025-10-17T00:04:39.268Z,34.46,1.6,0.8333333333333334,450,15.285613347354012
2025-10-17T00:05:09.945Z,34.27,1.6,0.8333333333333334,450,15.337342169229839
2025-10-17T00:05:40.572Z,34.25,1.6,0.8333333333333334,450,15.342394737126844
2025-10-17T00:06:41.743Z,34.46,1.6,0.8333333333333334,450,15.285613347354012
2025-10-17T00:07:12.385Z,34.34,1.6,0.8333333333333334,450,15.319078068267764
2025-10-17T00:07:42.974Z,34.22,1.6,0.8333333333333334,450,15.349837623524408
2025-10-17T00:08:13.539Z,34.46,1.6,0.8333333333333334,450,15.285613347354012
2025-10-17T00:09:14.784Z,34.34,1.6,0.8333333333333334,450,15.319078068267764
2025-10-17T00:09:45.336Z,34.46,1.6,0.8333333333333334,450,15.285613347354012
2025-10-17T00:10:16.041Z,34.24,1.6,0.8333333333333334,450,15.344893755074073
2025-10-17T00:10:46.670Z,34.25,1.6,0.8333333333333334,450,15.342394737126844
2025-10-17T00:11:17.220Z,34.34,1.6,0.8333333333333334,450,15.319078068267764
2025-10-17T00:11:47.880Z,34.46,1.6,0.8333333333333334,450,15.285613347354012
2025-10-17T00:12:18.474Z,34.21,1.6,0.8333333333333334,450,15.352282621057087
2025-10-17T00:12:49.125Z,34.28,1.6,0.8333333333333334,450,15.33478847467249
2025-10-17T00:13:19.688Z,34.25,1.6,0.8333333333333334,450,15.342394737126844
2025-10-17T00:13:50.331Z,34.34,1.6,0.8333333333333334,450,15.319078068267764
2025-10-17T00:14:20.875Z,34.46,1.6,0.8333333333333334,450,15.285613347354012
2025-10-17T00:15:22.132Z,34.08,1.6,0.8333333333333334,450,15.382469921615662
2025-10-17T00:15:52.710Z,34.46,1.6,0.8333333333333334,450,15.285613347354012
2025-10-17T00:16:23.397Z,34.34,1.6,0.8333333333333334,450,15.319078068267764
2025-10-17T00:16:53.939Z,34.48,1.6,0.8333333333333334,450,15.279764705066912
2025-10-17T00:17:24.616Z,34.46,1.6,0.8333333333333334,450,15.285613347354012
2025-10-17T00:17:55.172Z,34.21,1.6,0.8333333333333334,450,15.352282621057087
2025-10-17T00:18:25.936Z,34.46,1.6,0.8333333333333334,450,15.285613347354012
2025-10-17T00:19:27.068Z,34.34,1.6,0.8333333333333334,450,15.319078068267764
2025-10-17T00:19:57.614Z,34.46,1.6,0.8333333333333334,450,15.285613347354012
2025-10-17T00:20:28.185Z,34.28,1.6,0.8333333333333334,450,15.33478847467249
2025-10-17T00:20:58.844Z,34.46,1.6,0.8333333333333334,450,15.285613347354012
2025-10-17T00:21:29.528Z,34.47,1.6,0.8333333333333334,450,15.282698851850007
2025-10-17T00:22:00.053Z,34.46,1.6,0.8333333333333334,450,15.285613347354012
2025-10-17T00:22:30.726Z,34.34,1.6,0.8333333333333334,450,15.319078068267764
2025-10-17T00:23:31.997Z,34.46,1.6,0.8333333333333334,450,15.285613347354012
2025-10-17T00:24:33.201Z,34.28,1.6,0.8333333333333334,450,15.33478847467249
2025-10-17T00:25:03.726Z,34.25,1.6,0.8333333333333334,450,15.342394737126844
2025-10-17T00:25:34.501Z,34.21,1.6,0.8333333333333334,450,15.352282621057087
2025-10-17T00:26:04.992Z,34.46,1.6,0.8333333333333334,450,15.285613347354012
2025-10-17T00:26:35.648Z,34.24,1.6,0.8333333333333334,450,15.344893755074073
2025-10-17T00:27:06.234Z,34.37,1.6,0.8333333333333334,450,15.310970131361023
2025-10-17T00:27:37.174Z,34.46,1.6,0.8333333333333334,450,15.285613347354012
2025-10-17T00:28:38.134Z,34.34,1.6,0.8333333333333334,450,15.319078068267764
2025-10-17T00:29:39.265Z,34.46,1.6,0.8333333333333334,450,15.285613347354012
2025-10-17T00:30:40.437Z,34.08,1.6,0.8333333333333334,450,15.382469921615662
2025-10-17T00:31:11.096Z,34.46,1.6,0.8333333333333334,450,15.285613347354012
2025-10-17T00:31:41.758Z,34.34,1.6,0.8333333333333334,450,15.319078068267764
2025-10-17T00:32:43.010Z,34.28,1.6,0.8333333333333334,450,15.33478847467249
2025-10-17T00:33:13.581Z,34.34,1.6,0.8333333333333334,450,15.319078068267764
2025-10-17T00:34:45.320Z,34.28,1.6,0.8333333333333334,450,15.33478847467249
2025-10-17T00:35:16.003Z,34.46,1.6,0.8333333333333334,450,15.285613347354012
2025-10-17T00:36:17.208Z,34.4,1.6,0.8333333333333334,450,15.302691233452826
2025-10-17T00:36:47.910Z,34.21,1.6,0.8333333333333334,450,15.352282621057087
2025-10-17T00:37:18.521Z,34.46,1.6,0.8333333333333334,450,15.285613347354012
2025-10-17T00:38:19.647Z,34.21,1.6,0.8333333333333334,450,15.352282621057087
2025-10-17T00:39:20.879Z,34.34,1.6,0.8333333333333334,450,15.319078068267764
2025-10-17T00:39:51.555Z,34.46,1.6,0.8333333333333334,450,15.285613347354012
2025-10-17T00:40:22.119Z,34.34,1.6,0.8333333333333334,450,15.319078068267764
2025-10-17T00:40:52.737Z,34.27,1.6,0.8333333333333334,450,15.337342169229839
2025-10-17T00:41:23.294Z,34.34,1.6,0.8333333333333334,450,15.319078068267764
2025-10-17T00:42:24.528Z,34.46,1.6,0.8333333333333334,450,15.285613347354012
2025-10-17T00:42:55.164Z,34.24,1.6,0.8333333333333334,450,15.344893755074073
2025-10-17T00:43:25.837Z,34.35,1.6,0.8333333333333334,450,15.31639430509896
2025-10-17T00:43:56.401Z,34.21,1.6,0.8333333333333334,450,15.352282621057087
2025-10-17T00:44:27.080Z,34.46,1.6,0.8333333333333334,450,15.285613347354012
2025-10-17T00:45:28.192Z,34.34,1.6,0.8333333333333334,450,15.319078068267764
2025-10-17T00:45:58.862Z,34.4,1.6,0.8333333333333334,450,15.302691233452826
2025-10-17T00:46:29.472Z,34.27,1.6,0.8333333333333334,450,15.337342169229839
2025-10-17T00:47:00.092Z,34.46,1.6,0.8333333333333334,450,15.285613347354012
2025-10-17T00:47:30.671Z,34.4,1.6,0.8333333333333334,450,15.302691233452826
2025-10-17T00:48:01.372Z,34.46,1.6,0.8333333333333334,450,15.285613347354012
2025-10-17T00:48:31.896Z,34.22,1.6,0.8333333333333334,450,15.349837623524408
2025-10-17T00:49:02.532Z,34.52,1.6,0.8333333333333334,450,15.26783034978926
2025-10-17T00:49:33.094Z,34.37,1.6,0.8333333333333334,450,15.310970131361023
2025-10-17T00:50:03.663Z,34.46,1.6,0.8333333333333334,450,15.285613347354012
2025-10-17T00:50:34.396Z,34.34,1.6,0.8333333333333334,450,15.319078068267764
2025-10-17T00:51:04.924Z,34.46,1.6,0.8333333333333334,450,15.285613347354012
2025-10-17T00:53:07.401Z,34.34,1.6,0.8333333333333334,450,15.319078068267764
2025-10-17T00:53:38.066Z,34.46,1.6,0.8333333333333334,450,15.285613347354012
2025-10-17T00:54:08.627Z,34.21,1.6,0.8333333333333334,450,15.352282621057087
2025-10-17T00:54:39.277Z,34.46,1.6,0.8333333333333334,450,15.285613347354012
2025-10-17T00:55:40.497Z,34.28,1.6,0.8333333333333334,450,15.33478847467249
2025-10-17T00:56:11.035Z,34.4,1.6,0.8333333333333334,450,15.302691233452826
2025-10-17T00:56:41.717Z,34.46,1.6,0.8333333333333334,450,15.285613347354012
2025-10-17T00:57:42.958Z,34.34,1.6,0.8333333333333334,450,15.319078068267764
2025-10-17T00:58:44.134Z,34.46,1.6,0.8333333333333334,450,15.285613347354012
2025-10-17T00:59:14.830Z,34.34,1.6,0.8333333333333334,450,15.319078068267764
2025-10-17T00:59:45.356Z,34.25,1.6,0.8333333333333334,450,15.342394737126844
2025-10-17T01:00:15.918Z,34.46,1.6,0.8333333333333334,450,15.285613347354012
2025-10-17T01:00:46.588Z,34.34,1.6,0.8333333333333334,450,15.319078068267764
2025-10-17T01:01:16.643Z,34.03,1.6,0.8333333333333334,450,15.393312370499569
2025-10-17T01:01:46.576Z,33.97,1.6,0.8333333333333334,450,15.405781067688629
2025-10-17T01:02:16.606Z,33.71,1.6,0.8333333333333334,450,15.453406861444712
2025-10-17T01:03:16.571Z,33.47,1.6,0.8333333333333334,450,15.489122788919424
2025-10-17T01:03:46.636Z,33.24,1.6,0.8333333333333334,450,15.517154453309228
2025-10-17T01:04:16.584Z,32.99,1.6,0.8333333333333334,450,15.54216413181226
2025-10-17T01:04:46.645Z,32.96,1.6,0.8333333333333334,450,15.544855210537413
2025-10-17T01:05:16.695Z,32.85,1.6,0.8333333333333334,450,15.554256170381192
2025-10-17T01:05:46.620Z,32.69,1.6,0.8333333333333334,450,15.566843030789757
2025-10-17T01:06:16.677Z,32.71,1.6,0.8333333333333334,450,15.56532823312686
2025-10-17T01:06:46.831Z,32.47,1.6,0.8333333333333334,450,15.582740383977956
2025-10-17T01:07:16.639Z,32.35,1.6,0.8333333333333334,450,15.591064971595193
2025-10-17T01:07:46.693Z,32.28,1.6,0.8333333333333334,450,15.595897368942737
2025-10-17T01:08:16.735Z,32.0,1.6,0.8333333333333334,450,15.615781284104987
2025-10-17T01:08:46.735Z,31.98,1.6,0.8333333333333334,450,15.617269449061482
2025-10-17T01:09:46.706Z,31.89,1.6,0.8333333333333334,450,15.624135044436827
2025-10-17T01:10:16.834Z,31.64,1.6,0.8333333333333334,450,15.645078074119194
2025-10-17T01:10:46.691Z,31.54,1.6,0.8333333333333334,450,15.654426823276626
2025-10-17T01:11:16.835Z,31.59,1.6,0.8333333333333334,450,15.649673793901759
2025-10-17T01:11:46.681Z,31.36,1.6,0.8333333333333334,450,15.672971500853723
2025-10-17T01:12:16.740Z,31.25,1.6,0.8333333333333334,450,15.685523085974328
2025-10-17T01:12:46.794Z,31.32,1.6,0.8333333333333334,450,15.677422628628229
2025-10-17T01:13:16.735Z,31.23,1.6,0.8333333333333334,450,15.68791235859327
2025-10-17T01:13:46.835Z,30.99,1.6,0.8333333333333334,450,15.719350592447942
2025-10-17T01:14:16.836Z,30.98,1.6,0.8333333333333334,450,15.720776450861308
2025-10-17T01:14:46.936Z,31.0,1.6,0.8333333333333334,450,15.717934325756026
2025-10-17T01:15:16.819Z,30.86,1.6,0.8333333333333334,450,15.73864788736415
2025-10-17T01:15:46.734Z,30.73,1.6,0.8333333333333334,450,15.759638486798808
2025-10-17T01:16:16.840Z,30.8,1.6,0.8333333333333334,450,15.748121658681129
2025-10-17T01:17:16.834Z,30.6,1.6,0.8333333333333334,450,15.782377746262775
2025-10-17T01:17:46.841Z,30.49,1.6,0.8333333333333334,450,15.803011972661421
2025-10-17T01:18:16.838Z,30.61,1.6,0.8333333333333334,450,15.780565544130967
2025-10-17T01:18:46.838Z,30.36,1.6,0.8333333333333334,450,15.829060658088515
2025-10-17T01:19:46.895Z,30.28,1.6,0.8333333333333334,450,15.845986508362465
2025-10-17T01:20:16.840Z,30.24,1.6,0.8333333333333334,450,15.854704267308872
2025-10-17T01:21:16.840Z,30.11,1.6,0.8333333333333334,450,15.884198913025834
2025-10-17T01:21:46.875Z,30.12,1.6,0.8333333333333334,450,15.88186753314055
2025-10-17T01:22:16.914Z,30.11,1.6,0.8333333333333334,450,15.884198913025834
2025-10-17T01:22:46.845Z,29.87,1.6,0.8333333333333334,450,15.943192110658742
2025-10-17T01:23:16.935Z,29.89,1.6,0.8333333333333334,450,15.938058116089742
2025-10-17T01:23:46.863Z,29.87,1.6,0.8333333333333334,450,15.943192110658742
2025-10-17T01:25:46.922Z,29.73,1.6,0.8333333333333334,450,15.980187307941833
2025-10-17T01:26:16.966Z,29.71,1.6,0.8333333333333334,450,15.985619186431796
2025-10-17T01:26:46.888Z,29.73,1.6,0.8333333333333334,450,15.980187307941833
2025-10-17T01:27:17.048Z,29.59,1.6,0.8333333333333334,450,16.01894327041881
2025-10-17T01:27:46.878Z,29.68,1.6,0.8333333333333334,450,15.993833600721366
2025-10-17T01:28:16.935Z,29.55,1.6,0.8333333333333334,450,16.03032009407054
2025-10-17T01:28:46.932Z,29.52,1.6,0.8333333333333334,450,16.03893708816385
2025-10-17T01:29:16.972Z,29.59,1.6,0.8333333333333334,450,16.01894327041881
2025-10-17T01:29:46.976Z,29.37,1.6,0.8333333333333334,450,16.08304455153244
2025-10-17T01:30:46.947Z,29.49,1.6,0.8333333333333334,450,16.047624573083812
2025-10-17T01:31:17.093Z,29.43,1.6,0.8333333333333334,450,16.06520414401875
2025-10-17T01:32:16.978Z,29.34,1.6,0.8333333333333334,450,16.092057892563815
2025-10-17T01:32:47.057Z,29.24,1.6,0.8333333333333334,450,16.122520706162753
2025-10-17T01:33:17.070Z,29.11,1.6,0.8333333333333334,450,16.16298367494192
2025-10-17T01:33:46.984Z,29.05,1.6,0.8333333333333334,450,16.18194185056613
2025-10-17T01:34:16.988Z,29.06,1.6,0.8333333333333334,450,16.17877103956988
2025-10-17T01:34:47.054Z,29.1,1.6,0.8333333333333334,450,16.166131961594587
2025-10-17T01:35:17.078Z,29.09,1.6,0.8333333333333334,450,16.169284929115733
2025-10-17T01:35:47.059Z,29.08,1.6,0.8333333333333334,450,16.172442490042403
2025-10-17T01:36:17.052Z,29.1,1.6,0.8333333333333334,450,16.166131961594587
2025-10-17T01:36:47.101Z,29.12,1.6,0.8333333333333334,450,16.159840156080797
2025-10-17T01:37:17.051Z,28.96,1.6,0.8333333333333334,450,16.210658944693446
2025-10-17T01:37:47.123Z,29.02,1.6,0.8333333333333334,450,16.19147935174132
2025-10-17T01:38:17.050Z,28.99,1.6,0.8333333333333334,450,16.20105254619144
2025-10-17T01:38:47.079Z,28.96,1.6,0.8333333333333334,450,16.210658944693446
2025-10-17T01:39:17.023Z,29.0,1.6,0.8333333333333334,450,16.197857668258166
2025-10-17T01:39:47.063Z,28.96,1.6,0.8333333333333334,450,16.210658944693446
2025-10-17T01:40:17.109Z,28.93,1.6,0.8333333333333334,450,16.22029601694134
2025-10-17T01:40:47.057Z,28.87,1.6,0.8333333333333334,450,16.239651860810035
2025-10-17T01:41:17.108Z,28.74,1.6,0.8333333333333334,450,16.281873966791185
2025-10-17T01:41:47.062Z,28.93,1.6,0.8333333333333334,450,16.22029601694134
2025-10-17T01:42:17.117Z,28.73,1.6,0.8333333333333334,450,16.285133221354585
2025-10-17T01:42:47.169Z,28.87,1.6,0.8333333333333334,450,16.239651860810035
2025-10-17T01:43:17.098Z,28.62,1.6,0.8333333333333334,450,16.32103500695487
2025-10-17T01:43:47.105Z,28.75,1.6,0.8333333333333334,450,16.278615928101793
2025-10-17T01:44:17.225Z,28.61,1.6,0.8333333333333334,450,16.3243005621705
2025-10-17T01:44:47.110Z,28.68,1.6,0.8333333333333334,450,16.301444050193282
2025-10-17T01:45:17.174Z,28.72,1.6,0.8333333333333334,450,16.288393587004457
2025-10-17T01:45:47.116Z,28.68,1.6,0.8333333333333334,450,16.301444050193282
2025-10-17T01:46:17.280Z,28.61,1.6,0.8333333333333334,450,16.3243005621705
2025-10-17T01:46:47.238Z,28.72,1.6,0.8333333333333334,450,16.288393587004457
2025-10-17T01:47:17.321Z,28.51,1.6,0.8333333333333334,450,16.35692808608136
2025-10-17T01:47:47.222Z,28.55,1.6,0.8333333333333334,450,16.343886301557255
2025-10-17T01:48:17.171Z,28.52,1.6,0.8333333333333334,450,16.35366929680471
2025-10-17T01:48:47.180Z,28.55,1.6,0.8333333333333334,450,16.343886301557255
2025-10-17T01:49:17.283Z,28.57,1.6,0.8333333333333334,450,16.33735990472421
2025-10-17T01:49:47.291Z,28.51,1.6,0.8333333333333334,450,16.35692808608136
2025-10-17T01:50:17.249Z,28.5,1.6,0.8333333333333334,450,16.36018558266533
2025-10-17T01:50:47.176Z,28.56,1.6,0.8333333333333334,450,16.340623468569376
2025-10-17T01:51:17.241Z,28.44,1.6,0.8333333333333334,450,16.379697044495057
2025-10-17T01:52:17.209Z,28.38,1.6,0.8333333333333334,450,16.39913312927527
2025-10-17T01:53:17.322Z,28.5,1.6,0.8333333333333334,450,16.36018558266533
2025-10-17T01:53:47.241Z,28.52,1.6,0.8333333333333334,450,16.35366929680471
2025-10-17T01:54:17.234Z,28.38,1.6,0.8333333333333334,450,16.39913312927527
2025-10-17T01:55:47.293Z,28.26,1.6,0.8333333333333334,450,16.43767836795762
2025-10-17T01:56:17.386Z,28.38,1.6,0.8333333333333334,450,16.39913312927527
2025-10-17T01:56:47.369Z,28.25,1.6,0.8333333333333334,450,16.44086592354146
2025-10-17T01:57:47.359Z,28.26,1.6,0.8333333333333334,450,16.43767836795762
2025-10-17T01:58:17.277Z,28.31,1.6,0.8333333333333334,450,16.421679771741086
2025-10-17T01:58:47.419Z,28.25,1.6,0.8333333333333334,450,16.44086592354146
2025-10-17T02:00:17.335Z,28.12,1.6,0.8333333333333334,450,16.48186569232924
2025-10-17T02:00:47.404Z,28.28,1.6,0.8333333333333334,450,16.431290733949105
2025-10-17T02:01:17.320Z,28.25,1.6,0.8333333333333334,450,16.44086592354146
2025-10-17T02:01:47.395Z,28.06,1.6,0.8333333333333334,450,16.500467756528362
2025-10-17T02:02:17.441Z,28.0,1.6,0.8333333333333334,450,16.518830299150963
2025-10-17T02:03:17.445Z,28.06,1.6,0.8333333333333334,450,16.500467756528362
2025-10-17T02:03:47.325Z,28.05,1.6,0.8333333333333334,450,16.503545534285
2025-10-17T02:04:17.426Z,28.06,1.6,0.8333333333333334,450,16.500467756528362
2025-10-17T02:04:47.374Z,28.01,1.6,0.8333333333333334,450,16.515787642194
2025-10-17T02:05:17.422Z,28.02,1.6,0.8333333333333334,450,16.512737713272017
2025-10-17T02:05:47.535Z,28.0,1.6,0.8333333333333334,450,16.518830299150963
2025-10-17T02:06:17.461Z,27.88,1.6,0.8333333333333334,450,16.554729707576882
2025-10-17T02:06:47.528Z,28.0,1.6,0.8333333333333334,450,16.518830299150963
2025-10-17T02:07:17.403Z,28.02,1.6,0.8333333333333334,450,16.512737713272017
2025-10-17T02:07:47.468Z,28.0,1.6,0.8333333333333334,450,16.518830299150963
2025-10-17T02:08:17.433Z,28.06,1.6,0.8333333333333334,450,16.500467756528362
2025-10-17T02:08:47.393Z,28.0,1.6,0.8333333333333334,450,16.518830299150963
2025-10-17T02:09:17.485Z,27.89,1.6,0.8333333333333334,450,16.55178401857352
2025-10-17T02:09:47.454Z,27.78,1.6,0.8333333333333334,450,16.58367694101465
2025-10-17T02:10:17.515Z,27.81,1.6,0.8333333333333334,450,16.5750935703247
2025-10-17T02:10:47.561Z,27.88,1.6,0.8333333333333334,450,16.554729707576882
2025-10-17T02:11:17.521Z,27.97,1.6,0.8333333333333334,450,16.527913396658636
2025-10-17T02:11:47.453Z,27.88,1.6,0.8333333333333334,450,16.554729707576882
2025-10-17T02:12:17.546Z,27.81,1.6,0.8333333333333334,450,16.5750935703247
2025-10-17T02:12:47.549Z,27.78,1.6,0.8333333333333334,450,16.58367694101465
2025-10-17T02:13:17.457Z,27.74,1.6,0.8333333333333334,450,16.594978864961398
2025-10-17T02:13:47.619Z,28.0,1.6,0.8333333333333334,450,16.518830299150963
2025-10-17T02:14:17.603Z,27.74,1.6,0.8333333333333334,450,16.594978864961398
2025-10-17T02:14:47.580Z,27.72,1.6,0.8333333333333334,450,16.60056647489444
2025-10-17T02:15:17.619Z,27.74,1.6,0.8333333333333334,450,16.594978864961398
2025-10-17T02:15:47.533Z,27.75,1.6,0.8333333333333334,450,16.592169034497932
2025-10-17T02:16:17.722Z,27.81,1.6,0.8333333333333334,450,16.5750935703247
2025-10-17T02:16:47.589Z,27.69,1.6,0.8333333333333334,450,16.60886588864885
2025-10-17T02:17:17.656Z,27.74,1.6,0.8333333333333334,450,16.594978864961398
2025-10-17T02:17:47.635Z,27.6,1.6,0.8333333333333334,450,16.63314229509903
2025-10-17T02:18:17.593Z,27.72,1.6,0.8333333333333334,450,16.60056647489444
2025-10-17T02:18:47.693Z,27.78,1.6,0.8333333333333334,450,16.58367694101465
2025-10-17T02:19:17.649Z,27.53,1.6,0.8333333333333334,450,16.651334990676578
2025-10-17T02:19:47.576Z,27.74,1.6,0.8333333333333334,450,16.594978864961398
2025-10-17T02:20:17.685Z,27.6,1.6,0.8333333333333334,450,16.63314229509903
2025-10-17T02:20:47.667Z,27.62,1.6,0.8333333333333334,450,16.627831051499292
2025-10-17T02:21:17.582Z,27.63,1.6,0.8333333333333334,450,16.625157160978663
2025-10-17T02:21:47.654Z,27.61,1.6,0.8333333333333334,450,16.63049280425714
2025-10-17T02:22:17.827Z,27.56,1.6,0.8333333333333334,450,16.643615159839612
2025-10-17T02:22:47.629Z,27.74,1.6,0.8333333333333334,450,16.594978864961398
2025-10-17T02:23:47.671Z,27.54,1.6,0.8333333333333334,450,16.64877480053117
2025-10-17T02:24:17.608Z,27.63,1.6,0.8333333333333334,450,16.625157160978663
2025-10-17T02:24:47.758Z,27.5,1.6,0.8333333333333334,450,16.658935562167052
2025-10-17T02:25:17.724Z,27.52,1.6,0.8333333333333334,450,16.65388192969034
2025-10-17T02:25:47.633Z,27.62,1.6,0.8333333333333334,450,16.627831051499292
2025-10-17T02:26:17.687Z,27.51,1.6,0.8333333333333334,450,16.656415494497438
2025-10-17T02:27:17.683Z,27.63,1.6,0.8333333333333334,450,16.625157160978663
2025-10-17T02:27:47.737Z,27.56,1.6,0.8333333333333334,450,16.643615159839612
2025-10-17T02:28:17.693Z,27.64,1.6,0.8333333333333334,450,16.62247125694228
2025-10-17T02:28:47.734Z,27.38,1.6,0.8333333333333334,450,16.688079071265015
2025-10-17T02:29:17.831Z,27.61,1.6,0.8333333333333334,450,16.63049280425714
2025-10-17T02:29:47.781Z,27.51,1.6,0.8333333333333334,450,16.656415494497438
2025-10-17T02:30:17.705Z,27.57,1.6,0.8333333333333334,450,16.641015956124114
2025-10-17T02:30:47.765Z,27.38,1.6,0.8333333333333334,450,16.688079071265015
2025-10-17T02:31:17.805Z,27.56,1.6,0.8333333333333334,450,16.643615159839612
2025-10-17T02:31:47.767Z,27.38,1.6,0.8333333333333334,450,16.688079071265015
2025-10-17T02:32:17.787Z,27.44,1.6,0.8333333333333334,450,16.673765663797766
2025-10-17T02:32:47.708Z,27.32,1.6,0.8333333333333334,450,16.70184963171448
2025-10-17T02:33:17.789Z,27.41,1.6,0.8333333333333334,450,16.68098859495611
2025-10-17T02:33:47.736Z,27.44,1.6,0.8333333333333334,450,16.673765663797766
2025-10-17T02:34:17.885Z,27.47,1.6,0.8333333333333334,450,16.666413555339737
2025-10-17T02:34:47.776Z,27.26,1.6,0.8333333333333334,450,16.71505147220223
2025-10-17T02:35:17.834Z,27.38,1.6,0.8333333333333334,450,16.688079071265015
2025-10-17T02:35:47.780Z,27.51,1.6,0.8333333333333334,450,16.656415494497438
2025-10-17T02:36:17.842Z,27.28,1.6,0.8333333333333334,450,16.710715634207673
2025-10-17T02:36:47.789Z,27.39,1.6,0.8333333333333334,450,16.685730498029205
2025-10-17T02:37:17.859Z,27.26,1.6,0.8333333333333334,450,16.71505147220223
2025-10-17T02:37:47.797Z,27.38,1.6,0.8333333333333334,450,16.688079071265015
2025-10-17T02:38:17.900Z,27.26,1.6,0.8333333333333334,450,16.71505147220223
2025-10-17T02:38:47.876Z,27.23,1.6,0.8333333333333334,450,16.721431123337936
2025-10-17T02:39:17.839Z,27.26,1.6,0.8333333333333334,450,16.71505147220223
2025-10-17T02:39:47.941Z,27.28,1.6,0.8333333333333334,450,16.710715634207673
2025-10-17T02:40:17.809Z,27.26,1.6,0.8333333333333334,450,16.71505147220223
2025-10-17T02:40:47.880Z,27.38,1.6,0.8333333333333334,450,16.688079071265015
2025-10-17T02:41:47.936Z,27.26,1.6,0.8333333333333334,450,16.71505147220223
2025-10-17T02:44:17.968Z,27.38,1.6,0.8333333333333334,450,16.688079071265015
2025-10-17T02:44:47.923Z,27.12,1.6,0.8333333333333334,450,16.74350120950614
2025-10-17T02:45:17.974Z,27.27,1.6,0.8333333333333334,450,16.712891748582184
2025-10-17T02:45:47.978Z,27.1,1.6,0.8333333333333334,450,16.74728278625215
2025-10-17T02:46:17.988Z,27.12,1.6,0.8333333333333334,450,16.74350120950614
2025-10-17T02:46:47.884Z,27.26,1.6,0.8333333333333334,450,16.71505147220223
2025-10-17T02:47:17.971Z,27.16,1.6,0.8333333333333334,450,16.73572147276083
2025-10-17T02:47:48.043Z,27.26,1.6,0.8333333333333334,450,16.71505147220223
2025-10-17T02:48:17.950Z,27.12,1.6,0.8333333333333334,450,16.74350120950614
2025-10-17T02:48:48.047Z,27.03,1.6,0.8333333333333334,450,16.759934411402888
2025-10-17T02:49:17.938Z,27.06,1.6,0.8333333333333334,450,16.754624843940093
2025-10-17T02:49:47.999Z,27.12,1.6,0.8333333333333334,450,16.74350120950614
2025-10-17T02:50:18.055Z,27.07,1.6,0.8333333333333334,450,16.752817246535777
2025-10-17T02:50:47.977Z,27.1,1.6,0.8333333333333334,450,16.74728278625215
2025-10-17T02:51:18.051Z,27.04,1.6,0.8333333333333334,450,16.75818353700337
2025-10-17T02:51:48.096Z,27.03,1.6,0.8333333333333334,450,16.759934411402888
2025-10-17T02:52:48.041Z,27.12,1.6,0.8333333333333334,450,16.74350120950614
2025-10-17T02:53:18.035Z,27.03,1.6,0.8333333333333334,450,16.759934411402888
2025-10-17T02:53:48.203Z,27.01,1.6,0.8333333333333334,450,16.763378665665908
2025-10-17T02:54:18.016Z,27.03,1.6,0.8333333333333334,450,16.759934411402888
2025-10-17T02:55:48.039Z,27.06,1.6,0.8333333333333334,450,16.754624843940093
2025-10-17T02:56:18.076Z,27.01,1.6,0.8333333333333334,450,16.763378665665908
2025-10-17T02:56:48.016Z,27.06,1.6,0.8333333333333334,450,16.754624843940093
2025-10-17T02:57:18.077Z,27.01,1.6,0.8333333333333334,450,16.763378665665908
2025-10-17T02:57:48.199Z,26.95,1.6,0.8333333333333334,450,16.773243626393512
2025-10-17T02:58:18.071Z,26.97,1.6,0.8333333333333334,450,16.7700341392651
2025-10-17T02:58:48.041Z,27.0,1.6,0.8333333333333334,450,16.76507182658964
2025-10-17T02:59:18.087Z,26.97,1.6,0.8333333333333334,450,16.7700341392651
2025-10-17T02:59:48.131Z,26.95,1.6,0.8333333333333334,450,16.773243626393512
2025-10-17T03:00:18.091Z,27.01,1.6,0.8333333333333334,450,16.763378665665908
2025-10-17T03:00:48.129Z,26.95,1.6,0.8333333333333334,450,16.773243626393512
2025-10-17T03:01:18.180Z,27.01,1.6,0.8333333333333334,450,16.763378665665908
2025-10-17T03:01:48.141Z,26.78,1.6,0.8333333333333334,450,16.797210644103416
2025-10-17T03:02:18.165Z,27.0,1.6,0.8333333333333334,450,16.76507182658964
2025-10-17T03:02:48.140Z,26.89,1.6,0.8333333333333334,450,16.78238883616398
2025-10-17T03:03:18.162Z,26.95,1.6,0.8333333333333334,450,16.773243626393512
2025-10-17T03:04:18.130Z,26.97,1.6,0.8333333333333334,450,16.7700341392651
2025-10-17T03:04:48.188Z,26.88,1.6,0.8333333333333334,450,16.783841456919006
2025-10-17T03:05:18.218Z,26.82,1.6,0.8333333333333334,450,16.79211825839605
2025-10-17T03:05:48.166Z,26.88,1.6,0.8333333333333334,450,16.783841456919006
2025-10-17T03:06:18.224Z,26.99,1.6,0.8333333333333334,450,16.76674553140998
2025-10-17T03:06:48.201Z,26.78,1.6,0.8333333333333334,450,16.797210644103416
2025-10-17T03:07:18.318Z,26.94,1.6,0.8333333333333334,450,16.7748184318706
2025-10-17T03:07:48.154Z,26.88,1.6,0.8333333333333334,450,16.783841456919006
2025-10-17T03:08:18.202Z,26.95,1.6,0.8333333333333334,450,16.773243626393512
2025-10-17T03:08:48.293Z,26.88,1.6,0.8333333333333334,450,16.783841456919006
2025-10-17T03:09:18.233Z,26.95,1.6,0.8333333333333334,450,16.773243626393512
2025-10-17T03:09:48.237Z,26.81,1.6,0.8333333333333334,450,16.793423618654302
2025-10-17T03:10:18.346Z,26.97,1.6,0.8333333333333334,450,16.7700341392651
2025-10-17T03:10:48.262Z,26.81,1.6,0.8333333333333334,450,16.793423618654302
2025-10-17T03:11:48.329Z,26.88,1.6,0.8333333333333334,450,16.783841456919006
2025-10-17T03:12:18.712Z,26.75,1.6,0.8333333333333334,450,16.800802004078538
2025-10-17T03:12:48.338Z,26.63,1.6,0.8333333333333334,450,16.81315856056819
2025-10-17T03:13:18.336Z,26.76,1.6,0.8333333333333334,450,16.799626788712814
2025-10-17T03:13:48.316Z,26.81,1.6,0.8333333333333334,450,16.793423618654302
2025-10-17T03:14:18.238Z,26.73,1.6,0.8333333333333334,450,16.80308623399101
2025-10-17T03:14:48.313Z,26.82,1.6,0.8333333333333334,450,16.79211825839605
2025-10-17T03:15:18.355Z,26.73,1.6,0.8333333333333334,450,16.80308623399101
2025-10-17T03:15:48.263Z,26.69,1.6,0.8333333333333334,450,16.807387196576965
2025-10-17T03:16:18.296Z,26.7,1.6,0.8333333333333334,450,16.806345631633526
2025-10-17T03:16:48.349Z,26.78,1.6,0.8333333333333334,450,16.797210644103416
2025-10-17T03:17:18.393Z,26.7,1.6,0.8333333333333334,450,16.806345631633526
2025-10-17T03:17:48.315Z,26.56,1.6,0.8333333333333334,450,16.818836682477016
2025-10-17T03:18:18.377Z,26.75,1.6,0.8333333333333334,450,16.800802004078538
2025-10-17T03:18:48.366Z,26.77,1.6,0.8333333333333334,450,16.79842963608707
2025-10-17T03:19:18.316Z,26.56,1.6,0.8333333333333334,450,16.818836682477016
2025-10-17T03:19:48.378Z,26.64,1.6,0.8333333333333334,450,16.812254037187707
2025-10-17T03:20:18.431Z,26.75,1.6,0.8333333333333334,450,16.800802004078538
2025-10-17T03:20:48.362Z,26.63,1.6,0.8333333333333334,450,16.81315856056819
2025-10-17T03:21:18.385Z,26.71,1.6,0.8333333333333334,450,16.805281552963656
2025-10-17T03:21:48.438Z,26.73,1.6,0.8333333333333334,450,16.80308623399101
2025-10-17T03:22:18.376Z,26.64,1.6,0.8333333333333334,450,16.812254037187707
2025-10-17T03:22:48.425Z,26.76,1.6,0.8333333333333334,450,16.799626788712814
2025-10-17T03:23:18.466Z,26.6,1.6,0.8333333333333334,450,16.81573280040392
2025-10-17T03:23:48.403Z,26.79,1.6,0.8333333333333334,450,16.795969911174044
2025-10-17T03:24:18.452Z,26.64,1.6,0.8333333333333334,450,16.812254037187707
2025-10-17T03:24:48.497Z,26.73,1.6,0.8333333333333334,450,16.80308623399101
2025-10-17T03:25:18.413Z,26.63,1.6,0.8333333333333334,450,16.81315856056819
2025-10-17T03:25:48.453Z,26.75,1.6,0.8333333333333334,450,16.800802004078538
2025-10-17T03:26:18.487Z,26.66,1.6,0.8333333333333334,450,16.810375869673297
2025-10-17T03:26:48.442Z,26.64,1.6,0.8333333333333334,450,16.812254037187707
2025-10-17T03:27:18.505Z,26.7,1.6,0.8333333333333334,450,16.806345631633526
2025-10-17T03:27:48.423Z,26.56,1.6,0.8333333333333334,450,16.818836682477016
2025-10-17T03:28:18.478Z,26.75,1.6,0.8333333333333334,450,16.800802004078538
2025-10-17T03:28:48.419Z,26.51,1.6,0.8333333333333334,450,16.82218082427373
2025-10-17T03:29:18.485Z,26.67,1.6,0.8333333333333334,450,16.80940240898826
2025-10-17T03:29:48.528Z,26.63,1.6,0.8333333333333334,450,16.81315856056819
2025-10-17T03:30:18.449Z,26.51,1.6,0.8333333333333334,450,16.82218082427373
2025-10-17T03:30:48.486Z,26.5,1.6,0.8333333333333334,450,16.822777370184678
2025-10-17T03:31:18.568Z,26.64,1.6,0.8333333333333334,450,16.812254037187707
2025-10-17T03:31:48.474Z,26.53,1.6,0.8333333333333334,450,16.820915196891562
2025-10-17T03:32:18.648Z,26.63,1.6,0.8333333333333334,450,16.81315856056819
2025-10-17T03:32:48.696Z,26.5,1.6,0.8333333333333334,450,16.822777370184678
2025-10-17T03:33:18.484Z,26.64,1.6,0.8333333333333334,450,16.812254037187707
2025-10-17T03:33:48.528Z,26.56,1.6,0.8333333333333334,450,16.818836682477016
2025-10-17T03:34:48.500Z,26.5,1.6,0.8333333333333334,450,16.822777370184678
2025-10-17T03:35:18.563Z,26.45,1.6,0.8333333333333334,450,16.825394115295676
2025-10-17T03:35:48.705Z,26.53,1.6,0.8333333333333334,450,16.820915196891562
2025-10-17T03:36:18.544Z,26.48,1.6,0.8333333333333334,450,16.823897510767132
2025-10-17T03:36:48.582Z,26.56,1.6,0.8333333333333334,450,16.818836682477016
2025-10-17T03:37:48.554Z,26.57,1.6,0.8333333333333334,450,16.81809616653481
2025-10-17T03:38:18.614Z,26.53,1.6,0.8333333333333334,450,16.820915196891562
2025-10-17T03:39:18.603Z,26.48,1.6,0.8333333333333334,450,16.823897510767132
2025-10-17T03:39:48.674Z,26.39,1.6,0.8333333333333334,450,16.82771842432157
2025-10-17T03:40:18.608Z,26.52,1.6,0.8333333333333334,450,16.82156007192422
2025-10-17T03:40:48.641Z,26.51,1.6,0.8333333333333334,450,16.82218082427373
2025-10-17T03:41:18.684Z,26.48,1.6,0.8333333333333334,450,16.823897510767132
2025-10-17T03:41:48.696Z,26.49,1.6,0.8333333333333334,450,16.82334962652009
2025-10-17T03:42:18.754Z,26.39,1.6,0.8333333333333334,450,16.82771842432157
2025-10-17T03:42:48.687Z,26.45,1.6,0.8333333333333334,450,16.825394115295676
2025-10-17T03:43:18.718Z,26.42,1.6,0.8333333333333334,450,16.82666846129519
2025-10-17T03:43:48.657Z,26.39,1.6,0.8333333333333334,450,16.82771842432157
2025-10-17T03:44:18.693Z,26.52,1.6,0.8333333333333334,450,16.82156007192422
2025-10-17T03:44:48.777Z,26.45,1.6,0.8333333333333334,450,16.825394115295676
2025-10-17T03:45:18.709Z,26.52,1.6,0.8333333333333334,450,16.82156007192422
2025-10-17T03:45:48.713Z,26.44,1.6,0.8333333333333334,450,16.825843698679755
2025-10-17T03:46:18.764Z,26.45,1.6,0.8333333333333334,450,16.825394115295676
2025-10-17T03:46:48.737Z,26.49,1.6,0.8333333333333334,450,16.82334962652009
2025-10-17T03:47:18.760Z,26.39,1.6,0.8333333333333334,450,16.82771842432157
2025-10-17T03:47:48.692Z,26.29,1.6,0.8333333333333334,450,16.82957156764368
2025-10-17T03:48:18.732Z,26.39,1.6,0.8333333333333334,450,16.82771842432157
2025-10-17T03:48:48.778Z,26.45,1.6,0.8333333333333334,450,16.825394115295676
2025-10-17T03:49:18.690Z,26.39,1.6,0.8333333333333334,450,16.82771842432157
2025-10-17T03:50:18.806Z,26.45,1.6,0.8333333333333334,450,16.825394115295676
2025-10-17T03:50:48.731Z,26.27,1.6,0.8333333333333334,450,16.829633833609492
2025-10-17T03:51:18.771Z,26.32,1.6,0.8333333333333334,450,16.829284203131593
2025-10-17T03:52:18.763Z,26.39,1.6,0.8333333333333334,450,16.82771842432157
2025-10-17T03:52:48.837Z,26.27,1.6,0.8333333333333334,450,16.829633833609492
2025-10-17T03:53:18.765Z,26.26,1.6,0.8333333333333334,450,16.8296259678948
2025-10-17T03:53:48.797Z,26.42,1.6,0.8333333333333334,450,16.82666846129519
2025-10-17T03:54:18.859Z,26.28,1.6,0.8333333333333334,450,16.82961567758438
2025-10-17T03:54:48.767Z,26.32,1.6,0.8333333333333334,450,16.829284203131593
2025-10-17T03:55:18.916Z,26.39,1.6,0.8333333333333334,450,16.82771842432157
2025-10-17T03:55:48.997Z,26.27,1.6,0.8333333333333334,450,16.829633833609492
2025-10-17T03:56:18.847Z,26.26,1.6,0.8333333333333334,450,16.8296259678948
2025-10-17T03:56:48.891Z,26.39,1.6,0.8333333333333334,450,16.82771842432157
2025-10-17T03:57:48.834Z,26.42,1.6,0.8333333333333334,450,16.82666846129519
2025-10-17T03:58:18.879Z,26.28,1.6,0.8333333333333334,450,16.82961567758438
2025-10-17T03:58:48.800Z,26.26,1.6,0.8333333333333334,450,16.8296259678948
2025-10-17T03:59:18.872Z,26.39,1.6,0.8333333333333334,450,16.82771842432157
2025-10-17T03:59:48.924Z,26.27,1.6,0.8333333333333334,450,16.829633833609492
2025-10-17T04:00:18.849Z,26.26,1.6,0.8333333333333334,450,16.8296259678948
2025-10-17T04:00:48.914Z,26.29,1.6,0.8333333333333334,450,16.82957156764368
2025-10-17T04:01:48.901Z,26.39,1.6,0.8333333333333334,450,16.82771842432157
2025-10-17T04:03:48.866Z,26.28,1.6,0.8333333333333334,450,16.82961567758438
2025-10-17T04:04:18.937Z,26.26,1.6,0.8333333333333334,450,16.8296259678948
2025-10-17T04:05:18.902Z,26.2,1.6,0.8333333333333334,450,16.829028608756115
2025-10-17T04:05:48.944Z,26.29,1.6,0.8333333333333334,450,16.82957156764368
2025-10-17T04:06:18.969Z,26.13,1.6,0.8333333333333334,450,16.82712618141011
2025-10-17T04:06:48.920Z,26.26,1.6,0.8333333333333334,450,16.8296259678948
2025-10-17T04:07:18.966Z,26.27,1.6,0.8333333333333334,450,16.829633833609492
2025-10-17T04:07:49.013Z,26.23,1.6,0.8333333333333334,450,16.829445572735942
2025-10-17T04:08:19.004Z,26.14,1.6,0.8333333333333334,450,16.827478174304424
2025-10-17T04:08:49.002Z,26.28,1.6,0.8333333333333334,450,16.82961567758438
2025-10-17T04:09:19.031Z,26.26,1.6,0.8333333333333334,450,16.8296259678948
2025-10-17T04:10:19.182Z,26.2,1.6,0.8333333333333334,450,16.829028608756115
2025-10-17T04:10:48.967Z,26.26,1.6,0.8333333333333334,450,16.8296259678948
2025-10-17T04:11:19.017Z,26.28,1.6,0.8333333333333334,450,16.82961567758438
2025-10-17T04:11:49.067Z,26.13,1.6,0.8333333333333334,450,16.82712618141011
2025-10-17T04:12:18.979Z,26.2,1.6,0.8333333333333334,450,16.829028608756115
2025-10-17T04:12:49.307Z,26.18,1.6,0.8333333333333334,450,16.828618356372818
2025-10-17T04:13:19.085Z,26.19,1.6,0.8333333333333334,450,16.82883675181755
2025-10-17T04:13:49.011Z,26.27,1.6,0.8333333333333334,450,16.829633833609492
2025-10-17T04:14:19.096Z,26.07,1.6,0.8333333333333334,450,16.8244474611868
2025-10-17T04:14:49.115Z,26.13,1.6,0.8333333333333334,450,16.82712618141011
2025-10-17T04:17:19.139Z,26.14,1.6,0.8333333333333334,450,16.827478174304424
2025-10-17T04:17:49.056Z,26.13,1.6,0.8333333333333334,450,16.82712618141011
2025-10-17T04:18:19.112Z,26.04,1.6,0.8333333333333334,450,16.822741299063342
2025-10-17T04:18:49.150Z,26.13,1.6,0.8333333333333334,450,16.82712618141011
2025-10-17T04:19:19.089Z,26.05,1.6,0.8333333333333334,450,16.82333733112847
2025-10-17T04:19:49.155Z,26.26,1.6,0.8333333333333334,450,16.8296259678948
2025-10-17T04:20:19.199Z,26.04,1.6,0.8333333333333334,450,16.822741299063342
2025-10-17T04:20:49.122Z,26.07,1.6,0.8333333333333334,450,16.8244474611868
2025-10-17T04:21:19.088Z,26.14,1.6,0.8333333333333334,450,16.827478174304424
2025-10-17T04:21:49.128Z,26.01,1.6,0.8333333333333334,450,16.820788728902095
2025-10-17T04:22:19.201Z,26.04,1.6,0.8333333333333334,450,16.822741299063342
2025-10-17T04:22:49.228Z,26.07,1.6,0.8333333333333334,450,16.8244474611868
2025-10-17T04:23:49.214Z,26.01,1.6,0.8333333333333334,450,16.820788728902095
2025-10-17T04:24:19.153Z,26.07,1.6,0.8333333333333334,450,16.8244474611868
2025-10-17T04:24:49.208Z,26.03,1.6,0.8333333333333334,450,16.82211788780601
2025-10-17T04:25:19.142Z,26.04,1.6,0.8333333333333334,450,16.822741299063342
2025-10-17T04:25:49.213Z,26.06,1.6,0.8333333333333334,450,16.823906034682267
2025-10-17T04:26:19.244Z,26.05,1.6,0.8333333333333334,450,16.82333733112847
2025-10-17T04:26:49.182Z,26.12,1.6,0.8333333333333334,450,16.826747293262542
2025-10-17T04:27:19.382Z,26.07,1.6,0.8333333333333334,450,16.8244474611868
2025-10-17T04:27:49.278Z,26.01,1.6,0.8333333333333334,450,16.820788728902095
2025-10-17T04:28:19.227Z,26.04,1.6,0.8333333333333334,450,16.822741299063342
2025-10-17T04:28:49.269Z,26.03,1.6,0.8333333333333334,450,16.82211788780601
2025-10-17T04:29:19.207Z,26.07,1.6,0.8333333333333334,450,16.8244474611868
2025-10-17T04:29:49.241Z,26.01,1.6,0.8333333333333334,450,16.820788728902095
2025-10-17T04:31:19.294Z,26.07,1.6,0.8333333333333334,450,16.8244474611868
2025-10-17T04:31:49.254Z,26.01,1.6,0.8333333333333334,450,16.820788728902095
2025-10-17T04:33:19.286Z,25.95,1.6,0.8333333333333334,450,16.816139124435892
2025-10-17T04:33:49.433Z,26.02,1.6,0.8333333333333334,450,16.821467047457247
2025-10-17T04:34:19.286Z,26.01,1.6,0.8333333333333334,450,16.820788728902095
2025-10-17T04:35:19.339Z,26.08,1.6,0.8333333333333334,450,16.824961662878568
2025-10-17T04:35:49.276Z,26.04,1.6,0.8333333333333334,450,16.822741299063342
2025-10-17T04:36:19.344Z,25.89,1.6,0.8333333333333334,450,16.810488811979177
2025-10-17T04:36:49.408Z,25.95,1.6,0.8333333333333334,450,16.816139124435892
2025-10-17T04:37:19.321Z,26.01,1.6,0.8333333333333334,450,16.820788728902095
2025-10-17T04:38:49.362Z,26.08,1.6,0.8333333333333334,450,16.824961662878568
2025-10-17T04:39:19.382Z,25.89,1.6,0.8333333333333334,450,16.810488811979177
2025-10-17T04:39:49.335Z,25.98,1.6,0.8333333333333334,450,16.818588424688237
2025-10-17T04:40:19.402Z,26.01,1.6,0.8333333333333334,450,16.820788728902095
2025-10-17T04:42:19.459Z,25.78,1.6,0.8333333333333334,450,16.797502407261867
2025-10-17T04:42:49.417Z,25.98,1.6,0.8333333333333334,450,16.818588424688237
2025-10-17T04:43:19.454Z,25.89,1.6,0.8333333333333334,450,16.810488811979177
2025-10-17T04:43:49.494Z,26.01,1.6,0.8333333333333334,450,16.820788728902095
2025-10-17T04:44:49.542Z,25.77,1.6,0.8333333333333334,450,16.796151965288313
2025-10-17T04:45:19.402Z,26.01,1.6,0.8333333333333334,450,16.820788728902095
2025-10-17T04:46:19.499Z,25.79,1.6,0.8333333333333334,450,16.798824434645375
2025-10-17T04:46:49.437Z,25.91,1.6,0.8333333333333334,450,16.81248400359867
2025-10-17T04:47:19.542Z,26.01,1.6,0.8333333333333334,450,16.820788728902095
2025-10-17T04:47:49.526Z,25.86,1.6,0.8333333333333334,450,16.807285601811817
2025-10-17T04:48:19.433Z,25.83,1.6,0.8333333333333334,450,16.80382900090368
2025-10-17T04:48:49.474Z,25.89,1.6,0.8333333333333334,450,16.810488811979177
2025-10-17T04:49:19.548Z,25.91,1.6,0.8333333333333334,450,16.81248400359867
2025-10-17T04:49:49.493Z,25.89,1.6,0.8333333333333334,450,16.810488811979177
2025-10-17T04:50:19.522Z,25.77,1.6,0.8333333333333334,450,16.796151965288313
2025-10-17T04:50:49.588Z,25.89,1.6,0.8333333333333334,450,16.810488811979177
2025-10-17T04:51:19.544Z,25.63,1.6,0.8333333333333334,450,16.774247753829492
2025-10-17T04:51:49.596Z,25.89,1.6,0.8333333333333334,450,16.810488811979177
2025-10-17T04:52:19.529Z,25.69,1.6,0.8333333333333334,450,16.784322244753252
2025-10-17T04:52:49.711Z,26.04,1.6,0.8333333333333334,450,16.822741299063342
2025-10-17T04:53:19.614Z,26.01,1.6,0.8333333333333334,450,16.820788728902095
2025-10-17T04:53:49.672Z,26.06,1.6,0.8333333333333334,450,16.823906034682267
2025-10-17T04:54:19.544Z,25.89,1.6,0.8333333333333334,450,16.810488811979177
2025-10-17T04:54:49.594Z,25.87,1.6,0.8333333333333334,450,16.808381445081828
2025-10-17T04:55:19.662Z,25.89,1.6,0.8333333333333334,450,16.810488811979177
2025-10-17T04:55:49.576Z,25.76,1.6,0.8333333333333334,450,16.794773080073327
2025-10-17T04:56:19.625Z,25.75,1.6,0.8333333333333334,450,16.793365723812613
2025-10-17T04:56:49.570Z,25.76,1.6,0.8333333333333334,450,16.794773080073327
2025-10-17T04:57:19.742Z,25.9,1.6,0.8333333333333334,450,16.811500410469247
2025-10-17T04:57:49.582Z,25.7,1.6,0.8333333333333334,450,16.785900963376733
2025-10-17T04:58:19.645Z,25.86,1.6,0.8333333333333334,450,16.807285601811817
2025-10-17T04:58:49.560Z,25.76,1.6,0.8333333333333334,450,16.794773080073327
2025-10-17T04:59:19.606Z,25.95,1.6,0.8333333333333334,450,16.816139124435892
2025-10-17T04:59:49.689Z,25.76,1.6,0.8333333333333334,450,16.794773080073327
2025-10-17T05:00:49.662Z,25.79,1.6,0.8333333333333334,450,16.798824434645375
2025-10-17T05:01:19.652Z,25.77,1.6,0.8333333333333334,450,16.796151965288313
2025-10-17T05:01:49.682Z,25.76,1.6,0.8333333333333334,450,16.794773080073327
2025-10-17T05:02:19.759Z,25.64,1.6,0.8333333333333334,450,16.77599861968923
2025-10-17T05:02:49.641Z,25.89,1.6,0.8333333333333334,450,16.810488811979177
2025-10-17T05:03:19.703Z,25.84,1.6,0.8333333333333334,450,16.805009414670888
2025-10-17T05:03:49.701Z,25.79,1.6,0.8333333333333334,450,16.798824434645375
2025-10-17T05:04:19.663Z,25.82,1.6,0.8333333333333334,450,16.80262032846096
2025-10-17T05:04:49.720Z,25.89,1.6,0.8333333333333334,450,16.810488811979177
2025-10-17T05:05:19.765Z,25.78,1.6,0.8333333333333334,450,16.797502407261867
2025-10-17T05:05:49.864Z,25.89,1.6,0.8333333333333334,450,16.810488811979177
2025-10-17T05:06:19.735Z,25.69,1.6,0.8333333333333334,450,16.784322244753252
2025-10-17T05:06:49.815Z,25.79,1.6,0.8333333333333334,450,16.798824434645375
2025-10-17T05:07:19.716Z,25.89,1.6,0.8333333333333334,450,16.810488811979177
2025-10-17T05:07:49.826Z,25.77,1.6,0.8333333333333334,450,16.796151965288313
2025-10-17T05:08:19.697Z,25.82,1.6,0.8333333333333334,450,16.80262032846096
2025-10-17T05:08:49.744Z,25.76,1.6,0.8333333333333334,450,16.794773080073327
2025-10-17T05:09:49.736Z,25.77,1.6,0.8333333333333334,450,16.796151965288313
2025-10-17T05:10:19.795Z,25.75,1.6,0.8333333333333334,450,16.793365723812613
2025-10-17T05:10:49.720Z,25.74,1.6,0.8333333333333334,450,16.7919298695544
2025-10-17T05:11:19.755Z,25.77,1.6,0.8333333333333334,450,16.796151965288313
2025-10-17T05:11:49.794Z,25.82,1.6,0.8333333333333334,450,16.80262032846096
2025-10-17T05:12:19.833Z,25.7,1.6,0.8333333333333334,450,16.785900963376733
2025-10-17T05:13:19.937Z,25.74,1.6,0.8333333333333334,450,16.7919298695544
2025-10-17T05:13:49.801Z,25.77,1.6,0.8333333333333334,450,16.796151965288313
2025-10-17T05:14:19.863Z,25.76,1.6,0.8333333333333334,450,16.794773080073327
2025-10-17T05:14:49.775Z,25.77,1.6,0.8333333333333334,450,16.796151965288313
2025-10-17T05:15:19.815Z,25.75,1.6,0.8333333333333334,450,16.793365723812613
2025-10-17T05:16:19.904Z,25.64,1.6,0.8333333333333334,450,16.77599861968923
2025-10-17T05:16:49.845Z,25.77,1.6,0.8333333333333334,450,16.796151965288313
2025-10-17T05:17:19.896Z,25.63,1.6,0.8333333333333334,450,16.774247753829492
2025-10-17T05:17:49.827Z,25.77,1.6,0.8333333333333334,450,16.796151965288313
2025-10-17T05:18:49.943Z,25.76,1.6,0.8333333333333334,450,16.794773080073327
2025-10-17T05:19:19.999Z,25.7,1.6,0.8333333333333334,450,16.785900963376733
2025-10-17T05:19:49.927Z,25.74,1.6,0.8333333333333334,450,16.7919298695544
2025-10-17T05:20:19.884Z,25.77,1.6,0.8333333333333334,450,16.796151965288313
2025-10-17T05:20:49.950Z,25.57,1.6,0.8333333333333334,450,16.763138197226304
2025-10-17T05:21:19.884Z,25.76,1.6,0.8333333333333334,450,16.794773080073327
2025-10-17T05:21:49.943Z,25.61,1.6,0.8333333333333334,450,16.770659743263362
2025-10-17T05:22:19.881Z,25.74,1.6,0.8333333333333334,450,16.7919298695544
2025-10-17T05:22:49.949Z,25.69,1.6,0.8333333333333334,450,16.784322244753252
2025-10-17T05:23:20.005Z,25.63,1.6,0.8333333333333334,450,16.774247753829492
2025-10-17T05:23:49.905Z,25.74,1.6,0.8333333333333334,450,16.7919298695544
2025-10-17T05:24:20.110Z,25.63,1.6,0.8333333333333334,450,16.774247753829492
2025-10-17T05:24:50.007Z,25.7,1.6,0.8333333333333334,450,16.785900963376733
2025-10-17T05:25:19.946Z,25.75,1.6,0.8333333333333334,450,16.793365723812613
2025-10-17T05:25:50.001Z,25.61,1.6,0.8333333333333334,450,16.770659743263362
2025-10-17T05:26:19.938Z,25.7,1.6,0.8333333333333334,450,16.785900963376733
2025-10-17T05:26:49.995Z,25.74,1.6,0.8333333333333334,450,16.7919298695544
2025-10-17T05:27:20.040Z,25.63,1.6,0.8333333333333334,450,16.774247753829492
2025-10-17T05:27:49.974Z,25.73,1.6,0.8333333333333334,450,16.790465491198827
2025-10-17T05:28:20.031Z,25.63,1.6,0.8333333333333334,450,16.774247753829492
2025-10-17T05:28:49.968Z,25.57,1.6,0.8333333333333334,450,16.763138197226304
2025-10-17T05:29:20.018Z,25.63,1.6,0.8333333333333334,450,16.774247753829492
2025-10-17T05:29:50.065Z,25.54,1.6,0.8333333333333334,450,16.75719431194633
2025-10-17T05:30:19.982Z,25.57,1.6,0.8333333333333334,450,16.763138197226304
2025-10-17T05:30:50.106Z,25.7,1.6,0.8333333333333334,450,16.785900963376733
2025-10-17T05:31:20.134Z,25.74,1.6,0.8333333333333334,450,16.7919298695544
2025-10-17T05:31:50.028Z,25.63,1.6,0.8333333333333334,450,16.774247753829492
2025-10-17T05:32:50.062Z,25.68,1.6,0.8333333333333334,450,16.782714884391176
2025-10-17T05:33:20.079Z,25.7,1.6,0.8333333333333334,450,16.785900963376733
2025-10-17T05:33:50.105Z,25.74,1.6,0.8333333333333334,450,16.7919298695544
2025-10-17T05:34:20.017Z,25.54,1.6,0.8333333333333334,450,16.75719431194633
2025-10-17T05:34:50.082Z,25.63,1.6,0.8333333333333334,450,16.774247753829492
2025-10-17T05:35:50.143Z,25.57,1.6,0.8333333333333334,450,16.763138197226304
2025-10-17T05:36:20.139Z,25.67,1.6,0.8333333333333334,450,16.781078861346767
2025-10-17T05:36:50.066Z,25.74,1.6,0.8333333333333334,450,16.7919298695544
2025-10-17T05:37:50.176Z,25.57,1.6,0.8333333333333334,450,16.763138197226304
2025-10-17T05:38:20.212Z,25.7,1.6,0.8333333333333334,450,16.785900963376733
2025-10-17T05:38:50.158Z,25.54,1.6,0.8333333333333334,450,16.75719431194633
2025-10-17T05:39:20.187Z,25.57,1.6,0.8333333333333334,450,16.763138197226304
2025-10-17T05:39:50.165Z,25.63,1.6,0.8333333333333334,450,16.774247753829492
2025-10-17T05:40:20.174Z,25.52,1.6,0.8333333333333334,450,16.75308741665031
2025-10-17T05:40:50.161Z,25.64,1.6,0.8333333333333334,450,16.77599861968923
2025-10-17T05:41:20.166Z,25.63,1.6,0.8333333333333334,450,16.774247753829492
2025-10-17T05:41:50.222Z,25.55,1.6,0.8333333333333334,450,16.75920445938972
2025-10-17T05:42:20.178Z,25.64,1.6,0.8333333333333334,450,16.77599861968923
2025-10-17T05:42:50.309Z,25.62,1.6,0.8333333333333334,450,16.77246813359494
2025-10-17T05:43:20.187Z,25.52,1.6,0.8333333333333334,450,16.75308741665031
2025-10-17T05:43:50.143Z,25.54,1.6,0.8333333333333334,450,16.75719431194633
2025-10-17T05:44:20.549Z,25.64,1.6,0.8333333333333334,450,16.77599861968923
2025-10-17T05:44:50.233Z,25.57,1.6,0.8333333333333334,450,16.763138197226304
2025-10-17T05:45:20.155Z,25.52,1.6,0.8333333333333334,450,16.75308741665031
2025-10-17T05:45:50.193Z,25.57,1.6,0.8333333333333334,450,16.763138197226304
2025-10-17T05:46:20.229Z,25.52,1.6,0.8333333333333334,450,16.75308741665031
2025-10-17T05:47:20.204Z,25.39,1.6,0.8333333333333334,450,16.723575659484382
2025-10-17T05:47:50.266Z,25.63,1.6,0.8333333333333334,450,16.774247753829492
2025-10-17T05:48:20.232Z,25.54,1.6,0.8333333333333334,450,16.75719431194633
2025-10-17T05:49:20.320Z,25.57,1.6,0.8333333333333334,450,16.763138197226304
2025-10-17T05:49:50.246Z,25.52,1.6,0.8333333333333334,450,16.75308741665031
2025-10-17T05:50:20.294Z,25.58,1.6,0.8333333333333334,450,16.765061807620015
2025-10-17T05:50:50.228Z,25.54,1.6,0.8333333333333334,450,16.75719431194633
2025-10-17T05:51:20.299Z,25.52,1.6,0.8333333333333334,450,16.75308741665031
2025-10-17T05:51:50.324Z,25.57,1.6,0.8333333333333334,450,16.763138197226304
2025-10-17T05:52:20.255Z,25.54,1.6,0.8333333333333334,450,16.75719431194633
2025-10-17T05:52:50.346Z,25.64,1.6,0.8333333333333334,450,16.77599861968923
2025-10-17T05:53:20.328Z,25.62,1.6,0.8333333333333334,450,16.77246813359494
2025-10-17T05:53:50.410Z,25.54,1.6,0.8333333333333334,450,16.75719431194633
2025-10-17T05:54:20.276Z,25.57,1.6,0.8333333333333334,450,16.763138197226304
2025-10-17T05:54:50.332Z,25.55,1.6,0.8333333333333334,450,16.75920445938972
2025-10-17T05:55:20.406Z,25.53,1.6,0.8333333333333334,450,16.755155300294103
2025-10-17T05:55:50.341Z,25.55,1.6,0.8333333333333334,450,16.75920445938972
2025-10-17T05:56:20.374Z,25.63,1.6,0.8333333333333334,450,16.774247753829492
2025-10-17T05:56:50.405Z,25.56,1.6,0.8333333333333334,450,16.761185751297297
2025-10-17T05:57:20.385Z,25.57,1.6,0.8333333333333334,450,16.763138197226304
2025-10-17T05:57:50.450Z,25.52,1.6,0.8333333333333334,450,16.75308741665031
2025-10-17T05:58:20.436Z,25.57,1.6,0.8333333333333334,450,16.763138197226304
2025-10-17T05:58:50.353Z,25.39,1.6,0.8333333333333334,450,16.723575659484382
2025-10-17T05:59:20.399Z,25.57,1.6,0.8333333333333334,450,16.763138197226304
2025-10-17T05:59:50.456Z,25.54,1.6,0.8333333333333334,450,16.75719431194633
2025-10-17T06:00:20.403Z,25.52,1.6,0.8333333333333334,450,16.75308741665031
2025-10-17T06:01:20.375Z,25.57,1.6,0.8333333333333334,450,16.763138197226304
2025-10-17T06:01:50.512Z,25.52,1.6,0.8333333333333334,450,16.75308741665031
2025-10-17T06:03:20.392Z,25.4,1.6,0.8333333333333334,450,16.726019181250734
2025-10-17T06:03:50.439Z,25.61,1.6,0.8333333333333334,450,16.770659743263362
2025-10-17T06:04:20.401Z,25.52,1.6,0.8333333333333334,450,16.75308741665031
2025-10-17T06:05:50.439Z,25.61,1.6,0.8333333333333334,450,16.770659743263362
2025-10-17T06:06:20.482Z,25.57,1.6,0.8333333333333334,450,16.763138197226304
2025-10-17T06:06:50.634Z,25.52,1.6,0.8333333333333334,450,16.75308741665031
2025-10-17T06:07:50.501Z,25.39,1.6,0.8333333333333334,450,16.723575659484382
2025-10-17T06:08:20.582Z,25.53,1.6,0.8333333333333334,450,16.755155300294103
2025-10-17T06:08:50.488Z,25.57,1.6,0.8333333333333334,450,16.763138197226304
2025-10-17T06:10:20.479Z,25.52,1.6,0.8333333333333334,450,16.75308741665031
2025-10-17T06:10:50.613Z,25.39,1.6,0.8333333333333334,450,16.723575659484382
2025-10-17T06:11:20.581Z,25.52,1.6,0.8333333333333334,450,16.75308741665031
2025-10-17T06:12:20.547Z,25.58,1.6,0.8333333333333334,450,16.765061807620015
2025-10-17T06:12:50.639Z,25.52,1.6,0.8333333333333334,450,16.75308741665031
2025-10-17T06:13:50.576Z,25.39,1.6,0.8333333333333334,450,16.723575659484382
2025-10-17T06:14:50.639Z,25.46,1.6,0.8333333333333334,450,16.740073479212235
2025-10-17T06:15:20.611Z,25.52,1.6,0.8333333333333334,450,16.75308741665031
2025-10-17T06:16:50.639Z,25.55,1.6,0.8333333333333334,450,16.75920445938972
2025-10-17T06:17:20.586Z,25.52,1.6,0.8333333333333334,450,16.75308741665031
2025-10-17T06:17:50.621Z,25.46,1.6,0.8333333333333334,450,16.740073479212235
2025-10-17T06:18:20.676Z,25.39,1.6,0.8333333333333334,450,16.723575659484382
2025-10-17T06:19:20.649Z,25.52,1.6,0.8333333333333334,450,16.75308741665031
2025-10-17T06:19:50.710Z,25.33,1.6,0.8333333333333334,450,16.708308130066435
2025-10-17T06:20:20.662Z,25.46,1.6,0.8333333333333334,450,16.740073479212235
2025-10-17T06:20:50.717Z,25.55,1.6,0.8333333333333334,450,16.75920445938972
2025-10-17T06:21:20.644Z,25.52,1.6,0.8333333333333334,450,16.75308741665031
2025-10-17T06:22:50.638Z,25.3,1.6,0.8333333333333334,450,16.70028491494301
2025-10-17T06:23:20.743Z,25.52,1.6,0.8333333333333334,450,16.75308741665031
2025-10-17T06:23:50.759Z,25.39,1.6,0.8333333333333334,450,16.723575659484382
2025-10-17T06:24:50.878Z,25.27,1.6,0.8333333333333334,450,16.692002474313075
2025-10-17T06:25:20.703Z,25.52,1.6,0.8333333333333334,450,16.75308741665031
2025-10-17T06:26:50.738Z,25.27,1.6,0.8333333333333334,450,16.692002474313075
2025-10-17T06:27:20.697Z,25.39,1.6,0.8333333333333334,450,16.723575659484382
2025-10-17T06:27:50.757Z,25.52,1.6,0.8333333333333334,450,16.75308741665031
2025-10-17T06:28:20.775Z,25.4,1.6,0.8333333333333334,450,16.726019181250734
2025-10-17T06:28:50.835Z,25.52,1.6,0.8333333333333334,450,16.75308741665031
2025-10-17T06:29:20.797Z,25.39,1.6,0.8333333333333334,450,16.723575659484382
2025-10-17T06:29:50.802Z,25.52,1.6,0.8333333333333334,450,16.75308741665031
2025-10-17T06:30:20.839Z,25.33,1.6,0.8333333333333334,450,16.708308130066435
2025-10-17T06:30:50.780Z,25.52,1.6,0.8333333333333334,450,16.75308741665031
2025-10-17T06:31:20.842Z,25.31,1.6,0.8333333333333334,450,16.702988140356297
2025-10-17T06:31:50.788Z,25.46,1.6,0.8333333333333334,450,16.740073479212235
2025-10-17T06:32:20.838Z,25.27,1.6,0.8333333333333334,450,16.692002474313075
2025-10-17T06:32:50.786Z,25.36,1.6,0.8333333333333334,450,16.71607179521728
2025-10-17T06:33:20.851Z,25.32,1.6,0.8333333333333334,450,16.705662549403257
2025-10-17T06:33:50.784Z,25.27,1.6,0.8333333333333334,450,16.692002474313075
2025-10-17T06:34:20.823Z,25.52,1.6,0.8333333333333334,450,16.75308741665031
2025-10-17T06:34:50.866Z,25.3,1.6,0.8333333333333334,450,16.70028491494301
2025-10-17T06:35:20.908Z,25.27,1.6,0.8333333333333334,450,16.692002474313075
2025-10-17T06:35:50.830Z,25.52,1.6,0.8333333333333334,450,16.75308741665031
2025-10-17T06:37:20.839Z,25.32,1.6,0.8333333333333334,450,16.705662549403257
2025-10-17T06:37:50.916Z,25.27,1.6,0.8333333333333334,450,16.692002474313075
2025-10-17T06:38:20.871Z,25.32,1.6,0.8333333333333334,450,16.705662549403257
2025-10-17T06:38:51.142Z,25.52,1.6,0.8333333333333334,450,16.75308741665031
2025-10-17T06:39:20.852Z,25.34,1.6,0.8333333333333334,450,16.71092487123847
2025-10-17T06:39:50.892Z,25.31,1.6,0.8333333333333334,450,16.702988140356297
2025-10-17T06:40:20.967Z,25.32,1.6,0.8333333333333334,450,16.705662549403257
2025-10-17T06:40:50.910Z,25.27,1.6,0.8333333333333334,450,16.692002474313075
2025-10-17T06:41:20.957Z,25.39,1.6,0.8333333333333334,450,16.723575659484382
2025-10-17T06:41:50.880Z,25.27,1.6,0.8333333333333334,450,16.692002474313075
2025-10-17T06:42:20.919Z,25.52,1.6,0.8333333333333334,450,16.75308741665031
2025-10-17T06:42:50.983Z,25.27,1.6,0.8333333333333334,450,16.692002474313075
2025-10-17T06:43:50.991Z,25.39,1.6,0.8333333333333334,450,16.723575659484382
2025-10-17T06:44:50.917Z,25.26,1.6,0.8333333333333334,450,16.689184121794007
2025-10-17T06:45:20.986Z,25.33,1.6,0.8333333333333334,450,16.708308130066435
2025-10-17T06:45:51.027Z,25.27,1.6,0.8333333333333334,450,16.692002474313075
2025-10-17T06:46:20.966Z,25.52,1.6,0.8333333333333334,450,16.75308741665031
2025-10-17T06:46:51.022Z,25.29,1.6,0.8333333333333334,450,16.697552886089177
2025-10-17T06:47:51.001Z,25.27,1.6,0.8333333333333334,450,16.692002474313075
2025-10-17T06:48:50.977Z,25.39,1.6,0.8333333333333334,450,16.723575659484382
2025-10-17T06:49:21.039Z,25.32,1.6,0.8333333333333334,450,16.705662549403257
2025-10-17T06:50:21.054Z,25.27,1.6,0.8333333333333334,450,16.692002474313075
2025-10-17T06:50:51.074Z,25.39,1.6,0.8333333333333334,450,16.723575659484382
2025-10-17T06:51:21.109Z,25.52,1.6,0.8333333333333334,450,16.75308741665031
2025-10-17T06:51:51.037Z,25.31,1.6,0.8333333333333334,450,16.702988140356297
2025-10-17T06:52:21.190Z,25.27,1.6,0.8333333333333334,450,16.692002474313075
2025-10-17T06:54:21.041Z,25.32,1.6,0.8333333333333334,450,16.705662549403257
2025-10-17T06:54:51.121Z,25.39,1.6,0.8333333333333334,450,16.723575659484382
2025-10-17T06:55:21.158Z,25.46,1.6,0.8333333333333334,450,16.740073479212235
2025-10-17T06:55:51.110Z,25.32,1.6,0.8333333333333334,450,16.705662549403257
2025-10-17T06:56:21.179Z,25.27,1.6,0.8333333333333334,450,16.692002474313075
2025-10-17T06:56:51.243Z,25.29,1.6,0.8333333333333334,450,16.697552886089177
2025-10-17T06:57:21.110Z,25.39,1.6,0.8333333333333334,450,16.723575659484382
2025-10-17T06:57:51.189Z,25.27,1.6,0.8333333333333334,450,16.692002474313075
2025-10-17T06:58:21.141Z,25.32,1.6,0.8333333333333334,450,16.705662549403257
2025-10-17T06:58:51.256Z,25.3,1.6,0.8333333333333334,450,16.70028491494301
2025-10-17T06:59:21.115Z,25.32,1.6,0.8333333333333334,450,16.705662549403257
2025-10-17T06:59:51.735Z,25.27,1.6,0.8333333333333334,450,16.692002474313075
2025-10-17T07:00:21.232Z,25.39,1.6,0.8333333333333334,450,16.723575659484382
2025-10-17T07:00:51.144Z,25.27,1.6,0.8333333333333334,450,16.692002474313075
2025-10-17T07:01:21.185Z,25.36,1.6,0.8333333333333334,450,16.71607179521728
2025-10-17T07:01:51.230Z,25.39,1.6,0.8333333333333334,450,16.723575659484382
2025-10-17T07:02:51.202Z,25.24,1.6,0.8333333333333334,450,16.683461206336474
2025-10-17T07:03:21.322Z,25.29,1.6,0.8333333333333334,450,16.697552886089177
2025-10-17T07:03:51.178Z,25.27,1.6,0.8333333333333334,450,16.692002474313075
2025-10-17T07:05:21.186Z,25.52,1.6,0.8333333333333334,450,16.75308741665031
2025-10-17T07:05:51.338Z,25.27,1.6,0.8333333333333334,450,16.692002474313075
2025-10-17T07:06:21.232Z,25.24,1.6,0.8333333333333334,450,16.683461206336474
2025-10-17T07:06:51.372Z,25.27,1.6,0.8333333333333334,450,16.692002474313075
2025-10-17T07:07:51.266Z,25.39,1.6,0.8333333333333334,450,16.723575659484382
2025-10-17T07:08:21.320Z,25.3,1.6,0.8333333333333334,450,16.70028491494301
2025-10-17T07:08:51.261Z,25.27,1.6,0.8333333333333334,450,16.692002474313075
2025-10-17T07:09:21.317Z,25.2,1.6,0.8333333333333334,450,16.671671055103193
2025-10-17T07:09:51.246Z,25.27,1.6,0.8333333333333334,450,16.692002474313075
2025-10-17T07:10:21.338Z,25.46,1.6,0.8333333333333334,450,16.740073479212235
2025-10-17T07:10:51.241Z,25.39,1.6,0.8333333333333334,450,16.723575659484382
2025-10-17T07:11:21.381Z,25.27,1.6,0.8333333333333334,450,16.692002474313075
2025-10-17T07:12:21.336Z,25.29,1.6,0.8333333333333334,450,16.697552886089177
2025-10-17T07:12:51.349Z,25.39,1.6,0.8333333333333334,450,16.723575659484382
2025-10-17T07:13:21.543Z,25.27,1.6,0.8333333333333334,450,16.692002474313075
2025-10-17T07:14:51.324Z,25.2,1.6,0.8333333333333334,450,16.671671055103193
2025-10-17T07:15:21.393Z,25.24,1.6,0.8333333333333334,450,16.683461206336474
2025-10-17T07:15:51.366Z,25.27,1.6,0.8333333333333334,450,16.692002474313075
2025-10-17T07:17:51.376Z,25.14,1.6,0.8333333333333334,450,16.653127617853638
2025-10-17T07:18:21.414Z,25.3,1.6,0.8333333333333334,450,16.70028491494301
2025-10-17T07:18:51.441Z,25.27,1.6,0.8333333333333334,450,16.692002474313075
2025-10-17T07:19:21.416Z,25.24,1.6,0.8333333333333334,450,16.683461206336474
2025-10-17T07:19:51.454Z,25.27,1.6,0.8333333333333334,450,16.692002474313075
2025-10-17T07:20:21.402Z,25.14,1.6,0.8333333333333334,450,16.653127617853638
2025-10-17T07:21:21.427Z,25.32,1.6,0.8333333333333334,450,16.705662549403257
2025-10-17T07:21:51.426Z,25.16,1.6,0.8333333333333334,450,16.659422937046237
2025-10-17T07:22:21.479Z,25.27,1.6,0.8333333333333334,450,16.692002474313075
2025-10-17T07:22:51.406Z,25.39,1.6,0.8333333333333334,450,16.723575659484382
2025-10-17T07:23:21.494Z,25.25,1.6,0.8333333333333334,450,16.68633702664171
2025-10-17T07:23:51.432Z,25.28,1.6,0.8333333333333334,450,16.69479206763029
2025-10-17T07:24:21.607Z,25.27,1.6,0.8333333333333334,450,16.692002474313075
2025-10-17T07:25:21.475Z,25.2,1.6,0.8333333333333334,450,16.671671055103193
2025-10-17T07:25:51.517Z,25.27,1.6,0.8333333333333334,450,16.692002474313075
2025-10-17T07:27:21.541Z,25.14,1.6,0.8333333333333334,450,16.653127617853638
2025-10-17T07:28:21.596Z,25.27,1.6,0.8333333333333334,450,16.692002474313075
2025-10-17T07:28:51.513Z,25.14,1.6,0.8333333333333334,450,16.653127617853638
2025-10-17T07:29:21.563Z,25.27,1.6,0.8333333333333334,450,16.692002474313075
2025-10-17T07:29:51.503Z,25.28,1.6,0.8333333333333334,450,16.69479206763029
2025-10-17T07:30:21.544Z,25.27,1.6,0.8333333333333334,450,16.692002474313075
2025-10-17T07:32:51.696Z,25.14,1.6,0.8333333333333334,450,16.653127617853638
2025-10-17T07:33:21.537Z,25.2,1.6,0.8333333333333334,450,16.671671055103193
2025-10-17T07:33:51.595Z,25.27,1.6,0.8333333333333334,450,16.692002474313075
2025-10-17T07:37:21.649Z,25.3,1.6,0.8333333333333334,450,16.70028491494301
2025-10-17T07:37:51.650Z,25.27,1.6,0.8333333333333334,450,16.692002474313075
2025-10-17T07:38:21.728Z,25.07,1.6,0.8333333333333334,450,16.63019867303844
2025-10-17T07:38:51.657Z,25.27,1.6,0.8333333333333334,450,16.692002474313075
2025-10-17T07:39:21.703Z,25.14,1.6,0.8333333333333334,450,16.653127617853638
2025-10-17T07:39:51.631Z,25.07,1.6,0.8333333333333334,450,16.63019867303844
2025-10-17T07:40:21.761Z,25.27,1.6,0.8333333333333334,450,16.692002474313075
2025-10-17T07:40:51.659Z,25.39,1.6,0.8333333333333334,450,16.723575659484382
2025-10-17T07:41:21.706Z,25.27,1.6,0.8333333333333334,450,16.692002474313075
2025-10-17T07:42:21.691Z,25.18,1.6,0.8333333333333334,450,16.665604150102634
2025-10-17T07:42:51.745Z,25.32,1.6,0.8333333333333334,450,16.705662549403257
2025-10-17T07:43:21.667Z,25.27,1.6,0.8333333333333334,450,16.692002474313075
2025-10-17T07:43:51.793Z,25.07,1.6,0.8333333333333334,450,16.63019867303844
2025-10-17T07:44:21.778Z,25.17,1.6,0.8333333333333334,450,16.662527819804097
2025-10-17T07:44:51.845Z,25.27,1.6,0.8333333333333334,450,16.692002474313075
2025-10-17T07:45:21.804Z,25.07,1.6,0.8333333333333334,450,16.63019867303844
2025-10-17T07:45:51.733Z,25.11,1.6,0.8333333333333334,450,16.643471167734226
2025-10-17T07:46:21.798Z,25.14,1.6,0.8333333333333334,450,16.653127617853638
2025-10-17T07:46:51.716Z,25.27,1.6,0.8333333333333334,450,16.692002474313075
2025-10-17T07:47:21.777Z,25.14,1.6,0.8333333333333334,450,16.653127617853638
2025-10-17T07:47:51.827Z,25.24,1.6,0.8333333333333334,450,16.683461206336474
2025-10-17T07:48:21.767Z,25.27,1.6,0.8333333333333334,450,16.692002474313075
2025-10-17T07:49:51.853Z,25.11,1.6,0.8333333333333334,450,16.643471167734226
2025-10-17T07:50:21.885Z,25.27,1.6,0.8333333333333334,450,16.692002474313075
2025-10-17T07:50:51.816Z,25.04,1.6,0.8333333333333334,450,16.619947520298098
2025-10-17T07:51:21.864Z,25.2,1.6,0.8333333333333334,450,16.671671055103193
2025-10-17T07:51:51.776Z,25.27,1.6,0.8333333333333334,450,16.692002474313075
2025-10-17T07:52:21.835Z,25.15,1.6,0.8333333333333334,450,16.656289527526013
2025-10-17T07:52:51.956Z,25.36,1.6,0.8333333333333334,450,16.71607179521728
2025-10-17T07:53:21.808Z,25.32,1.6,0.8333333333333334,450,16.705662549403257
2025-10-17T07:53:51.877Z,25.14,1.6,0.8333333333333334,450,16.653127617853638
2025-10-17T07:54:21.795Z,25.28,1.6,0.8333333333333334,450,16.69479206763029
2025-10-17T07:54:51.852Z,25.15,1.6,0.8333333333333334,450,16.656289527526013
2025-10-17T07:55:21.906Z,25.07,1.6,0.8333333333333334,450,16.63019867303844
2025-10-17T07:55:51.863Z,25.15,1.6,0.8333333333333334,450,16.656289527526013
2025-10-17T07:56:21.918Z,25.14,1.6,0.8333333333333334,450,16.653127617853638
2025-10-17T07:56:51.864Z,25.17,1.6,0.8333333333333334,450,16.662527819804097
2025-10-17T07:57:21.879Z,25.07,1.6,0.8333333333333334,450,16.63019867303844
2025-10-17T07:57:51.946Z,25.14,1.6,0.8333333333333334,450,16.653127617853638
2025-10-17T07:58:21.950Z,25.07,1.6,0.8333333333333334,450,16.63019867303844
2025-10-17T07:58:52.001Z,25.16,1.6,0.8333333333333334,450,16.659422937046237
2025-10-17T07:59:21.974Z,25.07,1.6,0.8333333333333334,450,16.63019867303844
2025-10-17T07:59:51.934Z,25.27,1.6,0.8333333333333334,450,16.692002474313075
2025-10-17T08:00:21.972Z,25.24,1.6,0.8333333333333334,450,16.683461206336474
2025-10-17T08:00:51.903Z,25.27,1.6,0.8333333333333334,450,16.692002474313075
2025-10-17T08:01:51.982Z,24.97,1.6,0.8333333333333334,450,16.59504484105423
2025-10-17T08:02:21.934Z,24.96,1.6,0.8333333333333334,450,16.59137552004901
2025-10-17T08:02:51.925Z,24.83,1.6,0.8333333333333334,450,16.541159852093354
2025-10-17T08:03:21.932Z,24.76,1.6,0.8333333333333334,450,16.512211711160553
2025-10-17T08:03:51.950Z,24.58,1.6,0.8333333333333334,450,16.431809721749584
2025-10-17T08:04:21.944Z,24.53,1.6,0.8333333333333334,450,16.40799187154955
2025-10-17T08:04:51.990Z,24.46,1.6,0.8333333333333334,450,16.37359563286208
2025-10-17T08:05:22.017Z,24.56,1.6,0.8333333333333334,450,16.422358492017743
2025-10-17T08:05:51.982Z,24.44,1.6,0.8333333333333334,450,16.363546423782005
2025-10-17T08:06:21.957Z,24.46,1.6,0.8333333333333334,450,16.37359563286208
2025-10-17T08:06:51.964Z,24.33,1.6,0.8333333333333334,450,16.306557222568127
2025-10-17T08:07:22.017Z,24.4,1.6,0.8333333333333334,450,16.343156986547534
2025-10-17T08:07:52.014Z,24.46,1.6,0.8333333333333334,450,16.37359563286208
2025-10-17T08:08:22.077Z,24.49,1.6,0.8333333333333334,450,16.38848555160547
2025-10-17T08:08:52.079Z,24.4,1.6,0.8333333333333334,450,16.343156986547534
2025-10-17T08:09:21.977Z,24.46,1.6,0.8333333333333334,450,16.37359563286208
2025-10-17T08:09:52.060Z,24.42,1.6,0.8333333333333334,450,16.35339996650575
2025-10-17T08:10:22.077Z,24.46,1.6,0.8333333333333334,450,16.37359563286208
2025-10-17T08:10:52.081Z,24.49,1.6,0.8333333333333334,450,16.38848555160547
2025-10-17T08:11:22.058Z,24.4,1.6,0.8333333333333334,450,16.343156986547534
2025-10-17T08:12:22.089Z,24.27,1.6,0.8333333333333334,450,16.27427712303404
2025-10-17T08:12:52.038Z,24.4,1.6,0.8333333333333334,450,16.343156986547534
2025-10-17T08:13:52.160Z,24.46,1.6,0.8333333333333334,450,16.37359563286208
2025-10-17T08:14:52.204Z,24.42,1.6,0.8333333333333334,450,16.35339996650575
2025-10-17T08:15:22.125Z,24.31,1.6,0.8333333333333334,450,16.295889219234862
2025-10-17T08:15:52.130Z,24.4,1.6,0.8333333333333334,450,16.343156986547534
2025-10-17T08:16:22.061Z,24.46,1.6,0.8333333333333334,450,16.37359563286208
2025-10-17T08:16:52.090Z,24.45,1.6,0.8333333333333334,450,16.36858322917518
2025-10-17T08:17:22.122Z,24.58,1.6,0.8333333333333334,450,16.431809721749584
2025-10-17T08:17:52.099Z,24.49,1.6,0.8333333333333334,450,16.38848555160547
2025-10-17T08:18:22.133Z,24.48,1.6,0.8333333333333334,450,16.383546881451807
2025-10-17T08:18:52.137Z,24.52,1.6,0.8333333333333334,450,16.40315271455047
2025-10-17T08:19:22.102Z,24.58,1.6,0.8333333333333334,450,16.431809721749584
2025-10-17T08:19:52.138Z,24.76,1.6,0.8333333333333334,450,16.512211711160553
2025-10-17T08:20:22.111Z,24.54,1.6,0.8333333333333334,450,16.41280594125893
2025-10-17T08:20:52.168Z,24.58,1.6,0.8333333333333334,450,16.431809721749584
2025-10-17T08:22:22.199Z,24.63,1.6,0.8333333333333334,450,16.454990406613184
2025-10-17T08:22:52.265Z,24.74,1.6,0.8333333333333334,450,16.50369912664736
2025-10-17T08:23:22.288Z,24.64,1.6,0.8333333333333334,450,16.45954923914885
2025-10-17T08:23:52.356Z,24.58,1.6,0.8333333333333334,450,16.431809721749584
2025-10-17T08:24:22.189Z,24.65,1.6,0.8333333333333334,450,16.464082130417037
2025-10-17T08:24:52.229Z,24.76,1.6,0.8333333333333334,450,16.512211711160553
2025-10-17T08:25:22.300Z,24.66,1.6,0.8333333333333334,450,16.468589007957394
2025-10-17T08:25:52.243Z,24.54,1.6,0.8333333333333334,450,16.41280594125893
2025-10-17T08:26:22.308Z,24.74,1.6,0.8333333333333334,450,16.50369912664736
2025-10-17T08:26:52.246Z,24.51,1.6,0.8333333333333334,450,16.398288553019054
2025-10-17T08:27:22.249Z,24.65,1.6,0.8333333333333334,450,16.464082130417037
2025-10-17T08:27:52.248Z,24.67,1.6,0.8333333333333334,450,16.473069800177335
2025-10-17T08:28:22.420Z,24.82,1.6,0.8333333333333334,450,16.537105445041476
2025-10-17T08:28:52.232Z,24.76,1.6,0.8333333333333334,450,16.512211711160553
2025-10-17T08:29:22.350Z,24.77,1.6,0.8333333333333334,450,16.51642790530377
2025-10-17T08:30:22.222Z,24.65,1.6,0.8333333333333334,450,16.464082130417037
2025-10-17T08:30:52.269Z,24.67,1.6,0.8333333333333334,450,16.473069800177335
2025-10-17T08:31:22.284Z,24.58,1.6,0.8333333333333334,450,16.431809721749584
2025-10-17T08:31:52.398Z,24.7,1.6,0.8333333333333334,450,16.486354962100513
2025-10-17T08:32:22.300Z,24.64,1.6,0.8333333333333334,450,16.45954923914885
2025-10-17T08:33:22.290Z,24.74,1.6,0.8333333333333334,450,16.50369912664736
2025-10-17T08:33:52.340Z,24.8,1.6,0.8333333333333334,450,16.528915354988953
2025-10-17T08:34:22.399Z,24.76,1.6,0.8333333333333334,450,16.512211711160553
2025-10-17T08:34:52.433Z,24.71,1.6,0.8333333333333334,450,16.49073071459621
2025-10-17T08:35:22.389Z,24.76,1.6,0.8333333333333334,450,16.512211711160553
2025-10-17T08:35:52.334Z,24.64,1.6,0.8333333333333334,450,16.45954923914885
2025-10-17T08:36:22.424Z,24.54,1.6,0.8333333333333334,450,16.41280594125893
2025-10-17T08:36:52.473Z,24.62,1.6,0.8333333333333334,450,16.450405706139303
2025-10-17T08:37:22.403Z,24.71,1.6,0.8333333333333334,450,16.49073071459621
2025-10-17T08:37:52.451Z,24.52,1.6,0.8333333333333334,450,16.40315271455047
2025-10-17T08:38:22.403Z,24.59,1.6,0.8333333333333334,450,16.436497143374705
2025-10-17T08:38:52.500Z,24.69,1.6,0.8333333333333334,450,16.48195284665743
2025-10-17T08:39:22.469Z,24.76,1.6,0.8333333333333334,450,16.512211711160553
2025-10-17T08:39:52.441Z,24.71,1.6,0.8333333333333334,450,16.49073071459621
2025-10-17T08:40:22.389Z,24.79,1.6,0.8333333333333334,450,16.524779787798035
2025-10-17T08:40:52.426Z,24.71,1.6,0.8333333333333334,450,16.49073071459621
2025-10-17T08:41:22.537Z,24.64,1.6,0.8333333333333334,450,16.45954923914885
2025-10-17T08:41:52.429Z,24.65,1.6,0.8333333333333334,450,16.464082130417037
2025-10-17T08:42:22.480Z,24.58,1.6,0.8333333333333334,450,16.431809721749584
2025-10-17T08:42:52.426Z,24.64,1.6,0.8333333333333334,450,16.45954923914885
2025-10-17T08:43:22.498Z,24.71,1.6,0.8333333333333334,450,16.49073071459621
2025-10-17T08:44:52.548Z,24.59,1.6,0.8333333333333334,450,16.436497143374705
2025-10-17T08:45:22.472Z,24.66,1.6,0.8333333333333334,450,16.468589007957394
2025-10-17T08:45:52.561Z,24.64,1.6,0.8333333333333334,450,16.45954923914885
2025-10-17T08:46:22.481Z,24.56,1.6,0.8333333333333334,450,16.422358492017743
2025-10-17T08:46:52.554Z,24.62,1.6,0.8333333333333334,450,16.450405706139303
2025-10-17T08:47:22.496Z,24.7,1.6,0.8333333333333334,450,16.486354962100513
2025-10-17T08:47:52.566Z,24.58,1.6,0.8333333333333334,450,16.431809721749584
2025-10-17T08:48:22.599Z,24.52,1.6,0.8333333333333334,450,16.40315271455047
2025-10-17T08:49:22.542Z,24.7,1.6,0.8333333333333334,450,16.486354962100513
2025-10-17T08:49:52.613Z,24.62,1.6,0.8333333333333334,450,16.450405706139303
2025-10-17T08:50:22.567Z,24.63,1.6,0.8333333333333334,450,16.454990406613184
2025-10-17T08:50:52.586Z,24.57,1.6,0.8333333333333334,450,16.427096811796794
2025-10-17T08:51:22.522Z,24.63,1.6,0.8333333333333334,450,16.454990406613184
2025-10-17T08:51:52.594Z,24.62,1.6,0.8333333333333334,450,16.450405706139303
2025-10-17T08:52:22.638Z,24.59,1.6,0.8333333333333334,450,16.436497143374705
2025-10-17T08:53:22.696Z,24.66,1.6,0.8333333333333334,450,16.468589007957394
2025-10-17T08:53:52.605Z,24.49,1.6,0.8333333333333334,450,16.38848555160547
2025-10-17T08:54:52.568Z,24.58,1.6,0.8333333333333334,450,16.431809721749584
2025-10-17T08:55:22.621Z,24.64,1.6,0.8333333333333334,450,16.45954923914885
2025-10-17T08:55:52.740Z,24.76,1.6,0.8333333333333334,450,16.512211711160553
2025-10-17T08:56:22.594Z,24.61,1.6,0.8333333333333334,450,16.445795211923937
2025-10-17T08:56:52.643Z,24.51,1.6,0.8333333333333334,450,16.398288553019054
2025-10-17T08:57:22.632Z,24.64,1.6,0.8333333333333334,450,16.45954923914885
2025-10-17T08:57:52.677Z,24.65,1.6,0.8333333333333334,450,16.464082130417037
2025-10-17T08:58:22.608Z,24.58,1.6,0.8333333333333334,450,16.431809721749584
2025-10-17T08:58:52.657Z,24.64,1.6,0.8333333333333334,450,16.45954923914885
2025-10-17T08:59:22.724Z,24.59,1.6,0.8333333333333334,450,16.436497143374705
2025-10-17T09:00:22.713Z,24.53,1.6,0.8333333333333334,450,16.40799187154955
2025-10-17T09:00:52.639Z,24.76,1.6,0.8333333333333334,450,16.512211711160553
2025-10-17T09:01:22.787Z,24.96,1.6,0.8333333333333334,450,16.59137552004901
2025-10-17T09:02:23.338Z,25.27,1.6,0.8333333333333334,450,16.692002474313075
2025-10-17T09:02:53.928Z,25.52,1.6,0.8333333333333334,450,16.75308741665031
2025-10-17T09:03:24.601Z,25.62,1.6,0.8333333333333334,450,16.77246813359494
2025-10-17T09:03:55.160Z,25.77,1.6,0.8333333333333334,450,16.796151965288313
2025-10-17T09:04:25.748Z,26.01,1.6,0.8333333333333334,450,16.820788728902095
2025-10-17T09:04:56.397Z,26.08,1.6,0.8333333333333334,450,16.824961662878568
2025-10-17T09:05:27.081Z,26.3,1.6,0.8333333333333334,450,16.829501572316126
2025-10-17T09:05:57.549Z,26.51,1.6,0.8333333333333334,450,16.82218082427373
2025-10-17T09:06:28.256Z,26.75,1.6,0.8333333333333334,450,16.800802004078538
2025-10-17T09:06:58.807Z,26.76,1.6,0.8333333333333334,450,16.799626788712814
2025-10-17T09:07:29.449Z,26.88,1.6,0.8333333333333334,450,16.783841456919006
2025-10-17T09:08:00.009Z,27.03,1.6,0.8333333333333334,450,16.759934411402888
2025-10-17T09:08:30.694Z,27.12,1.6,0.8333333333333334,450,16.74350120950614
2025-10-17T09:09:01.244Z,27.26,1.6,0.8333333333333334,450,16.71505147220223
2025-10-17T09:09:31.923Z,27.41,1.6,0.8333333333333334,450,16.68098859495611
2025-10-17T09:10:02.437Z,27.47,1.6,0.8333333333333334,450,16.666413555339737
2025-10-17T09:11:03.717Z,27.75,1.6,0.8333333333333334,450,16.592169034497932
2025-10-17T09:11:34.301Z,27.74,1.6,0.8333333333333334,450,16.594978864961398
2025-10-17T09:12:04.890Z,28.0,1.6,0.8333333333333334,450,16.518830299150963
2025-10-17T09:13:06.119Z,27.94,1.6,0.8333333333333334,450,16.536926573054977
2025-10-17T09:13:36.805Z,28.12,1.6,0.8333333333333334,450,16.48186569232924
2025-10-17T09:14:38.025Z,28.31,1.6,0.8333333333333334,450,16.421679771741086
2025-10-17T09:15:08.581Z,28.25,1.6,0.8333333333333334,450,16.44086592354146
2025-10-17T09:15:39.310Z,28.38,1.6,0.8333333333333334,450,16.39913312927527
2025-10-17T09:16:09.886Z,28.51,1.6,0.8333333333333334,450,16.35692808608136
2025-10-17T09:16:40.523Z,28.53,1.6,0.8333333333333334,450,16.35040932787621
2025-10-17T09:17:11.089Z,28.55,1.6,0.8333333333333334,450,16.343886301557255
2025-10-17T09:17:42.320Z,28.68,1.6,0.8333333333333334,450,16.301444050193282
2025-10-17T09:18:42.902Z,28.75,1.6,0.8333333333333334,450,16.278615928101793
2025-10-17T09:19:13.613Z,28.77,1.6,0.8333333333333334,450,16.272103915399803
2025-10-17T09:19:44.125Z,28.87,1.6,0.8333333333333334,450,16.239651860810035
2025-10-17T09:20:14.823Z,28.93,1.6,0.8333333333333334,450,16.22029601694134
2025-10-17T09:20:45.348Z,29.05,1.6,0.8333333333333334,450,16.18194185056613
2025-10-17T09:21:16.018Z,29.03,1.6,0.8333333333333334,450,16.18829609703646
2025-10-17T09:21:46.561Z,29.18,1.6,0.8333333333333334,450,16.141083965288164
2025-10-17T09:22:47.862Z,29.02,1.6,0.8333333333333334,450,16.19147935174132
2025-10-17T09:23:18.479Z,29.24,1.6,0.8333333333333334,450,16.122520706162753
2025-10-17T09:23:48.967Z,29.49,1.6,0.8333333333333334,450,16.047624573083812
2025-10-17T09:24:19.659Z,29.24,1.6,0.8333333333333334,450,16.122520706162753
2025-10-17T09:25:20.882Z,29.37,1.6,0.8333333333333334,450,16.08304455153244
2025-10-17T09:25:51.613Z,29.49,1.6,0.8333333333333334,450,16.047624573083812
2025-10-17T09:27:53.965Z,29.51,1.6,0.8333333333333334,450,16.041825167286184
2025-10-17T09:28:24.493Z,29.62,1.6,0.8333333333333334,450,16.01049709235917
2025-10-17T09:28:55.200Z,29.49,1.6,0.8333333333333334,450,16.047624573083812
2025-10-17T09:29:25.748Z,29.68,1.6,0.8333333333333334,450,15.993833600721366
2025-10-17T09:29:56.422Z,29.62,1.6,0.8333333333333334,450,16.01049709235917
2025-10-17T09:30:57.637Z,29.8,1.6,0.8333333333333334,450,15.961461528960687
2025-10-17T09:31:58.901Z,29.87,1.6,0.8333333333333334,450,15.943192110658742
2025-10-17T09:34:01.243Z,29.98,1.6,0.8333333333333334,450,15.915438464005705
2025-10-17T09:34:31.897Z,30.05,1.6,0.8333333333333334,450,15.898403413876869
2025-10-17T09:35:02.477Z,29.99,1.6,0.8333333333333334,450,15.912974678779694
2025-10-17T09:36:03.721Z,30.11,1.6,0.8333333333333334,450,15.884198913025834
2025-10-17T09:36:34.301Z,29.99,1.6,0.8333333333333334,450,15.912974678779694
2025-10-17T09:37:04.929Z,30.1,1.6,0.8333333333333334,450,15.886540627637988
2025-10-17T09:37:35.558Z,30.18,1.6,0.8333333333333334,450,15.86809744746973
2025-10-17T09:38:06.134Z,30.24,1.6,0.8333333333333334,450,15.854704267308872
2025-10-17T09:40:08.599Z,30.36,1.6,0.8333333333333334,450,15.829060658088515
2025-10-17T09:40:39.196Z,30.26,1.6,0.8333333333333334,450,15.850324216400463
2025-10-17T09:41:09.879Z,30.36,1.6,0.8333333333333334,450,15.829060658088515
2025-10-17T09:42:41.640Z,30.29,1.6,0.8333333333333334,450,15.843833560264219
2025-10-17T09:43:12.328Z,30.3,1.6,0.8333333333333334,450,15.841691229288145
2025-10-17T09:43:42.870Z,30.43,1.6,0.8333333333333334,450,15.814810223760839
2025-10-17T09:44:13.452Z,30.36,1.6,0.8333333333333334,450,15.829060658088515
2025-10-17T09:44:44.075Z,30.43,1.6,0.8333333333333334,450,15.814810223760839
2025-10-17T09:45:14.770Z,30.58,1.6,0.8333333333333334,450,15.786033877783385
2025-10-17T09:46:15.974Z,30.4,1.6,0.8333333333333334,450,15.820853494711006
2025-10-17T09:46:46.527Z,30.56,1.6,0.8333333333333334,450,15.789732387755556
2025-10-17T09:47:17.231Z,30.53,1.6,0.8333333333333334,450,15.795359786401338
2025-10-17T09:47:47.843Z,30.72,1.6,0.8333333333333334,450,15.761324996879793
2025-10-17T09:48:18.423Z,30.47,1.6,0.8333333333333334,450,15.806902028792576
2025-10-17T09:48:49.011Z,30.67,1.6,0.8333333333333334,450,15.769913591157213
2025-10-17T09:49:19.692Z,30.6,1.6,0.8333333333333334,450,15.782377746262775
2025-10-17T09:49:50.259Z,30.71,1.6,0.8333333333333334,450,15.76302188397813
2025-10-17T09:50:51.419Z,30.73,1.6,0.8333333333333334,450,15.759638486798808
2025-10-17T09:51:22.037Z,30.71,1.6,0.8333333333333334,450,15.76302188397813
2025-10-17T09:51:52.751Z,30.73,1.6,0.8333333333333334,450,15.759638486798808
2025-10-17T09:52:23.372Z,30.66,1.6,0.8333333333333334,450,15.77166264893905
2025-10-17T09:53:24.509Z,30.79,1.6,0.8333333333333334,450,15.74973614359812
2025-10-17T09:53:55.174Z,30.69,1.6,0.8333333333333334,450,15.766446868287854
2025-10-17T09:54:25.698Z,30.73,1.6,0.8333333333333334,450,15.759638486798808
2025-10-17T09:54:56.367Z,30.86,1.6,0.8333333333333334,450,15.73864788736415
2025-10-17T09:55:27.108Z,30.89,1.6,0.8333333333333334,450,15.734046766424392
2025-10-17T09:55:57.574Z,30.79,1.6,0.8333333333333334,450,15.74973614359812
2025-10-17T09:56:28.232Z,30.73,1.6,0.8333333333333334,450,15.759638486798808
2025-10-17T09:57:29.450Z,30.86,1.6,0.8333333333333334,450,15.73864788736415
2025-10-17T09:58:00.016Z,30.98,1.6,0.8333333333333334,450,15.720776450861308
2025-10-17T09:58:30.609Z,30.86,1.6,0.8333333333333334,450,15.73864788736415
2025-10-17T09:59:01.366Z,31.11,1.6,0.8333333333333334,450,15.702977134678736
2025-10-17T09:59:33.786Z,30.86,1.6,0.8333333333333334,450,15.73864788736415
2025-10-17T10:00:02.399Z,30.93,1.6,0.8333333333333334,450,15.728050905467814
2025-10-17T10:00:33.038Z,30.86,1.6,0.8333333333333334,450,15.73864788736415
2025-10-17T10:01:03.673Z,30.92,1.6,0.8333333333333334,450,15.72953507746799
2025-10-17T10:01:34.267Z,30.98,1.6,0.8333333333333334,450,15.720776450861308
2025-10-17T10:02:04.942Z,30.88,1.6,0.8333333333333334,450,15.73557049488089
2025-10-17T10:02:35.567Z,30.97,1.6,0.8333333333333334,450,15.722211938383724
2025-10-17T10:03:06.164Z,30.95,1.6,0.8333333333333334,450,15.72511194719064
2025-10-17T10:03:36.755Z,31.03,1.6,0.8333333333333334,450,15.713742692818045
2025-10-17T10:04:07.499Z,30.99,1.6,0.8333333333333334,450,15.719350592447942
2025-10-17T10:04:38.030Z,30.97,1.6,0.8333333333333334,450,15.722211938383724
2025-10-17T10:05:08.533Z,30.95,1.6,0.8333333333333334,450,15.72511194719064
2025-10-17T10:05:39.215Z,30.99,1.6,0.8333333333333334,450,15.719350592447942
2025-10-17T10:06:09.764Z,31.01,1.6,0.8333333333333334,450,15.716527612776193
2025-10-17T10:06:40.438Z,30.99,1.6,0.8333333333333334,450,15.719350592447942
2025-10-17T10:08:12.230Z,31.05,1.6,0.8333333333333334,450,15.710995516142352
2025-10-17T10:08:42.894Z,30.92,1.6,0.8333333333333334,450,15.72953507746799
2025-10-17T10:09:13.500Z,31.04,1.6,0.8333333333333334,450,15.712364406731123
2025-10-17T10:11:15.935Z,31.1,1.6,0.8333333333333334,450,15.704290536351797
2025-10-17T10:11:46.603Z,31.17,1.6,0.8333333333333334,450,15.69528611676616
2025-10-17T10:12:17.169Z,31.11,1.6,0.8333333333333334,450,15.702977134678736
2025-10-17T10:12:47.720Z,31.06,1.6,0.8333333333333334,450,15.709635979964952
2025-10-17T10:13:18.458Z,31.01,1.6,0.8333333333333334,450,15.716527612776193
2025-10-17T10:13:48.947Z,30.99,1.6,0.8333333333333334,450,15.719350592447942
2025-10-17T10:14:19.623Z,31.23,1.6,0.8333333333333334,450,15.68791235859327
2025-10-17T10:14:50.159Z,31.03,1.6,0.8333333333333334,450,15.713742692818045
2025-10-17T10:15:20.830Z,31.24,1.6,0.8333333333333334,450,15.686713492022776
2025-10-17T10:16:22.092Z,31.23,1.6,0.8333333333333334,450,15.68791235859327
2025-10-17T10:17:23.213Z,31.12,1.6,0.8333333333333334,450,15.701672828177022
2025-10-17T10:18:24.570Z,31.23,1.6,0.8333333333333334,450,15.68791235859327
2025-10-17T10:18:55.069Z,31.22,1.6,0.8333333333333334,450,15.689119737965438
2025-10-17T10:19:25.783Z,31.01,1.6,0.8333333333333334,450,15.716527612776193
2025-10-17T10:19:56.428Z,31.23,1.6,0.8333333333333334,450,15.68791235859327
2025-10-17T10:20:57.659Z,31.11,1.6,0.8333333333333334,450,15.702977134678736
2025-10-17T10:21:28.682Z,31.24,1.6,0.8333333333333334,450,15.686713492022776
2025-10-17T10:22:29.404Z,31.04,1.6,0.8333333333333334,450,15.712364406731123
2025-10-17T10:23:30.594Z,31.08,1.6,0.8333333333333334,450,15.70694480345215
2025-10-17T10:25:02.494Z,31.23,1.6,0.8333333333333334,450,15.68791235859327
2025-10-17T10:25:36.081Z,31.08,1.6,0.8333333333333334,450,15.70694480345215
2025-10-17T10:26:03.670Z,31.23,1.6,0.8333333333333334,450,15.68791235859327
2025-10-17T10:27:35.477Z,31.26,1.6,0.8333333333333334,450,15.684341087603293
2025-10-17T10:28:06.118Z,31.25,1.6,0.8333333333333334,450,15.685523085974328
2025-10-17T10:28:36.712Z,31.36,1.6,0.8333333333333334,450,15.672971500853723
2025-10-17T10:29:07.308Z,31.23,1.6,0.8333333333333334,450,15.68791235859327
2025-10-17T10:29:37.988Z,31.36,1.6,0.8333333333333334,450,15.672971500853723
2025-10-17T10:30:39.253Z,31.45,1.6,0.8333333333333334,450,15.663406241994286
2025-10-17T10:31:40.407Z,31.36,1.6,0.8333333333333334,450,15.672971500853723
2025-10-17T10:32:11.057Z,31.23,1.6,0.8333333333333334,450,15.68791235859327
2025-10-17T10:32:41.620Z,31.08,1.6,0.8333333333333334,450,15.70694480345215
2025-10-17T10:33:12.245Z,31.36,1.6,0.8333333333333334,450,15.672971500853723
2025-10-17T10:34:44.408Z,31.23,1.6,0.8333333333333334,450,15.68791235859327
2025-10-17T10:35:14.708Z,31.36,1.6,0.8333333333333334,450,15.672971500853723
2025-10-17T10:35:45.284Z,31.23,1.6,0.8333333333333334,450,15.68791235859327
2025-10-17T10:36:46.471Z,31.42,1.6,0.8333333333333334,450,15.66652728341573
2025-10-17T10:37:17.146Z,31.17,1.6,0.8333333333333334,450,15.69528611676616
2025-10-17T10:37:47.755Z,31.29,1.6,0.8333333333333334,450,15.680845001666956
2025-10-17T10:38:49.014Z,31.27,1.6,0.8333333333333334,450,15.683167443500418
2025-10-17T10:39:50.216Z,31.23,1.6,0.8333333333333334,450,15.68791235859327
2025-10-17T10:40:20.767Z,31.27,1.6,0.8333333333333334,450,15.683167443500418
2025-10-17T10:40:51.527Z,31.2,1.6,0.8333333333333334,450,15.691560241395607
2025-10-17T10:41:52.637Z,31.23,1.6,0.8333333333333334,450,15.68791235859327
2025-10-17T10:42:23.236Z,31.36,1.6,0.8333333333333334,450,15.672971500853723
2025-10-17T10:42:53.894Z,31.27,1.6,0.8333333333333334,450,15.683167443500418
2025-10-17T10:43:24.495Z,31.36,1.6,0.8333333333333334,450,15.672971500853723
2025-10-17T10:43:55.044Z,31.42,1.6,0.8333333333333334,450,15.66652728341573
2025-10-17T10:44:25.657Z,31.23,1.6,0.8333333333333334,450,15.68791235859327
2025-10-17T10:44:56.324Z,31.45,1.6,0.8333333333333334,450,15.663406241994286
2025-10-17T10:45:26.888Z,31.36,1.6,0.8333333333333334,450,15.672971500853723
2025-10-17T10:45:57.552Z,31.38,1.6,0.8333333333333334,450,15.670792909366526
2025-10-17T10:46:28.110Z,31.36,1.6,0.8333333333333334,450,15.672971500853723
2025-10-17T10:47:29.362Z,31.43,1.6,0.8333333333333334,450,15.665479594614242
2025-10-17T10:48:00.026Z,31.36,1.6,0.8333333333333334,450,15.672971500853723
2025-10-17T10:49:01.200Z,31.26,1.6,0.8333333333333334,450,15.684341087603293
2025-10-17T10:50:02.448Z,31.39,1.6,0.8333333333333334,450,15.669715149185578
2025-10-17T10:50:33.077Z,31.36,1.6,0.8333333333333334,450,15.672971500853723
2025-10-17T10:51:03.586Z,31.39,1.6,0.8333333333333334,450,15.669715149185578
2025-10-17T10:52:04.969Z,31.42,1.6,0.8333333333333334,450,15.66652728341573
2025-10-17T10:52:35.593Z,31.36,1.6,0.8333333333333334,450,15.672971500853723
2025-10-17T10:53:06.126Z,31.24,1.6,0.8333333333333334,450,15.686713492022776
2025-10-17T10:53:36.716Z,31.42,1.6,0.8333333333333334,450,15.66652728341573
2025-10-17T10:54:07.452Z,31.22,1.6,0.8333333333333334,450,15.689119737965438
2025-10-17T10:54:38.002Z,31.42,1.6,0.8333333333333334,450,15.66652728341573
2025-10-17T10:55:39.246Z,31.5,1.6,0.8333333333333334,450,15.65834835937071
2025-10-17T10:56:09.803Z,31.42,1.6,0.8333333333333334,450,15.66652728341573
2025-10-17T10:56:40.364Z,31.4,1.6,0.8333333333333334,450,15.668644998899376
2025-10-17T10:57:11.082Z,31.42,1.6,0.8333333333333334,450,15.66652728341573
2025-10-17T10:57:41.614Z,31.49,1.6,0.8333333333333334,450,15.659345852151361
2025-10-17T10:58:12.193Z,31.36,1.6,0.8333333333333334,450,15.672971500853723
2025-10-17T10:58:42.856Z,31.42,1.6,0.8333333333333334,450,15.66652728341573
2025-10-17T10:59:44.090Z,31.45,1.6,0.8333333333333334,450,15.663406241994286
2025-10-17T11:00:14.638Z,31.49,1.6,0.8333333333333334,450,15.659345852151361
2025-10-17T11:00:45.277Z,31.57,1.6,0.8333333333333334,450,15.651555635211736
2025-10-17T11:01:16.770Z,31.61,1.6,0.8333333333333334,450,15.647817125403133
2025-10-17T11:01:46.642Z,31.48,1.6,0.8333333333333334,450,15.66035032142657
2025-10-17T11:02:17.139Z,31.45,1.6,0.8333333333333334,450,15.663406241994286
2025-10-17T11:02:47.751Z,31.46,1.6,0.8333333333333334,450,15.66238045147313
2025-10-17T11:03:18.314Z,31.45,1.6,0.8333333333333334,450,15.663406241994286
2025-10-17T11:03:49.024Z,31.53,1.6,0.8333333333333334,450,15.655397076269349
2025-10-17T11:04:19.551Z,31.5,1.6,0.8333333333333334,450,15.65834835937071
2025-10-17T11:04:50.730Z,31.48,1.6,0.8333333333333334,450,15.66035032142657
2025-10-17T11:05:20.883Z,31.54,1.6,0.8333333333333334,450,15.654426823276626
2025-10-17T11:05:51.432Z,31.45,1.6,0.8333333333333334,450,15.663406241994286
2025-10-17T11:06:52.645Z,31.47,1.6,0.8333333333333334,450,15.66136183282506
2025-10-17T11:07:23.213Z,31.45,1.6,0.8333333333333334,450,15.663406241994286
2025-10-17T11:07:53.939Z,31.42,1.6,0.8333333333333334,450,15.66652728341573
2025-10-17T11:08:55.103Z,31.48,1.6,0.8333333333333334,450,15.66035032142657
2025-10-17T11:09:25.657Z,31.45,1.6,0.8333333333333334,450,15.663406241994286
2025-10-17T11:09:56.346Z,31.43,1.6,0.8333333333333334,450,15.665479594614242
2025-10-17T11:10:26.971Z,31.36,1.6,0.8333333333333334,450,15.672971500853723
2025-10-17T11:10:57.548Z,31.48,1.6,0.8333333333333334,450,15.66035032142657
2025-10-17T11:11:28.231Z,31.54,1.6,0.8333333333333334,450,15.654426823276626
2025-10-17T11:12:29.454Z,31.57,1.6,0.8333333333333334,450,15.651555635211736
2025-10-17T11:12:59.932Z,31.36,1.6,0.8333333333333334,450,15.672971500853723
2025-10-17T11:13:30.623Z,31.5,1.6,0.8333333333333334,450,15.65834835937071
2025-10-17T11:14:01.172Z,31.47,1.6,0.8333333333333334,450,15.66136183282506
2025-10-17T11:14:31.950Z,31.59,1.6,0.8333333333333334,450,15.649673793901759
2025-10-17T11:15:02.441Z,31.48,1.6,0.8333333333333334,450,15.66035032142657
2025-10-17T11:15:32.992Z,31.49,1.6,0.8333333333333334,450,15.659345852151361
2025-10-17T11:16:03.633Z,31.61,1.6,0.8333333333333334,450,15.647817125403133
2025-10-17T11:16:34.232Z,31.47,1.6,0.8333333333333334,450,15.66136183282506
2025-10-17T11:17:04.906Z,31.45,1.6,0.8333333333333334,450,15.663406241994286
2025-10-17T11:17:35.481Z,31.67,1.6,0.8333333333333334,450,15.642392426057285
2025-10-17T11:18:06.088Z,31.48,1.6,0.8333333333333334,450,15.66035032142657
2025-10-17T11:18:36.728Z,31.5,1.6,0.8333333333333334,450,15.65834835937071
2025-10-17T11:19:07.293Z,31.49,1.6,0.8333333333333334,450,15.659345852151361
2025-10-17T11:19:37.987Z,31.48,1.6,0.8333333333333334,450,15.66035032142657
2025-10-17T11:20:08.728Z,31.42,1.6,0.8333333333333334,450,15.66652728341573
2025-10-17T11:20:39.142Z,31.61,1.6,0.8333333333333334,450,15.647817125403133
2025-10-17T11:21:09.810Z,31.59,1.6,0.8333333333333334,450,15.649673793901759
2025-10-17T11:21:40.368Z,31.61,1.6,0.8333333333333334,450,15.647817125403133
2025-10-17T11:22:11.044Z,31.47,1.6,0.8333333333333334,450,15.66136183282506
2025-10-17T11:22:41.668Z,31.56,1.6,0.8333333333333334,450,15.652506171558914
2025-10-17T11:23:12.223Z,31.51,1.6,0.8333333333333334,450,15.657357776959346
2025-10-17T11:23:42.769Z,31.6,1.6,0.8333333333333334,450,15.648742348463045
2025-10-17T11:24:13.477Z,31.59,1.6,0.8333333333333334,450,15.649673793901759
2025-10-17T11:24:44.009Z,31.5,1.6,0.8333333333333334,450,15.65834835937071
2025-10-17T11:25:14.694Z,31.45,1.6,0.8333333333333334,450,15.663406241994286
2025-10-17T11:26:15.928Z,31.54,1.6,0.8333333333333334,450,15.654426823276626
2025-10-17T11:27:17.149Z,31.5,1.6,0.8333333333333334,450,15.65834835937071
2025-10-17T11:27:47.694Z,31.48,1.6,0.8333333333333334,450,15.66035032142657
2025-10-17T11:28:18.338Z,31.61,1.6,0.8333333333333334,450,15.647817125403133
2025-10-17T11:28:48.897Z,31.57,1.6,0.8333333333333334,450,15.651555635211736
2025-10-17T11:29:19.552Z,31.54,1.6,0.8333333333333334,450,15.654426823276626
2025-10-17T11:29:50.110Z,31.51,1.6,0.8333333333333334,450,15.657357776959346
2025-10-17T11:30:20.792Z,31.5,1.6,0.8333333333333334,450,15.65834835937071
2025-10-17T11:30:51.330Z,31.67,1.6,0.8333333333333334,450,15.642392426057285
2025-10-17T11:31:22.009Z,31.6,1.6,0.8333333333333334,450,15.648742348463045
2025-10-17T11:31:52.657Z,31.72,1.6,0.8333333333333334,450,15.638029600170732
2025-10-17T11:32:23.295Z,31.5,1.6,0.8333333333333334,450,15.65834835937071
2025-10-17T11:33:24.418Z,31.61,1.6,0.8333333333333334,450,15.647817125403133
2025-10-17T11:34:56.327Z,31.73,1.6,0.8333333333333334,450,15.6371733460611
2025-10-17T11:35:26.893Z,31.66,1.6,0.8333333333333334,450,15.643281830443536
2025-10-17T11:35:57.448Z,31.71,1.6,0.8333333333333334,450,15.638891189980075
2025-10-17T11:36:28.104Z,31.6,1.6,0.8333333333333334,450,15.648742348463045
2025-10-17T11:37:29.379Z,31.67,1.6,0.8333333333333334,450,15.642392426057285
2025-10-17T11:38:00.073Z,31.69,1.6,0.8333333333333334,450,15.640630681532858
2025-10-17T11:39:01.201Z,31.79,1.6,0.8333333333333334,450,15.6321435440465
2025-10-17T11:39:31.739Z,31.86,1.6,0.8333333333333334,450,15.62649210467083
2025-10-17T11:40:02.369Z,31.54,1.6,0.8333333333333334,450,15.654426823276626
2025-10-17T11:40:33.095Z,31.67,1.6,0.8333333333333334,450,15.642392426057285
2025-10-17T11:41:03.633Z,31.61,1.6,0.8333333333333334,450,15.647817125403133
2025-10-17T11:42:35.490Z,31.7,1.6,0.8333333333333334,450,15.639758191806031
2025-10-17T11:44:07.370Z,31.73,1.6,0.8333333333333334,450,15.6371733460611
