timestamp,sensor_timestamp,input_temp,co2_ppm,solar_vol_cmd,r_pwm,b_pwm,pred_temp,pred_power,pred_pn,target_solar_vol,cost,success,note
2025-10-13 08:39:10,,,522.0,1.4227711909200722,54.48519867021302,14.871299667553256,28.463675506030352,44.411662508204316,12.516828306503584,1.6,-1399.1128248125422,True,ok
2025-10-13 08:43:07,,,521.0,1.4667961730839185,60.91411476133678,16.774234428401034,28.68096813702451,49.41813133867396,13.248699049740864,1.6,-1405.8128413854422,True,ok
2025-10-13 08:44:45,2025-10-13T08:44:04.377000,25.16,521.0,1.2254478623285634,33.51623222805687,8.838744076018957,27.489753357314868,28.18690274730163,8.87172729016934,1.6,-1315.0260495654563,True,ok
2025-10-13 08:45:04,,,521.0,1.080471436362982,23.328280592235032,5.442760197411678,26.77419806389192,20.024544712291128,6.1609335281071615,1.6,-1356.1649951258917,True,ok
2025-10-13 08:47:04,2025-10-13T08:45:35.018000,25.35,519.0,1.320547607446991,42.93226788094564,11.77968036428369,27.959133986402936,35.61199903880979,10.67723571417961,1.6,-1305.3048670108558,True,ok
2025-10-13 09:00:04,2025-10-13T08:59:10.506000,25.65,516.0,1.425176635660559,54.7401340182098,14.93503350455245,28.475547979128155,44.60314545362166,12.557936839501131,1.6,-1295.9987054329783,True,ok
2025-10-13 09:15:04,2025-10-13T09:14:16.526000,26.47,514.0,1.0053223062594308,19.0,4.0,26.40328701760573,16.55682351251732,4.860315892324832,1.6,-1245.144760810797,True,ok
2025-10-13 09:30:04,2025-10-13T09:29:22.584000,25.71,508.0,1.1506284174971606,28.146128890955527,7.048709630318509,27.12046952759219,23.884496563088334,7.451042404496998,1.6,-1355.3743561042359,True,ok
2025-10-13 09:45:04,2025-10-13T09:44:28.619000,24.16,658.0,1.52165773267263,69.16910712732972,19.25073213819892,28.951746500525214,55.866502957835614,14.091654768596975,1.6,-1418.5830908895525,True,ok
2025-10-13 10:00:04,2025-10-13T09:59:34.625000,25.6,646.0,1.323355647287305,43.293769953512715,11.888130986053813,27.9729935346605,35.894385696683976,10.72967375133952,1.6,-1411.7186029619916,True,ok
2025-10-13 10:15:04,2025-10-13T10:14:40.726000,25.21,632.0,1.263693808208711,36.26130313929377,9.753767713097924,27.67852259234212,30.38619190865037,9.602344034416685,1.6,-1344.4163172212382,True,ok
2025-10-13 10:30:04,2025-10-13T10:28:16.188000,25.35,622.0,1.2778806394136317,37.4393980317456,10.131819409523679,27.748544060301253,31.3212541812802,9.872404774470757,1.6,-1311.055511294462,True,ok
2025-10-13 10:45:04,2025-10-13T10:44:52.812000,25.22,610.0,1.0811135579546418,23.372317096394355,5.457439032131452,26.777367361940712,20.059825770388695,6.172455582030071,1.6,-1318.5992994355431,True,ok
2025-10-13 11:00:04,2025-10-13T10:59:58.833000,24.85,601.0,1.3744094548460732,49.359694929371315,13.589923732342829,28.22497810390865,40.561876432024796,11.666720938921173,1.6,-1497.845814397363,True,ok
2025-10-13 11:15:04,2025-10-13T11:13:34.351000,25.6,594.0,1.142278343532104,27.566979555140357,6.855659851713453,27.07925634699145,23.420495122598513,7.2946641354489685,1.6,-1341.3618510725903,True,ok
2025-10-13 11:30:04,2025-10-13T11:28:40.409000,25.29,582.0,1.4398991180716467,56.84552285045462,15.553656855136387,28.54821324281786,46.23995848945807,12.806831271020966,1.6,-1342.9548093719445,True,ok
2025-10-13 11:45:04,2025-10-13T11:43:46.460000,26.1,573.0,1.5122992979432386,67.76817123488063,18.830451370464186,28.90555638744877,54.772164544350346,13.953861412328914,1.6,-1302.413150713561,True,ok
2025-10-13 12:00:04,2025-10-13T11:58:52.426000,26.6,559.0,1.2420557222291115,34.708247540052504,9.236082513350835,27.571724215577614,29.141918643285347,9.189212444040255,1.6,-1288.6145424568617,True,ok
2025-10-13 12:15:04,2025-10-13T12:13:58.504000,26.1,551.0,1.259560588409899,35.964644730713104,9.654881576904367,27.658122397715836,30.14851585447498,9.523519506889157,1.6,-1480.9444654645345,True,ok
2025-10-13 12:30:04,2025-10-13T12:29:04.503000,25.84,547.0,1.3818494263013554,50.14820263445981,13.787050658614952,28.261699322012113,41.15412767941369,11.800198610015158,1.6,-1524.8245700362158,True,ok
2025-10-13 12:45:04,2025-10-13T12:44:10.614000,26.35,540.0,1.3542303705190049,47.2210626013901,13.055265650347526,28.125380872769224,38.95554125510863,11.300441691208537,1.6,-1335.8568568635299,True,ok
2025-10-13 13:00:04,2025-10-13T12:59:16.687000,26.35,534.0,1.6135227060761486,84.87527774534895,24.95011109813958,29.405161375124568,68.72873713186316,15.295138570848705,1.6,-1318.513628357886,True,ok
2025-10-13 13:15:04,2025-10-13T13:14:22.664000,27.34,524.0,1.2310664817061445,33.91950395424304,8.973167984747679,27.51748498892725,28.50999499706796,8.979137569491924,1.6,-1429.6033882695788,True,ok
2025-10-13 13:30:04,2025-10-13T13:29:28.776000,26.29,518.0,1.4863264658917181,63.86837095402106,17.66051128620632,28.777363149576683,51.725842956569124,13.558245812369801,1.6,-1420.4657090113412,True,ok
2025-10-13 13:45:05,2025-10-13T13:44:34.847000,26.9,512.0,1.1623611648891428,28.988237063036024,7.329412354345342,27.178378456211522,24.559174717287757,7.671758538453317,1.6,-1452.8699574603052,True,ok
2025-10-13 14:00:05,2025-10-13T13:59:40.865000,26.1,506.0,1.2120341789728208,32.55347627719661,8.517825425732203,27.423547889318442,27.41556430242448,8.615431804878702,1.6,-1427.4030397864858,True,ok
2025-10-13 14:15:04,2025-10-13T14:14:46.866000,25.86,504.0,1.3620546909346165,48.05030461822752,13.26257615455688,28.163999109172412,39.578388204719765,11.443167443427162,1.6,-1407.8626128400065,True,ok
2025-10-13 14:30:04,2025-10-13T14:29:53.008000,26.65,497.0,1.2467115189751479,35.04241347377595,9.347471157925316,27.594703675752186,29.409644884207406,9.278184512968043,1.6,-1424.15225517922,True,ok
2025-10-13 14:45:04,2025-10-13T14:44:59.032000,26.51,494.0,1.3538751625704375,47.18341673056419,13.045854182641047,28.123627684785934,38.927265293045345,11.293942192117944,1.6,-1692.671640173795,True,ok
2025-10-13 15:00:04,2025-10-13T14:58:34.409000,26.85,491.0,1.194904383169216,31.323999450469433,8.107999816823146,27.33900092948765,26.430535082202216,8.288740709021404,1.6,-1310.5003713512551,True,ok
2025-10-13 15:15:04,2025-10-13T15:13:40.445000,26.35,488.0,1.308616638152955,41.39629603837872,11.318888811513617,27.900246700575924,34.412177549181,10.45360288451133,1.6,-1421.3220700035176,True,ok
2025-10-13 15:30:04,2025-10-13T15:28:46.552000,26.58,487.0,1.0346215910033003,20.183912092389704,4.394637364129901,26.547898516698414,17.50534729094647,5.355337553029626,1.6,-1314.8403338133173,True,ok
2025-10-13 15:45:04,2025-10-13T15:43:52.629000,25.91,486.0,1.1259950587397185,26.45027681877276,6.483425606257587,26.99888748322686,22.52581797073029,6.991631580721997,1.6,-1271.6502986091452,True,ok
2025-10-13 16:00:04,2025-10-13T15:58:58.517000,25.79,486.0,1.0824771330329068,23.465830662026594,5.488610220675532,26.784097513817017,20.134746738911648,6.196943417629852,1.6,-1258.2065376261476,True,ok
2025-10-13 16:15:04,2025-10-13T16:14:04.553000,25.62,486.0,1.223696578565917,33.390535294603396,8.796845098201132,27.481109604661285,28.086197187300474,8.838252225193155,1.6,-1393.1883122977042,True,ok
2025-10-13 16:30:04,2025-10-13T16:29:10.724000,25.84,482.0,1.400312662069935,52.1049848280332,14.2762462070083,28.352827696849133,42.6238745031079,12.127393466193995,1.6,-1518.7233813806295,True,ok
2025-10-13 16:45:04,2025-10-13T16:44:16.745000,26.65,480.0,1.6346342142454457,88.91467963042201,26.174403889126605,29.50936073941479,71.89160259801203,15.530152606877067,1.6,-1323.3476271519273,True,ok
2025-10-13 17:00:04,2025-10-13T16:59:22.755000,28.2,475.0,1.3837995438045905,50.35488120659829,13.838720301649573,28.271324451704356,41.30936477014553,11.835035368574044,1.6,-1411.8084003171546,True,ok
2025-10-13 17:15:04,2025-10-13T17:14:28.795000,27.56,472.0,1.3553198069499148,47.33652393415728,13.08413098353932,28.130757967698923,39.042264717562134,11.320365240291137,1.6,-1333.3462090348696,True,ok
2025-10-13 17:30:04,2025-10-13T17:29:34.935000,27.34,470.0,1.3011819315325703,40.43916508403415,11.031749525210246,27.863551467941853,33.66451652077807,10.313626648784401,1.6,-1398.100332682494,True,"red_error:HTTPConnectionPool(host='192.168.50.94', port=80): Max retries exceeded with url: /rpc/Light.Set (Caused by ConnectTimeoutError(<urllib3.connection.HTTPConnection object at 0x7ffeaf676290>, 'Connection to 192.168.50.94 timed out. (connect timeout=5)'))|blue_error:HTTPConnectionPool(host='192.168.50.69', port=80): Max retries exceeded with url: /rpc/Light.Set (Caused by ConnectTimeoutError(<urllib3.connection.HTTPConnection object at 0x7ffeaf62d150>, 'Connection to 192.168.50.69 timed out. (connect timeout=5)'))"
2025-10-13 17:45:04,2025-10-13T17:44:40.989000,27.1,468.0,1.1479343442589427,27.954866370920392,6.984955456973464,27.10717248047824,23.731261327683804,7.400520947633891,1.6,-1408.381044210328,True,"red_error:HTTPConnectionPool(host='192.168.50.94', port=80): Max retries exceeded with url: /rpc/Light.Set (Caused by ConnectTimeoutError(<urllib3.connection.HTTPConnection object at 0x7ffeb29a2810>, 'Connection to 192.168.50.94 timed out. (connect timeout=5)'))|blue_error:HTTPConnectionPool(host='192.168.50.69', port=80): Max retries exceeded with url: /rpc/Light.Set (Caused by ConnectTimeoutError(<urllib3.connection.HTTPConnection object at 0x7ffeaf62d6d0>, 'Connection to 192.168.50.69 timed out. (connect timeout=5)'))"
2025-10-13 18:00:04,2025-10-13T17:59:47.033000,27.07,400.0,1.5309129420497443,70.55459042485275,19.666377127455824,28.997427127685278,56.94877060612256,14.225344273918601,1.6,-1381.187518424162,True,ok
2025-10-13 18:15:04,2025-10-13T18:14:53.127000,27.97,464.0,1.583678018350162,79.25565932069313,22.702263728277252,29.25785794878714,64.00130946004867,14.935421431003409,1.6,-1273.492137537934,True,ok
2025-10-13 18:30:04,2025-10-13T18:29:59.137000,28.61,458.0,1.5154319725656276,68.23712533295068,18.971137599885203,28.921018224735022,55.13848714800798,14.0002752397424,1.6,-1285.52480850344,True,"red_error:HTTPConnectionPool(host='192.168.50.94', port=80): Max retries exceeded with url: /rpc/Light.Set (Caused by ConnectTimeoutError(<urllib3.connection.HTTPConnection object at 0x7ffeaf677fd0>, 'Connection to 192.168.50.94 timed out. (connect timeout=5)'))|blue_error:HTTPConnectionPool(host='192.168.50.69', port=80): Max retries exceeded with url: /rpc/Light.Set (Caused by ConnectTimeoutError(<urllib3.connection.HTTPConnection object at 0x7ffeaf676590>, 'Connection to 192.168.50.69 timed out. (connect timeout=5)'))"
2025-10-13 18:45:04,2025-10-13T18:43:34.564000,28.83,452.0,1.2891258563742807,38.88708733421883,10.566126200265648,27.80404670128781,32.45211393227034,10.08576631098812,1.6,-1333.4945870458196,True,ok
2025-10-13 19:00:04,2025-10-13T18:58:40.628000,27.82,450.0,1.3494763684662852,46.656505306331844,12.896951591899553,28.10191670394929,38.5211800352469,11.213314787236376,1.6,-1598.9224069763686,True,ok
2025-10-13 19:15:04,2025-10-13T19:13:46.650000,27.47,449.0,1.348635520756594,46.548256062356515,12.864476818706954,28.097766560050896,38.43662134376684,11.197873596069263,1.6,-1485.832308833094,True,ok
2025-10-13 19:30:04,2025-10-13T19:28:52.688000,27.21,448.0,1.4903358878765336,64.47485749491896,17.84245724847569,28.79715231947581,52.19959876691253,13.620543212111636,1.6,-1519.914357251222,True,ok
2025-10-13 19:45:04,2025-10-13T19:43:58.751000,27.99,446.0,1.3711340864846264,49.012562792436796,13.503140698109199,28.208811977910347,40.30114411478616,11.607680179026003,1.6,-1410.5878584205007,True,ok
2025-10-13 20:00:04,2025-10-13T19:59:04.833000,27.56,444.0,1.065478778805876,22.300088680534778,5.100029560178259,26.7001993057765,19.200780445243506,5.893696760283801,1.6,-1361.7968420897544,True,ok
2025-10-13 20:15:04,2025-10-13T20:14:10.921000,26.35,443.0,1.183829991998759,30.52914424785668,7.843048082618894,27.284341427636374,25.79371494586548,8.078127734783711,1.6,-1238.553358653691,True,ok
2025-10-13 20:30:04,2025-10-13T20:29:16.906000,26.32,445.0,1.2326104999272403,34.03032457607919,9.010108192026395,27.525105747984373,28.59878199031483,9.008655935549102,1.6,-1442.5471568758674,True,ok
2025-10-13 20:45:04,2025-10-13T20:44:23.015000,26.16,445.0,1.526820970278325,69.94203177682738,19.482609533048212,28.977230519567268,56.470271580821084,14.166557682252272,1.6,-1450.9022971993613,True,ok
2025-10-13 21:00:04,2025-10-13T20:59:29.013000,27.48,443.0,1.3893517042910042,50.943313749617914,13.985828437404479,28.298728064391913,41.751338774151584,11.933867429927925,1.6,-1392.0693604519734,True,ok
2025-10-13 21:15:04,2025-10-13T21:14:35.071000,27.34,441.0,1.4827395439428475,63.325794020617664,17.4977382061853,28.759659298964316,51.30201001482305,13.502145575880952,1.6,-1550.3330485923625,True,ok
2025-10-13 21:30:04,2025-10-13T21:29:41.106000,27.71,443.0,1.4948799724815613,65.16053876565215,18.048161629695645,28.819580405774897,52.73521739015939,13.690616735718006,1.6,-1348.0908189657882,True,ok
2025-10-13 21:45:04,2025-10-13T21:44:47.217000,27.83,440.0,1.3842627344399285,50.40397136602754,13.850992841506885,28.27361060622067,41.34623658251828,11.843300445989414,1.6,-1435.1939597857624,True,ok
2025-10-13 22:00:04,2025-10-13T21:59:53.242000,27.54,436.0,1.564205991991138,75.58916566871649,21.235666267486593,29.16175051999607,60.91692147512103,14.684041618380892,1.6,-1441.4205541022923,True,ok
2025-10-13 22:15:04,2025-10-13T22:14:59.318000,28.12,435.0,1.5898428868562984,80.41647591092668,23.16659036437067,29.28828568394092,64.97783064990287,15.012302006741608,1.6,-1426.2581892917362,True,ok
2025-10-13 22:30:04,2025-10-13T22:28:34.727000,28.59,431.0,1.5890490102275523,80.26699256666234,23.106797026664935,29.28436737363467,64.85207981688366,15.00247592973685,1.6,-1354.204441763767,True,ok
2025-10-13 22:45:04,2025-10-13T22:43:40.774000,28.66,429.0,1.21916735169362,33.065453808149975,8.688484602716658,27.458754851176362,27.825749201499626,8.75169274646586,1.6,-1380.7862623290828,True,ok
2025-10-14 09:00:04,2025-10-14T08:59:24.661000,22.11,662.0,1.1239629852438409,26.310917834250933,6.436972611416978,26.988857846084716,22.414166682255082,6.954008201378336,1.6,-1405.420289254094,True,"red_error:HTTPConnectionPool(host='192.168.50.94', port=80): Max retries exceeded with url: /rpc/Light.Set (Caused by ConnectTimeoutError(<urllib3.connection.HTTPConnection object at 0x7fff1d1ca3d0>, 'Connection to 192.168.50.94 timed out. (connect timeout=5)'))"
2025-10-14 09:15:04,2025-10-14T09:14:28.920000,22.91,645.0,1.1777050109817215,30.089528836737383,7.696509612245794,27.254110563827545,25.44150495198926,7.961905412985845,1.6,-1366.2562290781295,True,ok
2025-10-14 09:30:04,2025-10-14T09:29:34.895000,23.3,638.0,1.2906478604442277,39.08302744085203,10.62490823225561,27.8115588058359,32.605172174683034,10.114586634636543,1.6,-1369.1256308659508,True,ok
2025-10-14 09:45:04,2025-10-14T09:44:41.010000,23.98,629.0,1.2736691559357654,36.97727541412837,9.99242513804279,27.72775758225367,30.959812814917022,9.792326057234837,1.6,-1377.971174676566,True,ok
2025-10-14 10:00:04,2025-10-14T09:59:47.082000,24.22,620.0,1.6160710606319775,85.36104241837602,25.108312725512803,29.417739203414904,69.11568563443555,15.324376082343566,1.6,-1435.2724577552294,True,ok
2025-10-14 10:15:04,2025-10-14T10:14:53.129000,25.97,601.0,1.4907873233866435,64.54314403647084,17.86294321094125,28.799380454613967,52.25294066924157,13.627530098194072,1.6,-1364.811283538847,True,ok
2025-10-14 10:30:04,2025-10-14T10:28:28.494000,26.25,584.0,1.2652789299637592,36.375073933045016,9.791691311015008,27.686346224736077,30.47734251337643,9.632558668520536,1.6,-1376.0354300036583,True,ok
2025-10-14 10:45:04,2025-10-14T10:43:34.601000,25.47,578.0,1.0659392261936917,22.331666022851337,5.110555340950446,26.702471920537832,19.226079502698354,5.901851615384804,1.6,-1395.4501659183272,True,ok
2025-10-14 11:00:04,2025-10-14T10:58:40.645000,24.6,573.0,1.4746834989609208,62.107193715408954,17.132158114622687,28.719897347374758,50.35010269924742,13.374904289507764,1.6,-1358.4427511035562,True,ok
2025-10-14 11:15:04,2025-10-14T11:13:46.737000,25.79,562.0,1.4096534351905605,53.09494448330413,14.523736120826033,28.39893063811431,43.36743710486216,12.290565251883777,1.6,-1480.0883683821478,True,ok
2025-10-14 11:30:04,2025-10-14T11:28:52.786000,25.86,553.0,1.344391798763766,46.001926813824774,12.70057804414743,28.076820963444007,38.009857288179944,11.119804653015713,1.6,-1344.1702686062292,True,ok
2025-10-14 11:45:04,2025-10-14T11:43:58.767000,25.84,549.0,1.1902666199521394,30.99112785826729,7.99704261942243,27.3161104767984,26.163845838636842,8.20047168185238,1.6,-1401.8125780787088,True,ok
2025-10-14 12:00:04,2025-10-14T11:59:04.857000,25.47,544.0,1.1318553859109504,26.852176280187592,6.617392093395864,27.027812103906644,22.847810792782113,7.100382338638994,1.6,-1329.6703833123036,True,ok
2025-10-14 12:15:04,2025-10-14T12:12:40.327000,25.04,537.0,1.2528121472184417,35.480280984842764,9.493426994947587,27.62481434239071,29.76045449981842,9.394714068557704,1.6,-1465.2930779600913,True,ok
2025-10-14 12:30:04,2025-10-14T12:29:16.976000,25.22,530.0,1.5427759344297942,72.33045276696721,20.199135830090164,29.05597890213305,58.33598210417359,14.392842809016944,1.6,-1234.8474033830444,True,ok
2025-10-14 12:45:04,2025-10-14T12:44:23,26.56,527.0,1.242012992248175,34.70518063125977,9.235060210419924,27.571513314640836,29.139461504841638,9.188395753014117,1.6,-1373.2333125986945,True,ok
2025-10-14 13:00:04,2025-10-14T12:57:58.436000,25.87,519.0,1.3701678571201243,48.910159267991595,13.477539816997899,28.2040429919747,40.22422842366697,11.590231559473441,1.6,-1358.8873484565706,True,ok
2025-10-14 13:15:04,2025-10-14T13:14:35.139000,26.22,514.0,1.301253897195355,40.44842981592178,11.034528944776534,27.86390666645504,33.67175364850812,10.314983669951275,1.6,-1358.4997305058478,True,ok
2025-10-14 13:30:04,2025-10-14T13:29:41.192000,25.97,506.0,1.2739049695911815,36.994200742841215,9.998066914280406,27.72892147982026,30.97337300814848,9.796812117672202,1.6,-1491.1513705468724,True,ok
2025-10-14 13:45:04,2025-10-14T13:43:16.549000,26.1,503.0,1.2445262844714902,34.88557008731559,9.295190029105198,27.583918086950085,29.283985485588786,9.236428334157212,1.6,-1447.7753578028191,True,ok
2025-10-14 14:00:04,2025-10-14T13:59:53.216000,25.79,499.0,1.1108705440321727,25.413042183655016,6.137680727885005,26.924237922187142,21.694808876775014,6.712730960275195,1.6,-1447.5402746492427,True,ok
2025-10-14 14:15:04,2025-10-14T14:14:59.318000,25.6,498.0,1.657956142163005,93.37931277574931,27.513793832724794,29.624469998475984,75.37914230584967,15.770374891584055,1.6,-1334.4246534843387,True,ok
2025-10-14 14:30:04,2025-10-14T14:28:34.706000,27.72,491.0,1.28136912291393,37.88849921520063,10.26654976456019,27.765762051557637,31.672068718366088,9.938669008432674,1.6,-1374.7111466466977,True,ok
2025-10-14 14:45:04,2025-10-14T14:43:40.775000,26.97,486.0,1.2438612297430243,34.83783633809121,9.279278779363736,27.58063559858551,29.24574227778312,9.223718938911206,1.6,-1357.2002474563692,True,ok
2025-10-14 15:00:04,2025-10-14T14:58:46.830000,26.58,483.0,1.3438536263619687,45.93264345257931,12.679793035773795,28.074164723932547,37.95573672203917,11.109888068875525,1.6,-1407.440703495366,True,ok
2025-10-14 15:15:04,2025-10-14T15:13:52.958000,26.71,480.0,1.4557138419162712,59.23774227662293,16.271322682986877,28.62626944599485,48.108636153904996,13.068736157064999,1.6,-1511.5955356121092,True,ok
2025-10-14 15:30:04,2025-10-14T15:28:58.955000,27.34,475.0,1.4862583097793096,63.858061297164724,17.657418389149417,28.777026753733786,51.71778958768297,13.557183056283836,1.6,-1347.1800872252074,True,ok
2025-10-14 15:45:04,2025-10-14T15:44:05.058000,27.87,468.0,1.380970183717293,50.05501819734978,13.763754549337445,28.257359673817323,41.08413648115463,11.784471274076786,1.6,-1308.8422665873973,True,ok
2025-10-14 16:00:04,2025-10-14T15:59:11.022000,27.4,464.0,0.8754627574395345,19.0,4.0,25.762343588764043,16.55682351251732,2.894965115281231,1.6,-1373.4763334089446,True,ok
2025-10-14 16:15:04,2025-10-14T16:14:17.103000,26.32,463.0,1.352216943969877,47.00767437037883,13.001918592594707,28.11544327073806,38.79526451313265,11.263578122851781,1.6,-1230.8876365035856,True,ok
2025-10-14 16:30:04,2025-10-14T16:29:23.178000,26.97,464.0,1.083857092042168,23.560467832681354,5.520155944227118,26.790908531313182,20.210567914543113,6.221753295035148,1.6,-1369.5378677036808,True,ok
2025-10-14 16:45:04,2025-10-14T16:44:29.191000,26.35,462.0,1.3080954616044345,41.32920069316366,11.298760207949098,27.897674346928646,34.35976614760963,10.443805184457537,1.6,-1527.5269951140697,True,ok
2025-10-14 17:00:04,2025-10-14T16:59:35.304000,26.81,461.0,1.325172516005227,43.52767041236008,11.958301123708026,27.981960992782778,36.07709659618204,10.763560118639376,1.6,-1356.3718350823576,True,ok
2025-10-14 17:15:04,2025-10-14T17:13:10.665000,26.84,463.0,1.403960616767086,52.49160464288143,14.372901160720357,28.370832784754484,42.91426617097807,12.191315527327792,1.6,-1435.8513043611758,True,ok
2025-10-14 17:30:04,2025-10-14T17:29:47.383000,27.34,461.0,0.9959962724999535,19.0,4.0,26.357256824912064,16.55682351251732,4.706337109163127,1.6,-1352.1537203489074,True,ok
2025-10-14 17:45:04,2025-10-14T17:44:53.467000,26.35,460.0,0.7974386037614204,19.0,4.0,25.377242384845037,16.55682351251732,1.9194828762041354,1.6,-1313.4226547490948,True,ok
2025-10-14 18:00:04,2025-10-14T17:59:59.472000,26.1,460.0,1.2127725630699842,32.60647318078463,8.535491060261544,27.427192306993835,27.458024231298836,8.629532217047894,1.6,-1438.8413987145202,True,ok
2025-10-14 18:15:04,2025-10-14T18:13:34.971000,26.35,459.0,1.5823516824748638,79.00591633157089,22.60236653262836,29.25131159719856,63.791216562559754,14.918708901472375,1.6,-1356.6377814935836,True,ok
2025-10-14 18:30:04,2025-10-14T18:28:41.022000,28.09,456.0,1.3368189158220611,45.0270072847528,12.40810218542584,28.03944373856542,37.24830074839047,10.979940234099033,1.6,-1297.8541037887599,True,ok
2025-10-14 18:45:04,2025-10-14T18:43:47.037000,27.59,452.0,1.2741573144233043,37.013123007544635,10.003936902263392,27.730166969762443,30.9882702551728,9.80161238102834,1.6,-1357.3407523847015,True,ok
2025-10-14 19:00:04,2025-10-14T18:58:53.129000,27.18,449.0,1.344418195330091,46.00532506099285,12.701597518297856,28.07695124809295,38.0125118225056,11.120290954356246,1.6,-1285.9227055057306,True,ok
2025-10-14 19:15:04,2025-10-14T19:13:59.089000,27.47,448.0,1.4875802395168565,64.05802343556552,17.717407030669655,28.783551358095735,51.87398963257732,13.57777348889551,1.6,-1333.834668805482,True,ok
2025-10-14 19:30:04,2025-10-14T19:29:05.153000,28.09,444.0,1.3615384472718965,47.99559175968976,13.24889793992244,28.161451102604484,39.5372931608691,11.433777047307458,1.6,-1417.8274239289294,True,ok
2025-10-14 19:45:04,2025-10-14T19:44:11.272000,27.83,438.0,0.6097094551470004,19.0,4.0,24.450673909134903,16.55682351251732,0.24061386502625126,1.6,-1280.9940723650068,True,ok
2025-10-14 20:00:04,2025-10-14T19:59:17.253000,26.75,440.0,1.2189388058343185,33.04905011945006,8.683016706483352,27.45762682502781,27.812606934530788,8.74732562842022,1.6,-1297.3370762477748,True,ok
2025-10-14 20:15:04,2025-10-14T20:14:23.306000,26.97,439.0,1.3995513146240213,52.02429522714418,14.256073806786045,28.349069939741874,42.56326822561759,12.114021375843175,1.6,-1374.233865624874,True,ok
2025-10-14 20:30:04,2025-10-14T20:29:29.341000,27.56,438.0,1.6004683135651816,82.41719524333497,23.96687809733399,29.34072924692559,66.66090861371327,15.141684902027247,1.6,-1366.797270352119,True,ok
2025-10-14 20:45:04,2025-10-14T20:44:35.379000,28.84,435.0,1.067754751375316,22.45617418960724,5.152058063202412,26.71143274741297,19.32583264952044,5.934038932288889,1.6,-1413.3705492513898,True,ok
2025-10-14 21:00:04,2025-10-14T20:59:41.540000,27.21,433.0,1.0770143197540583,23.091192582883735,5.363730860961246,26.757134889151477,19.834595124060964,6.099005806586855,1.6,-1230.7781443862195,True,ok
2025-10-14 21:15:04,2025-10-14T21:14:47.573000,26.84,436.0,1.3213239225567448,43.03220931237125,11.809662793711373,27.96296561890766,35.69006809828442,10.691740642140513,1.6,-1295.549225639343,True,ok
2025-10-14 21:30:04,2025-10-14T21:29:53.627000,27.27,436.0,1.4684184677341614,61.159511697471025,16.847853509241308,28.688975242433145,49.60982268958497,13.274786805283536,1.6,-1474.9306359578422,True,ok
2025-10-14 21:45:04,2025-10-14T21:44:59.609000,28.03,434.0,1.3664820008193894,48.51952254170214,13.379880635425534,28.185850834393072,39.93081963776946,11.523540597547283,1.6,-1332.5651438799844,True,ok
2025-10-14 22:00:04,2025-10-14T21:58:35.137000,27.97,432.0,1.1282302188315068,26.603563420496194,6.534521140165397,27.009919488083334,22.648627753301053,7.033066768952416,1.6,-1421.776493454254,True,ok
2025-10-14 22:15:04,2025-10-14T22:13:41.114000,27.15,431.0,1.1875615967820639,30.796977073196743,7.932325691065581,27.302759384472267,26.00829659015473,8.14903179825694,1.6,-1310.0924225860674,True,ok
2025-10-14 22:30:04,2025-10-14T22:28:47.133000,26.9,431.0,1.6391611779960051,89.78129891163613,26.434389673490838,29.531704322885496,72.56856060473542,15.578391643003293,1.6,-1308.69001395588,True,ok
2025-10-14 22:45:04,2025-10-14T22:43:53.189000,28.83,428.0,1.263948034126294,36.27954999278843,9.759849997596145,27.679777366694847,30.400810877856326,9.607190529550229,1.6,-1326.5242284507526,True,ok
2025-10-14 23:00:04,2025-10-14T22:57:28.701000,27.83,426.0,1.1232985235431316,26.265349252183235,6.421783084061079,26.98557828470739,22.37765815774692,6.9417156940089315,1.6,-1352.7907735165004,True,ok
2025-10-14 23:15:04,2025-10-14T23:14:05.375000,27.09,427.0,1.0344433091928003,20.1716855798544,4.390561859951466,26.547018577133244,17.495551683703717,5.3522759171531975,1.6,-1379.6048674462872,True,ok
2025-10-14 23:30:04,2025-10-14T23:29:11.432000,26.65,429.0,1.3635935488599262,48.2133968207227,13.303349205180675,28.171594398730335,39.70088740129557,11.4711362396617,1.6,-1397.2254218209,True,ok
2025-10-14 23:45:04,2025-10-14T23:44:17.379000,27.28,430.0,1.1588009471281997,28.732705398481045,7.244235132827016,27.16080640856575,24.354448486742424,7.604669697226576,1.6,-1384.664703944694,True,ok
2025-10-15 00:00:04,2025-10-14T23:59:23.495000,26.87,430.0,1.0481135000395272,21.109183125334035,4.703061041778011,26.614490080567876,18.246653661479353,5.5887008430484055,1.6,-1315.7460069469064,True,ok
2025-10-15 00:15:04,2025-10-15T00:14:29.522000,26.46,431.0,1.6774378135728232,95.0,28.0,29.72062503202145,76.64513905509547,15.955035677443464,1.6,-1433.210774670639,True,ok
2025-10-15 00:30:04,2025-10-15T00:29:35.583000,28.78,427.0,1.0445682263073608,20.866049327187007,4.622016442395669,26.59699179166477,18.05186032305103,5.527065570585627,1.6,-1555.0850195207356,True,ok
2025-10-15 00:45:04,2025-10-15T00:43:11.056000,27.34,424.0,1.2053179928188738,32.07142760977898,8.357142536592992,27.39039903410241,27.02935773662888,8.487237692119109,1.6,-1385.4105984641772,True,ok
2025-10-15 09:00:04,2025-10-15T08:58:40.379000,24.79,476.0,1.4492950222305954,58.26679739664866,15.980039218994598,28.594588292503705,47.350184403714515,12.963140381512796,1.6,-1416.1036961314483,True,ok
2025-10-15 09:15:04,2025-10-15T09:13:44.593000,26.35,476.0,1.1673550953462262,29.346672262244823,7.448890754081608,27.203026831626715,24.84634494864276,7.766020016059082,1.6,-1301.8128226731828,True,ok
2025-10-15 09:30:04,2025-10-15T09:28:50.696000,26.1,474.0,1.589456357055557,80.34369411438495,23.13747764575398,29.286377901740163,64.91660395211389,15.007520546126727,1.6,-1374.565286258993,True,ok
2025-10-15 09:45:04,2025-10-15T09:43:56.722000,27.85,470.0,1.5494863622208586,73.33498818533856,20.500496455601567,29.089099335990127,59.1206730396799,14.48562489309015,1.6,-1591.4106645145544,True,ok
2025-10-15 10:00:04,2025-10-15T09:59:02.764000,28.46,467.0,1.2132892161721667,32.643555526883375,8.547851842294458,27.429742334418417,27.487733774144708,8.63939907385094,1.6,-1381.1548840713942,True,ok
2025-10-15 10:15:04,2025-10-15T10:14:08.777000,27.34,463.0,1.1613153785518233,28.91317661969019,7.304392206563397,27.173216803587835,24.49903797589402,7.652041862716777,1.6,-1345.061425454258,True,ok
2025-10-15 10:30:04,2025-10-15T10:29:14.844000,26.71,461.0,1.323615180847744,43.327181844132106,11.898154553239632,27.974274505768435,35.920485331627326,10.734516361812434,1.6,-1336.569933366028,True,ok
2025-10-15 10:45:04,2025-10-15T10:44:20.970000,27.03,459.0,1.1344316203929552,27.028853660228542,6.6762845534095145,27.040527538215493,22.98936074159727,7.148302864266585,1.6,-1373.018449529941,True,ok
2025-10-15 11:00:04,2025-10-15T10:59:26.964000,26.69,458.0,1.1649930179019652,29.17713612101174,7.392378707003912,27.191368405041434,24.710516399972292,7.721413293381101,1.6,-1342.4584709323142,True,ok
2025-10-15 11:15:04,2025-10-15T11:14:33.012000,26.47,460.0,1.1258384063212854,26.439533643390565,6.479844547796855,26.998114299128197,22.517210779899695,6.988729593195208,1.6,-1490.8776387519629,True,ok
2025-10-15 11:30:04,2025-10-15T11:29:39.020000,26.36,458.0,1.3491629577252706,46.6161573629676,12.88484720889028,28.100369813044406,38.489662315866155,11.207560434250716,1.6,-1284.703642369819,True,ok
2025-10-15 11:45:04,2025-10-15T11:44:45.141000,26.9,456.0,1.460006027060465,59.88700108022458,16.466100324067373,28.64745424055592,48.61580343607996,13.138794202061167,1.6,-1334.115707741906,True,ok
2025-10-15 12:00:04,2025-10-15T11:59:51.191000,27.83,454.0,1.359910092103964,47.823014404487154,13.205753601121788,28.15341408450153,39.40766962868262,11.404132561887891,1.6,-1412.7027512117627,True,ok
2025-10-15 12:15:04,2025-10-15T12:14:57.270000,27.97,448.0,1.4374478286616148,56.47472774815303,15.442418324445908,28.53611449571896,45.950312599044445,12.76572105908107,1.6,-1385.9712198773861,True,ok
2025-10-15 12:30:04,2025-10-15T12:28:32.643000,28.19,445.0,1.0765691077197055,23.060660076490553,5.353553358830184,26.754937471014323,19.810133165681503,6.091043755913551,1.6,-1343.5443722969853,True,ok
2025-10-15 12:45:04,2025-10-15T12:43:38.751000,27.1,444.0,1.2807022863396582,37.80265185641252,10.240795556923755,27.76247076859635,31.605009216982445,9.926007299701784,1.6,-1299.1302122959162,True,ok
2025-10-15 13:00:04,2025-10-15T12:58:44.743000,27.27,446.0,1.424387950402854,54.65654708426417,14.914136771066042,28.4716552916982,44.54036297784464,12.54447174562131,1.6,-1360.0664249676508,True,ok
2025-10-15 13:15:04,2025-10-15T13:13:50.769000,28.09,441.0,1.2027105069333546,31.88427748207054,8.29475916069018,27.377529353287187,26.879417257594504,8.43750132884334,1.6,-1381.0445012057137,True,ok
2025-10-15 13:30:04,2025-10-15T13:28:56.885000,27.46,438.0,1.240572975719483,34.60182464427489,9.200608214758297,27.564405873256078,29.056655009386144,9.160871887944625,1.6,-1430.7984351583266,True,ok
2025-10-15 13:45:04,2025-10-15T13:42:32.330000,27.1,438.0,1.1660885751566128,29.255768830495562,7.418589610165188,27.196775710315997,24.773515160764717,7.742097549230485,1.6,-1399.0809008220947,True,ok
2025-10-15 14:00:04,2025-10-15T13:59:08.933000,26.98,439.0,1.575114229372604,77.6431369594273,22.057254783770915,29.21558994215202,62.64479692556382,14.826449338491038,1.6,-1338.2222415465535,True,ok
2025-10-15 14:15:04,2025-10-15T14:14:15.062000,28.86,434.0,0.6982689145151364,19.0,4.0,24.88777386874205,16.55682351251732,0.9170243263811244,1.6,-1325.5030144447821,True,ok
2025-10-15 14:30:04,2025-10-15T14:29:21.091000,27.34,432.0,1.4831348560839064,63.385591042211736,17.51567731266352,28.76161042786824,51.34872034474971,13.50834522533934,1.6,-1429.0086376594438,True,ok
2025-10-15 14:45:04,2025-10-15T14:44:27.148000,28.59,432.0,1.6495186566381705,91.76408277973201,27.0292248339196,29.582825383565226,74.11740846008084,15.68585268697123,1.6,-1353.7395862940855,True,ok
2025-10-15 15:00:04,2025-10-15T14:59:33.204000,30.09,427.0,1.0793599178267974,23.252052987872244,5.417350995957415,26.768711979054284,19.963472867704382,6.141003237538391,1.6,-1392.1066754977242,True,ok
2025-10-15 15:15:04,2025-10-15T15:14:39.179000,28.09,426.0,1.300164902574245,40.30823457834224,10.992470373502671,27.858531752151187,33.562240404755926,10.294444829668375,1.6,-1371.6607607454046,True,ok
2025-10-15 15:30:04,2025-10-15T15:28:14.701000,28.03,426.0,0.9609736885213048,19.0,4.0,26.184397029339358,16.55682351251732,4.144727973539144,1.6,-1488.4481029815772,True,ok
2025-10-15 15:45:04,2025-10-15T15:44:51.347000,27.21,425.0,1.0595986225166423,21.896829344216655,4.965609781405552,26.67117681518266,18.87769812196119,5.78985723127086,1.6,-1419.573925028716,True,ok
2025-10-15 16:00:04,2025-10-15T15:58:26.782000,26.97,427.0,1.216503200361281,32.874236565191616,8.624745521730539,27.445605488611807,27.672550241072113,8.700790376440494,1.6,-1493.4097105506146,True,ok
2025-10-15 16:15:04,2025-10-15T16:12:02.237000,27.34,429.0,1.2100135793376632,32.40844942130163,8.469483140433878,27.413574883326632,27.29937204270228,8.576852051797747,1.6,-1437.7770523781228,True,ok
2025-10-15 16:30:04,2025-10-15T16:28:38.922000,27.47,430.0,1.1384288483950313,27.302982345239993,6.767660781746665,27.060256522682135,23.208986487253803,7.222786814187494,1.6,-1332.5051220245437,True,ok
2025-10-15 16:45:04,2025-10-15T16:43:44.957000,27.21,429.0,1.3358721644379867,44.90512418942237,12.37153725682671,28.034770889445863,37.153091999800694,10.962406802414172,1.6,-1475.0169999565985,True,ok
2025-10-15 17:00:04,2025-10-15T16:58:51.023000,27.78,430.0,0.9541851972298793,19.0,4.0,26.150891300076253,16.55682351251732,4.039044316420467,1.6,-1278.7124595587889,True,ok
2025-10-15 17:15:04,2025-10-15T17:13:57.059000,26.91,433.0,1.2078690072055367,32.25452454269102,8.418174847563673,27.402989990430772,27.176050887024843,8.535916050222625,1.6,-1283.6954013552559,True,ok
2025-10-15 17:30:04,2025-10-15T17:29:03.042000,26.75,437.0,1.3479165655195042,46.45569903928312,12.836709711784934,28.0942180367499,38.36432060086133,11.184663577824509,1.6,-1278.5155175577834,True,ok
2025-10-15 17:45:04,2025-10-15T17:44:09.100000,27.15,436.0,1.6198159816774156,86.07795135854595,25.323385407563784,29.436222884880127,69.67569769239448,15.36691196995232,1.6,-1430.4179660348814,True,ok
2025-10-15 18:00:04,2025-10-15T17:59:15.218000,28.71,432.0,1.4069556011857123,52.80902095353544,14.45225523838386,28.385615029110376,43.1526788138898,12.24360818301037,1.6,-1447.5143916221305,True,ok
2025-10-15 18:15:04,2025-10-15T18:14:21.202000,28.46,426.0,1.0517535626511643,21.358817516109127,4.786272505369708,26.63245621577089,18.44665512872166,5.652211660178541,1.6,-1342.8986687645113,True,ok
2025-10-15 18:30:05,2025-10-15T18:29:27.308000,27.21,423.0,1.193431884093983,31.218312055760663,8.072770685253554,27.331733165085087,26.34586071524043,8.260705282374936,1.6,-1332.343555103803,True,ok
2025-10-15 18:45:04,2025-10-15T18:44:33.316000,27.03,424.0,1.2974760413048079,39.962075343778736,10.888622603133621,27.84526042957711,33.291838775668346,10.24369406295147,1.6,-1383.3904928280308,True,ok
2025-10-15 19:00:04,2025-10-15T18:59:39.415000,27.34,425.0,1.1491725232809904,28.041633296176123,7.013877765392041,27.113283719236755,23.800777039462808,7.423732508970856,1.6,-1272.6279193351481,True,ok
2025-10-15 19:15:04,2025-10-15T19:14:45.452000,27.03,425.0,1.2274008381465777,33.656405440798956,8.885468480266319,27.499392594695703,28.29920637713981,8.909060311776958,1.6,-1236.9013976720546,True,ok
2025-10-15 19:30:04,2025-10-15T19:28:20.881000,27.09,425.0,1.4063746144637783,52.74744645562876,14.43686161390719,28.38274747239197,43.10642996564489,12.23347748345449,1.6,-1450.1357248911668,True,ok
2025-10-15 19:45:04,2025-10-15T19:44:57.565000,27.65,423.0,1.3860289583973024,50.591160417446886,13.897790104361722,28.282328098693338,41.48683501736579,11.874783430437049,1.6,-1365.186550749078,True,ok
2025-10-15 20:00:04,2025-10-15T19:58:33.024000,27.97,419.0,1.2738737706926786,36.991961467886135,9.997320489295378,27.728767492461117,30.97157895134731,9.796218612157306,1.6,-1453.1988936082917,True,ok
2025-10-15 20:15:04,2025-10-15T20:13:39.091000,27.65,416.0,1.3506450416303468,46.80695821832279,12.942087465496838,28.107684884970833,38.63870604189705,11.234760830823776,1.6,-1405.441232560183,True,ok
2025-10-15 20:30:04,2025-10-15T20:28:45.158000,27.71,415.0,1.3884491246174682,50.84765598650457,13.961913996626143,28.294273232105677,41.67948985097594,11.917836816952978,1.6,-1320.9473377685056,True,ok
2025-10-15 20:45:04,2025-10-15T20:43:51.199000,28.03,414.0,1.2655490993856293,36.39446511828084,9.798155039426947,27.687679690909302,30.49287829547236,9.637707579927913,1.6,-1254.6909984079982,True,ok
2025-10-15 21:00:04,2025-10-15T20:58:57.194000,27.62,413.0,1.2888449656649341,38.85092596209874,10.555277788629622,27.80266031841482,32.423866545071085,10.080445826977195,1.6,-1384.293039530927,True,ok
2025-10-15 21:15:04,2025-10-15T21:14:03.309000,27.59,415.0,1.4352072016992876,56.13579857058806,15.340739571176417,28.525055508212535,45.685558715259006,12.728026514586087,1.6,-1488.7776574867676,True,ok
2025-10-15 21:30:04,2025-10-15T21:29:09.338000,27.99,411.0,1.0152546643445417,19.0,4.0,26.452309824980365,16.55682351251732,5.02625079515145,1.6,-1377.401121928137,True,ok
2025-10-15 21:45:04,2025-10-15T21:42:44.779000,27.2,412.0,1.2436340447695997,34.82153032584164,9.273843441947214,27.57951428931583,29.232678266992544,9.219377237184494,1.6,-1312.391359420504,True,ok
2025-10-15 22:00:04,2025-10-15T21:56:17.734000,26.56,417.0,1.4505683961175009,58.45941471826356,16.03782441547907,28.60087324137876,47.50064705891662,12.984166359352171,1.6,-1303.4409046285668,True,ok
2025-10-15 22:15:04,2025-10-15T22:12:54.466000,27.84,416.0,1.3335540450601866,44.60669360895062,12.282008082685188,28.02332942521798,36.91997351827046,10.91943290973903,1.6,-1435.3286600087124,True,ok
2025-10-15 22:30:04,2025-10-15T22:29:31.114000,27.81,415.0,1.1432044302492361,27.63049030154815,6.876830100516051,27.083827202206006,23.47137850620513,7.311976706440189,1.6,-1322.7414518091464,True,ok
2025-10-15 22:45:04,2025-10-15T22:44:37.111000,27.34,415.0,1.5405327841076302,71.99465838581831,20.098397515745493,29.044907460163934,58.07367696065889,14.36150862129515,1.6,-1460.5337606956618,True,ok
2025-10-15 23:00:04,2025-10-15T22:59:43.177000,28.36,411.0,1.151699510450226,28.223005695569125,7.0743352318563755,27.125756085232226,23.94608853233536,7.471145653362453,1.6,-1413.4853104082135,True,ok
2025-10-15 23:15:04,2025-10-15T23:14:49.181000,27.47,410.0,1.2077742495424877,32.24772339034751,8.415907796782504,27.402522298204705,27.170601956517245,8.534107570152527,1.6,-1236.1975716708487,True,ok
2025-10-15 23:30:04,2025-10-15T23:29:55.310000,27.34,411.0,1.271400786020761,36.81446505276048,9.938155017586826,27.716561664784244,30.829372810017357,9.749160433987173,1.6,-1454.248545337063,True,ok
2025-10-15 23:45:04,2025-10-15T23:43:30.725000,27.35,411.0,1.2593132677729608,35.94689349798544,9.648964499328482,27.656901705525673,30.13429396549619,9.518801166283774,1.6,-1289.290901901048,True,ok
2025-10-16 00:00:04,2025-10-15T23:58:36.770000,27.47,410.0,1.406446778487136,52.75509458825799,14.438773647064497,28.383103649946797,43.1121745082291,12.234736163466753,1.6,-1276.9346168666336,True,ok
2025-10-16 00:15:04,2025-10-16T00:13:42.811000,27.91,410.0,1.2541641043138063,35.57731657934357,9.525772193114523,27.631487151777655,29.838197238768103,9.420527719554528,1.6,-1400.9932293416903,True,ok
2025-10-16 00:30:04,2025-10-16T00:28:48.892000,27.56,399.0,1.4080684747350554,52.92696621363764,14.48174155340941,28.39110780184111,43.24126796396196,12.262995315491281,1.6,-1417.7622087298412,True,ok
2025-10-16 00:45:04,2025-10-16T00:43:54.942000,27.81,399.0,1.3061522066091327,41.07902948895119,11.223708846685359,27.88808308828713,34.164345386250616,10.407253568660444,1.6,-1329.5675845298247,True,ok
2025-10-16 09:00:04,2025-10-16T08:59:03.687000,22.85,591.0,1.3222551659733999,43.15209593945971,11.845628781837913,27.967561925871465,35.78371730949617,10.709132444572802,1.6,-1348.5639369609921,True,ok
2025-10-16 09:15:04,2025-10-16T09:14:08.466000,24.25,606.0,1.4146209013802449,53.62140958990771,14.655352397476927,28.42344839473063,43.76286712295907,12.376654043077968,1.6,-1272.757689754885,True,ok
2025-10-16 09:30:04,2025-10-16T09:29:14.528000,25.62,580.0,1.5027419570562086,66.33745955368877,18.40123786610663,28.858384539907256,53.65456683000153,13.810498056453534,1.6,-1368.3290597508294,True,ok
2025-10-16 09:45:04,2025-10-16T09:44:20.608000,26.53,569.0,1.253122093548853,35.502527124559705,9.500842374853235,27.626344134120128,29.778277607323965,9.400632413712625,1.6,-1332.841119281024,True,ok
2025-10-16 10:00:04,2025-10-16T09:59:26.630000,26.1,562.0,1.568528132030453,76.4030049027497,21.561201961099876,29.18308316193043,61.601552676858276,14.74094545348543,1.6,-1348.4140234833428,True,ok
2025-10-16 10:15:04,2025-10-16T10:14:32.749000,27.4,549.0,1.5284270776993858,70.1824623187241,19.554738695617235,28.985157730210595,56.65808344229941,14.189692574319984,1.6,-1449.880289777502,True,ok
2025-10-16 10:30:04,2025-10-16T10:29:38.768000,28.15,539.0,1.6895623558737942,95.0,28.0,29.780467729660096,76.64513905509547,16.06247068385398,1.6,-1311.8328014382116,True,ok
2025-10-16 10:45:04,2025-10-16T10:44:44.785000,29.39,524.0,1.3061303018760086,41.07620951242889,11.222862853728667,27.887974973828975,34.16214256694239,10.406841374386696,1.6,-1531.4269736918848,True,ok
2025-10-16 11:00:04,2025-10-16T10:59:50.850000,28.15,513.0,1.196325267096569,31.425982210928364,8.141994070309455,27.346013938732327,26.512241379407005,8.315801657268795,1.6,-1331.4027487162448,True,ok
2025-10-16 11:15:04,2025-10-16T11:14:56.911000,27.21,508.0,1.3353549708171686,44.83854159926106,12.35156247977832,28.03221819420154,37.10108113586639,10.952824239145988,1.6,-1424.5737750550372,True,ok
2025-10-16 11:30:04,2025-10-16T11:28:32.428000,27.4,503.0,1.0673862406301777,22.430901834383846,5.143633944794615,26.70961390126188,19.305585006118207,5.927501378927274,1.6,-1407.2672157401355,True,ok
2025-10-16 11:45:04,2025-10-16T11:43:38.384000,26.83,500.0,1.4864158924188533,63.88189808718691,17.664569426156074,28.777804529093647,51.73640965096786,13.559640047352172,1.6,-1371.2959946010953,True,ok
2025-10-16 12:00:04,2025-10-16T11:58:44.509000,28.09,495.0,1.191427201390821,31.07442762440276,8.024809208134252,27.321838719761807,26.230583740399123,8.22255199219196,1.6,-1474.303549446111,True,ok
2025-10-16 12:15:04,2025-10-16T12:13:50.550000,27.56,492.0,1.4482286388401442,58.1054905608516,15.93164716825548,28.58932497969424,47.22417987508339,12.945502931092971,1.6,-1399.4296370771106,True,ok
2025-10-16 12:30:04,2025-10-16T12:28:56.532000,28.15,488.0,0.9430841057578441,19.0,4.0,26.09610001444011,16.55682351251732,3.8685316826004845,1.6,-1238.1580934893457,True,ok
2025-10-16 12:45:04,2025-10-16T12:44:02.614000,27.21,485.0,1.5078234921175258,67.09815352249747,18.62944605674924,28.883465302435525,54.24878147998,13.887050681806198,1.6,-1327.3685039894906,True,ok
2025-10-16 13:00:04,2025-10-16T12:59:08.693000,28.59,480.0,1.0595088333198055,21.890671628308453,4.963557209436151,26.670733645648983,18.872764698274338,5.7882760065563685,1.6,-1352.0547032255856,True,ok
2025-10-16 13:15:04,2025-10-16T13:14:14.713000,27.34,478.0,1.231022052492853,33.91631508446327,8.972105028154424,27.517265701146208,28.507440146220617,8.97828817994772,1.6,-1355.0766190540648,True,ok
2025-10-16 13:30:04,2025-10-16T13:29:20.768000,27.34,475.0,1.3437629577054495,45.92097093042418,12.676291279127256,28.073717213679153,37.94661875351151,11.108217017818943,1.6,-1300.7179476053352,True,ok
2025-10-16 13:45:04,2025-10-16T13:44:26.863000,27.97,473.0,1.0423162767397798,20.711611308301805,4.570537102767269,26.58587691955455,17.928128050910438,5.488030130241728,1.6,-1355.8707343307115,True,ok
2025-10-16 14:00:04,2025-10-16T13:59:32.872000,27.21,472.0,1.2350957576855388,34.20870188175781,9.06956729391927,27.537372151522924,28.741693881371525,9.056168518338001,1.6,-1455.4226792373945,True,ok
2025-10-16 14:15:04,2025-10-16T14:14:38.978000,27.28,470.0,1.2329756463142199,34.05653265388126,9.018844217960421,27.526907988785506,28.619779313631305,9.015636769275956,1.6,-1291.4436914146818,True,ok
2025-10-16 14:30:04,2025-10-16T14:29:45.011000,27.34,468.0,1.1931192350390714,31.195871930243737,8.06529064341458,27.330190033608808,26.327882190668753,8.254753797227083,1.6,-1393.9090940954045,True,ok
2025-10-16 14:45:04,2025-10-16T14:43:20.448000,27.34,462.0,1.5262132022848578,69.85105032309602,19.455315096928803,28.974230779423294,56.39920159091675,14.157782710843207,1.6,-1343.14531606762,True,ok
2025-10-16 15:00:04,2025-10-16T14:59:57.043000,28.83,457.0,1.3295559501755614,44.091985959022736,12.12759578770682,28.003596162108156,36.51791061441687,10.845174083594305,1.6,-1417.6641795325033,True,ok
2025-10-16 15:15:04,2025-10-16T15:13:32.546000,28.48,455.0,1.2414671017837682,34.6659997978386,9.221999932612867,27.56881898134607,29.10807070108387,9.177962073233314,1.6,-1369.3407927253782,True,ok
2025-10-16 15:30:04,2025-10-16T15:28:38.560000,28.21,452.0,1.4762911214695265,62.350371265192045,17.205111379557614,28.72783203598497,50.540060380722515,13.400431692710146,1.6,-1648.3808117514247,True,ok
2025-10-16 15:45:04,2025-10-16T15:43:44.640000,28.96,447.0,1.0683077920805168,22.494101553569404,5.164700517856469,26.714162371911915,19.356219201699865,5.943854182091174,1.6,-1336.7954276948685,True,ok
2025-10-16 16:00:04,2025-10-16T15:58:50.677000,27.9,444.0,1.2743905008137844,37.03096139403275,10.009288418209826,27.73131790002542,31.00220467692169,9.806047939583015,1.6,-1348.026985333442,True,ok
2025-10-16 16:15:04,2025-10-16T16:13:56.716000,27.58,443.0,1.1015640286121722,24.774804176516454,5.924934725505485,26.87830406550837,21.183466919918907,6.542486401594005,1.6,-1247.874158313893,True,ok
2025-10-16 16:30:04,2025-10-16T16:29:02.826000,27.22,441.0,0.9774211995496573,19.0,4.0,26.26557645904032,16.55682351251732,4.405120757446212,1.6,-1374.1983446094155,True,ok
2025-10-16 16:45:04,2025-10-16T16:44:08.814000,26.78,440.0,1.3123620395002071,41.8784723701347,11.46354171104041,27.918732752650733,34.78882867558731,10.523944885221193,1.6,-1347.10037040202,True,ok
2025-10-16 17:00:04,2025-10-16T16:59:14.896000,27.47,438.0,1.293464054413076,39.445579261475686,10.733673778442705,27.82545860015276,32.88837884125925,10.16787376243931,1.6,-1391.4993838157554,True,ok
2025-10-16 17:15:04,2025-10-16T17:14:20.942000,27.62,437.0,1.1583278876222123,28.69875194644094,7.232917315480313,27.158471544594875,24.32724574354315,7.595762591926238,1.6,-1395.192353496232,True,ok
2025-10-16 17:30:04,2025-10-16T17:27:56.422000,27.34,437.0,1.0969885747670867,24.46102093842435,5.820340312808117,26.855721151101026,20.9320708369529,6.459197666757825,1.6,-1338.3656220165494,True,ok
2025-10-16 17:45:04,2025-10-16T17:44:33.024000,27.17,437.0,1.1123068496318307,25.511543586403203,6.170514528801068,26.931327047663668,21.773725988371275,6.739101547451754,1.6,-1326.0069652793693,True,ok
2025-10-16 18:00:04,2025-10-16T17:59:39.088000,27.1,438.0,1.2556443479302324,35.68355983204619,9.561186610682064,27.638793140652982,29.9233169466703,9.448785797127352,1.6,-1380.3607902680276,True,ok
2025-10-16 18:15:04,2025-10-16T18:14:45.180000,27.47,434.0,1.2313688624409302,33.941207079635205,8.980402359878402,27.518977439399553,28.52738305369229,8.984918435903282,1.6,-1450.636220528026,True,ok
2025-10-16 18:30:04,2025-10-16T18:29:51.209000,27.47,432.0,1.0556143443775876,21.623588756886726,4.874529585628909,26.651511746921514,18.658783900220918,5.719821542096013,1.6,-1309.582185143948,True,ok
2025-10-16 18:45:04,2025-10-16T18:44:57.269000,27.03,432.0,1.2064467877341953,32.152445924674666,8.384148641558223,27.39597038938633,27.094267790897952,8.50877508200547,1.6,-1417.1604746051373,True,ok
2025-10-16 19:00:04,2025-10-16T18:58:32.711000,27.35,430.0,1.1234145576682937,26.273306837322387,6.424435612440796,26.986150990455407,22.38403359623757,6.943861966993573,1.6,-1437.298658787932,True,ok
2025-10-16 19:15:04,2025-10-16T19:13:38.687000,27.19,430.0,1.2293830517439541,33.79867717080317,8.932892390267723,27.509176140005575,28.4131912918769,8.94695434857016,1.6,-1520.300263801887,True,ok
2025-10-16 19:30:04,2025-10-16T19:28:44.758000,27.28,426.0,1.2752775337814963,37.104278825950146,10.031283647785045,27.735695998956054,31.0594764497114,9.82291833691703,1.6,-1361.777842667936,True,ok
2025-10-16 19:45:04,2025-10-16T19:43:50.836000,27.59,425.0,1.4117400549278203,53.31608992052901,14.579022480132252,28.40922949731444,43.53354031502179,12.326786737241036,1.6,-1527.2025758596353,True,ok
2025-10-16 20:00:04,2025-10-16T19:58:56.857000,28.09,421.0,1.236393926778878,34.30187688721223,9.100625629070743,27.543779481268505,28.81634360308388,9.080985995101516,1.6,-1277.1179791348225,True,ok
2025-10-16 20:15:04,2025-10-16T20:14:02.887000,27.83,419.0,1.3282579569673303,43.92488461372947,12.077465384118842,27.99718970047282,36.38737971569044,10.821028294051874,1.6,-1333.873539657075,True,ok
2025-10-16 20:30:04,2025-10-16T20:29:09.002000,28.12,418.0,1.2547675870804225,35.62063105228828,9.540210350762761,27.63446574147088,29.872899821672934,9.432048950403686,1.6,-1385.3649357021734,True,ok
2025-10-16 20:45:04,2025-10-16T20:44:14.974000,27.87,415.0,1.5874638169784858,79.96850791603096,22.98740316641238,29.27654338837008,64.60098365867908,14.982789714742655,1.6,-1374.9677698211674,True,ok
2025-10-16 21:00:04,2025-10-16T20:59:21.120000,29.22,410.0,1.478453024666547,62.67739226639441,17.303217679918326,28.738502469237776,50.79551221514338,13.43465429380375,1.6,-1303.7516633518521,True,ok
2025-10-16 21:15:04,2025-10-16T21:14:27.136000,29.35,404.0,1.2540860996341099,35.57171785842695,9.523905952808983,27.631102146690814,29.833711669313796,9.419038449931104,1.6,-1339.422598130917,True,ok
2025-10-16 21:30:04,2025-10-16T21:29:33.181000,28.46,402.0,1.2917616247226018,39.22641148021039,10.667923444063117,27.8170559749081,32.71717634489258,10.135667180307719,1.6,-1376.2865314209175,True,ok
2025-10-16 21:45:04,2025-10-16T21:44:39.258000,28.34,400.0,1.245904354692148,34.9844799296352,9.328159976545066,27.59071978201556,29.36322982979635,9.262761763572568,1.6,-1370.9483880525402,True,ok
2025-10-16 22:00:04,2025-10-16T21:59:45.278000,27.97,399.0,1.3168294235604172,42.453595476841954,11.636078643052587,27.940782270637854,35.2380849988388,10.607683050951676,1.6,-1347.4616998147521,True,ok
2025-10-16 22:15:04,2025-10-16T22:14:51.301000,28.18,398.0,1.321968892789273,43.11524163707535,11.834572491122605,27.966148976897845,35.75492864113612,10.703786954412417,1.6,-1294.514053102643,True,ok
2025-10-16 22:30:04,2025-10-16T22:29:57.442000,28.34,395.0,1.2420205483494415,34.70572296413484,9.235240988044946,27.57155060903696,29.13989600976065,9.18854017166233,1.6,-1354.0346168803474,True,ok
2025-10-16 22:45:04,2025-10-16T22:43:32.815000,28.03,395.0,1.3956094196233997,51.60652284732769,14.151630711831922,28.329614060518573,42.24947774332525,12.04461736555259,1.6,-1404.0392934286367,True,ok
2025-10-16 23:00:04,2025-10-16T22:58:38.920000,28.4,394.0,1.3661150493902323,48.48063206597615,13.370158016494038,28.184039684505677,39.90160884805666,11.516889925800507,1.6,-1348.0164138257792,True,ok
2025-10-16 23:15:04,2025-10-16T23:13:45.002000,28.59,392.0,1.2364333669512235,34.30470767273337,9.101569224244457,27.543974144807127,28.81861156486558,9.081739974046062,1.6,-1510.4091432991952,True,ok
2025-10-16 23:30:04,2025-10-16T23:28:51.014000,28.03,390.0,1.109065987021479,25.2892862107376,6.096428736912534,26.915331230546172,21.595658370762475,6.679635072906839,1.6,-1425.6843103223348,True,ok
2025-10-16 23:45:04,2025-10-16T23:43:57.013000,27.53,390.0,1.3444834008914295,46.013719509400715,12.704115852820214,28.077273080999685,38.01906912994719,11.121492192823029,1.6,-1394.4758599104357,True,ok
2025-10-17 00:00:04,2025-10-16T23:59:03.111000,28.09,391.0,1.5117576961823986,67.68709471213785,18.806128413641353,28.902883221764657,54.70883177248872,13.945807866107153,1.6,-1264.6890984464558,True,ok
2025-10-17 00:15:04,2025-10-17T00:14:09.108000,29.03,389.0,1.372766462195213,49.185566255303975,13.546391563825994,28.21686884007111,40.43108769812018,11.637125723095114,1.6,-1368.1121937293055,True,ok
2025-10-17 00:30:04,2025-10-17T00:29:15.219000,28.78,386.0,1.4203970393498402,54.23357985454582,14.808394963636456,28.451957485585627,44.222670623301056,12.47613637848432,1.6,-1517.1915169398635,True,ok
2025-10-17 00:45:04,2025-10-17T00:44:21.289000,28.89,384.0,1.3438345785758594,45.930191274352545,12.679057382305764,28.07407071041216,37.95382120767143,11.109537020797015,1.6,-1376.0327774257735,True,ok
2025-10-17 09:00:04,2025-10-17T08:59:32.360000,23.66,679.0,1.030932520172733,19.930916732812456,4.310305577604152,26.52969049326948,17.302653090985327,5.292104779374803,1.6,-1388.580582654328,True,"red_error:HTTPConnectionPool(host='192.168.50.94', port=80): Max retries exceeded with url: /rpc/Light.Set (Caused by ConnectTimeoutError(<urllib3.connection.HTTPConnection object at 0x7fff1d200bd0>, 'Connection to 192.168.50.94 timed out. (connect timeout=5)'))|blue_error:HTTPConnectionPool(host='192.168.50.69', port=80): Max retries exceeded with url: /rpc/Light.Set (Caused by ConnectTimeoutError(<urllib3.connection.HTTPConnection object at 0x7fff1d24cb50>, 'Connection to 192.168.50.69 timed out. (connect timeout=5)'))"
2025-10-17 09:15:04,2025-10-17T09:14:37.213000,25.71,663.0,1.5376259101967156,71.55950612858939,19.967851838576816,29.030560099891982,57.73375860082022,14.320667352323174,1.6,-1526.137988752098,True,ok
2025-10-17 09:30:04,2025-10-17T09:29:43.262000,27.38,631.0,1.1632519627275428,29.05217333595885,7.350724445319617,27.182775137288406,24.61039902318113,7.688559480994214,1.6,-1449.7310751487078,True,ok
2025-10-17 09:45:04,2025-10-17T09:44:49.346000,26.85,620.0,1.3103323127640656,41.617168947253795,11.385150684176137,27.908714698332076,34.58471200274381,10.48583987416425,1.6,-1366.517971564048,True,ok
2025-10-17 10:00:04,2025-10-17T09:59:55.445000,27.21,606.0,1.3000695017541366,40.295952845833085,10.988785853749924,27.858060885516345,33.552646552716475,10.292645108513517,1.6,-1408.725700345424,True,ok
2025-10-17 10:15:04,2025-10-17T10:13:30.905000,27.53,594.0,1.1415491623513945,27.51697253074766,6.838990843582552,27.075657351842782,23.38043061778446,7.281038194783416,1.6,-1387.9519592505912,True,ok
2025-10-17 10:30:04,2025-10-17T10:28:36.897000,27.21,587.0,1.2349010592476672,34.194727563540155,9.064909187846718,27.536411184959483,28.73049797147079,9.052446362812288,1.6,-1329.33032256774,True,ok
2025-10-17 10:45:04,2025-10-17T10:43:42.940000,27.48,576.0,1.3487724585399101,46.56588518989622,12.869765556968867,28.098442439284838,38.45039230328534,11.200388923233731,1.6,-1384.6335688072159,True,ok
2025-10-17 11:00:04,2025-10-17T10:58:49.067000,28.12,561.0,1.5947676280325043,81.34378218749295,23.537512874997176,29.31259256413818,65.75791446001585,15.072764065474795,1.6,-1547.2027685991718,True,ok
2025-10-17 11:15:04,2025-10-17T11:13:55.095000,29.61,549.0,1.3541261281428318,47.21001472072239,13.052503680180598,28.124866367162035,38.94724314836315,11.298534469065627,1.6,-1601.0889080527863,True,ok
2025-10-17 11:30:04,2025-10-17T11:29:01.070000,29.21,537.0,1.5032095494777105,66.40745705062722,18.422237115188164,28.860692420172214,53.709245241883494,13.817573094225871,1.6,-1512.6926523055347,True,ok
2025-10-17 11:45:04,2025-10-17T11:44:07.175000,29.64,526.0,1.2336026526111707,34.10153550862346,9.033845169541156,27.530002682780093,28.65583459011219,9.027623792751621,1.6,-1568.6923374320459,True,ok
2025-10-17 12:00:04,2025-10-17T11:59:13.187000,28.86,518.0,1.4880674719079923,64.13172480414994,17.739517441244985,28.785956174701486,51.93156131676579,13.585350717501502,1.6,-1349.0613023594851,True,ok
2025-10-17 12:15:04,2025-10-17T12:14:19.244000,29.82,510.0,1.6824283871842503,95.0,28.0,29.745256839165883,76.64513905509547,15.999957748872147,1.6,-1396.1290068599315,True,ok
2025-10-17 12:30:04,2025-10-17T12:29:25.334000,31.26,496.0,1.586874544697795,79.85755063625933,22.943020254503733,29.273634936896624,64.5076423541378,14.97544935508606,1.6,-1458.3172308333476,True,ok
2025-10-17 12:45:04,2025-10-17T12:44:31.368000,31.39,484.0,0.8440924646172916,19.0,4.0,25.607510284413493,16.55682351251732,2.4831899242907998,1.6,-1471.7229164113473,True,ok
2025-10-17 13:00:04,2025-10-17T12:59:37.411000,29.36,482.0,1.6008108125170817,82.48168623208964,23.992674492835857,29.342419707539392,66.71516078206048,15.145788976565132,1.6,-1555.778466933965,True,ok
2025-10-17 13:15:04,2025-10-17T13:14:43.443000,30.96,475.0,1.207827824611482,32.25156869630293,8.41718956543431,27.402786726879636,27.173682729285336,8.535130064429335,1.6,-1495.234473437532,True,ok
2025-10-17 13:30:04,2025-10-17T13:29:49.507000,29.81,469.0,1.3743958441382416,49.3582524308266,13.58956310770665,28.22491092599354,40.560792965678246,11.666475943068313,1.6,-1400.978076345298,True,ok
2025-10-17 13:45:04,2025-10-17T13:44:55.572000,29.96,462.0,1.0034656798207555,19.0,4.0,26.394123328631785,16.55682351251732,4.829519054478044,1.6,-1371.2705619056633,True,ok
2025-10-17 14:00:04,2025-10-17T13:58:31.072000,28.96,461.0,1.3325190395902844,44.473448839016704,12.24203465170501,28.01822098336078,36.81588961912802,10.900226128284334,1.6,-1584.442553615794,True,ok
2025-10-17 14:15:04,2025-10-17T14:13:37.024000,29.46,457.0,1.3221318469579737,43.13622006796264,11.840866020388791,27.96695326433439,35.77131590260778,10.706829847066995,1.6,-1535.0296013043012,True,ok
2025-10-17 14:30:04,2025-10-17T14:28:43.097000,29.82,455.0,1.2306359188264182,33.888600662158204,8.962866887386067,27.51535987413229,28.485235973519984,8.970906160734046,1.6,-1487.3565650203018,True,ok
2025-10-17 14:45:04,2025-10-17T14:43:49.182000,29.59,450.0,1.288427812798155,38.79722244131782,10.539166732395346,27.800601390971945,32.381916141739474,10.072543428178292,1.6,-1353.3649273261976,True,ok
2025-10-17 15:00:04,2025-10-17T14:57:24.611000,29.64,449.0,1.415428074020611,53.70695586519798,14.676738966299496,28.427432329716428,43.827121267748254,12.390596510747248,1.6,-1483.4089313812096,True,ok
2025-10-17 15:15:04,2025-10-17T15:14:01.293000,30.33,443.0,1.0735808603900923,22.855726980222244,5.285242326740748,26.740188478683187,19.645945371632333,6.037680982533977,1.6,-1415.0974375693982,True,ok
2025-10-17 15:30:04,2025-10-17T15:29:07.272000,29.34,440.0,1.0832367730877421,23.517926546776195,5.505975515592064,26.787846843811277,20.17648479172903,6.2105973154122935,1.6,-1461.149349800831,True,ok
2025-10-17 15:45:04,2025-10-17T15:44:13.401000,29.34,441.0,1.3619250036047024,48.03656001456818,13.259140003642045,28.16335901575866,39.56806457869863,11.440808809951626,1.6,-1467.0196059341017,True,ok
2025-10-17 16:00:04,2025-10-17T15:59:19.471000,29.83,439.0,1.4018941698507614,52.27259717417381,14.318149293543453,28.360633491871482,42.749768797404506,12.155136297756133,1.6,-1491.731569196547,True,ok
2025-10-17 16:15:04,2025-10-17T16:14:25.443000,30.46,435.0,1.0971097595920694,24.46933175699627,5.8231105856654235,26.856319278985758,20.938729278136456,6.461400045063391,1.6,-1442.1375736331388,True,ok
2025-10-17 16:30:04,2025-10-17T16:29:31.528000,29.61,431.0,1.3723235376937275,49.13862395393994,13.534655988484985,28.21468271243337,40.39582915041197,11.629140123560349,1.6,-1454.9838049115526,True,ok
2025-10-17 16:45:04,2025-10-17T16:44:37.581000,30.33,428.0,1.4778325359597,62.58353383719762,17.275060151159284,28.735439943894526,50.72219488131458,13.4248445630538,1.6,-1431.0378480708773,True,ok
2025-10-17 17:00:04,2025-10-17T16:59:43.612000,31.11,424.0,1.7474382460963986,95.0,28.0,30.066123823983887,76.64513905509547,16.49438176434804,1.6,-1450.9431471375663,True,ok
2025-10-17 17:15:04,2025-10-17T17:14:49.672000,32.52,422.0,1.4803195742722899,62.95973650905297,17.38792095271589,28.7477151356553,51.01606488442185,13.464102840125808,1.6,-1544.536530481671,True,ok
2025-10-17 17:30:04,2025-10-17T17:28:25.102000,32.08,415.0,1.4310211578666834,55.502595267543875,15.150778580263163,28.504394591770634,45.19093315687202,12.657307566802322,1.6,-1467.384288722091,True,ok
2025-10-17 17:45:04,2025-10-17T17:43:31.213000,31.7,414.0,1.6979562998376208,95.0,28.0,29.82189743794548,76.64513905509547,16.133444904207316,1.6,-1429.5738834212234,True,ok
2025-10-17 18:00:04,2025-10-17T17:58:37.256000,32.8,408.0,1.390999845489973,51.117988080328956,14.029497020082239,28.306862739746034,41.8825373529135,11.963103381762199,1.6,-1499.0141254982836,True,ok
2025-10-17 18:15:04,2025-10-17T18:13:43.274000,31.33,403.0,0.8005572467784721,19.0,4.0,25.392634966806447,16.55682351251732,1.9553283406209152,1.6,-1544.988897437785,True,ok
2025-10-17 18:30:04,2025-10-17T18:28:49.371000,29.71,402.0,1.4016168207740218,52.24320299096723,14.310800747741807,28.359264589316012,42.72769071045908,12.15027440002368,1.6,-1503.896053683072,True,ok
2025-10-17 18:45:04,2025-10-17T18:43:55.371000,30.09,402.0,1.5009333762699657,66.06671922038451,18.320015766115358,28.84945798825198,53.443078532491576,13.783074414095854,1.6,-1420.5829535158691,True,ok
2025-10-17 19:00:04,2025-10-17T18:59:01.455000,30.58,402.0,1.244018345337821,34.8491131790492,9.283037726349733,27.581411068768247,29.254777029487215,9.226721516290661,1.6,-1484.043391217514,True,ok
2025-10-17 19:15:04,2025-10-17T19:14:07.458000,29.64,401.0,0.8994207283252972,19.0,4.0,25.88059214381568,16.55682351251732,3.2267468219704787,1.6,-1461.8484298185758,True,ok
2025-10-17 19:30:04,2025-10-17T19:27:42.881000,28.93,402.0,1.455112228080205,59.14673896098941,16.244021688296822,28.623300080719588,48.0375490866173,13.058880815135756,1.6,-1430.9112002088539,True,ok
2025-10-17 19:45:04,2025-10-17T19:44:19.557000,29.89,403.0,1.406882212827867,52.80124306272329,14.450310765680822,28.385252808648794,43.1468368094226,12.242328863001083,1.6,-1511.1050394868766,True,ok
2025-10-17 20:00:04,2025-10-17T19:59:25.588000,30.02,402.0,1.6171557349702446,85.56868704448203,25.17060611334461,29.423092794243328,69.27788684001987,15.336748858850994,1.6,-1397.3818369043584,True,ok
2025-10-17 20:15:04,2025-10-17T20:14:31.625000,31.33,400.0,1.3123643610182896,41.87877123825839,11.463631371477517,27.918744210889834,34.78906213585489,10.523988447410037,1.6,-1401.4331283828942,True,ok
2025-10-17 20:30:04,2025-10-17T20:29:37.721000,30.14,395.0,1.638723102035251,89.69743584244787,26.409230752734363,29.529542126027966,72.50305112740662,15.573757167315467,1.6,-1532.7040407431168,True,ok
2025-10-17 20:45:04,2025-10-17T20:44:43.715000,31.37,393.0,1.3440042418807763,45.9520334275462,12.68561002826386,28.074908111907774,37.97088316418341,11.112663733927093,1.6,-1415.817312592517,True,ok
2025-10-17 21:00:04,2025-10-17T20:59:49.824000,30.2,389.0,1.191356560272051,31.06935741693868,8.02311913897956,27.321490058756183,26.226521604052884,8.221207859890423,1.6,-1513.3382018020595,True,ok
2025-10-17 21:15:04,2025-10-17T21:14:55.850000,29.36,390.0,1.2985608767609285,40.101735137828534,10.93052054134856,27.85061481562953,33.40093375872353,10.264176127772801,1.6,-1419.1491737897798,True,ok
2025-10-17 21:30:04,2025-10-17T21:28:31.297000,29.22,387.0,1.1623820853234061,28.989738609781057,7.329912869927019,27.17848171249873,24.56037772281599,7.672153042980977,1.6,-1516.9884204611728,True,ok
2025-10-17 21:45:04,2025-10-17T21:42:06.763000,28.6,385.0,0.9242363316265974,19.0,4.0,26.003073686476586,16.55682351251732,3.5857528361496787,1.6,-1462.4051912952864,True,ok
2025-10-17 22:00:04,2025-10-17T21:58:43.460000,27.84,388.0,1.0291065170846088,19.805689994404144,4.268563331468048,26.520677950941913,17.20232424069404,5.260899742100246,1.6,-1521.3655034167166,True,ok
2025-10-17 22:15:04,2025-10-17T22:13:49.480000,27.56,391.0,1.301453209483597,40.47408892668411,11.042226678005232,27.864890405445337,33.6917972141805,10.318741797400062,1.6,-1399.6132834193115,True,ok
2025-10-17 22:30:04,2025-10-17T22:28:55.561000,28.09,392.0,1.3371906489236942,45.07486354546281,12.422459063638843,28.04127848919362,37.28568357561547,10.986821734755795,1.6,-1437.8106767412871,True,ok
2025-10-17 22:45:04,2025-10-17T22:42:31.020000,28.59,394.0,1.4743893702105024,62.062702232822325,17.1188106698467,28.71844562594551,50.31534826206734,13.370226570091521,1.6,-1612.8844488404404,True,ok
2025-10-17 23:00:04,2025-10-17T22:59:07.600000,29.18,391.0,1.2163311399080627,32.86188706946771,8.620629023155903,27.444756255591546,27.66265610246078,8.697503315805193,1.6,-1485.8923233222665,True,ok
2025-10-17 23:15:04,2025-10-17T23:14:13.657000,28.34,388.0,1.5422092345316736,72.24561911150226,20.17368573345068,29.05318186041277,58.269714455216885,14.384941683420845,1.6,-1576.7096481591375,True,ok
2025-10-17 23:30:04,2025-10-17T23:29:19.729000,29.61,388.0,1.0750692949336145,22.95780337014282,5.319267790047606,26.747534895243238,19.72772668265893,6.06424369569314,1.6,-1631.6869598241374,True,ok
2025-10-17 23:45:04,2025-10-17T23:44:25.816000,28.21,387.0,1.7297131801174364,95.0,28.0,29.97863880907168,76.64513905509547,16.37646139728629,1.6,-1463.7441343132973,True,ok
2025-10-18 00:00:04,2025-10-17T23:59:31.892000,30.2,386.0,0.6858770090278781,19.0,4.0,24.826611555573223,16.55682351251732,0.8102642701098208,1.6,-1367.098445036569,True,ok
2025-10-18 00:15:04,2025-10-18T00:14:37.892000,28.34,386.0,1.1699196490666264,29.53074096955922,7.510246989853072,27.215684613591456,24.993816662864383,7.814493560247788,1.6,-1376.077424056101,True,ok
2025-10-18 00:30:04,2025-10-18T00:29:43.905000,27.87,385.0,1.2335790023542086,34.099838031127845,9.033279343709282,27.529885952998356,28.65447460926708,9.027171651044219,1.6,-1503.0854132138759,True,ok
2025-10-18 00:45:04,2025-10-18T00:44:50.031000,27.9,387.0,1.5533225076246564,73.90925022169768,20.672775066509303,29.10803327046772,59.56925673946321,14.538016183190313,1.6,-1533.312839037952,True,ok
2025-10-18 09:00:04,2025-10-18T08:58:32.929000,21.73,553.0,1.1390065668743858,27.342602103474952,6.7808673678249844,27.063107948445026,23.240728947714373,7.233564894176759,1.6,-1395.2410750928473,True,ok
2025-10-18 09:15:04,2025-10-18T09:13:38.978000,22.85,516.0,1.291309235440282,39.16817168573957,10.650451505721872,27.81482313226837,32.67168243997771,10.127105649149579,1.6,-1440.5688705252412,True,ok
2025-10-18 09:30:04,2025-10-18T09:28:45.111000,23.57,489.0,1.2155284824975303,32.80427700234463,8.601425667448208,27.44079460627452,27.616500210571164,8.682169953420836,1.6,-1453.77916945818,True,ok
2025-10-18 09:45:04,2025-10-18T09:43:51.084000,23.79,480.0,1.0671075676303339,22.411790524507172,5.137263508169058,26.708238464263452,19.29027345387419,5.9225590247863025,1.6,-1338.4492458158445,True,ok
2025-10-18 10:00:04,2025-10-18T09:58:57.213000,23.48,474.0,0.7637435230525504,19.0,4.0,25.21093470273078,16.55682351251732,1.5490498803884014,1.6,-1356.799451346661,True,ok
2025-10-18 10:15:04,2025-10-18T10:14:03.200000,23.1,466.0,1.1370675495990905,27.209624886359713,6.73654162878657,27.053537605776313,23.134190587954446,7.197402841149179,1.6,-1497.2193308107505,True,ok
2025-10-18 10:30:04,2025-10-18T10:29:09.217000,23.36,462.0,1.20706826887891,32.1970522162169,8.399017405405635,27.39903781307195,27.130005349849608,8.52063445999462,1.6,-1414.0470301195894,True,ok
2025-10-18 10:45:04,2025-10-18T10:44:15.365000,23.7,457.0,1.277414063612081,37.37933188993068,10.113799566979203,27.74624119773336,31.2743336286038,9.863537364031615,1.6,-1480.800699180756,True,ok
2025-10-18 11:00:04,2025-10-18T10:59:21.410000,23.86,457.0,1.2804234760577111,37.766758314828856,10.230027494448656,27.761094654019246,31.576971045098386,9.920712621585539,1.6,-1610.481294486476,True,ok
2025-10-18 11:15:04,2025-10-18T11:14:27.405000,24.1,456.0,1.3408119981856148,45.541069631601246,12.562320889480375,28.059152261542756,37.64985957496831,11.05377488793664,1.6,-1371.559596770594,True,ok
2025-10-18 11:30:04,2025-10-18T11:29:33.446000,24.48,455.0,1.4652478592809237,60.679908562498376,16.703972568749514,28.673326176407578,49.235181610962165,13.223739192682078,1.6,-1550.8416327214802,True,ok
2025-10-18 11:45:04,2025-10-18T11:44:39.517000,25.12,453.0,1.575021111379298,77.62560326647484,22.05024130658994,29.215130342789028,62.63004694451727,14.82525066335204,1.6,-1461.0068632752298,True,ok
2025-10-18 12:00:04,2025-10-18T11:59:45.631000,26.1,451.0,1.3734181339485518,49.25463213839032,13.56365803459758,28.220085274533268,40.48296335532167,11.648869331672945,1.6,-1491.442825744657,True,ok
2025-10-18 12:15:04,2025-10-18T12:14:51.664000,25.32,449.0,1.3783137742000977,49.773484943523684,13.693371235880921,28.24424852227066,40.87267574375924,11.736878211722663,1.6,-1423.7192152933342,True,ok
2025-10-18 12:30:04,2025-10-18T12:29:57.704000,25.29,449.0,1.302092308932455,40.55636545710284,11.066909637130854,27.868044787205047,33.75606736976064,10.330790264156125,1.6,-1482.486406673334,True,ok
2025-10-18 12:45:04,2025-10-18T12:43:33.144000,24.93,451.0,1.4934601493453938,64.94744993799074,17.984234981397222,28.81257263224177,52.568763456862875,13.668783003706167,1.6,-1410.2677543595837,True,ok
2025-10-18 13:00:04,2025-10-18T12:58:39.112000,25.65,453.0,1.2831219197670234,38.114151175719655,10.334245352715895,27.774413272321098,31.848336319050176,9.9719390700564,1.6,-1437.1540129514128,True,ok
2025-10-18 13:15:04,2025-10-18T13:13:45.192000,25.1,453.0,1.1178025902530175,25.888439812704895,6.296146604234965,26.95845219071074,22.075686780008912,6.840231609961043,1.6,-1430.2137448352998,True,ok
2025-10-18 13:30:04,2025-10-18T13:28:51.319000,24.35,454.0,1.203126342691924,31.914123747300284,8.30470791576676,27.379581779923154,26.9033294149664,8.44543176477381,1.6,-1315.620136798953,True,ok
2025-10-18 13:45:04,2025-10-18T13:43:57.324000,24.35,455.0,1.5282982189246999,70.1631724601383,19.548951738041488,28.98452172626915,56.643015205876225,14.187839354025783,1.6,-1455.163643295572,True,ok
2025-10-18 14:00:04,2025-10-18T13:59:03.427000,25.6,455.0,1.1910925602048774,31.05040903199785,8.01680301066595,27.32018704246045,26.21134058360826,8.216184760838866,1.6,-1412.2774245006801,True,ok
2025-10-18 14:15:04,2025-10-18T14:14:09.520000,24.84,454.0,1.2136232683086519,32.66753184075402,8.555843946918007,27.43139110436808,27.506943058323472,8.645778976243076,1.6,-1484.543789413158,True,ok
2025-10-18 14:30:04,2025-10-18T14:29:15.535000,24.66,453.0,1.151159382886494,28.184238489544104,7.061412829848034,27.123090195693443,23.915029117557552,7.461006835911955,1.6,-1384.206422523966,True,ok
2025-10-18 14:45:04,2025-10-18T14:44:21.637000,24.35,457.0,1.330699266949017,44.23917453422425,12.171752360267275,28.00923919244124,36.63288669057949,10.866427464274912,1.6,-835.2465943617248,True,ok
2025-10-18 15:00:04,2025-10-18T14:59:27.579000,24.79,455.0,1.3326363911221144,44.48855646725132,12.246566940175397,28.018800191388795,36.82769091425003,10.902404442862514,1.6,-899.3858277208583,True,ok
2025-10-18 15:15:04,2025-10-18T15:14:33.705000,24.83,456.0,1.2098649155630403,32.39777920269727,8.465926400899091,27.412841128509854,27.290823303203517,8.574013959625692,1.6,-812.4043159072247,True,ok
2025-10-18 15:30:04,2025-10-18T15:29:39.791000,24.6,456.0,1.358691028915702,47.69381488769977,13.173453721924943,28.147397195124046,39.31062736202426,11.381914725241609,1.6,-891.0979384306638,True,ok
2025-10-18 15:45:04,2025-10-18T15:44:45.784000,24.98,456.0,1.6034271976301229,82.97433960217128,24.189735840868515,29.355333311974046,67.1295987382246,15.177002457465324,1.6,-929.7342663669791,True,ok
2025-10-18 16:00:04,2025-10-18T15:59:51.814000,26.35,454.0,1.3003574670387845,40.333024986239735,10.99990749587192,27.859482186133874,33.58160538483419,10.298077318997684,1.6,-873.1120965751184,True,ok
2025-10-18 16:15:04,2025-10-18T16:14:57.923000,25.55,454.0,1.3986468287945635,51.92843544462251,14.232108861155627,28.34460569930565,42.49126756486753,12.098121372622328,1.6,-882.1653854182185,True,ok
2025-10-18 16:30:04,2025-10-18T16:28:33.358000,25.65,453.0,1.3421448445207278,45.71265790668175,12.613797372004525,28.065730746589946,37.78389543038208,11.078377672743663,1.6,-845.3405224359738,True,ok
2025-10-18 16:45:04,2025-10-18T16:43:39.356000,25.35,454.0,1.0503666349782397,21.2637024366122,4.754567478870733,26.625610803274714,18.37045106325941,5.627985955692656,1.6,-896.7109478323121,True,ok
2025-10-18 17:00:04,2025-10-18T16:58:45.495000,24.59,455.0,1.571074145875914,76.882407684469,21.7529630737876,29.195649437254946,62.00484375553743,14.774172569557312,1.6,-881.9741866893672,True,ok
2025-10-18 17:15:04,2025-10-18T17:13:51.477000,26.1,454.0,1.2639463720917654,36.279430701644415,9.75981023388147,27.67976916344665,30.400715304470946,9.607158845693673,1.6,-810.3362926947685,True,ok
2025-10-18 17:30:04,2025-10-18T17:28:57.572000,25.35,455.0,1.544159473005912,72.53756527091878,20.26126958127563,29.062807587177545,58.4977676435469,14.412089828599113,1.6,-857.3105994240333,True,ok
2025-10-18 17:45:04,2025-10-18T17:44:03.590000,26.1,454.0,1.5157367955647434,68.28275662628697,18.984826987886088,28.92252272940964,55.17413194619187,14.004776100023063,1.6,-866.6658533890735,True,ok
2025-10-18 18:00:04,2025-10-18T17:59:09.710000,26.56,452.0,1.210550614336906,32.446994661086194,8.4823315536954,27.416225508998373,27.330253623113467,8.587104855048825,1.6,-879.7206900755457,True,ok
2025-10-18 18:15:04,2025-10-18T18:14:15.733000,25.35,454.0,1.195486789532568,31.365801182123988,8.121933727374662,27.34187549308269,26.46402569076068,8.29983176455182,1.6,-846.8273771634863,True,ok
2025-10-18 18:30:04,2025-10-18T18:29:21.719000,24.86,458.0,1.2840158293780708,38.22923151483804,10.368769454451412,27.77882531207009,31.93823110753618,9.988899887742729,1.6,-870.5885565614891,True,ok
2025-10-18 18:45:04,2025-10-18T18:44:27.810000,24.86,456.0,1.37794173591533,49.73405534948688,13.68351383737172,28.24241226536028,40.84306002015675,11.730203513221644,1.6,-865.775264605292,True,ok
2025-10-18 19:00:04,2025-10-18T18:59:33.817000,25.35,456.0,1.1901521995715734,30.98291543075069,7.9943051435835635,27.315545735955578,26.157266226157002,8.19829513457355,1.6,-790.5658482086975,True,ok
2025-10-18 19:15:04,2025-10-18T19:14:39.930000,24.82,457.0,1.298394690887807,40.080340663041426,10.924102198912427,27.84979457757764,33.38422150534915,10.261039037757948,1.6,-886.5023543012554,True,ok
2025-10-18 19:30:04,2025-10-18T19:29:46.006000,24.84,460.0,1.3604212910595794,47.877192611723395,13.219298152930849,28.155937192077445,39.4483630938319,11.413443088985245,1.6,-800.838791025643,True,ok
2025-10-18 19:45:04,2025-10-18T19:44:51.987000,25.07,459.0,1.12654294010004,26.487850356426655,6.495950118808886,27.00159164291996,22.555921045218266,7.001783179541148,1.6,-814.2276200530342,True,ok
2025-10-18 20:00:04,2025-10-18T19:59:58.093000,24.54,458.0,1.2277314871217235,33.68013749559889,8.89337916519963,27.501024567775843,28.318219966437038,8.915381213191043,1.6,-879.4569872779937,True,ok
2025-10-18 20:15:04,2025-10-18T20:13:33.506000,24.48,460.0,1.4074852345361049,52.86515288632126,14.466288221580315,28.388229122711614,43.19483973000542,12.252837785996403,1.6,-828.4588594734514,True,ok
2025-10-18 20:30:04,2025-10-18T20:28:39.536000,25.16,456.0,1.294654752623921,39.59886763895619,10.77966029168686,27.831335489460557,33.008119766395005,10.190387787887637,1.6,-788.4807348475275,True,ok
2025-10-18 20:45:04,2025-10-18T20:42:14.968000,25.04,456.0,1.0713482718246075,22.702616732993395,5.234205577664465,26.72916916602302,19.523276880321813,5.9979021895372995,1.6,-852.3871867959216,True,ok
2025-10-18 21:00:04,2025-10-18T20:58:51.655000,24.22,459.0,1.0508233534182356,21.295024048817343,4.765008016272447,26.627865013193095,18.39554523549254,5.6359598831577244,1.6,-865.2255007791899,True,ok
2025-10-18 21:15:04,2025-10-18T21:12:27.132000,24.04,463.0,1.399782704528321,52.04881853661072,14.26220463415268,28.350212003148137,42.581687780084756,12.118086573773649,1.6,-815.9033909217128,True,ok
2025-10-18 21:30:04,2025-10-18T21:29:03.797000,24.91,460.0,1.5272922515616163,70.01258148778797,19.50377444633639,28.9795566068239,56.525381353638366,14.173354320489324,1.6,-805.4756970081603,True,ok
2025-10-18 21:45:04,2025-10-18T21:44:09.785000,25.97,458.0,1.3208404470530177,42.9699675328482,11.79099025985446,27.960579345045353,35.64144805034156,10.682707921964981,1.6,-893.4872639651618,True,ok
2025-10-18 22:00:04,2025-10-18T21:59:15.904000,25.22,458.0,0.6982828510965529,19.0,4.0,24.887842655060506,16.55682351251732,0.9171466692653851,1.6,-841.8658223089936,True,ok
2025-10-18 22:15:04,2025-10-18T22:14:21.920000,24.29,458.0,0.8242990976252388,19.0,4.0,25.509816825414934,16.55682351251732,2.236858937706522,1.6,-788.5582792888048,True,ok
2025-10-18 22:30:04,2025-10-18T22:29:28.024000,23.88,463.0,1.371162115770847,49.01553340976858,13.503883352442145,28.208950321120234,40.30337535718102,11.608186131186647,1.6,-899.087778160841,True,ok
2025-10-18 22:45:04,2025-10-18T22:44:34.033000,24.84,462.0,1.1724541846313856,29.712655148754024,7.570885049584675,27.228194235950077,25.139562217546068,7.862442239660533,1.6,-845.4531016775315,True,ok
2025-10-18 23:00:04,2025-10-18T22:59:40.097000,24.57,458.0,1.2152009433710607,32.780768154343285,8.593589384781094,27.43917798237041,27.597665449547872,8.675913226669985,1.6,-872.2949559895391,True,ok
2025-10-18 23:15:04,2025-10-18T23:14:46.164000,24.48,459.0,1.185411965442405,30.64268907417921,7.880896358059736,27.292149521015116,25.88468451056275,8.10817828512441,1.6,-806.9733727727966,True,ok
2025-10-18 23:30:04,2025-10-18T23:29:52.219000,24.48,461.0,1.4403923749762737,56.920135519062256,15.576040655718678,28.550647794413212,46.29824203393007,12.815087275738922,1.6,-894.9592938865521,True,ok
2025-10-18 23:45:04,2025-10-18T23:44:58.301000,25.29,457.0,1.2151492454031547,32.77705757575507,8.592352525251691,27.438922818440496,27.594692617320487,8.674925698450211,1.6,-815.7477570866727,True,ok
2025-10-19 00:00:04,2025-10-18T23:58:33.731000,24.72,458.0,1.2695001639240853,36.67804948476307,9.89268316158769,27.707180827913596,30.720079720754047,9.71297572386791,1.6,-871.5719893108272,True,ok
2025-10-19 00:15:04,2025-10-19T00:13:39.790000,24.63,460.0,1.2316331454784915,33.96017577453991,8.98672525817997,27.520281852342755,28.54258034602382,8.989970965020834,1.6,-907.8813176030309,True,ok
2025-10-19 00:30:04,2025-10-19T00:28:45.885000,24.57,459.0,1.4909298877955521,64.56470908887528,17.869412726662585,28.800084104995527,52.26978616899799,13.629735415160736,1.6,-865.5879767886759,True,ok
2025-10-19 00:45:04,2025-10-19T00:43:51.929000,25.6,457.0,1.1419647903353753,27.54547617193186,6.8484920573106205,27.077708752972665,23.403267094925646,7.288804273468871,1.6,-841.7518063602967,True,ok
2025-10-19 09:00:04,2025-10-19T08:58:40.784000,22.36,476.0,0.9527109922451545,19.0,4.0,26.14361511587331,16.55682351251732,4.016234546472857,1.6,-901.06770852091,True,ok
2025-10-19 09:15:04,2025-10-19T09:13:44.977000,22.85,474.0,1.2253939612842075,33.51236352549137,8.837454508497123,27.489487319734256,28.183803229695016,8.870696956582506,1.6,-828.6466769790692,True,ok
2025-10-19 09:30:04,2025-10-19T09:28:51.051000,23.58,469.0,1.178204109237992,30.12535119839189,7.708450399463963,27.256573946386702,25.470205023596943,7.971368060618178,1.6,-808.5196648914656,True,ok
2025-10-19 09:45:04,2025-10-19T09:43:57.138000,23.66,463.0,1.105977505427187,25.077479078973894,6.025826359657964,26.9000875153096,21.425963253861326,6.623085721352373,1.6,-894.003571353261,True,ok
2025-10-19 10:00:04,2025-10-19T09:59:03.142000,23.6,462.0,1.1433903661115785,27.643241726639218,6.881080575546406,27.084744919618682,23.481594661598322,7.315453608332433,1.6,-878.1089777354842,True,ok
2025-10-19 10:15:04,2025-10-19T10:14:09.194000,23.85,459.0,1.4864900376080101,63.89311368371586,17.667934105114757,28.778170485022205,51.745170692909845,13.56079586982177,1.6,-848.9300971362909,True,ok
2025-10-19 10:30:04,2025-10-19T10:29:15.284000,25.09,455.0,1.4409853086356517,57.00982582490185,15.602947747470557,28.55357431723091,46.368303446109266,12.825004363246261,1.6,-928.7016036149384,True,ok
2025-10-19 10:45:04,2025-10-19T10:44:21.285000,25.47,454.0,1.4877204558340622,64.07923330310294,17.723769990930883,28.78424341907967,51.890557680348984,13.579954731988959,1.6,-832.5027741009866,True,ok
2025-10-19 11:00:04,2025-10-19T10:59:27.392000,26.1,452.0,1.0269334045189524,19.656658593219166,4.218886197739723,26.509952191983498,17.082923629225302,5.22384449540404,1.6,-823.8440935641814,True,ok
2025-10-19 11:15:04,2025-10-19T11:14:33.391000,24.61,452.0,1.3694416123400883,48.83318993977836,13.45829748494459,28.20045848992056,40.166416457657256,11.577107304615305,1.6,-897.0647843245155,True,ok
2025-10-19 11:30:04,2025-10-19T11:29:39.453000,25.29,451.0,0.9723001827309375,19.0,4.0,26.240300827723456,16.55682351251732,4.323396950523546,1.6,-881.2347718579018,True,ok
2025-10-19 11:45:04,2025-10-19T11:44:45.513000,24.48,451.0,1.8857467405793849,95.0,28.0,30.74876843115716,76.64513905509547,16.975383453438685,1.6,-728.1133100075139,True,ok
2025-10-19 12:00:04,2025-10-19T11:59:51.568000,26.85,451.0,1.6934246589384863,95.0,28.0,29.799530769629094,76.64513905509547,16.095475367986786,1.6,-909.9537150334237,True,ok
2025-10-19 12:15:04,2025-10-19T12:14:57.670000,27.65,450.0,1.0393361674629753,20.50723631722886,4.502412105742954,26.571168093938294,17.764387398209067,5.436511913629806,1.6,-895.51515750873,True,ok
2025-10-19 12:30:04,2025-10-19T12:28:33.116000,25.71,450.0,1.2742888552307412,37.02318566925138,10.006955700775414,27.73081621132317,30.99613068426663,9.80411451743566,1.6,-796.1434893032024,True,ok
2025-10-19 12:45:04,2025-10-19T12:43:39.186000,25.54,451.0,1.1776075978825344,30.082537092676727,7.694179030892242,27.253629765254207,25.435903323678463,7.960058678208227,1.6,-926.5479270463111,True,ok
2025-10-19 13:00:04,2025-10-19T12:58:45.196000,25.22,453.0,1.124498936701941,26.34767322282587,6.449224407608623,26.9915031237587,22.443614274076157,6.963926827623557,1.6,-844.9455756110204,True,ok
2025-10-19 13:15:04,2025-10-19T13:13:51.192000,24.91,454.0,1.2102423812357181,32.42487148696984,8.474957162323282,27.414704173197094,27.31252903288538,8.581220139006193,1.6,-845.4218510919424,True,ok
2025-10-19 13:30:04,2025-10-19T13:28:57.237000,25.16,454.0,1.5600430799193872,74.91530424865135,20.974591274595408,29.141203774212016,60.35513393318138,14.628647099725068,1.6,-844.7439628242407,True,ok
2025-10-19 13:45:04,2025-10-19T13:44:03.319000,26.6,452.0,1.2916729233999544,39.214992229131354,10.664497668739408,27.816618174758652,32.70825621858532,10.133988600915503,1.6,-835.1562484335403,True,ok
2025-10-19 14:00:04,2025-10-19T13:59:09.384000,26.04,451.0,1.2008203464871523,31.74861279032255,8.249537596774184,27.36820015163464,26.770725753517976,8.401460988726576,1.6,-908.382697262791,True,ok
2025-10-19 14:15:04,2025-10-19T14:14:15.404000,25.71,451.0,1.1784454185535322,30.142670973532915,7.714223657844305,27.257764968699036,25.48408123844762,7.975943675046258,1.6,-821.3607955005934,True,ok
2025-10-19 14:30:04,2025-10-19T14:29:21.500000,25.47,454.0,1.1451854069207676,27.766345081341356,6.922115027113787,27.093604642462385,23.58022230455422,7.349036184120355,1.6,-841.5086523161357,True,ok
2025-10-19 14:45:04,2025-10-19T14:44:27.538000,25.34,453.0,0.9279047663335689,19.0,4.0,26.021179856880963,16.55682351251732,3.640117768218073,1.6,-851.6638052873967,True,ok
2025-10-19 15:00:04,2025-10-19T14:59:33.541000,24.85,454.0,1.1167560645501031,25.816669397151514,6.272223132383838,26.95328688882503,22.01818593499033,6.820946453541971,1.6,-886.6955253414128,True,ok
2025-10-19 15:15:04,2025-10-19T15:14:39.698000,24.87,451.0,1.2159630689576837,32.835469083563446,8.611823027854483,27.442939580120726,27.641490605487252,8.690471823589252,1.6,-862.0552606493702,True,ok
2025-10-19 15:30:04,2025-10-19T15:29:45.652000,25.22,454.0,1.4246981372506586,54.68942150064884,14.92235537516221,28.47318627054127,44.565055081657135,12.549769075572705,1.6,-875.7302678616976,True,ok
2025-10-19 15:45:04,2025-10-19T15:44:51.791000,26.16,450.0,1.3107978259116588,41.67709828488149,11.403129485464447,27.911012315994395,34.631525691089,10.494582353380357,1.6,-857.0741640401093,True,ok
2025-10-19 16:00:04,2025-10-19T15:59:57.794000,26.04,448.0,1.3590002501735678,47.72658696832803,13.181646742082007,28.148923408137172,39.33524260104648,11.38755236602813,1.6,-891.2997598382567,True,ok
2025-10-19 16:15:04,2025-10-19T16:13:33.232000,26.22,449.0,1.4155602282325306,53.720961915487926,14.680240478871982,28.42808459883713,43.837641267364845,12.392877994465007,1.6,-956.7992379471659,True,ok
2025-10-19 16:30:04,2025-10-19T16:28:39.296000,26.47,449.0,1.1845756860067687,30.582665814207427,7.860888604735809,27.28802192459408,25.8365952227617,8.092291063826528,1.6,-832.1330242405122,True,ok
2025-10-19 16:45:04,2025-10-19T16:43:45.310000,26.1,449.0,1.2851146109283211,38.370686704330495,10.41120601129915,27.784248531392542,32.04872856033383,10.00974163835071,1.6,-947.0922617654899,True,ok
2025-10-19 17:00:04,2025-10-19T16:58:51.351000,25.98,450.0,1.2791771961736313,37.60631445123926,10.181894335371776,27.75494343210713,31.45164062556924,9.897040441562844,1.6,-840.424815532549,True,ok
2025-10-19 17:15:04,2025-10-19T17:13:57.470000,25.97,450.0,1.4342419815003389,55.989794218369155,15.296938265510747,28.520291503181536,45.571507692631656,12.711754168891193,1.6,-878.0558831569384,True,ok
2025-10-19 17:30:04,2025-10-19T17:29:03.467000,26.62,450.0,0.8013125881836579,19.0,4.0,25.39636308009951,16.55682351251732,1.9640499077773796,1.6,-835.8041723795467,True,ok
2025-10-19 17:45:04,2025-10-19T17:44:09.561000,25.65,451.0,1.1147586169947603,25.67968504913808,6.226561683046027,26.94342815377869,21.90843715195266,6.784173563093297,1.6,-817.2220717993013,True,ok
2025-10-19 18:00:04,2025-10-19T17:59:15.586000,25.54,454.0,1.3163958642273517,42.39777981666725,11.619333945000177,27.93864236634844,35.19448470182847,10.5995643057352,1.6,-884.2270969013301,True,ok
2025-10-19 18:15:04,2025-10-19T18:14:21.606000,26.04,452.0,1.2213006960204515,33.218572820386974,8.739524273462326,27.46928432736941,27.948424715137826,8.792460716484834,1.6,-805.312347316133,True,ok
2025-10-19 18:30:04,2025-10-19T18:29:27.631000,25.71,452.0,1.4803811099333803,62.96904472115386,17.39071341634616,28.748018855158207,51.02333597663798,13.465072123988358,1.6,-896.8038679329729,True,ok
2025-10-19 18:45:04,2025-10-19T18:44:33.746000,26.81,452.0,1.1286594312346314,26.632998677028485,6.544332892342829,27.012037937376128,22.672210619735573,7.041029584368397,1.6,-783.7577789460526,True,ok
2025-10-19 19:00:04,2025-10-19T18:59:39.818000,25.91,452.0,1.4159827959237121,53.76574674865842,14.691436687164606,28.43017025204758,43.87127933220322,12.400170762388957,1.6,-981.1351381049357,True,ok
2025-10-19 19:15:04,2025-10-19T19:14:45.803000,26.53,454.0,1.416004412427638,53.76803772248879,14.692009430622198,28.430276943902527,43.873000091683465,12.40054372827186,1.6,-871.2401219910165,True,ok
2025-10-19 19:30:04,2025-10-19T19:29:51.956000,26.71,453.0,1.3671087927925258,48.585951600372084,13.396487900093021,28.188944470556784,39.980714765751415,11.534896017542419,1.6,-970.8379524231709,True,ok
2025-10-19 19:45:04,2025-10-19T19:44:57.938000,26.78,453.0,1.3835191272538636,50.32516192444627,13.831290481111568,28.269940409120196,41.28704250009991,11.830029927883647,1.6,-830.3855550830737,True,ok
2025-10-19 20:00:04,2025-10-19T19:58:33.408000,26.65,450.0,1.3422769950161566,45.729670727263006,12.618901218178902,28.06638299736729,37.7971849628897,11.080815840515182,1.6,-882.3225222487026,True,ok
2025-10-19 20:15:04,2025-10-19T20:13:39.439000,26.58,451.0,1.0360416385358133,20.281298521820137,4.42709950727338,26.554907397777075,17.583371110962215,5.379744885841241,1.6,-929.170414705887,True,ok
2025-10-19 20:30:04,2025-10-19T20:28:45.485000,25.71,455.0,1.5423691632816263,72.26956007305427,20.180868021916282,29.053971215391257,58.288415891894566,14.387172494553624,1.6,-786.499170373237,True,ok
2025-10-19 20:45:04,2025-10-19T20:43:51.497000,27.14,455.0,1.1560396004067812,28.534512037423667,7.178170679141222,27.147177321972347,24.195660417173627,7.552701712138269,1.6,-850.4673799191708,True,ok
2025-10-19 21:00:04,2025-10-19T20:58:57.634000,26.35,452.0,1.3849145590640304,50.47305345075864,13.86826336268966,28.276827795201935,41.398124408839045,11.854925365112656,1.6,-853.8077504354135,True,ok
2025-10-19 21:15:04,2025-10-19T21:14:03.644000,26.78,451.0,0.8662394307174885,19.0,4.0,25.716820323757524,16.55682351251732,2.7712039910173143,1.6,-883.6348227069716,True,ok
2025-10-19 21:30:04,2025-10-19T21:29:09.723000,25.6,455.0,1.51739844051463,68.53150100695693,19.05945030208708,28.930724054775204,55.3684381470487,14.02926281535738,1.6,-970.095870365726,True,ok
2025-10-19 21:45:04,2025-10-19T21:44:15.774000,27.03,453.0,1.3695925634823876,48.849188138092735,13.462297034523184,28.201203534421424,40.17843276751259,11.579835862930212,1.6,-762.0143869105102,True,ok
2025-10-19 22:00:04,2025-10-19T21:59:21.825000,26.81,451.0,1.383207793819743,50.292165989833975,13.823041497458494,28.268403771109423,41.26225912346733,11.824471081052263,1.6,-888.5437133706762,True,ok
2025-10-19 22:15:04,2025-10-19T22:14:27.882000,26.84,450.0,1.4014781283871713,52.2285040077351,14.307126001933774,28.35858004994413,42.71665024617649,12.147842600507179,1.6,-841.1881793892121,True,ok
2025-10-19 22:30:04,2025-10-19T22:29:33.844000,26.87,449.0,1.5853184276740628,79.56454090609313,22.82581636243725,29.26595446218426,64.26115189841198,14.956007380520102,1.6,-883.1009960909527,True,ok
2025-10-19 22:45:04,2025-10-19T22:44:39.975000,27.83,448.0,0.901804607821094,19.0,4.0,25.89235817805703,16.55682351251732,3.2605637556257303,1.6,-907.3800795915756,True,ok
2025-10-19 23:00:04,2025-10-19T22:59:45.947000,26.1,451.0,1.5017016052595662,66.18172131168204,18.35451639350461,28.8532497103641,53.53291219784082,13.79473444809191,1.6,-906.1250593452157,True,ok
2025-10-19 23:15:04,2025-10-19T23:14:51.993000,27.15,451.0,1.369982923360906,48.89055950273025,13.472639875682562,28.203130220608873,40.209506962672165,11.586890311382813,1.6,-791.146457636018,True,ok
2025-10-19 23:30:04,2025-10-19T23:29:58.051000,26.95,450.0,1.3773816834776376,49.67469952197754,13.668674880494384,28.239648033287956,40.798477623998345,11.720151470103964,1.6,-776.7812267286408,True,ok
2025-10-19 23:45:04,2025-10-19T23:43:33.554000,26.81,452.0,1.4830033934297777,63.36570530041112,17.509711590123338,28.76096157204618,51.333186635284235,13.506283969171585,1.6,-803.0632539262037,True,ok
2025-10-20 00:00:04,2025-10-19T23:58:39.530000,27.34,452.0,1.4064679652649303,52.75734001858487,14.439335004646217,28.383208220816858,43.11386105980423,12.235105682884292,1.6,-822.7922443579175,True,ok
2025-10-20 00:15:04,2025-10-20T00:13:45.620000,27.08,453.0,1.2345158878802258,34.16708220944385,9.055694069814615,27.5345101075325,28.708349134667788,9.045082803244895,1.6,-828.3238077119273,True,ok
2025-10-20 00:30:04,2025-10-20T00:28:51.670000,26.35,455.0,1.1271759799051269,26.531264034415063,6.510421344805021,27.00471611629872,22.59070310897602,7.0135166994524045,1.6,-998.1551879164188,True,ok
2025-10-20 00:45:04,2025-10-20T00:43:57.769000,25.84,457.0,1.385994303090552,50.58748755706573,13.896871889266432,28.282157051655687,41.484076317446714,11.874166206287757,1.6,-838.2245190649365,True,ok
2025-10-20 09:00:04,2025-10-20T08:58:36.898000,24.83,678.0,1.4476965817605774,58.025008770965485,15.907502631289645,28.586698923374037,47.161311677663974,12.936693023142828,1.6,-973.0862166116956,True,"red_error:HTTPConnectionPool(host='192.168.50.94', port=80): Max retries exceeded with url: /rpc/Light.Set (Caused by ConnectTimeoutError(<urllib3.connection.HTTPConnection object at 0x7fff6e4b7610>, 'Connection to 192.168.50.94 timed out. (connect timeout=5)'))"
2025-10-20 09:15:04,2025-10-20T09:13:42.966000,26.14,602.0,1.4766430536012545,62.40360639534569,17.22108191860371,28.729569055628726,50.58164490160461,13.406011046465123,1.6,-937.4456838718072,True,ok
2025-10-20 09:30:04,2025-10-20T09:28:48.919000,27.1,567.0,1.5854120997720427,79.58217893442557,22.832871573770227,29.26641679642315,64.27598965017982,14.957180086201479,1.6,-1082.3988775984394,True,ok
2025-10-20 09:45:04,2025-10-20T09:43:55.050000,28.09,535.0,1.856494387831883,95.0,28.0,30.604388572748185,76.64513905509547,16.9380082361892,1.6,-814.5395922799581,True,ok
2025-10-20 10:00:04,2025-10-20T09:59:01.107000,29.1,516.0,1.2534893922183727,35.52888968064851,9.509629893549505,27.62815699787016,29.799398695174276,9.407645603890828,1.6,-820.5864045709949,True,ok
2025-10-20 10:15:04,2025-10-20T10:14:07.094000,27.47,506.0,1.4123538841022103,53.38114514775989,14.595286286939972,28.412259153426227,43.58240355279108,12.337425875247082,1.6,-830.3515924420457,True,ok
2025-10-20 10:30:04,2025-10-20T10:29:13.164000,27.53,499.0,1.1198874472246,26.0314186719944,6.343806223998133,26.96874234948731,22.190238230847655,6.878688692001248,1.6,-776.4020559780965,True,ok
2025-10-20 10:45:04,2025-10-20T10:44:19.150000,26.48,495.0,1.200972079039161,31.759503267867856,8.253167755955953,27.36894905291325,26.77945095953333,8.404353688533519,1.6,-851.9574382379838,True,ok
2025-10-20 11:00:04,2025-10-20T10:59:25.206000,26.29,492.0,1.4079591560317535,52.915380330495225,14.478845082623806,28.39056824117601,43.232565761435694,12.261091954640262,1.6,-890.6399493645366,True,ok
2025-10-20 11:15:04,2025-10-20T11:14:31.277000,27.47,490.0,1.3723373054161838,49.140083093306735,13.535020773326684,28.214750665320306,40.39692511574563,11.629388391208678,1.6,-909.9184006854057,True,ok
2025-10-20 11:30:04,2025-10-20T11:29:37.318000,27.47,489.0,1.3939958955549148,51.43551733097685,14.108879332744213,28.32165024377678,42.12103482550012,12.01612738622943,1.6,-901.1738968380558,True,ok
2025-10-20 11:45:04,2025-10-20T11:44:43.399000,27.56,490.0,1.276756176426939,37.29463665963881,10.088390997891642,27.74299408597248,31.208174110208322,9.851032188636264,1.6,-833.488691249324,True,ok
2025-10-20 12:00:04,2025-10-20T11:59:49.499000,27.09,492.0,1.2798532235154145,37.693345013148694,10.208003503944608,27.758280077632016,31.519624383825448,9.909882098982672,1.6,-829.7306707881662,True,ok
2025-10-20 12:15:04,2025-10-20T12:14:55.521000,27.07,494.0,1.0765332555944438,23.05820134860519,5.352733782868397,26.7547605168796,19.808163288121385,6.090402717084301,1.6,-955.7231013100345,True,ok
2025-10-20 12:30:04,2025-10-20T12:28:30.983000,26.53,493.0,1.618784477877063,85.8804854340793,25.26414563022379,29.431131726096122,69.52144756027712,15.355247046137393,1.6,-826.5359556807714,True,ok
2025-10-20 12:45:04,2025-10-20T12:43:37.030000,28.69,489.0,1.3220222517674314,43.12211097735942,11.836633293207825,27.96641233902047,35.76029461326138,10.704783371920021,1.6,-808.8742100677488,True,ok
2025-10-20 13:00:04,2025-10-20T12:58:43.081000,28.09,485.0,0.954535240338826,19.0,4.0,26.15261899613349,16.55682351251732,4.044467801671433,1.6,-779.2168309088748,True,ok
2025-10-20 13:15:04,2025-10-20T13:13:49.101000,27.03,483.0,1.3602308746535474,47.857011781160544,13.214252945290136,28.15499736019524,39.43320519239725,11.409975445479706,1.6,-842.0144957853981,True,ok
2025-10-20 13:30:04,2025-10-20T13:28:55.137000,27.59,483.0,1.0962597170037147,24.41103609389465,5.803678697964884,26.852123752232487,20.892024102146937,6.445955788816855,1.6,-813.3411452667855,True,ok
2025-10-20 13:45:04,2025-10-20T13:44:01.201000,27.16,481.0,1.5507616952663188,73.52590257325436,20.55777077197631,29.095393954618487,59.269805451455035,14.503095208717392,1.6,-845.4601892529845,True,ok
2025-10-20 14:00:04,2025-10-20T13:59:07.247000,28.83,476.0,1.2846856523803403,38.31546334107397,10.39463900232219,27.782131335044085,32.00559093493698,10.001605957674757,1.6,-903.767125023993,True,ok
2025-10-20 14:15:04,2025-10-20T14:14:13.285000,28.31,471.0,1.2836325336518177,38.179886702326016,10.353966010697805,27.776933492182543,31.899685500896222,9.981627884185013,1.6,-822.1593833717168,True,ok
2025-10-20 14:30:04,2025-10-20T14:29:19.366000,28.09,478.0,1.59357717754526,81.11962579647354,23.44785031858942,29.306716897511468,65.56934594065342,15.058226705705922,1.6,-916.9918582975889,True,ok
2025-10-20 14:45:04,2025-10-20T14:44:25.313000,29.61,464.0,1.3332549970228478,44.56819469460366,12.270458408381097,28.021853423828926,36.88990016439721,10.91388465315692,1.6,-899.2780580096493,True,ok
2025-10-20 15:00:04,2025-10-20T14:59:31.398000,29.03,461.0,1.1458795297559539,27.813947815022598,6.937982605007533,27.09703060130842,23.618360545649253,7.362030031313383,1.6,-958.2110759635334,True,ok
2025-10-20 15:15:04,2025-10-20T15:14:37.470000,28.12,461.0,1.4775218732330708,62.53654133723807,17.260962401171422,28.73390661627227,50.68548677916043,13.419929293661859,1.6,-895.7829488790918,True,ok
2025-10-20 15:30:04,2025-10-20T15:29:43.560000,29.34,462.0,1.4234088973983892,54.55278447679307,14.888196119198268,28.466823012551984,44.46242647410408,12.527738372076346,1.6,-856.7543391105984,True,ok
2025-10-20 15:45:04,2025-10-20T15:44:49.562000,29.6,460.0,0.9471384487415972,19.0,4.0,26.116110899410234,16.55682351251732,3.93047093358041,1.6,-842.5271916969451,True,ok
2025-10-20 16:00:04,2025-10-20T15:59:55.585000,28.21,461.0,1.3553685825653028,47.34169330191427,13.085423325478567,28.130998707871324,39.04614745007385,11.321256868159665,1.6,-932.7279160629489,True,ok
2025-10-20 16:15:04,2025-10-20T16:13:31.049000,28.86,462.0,1.0498562017249675,21.228697078790994,4.7428990262636646,26.62309147495023,18.342405556773524,5.619078467434336,1.6,-860.6307567674155,True,ok
2025-10-20 16:30:04,2025-10-20T16:28:37.137000,28.09,465.0,1.513596802117879,67.96240458922006,18.888721376766014,28.91196043537738,54.923889560448075,13.973120229216867,1.6,-925.4250304676668,True,ok
2025-10-20 16:45:04,2025-10-20T16:43:43.163000,29.61,464.0,1.2785187999334904,37.521553686108966,10.156466105832688,27.751693807820526,31.385429914759108,9.884531430378134,1.6,-925.4680543727637,True,ok
2025-10-20 17:00:04,2025-10-20T16:58:49.190000,29.28,463.0,1.4618500505430476,60.165937901422645,16.549781370426793,28.65655572554129,48.83369440455167,13.16875450758075,1.6,-810.6770715914469,True,"blue_error:HTTPConnectionPool(host='192.168.50.69', port=80): Max retries exceeded with url: /rpc/Light.Set (Caused by ConnectTimeoutError(<urllib3.connection.HTTPConnection object at 0x7fff6e4c91d0>, 'Connection to 192.168.50.69 timed out. (connect timeout=5)'))"
2025-10-20 17:15:04,2025-10-20T17:13:55.226000,29.64,464.0,1.1623534661291886,28.987684490952457,7.32922816365082,27.178340457699687,24.558732008944858,7.671613360838311,1.6,-866.4888294267837,True,ok
2025-10-20 17:30:04,2025-10-20T17:29:01.320000,28.96,465.0,1.378680972763834,49.812401611221105,13.703100402805276,28.24606089193193,40.90190620636509,11.743463889387767,1.6,-846.0806552504498,True,ok
2025-10-20 17:45:04,2025-10-20T17:44:07.284000,29.35,464.0,1.3973484399915919,51.79082879095492,14.19770719773873,28.33819728514659,42.387910664538325,12.075270746801563,1.6,-849.5071241117853,True,ok
2025-10-20 18:00:04,2025-10-20T17:57:42.745000,29.71,463.0,1.4422776038058474,57.20530528068358,15.661591584205075,28.559952655250626,46.52100185198363,12.846590956038476,1.6,-827.9129958375015,True,ok
2025-10-20 18:15:04,2025-10-20T18:14:19.402000,30.09,461.0,1.5367136402239383,71.42294143743933,19.9268824312318,29.026057439520105,57.62708135152083,14.307795486897493,1.6,-835.062042753289,True,ok
2025-10-20 18:30:04,2025-10-20T18:29:25.520000,30.7,459.0,1.1776846253788475,30.08806567706988,7.696021892356628,27.254009947289727,25.440332701325392,7.961518942941539,1.6,-848.8730125497384,True,ok
2025-10-20 18:45:04,2025-10-20T18:44:31.562000,29.53,457.0,1.2799090690368586,37.70053446660865,10.210160339982595,27.75855571250311,31.525240411750495,9.910942820798526,1.6,-805.437937037828,True,ok
2025-10-20 19:00:04,2025-10-20T18:59:37.558000,29.2,459.0,1.5897655251846547,80.40190906139813,23.16076362455925,29.287903852527407,64.9655764855898,15.011345443104329,1.6,-905.5697585767457,True,ok
2025-10-20 19:15:04,2025-10-20T19:14:43.589000,30.77,456.0,1.5188944989026654,68.75545746480519,19.126637239441557,28.938108100089458,55.543381309039496,14.051239344633583,1.6,-1024.9742336184988,True,ok
2025-10-20 19:30:04,2025-10-20T19:29:49.624000,31.02,452.0,1.197137391345853,31.484271752518097,8.161423917506033,27.350022313208534,26.55894165097869,8.331272203456015,1.6,-898.033663787294,True,ok
2025-10-20 19:45:04,2025-10-20T19:44:55.720000,29.59,453.0,1.0021702852600523,19.0,4.0,26.387729693054077,16.55682351251732,4.808073433502569,1.6,-901.2722119189152,True,ok
2025-10-20 20:00:04,2025-10-20T19:58:31.180000,28.77,457.0,1.4198772181891552,54.17848784338265,14.794621960845662,28.449391821680727,44.18129079641796,12.46721133686177,1.6,-844.3440068591135,True,ok
2025-10-20 20:15:04,2025-10-20T20:13:37.263000,29.59,459.0,1.1621864424378363,28.975696504616465,7.325232168205488,27.177516084456396,24.549127503535825,7.668463856730417,1.6,-830.2217453661485,True,ok
2025-10-20 20:30:04,2025-10-20T20:28:43.262000,29.06,459.0,1.2136354835446947,32.66840857914717,8.556136193049056,27.431451394699785,27.507645481433016,8.646012273515572,1.6,-834.151747457039,True,ok
2025-10-20 20:45:04,2025-10-20T20:43:49.285000,28.95,458.0,1.3550652823595861,47.309548749935814,13.077387187483954,28.129501719197123,39.02200355029565,11.315711954198758,1.6,-788.8196053582748,True,ok
2025-10-20 21:00:04,2025-10-20T20:58:55.396000,29.4,458.0,1.327302210961221,43.801843566698736,12.04055307000962,27.992472456898327,36.29126643532771,10.803237640961756,1.6,-776.870215444405,True,ok
2025-10-20 21:15:04,2025-10-20T21:14:01.406000,29.59,457.0,1.5934983231397224,81.10477787196875,23.4419111487875,29.30632769846123,65.55685532583426,15.057262002688859,1.6,-1045.7622477488935,True,ok
2025-10-20 21:30:04,2025-10-20T21:29:07.441000,30.96,450.0,1.4596070159441479,59.82664453191626,16.44799335957488,28.645484854743614,48.56865603292241,13.132300377154273,1.6,-895.0366845842797,True,ok
2025-10-20 21:45:04,2025-10-20T21:44:13.519000,30.58,449.0,1.3437576903378483,45.92029281885416,12.676087845656248,28.07369121570918,37.946089047945605,11.10811993549757,1.6,-845.7493965293919,True,ok
2025-10-20 22:00:04,2025-10-20T21:59:19.623000,29.86,446.0,1.59945372367473,82.22615259969267,23.890461039877067,29.335721569560594,66.50019658456753,15.129502853886326,1.6,-849.7821892369739,True,ok
2025-10-20 22:15:04,2025-10-20T22:14:25.648000,31.06,445.0,0.9316994050779366,19.0,4.0,26.03990892832879,16.55682351251732,3.696697853562367,1.6,-942.1302479698088,True,ok
2025-10-20 22:30:04,2025-10-20T22:29:31.641000,29.03,447.0,1.3133459464383666,42.00513880565009,11.501541641695027,27.92358898919503,34.887773921284044,10.542403129922173,1.6,-781.7446515566481,True,ok
2025-10-20 22:45:04,2025-10-20T22:44:37.726000,28.96,448.0,1.609297828931505,84.07975267026923,24.63190106810769,29.384308790404145,68.05951246759523,15.24614686380292,1.6,-938.0202110423082,True,ok
2025-10-20 23:00:04,2025-10-20T22:59:43.720000,30.68,447.0,1.3023441961174609,40.588792966900044,11.076637890070014,27.869288018353668,33.78139805749305,10.33553804045641,1.6,-833.6593302594097,True,ok
2025-10-20 23:15:04,2025-10-20T23:14:49.809000,29.4,447.0,1.3222077160674262,43.1459873226565,11.843796196796951,27.96732772895865,35.77894557507417,10.708246483711394,1.6,-833.7027499848059,True,ok
2025-10-20 23:30:04,2025-10-20T23:29:55.837000,28.96,447.0,1.4168931262961726,53.862225951189714,14.715556487797429,28.43466333919909,43.94374524176568,12.41586922369816,1.6,-866.7947972661024,True,ok
2025-10-20 23:45:04,2025-10-20T23:43:31.310000,29.34,449.0,1.1776046558870286,30.082325933399623,7.694108644466541,27.253615244545454,25.435734147608166,7.960002905399979,1.6,-902.4834832028401,True,ok
2025-10-21 00:00:04,2025-10-20T23:58:37.365000,28.33,448.0,1.3018777378325128,40.528741953964285,11.058622586189287,27.86698573580854,33.734489322711894,10.326745465247246,1.6,-873.8092012531794,True,ok
2025-10-21 00:15:04,2025-10-21T00:13:43.396000,28.21,448.0,1.2528877679334482,35.485708598679324,9.495236199559773,27.625187581022818,29.764802982123143,9.396158046556115,1.6,-938.1015356424451,True,ok
2025-10-21 00:30:04,2025-10-21T00:28:49.396000,27.9,449.0,1.7396143286337054,95.0,28.0,30.027507576421932,76.64513905509547,16.443905258492535,1.6,-879.2916306788534,True,ok
2025-10-21 00:45:04,2025-10-21T00:43:55.456000,30.11,449.0,1.1517030792848533,28.22326184570209,7.074420615234031,27.12577369980985,23.946293754068908,7.471212652664213,1.6,-869.9315881084927,True,ok
2025-10-21 09:00:04,2025-10-21T08:59:03.573000,22.61,469.0,1.2297828774912642,33.8273743308092,8.942458110269733,27.51114954656481,28.43618281195181,8.954598011982359,1.6,-855.641164422617,True,ok
2025-10-21 09:15:04,2025-10-21T09:14:08.473000,23.98,468.0,1.606867829846123,83.62219493813659,24.448877975254636,29.37231512524805,67.67459824017257,15.217676497941323,1.6,-804.8343974868011,True,ok
2025-10-21 09:30:04,2025-10-21T09:29:14.504000,26.37,464.0,1.153552922645169,28.356032812189895,7.118677604063299,27.134903909770962,24.052666870458403,7.50595485886209,1.6,-874.8002240406242,True,ok
2025-10-21 09:45:04,2025-10-21T09:44:20.572000,25.6,458.0,1.521911330382734,69.20707011415402,19.262121034246206,28.952998174255317,55.89615767294169,14.095352471446231,1.6,-794.4233637173573,True,ok
2025-10-21 10:00:04,2025-10-21T09:59:26.598000,26.83,454.0,1.1752992631653445,29.916858290917883,7.638952763639295,27.24223659484822,25.303165188761106,7.916314114411563,1.6,-796.5088693826631,True,ok
2025-10-21 10:15:04,2025-10-21T10:14:32.598000,25.71,451.0,1.3793716415593311,49.88560050320435,13.721400125801088,28.24946980278987,40.9568861828508,11.755845061830982,1.6,-844.9888344791648,True,ok
2025-10-21 10:30:04,2025-10-21T10:29:38.646000,26.21,450.0,1.39270986979001,51.29922094453711,14.074805236134278,28.31530284945093,42.01866207205382,11.993386778265252,1.6,-914.9235546185466,True,ok
2025-10-21 10:45:04,2025-10-21T10:44:44.685000,26.58,448.0,1.158912348767541,28.740701158360494,7.246900386120164,27.161356249908547,24.36085450997761,7.606767498394383,1.6,-774.0715634602794,True,ok
2025-10-21 11:00:04,2025-10-21T10:59:50.807000,25.6,450.0,1.348807681106736,46.57041968072711,12.871125904218134,28.098616286129058,38.45393441219167,11.20103586604706,1.6,-814.9506631149787,True,ok
2025-10-21 11:15:04,2025-10-21T11:14:56.845000,25.86,449.0,1.3719380698766277,49.09777106281344,13.52444276570336,28.21278017182973,40.36514438275153,11.62218794997002,1.6,-812.7163314314555,True,"red_error:HTTPConnectionPool(host='192.168.50.94', port=80): Max retries exceeded with url: /rpc/Light.Set (Caused by ConnectTimeoutError(<urllib3.connection.HTTPConnection object at 0x7fff6e4c7ad0>, 'Connection to 192.168.50.94 timed out. (connect timeout=5)'))|blue_error:HTTPConnectionPool(host='192.168.50.69', port=80): Max retries exceeded with url: /rpc/Light.Set (Caused by ConnectTimeoutError(<urllib3.connection.HTTPConnection object at 0x7fff6e500b90>, 'Connection to 192.168.50.69 timed out. (connect timeout=5)'))"
2025-10-21 11:30:04,2025-10-21T11:29:56.802000,24.22,453.0,1.6831017645182882,95.0,28.0,29.74858040513623,76.64513905509547,16.005944131917644,1.6,-851.1272323939079,True,"red_error:HTTPConnectionPool(host='192.168.50.94', port=80): Max retries exceeded with url: /rpc/Light.Set (Caused by NewConnectionError('<urllib3.connection.HTTPConnection object at 0x7fff6e4ba150>: Failed to establish a new connection: [Errno 113] No route to host'))|blue_error:HTTPConnectionPool(host='192.168.50.69', port=80): Max retries exceeded with url: /rpc/Light.Set (Caused by NewConnectionError('<urllib3.connection.HTTPConnection object at 0x7fff6e500950>: Failed to establish a new connection: [Errno 113] No route to host'))"
2025-10-21 11:45:04,2025-10-21T11:44:56.811000,23.79,456.0,1.280138697070678,37.73009637273031,10.219028911819091,27.759689079904213,31.54833263861051,9.915304170463093,1.6,-1071.3025646863105,True,"red_error:HTTPConnectionPool(host='192.168.50.94', port=80): Max retries exceeded with url: /rpc/Light.Set (Caused by NewConnectionError('<urllib3.connection.HTTPConnection object at 0x7fff6e4ba150>: Failed to establish a new connection: [Errno 113] No route to host'))|blue_error:HTTPConnectionPool(host='192.168.50.69', port=80): Max retries exceeded with url: /rpc/Light.Set (Caused by NewConnectionError('<urllib3.connection.HTTPConnection object at 0x7fff6e502d50>: Failed to establish a new connection: [Errno 113] No route to host'))"
2025-10-21 12:00:04,2025-10-21T11:59:56.888000,23.48,459.0,1.3372271126680548,45.07955782328988,12.423867346986965,28.041458462076253,37.289350501830604,10.987496662830205,1.6,-967.3046770250616,True,"red_error:HTTPConnectionPool(host='192.168.50.94', port=80): Max retries exceeded with url: /rpc/Light.Set (Caused by NewConnectionError('<urllib3.connection.HTTPConnection object at 0x7fff6e4ba150>: Failed to establish a new connection: [Errno 113] No route to host'))|blue_error:HTTPConnectionPool(host='192.168.50.69', port=80): Max retries exceeded with url: /rpc/Light.Set (Caused by NewConnectionError('<urllib3.connection.HTTPConnection object at 0x7fff6e502910>: Failed to establish a new connection: [Errno 113] No route to host'))"
2025-10-21 12:15:04,2025-10-21T12:14:56.853000,23.16,461.0,0.9882517183457786,19.0,4.0,26.31903228817575,16.55682351251732,4.579850813091016,1.6,-900.765584921695,True,"red_error:HTTPConnectionPool(host='192.168.50.94', port=80): Max retries exceeded with url: /rpc/Light.Set (Caused by NewConnectionError('<urllib3.connection.HTTPConnection object at 0x7fff6e4ba150>: Failed to establish a new connection: [Errno 113] No route to host'))|blue_error:HTTPConnectionPool(host='192.168.50.69', port=80): Max retries exceeded with url: /rpc/Light.Set (Caused by NewConnectionError('<urllib3.connection.HTTPConnection object at 0x7fff6e4f77d0>: Failed to establish a new connection: [Errno 113] No route to host'))"
2025-10-21 12:30:04,2025-10-21T12:29:56.880000,23.1,462.0,1.151196769715418,28.186921898051345,7.062307299350449,27.123274724613665,23.917179004185723,7.461708550625671,1.6,-891.6915845484609,True,"red_error:HTTPConnectionPool(host='192.168.50.94', port=80): Max retries exceeded with url: /rpc/Light.Set (Caused by NewConnectionError('<urllib3.connection.HTTPConnection object at 0x7fff6e4de650>: Failed to establish a new connection: [Errno 113] No route to host'))|blue_error:HTTPConnectionPool(host='192.168.50.69', port=80): Max retries exceeded with url: /rpc/Light.Set (Caused by NewConnectionError('<urllib3.connection.HTTPConnection object at 0x7fff6e502410>: Failed to establish a new connection: [Errno 113] No route to host'))"
2025-10-21 12:45:04,2025-10-21T12:44:56.828000,23.09,466.0,1.5761478900945387,77.83777055355834,22.135108221423334,29.22069174678169,62.808529793034474,14.839735487667644,1.6,-910.5969142422495,True,"red_error:HTTPConnectionPool(host='192.168.50.94', port=80): Max retries exceeded with url: /rpc/Light.Set (Caused by NewConnectionError('<urllib3.connection.HTTPConnection object at 0x7fff6e4ba150>: Failed to establish a new connection: [Errno 113] No route to host'))|blue_error:HTTPConnectionPool(host='192.168.50.69', port=80): Max retries exceeded with url: /rpc/Light.Set (Caused by NewConnectionError('<urllib3.connection.HTTPConnection object at 0x7fff6e4b1dd0>: Failed to establish a new connection: [Errno 113] No route to host'))"
2025-10-21 13:00:04,2025-10-21T12:59:56.910000,23.04,466.0,1.481685434089504,63.166343745465326,17.449903123639597,28.754456564241167,51.17745573501589,13.485593717206203,1.6,-865.3627510784202,True,"red_error:HTTPConnectionPool(host='192.168.50.94', port=80): Max retries exceeded with url: /rpc/Light.Set (Caused by NewConnectionError('<urllib3.connection.HTTPConnection object at 0x7fff6e4c7050>: Failed to establish a new connection: [Errno 113] No route to host'))|blue_error:HTTPConnectionPool(host='192.168.50.69', port=80): Max retries exceeded with url: /rpc/Light.Set (Caused by NewConnectionError('<urllib3.connection.HTTPConnection object at 0x7fff6e502dd0>: Failed to establish a new connection: [Errno 113] No route to host'))"
2025-10-21 13:15:04,2025-10-21T13:14:56.936000,22.97,466.0,1.3242496443449596,43.40886155035234,11.922658465105703,27.977406006016782,35.98428927911756,10.74635187462393,1.6,-852.4770625427419,True,"red_error:HTTPConnectionPool(host='192.168.50.94', port=80): Max retries exceeded with url: /rpc/Light.Set (Caused by NewConnectionError('<urllib3.connection.HTTPConnection object at 0x7fff6e4c4410>: Failed to establish a new connection: [Errno 113] No route to host'))|blue_error:HTTPConnectionPool(host='192.168.50.69', port=80): Max retries exceeded with url: /rpc/Light.Set (Caused by NewConnectionError('<urllib3.connection.HTTPConnection object at 0x7fff6e4b35d0>: Failed to establish a new connection: [Errno 113] No route to host'))"
2025-10-21 13:30:04,2025-10-21T13:29:56.901000,22.84,466.0,1.2336057610651412,34.10175861531822,9.033919538439408,27.53001802507232,28.656013338185176,9.02768321965611,1.6,-814.3914329484526,True,"red_error:HTTPConnectionPool(host='192.168.50.94', port=80): Max retries exceeded with url: /rpc/Light.Set (Caused by NewConnectionError('<urllib3.connection.HTTPConnection object at 0x7fff6e4c7f10>: Failed to establish a new connection: [Errno 113] No route to host'))|blue_error:HTTPConnectionPool(host='192.168.50.69', port=80): Max retries exceeded with url: /rpc/Light.Set (Caused by NewConnectionError('<urllib3.connection.HTTPConnection object at 0x7fff6e501950>: Failed to establish a new connection: [Errno 113] No route to host'))"
2025-10-21 13:45:04,2025-10-21T13:44:56.855000,22.66,465.0,1.371138421223439,49.013022199435035,13.503255549858759,28.208833372735626,40.30148917719457,11.607758425492078,1.6,-907.2875744577952,True,"red_error:HTTPConnectionPool(host='192.168.50.94', port=80): Max retries exceeded with url: /rpc/Light.Set (Caused by NewConnectionError('<urllib3.connection.HTTPConnection object at 0x7fff6e4c5e10>: Failed to establish a new connection: [Errno 113] No route to host'))|blue_error:HTTPConnectionPool(host='192.168.50.69', port=80): Max retries exceeded with url: /rpc/Light.Set (Caused by NewConnectionError('<urllib3.connection.HTTPConnection object at 0x7fff6e502150>: Failed to establish a new connection: [Errno 113] No route to host'))"
2025-10-21 14:00:04,2025-10-21T13:59:56.886000,22.63,467.0,1.1432523389275138,27.633775864185573,6.877925288061858,27.084063663465926,23.47401082519836,7.312872542830131,1.6,-873.9509772208446,True,"red_error:HTTPConnectionPool(host='192.168.50.94', port=80): Max retries exceeded with url: /rpc/Light.Set (Caused by NewConnectionError('<urllib3.connection.HTTPConnection object at 0x7fff6e502150>: Failed to establish a new connection: [Errno 113] No route to host'))|blue_error:HTTPConnectionPool(host='192.168.50.69', port=80): Max retries exceeded with url: /rpc/Light.Set (Caused by NewConnectionError('<urllib3.connection.HTTPConnection object at 0x7fff6e4eebd0>: Failed to establish a new connection: [Errno 113] No route to host'))"
2025-10-21 14:15:04,2025-10-21T14:14:56.952000,22.73,469.0,1.3139045233417148,42.077049006263884,11.523114701879166,27.926345938521877,34.94394643801179,10.552878253862618,1.6,-886.6239344305234,True,"red_error:HTTPConnectionPool(host='192.168.50.94', port=80): Max retries exceeded with url: /rpc/Light.Set (Caused by NewConnectionError('<urllib3.connection.HTTPConnection object at 0x7fff6e502150>: Failed to establish a new connection: [Errno 113] No route to host'))|blue_error:HTTPConnectionPool(host='192.168.50.69', port=80): Max retries exceeded with url: /rpc/Light.Set (Caused by NewConnectionError('<urllib3.connection.HTTPConnection object at 0x7fff6e4c7310>: Failed to establish a new connection: [Errno 113] No route to host'))"
2025-10-21 14:30:04,2025-10-21T14:29:56.904000,22.72,469.0,1.2882906823971034,38.7795685165122,10.533870554953658,27.79992456104109,32.368125811883765,10.06994544154686,1.6,-877.8062554440835,True,"red_error:HTTPConnectionPool(host='192.168.50.94', port=80): Max retries exceeded with url: /rpc/Light.Set (Caused by NewConnectionError('<urllib3.connection.HTTPConnection object at 0x7fff6e502150>: Failed to establish a new connection: [Errno 113] No route to host'))|blue_error:HTTPConnectionPool(host='192.168.50.69', port=80): Max retries exceeded with url: /rpc/Light.Set (Caused by NewConnectionError('<urllib3.connection.HTTPConnection object at 0x7fff7188c490>: Failed to establish a new connection: [Errno 113] No route to host'))"
2025-10-21 14:45:04,2025-10-21T14:44:56.942000,22.67,468.0,1.1409525198264703,27.476054967202515,6.825351655734171,27.07271252330154,23.34764838485734,7.269892662605619,1.6,-813.8011037838171,True,"red_error:HTTPConnectionPool(host='192.168.50.94', port=80): Max retries exceeded with url: /rpc/Light.Set (Caused by NewConnectionError('<urllib3.connection.HTTPConnection object at 0x7fff6e4c50d0>: Failed to establish a new connection: [Errno 113] No route to host'))|blue_error:HTTPConnectionPool(host='192.168.50.69', port=80): Max retries exceeded with url: /rpc/Light.Set (Caused by NewConnectionError('<urllib3.connection.HTTPConnection object at 0x7fff6e4b9110>: Failed to establish a new connection: [Errno 113] No route to host'))"
2025-10-21 15:00:04,2025-10-21T14:59:56.988000,22.72,468.0,1.0894954346413692,23.947143659419357,5.649047886473118,26.818737510170397,20.520363902406054,6.323409446180662,1.6,-883.6918152348034,True,"red_error:HTTPConnectionPool(host='192.168.50.94', port=80): Max retries exceeded with url: /rpc/Light.Set (Caused by NewConnectionError('<urllib3.connection.HTTPConnection object at 0x7fff6e4ca150>: Failed to establish a new connection: [Errno 113] No route to host'))|blue_error:HTTPConnectionPool(host='192.168.50.69', port=80): Max retries exceeded with url: /rpc/Light.Set (Caused by NewConnectionError('<urllib3.connection.HTTPConnection object at 0x7fff6e4b7790>: Failed to establish a new connection: [Errno 113] No route to host'))"
2025-10-21 15:15:04,2025-10-21T15:14:56.924000,22.61,467.0,1.6390882794476513,89.76734357842453,26.43020307352736,29.53134451996023,72.55765942268366,15.577620938382758,1.6,-890.3007654165308,True,"red_error:HTTPConnectionPool(host='192.168.50.94', port=80): Max retries exceeded with url: /rpc/Light.Set (Caused by NewConnectionError('<urllib3.connection.HTTPConnection object at 0x7fff6ea92990>: Failed to establish a new connection: [Errno 113] No route to host'))|blue_error:HTTPConnectionPool(host='192.168.50.69', port=80): Max retries exceeded with url: /rpc/Light.Set (Caused by NewConnectionError('<urllib3.connection.HTTPConnection object at 0x7fff6e4cae10>: Failed to establish a new connection: [Errno 113] No route to host'))"
2025-10-21 15:30:04,2025-10-21T15:29:58.790000,24.1,468.0,1.5068317980490633,66.94969922912352,18.584909768737056,28.878570631212817,54.13281669046925,13.872169101609842,1.6,-868.6980865980738,True,ok
2025-10-21 15:45:04,2025-10-21T15:43:34.189000,25.84,464.0,1.553434182494559,73.92596768974174,20.67779030692252,29.10858446038545,59.58231555789697,14.539534223219997,1.6,-939.2005599722611,True,ok
2025-10-21 16:00:04,2025-10-21T15:58:40.257000,26.97,453.0,0.9748840387747011,19.0,4.0,26.253053879519594,16.55682351251732,4.364558883142372,1.6,-788.6866076782811,True,ok
2025-10-21 16:15:04,2025-10-21T16:13:46.337000,25.6,452.0,1.4027990526479557,52.36849902837826,14.342124757094565,28.365099691608076,42.821801058361444,12.170988795230485,1.6,-911.2388626264407,True,ok
2025-10-21 16:30:04,2025-10-21T16:28:52.362000,26.1,453.0,1.1642940227724057,29.126966327767164,7.375655442589055,27.187918398175132,24.670321488409815,7.708220608293087,1.6,-892.1454025263021,True,ok
2025-10-21 16:45:04,2025-10-21T16:43:58.419000,25.6,453.0,1.3575808523642698,47.57615546251592,13.14403886562898,28.141917733875637,39.22225290368669,11.361663258656609,1.6,-868.8751402484903,True,ok
2025-10-21 17:00:04,2025-10-21T16:59:04.431000,26.35,454.0,1.1904287111941974,31.002761822163333,8.000920607387776,27.316910505116795,26.173166709218123,8.203555142702744,1.6,-805.6402103542547,True,ok
2025-10-21 17:15:04,2025-10-21T17:14:10.576000,25.86,457.0,1.4112316779813276,53.26221079722752,14.56555269930688,28.4067203182345,43.49307149299557,12.317969721795407,1.6,-825.6299130676028,True,ok
2025-10-21 17:30:04,2025-10-21T17:29:16.544000,26.53,453.0,1.5527893478023367,73.82943743749844,20.64883123124953,29.105401771377018,59.50691113456637,14.530763156583888,1.6,-899.236621480677,True,ok
2025-10-21 17:45:04,2025-10-21T17:44:22.583000,27.53,452.0,1.4092888499173704,53.05630477899879,14.514076194749698,28.39713116678373,43.338414670552524,12.284227712429432,1.6,-757.5610858591278,True,ok
2025-10-21 18:00:04,2025-10-21T17:59:28.679000,27.36,450.0,1.1952913269598497,31.35177201876414,8.117257339588047,27.34091075500446,26.452785840163816,8.296109322811612,1.6,-884.7689472873395,True,ok
2025-10-21 18:15:04,2025-10-21T18:14:34.767000,26.36,450.0,1.1409478001382811,27.475731292416818,6.825243764138939,27.072689228494507,23.347389063888592,7.269804510216745,1.6,-842.7377982899625,True,ok
2025-10-21 18:30:04,2025-10-21T18:29:40.844000,25.97,453.0,1.0333439129924464,20.096289321609174,4.365429773869725,26.541592324102844,17.435145894954797,5.33340891274795,1.6,-807.0945332575741,True,ok
2025-10-21 18:45:04,2025-10-21T18:44:46.886000,25.35,456.0,1.2695291810038871,36.68013216149808,9.893377387166026,27.707324046543203,30.7217483145784,9.713528274187262,1.6,-756.6321347777548,True,ok
2025-10-21 19:00:04,2025-10-21T18:56:51.690000,25.84,457.0,1.3833528208613974,50.307536336411,13.82688408410275,28.26911957622501,41.27380385140632,11.827060734774198,1.6,-1004.338446506998,True,ok
2025-10-21 19:15:04,2025-10-21T19:14:58.939000,26.53,455.0,1.0376320091819842,20.39036565876834,4.463455219589447,26.56275693694727,17.67075325149914,5.407123452620397,1.6,-897.1942414229935,True,ok
2025-10-21 19:30:04,2025-10-21T19:28:34.383000,25.6,453.0,1.7019966820646526,95.0,28.0,29.841839417275906,76.64513905509547,16.16660898382988,1.6,-849.2503816705987,True,ok
2025-10-21 19:45:04,2025-10-21T19:43:40.423000,28.15,453.0,1.0963442461614452,24.416833077915012,5.805611025971671,26.852540959967193,20.89666851554708,6.447491145844508,1.6,-780.4543732050686,True,ok
2025-10-21 20:00:04,2025-10-21T19:58:46.472000,26.65,453.0,0.9726460558365783,19.0,4.0,26.24200794203494,16.55682351251732,4.328898255845726,1.6,-851.7347649029025,True,ok
2025-10-21 20:15:04,2025-10-21T20:13:52.571000,25.6,453.0,1.377539043484149,49.69137694854468,13.67284423713617,28.240424709805414,40.811004104873405,11.722976339195665,1.6,-852.622711684962,True,ok
2025-10-21 20:30:04,2025-10-21T20:28:58.543000,26.65,454.0,1.1326397123501553,26.90596514969598,6.635321716565327,27.031683277662008,22.89090522696476,7.114964427321363,1.6,-909.0151423330134,True,ok
2025-10-21 20:45:04,2025-10-21T20:44:04.684000,26.1,453.0,1.2538013640098176,35.55128119614418,9.51709373204806,27.629696786599812,29.817338274488677,9.413602139239805,1.6,-844.519654000935,True,ok
2025-10-21 21:00:04,2025-10-21T20:59:10.640000,26.22,451.0,0.9188436971155962,19.0,4.0,25.9764574408067,16.55682351251732,3.5064350217300326,1.6,-848.9715775205983,True,ok
2025-10-21 21:15:04,2025-10-21T21:14:16.745000,25.71,451.0,1.0372568562132949,20.364637781866765,4.454879260622255,26.560905306995704,17.650140654359106,5.400660961095909,1.6,-828.6282927309366,True,ok
2025-10-21 21:30:04,2025-10-21T21:29:22.800000,25.47,454.0,1.401873015806056,52.27035521298561,14.317588803246403,28.360529082561033,42.74808485151312,12.154765520308306,1.6,-931.1424598137418,True,ok
2025-10-21 21:45:04,2025-10-21T21:44:28.896000,26.47,454.0,1.0663565172315308,22.360283715765146,5.120094571921715,26.704531529946983,19.24900735552376,5.9092450774410725,1.6,-799.2530098174628,True,ok
2025-10-21 22:00:04,2025-10-21T21:59:34.952000,25.83,454.0,1.3735706860034294,49.2708000056222,13.56770000140555,28.22083822060476,40.49510710417017,11.651617475791681,1.6,-935.6489383511353,True,ok
2025-10-21 22:15:04,2025-10-21T22:14:40.931000,26.58,453.0,1.3884361730371946,50.8462833440287,13.961570836007175,28.2942093074244,41.67845885379822,11.91760668304668,1.6,-961.3156377285911,True,ok
2025-10-21 22:30:04,2025-10-21T22:29:47.038000,26.95,451.0,1.3526211724068498,47.05051556124692,13.01262889031173,28.117438407505304,38.827442700571424,11.270983445180677,1.6,-853.7451041286216,True,ok
2025-10-21 22:45:04,2025-10-21T22:44:53.069000,27.07,450.0,1.3753652567540506,49.460993324601496,13.615248331150374,28.229695623396125,40.63796205623165,11.68391828949176,1.6,-796.3214453992008,True,ok
2025-10-21 23:00:04,2025-10-21T22:59:59.152000,27.12,450.0,1.0297721805599331,19.85134099381074,4.283780331270248,26.523963443877985,17.238898796123078,5.272268206728512,1.6,-870.4672197313142,True,ok
2025-10-21 23:15:04,2025-10-21T23:13:34.544000,26.16,448.0,1.0079782979477934,19.0,4.0,26.41639610688861,16.55682351251732,4.904494100979029,1.6,-917.4463258297769,True,ok
2025-10-21 23:30:04,2025-10-21T23:28:40.545000,25.65,452.0,1.4572185969843876,59.46535954904194,16.339607864712583,28.63369641522191,48.286438954249704,13.093348065239459,1.6,-902.6598079113836,True,ok
2025-10-21 23:45:04,2025-10-21T23:43:46.605000,26.91,451.0,1.5863068270399827,79.75065199355494,22.900260797421975,29.270832871853898,64.41771532290328,14.968366082112492,1.6,-830.6105570576135,True,ok
2025-10-22 00:00:04,2025-10-21T23:58:52.695000,28.31,450.0,1.4738726130299917,61.98453478722069,17.095360436166207,28.715895084825007,50.25428791029325,13.362002827509837,1.6,-903.5573610476765,True,ok
2025-10-22 00:15:04,2025-10-22T00:13:58.751000,28.34,448.0,1.7174125026928437,95.0,28.0,29.917926767198438,76.64513905509547,16.287144228883392,1.6,-881.4020372772762,True,ok
2025-10-22 00:30:04,2025-10-22T00:29:04.732000,29.59,448.0,1.1981593510527495,31.55762205931007,8.185874019770022,27.3550663655299,26.617708269374162,8.350743535412542,1.6,-872.545828353967,True,ok
2025-10-22 00:45:04,2025-10-22T00:44:10.851000,27.71,449.0,1.3388544323352374,45.28905607326838,12.486716821980513,28.049490369292812,37.45299966218484,11.017601797218854,1.6,-890.3899591333263,True,ok
2025-10-22 09:00:04,2025-10-22T08:59:19.503000,23.36,701.0,1.4539778425447565,58.97514575826735,16.192543727480206,28.61770113199902,47.90350938198567,13.040274207299841,1.6,-848.9985191200462,True,ok
2025-10-22 09:15:04,2025-10-22T09:14:25.606000,25.54,723.0,1.0471877180095295,21.04569327427758,4.681897758092526,26.609920729187408,18.19578701875893,5.572584700073147,1.6,-921.8193563319593,True,ok
2025-10-22 09:30:04,2025-10-22T09:29:31.617000,24.97,709.0,0.6663471152363567,19.0,4.0,24.73021851243234,16.55682351251732,0.6501454595456551,1.6,-832.7195956195022,True,ok
2025-10-22 09:45:04,2025-10-22T09:44:37.735000,24.72,685.0,1.3392084527732744,45.33463203705783,12.500389611117349,28.051237696120122,37.48860123979823,11.024146983131557,1.6,-772.8129374288956,True,ok
2025-10-22 10:00:04,2025-10-22T09:59:43.775000,25.69,671.0,1.4414068922600527,57.07359681110149,15.622079043330448,28.555655113415888,46.4181180309452,12.832050697115996,1.6,-874.7171292078363,True,ok
2025-10-22 10:15:04,2025-10-22T10:14:49.731000,26.47,652.0,1.3560154585169366,47.410250913346715,13.102562728336679,28.134191471855512,39.09764134243134,11.33307881188893,1.6,-824.1027718754506,True,ok
2025-10-22 10:30:04,2025-10-22T10:29:55.805000,26.59,631.0,0.9497599119847134,19.0,4.0,26.12904956780154,16.55682351251732,3.9707257608700903,1.6,-822.6463441113336,True,ok
2025-10-22 10:45:04,2025-10-22T10:43:31.221000,25.82,617.0,1.4288199622102926,55.169630679496066,15.05088920384882,28.493530224041194,44.93083850086745,12.619967820513779,1.6,-893.4283208201164,True,"red_error:HTTPConnectionPool(host='192.168.50.94', port=80): Max retries exceeded with url: /rpc/Light.Set (Caused by ConnectTimeoutError(<urllib3.connection.HTTPConnection object at 0x7fff6e502150>, 'Connection to 192.168.50.94 timed out. (connect timeout=5)'))|blue_error:HTTPConnectionPool(host='192.168.50.69', port=80): Max retries exceeded with url: /rpc/Light.Set (Caused by ConnectTimeoutError(<urllib3.connection.HTTPConnection object at 0x7fff6e4df0d0>, 'Connection to 192.168.50.69 timed out. (connect timeout=5)'))"
2025-10-22 11:00:05,2025-10-22T10:58:37.344000,25.71,607.0,1.3213740906926836,43.038667869282854,11.811600360784857,27.96321323209714,35.695113187757926,10.692677795968473,1.6,-814.1132643285147,True,"red_error:HTTPConnectionPool(host='192.168.50.94', port=80): Max retries exceeded with url: /rpc/Light.Set (Caused by ConnectTimeoutError(<urllib3.connection.HTTPConnection object at 0x7fff6f8fa150>, 'Connection to 192.168.50.94 timed out. (connect timeout=5)'))"
2025-10-22 11:15:04,2025-10-22T11:12:12.720000,25.71,596.0,1.2071860036265902,32.20550252967265,8.40183417655755,27.39961891252561,27.136775551201108,8.522881245816338,1.6,-897.1951375073269,True,ok
2025-10-22 11:30:04,2025-10-22T11:28:49.400000,26.07,585.0,1.3691460736359615,48.80186797211269,13.450466993028172,28.198999809429985,40.14289040420089,11.571764212824716,1.6,-853.108436005792,True,"red_error:HTTPConnectionPool(host='192.168.50.94', port=80): Max retries exceeded with url: /rpc/Light.Set (Caused by ConnectTimeoutError(<urllib3.connection.HTTPConnection object at 0x7fff6f8fa150>, 'Connection to 192.168.50.94 timed out. (connect timeout=5)'))|blue_error:HTTPConnectionPool(host='192.168.50.69', port=80): Max retries exceeded with url: /rpc/Light.Set (Caused by ConnectTimeoutError(<urllib3.connection.HTTPConnection object at 0x7fff6e4de5d0>, 'Connection to 192.168.50.69 timed out. (connect timeout=5)'))"
2025-10-22 11:45:04,2025-10-22T11:43:55.478000,26.35,574.0,1.2365739672484137,34.31479914196092,9.104933047320307,27.54466810098822,28.826696623362025,9.084427828462019,1.6,-925.9497188208815,True,"red_error:HTTPConnectionPool(host='192.168.50.94', port=80): Max retries exceeded with url: /rpc/Light.Set (Caused by ConnectTimeoutError(<urllib3.connection.HTTPConnection object at 0x7fff6e4f51d0>, 'Connection to 192.168.50.94 timed out. (connect timeout=5)'))|blue_error:HTTPConnectionPool(host='192.168.50.69', port=80): Max retries exceeded with url: /rpc/Light.Set (Caused by ConnectTimeoutError(<urllib3.connection.HTTPConnection object at 0x7fff6e4dfc90>, 'Connection to 192.168.50.69 timed out. (connect timeout=5)'))"
2025-10-22 12:00:04,2025-10-22T11:59:01.677000,26.35,563.0,1.1261996019230747,26.464304328299953,6.48810144276665,26.999897040171096,22.537056496313575,6.995421145816303,1.6,-866.1665422899384,True,ok
2025-10-22 12:15:04,2025-10-22T12:12:37.045000,26.21,552.0,1.0286065932758914,19.771405371105594,4.257135123701865,26.518210493731175,17.174856170520417,5.252367315337627,1.6,-851.012655991673,True,ok
2025-10-22 12:30:04,2025-10-22T12:29:13.591000,26.1,543.0,1.1553301350677454,28.483590753614365,7.161196917871455,27.143675637643558,24.15486342824874,7.53935944270186,1.6,-908.995263161779,True,ok
2025-10-22 12:45:04,2025-10-22T12:42:49.037000,26.35,536.0,1.6228767150637267,86.66388283787471,25.499164851362412,29.45132964421527,70.13339695540556,15.4012949130308,1.6,-908.3373039843688,True,ok
2025-10-22 13:00:04,2025-10-22T12:59:25.751000,28.46,522.0,1.6212665223956169,86.35563561312475,25.406690683937427,29.44338227015481,69.89261022082887,15.383249622638694,1.6,-856.3704154605235,True,ok
2025-10-22 13:15:04,2025-10-22T13:14:31.850000,29.36,509.0,1.3623542484194089,48.082052506817604,13.270513126704401,28.165477625024213,39.602234169062406,11.44861459339133,1.6,-901.5396770281568,True,ok
2025-10-22 13:30:04,2025-10-22T13:29:37.866000,29.15,500.0,1.2460410081857671,34.99428812032366,9.33142937344122,27.59139425809036,29.371087931889548,9.265372915476794,1.6,-848.0264875207203,True,ok
2025-10-22 13:45:04,2025-10-22T13:44:43.917000,28.53,489.0,1.074085816835974,22.89035674025237,5.296785580084123,26.74268077531274,19.67368995760372,6.046688656377873,1.6,-873.8035372561637,True,ok
2025-10-22 14:00:04,2025-10-22T13:59:49.987000,27.9,485.0,1.1610524876650996,28.894307845252346,7.298102615084115,27.171919261836926,24.483920737596378,7.647086739487875,1.6,-857.6005216056052,True,ok
2025-10-22 14:15:04,2025-10-22T14:14:56.049000,27.9,482.0,0.9265757842716742,19.0,4.0,26.014620444597764,16.55682351251732,3.620384747632891,1.6,-780.5904702115253,True,ok
2025-10-22 14:30:04,2025-10-22T14:28:31.469000,27.72,479.0,1.2154627453952263,32.79955877657791,8.599852925525969,27.440470149858832,27.612720074055545,8.680914212577672,1.6,-915.0702669689059,True,ok
2025-10-22 14:45:04,2025-10-22T14:43:37.568000,27.94,475.0,1.310316722978864,41.61516194593552,11.384548583780656,27.90863775235103,34.58314423747321,10.48554706073498,1.6,-871.782152393107,True,ok
2025-10-22 15:00:04,2025-10-22T14:58:43.528000,28.47,471.0,1.3653199871529809,48.396369282998336,13.349092320749584,28.18011552243121,39.83831873940583,11.502473280571433,1.6,-856.5172985861711,True,ok
2025-10-22 15:15:04,2025-10-22T15:12:18.981000,29.06,466.0,1.4903499703174152,64.47698767999054,17.843096303997164,28.797221825707943,52.201262756938206,13.620761250821737,1.6,-937.3802444025742,True,"red_error:HTTPConnectionPool(host='192.168.50.94', port=80): Max retries exceeded with url: /rpc/Light.Set (Caused by ConnectTimeoutError(<urllib3.connection.HTTPConnection object at 0x7fff6e4ca150>, 'Connection to 192.168.50.94 timed out. (connect timeout=5)'))"
2025-10-22 15:30:04,2025-10-22T15:28:55.577000,29.34,459.0,1.3408500218206632,45.54596472699099,12.563789418097295,28.059339933525653,37.653683369441374,11.0544770575065,1.6,-813.726948713243,True,ok
2025-10-22 15:45:04,2025-10-22T15:44:01.698000,29.59,454.0,1.257662968034025,35.82844460872615,9.60948153624205,27.648756376338085,30.039395375716452,9.487312480200112,1.6,-831.8974232683323,True,ok
2025-10-22 16:00:04,2025-10-22T15:59:07.669000,29.34,451.0,1.4024733494102537,52.333980144261034,14.333495036065258,28.36349212903871,42.79587378834878,12.165284617422776,1.6,-891.3606698626606,True,ok
2025-10-22 16:15:04,2025-10-22T16:14:13.800000,29.9,446.0,1.259585327392976,35.966420350618826,9.655473450206276,27.65824450108662,30.149938441264034,9.523991462935856,1.6,-939.6990550336268,True,ok
2025-10-22 16:30:04,2025-10-22T16:29:19.797000,29.81,443.0,1.1534325071771048,28.347390092261303,7.115796697420435,27.134309579175422,24.045742517362196,7.503692454894537,1.6,-950.9091523278641,True,ok
2025-10-22 16:45:04,2025-10-22T16:44:25.813000,29.34,438.0,1.4193930080571373,54.12716998251814,14.781792495629535,28.447001921938153,44.142745748710496,12.4588927253279,1.6,-834.7411328117464,True,ok
2025-10-22 17:00:04,2025-10-22T16:59:31.899000,30.22,434.0,1.4558274932632318,59.25493378516146,16.27648013554844,28.626830391144246,48.122065268171305,13.070596958356711,1.6,-795.712197195202,True,ok
2025-10-22 17:15:04,2025-10-22T17:14:37.962000,30.58,431.0,1.1056514272038909,25.055116733239146,6.018372244413049,26.89847810193639,21.408047044704237,6.617122315095019,1.6,-888.3705442878388,True,ok
2025-10-22 17:30:04,2025-10-22T17:29:44.029000,29.86,427.0,1.4601490849314456,59.908640776332355,16.472592232899707,28.648160326501714,48.632707243623564,13.14112148950699,1.6,-916.5995253659238,True,ok
2025-10-22 17:45:04,2025-10-22T17:44:50.091000,30.64,428.0,1.1882778700990444,30.84838699395279,7.949462331317596,27.306294670709942,26.04948506402684,8.162649444883101,1.6,-870.2406483960187,True,ok
2025-10-22 18:00:04,2025-10-22T17:59:56.119000,30.1,425.0,1.3828993841442978,50.259479922841116,13.814869980710279,28.266881563796492,41.23770848962592,11.818962844035312,1.6,-993.3649114681215,True,ok
2025-10-22 18:15:04,2025-10-22T18:13:31.595000,30.55,424.0,1.3933316261351647,51.36511631413481,14.091279078533702,28.31837163143415,42.06815634406858,12.004384873550784,1.6,-806.3919674541089,True,ok
2025-10-22 18:30:04,2025-10-22T18:28:37.629000,30.8,423.0,1.2231695322913991,33.35270698721655,8.784235662405516,27.478508280003858,28.05588999702444,8.828178492727437,1.6,-804.9340659883161,True,ok
2025-10-22 18:45:04,2025-10-22T18:43:43.648000,30.46,421.0,1.216889932072024,32.9019939116288,8.633997970542934,27.447514267373,27.694788803623343,8.708178723558378,1.6,-861.7520814603786,True,ok
2025-10-22 19:00:04,2025-10-22T18:58:49.711000,30.11,420.0,1.3174751891034056,42.53673018840524,11.661019056521571,27.943969554015258,35.30302552099123,10.61977225728357,1.6,-819.6397200528943,True,ok
2025-10-22 19:15:04,2025-10-22T19:13:55.715000,30.46,420.0,1.5097216964493017,67.38231029192339,18.714693087577015,28.89283420602488,54.47075000110272,13.915456356129802,1.6,-944.7339436308689,True,ok
2025-10-22 19:30:04,2025-10-22T19:29:01.798000,31.34,419.0,0.9549038506399029,19.0,4.0,26.1544383336595,16.55682351251732,4.050182032591565,1.6,-852.5975409537384,True,ok
2025-10-22 19:45:04,2025-10-22T19:44:07.836000,30.14,418.0,1.2957644817008742,39.741732193634924,10.822519658090476,27.836812742124156,33.11971814213302,10.21136203013543,1.6,-835.0347496337833,True,ok
2025-10-22 20:00:04,2025-10-22T19:59:13.875000,30.52,417.0,1.1842801362271638,30.561452974934,7.853817658311333,27.28656318943864,25.81959997236416,8.086677202695652,1.6,-935.4068129264687,True,ok
2025-10-22 20:15:04,2025-10-22T20:14:19.967000,30.33,416.0,0.9882502308496499,19.0,4.0,26.319024946390893,16.55682351251732,4.579826641218246,1.6,-814.6557760701976,True,ok
2025-10-22 20:30:04,2025-10-22T20:29:26.023000,29.61,416.0,1.262543666304195,36.17875266202814,9.726250887342713,27.672845875438092,30.320054320302003,9.580415281052415,1.6,-820.8060413239601,True,ok
2025-10-22 20:45:04,2025-10-22T20:44:32.083000,30.09,420.0,1.7176720653525692,95.0,28.0,29.919207881930742,76.64513905509547,16.289092021420686,1.6,-868.4825467182209,True,ok
2025-10-22 21:00:04,2025-10-22T20:59:38.090000,32.33,419.0,0.9947886894222747,19.0,4.0,26.351296597532155,16.55682351251732,4.686531203310635,1.6,-781.8360188853733,True,ok
2025-10-22 21:15:04,2025-10-22T21:14:44.118000,30.55,418.0,1.5570905726160298,74.4733207788088,20.84199623364264,29.12663118273229,60.00987938457483,14.589012731194083,1.6,-865.0998676675914,True,ok
2025-10-22 21:30:04,2025-10-22T21:29:50.208000,31.77,417.0,1.422874902868594,54.49619033476588,14.87404758369147,28.464187393623536,44.41991839080419,12.518603217796699,1.6,-836.7862786296581,True,ok
2025-10-22 21:45:04,2025-10-22T21:44:56.241000,31.67,416.0,1.3737027834157913,49.28480003614594,13.571200009036485,28.22149020938179,40.505622582316626,11.653996846429477,1.6,-856.970380473936,True,ok
2025-10-22 22:00:04,2025-10-22T21:58:31.717000,31.57,414.0,1.0534620853056857,21.475987481983722,4.825329160661241,26.640888913854276,18.54052907380947,5.682100007713875,1.6,-852.8431778379087,True,ok
2025-10-22 22:15:04,2025-10-22T22:12:07.122000,30.36,412.0,1.4651661041182353,60.66754184080951,16.700262552242854,28.67292266018736,49.225521369786286,13.222419574553278,1.6,-1126.2404652374826,True,ok
2025-10-22 22:30:04,2025-10-22T22:28:43.736000,31.21,410.0,1.5754411381792335,77.70469239501384,22.081876958005537,29.217203455007592,62.696579599680206,14.830655187095358,1.6,-828.105758854399,True,ok
2025-10-22 22:45:04,2025-10-22T22:43:49.815000,32.33,410.0,1.4636009537652774,60.43078885567959,16.629236656703878,28.665197599974277,49.04058222479654,13.197124155929517,1.6,-812.1428858329585,True,ok
2025-10-22 23:00:04,2025-10-22T22:58:55.898000,32.13,409.0,1.3096164280360068,41.52500721607143,11.357502164821428,27.90518133003974,34.512720041348736,10.47239168665951,1.6,-841.2446758041691,True,ok
2025-10-22 23:15:04,2025-10-22T23:14:01.938000,31.33,408.0,1.6065078736945018,83.55441683838595,24.421766735354375,29.370538501717867,67.61758083434687,15.213441105978733,1.6,-828.3050462112919,True,ok
2025-10-22 23:30:04,2025-10-22T23:29:07.982000,32.57,406.0,1.4474145960251787,57.98235410555681,15.894706231667042,28.585307135817608,47.12799206673626,12.932021168499258,1.6,-950.7958153580695,True,ok
2025-10-22 23:45:04,2025-10-22T23:44:14.034000,32.34,405.0,1.5096491291249243,67.37144713240164,18.71143413972049,28.892476037910704,54.46226426466,13.91437234057034,1.6,-991.5502709076385,True,ok
2025-10-23 00:00:05,2025-10-22T23:57:49.506000,32.52,404.0,1.2954396217942274,39.699910304977664,10.8099730914933,27.835209341955654,33.0870490531841,10.205222959853002,1.6,-802.2425002053498,True,ok
2025-10-23 00:15:04,2025-10-23T00:14:26.148000,31.63,405.0,0.9355567443465186,19.0,4.0,26.05894746865546,16.55682351251732,3.7545699858639052,1.6,-790.6518234741623,True,ok
2025-10-23 00:30:04,2025-10-23T00:29:32.189000,30.33,405.0,0.9820946710250894,19.0,4.0,26.288643155785216,16.55682351251732,4.4802060727083095,1.6,-790.4396116527051,True,ok
2025-10-23 00:45:04,2025-10-23T00:44:38.195000,29.77,406.0,1.1633447183537258,29.05883079377376,7.352943597924587,27.18323294812812,24.615732828859716,7.690309235564853,1.6,-967.5180014066825,True,ok
2025-10-23 09:00:04,2025-10-23T08:59:45.712000,23.91,528.0,1.8134462551370762,95.0,28.0,30.391917344984194,76.64513905509547,16.820728920158583,1.6,-835.6471588293266,True,ok
2025-10-23 09:15:04,2025-10-23T09:14:50.043000,27.21,523.0,1.1031540255056358,24.883845681617263,5.961281893872421,26.886151759959837,21.27082852479537,6.571494155102508,1.6,-922.8168774695874,True,ok
2025-10-23 09:30:04,2025-10-23T09:29:56.069000,26.1,498.0,1.31118799109954,41.72732745970931,11.418198237912792,27.91293804125378,34.67076211567347,10.501908322905006,1.6,-806.2696840398427,True,ok
2025-10-23 09:45:04,2025-10-23T09:43:31.446000,26.47,485.0,1.0573810245645836,21.744747148713625,4.914915716237875,26.660231491191457,18.75585328260393,5.75084356704874,1.6,-883.1958844128742,True,ok
2025-10-23 10:00:04,2025-10-23T09:57:06.888000,25.85,483.0,1.2021262392349403,31.842342154642154,8.280780718214052,27.374645602762975,26.84581961510253,8.426359646849232,1.6,-896.022703302569,True,ok
2025-10-23 10:15:04,2025-10-23T10:13:43.619000,25.72,479.0,1.4060936164547098,52.717665548995335,14.429416387248834,28.38136055992333,43.08406140920823,12.228575386152313,1.6,-874.9796130496902,True,ok
2025-10-23 10:30:04,2025-10-23T10:28:49.650000,26.6,474.0,1.540142120625061,71.93617697194665,20.080853091583997,29.04297927548813,58.02799431520764,14.356035280355918,1.6,-844.600343936424,True,ok
2025-10-23 10:45:04,2025-10-23T10:43:55.714000,27.58,473.0,1.355945682855324,47.40285590556478,13.100713976391194,28.133847082457812,39.09208692291832,11.331803906588299,1.6,-944.3291824376058,True,ok
2025-10-23 11:00:04,2025-10-23T10:57:31.174000,27.07,473.0,1.6568875879667195,93.17475410893675,27.452426232681027,29.619195971292815,75.21935169151044,15.75982156628291,1.6,-886.6042785084022,True,ok
2025-10-23 11:15:04,2025-10-23T11:14:07.796000,28.64,473.0,1.69701790617449,95.0,28.0,29.81726583974946,76.64513905509547,16.125649361292105,1.6,-776.3461055961997,True,ok
2025-10-23 11:30:04,2025-10-23T11:29:13.828000,29.24,473.0,1.5328256791091692,70.8409227097754,19.752276812932617,29.006867759972092,57.17243852704654,14.25264703113633,1.6,-859.4496711064503,True,ok
2025-10-23 11:45:04,2025-10-23T11:44:19.956000,28.83,472.0,1.370262549314403,48.920194995312485,13.480048748828121,28.20451036106875,40.231766298041435,11.59194218678634,1.6,-956.7492096907299,True,ok
2025-10-23 12:00:04,2025-10-23T11:59:25.931000,27.66,473.0,1.3711590377184528,49.01520718969582,13.503801797423955,28.20893512888005,40.303130331997664,11.608130570345727,1.6,-777.0156845482616,True,ok
2025-10-23 12:15:04,2025-10-23T12:14:32.016000,27.15,476.0,1.3822916528366493,50.19507096353468,13.79876774088367,28.263882004721488,41.18933066624375,11.808104053239322,1.6,-869.0255849011864,True,ok
2025-10-23 12:30:04,2025-10-23T12:28:07.437000,27.1,475.0,1.2164117620954336,32.867673659817584,8.622557886605861,27.44515417982341,27.667292188685565,8.69904352402153,1.6,-923.9506911793557,True,ok
2025-10-23 12:45:04,2025-10-23T12:44:44.141000,26.35,475.0,1.3236938137881178,43.33730490952065,11.901191472856194,27.97466261174047,35.92839294494255,10.735983431276924,1.6,-956.3312678193373,True,ok
2025-10-23 13:00:04,2025-10-23T12:59:50.177000,26.48,475.0,1.5647268735534863,75.6872452885038,21.27489811540152,29.16432141768997,60.999429623110096,14.69093238288242,1.6,-942.3882932168316,True,ok
2025-10-23 13:15:04,2025-10-23T13:14:56.272000,27.85,475.0,1.1864639714913487,30.7181959321466,7.906065310715534,27.297341872061303,25.945178909325058,8.128168727227301,1.6,-814.4348061104079,True,ok
2025-10-23 13:30:04,2025-10-23T13:28:31.674000,26.69,477.0,1.2316057082900245,33.9582064931896,8.9860688310632,27.520146431529934,28.541002602034894,8.98944642408104,1.6,-762.3797754885297,True,ok
2025-10-23 13:45:04,2025-10-23T13:43:37.744000,26.12,478.0,1.5224916629839884,69.293944553541,19.2881833660623,28.955862502452177,55.964019476385786,14.103807021574575,1.6,-926.8799038304186,True,ok
2025-10-23 14:00:04,2025-10-23T13:58:43.835000,27.47,474.0,0.9059326185693303,19.0,4.0,25.912732662546727,16.55682351251732,3.319462248074254,1.6,-973.0423979456692,True,ok
2025-10-23 14:15:04,2025-10-23T14:13:49.881000,25.97,477.0,1.0647552242108171,22.250467525680854,5.08348917522695,26.696628081578318,19.161025090437512,5.880888974526943,1.6,-966.4995997124537,True,ok
2025-10-23 14:30:04,2025-10-23T14:27:25.294000,25.47,477.0,1.3172062228932455,42.502103955177546,11.650631186553262,27.9426420264938,35.275977304624156,10.614737488819797,1.6,-853.9828992311346,True,ok
2025-10-23 14:45:04,2025-10-23T14:44:01.977000,25.9,477.0,1.237639037842769,34.39124369679402,9.130414565598006,27.549924934273935,28.887942283793,9.104788457048638,1.6,-785.4853981693323,True,ok
2025-10-23 15:00:04,2025-10-23T14:59:08.026000,25.84,478.0,1.571430661455075,76.94953794013541,21.779815176054168,29.19740907926679,62.06131617132655,14.778807911718342,1.6,-905.9574204208515,True,ok
2025-10-23 15:15:04,2025-10-23T15:14:14.065000,27.56,475.0,1.5426060625954825,72.30502334883428,20.191507004650283,29.055140471405878,58.31611796246272,14.390475464033358,1.6,-818.7056282018369,True,ok
2025-10-23 15:30:04,2025-10-23T15:29:20.141000,28.0,474.0,1.0941681679508275,24.267598293697336,5.755866097899112,26.8418005635742,20.77710495816041,6.407996549363992,1.6,-908.4265234622278,True,ok
2025-10-23 15:45:04,2025-10-23T15:44:26.197000,26.16,475.0,1.137016514946804,27.20612494537209,6.735374981790696,27.0532857157511,23.131386513841854,7.196451556105308,1.6,-807.6037720818063,True,ok
2025-10-23 16:00:04,2025-10-23T15:59:32.173000,25.69,476.0,1.6447917563731487,90.85918865294828,26.757756595884484,29.55949498013176,73.41055213038436,15.637314125624105,1.6,-895.1087569845806,True,ok
2025-10-23 16:15:04,2025-10-23T16:14:38.225000,27.98,475.0,1.999999999954895,95.0,28.0,31.312684419515026,76.64513905509547,16.810282488965132,1.6,-816.6188681356367,True,ok
2025-10-23 16:30:04,2025-10-23T16:29:44.340000,29.2,473.0,1.5236926658684489,69.47373188939659,19.342119566818976,28.96179025219265,56.10446001256264,14.121271594704432,1.6,-947.5274689785302,True,ok
2025-10-23 16:45:04,2025-10-23T16:44:50.409000,28.61,472.0,0.9126733664742276,19.0,4.0,25.946002746374866,16.55682351251732,3.4165602153223817,1.6,-829.9832669728643,True,ok
2025-10-23 17:00:04,2025-10-23T16:59:56.396000,26.35,473.0,1.2363112863996493,34.29594544282266,9.098648480940888,27.543371595914635,28.811591463055834,9.079406154325975,1.6,-881.7612636230303,True,ok
2025-10-23 17:15:04,2025-10-23T17:13:31.892000,26.16,479.0,1.1797988396553893,30.239811645880376,7.746603881960125,27.264445003933826,25.56190816340805,8.001612848392966,1.6,-924.0570290876716,True,ok
2025-10-23 17:30:04,2025-10-23T17:28:37.884000,26.1,479.0,1.3350839087575088,44.80364555008308,12.341093665024925,28.030880322265855,37.07382215328183,10.947800778384563,1.6,-849.1173773005572,True,ok
2025-10-23 17:45:04,2025-10-23T17:43:43.979000,26.53,479.0,1.5621425455330302,75.22195603745263,21.088782414981047,29.15156603637427,60.60801136040983,14.656655678910639,1.6,-844.2938932321811,True,ok
2025-10-23 18:00:04,2025-10-23T17:58:50.047000,27.78,477.0,1.2573574725768384,35.80651792672786,9.602172642242618,27.64724855263467,30.021828210560248,9.481482603800286,1.6,-829.9242468426415,True,ok
2025-10-23 18:15:04,2025-10-23T18:12:25.511000,26.84,476.0,1.2520216358392366,35.423542689002005,9.474514229667333,27.62091264183399,29.714997051500717,9.379618491366433,1.6,-808.883194750347,True,ok
2025-10-23 18:30:04,2025-10-23T18:29:02.117000,26.32,478.0,1.31941902429557,42.786976086133556,11.736092825840068,27.953563676315014,35.498504629048384,10.656138384459913,1.6,-847.2540942231807,True,ok
2025-10-23 18:45:04,2025-10-23T18:42:37.529000,26.35,479.0,1.3871397441326643,50.70888440554274,13.927221101385685,28.28781056667048,41.57525796916123,11.894556119116663,1.6,-868.1677859455248,True,ok
2025-10-23 19:00:04,2025-10-23T18:59:14.178000,26.78,478.0,1.2113560613800203,32.50480495176441,8.501601650588139,27.42020092701157,27.376569929618547,8.602483313769865,1.6,-877.5143029000675,True,ok
2025-10-23 19:15:04,2025-10-23T19:14:20.329000,26.16,478.0,1.0943632581093654,24.28097751764725,5.760325839215751,26.842763463540223,20.787824091899306,6.411534691683189,1.6,-853.0655677109146,True,ok
2025-10-23 19:30:04,2025-10-23T19:29:26.390000,25.38,481.0,1.3566789677602786,47.480571364697525,13.120142841174381,28.13746633222089,39.150459310804635,11.345198771083146,1.6,-864.128133071788,True,ok
2025-10-23 19:45:04,2025-10-23T19:44:32.401000,26.12,480.0,1.4034107625121623,52.433329645552625,14.358332411388156,28.368118887511525,42.870495590631364,12.181696546074036,1.6,-800.031477209362,True,ok
2025-10-23 20:00:04,2025-10-23T19:59:38.453000,26.69,478.0,1.3341563276499604,44.684230402178585,12.305269120653575,28.026302091238534,36.980541237139796,10.930604042078903,1.6,-856.2364560148415,True,ok
2025-10-23 20:15:04,2025-10-23T20:14:44.464000,26.56,476.0,1.2991496219634469,40.17752915181251,10.953258745543753,27.85352066562089,33.46014010889413,10.27528823539433,1.6,-902.1979274001333,True,ok
2025-10-23 20:30:04,2025-10-23T20:29:50.578000,26.23,477.0,1.277587039720508,37.40160052757721,10.120480158273162,27.74709495012239,31.291728732636702,9.866824952698314,1.6,-802.3296661911666,True,ok
2025-10-23 20:45:04,2025-10-23T20:44:56.540000,25.97,476.0,1.2455897263036595,34.961897739099356,9.320632579699785,27.589166881208794,29.34513748592221,9.256749792868685,1.6,-892.98473290457,True,ok
2025-10-23 21:00:04,2025-10-23T20:58:31.986000,25.84,478.0,1.6593909584442335,93.65398682282091,27.596196046846273,29.631551773173385,75.593703416403,15.784476449775191,1.6,-838.4339996910705,True,ok
2025-10-23 21:15:04,2025-10-23T21:13:38.097000,28.06,473.0,1.13598662746748,27.135495574150276,6.711831858050093,27.0482025345887,23.07479984791452,7.177259949471436,1.6,-854.1880118909044,True,ok
2025-10-23 21:30:04,2025-10-23T21:28:44.184000,26.58,480.0,1.4653906400555172,60.70150634352962,16.710451903058885,28.67403089469801,49.25205267662329,13.226043430166895,1.6,-897.4348217884371,True,ok
2025-10-23 21:45:04,2025-10-23T21:43:50.152000,27.16,480.0,0.6393183569035601,19.0,4.0,24.596813574554552,16.55682351251732,0.44469617796177374,1.6,-871.3513118277912,True,ok
2025-10-23 22:00:04,2025-10-23T21:58:56.201000,25.71,479.0,1.1014062325625626,24.763982571254758,5.921327523751587,26.877525236827587,21.174796892830344,6.539609380261142,1.6,-890.8648289831162,True,ok
2025-10-23 22:15:04,2025-10-23T22:14:02.317000,25.35,482.0,1.4776719102415208,62.55923673488046,17.267771020464135,28.73464714891329,50.703215245954134,13.422303477126995,1.6,-811.2349736114223,True,ok
2025-10-23 22:30:04,2025-10-23T22:29:08.372000,26.78,477.0,1.6865175292724817,95.0,28.0,29.765439480911287,76.64513905509547,16.03603542731556,1.6,-926.7715097315738,True,ok
2025-10-23 22:45:04,2025-10-23T22:44:14.336000,28.59,476.0,1.546483993442201,72.88554056872164,20.36566217061649,29.074280644895573,58.76958788698712,14.444290226304165,1.6,-930.1156114865305,True,ok
2025-10-23 23:00:04,2025-10-23T22:59:20.395000,28.59,476.0,1.2343330679094684,34.15396045830996,9.051320152769987,27.533607769121634,28.697836282366403,9.041587708205986,1.6,-795.3091835329004,True,ok
2025-10-23 23:15:04,2025-10-23T23:14:26.522000,26.87,475.0,0.9260553598140068,19.0,4.0,26.01205180302014,16.55682351251732,3.6126691114522957,1.6,-898.6416913807979,True,ok
2025-10-23 23:30:04,2025-10-23T23:29:32.532000,25.79,476.0,1.2438524927645465,34.83720924873783,9.279069749579275,27.580592475773255,29.24523986787726,9.2235519688692,1.6,-868.7817747279838,True,ok
2025-10-23 23:45:04,2025-10-23T23:44:38.535000,26.1,476.0,0.9710908812268082,19.0,4.0,26.234332118763632,16.55682351251732,4.304183294843669,1.6,-936.2192584075115,True,ok
2025-10-24 00:00:05,2025-10-23T23:59:44.646000,25.6,476.0,1.3125608566959275,41.90406774356318,11.471220323068955,27.91971404802944,34.80882245296232,10.52767542238289,1.6,-868.0121568058515,True,ok
2025-10-24 00:15:04,2025-10-24T00:14:50.664000,26.16,476.0,1.4815225182993668,63.14170023465698,17.442510070397095,28.753652466228417,51.15820550332001,13.483032944363291,1.6,-842.4964872489929,True,ok
2025-10-24 00:30:04,2025-10-24T00:29:56.781000,27.21,473.0,1.4473452710931365,57.971867646812505,15.891560294043753,28.584964971070765,47.119800589390884,12.930872330125522,1.6,-914.0677893371029,True,ok
2025-10-24 00:45:04,2025-10-24T00:43:32.228000,27.53,474.0,1.6839338074952046,95.0,28.0,29.752687091809754,76.64513905509547,16.013316408753198,1.6,-913.9405805904887,True,ok
2025-10-24 09:00:04,2025-10-24T08:58:43.302000,22.61,622.0,1.2889039460947371,38.85851899810506,10.557555699431518,27.80295142614818,32.42979783073624,10.081563044202921,1.6,-912.3093551775875,True,"red_error:RPC错误: HTTPConnectionPool(host='192.168.50.94', port=80): Max retries exceeded with url: /rpc/Light.Set (Caused by ConnectTimeoutError(<urllib3.connection.HTTPConnection object at 0x7fff5f3c5910>, 'Connection to 192.168.50.94 timed out. (connect timeout=5)'))"
2025-10-24 09:15:04,2025-10-24T09:13:47.513000,25.66,578.0,1.1725741509036385,29.72126562802738,7.573755209342459,27.228786349464887,25.146460740153405,7.864712797158044,1.6,-805.826762655352,True,ok
2025-10-24 09:30:04,2025-10-24T09:28:53.612000,25.07,545.0,1.3598532859777934,47.81699394211698,13.204248485529245,28.153133708405832,39.40314763564998,11.403097716659465,1.6,-895.8312470093962,True,ok
2025-10-24 09:45:04,2025-10-24T09:43:59.643000,25.35,519.0,0.93759635065053,19.0,4.0,26.069014285226594,16.55682351251732,3.785315168161577,1.6,-878.145261096679,True,ok
2025-10-24 10:00:04,2025-10-24T09:59:05.713000,24.53,509.0,1.3887987878147774,50.884714210036925,13.971178552509231,28.29599905304576,41.707324428839186,11.924048815175857,1.6,-895.5877353629413,True,ok
2025-10-24 10:15:04,2025-10-24T10:14:11.715000,25.35,501.0,1.29373695307615,39.48071175172234,10.7442135255167,27.826805536950452,32.915822519335826,10.173034653706448,1.6,-881.8281667204096,True,ok
2025-10-24 10:30:04,2025-10-24T10:29:17.768000,25.35,493.0,1.648974103802913,91.6598363106465,26.99795089319395,29.580137652361884,74.03597652860891,15.680304199345805,1.6,-895.4934258030546,True,ok
2025-10-24 10:45:04,2025-10-24T10:44:23.824000,27.19,487.0,1.119095666169132,25.977118567161824,6.325706189053941,26.964834382231956,22.146734206405323,6.864077683180458,1.6,-891.2483579892495,True,ok
2025-10-24 11:00:04,2025-10-24T10:59:29.881000,25.83,481.0,1.42555555360229,54.78029273635098,14.945073184087745,28.477418191731154,44.63330882521481,12.564401384258147,1.6,-880.0941775453593,True,ok
2025-10-24 11:15:04,2025-10-24T11:14:35.991000,26.22,478.0,1.3037329477155883,40.76757838646439,11.130273515939319,27.876142433136426,33.92105594866059,10.361705486027406,1.6,-932.5661873868919,True,ok
2025-10-24 11:30:04,2025-10-24T11:29:42.001000,25.84,478.0,0.9705957288226952,19.0,4.0,26.231888211614905,16.55682351251732,4.296325623484743,1.6,-911.3907029370313,True,ok
2025-10-24 11:45:04,2025-10-24T11:44:48.052000,25.09,481.0,1.3467652381127664,46.30747918934948,12.792243756804844,28.088535468602238,38.248538946399016,11.163495396752918,1.6,-851.096921973375,True,ok
2025-10-24 12:00:04,2025-10-24T11:59:54.100000,25.79,481.0,1.2020413761687663,31.83625117874832,8.278750392916107,27.374226746967544,26.84093966201625,8.424741443893582,1.6,-798.9836858402552,True,ok
2025-10-24 12:15:04,2025-10-24T12:13:29.561000,25.5,479.0,1.4371808293760877,56.434340013034394,15.430302003910318,28.53479667628158,45.91876379641028,12.761235130160967,1.6,-828.0108515131817,True,ok
2025-10-24 12:30:04,2025-10-24T12:28:35.635000,26.16,477.0,1.4744982368592459,62.07916998240459,17.123750994721377,28.718982955420056,50.32821201339861,13.371958207741425,1.6,-872.9738166028393,True,ok
2025-10-24 12:45:04,2025-10-24T12:43:41.700000,26.71,476.0,1.3820422862190804,50.16864243480621,13.792160608701552,28.262651214253204,41.16948009407421,11.803646659918059,1.6,-795.2196332161233,True,ok
2025-10-24 13:00:04,2025-10-24T12:58:47.714000,26.53,477.0,1.6204572834509816,86.20071896011564,25.360215688034693,29.43938813658019,69.77159737135432,15.37414456940919,1.6,-857.490606181888,True,ok
2025-10-24 13:15:04,2025-10-24T13:13:53.712000,27.75,475.0,1.3016709627794678,40.50212210008694,11.050636630026082,27.86596516309978,33.713695274378665,10.322847291082036,1.6,-909.4340117300494,True,ok
2025-10-24 13:30:04,2025-10-24T13:28:59.854000,26.59,473.0,1.4601910761112777,59.91499258601992,16.474497775805975,28.64836758096261,48.637668947705606,13.141804513177926,1.6,-883.1747267512695,True,ok
2025-10-24 13:45:04,2025-10-24T13:44:05.827000,26.9,472.0,1.5557491275623887,74.27250957717781,20.781752873153344,29.12001025727785,59.853016095549705,14.570910840796117,1.6,-874.9254041597995,True,ok
2025-10-24 14:00:04,2025-10-24T13:59:11.903000,27.53,472.0,1.583831220190476,79.28450652768772,22.71380261107509,29.258614101982864,64.02557678111847,14.937347942736196,1.6,-887.9870771576851,True,ok
2025-10-24 14:15:04,2025-10-24T14:14:17.971000,27.83,471.0,1.3801496768923511,49.96805873017534,13.742014682543836,28.253309925742997,41.01882088236723,11.769783103253594,1.6,-940.2475900087342,True,ok
2025-10-24 14:30:04,2025-10-24T14:29:24.045000,27.0,471.0,1.1820153892646408,30.398902647962977,7.799634215987658,27.27538515365452,25.689368301183038,8.043674170215228,1.6,-965.0810205967008,True,ok
2025-10-24 14:45:04,2025-10-24T14:44:30.039000,26.01,473.0,1.4296125385596066,55.28952000277343,15.086856000832029,28.497442116601768,45.02448981820204,12.633424631833893,1.6,-915.1306687127383,True,ok
2025-10-24 15:00:04,2025-10-24T14:59:36.141000,26.44,473.0,1.1431247250511982,27.625024143221594,6.875008047740531,27.0834338039277,23.466999142920702,7.310486359113686,1.6,-844.5731954189077,True,ok
2025-10-24 15:15:04,2025-10-24T15:14:42.134000,25.72,474.0,0.9674990341721116,19.0,4.0,26.21660395947128,16.55682351251732,4.247308209239844,1.6,-889.8004082348067,True,ok
2025-10-24 15:30:04,2025-10-24T15:29:48.195000,25.12,473.0,1.3019542244439317,40.53858870476697,11.061576611430091,27.86736324821659,33.7421810934128,10.328187326261112,1.6,-878.4267157272506,True,ok
2025-10-24 15:45:04,2025-10-24T15:44:54.242000,25.47,473.0,1.1944842168196315,31.29384236067644,8.097947453558813,27.33692712849855,26.406373899171182,8.280740113969697,1.6,-903.5827271889264,True,ok
2025-10-24 16:00:04,2025-10-24T15:58:29.698000,25.35,476.0,0.9844925647885969,19.0,4.0,26.300478359778662,16.55682351251732,4.518915979898689,1.6,-832.8409634658016,True,ok
2025-10-24 16:15:04,2025-10-24T16:13:35.785000,24.64,478.0,0.8715196124321444,19.0,4.0,25.74288153992417,16.55682351251732,2.8417824768843296,1.6,-835.9405484608528,True,ok
2025-10-24 16:30:04,2025-10-24T16:28:41.842000,24.35,476.0,1.206322120651721,32.14349804866288,8.381166016220957,27.395355074239845,27.087098953601522,8.5063962585591,1.6,-842.5467666306596,True,ok
2025-10-24 16:45:04,2025-10-24T16:43:47.879000,24.82,475.0,1.3108916860522426,41.689181673039066,11.40675450191172,27.911475578348867,34.64096460681467,10.496344847461856,1.6,-817.492915943902,True,ok
2025-10-24 17:00:04,2025-10-24T16:58:53.956000,25.16,474.0,1.7228430916377921,95.0,28.0,29.94473034329766,76.64513905509547,16.32733004825259,1.6,-925.8377735262518,True,ok
2025-10-24 17:15:04,2025-10-24T17:13:59.942000,27.19,473.0,1.4895919026838016,64.36231832899227,17.80869549869768,28.79348025666048,52.11168901104221,13.609016375343778,1.6,-815.7597838393646,True,ok
2025-10-24 17:30:04,2025-10-24T17:29:05.993000,26.84,473.0,1.6046508231962575,83.20474270906467,24.281897083625868,29.3613727197273,67.32342222247061,15.191516380265313,1.6,-859.9629534719071,True,ok
2025-10-24 17:45:04,2025-10-24T17:44:12.032000,27.36,471.0,1.326293986379199,43.672046520808784,12.001613956242634,27.987496196573105,36.18987571927862,10.784459693615442,1.6,-834.5700419559479,True,ok
2025-10-24 18:00:04,2025-10-24T17:59:18.113000,26.47,472.0,1.2521224561876338,35.43077898553688,9.476926328512295,27.621410257453217,29.720794609761352,9.381543829131681,1.6,-803.7907209782543,True,ok
2025-10-24 18:15:04,2025-10-24T18:14:24.143000,25.65,472.0,0.9691404385645028,19.0,4.0,26.22470538419465,16.55682351251732,4.273263102336584,1.6,-833.9664026813415,True,ok
2025-10-24 18:30:04,2025-10-24T18:29:30.198000,24.82,472.0,1.3107656638910132,41.67295780334187,11.401887341002562,27.910853574985524,34.62829136179275,10.493978401306393,1.6,-829.2860215975834,True,ok
2025-10-24 18:45:04,2025-10-24T18:44:36.301000,25.1,473.0,1.1869895176529632,30.75591657017922,7.918638856726407,27.29993579266168,25.97539983733268,8.13815729985739,1.6,-831.1518358538905,True,ok
2025-10-24 19:00:04,2025-10-24T18:59:42.379000,24.87,473.0,1.4163126103897696,53.80070135154892,14.70017533788723,28.43179810626914,43.8975338723051,12.405860276866907,1.6,-884.5234009322826,True,ok
2025-10-24 19:15:04,2025-10-24T19:14:48.440000,25.6,473.0,1.2684772049580975,36.60462745698209,9.868209152327363,27.70213184358258,30.661255641112987,9.693494109109803,1.6,-855.1278166427888,True,ok
2025-10-24 19:30:04,2025-10-24T19:29:54.460000,25.22,475.0,1.1920281019604406,31.117556762308716,8.039185587436238,27.32480456459174,26.26513783703342,8.233986577423087,1.6,-790.099084283723,True,ok
2025-10-24 19:45:04,2025-10-24T19:43:29.930000,24.72,477.0,1.3508992927595358,46.839690058104686,12.951907017431406,28.10893978375964,38.6642744564194,11.239424163799086,1.6,-843.3790806146159,True,ok
2025-10-24 20:00:04,2025-10-24T19:58:35.896000,25.35,476.0,1.3504717751122144,46.78465219384546,12.935395658153638,28.10682969921634,38.62128173321222,11.231582386171604,1.6,-846.3894254064289,True,ok
2025-10-24 20:15:04,2025-10-24T20:13:41.943000,25.35,476.0,1.451218848131834,58.557805557064505,16.06734166711935,28.60408365561593,47.57750487590543,12.994891879599873,1.6,-858.6043012256534,True,ok
2025-10-24 20:30:04,2025-10-24T20:28:47.992000,25.97,475.0,1.3022320845303876,40.57435991986706,11.072307975960117,27.868734672945614,33.77012371019638,10.33342492995386,1.6,-782.9241945297232,True,ok
2025-10-24 20:45:04,2025-10-24T20:43:54.055000,25.47,476.0,1.17616289595259,29.978844814919338,7.659614938306445,27.246499198291303,25.352827399608934,7.932676865723494,1.6,-902.1202337523664,True,ok
2025-10-24 21:00:04,2025-10-24T20:59:00.098000,24.84,477.0,1.7033916847655304,95.0,28.0,29.84872468541729,76.64513905509547,16.17790813333427,1.6,-951.9292715884087,True,ok
2025-10-24 21:15:04,2025-10-24T21:14:06.210000,26.97,476.0,1.3410691932525476,45.57418046871096,12.57225414061329,28.060421690626555,37.675724042533965,11.058524082229345,1.6,-817.944467771883,True,ok
2025-10-24 21:30:04,2025-10-24T21:29:12.209000,25.97,477.0,1.5972892596928912,81.81859391509454,23.727437566037814,29.32503849712787,66.15734337677603,15.103392293743523,1.6,-863.8824820627891,True,ok
2025-10-24 21:45:04,2025-10-24T21:44:18.290000,27.07,476.0,1.8404019137120495,95.0,28.0,30.524961486833867,76.64513905509547,16.902918555295994,1.6,-925.7363947288471,True,ok
2025-10-24 22:00:04,2025-10-24T21:59:24.332000,27.87,477.0,1.4938961395940187,65.01326127276097,18.003978381828293,28.81472453471975,52.62017185611225,13.675493498768855,1.6,-873.0578565357562,True,ok
2025-10-24 22:15:04,2025-10-24T22:14:30.341000,27.21,476.0,1.134859585363154,27.058203368188813,6.686067789396271,27.04263983059535,23.012875068437257,7.156269947113791,1.6,-854.4078963564492,True,ok
2025-10-24 22:30:04,2025-10-24T22:29:36.439000,25.78,477.0,1.2688201595636928,36.62924273815841,9.876414246052803,27.70382455315107,30.680976851546212,9.700025934866359,1.6,-856.0375456926384,True,ok
2025-10-24 22:45:04,2025-10-24T22:44:42.527000,25.6,478.0,1.2537866170522745,35.55022274554898,9.516740915182991,27.62962400053503,29.816490267644,9.413320577962057,1.6,-813.9986563127184,True,ok
2025-10-24 23:00:04,2025-10-24T22:59:48.562000,25.29,478.0,1.1018649290191747,24.795439835239986,5.931813278413329,26.879789209576376,21.199999746223018,6.547973478409123,1.6,-963.9808692166064,True,ok
2025-10-24 23:15:04,2025-10-24T23:14:54.591000,24.73,480.0,1.2755452065134947,37.13873853909164,10.041621561727492,27.73701714230064,31.086394589229187,9.82800845189925,1.6,-800.8303742393018,True,ok
2025-10-24 23:30:04,2025-10-24T23:28:30.033000,24.87,480.0,1.332752884814468,44.50355365875205,12.251066097625614,28.01937516540722,36.83940594192695,10.904566682278565,1.6,-785.9630772579754,True,ok
2025-10-24 23:45:04,2025-10-24T23:43:36.044000,25.23,479.0,1.6367375770659616,89.31733688064247,26.295201064192742,29.51974223689057,72.20613754479983,15.55266154499634,1.6,-788.44045862941,True,ok
2025-10-25 00:00:04,2025-10-24T23:58:42.091000,26.85,477.0,1.2264595594770884,33.58884594826921,8.862948649423071,27.494746757070356,28.24507922907283,8.891066552161591,1.6,-830.8947745194403,True,ok
2025-10-25 00:15:04,2025-10-25T00:13:48.202000,25.6,477.0,1.3319095400392902,44.39498294699129,12.218494884097389,28.015212696826275,36.75459613649644,10.88890995363326,1.6,-784.2005786058862,True,ok
2025-10-25 00:30:04,2025-10-25T00:28:54.226000,25.47,478.0,1.2766264760943142,37.27793926867471,10.083381780602412,27.742353928381682,31.195130974947467,9.84856658260295,1.6,-853.6057614671569,True,ok
2025-10-25 00:45:04,2025-10-25T00:44:00.308000,25.19,476.0,1.3950770502115735,51.55010093956884,14.13752523489221,28.32698646263049,42.207099025863656,12.035222482275952,1.6,-849.5357329397682,True,ok
2025-10-25 09:00:04,2025-10-25T08:59:09.031000,21.05,504.0,1.2105405601560792,32.44627303063129,8.482091010210429,27.416175884914573,27.329675469000403,8.58691289937776,1.6,-923.305024520581,True,ok
2025-10-25 09:15:04,2025-10-25T09:14:13.218000,22.3,498.0,1.3905428295591213,51.06955233229005,14.017388083072513,28.304607061511994,41.846157071517226,11.955001239670173,1.6,-858.5636394409361,True,ok
2025-10-25 09:30:04,2025-10-25T09:29:19.307000,23.48,492.0,1.5141928327382712,68.05162898552682,18.915488695658045,28.914902243761905,54.993587028279975,13.981950550720015,1.6,-832.2251460588974,True,ok
2025-10-25 09:45:04,2025-10-25T09:44:25.374000,24.6,488.0,1.699057686519717,95.0,28.0,29.827333515329997,76.64513905509547,16.14254976289126,1.6,-877.407027714689,True,ok
2025-10-25 10:00:04,2025-10-25T09:59:31.383000,26.04,481.0,1.3618646558816436,48.03016420446294,13.257541051115735,28.16306115952174,39.56326066050171,11.439711178848162,1.6,-853.5228841044337,True,ok
2025-10-25 10:15:04,2025-10-25T10:14:37.474000,25.35,479.0,1.3556945347080742,47.37623856564413,13.094059641411032,28.13260749895311,39.07209453391763,11.327214503347534,1.6,-884.4679936168467,True,ok
2025-10-25 10:30:04,2025-10-25T10:29:43.478000,24.94,476.0,1.241259691411859,34.65111309114292,9.21703769704764,27.56779527291525,29.096143806026273,9.17399773171057,1.6,-901.5966199778658,True,ok
2025-10-25 10:45:04,2025-10-25T10:44:49.559000,24.38,476.0,1.3176441577682438,42.55848291486623,11.66754487445987,27.944803526999088,35.320017621980725,10.622934826035408,1.6,-926.8664935802219,True,ok
2025-10-25 11:00:04,2025-10-25T10:59:55.606000,24.66,475.0,1.31749714161839,42.53955631627957,11.661866894883872,27.944077904308738,35.30523314541642,10.620183155457125,1.6,-841.8350558696136,True,ok
2025-10-25 11:15:04,2025-10-25T11:13:31.087000,24.91,476.0,1.3371122450341297,45.06476996766951,12.419430990300853,28.040891513739993,37.277798996479305,10.985370460387582,1.6,-841.3884354652757,True,ok
2025-10-25 11:30:04,2025-10-25T11:28:37.080000,24.96,475.0,0.7476981306661961,19.0,4.0,25.131739996552614,16.55682351251732,1.3834883420912094,1.6,-883.6711694980229,True,ok
2025-10-25 11:45:04,2025-10-25T11:43:43.218000,24.35,477.0,1.4465494625558242,57.85148940554993,15.855446821664978,28.58103712550806,47.025767354700086,12.917676346459503,1.6,-815.9644727862897,True,ok
2025-10-25 12:00:04,2025-10-25T11:58:49.248000,25.16,476.0,1.3876037707320756,50.758063162638926,13.939515790659732,28.290100847226693,41.61219632759107,11.90280984713173,1.6,-850.7072612167458,True,ok
2025-10-25 12:15:04,2025-10-25T12:13:55.226000,25.6,476.0,0.9602819769553591,19.0,4.0,26.18098297171421,16.55682351251732,4.13391089668258,1.6,-796.0074915163553,True,ok
2025-10-25 12:30:04,2025-10-25T12:27:30.679000,24.54,476.0,1.1437174677317477,27.665674256621376,6.888558085540459,27.086359384137587,23.49956710079814,7.321571006533835,1.6,-858.9933360924989,True,ok
2025-10-25 12:45:04,2025-10-25T12:44:07.363000,24.6,477.0,1.393483318046044,51.38119302104785,14.095298255261962,28.319120332121702,42.080231622042035,12.007067073711948,1.6,-906.981458282428,True,ok
2025-10-25 13:00:04,2025-10-25T12:59:13.409000,25.47,478.0,1.4624218093476848,60.25242518586555,16.575727555759663,28.659377736337145,48.90125378264601,13.178026987500518,1.6,-866.8678872511026,True,ok
2025-10-25 13:15:04,2025-10-25T13:14:19.443000,26.1,477.0,1.0627275571672379,22.111410734322256,5.0371369114407525,26.6866201932153,19.049615912337593,5.8450419176468,1.6,-909.2797902242227,True,ok
2025-10-25 13:30:04,2025-10-25T13:29:25.542000,25.02,476.0,1.3568437532331596,47.498035761682694,13.124508940420673,28.138279658364183,39.16357688826471,11.348207876731774,1.6,-815.1538136380342,True,ok
2025-10-25 13:45:04,2025-10-25T13:44:31.592000,25.6,478.0,1.1275360321542183,26.555956308542928,6.518652102847643,27.00649321413397,22.610486004432804,7.020192261597057,1.6,-789.0582898516831,True,ok
2025-10-25 14:00:04,2025-10-25T13:59:37.602000,25.16,477.0,1.5854667960968503,79.59247800263735,22.836991201054943,29.266686759242873,64.28465360142688,14.957864703298354,1.6,-823.2224785511008,True,ok
2025-10-25 14:15:04,2025-10-25T14:14:43.630000,26.97,476.0,1.1615565271979587,28.930484862918505,7.310161620972835,27.17440703288956,24.512904951635225,7.656587627666493,1.6,-881.0305065958419,True,ok
2025-10-25 14:30:04,2025-10-25T14:29:49.773000,25.84,475.0,0.9499400722525865,19.0,4.0,26.1299387788059,16.55682351251732,3.973498193371033,1.6,-778.6316154494195,True,ok
2025-10-25 14:45:04,2025-10-25T14:44:55.717000,25.0,476.0,1.3181811833056778,42.62761863082606,11.688285589247819,27.947454105970497,35.37402285528686,10.632984479585682,1.6,-926.4712581545449,True,ok
2025-10-25 15:00:04,2025-10-25T14:58:31.211000,25.65,476.0,1.444350674569276,57.51888901447615,15.755666704342845,28.570184641234082,46.765957190470544,12.881140083069447,1.6,-915.4963555562639,True,ok
2025-10-25 15:15:04,2025-10-25T15:13:37.301000,26.46,475.0,1.5278672625153251,70.09865928892624,19.529597786677872,28.98239466914308,56.59262086462647,14.181637744963014,1.6,-942.0218750392955,True,ok
2025-10-25 15:30:04,2025-10-25T15:28:43.349000,27.15,474.0,1.4538774079227885,58.959953482000486,16.187986044600144,28.617205420196818,47.89164196421393,13.038625355300766,1.6,-891.415330562137,True,ok
2025-10-25 15:45:04,2025-10-25T15:43:49.399000,27.15,474.0,1.1177994889024117,25.88822712302022,6.296075707673406,26.958436883478356,22.07551637781044,6.840174440095198,1.6,-863.3423957425262,True,ok
2025-10-25 16:00:04,2025-10-25T15:58:55.466000,25.97,474.0,1.4733334113255387,61.9029722632912,17.07089167898736,28.713233765018877,50.19057549952703,13.353414547709905,1.6,-740.7457838641802,True,ok
2025-10-25 16:15:04,2025-10-25T16:14:01.458000,27.03,474.0,1.5614647312256857,75.12386236882519,21.049544947530077,29.14822057098327,60.52549139402483,14.647628995910406,1.6,-877.7837889123484,True,ok
2025-10-25 16:30:04,2025-10-25T16:29:07.474000,27.62,473.0,1.338324313169467,45.220809471356894,12.466242841407068,28.046873877868876,37.39968895863008,11.007798100036657,1.6,-957.6474342799231,True,ok
2025-10-25 16:45:04,2025-10-25T16:44:13.576000,27.08,474.0,1.622204718162998,86.53523911480188,25.460571734440567,29.448012891603405,70.03290715528613,15.393775497987122,1.6,-859.0819652375337,True,ok
2025-10-25 17:00:04,2025-10-25T16:59:19.616000,28.28,472.0,1.6187504097331624,85.87396359913512,25.262189079740537,29.4309635770985,69.51635304128858,15.35486111630763,1.6,-811.4852979612427,True,ok
2025-10-25 17:15:04,2025-10-25T17:14:25.668000,28.83,471.0,1.2420018192750615,34.7043787004203,9.2347929001401,27.571458168571386,29.138819015863962,9.188182205518022,1.6,-907.75916095536,True,ok
2025-10-25 17:30:04,2025-10-25T17:29:31.725000,27.19,472.0,1.4508838333209537,58.507129431036894,16.05213882931107,28.602430134226477,47.537919316239545,12.989368957642082,1.6,-847.2781588228354,True,ok
2025-10-25 17:45:04,2025-10-25T17:44:37.749000,27.56,471.0,1.0842460974499315,23.587145705656617,5.529048568552206,26.79282853228466,20.231941627201014,6.2287521337077045,1.6,-816.8520940751803,True,ok
2025-10-25 18:00:04,2025-10-25T17:59:43.792000,26.16,473.0,1.5760207763444325,77.81383561482879,22.12553424593152,29.22006435569966,62.788394850922245,14.838103592574427,1.6,-924.898133949442,True,ok
2025-10-25 18:15:04,2025-10-25T18:14:49.839000,27.77,472.0,0.5158783252076073,19.0,4.0,23.987554741526722,16.55682351251732,0.0,1.6,-831.9797108016455,True,ok
2025-10-25 18:30:04,2025-10-25T18:29:55.909000,26.35,473.0,1.2139763109251585,32.69287118051139,8.564290393503798,27.43313360499439,27.52724436822989,8.652521814290585,1.6,-937.6243430759471,True,ok
2025-10-25 18:45:04,2025-10-25T18:43:31.337000,26.29,474.0,1.5963156502379585,81.63526770033926,23.654107080135702,29.320233085526887,66.00312268862383,15.091593260249034,1.6,-853.0759285405175,True,ok
2025-10-25 19:00:04,2025-10-25T18:58:37.434000,27.71,472.0,1.088750588585692,23.89606234264866,5.632020780882886,26.81506119842264,20.479438698666744,6.309954263405169,1.6,-871.3241512648543,True,ok
2025-10-25 19:15:04,2025-10-25T19:12:12.878000,26.53,474.0,1.4046759128421715,52.567413598603174,14.391853399650794,28.37436324765204,42.97120657663258,12.203820151047992,1.6,-817.6940617556702,True,ok
2025-10-25 19:30:04,2025-10-25T19:28:49.485000,26.9,474.0,1.0550188813552501,21.582752083271526,4.860917361090508,26.648572740011712,18.626066474488923,5.709377330584795,1.6,-844.7284489625251,True,ok
2025-10-25 19:45:04,2025-10-25T19:43:55.573000,25.97,478.0,1.3010765162163673,40.42559410304571,11.027678230913713,27.863031173093816,33.65391557473595,10.311638812642244,1.6,-737.6629340789087,True,ok
2025-10-25 20:00:04,2025-10-25T19:59:01.645000,26.4,476.0,1.2434123510649777,34.80561844483681,9.26853948161227,27.578420083117795,29.219930025303288,9.215140417173023,1.6,-869.4455995011963,True,ok
2025-10-25 20:15:04,2025-10-25T20:14:07.743000,26.35,475.0,1.153107791604243,28.32408390246848,7.108027967489494,27.132706891390356,24.02707012154398,7.497592190559065,1.6,-884.507435339666,True,ok
2025-10-25 20:30:04,2025-10-25T20:29:13.734000,25.84,474.0,1.3748489805030797,49.40627701227536,13.60156925306884,28.227147455983456,40.59686441822691,11.674630933467977,1.6,-923.5305997046701,True,ok
2025-10-25 20:45:05,2025-10-25T20:44:19.773000,26.59,474.0,1.3960737875375888,51.65573777786,14.163934444465,28.331906025690706,42.28644327176565,12.052808040736197,1.6,-874.3432466841692,True,ok
2025-10-25 21:00:04,2025-10-25T20:59:25.873000,26.84,475.0,1.4059536375907358,52.7028302215406,14.42570755538515,28.380669670929365,43.07291853624226,12.226132848476444,1.6,-805.5661250062119,True,ok
2025-10-25 21:15:04,2025-10-25T21:14:31.902000,27.03,476.0,1.4421199121404098,57.18145199882355,15.654435599647064,28.559174341775307,46.502368906130904,12.84395889768791,1.6,-871.3730546624465,True,ok
2025-10-25 21:30:04,2025-10-25T21:29:37.920000,27.15,476.0,1.361228410245173,47.962733221736556,13.240683305434139,28.15992086322831,39.51261298340909,11.42813568343027,1.6,-877.6984051135454,True,ok
2025-10-25 21:45:04,2025-10-25T21:44:43.997000,27.08,477.0,1.5533292858613788,73.9102649079552,20.673079472386558,29.108066725583846,59.570049359707454,14.5381083339426,1.6,-962.2171370554286,True,ok
2025-10-25 22:00:04,2025-10-25T21:59:50.005000,27.71,480.0,1.0445380203934613,20.863977814765768,4.621325938255255,26.5968427053465,18.050200673824126,5.526541384475294,1.6,-818.5422698549464,True,ok
2025-10-25 22:15:04,2025-10-25T22:14:56.055000,26.12,480.0,0.9967283178794102,19.0,4.0,26.360869956790623,16.55682351251732,4.718358454423668,1.6,-885.61578159493,True,ok
2025-10-25 22:30:04,2025-10-25T22:28:31.495000,25.47,480.0,1.2306924650228723,33.89265921831246,8.964219739437487,27.515638967301584,28.48848759755791,8.971987196961923,1.6,-812.2544490280202,True,ok
2025-10-25 22:45:04,2025-10-25T22:43:37.548000,25.82,483.0,1.1286517210975144,26.63246991816158,6.544156639387193,27.011999882710413,22.671786990007032,7.040886527456484,1.6,-887.7354538050128,True,ok
2025-10-25 23:00:04,2025-10-25T22:58:43.641000,25.65,482.0,1.6174133623559883,85.61800594168477,25.18540178250543,29.424364357108615,69.31641220296517,15.339681277319622,1.6,-1081.523017540568,True,ok
2025-10-25 23:15:04,2025-10-25T23:13:49.718000,27.53,482.0,1.3902145349602464,51.03475880891328,14.00868970222832,28.302986708848017,41.82002351887346,11.949178863916423,1.6,-871.6902007671993,True,ok
2025-10-25 23:30:04,2025-10-25T23:28:55.776000,27.09,481.0,1.177606101213654,30.082429670514383,7.694143223504794,27.253622378195708,25.435817259454634,7.960030305138021,1.6,-824.7641373773315,True,ok
2025-10-25 23:45:04,2025-10-25T23:44:01.802000,26.35,484.0,1.548896425608905,73.24667604790815,20.474002814372444,29.086187605599093,59.05168818113785,14.47752585891271,1.6,-805.4830649715701,True,ok
2025-10-26 00:00:05,2025-10-25T23:59:07.805000,27.47,482.0,1.2136520188137268,32.66959538431003,8.55653179477001,27.431533007273725,27.50859632307453,8.646328079041687,1.6,-846.7737730214011,True,ok
2025-10-26 00:15:04,2025-10-26T00:14:13.919000,26.35,483.0,1.6485996235335532,91.58814768229786,26.97644430468936,29.57828934262988,73.97997709263555,15.676482040807834,1.6,-800.2062116244585,True,ok
2025-10-26 00:30:04,2025-10-26T00:29:19.924000,28.15,482.0,1.4104588743298978,53.18030703760485,14.545076759401212,28.4029060171171,43.43155325609144,12.304556913867103,1.6,-792.6722507152245,True,ok
2025-10-26 00:45:04,2025-10-26T00:44:26.059000,27.49,483.0,1.2261796875706732,33.568758375286166,8.856252791762056,27.493365402668896,28.2289855167543,8.88571654440239,1.6,-854.5167932056895,True,ok
2025-10-26 09:00:04,2025-10-26T08:59:34.121000,21.99,501.0,1.3836371528618403,50.33767058820214,13.834417647050534,28.270522944163286,41.29643780678464,11.832136847475054,1.6,-832.7439427427943,True,ok
2025-10-26 09:15:04,2025-10-26T09:14:38.981000,24.04,498.0,1.2399070241180152,34.554026522737786,9.184675507579263,27.561118958225443,29.01836022792929,9.148142524781502,1.6,-821.4950843242766,True,ok
2025-10-26 09:30:04,2025-10-26T09:29:45.082000,24.1,493.0,1.3575028398450886,47.56788749094674,13.141971872736685,28.141532690095715,39.21604279762986,11.360239534914038,1.6,-884.2676038634916,True,ok
2025-10-26 09:45:04,2025-10-26T09:44:51.051000,24.84,487.0,1.2505101097204878,35.31505416074976,9.438351386916587,27.613452252958943,29.628078479255773,9.35075074353992,1.6,-871.9679123540458,True,ok
2025-10-26 10:00:04,2025-10-26T09:59:57.177000,24.72,484.0,1.3956954818013418,51.61564394286307,14.153910985715768,28.330038834729827,42.25632863415805,12.046135652114064,1.6,-856.9381421281153,True,ok
2025-10-26 10:15:04,2025-10-26T10:13:32.609000,25.35,480.0,1.420221079836565,54.21493120342734,14.803732800856835,28.451089008105143,44.208663547890424,12.473115873116196,1.6,-798.4676957003713,True,ok
2025-10-26 10:30:04,2025-10-26T10:28:38.615000,25.84,477.0,1.457287966487614,59.47585274986113,16.34275582495834,28.634038799957256,48.29463569815408,13.094481357469355,1.6,-859.3734364225002,True,ok
2025-10-26 10:45:04,2025-10-26T10:43:44.731000,26.12,476.0,1.2728698881829392,36.919908636863966,9.973302878954657,27.723812663156735,30.91385184139803,9.777119111228547,1.6,-883.6467802352232,True,ok
2025-10-26 11:00:04,2025-10-26T10:58:50.703000,25.79,472.0,1.4664479616333086,60.86144244124145,16.758432732372434,28.679249481422023,49.376986455800726,13.243090892922677,1.6,-895.7062098647068,True,ok
2025-10-26 11:15:04,2025-10-26T11:13:56.737000,26.56,471.0,1.4130460679122918,53.45450460496578,14.613626151241444,28.41567554189095,43.637504130448825,12.349414156494197,1.6,-882.2796118801382,True,ok
2025-10-26 11:30:04,2025-10-26T11:29:02.809000,26.56,470.0,1.134690061944214,27.046577503492443,6.682192501164147,27.041803119530265,23.003560686752845,7.1531138448742855,1.6,-801.3489982828537,True,ok
2025-10-26 11:45:04,2025-10-26T11:44:08.925000,25.87,473.0,1.4879246133646453,64.1101152594025,17.733034577820753,28.785251072570418,51.91468106190008,13.583129709562686,1.6,-885.3498668080432,True,ok
2025-10-26 12:00:04,2025-10-26T11:59:14.957000,26.84,472.0,1.373583381320205,49.272145488619856,13.568036372154964,28.220900880454874,40.496117701756674,11.651846158773063,1.6,-1042.6426175701051,True,ok
2025-10-26 12:15:04,2025-10-26T12:14:21.028000,26.84,473.0,1.3146004159643976,42.166636989230625,11.549991096769187,27.929780632448825,35.013927920873066,10.56592454009956,1.6,-860.0241660031447,True,ok
2025-10-26 12:30:04,2025-10-26T12:29:27.006000,26.66,474.0,1.1217984260024605,26.16247301745269,6.387491005817564,26.978174303482657,22.295236029022643,6.913982027413426,1.6,-803.2882012455041,True,ok
2025-10-26 12:45:04,2025-10-26T12:44:33.123000,25.97,472.0,1.444932130972154,57.60684320932016,15.78205296279605,28.573054516141006,46.83466244284058,12.890812737054574,1.6,-899.5514968860145,True,ok
2025-10-26 13:00:04,2025-10-26T12:59:39.096000,26.83,472.0,1.381499339151762,50.11109947935148,13.77777486983787,28.25997140858493,41.12625935326651,11.793937999335165,1.6,-914.4178787336689,True,ok
2025-10-26 13:15:04,2025-10-26T13:14:45.169000,27.03,472.0,1.3706949155747794,48.96601830656794,13.491504576641985,28.206644376749225,40.26618436786548,11.599751199625029,1.6,-904.4717270195138,True,ok
2025-10-26 13:30:04,2025-10-26T13:29:51.210000,27.15,469.0,1.127871658848486,26.57897348552322,6.526324495174407,27.008149755575783,22.628926849676688,7.026416210677366,1.6,-911.3602531079335,True,ok
2025-10-26 13:45:04,2025-10-26T13:44:57.336000,26.29,472.0,1.3893392121303787,50.94198979764234,13.985497449410586,28.298666407252814,41.75034434860069,11.93364565430347,1.6,-992.0660820578788,True,ok
2025-10-26 14:00:04,2025-10-26T13:58:32.765000,26.99,472.0,1.6989595382209988,95.0,28.0,29.82684908805694,76.64513905509547,16.14174035901558,1.6,-843.3583823352961,True,ok
2025-10-26 14:15:04,2025-10-26T14:13:38.788000,28.46,469.0,1.080750008352332,23.347384974842655,5.4491283249475515,26.77557300233623,20.039850714562768,6.165931396468978,1.6,-855.120652739643,True,ok
2025-10-26 14:30:04,2025-10-26T14:28:44.885000,26.83,470.0,0.8595960631169722,19.0,4.0,25.6840308766385,16.55682351251732,2.6834455264467474,1.6,-826.2841346398105,True,ok
2025-10-26 14:45:04,2025-10-26T14:43:50.897000,26.14,474.0,1.3085215831250887,41.38405882255,11.315217646765001,27.89977754065628,34.40261847126198,10.451816097231625,1.6,-874.9693144680909,True,ok
2025-10-26 15:00:04,2025-10-26T14:58:57.006000,26.72,474.0,1.0984308138798338,24.55992925970202,5.853309753234006,26.862839562419516,21.011313962535823,6.485421284483213,1.6,-853.7201227083475,True,ok
2025-10-26 15:15:04,2025-10-26T15:14:02.995000,26.35,474.0,1.4243014422632756,54.647378724543906,14.911844681135976,28.471228316369025,44.533476586696146,12.542994010684101,1.6,-857.711505077646,True,ok
2025-10-26 15:30:04,2025-10-26T15:29:09.084000,27.19,474.0,1.1264261751918458,26.47984265440863,6.493280884802876,27.00101533027059,22.549505454209868,6.9996193904911435,1.6,-908.8910408715761,True,ok
2025-10-26 15:45:04,2025-10-26T15:44:15.161000,26.58,474.0,1.6490766515222353,91.67946753274279,27.003840259822837,29.58064379370797,74.05131142049042,15.681349928485504,1.6,-839.4212146741281,True,ok
2025-10-26 16:00:04,2025-10-26T15:59:21.164000,28.48,472.0,1.0127659074492217,19.0,4.0,26.440026150868327,16.55682351251732,4.984487273697777,1.6,-884.6564651342334,True,ok
2025-10-26 16:15:04,2025-10-26T16:14:27.207000,26.88,470.0,1.1947998562933144,31.316497121010002,8.105499040336667,27.338485019684672,26.424524384337378,8.286750294730279,1.6,-935.5363184875642,True,ok
2025-10-26 16:30:04,2025-10-26T16:29:33.326000,26.56,471.0,1.4532137616505063,58.859566809412634,16.15787004282379,28.613929883502287,47.81322510545047,13.027724101106166,1.6,-813.098118686849,True,ok
2025-10-26 16:45:04,2025-10-26T16:44:39.337000,27.7,470.0,1.6886555014599263,95.0,28.0,29.775991798681076,76.64513905509547,16.054635673804874,1.6,-836.6221294370406,True,ok
2025-10-26 17:00:04,2025-10-26T16:59:45.363000,29.09,468.0,1.221068563888962,33.201911729987685,8.733970576662562,27.468138600577248,27.935076223708545,8.788024413890788,1.6,-915.7033224800343,True,ok
2025-10-26 17:15:05,2025-10-26T17:14:51.427000,27.71,467.0,1.425457581208462,54.76990936487118,14.942477341217796,28.476934632665973,44.625509833941386,12.562730212655026,1.6,-888.0968809411166,True,ok
2025-10-26 17:30:04,2025-10-26T17:29:57.503000,27.91,467.0,1.3063325748910595,41.10224978191349,11.230674934574047,27.88897332597949,34.18248387402725,10.410647515573068,1.6,-784.6146427184556,True,ok
2025-10-26 17:45:04,2025-10-26T17:43:32.889000,27.68,468.0,1.5192692552552831,68.81155761835508,19.143467285506524,28.939957772476358,55.587203837509904,14.056733945706338,1.6,-939.4709270200002,True,ok
2025-10-26 18:00:04,2025-10-26T17:58:38.981000,28.35,465.0,1.6244831150012065,86.97140400125691,25.591421200377074,29.459258298622096,70.37361652852286,15.419202556039213,1.6,-980.4288848598327,True,ok
2025-10-26 18:15:04,2025-10-26T18:13:44.994000,29.37,463.0,0.8668102323021112,19.0,4.0,25.71963761003459,16.55682351251732,2.778798446824723,1.6,-894.6566083649027,True,ok
2025-10-26 18:30:04,2025-10-26T18:28:51.082000,27.47,465.0,1.4486275535545623,58.16583252689483,15.94974975806845,28.591293889698917,47.27131588733223,12.952103900679717,1.6,-879.7915072446071,True,ok
2025-10-26 18:45:04,2025-10-26T18:43:57.175000,28.21,467.0,1.4151499658406135,53.67748123023543,14.669370307558857,28.426059680480417,43.8049827531716,12.385794162125652,1.6,-853.0353874195175,True,ok
2025-10-26 19:00:04,2025-10-26T18:59:03.193000,28.21,467.0,1.6639492331088226,94.52660010869373,27.85798003260812,29.654049896874522,76.27534362848924,15.828749162364105,1.6,-819.306845985544,True,ok
2025-10-26 19:15:04,2025-10-26T19:14:09.202000,29.6,465.0,1.3888732001204596,50.89260062152874,13.973150155382186,28.29636632737241,41.71324794361692,11.925370526630552,1.6,-858.5458046306975,True,ok
2025-10-26 19:30:04,2025-10-26T19:29:15.300000,28.78,466.0,1.4391729577935264,56.735679976124466,15.52070399283734,28.544629157836997,46.15415493665097,12.794667007165602,1.6,-815.8522856191017,True,ok
2025-10-26 19:45:04,2025-10-26T19:44:21.266000,28.64,468.0,0.9462155380954903,19.0,4.0,26.111555720223137,16.55682351251732,3.9163372819703737,1.6,-862.2753045670946,True,ok
2025-10-26 20:00:04,2025-10-26T19:59:27.395000,27.34,468.0,1.1874223608604217,30.786983530887795,7.928994510295931,27.302072162393905,26.000289988506086,8.146384955498567,1.6,-836.3523862498495,True,ok
2025-10-26 20:15:04,2025-10-26T20:14:33.465000,27.21,471.0,1.3190973992661708,42.74557064984023,11.72367119495207,27.95197624242187,35.466160851073155,10.650123780453796,1.6,-890.0264615828219,True,ok
2025-10-26 20:30:04,2025-10-26T20:29:39.454000,27.59,471.0,1.633688146905922,88.7335692343741,26.120070770312232,29.504691266511028,71.75012855587704,15.519974357646483,1.6,-964.7854747497846,True,ok
2025-10-26 20:45:04,2025-10-26T20:44:45.551000,29.21,470.0,1.2534392244757657,35.52528893270664,9.508429644235546,27.627909386622036,29.796513856794,9.40668772075274,1.6,-853.1720739363425,True,ok
2025-10-26 21:00:04,2025-10-26T20:59:51.593000,28.09,473.0,1.4596889297627869,59.8390352527499,16.45171057582497,28.6458891540367,48.57833502098469,13.133633826056364,1.6,-823.4470891937566,True,ok
2025-10-26 21:15:04,2025-10-26T21:14:57.588000,28.46,473.0,1.3763910283856937,49.56970729481942,13.642426823704856,28.234758490106877,40.71961754806091,11.702358484036424,1.6,-809.480488626569,True,ok
2025-10-26 21:30:04,2025-10-26T21:28:33.073000,28.34,476.0,1.2820094047460364,37.970927963543346,10.291278389063004,27.768922269166772,31.736457778688646,9.950824238977424,1.6,-889.7795879441876,True,ok
2025-10-26 21:45:04,2025-10-26T21:43:39.086000,27.83,478.0,1.5313008402528032,70.61265788281932,19.683797364845795,28.99934166386355,56.994129890704215,14.230890314814602,1.6,-894.9932615425994,True,ok
2025-10-26 22:00:04,2025-10-26T21:58:45.131000,28.83,481.0,1.2871949572372698,38.63850680130539,10.491552040391616,27.79451642704252,32.25793572077755,10.049182366355822,1.6,-979.2921425079664,True,ok
2025-10-26 22:15:04,2025-10-26T22:13:51.200000,28.12,481.0,1.5237659888112587,69.48470816323858,19.345412448971572,28.96215214978743,56.11303410804193,14.122336423841979,1.6,-816.3945013003198,True,ok
2025-10-26 22:30:04,2025-10-26T22:28:57.316000,28.83,478.0,1.4465415591778616,57.85029389847185,15.855088169541554,28.58099811706997,47.02483348661505,12.917545219962893,1.6,-921.2013675086116,True,ok
2025-10-26 22:45:04,2025-10-26T22:44:03.268000,28.71,474.0,0.8981352444106637,19.0,4.0,25.87424742388208,16.55682351251732,3.2085712074754316,1.6,-812.1256287280804,True,ok
2025-10-26 23:00:04,2025-10-26T22:59:09.367000,27.34,472.0,1.3599074117834238,47.822730337080344,13.205682584270086,28.153400855333146,39.407456264532925,11.404083735136192,1.6,-899.8371943944277,True,ok
2025-10-26 23:15:04,2025-10-26T23:14:15.425000,27.72,471.0,1.2850100463777192,38.357225249397786,10.407167574819335,27.78373243563981,32.03821317036226,10.00775855273351,1.6,-806.9147418577994,True,ok
2025-10-26 23:30:04,2025-10-26T23:29:21.455000,27.59,471.0,1.2518825547275596,35.41356025804936,9.471186752683119,27.62022618384599,29.70699935202119,9.376962462707208,1.6,-865.3618455121698,True,ok
2025-10-26 23:45:04,2025-10-26T23:44:27.563000,27.35,471.0,1.2439982920768815,34.84767387294724,9.28255795764908,27.58131209255939,29.253623889764324,9.22633828765841,1.6,-859.1899580940757,True,ok
2025-10-27 00:00:05,2025-10-26T23:59:33.575000,27.2,469.0,1.6016576341283129,82.64113887480326,24.056455549921303,29.346599336623676,66.84929815199312,15.15591828447715,1.6,-857.3283589760176,True,ok
2025-10-27 00:15:04,2025-10-27T00:14:39.586000,29.06,471.0,1.4395908484719062,56.798892347624374,15.53966770428731,28.546691726871895,46.20353316067442,12.801668747797539,1.6,-908.7105180279207,True,ok
2025-10-27 00:30:04,2025-10-27T00:29:45.690000,28.59,471.0,1.4103451613371665,53.16825543613349,14.542063859033373,28.402344767704733,43.42250125069139,12.30258232002713,1.6,-961.5704366336555,True,ok
2025-10-27 00:45:04,2025-10-27T00:44:51.750000,28.34,470.0,1.4234005628050916,54.55190115471672,14.88797528867918,28.466781875778796,44.46176300740846,12.527595836205276,1.6,-835.9073527193125,True,ok
2025-10-27 09:00:04,2025-10-27T08:59:59.234000,22.73,492.0,1.288919623484522,38.860537277482116,10.558161183244634,27.803028804516234,32.43137440584105,10.081860004300117,1.6,-843.7424163072449,True,ok
2025-10-27 09:15:04,2025-10-27T09:13:32.861000,23.62,519.0,1.1742707605083138,29.843038369329527,7.614346123109843,27.23716024870686,25.244022325538047,7.896833544804982,1.6,-814.2133771369356,True,"red_error:RPC错误: HTTPConnectionPool(host='192.168.50.94', port=80): Max retries exceeded with url: /rpc/Light.Set (Caused by ConnectTimeoutError(<urllib3.connection.HTTPConnection object at 0x7fff5e7546d0>, 'Connection to 192.168.50.94 timed out. (connect timeout=5)'))|blue_error:RPC错误: HTTPConnectionPool(host='192.168.50.69', port=80): Max retries exceeded with url: /rpc/Light.Set (Caused by ConnectTimeoutError(<urllib3.connection.HTTPConnection object at 0x7fff5e72d010>, 'Connection to 192.168.50.69 timed out. (connect timeout=5)'))"
2025-10-27 09:30:04,2025-10-27T09:28:38.894000,23.79,508.0,1.2653188283137502,36.37793760388506,9.792645867961685,27.68654314968677,30.47963682213705,9.633319071288941,1.6,-820.261983291339,True,"red_error:RPC错误: HTTPConnectionPool(host='192.168.50.94', port=80): Max retries exceeded with url: /rpc/Light.Set (Caused by NewConnectionError('<urllib3.connection.HTTPConnection object at 0x7fff5f3c5910>: Failed to establish a new connection: [Errno 113] No route to host'))|blue_error:RPC错误: HTTPConnectionPool(host='192.168.50.69', port=80): Max retries exceeded with url: /rpc/Light.Set (Caused by NewConnectionError('<urllib3.connection.HTTPConnection object at 0x7fff5e72e090>: Failed to establish a new connection: [Errno 113] No route to host'))"
2025-10-27 09:45:04,2025-10-27T09:43:44.995000,24.04,510.0,1.2639156146629644,36.27722311280949,9.759074370936496,27.679617355034736,30.398946633877596,9.60657250598803,1.6,-887.8641859108616,True,"red_error:RPC错误: HTTPConnectionPool(host='192.168.50.94', port=80): Max retries exceeded with url: /rpc/Light.Set (Caused by NewConnectionError('<urllib3.connection.HTTPConnection object at 0x7fff5f3c5910>: Failed to establish a new connection: [Errno 113] No route to host'))|blue_error:RPC错误: HTTPConnectionPool(host='192.168.50.69', port=80): Max retries exceeded with url: /rpc/Light.Set (Caused by NewConnectionError('<urllib3.connection.HTTPConnection object at 0x7fff5e72eed0>: Failed to establish a new connection: [Errno 113] No route to host'))"
2025-10-27 10:00:04,2025-10-27T09:58:50.986000,24.35,511.0,1.4070571129681437,52.81977943871049,14.454944859677623,28.386116057417425,43.16075955453928,12.245377585577426,1.6,-798.2308376125058,True,"red_error:RPC错误: HTTPConnectionPool(host='192.168.50.94', port=80): Max retries exceeded with url: /rpc/Light.Set (Caused by NewConnectionError('<urllib3.connection.HTTPConnection object at 0x7fff5f3c5910>: Failed to establish a new connection: [Errno 113] No route to host'))|blue_error:RPC错误: HTTPConnectionPool(host='192.168.50.69', port=80): Max retries exceeded with url: /rpc/Light.Set (Caused by NewConnectionError('<urllib3.connection.HTTPConnection object at 0x7fff5e72e710>: Failed to establish a new connection: [Errno 113] No route to host'))"
2025-10-27 10:15:04,2025-10-27T10:13:57.094000,24.48,510.0,1.1819264068964945,30.392516012600975,7.797505337533659,27.27494596635821,25.68425147237121,8.041985124272646,1.6,-938.8989066677211,True,"red_error:RPC错误: HTTPConnectionPool(host='192.168.50.94', port=80): Max retries exceeded with url: /rpc/Light.Set (Caused by NewConnectionError('<urllib3.connection.HTTPConnection object at 0x7fff5f3c5910>: Failed to establish a new connection: [Errno 113] No route to host'))|blue_error:RPC错误: HTTPConnectionPool(host='192.168.50.69', port=80): Max retries exceeded with url: /rpc/Light.Set (Caused by NewConnectionError('<urllib3.connection.HTTPConnection object at 0x7fff5e75ccd0>: Failed to establish a new connection: [Errno 113] No route to host'))"
2025-10-27 10:30:04,2025-10-27T10:29:03.090000,24.7,523.0,1.0517814166763868,21.360727736717646,4.786909245572549,26.632593693950938,18.448185554570735,5.65269852952473,1.6,-910.2214298281734,True,"red_error:RPC错误: HTTPConnectionPool(host='192.168.50.94', port=80): Max retries exceeded with url: /rpc/Light.Set (Caused by NewConnectionError('<urllib3.connection.HTTPConnection object at 0x7fff5f3c5910>: Failed to establish a new connection: [Errno 113] No route to host'))|blue_error:RPC错误: HTTPConnectionPool(host='192.168.50.69', port=80): Max retries exceeded with url: /rpc/Light.Set (Caused by NewConnectionError('<urllib3.connection.HTTPConnection object at 0x7fff5e74e8d0>: Failed to establish a new connection: [Errno 113] No route to host'))"
