timestamp,sensor_timestamp,input_temp,co2_ppm,solar_vol_cmd,r_pwm,b_pwm,pred_temp,pred_power,pred_pn,target_solar_vol,cost,success,note
2025-09-30 22:05:51,2025-09-30T22:04:52.204000,29.66,420.0,1.5095217176278046,52.678664281584744,17.024582587995233,28.37932683705214,52.68009774207641,14.07957833896702,15.0,16336.371586147163,True,ok
2025-09-30 22:20:46,2025-09-30T22:19:39.996000,29.8,420.0,0.958621046979521,12.0,9.0,27.388235893355407,19.692907216494856,3.8299348570200475,15.0,21614.034570218322,True,ok
2025-09-30 22:35:46,2025-09-30T22:35:28.963000,28.68,421.0,1.305989944333997,32.61790275396464,10.805508539681428,27.45623056977603,34.88050533613865,10.530507984513976,15.0,26352.64814668179,True,ok
2025-09-30 22:50:45,2025-09-30T22:50:16.722000,28.56,424.0,1.2084064787020579,25.333441862577537,9.740746770143197,27.233352599944723,29.22549429767598,8.593251496063466,15.0,26728.65565163093,True,ok
2025-10-01 07:05:45,2025-10-01T07:05:28.243000,23.28,525.0,1.0953294196343515,17.430069635148477,9.301670535286027,25.11236172944808,23.575071490913032,6.717897921584829,15.0,20022.332072227433,True,ok
2025-10-01 07:20:45,2025-10-01T07:20:15.959000,23.84,522.0,1.2912131109385574,31.362609158936735,10.419264356595917,25.64055355193958,33.76867557278484,10.574438264708435,15.0,27424.009552088348,True,ok
2025-10-01 07:35:45,2025-10-01T07:35:03.677000,24.6,516.0,1.3642286615380768,37.56528807885329,12.327780947339475,26.09377889902873,39.26246846952718,11.98406252812296,15.0,27602.172645872877,True,ok
2025-10-01 07:50:45,2025-10-01T07:50:22.109000,25.02,506.0,1.0387215895780608,13.473539852621773,9.081863325145655,25.66306879726054,20.746397163612862,5.6015416077110745,15.0,12075.651734287678,True,ok
2025-10-01 08:05:45,2025-10-01T08:05:09.793000,24.77,507.0,1.263859511548542,29.209258613906346,9.956069922994796,25.926668857255578,31.996463794789765,10.000224938098953,15.0,20143.981689593882,True,ok
2025-10-01 08:20:45,2025-10-01T08:20:28.136000,25.08,500.0,1.3831354939927294,39.17142554061257,12.821977089419251,26.315323030074445,40.68504518074014,12.32365933964516,15.0,24820.04662377354,True,ok
2025-10-01 08:35:45,2025-10-01T08:35:15.869000,25.7,492.0,0.949875873458246,12.0,9.0,25.879930184552492,19.692907216494856,4.020881519208368,15.0,28199.597982275656,True,ok
2025-10-01 08:50:45,2025-10-01T08:50:03.637000,25.07,494.0,1.7964413126593626,89.0,31.0,27.767466575803113,86.74658580958162,17.545544999720043,15.0,20812.95230861826,True,ok
2025-10-01 09:05:45,2025-10-01T09:05:22.036000,27.32,478.0,1.3289244566962435,34.56619205945963,11.404982172141423,27.010454682443036,36.606130358088265,11.11597683529409,15.0,16656.360293400092,True,ok
2025-10-01 09:20:45,2025-10-01T09:20:09.768000,26.44,478.0,1.1252484246966037,19.521219118791564,9.417845506599532,26.322113124022778,25.070114163168785,7.135034430062868,15.0,26208.51124937785,True,ok
2025-10-01 09:35:45,2025-10-01T09:35:28.091000,25.83,480.0,1.064931762188778,15.305465373108031,9.183636965172669,26.002445987843085,22.05611071921669,6.031902994370359,15.0,21591.513093375826,True,ok
2025-10-01 09:50:45,2025-10-01T09:49:45.235000,25.45,480.0,1.4520613074287743,45.83956407043465,14.887363772010826,26.638397653796094,46.60034813607151,13.558241473686461,15.0,23755.88859277628,True,ok
2025-10-01 10:05:45,2025-10-01T10:05:03.682000,26.42,475.0,1.4448636422546992,44.98287764509765,14.619649264093017,26.97117057646299,45.83878026952368,13.36264580771315,15.0,22793.975171801845,True,ok
2025-10-01 10:20:45,2025-10-01T10:19:51.411000,26.57,464.0,1.622077252777271,67.05499026202146,23.02749513101073,27.678839254267555,66.48315743827254,15.969406114064078,15.0,15524.631723131086,True,ok
2025-10-01 10:35:45,2025-10-01T10:35:09.721000,27.57,458.0,1.1182820725523657,19.03431510380215,9.390795283544564,26.72681463555246,24.722007877417443,6.90686329074504,15.0,25892.065846497175,True,ok
2025-10-01 10:50:45,2025-10-01T10:50:28.132000,26.56,462.0,1.249978582754193,28.239069363949906,9.902170520219439,26.563250314210013,31.302838427404865,9.611427519869867,15.0,23002.976691276028,True,ok
2025-10-01 11:05:45,2025-10-01T11:05:15.841000,26.44,460.0,1.13570467023843,20.252044639898962,9.458446924438832,26.33862711847239,25.592609254301923,7.338818799954282,15.0,24936.94816549077,True,ok
2025-10-01 11:20:46,2025-10-01T11:20:03.648000,26.1,463.0,1.4628008120600176,47.11781022525278,15.286815695391493,26.913433899385335,47.73666962810971,13.697724442125978,15.0,17493.034417823437,True,ok
2025-10-01 11:35:45,2025-10-01T11:35:22.010000,26.79,459.0,1.6040180481274011,64.60791987711471,21.80395993855736,27.681195801909237,63.99701999760288,15.731524116416931,15.0,14003.796113176115,True,ok
2025-10-01 11:50:45,2025-10-01T11:50:09.724000,27.62,451.0,1.0414617084015358,13.665056851629867,9.092503158423881,26.623882930805777,20.88331998439593,5.4634326236621416,15.0,18254.885040500703,True,ok
2025-10-01 12:05:45,2025-10-01T12:05:28.087000,26.7,455.0,1.5937074800246827,63.21081040607785,21.105405203038924,27.603224611058913,62.57760591532615,15.612617181677905,15.0,29616.983344481127,True,ok
2025-10-01 12:20:45,2025-10-01T12:20:15.787000,27.69,441.0,1.1127015862507255,18.64427435799956,9.369126353222198,26.762146668518998,24.44315284411899,6.788642919950479,15.0,13654.05237800822,True,ok
2025-10-01 12:35:45,2025-10-01T12:35:03.622000,27.05,451.0,1.3934879870404056,40.05087094461431,13.092575675265941,27.064664607290993,41.46398134299477,12.376753529897506,15.0,23300.34664738963,True,ok
2025-10-01 12:50:45,2025-10-01T12:50:21.952000,27.07,449.0,1.3637992944768633,37.52881330056801,12.316557938636311,27.001420048611962,39.23016228691784,11.813529736613475,15.0,14683.819083909764,True,ok
2025-10-01 13:05:45,2025-10-01T13:05:09.678000,27.25,440.0,1.290356988137257,31.289881434378273,10.396886595193315,26.892986516049685,33.704259687046736,10.362652705658936,15.0,21348.563048990374,True,ok
2025-10-01 13:20:45,2025-10-01T13:20:28.068000,27.19,443.0,1.4005744837861818,40.65286960955861,13.27780603371034,27.13301999991368,41.99717934212058,12.495601859116963,15.0,20687.318667737873,True,ok
2025-10-01 13:35:45,2025-10-01T13:35:15.844000,27.28,442.0,1.1870378986560846,23.83991308258142,9.657772949032301,26.72871860559974,28.157713502566935,8.285936210955118,15.0,21692.59561552199,True,ok
2025-10-01 13:50:45,2025-10-01T13:50:03.586000,27.06,443.0,1.3578262162085142,37.021399655695156,12.160430663290816,26.983536783860465,38.780739462698826,11.69991222731173,15.0,15808.082546170239,True,ok
2025-10-01 14:05:45,2025-10-01T14:05:21.939000,27.3,443.0,1.2808006487311505,30.478069368330328,10.147098267178562,26.88865472870038,32.985227246463154,10.168401107949546,15.0,18689.184623660636,True,ok
2025-10-01 14:20:45,2025-10-01T14:20:09.613000,27.08,444.0,1.064253239503156,15.258040922972542,9.181002273498475,26.46122366949706,22.022205167645453,5.925752206609745,15.0,15115.178274283175,True,ok
2025-10-01 14:35:45,2025-10-01T14:35:28.047000,26.87,447.0,1.4517310000949222,45.80024995922542,14.875078112257944,27.159681860085175,46.565399101146554,13.442372191474023,15.0,18930.057300588058,True,ok
2025-10-01 14:50:45,2025-10-01T14:50:15.745000,27.59,442.0,1.2797974266480212,30.392845543872006,10.120875551960617,26.992954022190784,32.90974340351604,10.121819875624483,15.0,29476.940365918905,True,ok
2025-10-01 15:05:45,2025-10-01T15:05:03.489000,27.3,442.0,1.7217796529314255,80.60362320521978,28.37613225163118,28.351926526582478,79.28246524782875,16.847174802990434,15.0,23017.8620243388,True,ok
2025-10-01 15:20:45,2025-10-01T15:20:21.915000,28.8,434.0,1.1756844047542805,23.04637556818537,9.613687531565853,27.269964299136184,27.59038321109919,7.916683957797218,15.0,18203.810981473292,True,ok
2025-10-01 15:35:45,2025-10-01T15:35:09.612000,27.75,440.0,1.551204016971759,57.63980920305399,18.574940375954373,27.816069332211345,57.090402891935256,14.929160239133132,15.0,24308.174104437443,True,ok
2025-10-01 15:50:45,2025-10-01T15:50:28.011000,28.56,432.0,1.2531721897218457,28.46228231997804,9.91457123999878,27.3040529962157,31.462421899018302,9.492522900540683,15.0,19167.970784955418,True,ok
2025-10-01 16:05:45,2025-10-01T16:05:15.691000,27.93,432.0,1.3568726157493571,36.94039119355976,12.135504982633773,27.30132415752462,38.708989220649954,11.597777742930612,15.0,25785.595416014265,True,ok
2025-10-01 16:20:45,2025-10-01T16:20:03.505000,28.03,434.0,1.3775388405938715,38.6959892291126,12.675688993573107,27.387258080423706,40.263945094036465,11.980861403655103,15.0,26033.476446438104,True,ok
2025-10-01 16:35:45,2025-10-01T16:35:21.847000,27.93,433.0,1.3918653477482694,39.91302756126211,13.050162326542189,27.384539746113223,41.34189167656183,12.260168878271923,15.0,26279.719238748894,True,ok
2025-10-01 16:50:45,2025-10-01T16:50:09.567000,28.31,433.0,2.0,89.0,31.0,28.959395965198585,86.74658580958162,17.45973423839455,15.0,28666.482898115548,True,ok
2025-10-01 17:05:45,2025-10-01T17:05:27.928000,29.8,427.0,1.267688776412777,29.47690004205266,9.970938891225147,27.783150167631938,32.18781087880842,9.653965376095968,15.0,11875.295253259099,True,ok
2025-10-01 17:20:45,2025-10-01T17:20:15.728000,28.56,429.0,1.1042618670831679,18.054391293953504,9.336355071886306,27.068872573978247,24.021422901191418,6.546943873512703,15.0,24026.400567351655,True,ok
2025-10-01 17:35:45,2025-10-01T17:35:03.505000,27.86,432.0,1.298728532132529,32.00104500214256,10.615706154505405,27.13730119384761,34.33414645169293,10.471038143849208,15.0,18261.144419744276,True,ok
2025-10-01 17:50:45,2025-10-01T17:50:21.831000,27.93,433.0,1.5864989838792667,62.23403995692693,20.617019978463464,28.024351626095665,61.58524149477176,15.38505189905121,15.0,27686.28087824872,True,ok
2025-10-01 18:05:45,2025-10-01T18:05:09.619000,28.68,425.0,1.1212347669681564,19.24068979407308,9.40226054411517,27.139824131449647,24.869553029422114,6.861350497744873,15.0,21019.34567138956,True,ok
2025-10-01 18:20:45,2025-10-01T18:20:27.913000,27.69,431.0,1.70520636918578,78.3464130047539,27.670754063985594,28.431979156396313,77.2758748480304,16.668319611865073,15.0,24028.137024993444,True,ok
2025-10-01 18:35:45,2025-10-01T18:35:15.698000,29.3,426.0,1.174707672617831,22.978108160945578,9.60989489783031,27.45236142500992,27.541576233049042,7.847589374774646,15.0,27127.73428743913,True,ok
2025-10-01 18:50:45,2025-10-01T18:49:32.840000,28.29,426.0,1.36835829522367,37.91610090705615,12.435723356017277,27.461074644779647,39.57318792616042,11.779597849900599,15.0,25265.455354484795,True,ok
2025-10-01 19:05:45,2025-10-01T19:05:21.773000,28.31,427.0,1.508092612253763,52.50856812613598,16.971427539417494,27.87791043617026,52.52888749480053,14.21877514768077,15.0,26431.771979399,True,ok
2025-10-01 19:20:45,2025-10-01T19:20:09.521000,28.56,424.0,1.361076429775442,37.29750564970985,12.245386353756876,27.543085220228683,39.025290110612474,11.611974779639489,15.0,22473.910662383525,True,ok
2025-10-01 19:35:45,2025-10-01T19:35:27.862000,28.38,424.0,0.8145628629066117,12.0,9.0,26.865847086891957,19.692907216494856,1.843036152576838,15.0,32283.76297160564,True,ok
2025-10-01 19:50:45,2025-10-01T19:50:15.697000,27.57,438.0,1.2357698480924497,27.245968554303882,9.846998253016883,26.91236808926635,30.592832710507984,9.238558515868654,15.0,27136.645262734593,True,ok
2025-10-01 20:05:45,2025-10-01T20:05:03.407000,27.46,431.0,1.1573772909549924,21.766823942430378,9.542601330135021,26.748092642508475,26.675582859990268,7.680669003082908,15.0,24336.944288647097,True,ok
2025-10-01 20:20:45,2025-10-01T20:20:21.802000,27.31,432.0,1.4354410222852299,43.861370819797045,14.269178381186578,27.26707254169669,44.84179521758122,13.116829424525347,15.0,25993.429292552,True,ok
2025-10-01 20:35:45,2025-10-01T20:35:09.497000,27.7,430.0,1.4014366176430264,40.72610797393563,13.300340915057118,27.322688739979043,42.06204750814665,12.461604578915056,15.0,8477.219341377848,True,ok
2025-10-01 20:50:45,2025-10-01T20:50:27.828000,28.01,427.0,1.3740319055566432,38.398074718431964,12.584022990286758,27.371560712263413,40.000078361009486,11.916628790826376,15.0,28593.22224736162,True,ok
2025-10-01 21:05:45,2025-10-01T21:05:15.655000,27.82,429.0,1.1286254939404197,19.757254929164905,9.430958607175828,26.83512030229794,25.238865183336813,7.0848617525698145,15.0,26959.850978791972,True,ok
2025-10-01 21:20:45,2025-10-01T21:20:03.390000,27.4,432.0,1.5221567398600402,54.1825202916107,17.494537591128342,27.590172820682085,54.01697945197402,14.537529460405509,15.0,21650.49885644257,True,ok
2025-10-01 21:35:45,2025-10-01T21:35:21.769000,28.05,430.0,1.3804663605339407,38.944682364626956,12.752209958346757,27.401577551929666,40.48421581883093,12.033982073915562,15.0,24502.675683034384,True,ok
2025-10-01 21:50:45,2025-10-01T21:50:09.453000,27.91,430.0,1.2383804836359027,27.4284354898625,9.857135304992362,27.041570187298685,30.723285295112618,9.259172244900556,15.0,24894.731776781846,True,ok
2025-10-01 22:05:45,2025-10-01T22:05:27.820000,27.57,430.0,1.3772543985838273,38.6718258495975,12.66825410756846,27.21735711104046,40.24254327645808,12.02215923236915,15.0,24035.779930538763,True,ok
2025-10-01 22:20:45,2025-10-01T22:20:15.612000,27.69,429.0,2.0,89.0,31.0,28.73131071167229,86.74658580958162,17.518616242262635,15.0,17017.485364266282,True,ok
2025-10-01 22:35:45,2025-10-01T22:35:03.354000,29.35,426.0,1.3676794584095529,37.85843364628204,12.417979583471396,27.84941252276446,39.52211128787142,11.650228928685369,15.0,26163.806941233284,True,ok
2025-10-01 22:50:45,2025-10-01T22:50:21.726000,28.56,427.0,1.4019673873033707,40.77119691398356,13.314214435071865,27.64032727319968,42.10198336517796,12.379939541071078,15.0,20476.459404871806,True,ok
2025-10-02 07:05:45,2025-10-02T07:05:16.156000,22.41,518.0,1.3193076765790661,33.74924554846966,11.153614014913742,25.181297133912008,35.882550273250416,11.125717589828852,15.0,23979.81022754096,True,ok
2025-10-02 07:20:45,2025-10-02T07:20:03.923000,23.46,501.0,1.5757031352771382,60.77117368422009,19.885586842110044,26.332956991722625,60.09902081485128,15.57898803612504,15.0,24092.97839032066,True,ok
2025-10-02 07:35:45,2025-10-02T07:35:22.199000,24.95,492.0,1.4535765573455095,46.01991339250864,14.94372293515895,26.459525169540584,46.76067313292343,13.612013594310444,15.0,7568.635339715591,True,ok
2025-10-02 07:50:45,2025-10-02T07:50:10.018000,24.89,488.0,1.0916238084182055,17.17107081599983,9.28728171199999,25.698795199929243,23.389903338315687,6.588439456878194,15.0,26555.30451062147,True,ok
2025-10-02 08:05:45,2025-10-02T08:05:28.337000,24.39,486.0,1.1940285217489495,24.328513483583105,9.684917415754617,25.67658760975242,28.507032599500263,8.613131334242658,15.0,16745.82138755491,True,ok
2025-10-02 08:20:45,2025-10-02T08:20:16.129000,24.39,480.0,1.3181373909403575,33.64982965689729,11.123024509814549,25.90691539213588,35.7944963330102,11.094029695611262,15.0,15439.058223420185,True,ok
2025-10-02 08:35:45,2025-10-02T08:35:03.831000,24.59,475.0,1.312765454835136,33.19348310379445,10.982610185782908,25.967716375430754,35.390304292077836,10.981292419384886,15.0,24563.606272947258,True,ok
2025-10-02 08:50:45,2025-10-02T08:50:22.180000,24.71,472.0,1.3665135598886726,37.759390440843646,12.387504751028814,26.139679313359636,39.4343874405575,12.023694640143937,15.0,24969.066777529937,True,ok
2025-10-02 09:05:45,2025-10-02T09:05:09.998000,25.08,465.0,1.2908902637720239,31.33518325722443,10.410825617607516,26.095956301933697,33.74438409712422,10.52675245491765,15.0,19226.53975685936,True,ok
2025-10-02 09:18:46,2025-10-02T09:17:55.239000,25.05,450.0,0.6989342582374749,12.0,9.0,25.640808547791057,19.692907216494856,0.8140085382939848,1.6,-1582.3079276561255,True,ok
2025-10-02 09:33:46,2025-10-02T09:32:43.022000,24.65,450.0,1.1139368415017228,18.730610898098934,9.373922827672162,25.645744058648305,24.50487813570294,7.026672929709196,1.6,-1662.357749102343,True,ok
2025-10-02 09:48:46,2025-10-02T09:48:01.452000,24.53,450.0,0.9186272974000776,12.0,9.0,25.449511238381906,19.692907216494856,3.593623934065196,1.6,-1618.8255310128288,True,ok
2025-10-02 10:03:46,2025-10-02T10:03:19.753000,24.36,450.0,1.50517029292004,52.16074543042103,16.86273294700657,26.41501394365193,52.219683822980535,14.500216136378093,1.6,-1649.3253946929826,True,ok
2025-10-02 10:18:46,2025-10-02T10:18:38.150000,25.36,450.0,1.2165732771168727,25.904249489790516,9.772458304988362,26.069036561173576,29.633586481906512,9.019573197100252,1.6,-1447.510847908004,True,ok
2025-10-02 10:33:46,2025-10-02T10:33:25.820000,25.33,450.0,1.3964479997684538,40.30232434598153,13.169945952609702,26.43895112167518,41.686696870934995,12.56071470244838,1.6,-1604.7226711609853,True,ok
2025-10-02 10:48:46,2025-10-02T10:48:13.624000,25.58,450.0,1.529398733554066,55.044482822515064,17.76390088203596,26.944850614629168,54.78323761399261,14.81275788690606,1.6,-1583.4272483633504,True,ok
2025-10-02 11:03:46,2025-10-02T11:03:31.995000,26.32,450.0,1.0178540316595002,12.015029354846366,9.000834964158132,26.108355046747814,19.703652276571884,5.145485756120056,1.6,-1468.0503852250733,True,ok
2025-10-02 11:18:46,2025-10-02T11:18:19.772000,25.58,450.0,1.1909141280428717,24.110837034223408,9.672824279679078,26.109445449965374,28.351407388063485,8.491739915096598,1.6,-1500.1648059498402,True,ok
2025-10-02 11:33:46,2025-10-02T11:33:07.503000,25.27,450.0,1.2648089442710497,29.27561796453632,9.95975655358535,26.112108057424777,32.04390663025945,9.995593087195246,1.6,-1545.9975347722143,True,ok
2025-10-02 11:48:46,2025-10-02T11:48:25.808000,25.43,450.0,1.3770425303433629,38.653827619656916,12.662716190663666,26.429591266869473,40.226602011550106,12.18949247849407,1.6,-1608.0062410159885,True,ok
2025-10-02 12:03:46,2025-10-02T12:03:13.538000,25.85,450.0,1.0485829629648624,14.162787567340716,9.120154864852262,25.98398322092204,21.23916669219978,5.729851156884964,1.6,-1452.8475438190376,True,ok
2025-10-02 12:18:46,2025-10-02T12:18:31.956000,25.32,450.0,1.1835918870169229,23.599058634217666,9.644392146345426,26.00223246778039,27.985517453971166,8.360782943393962,1.6,-1579.0461647430627,True,ok
2025-10-02 12:33:46,2025-10-02T12:33:19.702000,25.58,450.0,1.0289327612291652,12.7893625778537,9.043853476547428,25.853621370299102,20.257252686297008,5.392585823181157,1.6,-1450.4758256518885,True,ok
2025-10-02 12:48:46,2025-10-02T12:48:38.069000,25.3,450.0,1.0241692444273187,12.456422840058933,9.02535682444772,25.743091901564533,20.019221345550555,5.324859743553425,1.6,-1622.9933301660474,True,ok
2025-10-02 13:03:46,2025-10-02T13:03:25.827000,25.18,450.0,1.181827369949837,23.475730036022682,9.637540557556816,25.947942568971463,27.897345126524844,8.333339228682457,1.6,-1408.2395805993572,True,ok
2025-10-02 13:18:46,2025-10-02T13:18:13.612000,25.45,450.0,1.0857204047031512,16.75846018256511,9.264358899031395,25.895484189770666,23.094912229915007,6.445199710152798,1.6,-1632.643721417104,True,ok
2025-10-02 13:33:46,2025-10-02T13:33:31.966000,25.34,450.0,1.6291293586242337,68.01056940871739,23.505284704358694,27.257031773524744,67.4539922408908,16.163365278114007,1.6,-1517.628189177401,True,ok
2025-10-02 13:48:46,2025-10-02T13:48:19.655000,26.81,450.0,1.163544014180036,22.197838946471723,9.566546608137317,26.518710374691974,26.983731956200113,7.857953051689665,1.6,-1442.3050714989402,True,ok
2025-10-02 14:03:46,2025-10-02T14:03:07.387000,26.32,450.0,1.2452577396293507,27.909112246648263,9.883839569258237,26.46750341948004,31.066939476019975,9.534538950595913,1.6,-1537.9341693154931,True,ok
2025-10-02 14:18:46,2025-10-02T14:18:25.746000,26.32,450.0,1.0203178314482415,12.187233398573966,9.010401855476331,26.11224623081321,19.826767527643863,5.188997293810272,1.6,-1489.0825373849686,True,"red_error:HTTPConnectionPool(host='192.168.0.46', port=80): Max retries exceeded with url: /rpc/Light.Set (Caused by ConnectTimeoutError(<urllib3.connection.HTTPConnection object at 0x7fff68194490>, 'Connection to 192.168.0.46 timed out. (connect timeout=5)'))|blue_error:HTTPConnectionPool(host='192.168.0.63', port=80): Max retries exceeded with url: /rpc/Light.Set (Caused by ConnectTimeoutError(<urllib3.connection.HTTPConnection object at 0x7fff68195810>, 'Connection to 192.168.0.63 timed out. (connect timeout=5)'))"
2025-10-02 14:33:46,2025-10-02T14:33:13.533000,26.04,450.0,1.393856712201373,40.08219418691539,13.102213595973964,26.69398323040233,41.49172474359286,12.466776892409921,1.6,-1627.6614560042226,True,ok
2025-10-02 14:48:46,2025-10-02T14:48:31.874000,26.37,450.0,1.4516031993678646,45.78503875595734,14.870324611236668,26.97531475357452,46.55187680958469,13.483846217614662,1.6,-1380.9431530900215,True,"red_error:HTTPConnectionPool(host='192.168.0.46', port=80): Max retries exceeded with url: /rpc/Light.Set (Caused by ConnectTimeoutError(<urllib3.connection.HTTPConnection object at 0x7fff68196350>, 'Connection to 192.168.0.46 timed out. (connect timeout=5)'))|blue_error:HTTPConnectionPool(host='192.168.0.63', port=80): Max retries exceeded with url: /rpc/Light.Set (Caused by ConnectTimeoutError(<urllib3.connection.HTTPConnection object at 0x7fff68195450>, 'Connection to 192.168.0.63 timed out. (connect timeout=5)'))"
2025-10-02 15:03:46,2025-10-02T15:03:19.629000,26.58,450.0,1.0556260929886125,14.655057871174394,9.147503215065244,26.263658728550237,21.591109542900963,5.806332579445299,1.6,-1583.9068935002879,True,ok
2025-10-02 15:18:46,2025-10-02T15:18:37.999000,26.07,450.0,1.4542708423621105,46.10254915489159,14.969546610903624,26.873871942994597,46.834133782464804,13.553742152226269,1.6,-1549.1954213602253,True,ok
2025-10-02 15:33:46,2025-10-02T15:33:25.775000,26.5,450.0,1.2789668846680184,30.3222909128493,10.099166434722862,26.589990334321897,32.8472522548125,10.199041791688025,1.6,-1534.1936386852103,True,ok
2025-10-02 15:48:46,2025-10-02T15:48:13.484000,26.01,450.0,1.4641609811443526,47.27970138891928,15.337406684037273,26.884873371081067,47.88058589020986,13.72779589392117,1.6,-1520.5078587159167,True,ok
2025-10-02 16:03:46,2025-10-02T16:03:31.876000,26.57,450.0,1.6261283469393883,67.60392432322648,23.30196216161324,27.696465863312973,67.04085513689132,16.01596508700345,1.6,-1629.4043310413033,True,ok
2025-10-02 16:18:46,2025-10-02T16:17:49.030000,27.57,450.0,1.6846880990407465,75.5519125679016,26.79747267746925,28.30931714235359,74.79164996385134,16.50370969147032,1.6,-1512.8443110265725,True,ok
2025-10-02 16:33:46,2025-10-02T16:33:07.356000,28.31,450.0,1.2945255493244576,31.64400115805262,10.505846510170038,27.29285190431336,34.01790810374484,10.34301079657011,1.6,-1620.0190685339949,True,ok
2025-10-02 16:48:46,2025-10-02T16:48:25.745000,27.43,450.0,1.2986142396537896,31.991335843713145,10.612718721142507,26.978841237249327,34.325546924569,10.509772999290913,1.6,-1399.7054657860497,True,ok
2025-10-02 17:03:46,2025-10-02T17:03:13.528000,26.95,450.0,1.524290686851817,54.43650868590673,17.573908964345854,27.43176332974786,54.24276731769845,14.616492552446973,1.6,-1512.4181021913528,True,ok
2025-10-02 17:18:46,2025-10-02T17:18:31.918000,27.37,450.0,0.9350430321146215,12.0,9.0,26.494288851308802,19.692907216494856,3.654151798158762,1.6,-1490.0022301654749,True,ok
2025-10-02 17:33:46,2025-10-02T17:33:19.643000,26.44,450.0,1.367738557824594,37.86345414798127,12.419524353225006,26.77902389221489,39.52655801112269,11.942517690107476,1.6,-1548.35945782224,True,ok
2025-10-02 17:48:46,2025-10-02T17:48:37.991000,26.59,450.0,1.1447356009617016,20.88324965756222,9.493513869864568,26.408071968627837,26.04388184085298,7.5042766084587385,1.6,-1518.0593405372763,True,ok
2025-10-02 18:03:46,2025-10-02T18:03:25.740000,26.36,450.0,1.458066201659717,46.55428353137346,15.110713603554206,26.993249265095912,47.23571174047701,13.595936020197744,1.6,-1418.2674522206503,True,ok
2025-10-02 18:18:46,2025-10-02T18:18:13.541000,26.76,450.0,1.0968362429220533,17.535387065773683,9.307521503654094,26.394961974995507,23.650366946426193,6.563549859310364,1.6,-1495.5424105144086,True,ok
2025-10-02 18:33:46,2025-10-02T18:33:01.239000,26.26,450.0,1.714009942142834,79.54542190269962,28.04544434459363,27.939599852089433,78.34175685733291,16.903932879815024,1.6,-1534.3449646837682,True,ok
2025-10-02 18:48:46,2025-10-02T18:48:19.569000,27.75,450.0,1.4853304915212284,49.79935626759049,16.12479883362203,27.595777802955745,50.12048153187549,13.917935851221655,1.6,-1425.5365168730075,True,ok
2025-10-02 19:03:46,2025-10-02T19:03:37.927000,27.5,450.0,1.5488245564626257,57.356599096929294,18.486437217790403,27.716142178138092,56.8386378237292,14.922798565486495,1.6,-1615.8008006961686,True,ok
2025-10-02 19:18:46,2025-10-02T19:18:25.720000,27.69,450.0,1.2569781763555412,28.728296746836318,9.929349819268685,26.99000883937845,31.65260577764563,9.654553664560646,1.6,-1518.9586338274369,True,ok
2025-10-02 19:33:46,2025-10-02T19:33:13.454000,26.79,450.0,1.1047945821188259,18.09162471028628,9.338423595015904,26.41856730267614,24.048042493280256,6.713148875182361,1.6,-1523.0806569928757,True,ok
2025-10-02 19:48:46,2025-10-02T19:48:31.798000,26.26,450.0,1.5284645604309335,54.93329490057827,17.72915465643071,27.191884611363342,54.68439497333564,14.744506776101925,1.6,-1747.1778603546338,True,ok
2025-10-02 20:03:46,2025-10-02T20:03:19.561000,26.93,450.0,1.1520445734615805,21.394100671400473,9.521894481744472,26.544694350557535,26.40910875113715,7.620831765609869,1.6,-1526.3725529182998,True,ok
2025-10-02 20:18:46,2025-10-02T20:18:37.983000,26.32,450.0,1.1640808409529788,22.235359747270728,9.568631097070597,26.339297281931337,27.010557010425313,7.906689789784763,1.6,-1509.2728779915255,True,ok
2025-10-02 20:29:53,2025-10-02T20:29:53.000000,25.8,400.0,0.8835383709504949,12.0,9.0,25.80220212408742,19.692907216494856,3.0051470219611645,1.6,-1305.509569308833,True,ok
2025-10-02 20:45:06,2025-10-02T20:45:06.000000,26.0,400.0,0.9548954286141466,12.0,9.0,26.15439676534885,19.692907216494856,4.050051438432669,1.6,-1358.9592201468984,True,ok
2025-10-02 21:00:04,2025-10-02T21:00:04.000000,27.5,400.0,1.2881368656916232,31.101281792519835,10.33885593615995,27.799165373075944,33.53721454636678,10.067031188280225,1.6,-1372.416326909274,True,ok
2025-10-02 21:15:04,2025-10-02T21:15:04.000000,27.7,400.0,1.3176434078970958,33.60786574394891,11.110112536599665,27.944799825885163,35.75732835287584,10.622920791372968,1.6,-1515.4870552445627,True,ok
2025-10-02 21:30:04,2025-10-02T21:30:04.000000,27.2,400.0,1.20149033211734,24.85004689909729,9.713891494394295,27.371506977285808,28.879896766935403,8.414234488509933,1.6,-1289.6599789522343,True,ok
2025-10-02 21:45:04,2025-10-02T21:45:04.000000,27.3,400.0,1.2408925338788992,27.604011935589813,9.866889551977211,27.56598310576822,30.84881160523944,9.16697995860321,1.6,-1387.3827742905878,True,ok
2025-10-02 22:00:04,2025-10-02T22:00:04.000000,27.6,400.0,1.2942360307461145,31.619406523511508,10.498278930311233,27.829268817902467,33.9961243180154,10.182471592651918,1.6,-1404.4802757465309,True,ok
2025-10-02 22:15:04,2025-10-02T22:15:04.000000,27.8,400.0,1.3253479390265728,34.262366496627784,11.31149738357778,27.982826822318003,36.33702812976322,10.766830138240293,1.6,-1337.9387914617978,True,ok
2025-10-02 22:30:04,2025-10-02T22:30:04.000000,27.5,400.0,1.265578114887212,29.32937813247889,9.962743229582161,27.687822901749342,32.082341828589584,9.638260543975443,1.6,-1394.5944881341193,True,ok
2025-10-02 22:45:04,2025-10-02T22:45:04.000000,26.3,400.0,1.0276339662125984,12.698585009461942,9.03881027830344,26.513409930887732,20.19235233388755,5.235780528049997,1.6,-1373.1551941942614,True,ok
2025-10-03 07:00:04,2025-10-03T07:00:04.000000,26.3,400.0,1.0332304599786017,13.089744575919422,9.060541365328858,26.541032357859567,20.47200725482423,5.331463188061907,1.6,-1319.0902851407939,True,ok
2025-10-03 07:15:04,2025-10-03T07:15:04.000000,25.6,400.0,0.8904052890676438,12.0,9.0,25.836094942009378,19.692907216494856,3.1001646487636982,1.6,-1338.3239425599845,True,ok
2025-10-03 07:30:04,2025-10-03T07:30:04.000000,27.8,400.0,1.3506104480422847,36.4084193696029,11.9718213444932,28.107514142556045,38.2378148997711,11.234126268807566,1.6,-1403.969883009353,True,ok
2025-10-03 07:45:04,2025-10-03T07:45:04.000000,27.9,400.0,1.3650470934631718,37.63481395940191,12.349173525969817,28.178768610179894,39.32404844063793,11.49752282356275,1.6,-1630.5526851258355,True,ok
2025-10-03 08:00:04,2025-10-03T08:00:04.000000,27.1,400.0,1.1915012257035775,24.151871452563142,9.675103969586841,27.32220407908476,28.38074446172989,8.223960522019967,1.6,-1308.879464689429,True,ok
2025-10-03 08:15:04,2025-10-03T08:15:04.000000,26.5,400.0,1.0667247688450299,15.430785213643784,9.190599178535766,26.70634909711072,22.1457066619012,5.9157719856497,1.6,-1340.7989464500379,True,ok
2025-10-03 08:41:08,2025-10-03T08:40:28.062000,22.63,400.0,0.9947644725617589,12.0,9.0,26.35117707118422,19.692907216494856,4.686134328739158,1.6,-1353.8853459360744,True,ok
2025-10-03 08:41:59,2025-10-03T08:41:29.296000,22.85,727.0,1.0471802784577826,14.064748779734279,9.114708265540793,26.609884010040847,21.16907501671014,5.572455251907609,1.6,-1315.3493602548408,True,ok
2025-10-03 08:42:52,2025-10-03T08:42:30.514000,22.85,726.0,1.5552598229862404,58.12254268292206,18.725794588413144,29.11759521305789,57.519538098822316,14.564293382604433,1.6,-1502.8553703389634,True,ok
2025-10-03 09:42:35,2025-10-03T09:42:12.150000,25.39,615.0,1.3813637092179647,39.02091223238129,12.775665302271166,28.259301984460087,40.5517335980672,11.791511984856804,1.6,-1560.0458476252154,True,ok
2025-10-03 09:42:50,2025-10-03T09:42:42.722000,25.45,615.0,1.4359578899409424,43.92288986710416,14.28840308347005,28.52876065504209,44.89648375731302,12.740667911371265,1.6,-1510.9686383584942,True,ok
2025-10-03 09:45:04,2025-10-03T09:44:14.560000,25.34,611.0,1.4583956035462728,46.59348987368974,15.122965585528044,28.63950572711618,47.270564972172856,13.112561032357878,1.6,-1478.072402507189,True,ok
2025-10-03 10:00:04,2025-10-03T09:59:32.905000,25.21,592.0,1.3968591949389713,40.33725542018693,13.180693975442132,28.335782534714912,41.71763577488648,12.066652452692493,1.6,-1352.5090767784432,True,ok
2025-10-03 10:15:04,2025-10-03T10:14:51.349000,25.14,583.0,1.2975319870246558,31.899398365824744,10.584430266407614,27.845536558994116,34.244116711996504,10.244750546069469,1.6,-1281.5246676816662,True,ok
2025-10-03 10:30:04,2025-10-03T10:29:39.062000,24.83,577.0,1.1172402351181814,18.961497247459622,9.38674984708109,26.95567659329319,24.669947609423303,6.829867060952068,1.6,-1383.041542687385,True,ok
2025-10-03 10:45:04,2025-10-03T10:44:57.384000,24.38,574.0,0.9922423758758832,12.0,9.0,26.338728842983787,19.692907216494856,4.644868907882871,1.6,-1294.763282940523,True,ok
2025-10-03 11:00:04,2025-10-03T10:59:45.212000,24.1,570.0,1.149462627203332,21.213638935674417,9.51186882975969,27.11471557545677,26.280089760514937,7.4291728731833455,1.6,-1452.6555052042238,True,ok
2025-10-03 11:15:04,2025-10-03T11:14:32.923000,24.09,563.0,1.070433919637948,15.690031426852626,9.205001745936258,26.72465622853777,22.33105168596553,5.981633262668839,1.6,-1366.9829916100657,True,ok
2025-10-03 11:30:04,2025-10-03T11:29:51.343000,24.01,549.0,1.3498098622204058,36.340409517452514,11.950895236139235,28.103562717909803,38.17757769460921,11.219436470231049,1.6,-1432.6993053607212,True,ok
2025-10-03 11:45:04,2025-10-03T11:44:39.016000,24.59,533.0,1.5905352246054694,62.78096133795886,20.89048066897943,29.291702832197654,62.14089438112634,15.020853331524368,1.6,-1388.5838001887544,True,ok
2025-10-03 12:00:04,2025-10-03T11:59:26.778000,25.58,512.0,1.5335333861982754,55.536600850807915,17.917687765877474,29.010360766165547,55.22071539560831,14.262720349479526,1.6,-1530.9807145814254,True,ok
2025-10-03 12:15:04,2025-10-03T12:14:45.114000,25.85,500.0,0.8886071190790743,12.0,9.0,25.82721977457974,19.692907216494856,3.0751660348570793,1.6,-1336.6743284737304,True,ok
2025-10-03 12:30:04,2025-10-03T12:29:32.862000,24.95,503.0,1.3961032573264425,40.27303843824946,13.160934904076756,28.332051478741228,41.66075796389976,12.053327707411423,1.6,-1302.9208434051827,True,ok
2025-10-03 12:45:04,2025-10-03T12:44:51.238000,25.3,499.0,1.2954321879638686,31.721020208521757,10.529544679545156,27.835172651047955,34.086124872312766,10.20508246971207,1.6,-1469.1697160063425,True,ok
2025-10-03 13:00:04,2025-10-03T12:59:38.983000,25.21,494.0,1.0559677541079968,14.678937825467486,9.148829879192638,26.653256059499626,21.608182234719003,5.726023048941288,1.6,-1360.940744602427,True,ok
2025-10-03 13:15:04,2025-10-03T13:14:57.439000,24.71,495.0,1.5262778310229579,54.67302419412121,17.647820060662877,28.974549765322877,54.45302232544592,14.158716355771768,1.6,-1431.3529879954085,True,ok
2025-10-03 13:30:04,2025-10-03T13:29:45.093000,25.7,479.0,1.2384209619537103,27.4312646686138,9.857292481589656,27.553784250938094,30.725307983109683,9.119735854585489,1.6,-1367.1220052326755,True,ok
2025-10-03 13:45:04,2025-10-03T13:44:32.837000,25.52,478.0,1.5598344389134247,58.66702638300647,18.89594574468952,29.14017399178189,58.00356735104285,14.62585571663573,1.6,-1264.7054579677995,True,ok
2025-10-03 14:00:04,2025-10-03T13:59:51.250000,26.2,468.0,0.9914456390394125,12.0,9.0,26.334796415646004,19.692907216494856,4.631860977382913,1.6,-1351.9773442766111,True,ok
2025-10-03 14:15:04,2025-10-03T14:14:38.957000,25.3,475.0,1.3131157476714814,33.22324051812547,10.991766313269377,27.922452804845836,35.416660818602566,10.53808534143964,1.6,-1368.86989408014,True,ok
2025-10-03 14:30:05,2025-10-03T14:29:57.319000,24.45,502.0,1.3635487179171992,37.50752679472519,12.310008244530827,28.17137312814676,39.211308553538174,11.470321921108596,1.6,-1501.688784088074,True,ok
2025-10-03 14:45:04,2025-10-03T14:44:45.072000,24.34,581.0,1.0842993735978712,16.659139083622676,9.25884106020126,26.79309148558495,23.023903781051953,6.229710829540015,1.6,-1429.880087398086,True,ok
2025-10-03 15:00:04,2025-10-03T14:59:32.900000,23.81,502.0,1.3586326307557346,37.08990465869367,12.181509125751898,28.147108961280424,38.841415229367335,11.380849874784905,1.6,-1485.7811191175435,True,ok
2025-10-03 15:15:04,2025-10-03T15:14:51.282000,24.09,543.0,1.496419400947392,51.11918956733917,16.537246739793492,28.827178511330573,51.29377271586149,13.714226566623218,1.6,-1564.2876072985866,True,ok
2025-10-03 15:30:04,2025-10-03T15:29:38.970000,24.83,546.0,0.8732560147835937,12.0,9.0,25.75145184289458,19.692907216494856,2.8651519375582,1.6,-1307.7765004704552,True,ok
2025-10-03 15:45:04,2025-10-03T15:44:57.306000,24.34,541.0,1.425288078617594,42.75229216321348,13.923782204065688,28.476098024401306,43.85666503555141,12.559838430898692,1.6,-1392.9160107008247,True,ok
2025-10-03 16:00:04,2025-10-03T15:59:45.134000,24.89,535.0,1.4783080356741836,48.96352375090708,15.863601172158463,28.737786851920806,49.37745214831606,13.432362967581174,1.6,-1231.6771014413027,True,ok
2025-10-03 16:15:04,2025-10-03T16:14:32.826000,25.45,530.0,1.1891758729385293,23.989343981352093,9.666074665630672,27.310726913269534,28.264547362108384,8.179725497835943,1.6,-1367.3684339036768,True,ok
2025-10-03 16:30:04,2025-10-03T16:29:51.254000,25.21,525.0,1.4300658763686898,43.221605780782546,14.069251806494545,28.499679640853298,44.273063787452045,12.641115582823787,1.6,-1433.9371755672835,True,ok
2025-10-03 16:45:04,2025-10-03T16:44:38.986000,25.58,521.0,1.4439783792793208,44.87751114700161,14.586722233438005,28.568347115831802,45.74511269549967,12.874942785603345,1.6,-1403.5394429046767,True,ok
2025-10-03 17:00:04,2025-10-03T16:59:57.310000,25.88,513.0,1.4221864701574463,42.488810189091105,13.842710827412647,28.460789519332277,43.623295645237604,12.506817290779797,1.6,-1267.3639511802282,True,ok
2025-10-03 17:15:04,2025-10-03T17:14:45.060000,26.07,509.0,1.530102762557637,55.12827834173084,17.790086981790886,28.993428351881978,54.857729251665425,14.213745676769307,1.6,-1364.3029350082074,True,ok
2025-10-03 17:30:04,2025-10-03T17:29:32.873000,26.51,500.0,1.1715679403007593,22.758660702717577,9.597703372373198,27.223820029469113,27.384684859699032,7.845671449820416,1.6,-1358.9380283953735,True,ok
2025-10-03 17:45:04,2025-10-03T17:44:51.267000,25.94,495.0,1.3021798146763959,32.294231827493434,10.705917485382594,27.868476686376688,34.593825812712105,10.332439699873296,1.6,-1342.6993769440971,True,ok
2025-10-03 18:00:04,2025-10-03T17:59:38.989000,25.83,490.0,1.217996345707865,26.00371299611536,9.777984055339742,27.452975156124864,29.70469674324888,8.729317654341283,1.6,-1352.4652488400493,True,ok
2025-10-03 18:15:04,2025-10-03T18:14:57.396000,25.83,483.0,1.0824133212339282,16.527315935801518,9.251517551988973,26.783782560056512,22.929658375486607,6.195796839135601,1.6,-1300.939715497607,True,ok
2025-10-03 18:30:04,2025-10-03T18:29:45.044000,25.3,481.0,1.445009777299679,45.00027105063577,14.625084703323676,28.573437752521027,45.854242471743646,12.892103811119247,1.6,-1493.6922716810573,True,ok
2025-10-03 18:45:04,2025-10-03T18:44:32.882000,25.85,479.0,1.3430843155376933,35.769073599401516,11.77509956904662,28.070367662245232,37.67153808676111,11.095706211616578,1.6,-1594.9156163996463,True,ok
2025-10-03 19:00:04,2025-10-03T18:59:51.246000,25.83,474.0,1.1243014335690666,19.455030420228788,9.414168356679378,26.990528314156006,25.022793333382847,6.960271352949213,1.6,-1383.8287286532704,True,ok
2025-10-03 19:15:04,2025-10-03T19:14:38.937000,25.7,475.0,1.306123857263375,32.62927867179772,10.809008822091608,27.887943165370096,34.89058113361135,10.406720101565321,1.6,-1526.035350785601,True,ok
2025-10-03 19:30:04,2025-10-03T19:29:57.331000,25.71,472.0,1.1502459856290432,21.26839074189342,9.514910596771857,27.118581971420333,26.319233918941084,7.4438669301179505,1.6,-1335.6409144648303,True,ok
2025-10-03 19:45:04,2025-10-03T19:44:45.075000,25.39,472.0,1.3247245144016495,34.20940650731842,11.29520200225182,27.979749806262163,36.2901207826579,10.755207587549052,1.6,-1564.4990067852834,True,ok
2025-10-03 20:00:04,2025-10-03T19:59:32.839000,25.57,466.0,1.4438976359190168,44.8679008443499,14.583719013859342,28.567948593530748,45.73656943221116,12.873598296303193,1.6,-1442.4103668908383,True,ok
2025-10-03 20:15:04,2025-10-03T20:14:51.145000,25.88,466.0,1.3701989816639633,38.07246741922566,12.483836128992511,28.20419661234402,39.71168376722143,11.590793843681276,1.6,-1288.3201648476606,True,ok
2025-10-03 20:30:04,2025-10-03T20:29:38.905000,25.88,463.0,1.3062113251281953,32.63670907637367,10.811295100422669,27.888374877583026,34.89716233899153,10.40836601707921,1.6,-1320.0297292722719,True,ok
2025-10-03 20:45:04,2025-10-03T20:44:57.298000,25.83,458.0,1.2252961132202251,26.513920639465287,9.806328924414737,27.489004374319734,30.06946368338666,8.868826569028355,1.6,-1402.4363915853726,True,ok
2025-10-03 21:00:04,2025-10-03T20:59:45.023000,25.6,459.0,1.096530821303622,17.51404002370637,9.306335556872575,26.853461832651952,23.635105130345273,6.450880370890471,1.6,-1441.7007668828178,True,ok
2025-10-03 21:15:04,2025-10-03T21:14:32.809000,25.34,459.0,1.1382752737843216,20.43171359167252,9.468428532870696,27.059498529616043,25.721061453382866,7.219922225259115,1.6,-1387.525016459847,True,ok
2025-10-03 21:30:04,2025-10-03T21:29:20.586000,25.08,458.0,1.3755525176070442,38.527250876564715,12.623769500481451,28.230619880520813,40.11449135403085,11.687285905580746,1.6,-1408.452138895576,True,ok
2025-10-03 21:45:04,2025-10-03T21:44:38.930000,25.46,459.0,1.176728559926581,23.119355419783258,9.617741967765737,27.249291127035526,27.642559295691505,7.943396581512219,1.6,-1391.30913680843,True,ok
2025-10-03 22:00:04,2025-10-03T21:59:57.299000,25.32,457.0,1.2118569684023168,25.574609299128284,9.754144961062682,27.422673237036662,29.397914113486443,8.612047913206577,1.6,-1376.352424089448,True,ok
2025-10-03 22:15:04,2025-10-03T22:14:45.076000,25.11,456.0,0.837293576102559,12.0,9.0,25.5739532379233,19.692907216494856,2.39739147989044,1.6,-1340.0493169067586,True,ok
2025-10-03 22:30:04,2025-10-03T22:29:32.806000,24.77,460.0,1.2780808039546079,30.247018260417196,10.076005618589907,27.74953200572684,32.780582293560336,9.876208626015588,1.6,-1348.4105070923733,True,ok
2025-10-03 22:45:04,2025-10-03T22:44:51.123000,25.05,459.0,1.4224603531022915,42.51207657487561,13.84986971534634,28.462141314216563,43.64390298387404,12.511507331441441,1.6,-1412.4334323526305,True,ok
2025-10-04 07:00:05,2025-10-04T06:59:46.169000,20.62,517.0,1.2999095395735427,32.10137171198029,10.646575911378552,27.85727136553536,34.423007115444236,10.289627294497258,1.6,-1345.6050315014415,True,"red_error:HTTPConnectionPool(host='192.168.0.46', port=80): Max retries exceeded with url: /rpc/Light.Set (Caused by ConnectTimeoutError(<urllib3.connection.HTTPConnection object at 0x7ffef283ec10>, 'Connection to 192.168.0.46 timed out. (connect timeout=5)'))|blue_error:HTTPConnectionPool(host='192.168.0.63', port=80): Max retries exceeded with url: /rpc/Light.Set (Caused by ConnectTimeoutError(<urllib3.connection.HTTPConnection object at 0x7ffef27c5450>, 'Connection to 192.168.0.63 timed out. (connect timeout=5)'))"
2025-10-04 07:15:04,2025-10-04T07:14:31.470000,21.8,516.0,1.5759079696630536,60.79892928970228,19.89946464485114,29.219507579537904,60.12721953377794,14.836654911948125,1.6,-1311.1441496089133,True,ok
2025-10-04 07:30:04,2025-10-04T07:29:49.919000,22.97,512.0,1.5000110284944739,51.54667521581502,16.670836004942196,28.84490558720654,51.673794300960736,13.769053166979571,1.6,-1359.8103266959235,True,ok
2025-10-04 07:45:04,2025-10-04T07:44:37.673000,23.34,506.0,1.4983759978633953,51.35206925502369,16.6100216421949,28.83683562124356,51.50079559105466,13.744139067494835,1.6,-1440.911144127327,True,ok
2025-10-04 08:00:04,2025-10-04T07:59:56.032000,23.72,495.0,1.2748882942009823,29.98010086286736,9.99889449238152,27.73377484218597,32.54756837377309,9.815515879476138,1.6,-1313.872372885243,True,ok
2025-10-04 08:15:04,2025-10-04T08:14:43.713000,23.46,492.0,1.3374960211161477,35.29434738392823,11.62902996428561,28.04278570450341,37.25106694128715,10.992473562896755,1.6,-1516.8158860992528,True,ok
2025-10-04 08:30:04,2025-10-04T08:29:31.535000,23.53,485.0,1.3095666184718735,32.92174160878748,10.898997418088454,27.904935486641122,35.14961933735193,10.471455829740812,1.6,-1546.217689269943,True,ok
2025-10-04 08:45:04,2025-10-04T08:44:49.874000,23.59,483.0,1.2292259617670116,26.788592231729442,9.821588457318303,27.508400796264024,30.265836900367756,8.943951196908602,1.6,-1415.8424171520435,True,ok
2025-10-04 09:00:04,2025-10-04T08:59:37.628000,23.59,480.0,1.1066728298661408,18.222902364699554,9.345716798038865,26.903519404871137,24.141897904764072,6.635806496561375,1.6,-1288.631291774118,True,ok
2025-10-04 09:15:04,2025-10-04T09:14:55.998000,23.46,477.0,1.4189144462521934,42.21085140447697,13.757185047531376,28.444639900454472,43.377103956740406,12.450666431754806,1.6,-1323.0983875425372,True,ok
2025-10-04 09:30:04,2025-10-04T09:29:13.094000,23.73,475.0,1.5604556229389026,58.74096145908919,18.919050455965372,29.143239948986036,58.06929335823764,14.634162242093682,1.6,-1344.4648151060644,True,ok
2025-10-04 09:45:04,2025-10-04T09:44:31.485000,24.59,471.0,1.2522728266016607,28.399422518307855,9.91107902879488,27.622152435672984,31.41748102482372,9.3844153696321,1.6,-1443.575565219921,True,ok
2025-10-04 10:00:04,2025-10-04T09:59:49.906000,24.34,466.0,1.1021984114241903,17.91016877629915,9.328342709794397,26.88143516752149,23.918312712331186,6.55405608344242,1.6,-1307.6414960088507,True,ok
2025-10-04 10:15:04,2025-10-04T10:14:37.634000,23.9,463.0,1.2247558208097904,26.476157612494767,9.804230978471931,27.486337671152597,30.042465452415566,8.858498894513266,1.6,-1360.5461966262965,True,ok
2025-10-04 10:30:04,2025-10-04T10:29:55.987000,23.87,461.0,1.4961324189557228,51.08503216064781,16.52657255020244,28.825762063919292,51.263407832549014,13.709830193145272,1.6,-1348.094489863895,True,ok
2025-10-04 10:45:04,2025-10-04T10:44:43.718000,24.59,460.0,1.3797070015917987,38.88017474036884,12.732361458575026,28.251125028077958,40.427080582183905,11.761854048087791,1.6,-1433.2096077934066,True,ok
2025-10-04 11:00:04,2025-10-04T10:59:31.495000,24.72,457.0,1.0837591312702903,16.62137955712732,9.256743308729295,26.790425029610073,22.996908052704317,6.219991169231429,1.6,-1274.146068112669,True,ok
2025-10-04 11:15:04,2025-10-04T11:14:49.843000,24.22,454.0,1.4645003833102808,47.32009799271351,15.350030622722972,28.669636884276546,47.91649722772784,13.211667891527357,1.6,-1387.3146925876633,True,ok
2025-10-04 11:30:04,2025-10-04T11:29:37.612000,24.61,453.0,1.2880085290512968,31.090379581044754,10.335501409552233,27.798531946215583,33.527558316738606,10.064599575602301,1.6,-1326.3277089251192,True,ok
2025-10-04 11:45:05,2025-10-04T11:44:55.965000,24.71,450.0,1.506983617194847,52.37657240394525,16.93017887623289,28.87931995988943,52.41154736010341,13.874449169210628,1.6,-1359.1299784044736,True,ok
2025-10-04 12:00:04,2025-10-04T11:59:43.770000,25.14,444.0,1.5322869432701407,55.38824569525881,17.871326779768378,29.004208739522348,55.08883222813724,14.244968429763524,1.6,-1379.8938290578228,True,ok
2025-10-04 12:15:04,2025-10-04T12:14:31.503000,25.58,442.0,1.2834586714856577,30.703868688785615,10.216574981164804,27.77607536650802,33.18522062332864,9.97832904336448,1.6,-1524.3278196810743,True,ok
2025-10-04 12:30:04,2025-10-04T12:29:49.811000,25.18,441.0,0.9414553329504175,12.0,9.0,26.08806093500789,19.692907216494856,3.843758067311753,1.6,-1334.0622817192268,True,ok
2025-10-04 12:45:04,2025-10-04T12:44:37.611000,24.71,439.0,1.477994150230653,48.926164219436785,15.851926318573996,28.7362376180426,49.34424067462443,13.427400605790528,1.6,-1435.9499721071697,True,ok
2025-10-04 13:00:04,2025-10-04T12:59:25.373000,25.14,438.0,1.3931839889243276,40.02504627177669,13.084629622085135,28.317642943393892,41.441108096446335,12.001773975764289,1.6,-1365.4141792383425,True,ok
2025-10-04 13:15:04,2025-10-04T13:14:43.740000,25.39,437.0,1.1359446377954106,20.268816856482605,9.459378714249034,27.04799528756962,25.60460035283266,7.176477708351149,1.6,-1289.3784493086744,True,ok
2025-10-04 13:30:04,2025-10-04T13:29:31.470000,24.84,433.0,1.279396008102934,30.358744995054234,10.110383075401304,27.756023414823176,32.87954010663596,9.901197201966793,1.6,-1410.0842143744428,True,ok
2025-10-04 13:45:04,2025-10-04T13:44:49.849000,24.95,433.0,1.5766436200872451,60.89861188379128,19.94930594189564,29.223138504715102,60.22849354325322,14.846094445533799,1.6,-1305.8095316098452,True,ok
2025-10-04 14:00:05,2025-10-04T13:59:37.632000,25.85,434.0,1.5238788005632966,54.387484817246005,17.558589005389376,28.962708950976268,54.19918660722883,14.123974410617635,1.6,-1536.298772244459,True,ok
2025-10-04 14:15:05,2025-10-04T14:14:55.971000,25.94,429.0,1.3401216407502643,35.51739405580201,11.69765970947754,28.055744887454665,37.44862226172257,11.041023269326827,1.6,-1315.5334538633197,True,ok
2025-10-04 14:30:04,2025-10-04T14:29:43.666000,25.7,426.0,1.63946318093117,69.41082988643308,24.20541494321654,29.533194908664854,68.87660763512338,15.581582375174312,1.6,-1281.4455317585275,True,ok
2025-10-04 14:45:04,2025-10-04T14:44:31.399000,26.44,422.0,1.080317520722279,16.38083271723743,9.243379595402079,26.773438387615506,22.82493192516075,6.158172617429272,1.6,-1383.9637450076452,True,ok
2025-10-04 15:00:04,2025-10-04T14:59:49.770000,25.83,421.0,1.3834273348644968,39.196217454231224,12.829605370532683,28.269487352496196,40.707003699098635,11.8283911464323,1.6,-1361.9995465233314,True,ok
2025-10-04 15:15:04,2025-10-04T15:14:37.589000,25.83,420.0,1.3875610399953588,39.547376152149994,12.937654200661537,28.289889942559633,41.01802949701006,11.902049941705991,1.6,-1324.5403978495867,True,ok
2025-10-04 15:30:04,2025-10-04T15:29:55.966000,25.89,419.0,1.1062847938910354,18.195781100897896,9.344210061160995,26.90160418869598,24.122507876922377,6.628706728326691,1.6,-1301.9511995780722,True,ok
2025-10-04 15:45:04,2025-10-04T15:44:43.722000,25.39,418.0,1.5134425245904959,53.14532979325686,17.17041556039277,28.91119897294899,53.09494901974873,13.970832875892913,1.6,-1401.2628613593706,True,ok
2025-10-04 16:00:04,2025-10-04T15:59:31.467000,25.94,419.0,1.6402028373837854,69.51105530805559,24.255527654027794,29.53684560626247,68.97843313827994,15.589382514813872,1.6,-1544.1517664499377,True,ok
2025-10-04 16:15:04,2025-10-04T16:14:49.787000,26.7,419.0,1.1883220891800292,23.929669889181728,9.662759438287873,27.306512921347988,28.221884073366635,8.163490208687877,1.6,-1424.724128174278,True,ok
2025-10-04 16:30:04,2025-10-04T16:29:37.614000,26.07,417.0,1.2610480709407155,29.012756672644695,9.94515314848026,27.66546411545864,31.85597704830646,9.551893531456003,1.6,-1380.4895602820934,True,ok
2025-10-04 16:45:04,2025-10-04T16:44:55.929000,25.83,417.0,1.5661668380598643,59.47897998275342,19.23948999137671,29.171428602309934,58.786197464273144,14.709934733480358,1.6,-1299.6754856822251,True,ok
2025-10-04 17:00:04,2025-10-04T16:59:43.724000,26.38,416.0,1.3619804790988672,37.37430473750595,12.269016842309526,28.1636328242985,39.09331205539761,11.44181777663643,1.6,-1464.1915291472812,True,ok
2025-10-04 17:15:04,2025-10-04T17:14:31.419000,26.1,415.0,1.2638937086084752,29.21164877240502,9.956202709578056,27.67950923405477,31.998172610432512,9.606154901149365,1.6,-1408.9096662625773,True,ok
2025-10-04 17:30:04,2025-10-04T17:29:49.745000,25.83,416.0,1.4109360232494428,41.53308350754263,13.548641079243884,28.405261065069602,42.776796169429055,12.312839710380267,1.6,-1484.7607079504517,True,ok
2025-10-04 17:45:04,2025-10-04T17:44:37.538000,26.06,418.0,0.917634196451535,12.0,9.0,25.970487748859867,19.692907216494856,3.4887434687284715,1.6,-1427.5164300839776,True,ok
2025-10-04 18:00:04,2025-10-04T17:59:55.949000,25.32,418.0,1.4081061630113343,41.29268657427152,13.474672792083545,28.39129381860495,42.56387349820021,12.263651457031138,1.6,-1402.1100332781132,True,ok
2025-10-04 18:15:04,2025-10-04T18:14:43.621000,25.58,421.0,1.2821206799143559,30.590206160102383,10.181601895416117,27.76947148629078,33.08454825244375,9.952936479225919,1.6,-1281.744008283169,True,ok
2025-10-04 18:30:04,2025-10-04T18:29:31.392000,25.63,421.0,1.0118854116657263,12.0,9.0,26.435680317299038,19.692907216494856,4.9697412170662645,1.6,-1273.2699540407643,True,ok
2025-10-04 18:45:04,2025-10-04T18:44:49.736000,25.2,423.0,1.1524174927089934,21.420165371414583,9.523342520634143,27.12929980623668,26.427743401154018,7.484626796515041,1.6,-1428.344900334289,True,ok
2025-10-04 19:00:04,2025-10-04T18:59:37.562000,25.08,425.0,1.0993528841425184,17.711284391829164,9.317293577323843,26.867390593754283,23.776122666161008,6.502201443172115,1.6,-1363.1523321534585,True,ok
2025-10-04 19:15:04,2025-10-04T19:14:55.856000,24.89,427.0,1.2373477473877157,27.356253748937554,9.853125208274308,27.548487221724127,30.67167981033756,9.099220005587004,1.6,-1352.6171917918637,True,ok
2025-10-04 19:30:04,2025-10-04T19:29:43.626000,25.08,431.0,1.4721580450590555,48.231534508769656,15.634854533990517,28.707432549075726,48.72673623992371,13.33466763389227,1.6,-1455.3220042529688,True,ok
2025-10-04 19:45:04,2025-10-04T19:44:31.404000,25.58,429.0,1.509314338571624,52.65398144096454,17.01686920030142,28.890823623381884,52.65815545640979,13.909369239523004,1.6,-1304.880050663934,True,ok
2025-10-04 20:00:04,2025-10-04T19:59:49.753000,25.83,428.0,1.2969130256012622,31.846817525968007,10.568251546451695,27.84248157181269,34.19754518246236,10.233060779473925,1.6,-1401.917002120813,True,ok
2025-10-04 20:15:04,2025-10-04T20:14:37.579000,25.58,425.0,1.0922883374137744,17.217517195585593,9.289862066421422,26.832522346908505,23.423109629877175,6.373930881128745,1.6,-1382.843084103923,True,ok
2025-10-04 20:30:04,2025-10-04T20:29:55.919000,25.27,426.0,1.6140506279606965,65.96736119638936,22.483680598194677,29.407767021501115,65.37816456258476,15.3012148709681,1.6,-1646.4568978749394,True,ok
2025-10-04 20:45:04,2025-10-04T20:44:43.659000,26.32,427.0,1.2944137336816315,31.6345024071019,10.502923817569815,27.830145900333758,34.009494937244554,10.185831323346036,1.6,-1329.6183435239063,True,ok
2025-10-04 21:00:04,2025-10-04T20:59:31.373000,25.83,425.0,1.1158158442341215,18.861941321201037,9.381218962288946,26.94864627487967,24.59877127353878,6.8036311945538355,1.6,-1307.1088481315444,True,ok
2025-10-04 21:15:04,2025-10-04T21:14:49.744000,25.34,427.0,1.1507329033336036,21.302423214041116,9.516801289668951,27.120985234838084,26.343565033718455,7.453003062743852,1.6,-1379.7840735619247,True,ok
2025-10-04 21:30:05,2025-10-04T21:29:37.490000,25.08,430.0,1.3624518223296687,37.41434539593738,12.28133704490381,28.165959217307382,39.12877658414585,11.450388597121982,1.6,-1403.6801919372865,True,ok
2025-10-04 21:45:04,2025-10-04T21:44:55.887000,25.45,430.0,1.1498857282753925,21.243211028280015,9.513511723793334,27.11680386125737,26.301231979518928,7.437108652349417,1.6,-1317.942682961599,True,ok
2025-10-04 22:00:04,2025-10-04T21:59:43.626000,25.08,433.0,1.2740133593756362,29.918948444715856,9.995497135817548,27.729456455651697,32.50384817329806,9.798874012689152,1.6,-1503.2691749846929,True,ok
2025-10-04 22:15:04,2025-10-04T22:14:31.385000,25.32,434.0,1.488636360867221,50.19283016838409,16.24775942762003,28.788764020897407,50.470267720038514,13.594189685593399,1.6,-1474.1573539669064,True,ok
2025-10-04 22:30:04,2025-10-04T22:29:49.813000,25.7,435.0,1.3286870959632093,34.54602823951828,11.398777919851778,27.99930778745193,36.588271002123655,10.829013306845521,1.6,-1392.8150049217481,True,ok
2025-10-04 22:45:04,2025-10-04T22:44:37.516000,25.7,435.0,1.4163931705082993,41.99666875736217,13.691282694572976,28.432195724149903,43.1873996176126,12.407249658203924,1.6,-1319.8428183328472,True,ok
2025-10-05 07:00:04,2025-10-05T06:59:32.996000,21.11,520.0,1.4328333800753255,43.5510018835749,14.172188088617157,28.513339116272572,44.56588678526488,12.687970254724906,1.6,-1348.521876440624,True,"red_error:HTTPConnectionPool(host='192.168.0.46', port=80): Max retries exceeded with url: /rpc/Light.Set (Caused by ConnectTimeoutError(<urllib3.connection.HTTPConnection object at 0x7ffef281ec10>, 'Connection to 192.168.0.46 timed out. (connect timeout=5)'))"
2025-10-05 07:15:04,2025-10-05T07:14:49.523000,22.13,520.0,1.3153466819364104,33.412758625202315,11.050079576985327,27.933463952430117,35.58451945579877,10.579910291719193,1.6,-1447.1933403409298,True,ok
2025-10-05 07:30:04,2025-10-05T07:29:37.344000,22.57,515.0,1.3243784213168688,34.18000586233701,11.28615564994985,27.978041606207,36.26408025135781,10.748753626606703,1.6,-1562.618263889878,True,ok
2025-10-05 07:45:04,2025-10-05T07:44:55.671000,22.91,506.0,1.2490499141632216,28.174161294966844,9.898564516387047,27.606245214618223,31.256433168640513,9.322859015210376,1.6,-1420.9797358206554,True,ok
2025-10-05 08:00:04,2025-10-05T07:59:43.487000,23.08,501.0,1.560363142033638,58.72995412070555,18.915610662720486,29.142783494077165,58.05950817317893,14.632926385207956,1.6,-1424.566363387407,True,ok
2025-10-05 08:15:04,2025-10-05T08:14:31.207000,23.78,497.0,1.0736617825066823,15.915638654004065,9.217535480778004,26.740587883265658,22.49234691349421,6.039124248694309,1.6,-1363.6209386615792,True,ok
2025-10-05 08:30:04,2025-10-05T08:29:49.615000,23.35,493.0,1.0513449705550824,14.355834452893534,9.130879691827419,26.63043954143743,21.377183287333253,5.6450712779311125,1.6,-1369.2655347375987,True,ok
2025-10-05 08:45:04,2025-10-05T08:44:37.276000,23.09,488.0,1.2749244903297103,29.98263074364856,9.999035041313808,27.733953494207082,32.54937708221464,9.816204278128438,1.6,-1433.2117456228295,True,ok
2025-10-05 09:00:04,2025-10-05T08:59:55.731000,23.4,488.0,1.2627000958573755,29.128222780031997,9.951567932224,27.673617959548185,31.938528180635146,9.583398048532366,1.6,-1411.8792612559591,True,ok
2025-10-05 09:15:04,2025-10-05T09:14:43.426000,23.59,485.0,1.4765084122325927,48.74932748922458,15.79666484038268,28.728904510731734,49.1870382638333,13.403876891720298,1.6,-1488.5921277422217,True,ok
2025-10-05 09:30:04,2025-10-05T09:29:31.210000,24.01,480.0,1.3085330769198449,32.833942142167174,10.8719821975899,27.899834270194372,35.07185421484856,10.452032154735033,1.6,-1325.1904863729585,True,ok
2025-10-05 09:45:04,2025-10-05T09:44:49.600000,24.08,476.0,1.2547947336167316,28.5756878901472,9.920871549452622,27.63459972772157,31.54349987455308,9.432567190448967,1.6,-1317.9004969858122,True,ok
2025-10-05 10:00:04,2025-10-05T09:59:37.323000,24.03,472.0,1.2980399150434896,31.942546905956085,10.59770674029418,27.848043522316836,34.28233393173961,10.254341260404349,1.6,-1379.4642399491133,True,ok
2025-10-05 10:15:04,2025-10-05T10:14:55.655000,23.96,468.0,1.0182342909824957,12.041607079783345,9.002311504432408,26.467016268452202,19.722653707709668,5.076412074651012,1.6,-1407.7702795709235,True,ok
2025-10-05 10:30:04,2025-10-05T10:29:43.450000,23.78,467.0,1.4130488681543043,41.71256991071061,13.603867664834034,28.41568936295173,42.935769596800874,12.349462636029829,1.6,-1311.8760002891606,True,ok
2025-10-05 10:45:04,2025-10-05T10:44:31.223000,24.34,465.0,1.1973794843083834,24.562724601609503,9.69792914453386,27.35121720334109,28.67447907738484,8.335884432969062,1.6,-1384.991417057028,True,ok
2025-10-05 11:00:04,2025-10-05T10:59:49.553000,24.22,459.0,1.1331375363048335,20.072618192110575,9.448478788450588,27.034140370693446,25.46433043058647,7.124223167883615,1.6,-1402.1308547833407,True,ok
2025-10-05 11:15:04,2025-10-05T11:14:37.332000,23.99,459.0,1.4009405670360549,40.68396842122651,13.287374898838925,28.355926826375065,42.02472396160582,12.138413744958106,1.6,-1378.3504086943096,True,ok
2025-10-05 11:30:04,2025-10-05T11:29:55.627000,24.37,457.0,1.5132184478784516,53.118659550504546,17.16208110953267,28.910093005020975,53.0712399947514,13.967509421196862,1.6,-1501.0072377042086,True,ok
2025-10-05 11:45:04,2025-10-05T11:44:43.467000,25.08,456.0,1.333997266359804,34.99712778899343,11.537577781228748,28.025517017752332,36.9878157041189,10.927654172143964,1.6,-1419.298464546366,True,ok
2025-10-05 12:00:04,2025-10-05T11:59:31.227000,24.77,450.0,1.5869567121953332,62.29606336428599,20.648031682142996,29.27404048826416,61.64825509510967,14.976473611199703,1.6,-1484.5808134899512,True,ok
2025-10-05 12:15:04,2025-10-05T12:14:49.580000,25.58,447.0,1.2750385947058906,29.990605918853564,9.999478106602975,27.734516675357636,32.55507883971379,9.818374340070022,1.6,-1296.4484069224563,True,ok
2025-10-05 12:30:04,2025-10-05T12:29:37.349000,25.14,444.0,1.1107871418375528,18.51046678526312,9.361692599181284,26.923826276766544,24.347488697353437,6.711200467635072,1.6,-1365.9983599028983,True,ok
2025-10-05 12:45:04,2025-10-05T12:44:55.660000,24.8,442.0,1.2952559203937934,31.706046259380884,10.524937310578734,27.834302653101833,34.072862252001705,10.201751119100948,1.6,-1359.1660408873015,True,ok
2025-10-05 13:00:04,2025-10-05T12:59:43.389000,24.95,442.0,1.3978511013284474,40.42151797524565,13.2066209154602,28.34067825388334,41.792268209100754,12.084120841974245,1.6,-1278.7519778448734,True,ok
2025-10-05 13:15:04,2025-10-05T13:14:31.118000,25.39,439.0,1.0379125169253685,13.41699078434938,9.078721710241632,26.56414142962798,20.705968073868284,5.411957230290051,1.6,-1367.4379114090762,True,ok
2025-10-05 13:30:04,2025-10-05T13:29:49.578000,25.08,440.0,1.4953842218120095,50.99597962472217,16.498743632725677,28.82206921231847,51.18424286881226,13.698357534570611,1.6,-1349.3144331030287,True,ok
2025-10-05 13:45:04,2025-10-05T13:44:37.312000,25.58,439.0,1.0691452966431998,15.599964818538902,9.199998045474384,26.718296015151513,22.26665962608286,5.958727260107379,1.6,-1323.7953379605128,True,ok
2025-10-05 14:00:04,2025-10-05T13:59:55.681000,25.21,438.0,1.2755355136744166,30.03079557584684,10.009475561799029,27.736969301679213,32.58907106688812,9.827824136990909,1.6,-1299.0961202108776,True,ok
2025-10-05 14:15:04,2025-10-05T14:14:43.423000,25.33,436.0,1.4755313977019897,48.63304046204537,15.76032514438918,28.72408229281273,49.08366267554706,13.38837642206975,1.6,-1255.661748841685,True,ok
2025-10-05 14:30:04,2025-10-05T14:29:31.163000,25.83,436.0,1.3359507972486515,35.16308044927152,11.588640138237391,28.0351589947777,37.134802120472614,10.963863442186561,1.6,-1383.168143004303,True,ok
2025-10-05 14:45:05,2025-10-05T14:44:49.475000,25.7,437.0,1.2925631092574827,31.47729166212909,10.454551280655105,27.82101183530203,33.8702513482769,10.150832079479933,1.6,-1368.674752331175,True,ok
2025-10-05 15:00:04,2025-10-05T14:59:37.333000,25.83,431.0,1.5309280340618412,55.22650448559421,17.820782651748193,28.997501616824266,54.94504927052977,14.225560141071782,1.6,-1347.131217216143,True,ok
2025-10-05 15:15:04,2025-10-05T15:14:55.664000,26.38,430.0,1.018209212711271,12.039854267020578,9.002214125945589,26.46689249046826,19.72140055488759,5.075989162556423,1.6,-1242.8220738213704,True,ok
2025-10-05 15:30:04,2025-10-05T15:29:43.376000,25.83,427.0,1.0366090552632057,13.325887046905274,9.073660391494737,26.557707977527595,20.640834530739827,5.389507791514069,1.6,-1478.6013843493606,True,ok
2025-10-05 15:45:04,2025-10-05T15:44:31.149000,25.58,428.0,1.5229670830676008,54.27896962747056,17.52467800858455,28.95820901744703,54.10271994320668,14.110725612259724,1.6,-1389.9224584058438,True,ok
2025-10-05 16:00:04,2025-10-05T15:59:49.535000,26.29,429.0,1.0428787539333095,13.764099384157323,9.098005521342074,26.58865311941311,20.95412927548442,5.497771704251226,1.6,-1396.9038381691041,True,ok
2025-10-05 16:15:04,2025-10-05T16:14:37.319000,25.83,428.0,1.2317206035594412,26.962951936714934,9.831275107595275,27.520713516265765,30.390493316044502,8.991642978718389,1.6,-1430.5452767423412,True,ok
2025-10-05 16:30:04,2025-10-05T16:29:55.677000,25.83,430.0,1.4706829721365833,48.05596716595748,15.579989739361713,28.70015208102149,48.570662275464265,13.311090290236345,1.6,-1385.604033036404,True,ok
2025-10-05 16:45:04,2025-10-05T16:44:43.403000,26.32,431.0,1.3063328563299845,32.64703316510903,10.81447174311047,27.88897471506817,34.90630651783618,10.410652811133764,1.6,-1366.9778530707972,True,ok
2025-10-05 17:00:04,2025-10-05T16:59:31.202000,26.44,430.0,1.2560330347249473,28.662237316428328,9.925679850912685,27.6407115690567,31.605377366603108,9.456204975119359,1.6,-1516.1129030454163,True,ok
2025-10-05 17:15:04,2025-10-05T17:14:49.516000,26.38,430.0,1.284343743197162,30.779055626396666,10.239709423506666,27.780443785332032,33.25181466585583,9.995120503617633,1.6,-1264.02255288404,True,ok
2025-10-05 17:30:04,2025-10-05T17:29:37.250000,26.32,429.0,1.0685771005560494,15.56025150080723,9.197791750044846,26.715491588741116,22.238267057722673,5.9486355678265745,1.6,-1314.9697369171952,True,ok
2025-10-05 17:45:04,2025-10-05T17:44:55.612000,25.94,428.0,1.3361494302499937,35.17995434421731,11.593832105913016,28.036139381034378,37.149747547342265,10.967542718131956,1.6,-1313.4121236850608,True,ok
2025-10-05 18:00:04,2025-10-05T17:59:43.383000,26.35,428.0,1.4020431411807193,40.77763221405696,13.31619452740214,28.361368764678836,42.10768319363726,12.157747155681426,1.6,-1661.6349120089596,True,ok
2025-10-05 18:15:04,2025-10-05T18:14:31.127000,26.52,429.0,1.4120644621005114,41.628944509979334,13.578136772301335,28.410830662939105,42.86170149841043,12.332410420904058,1.6,-1412.7775010833934,True,ok
2025-10-05 18:30:04,2025-10-05T18:29:49.505000,26.83,426.0,1.4976005568790662,51.25977408028877,16.581179400090242,28.833008303130434,51.418748021212664,13.732296909274483,1.6,-1363.56806451822,True,ok
2025-10-05 18:45:04,2025-10-05T18:44:37.271000,27.3,424.0,1.4347985580590372,43.78490291415922,14.245282160674757,28.523038579474242,44.77381760286289,12.7211398258722,1.6,-1430.057754158308,True,ok
2025-10-05 19:00:04,2025-10-05T18:59:55.592000,27.22,420.0,1.419056000092077,42.22287641848385,13.760885051841186,28.445338563004324,43.38775466708462,12.453100175797282,1.6,-1313.1977884792323,True,ok
2025-10-05 19:15:04,2025-10-05T19:14:43.381000,27.19,421.0,1.143776380185472,20.816206183799018,9.489789232433278,27.086650156363692,25.995949899613834,7.322672881455363,1.6,-1434.7646324347972,True,ok
2025-10-05 19:30:04,2025-10-05T19:29:31.087000,26.78,419.0,1.5115560676421784,52.92079836250524,17.100249488282888,28.901888050527,52.89534748804105,13.942807489203249,1.6,-1386.83216702631,True,ok
2025-10-05 19:45:04,2025-10-05T19:44:49.522000,27.3,421.0,1.479197773827344,49.0694228972945,15.89669465540453,28.742178302744716,49.4715932302782,13.44641519685821,1.6,-1410.4970228830957,True,ok
2025-10-05 20:00:04,2025-10-05T19:59:37.195000,27.57,422.0,1.2710052498263134,29.708700586616303,9.983816699256462,27.714609430027508,32.35353394561234,9.741631331895078,1.6,-1397.89291979043,True,ok
2025-10-05 20:15:04,2025-10-05T20:14:55.575000,27.19,420.0,1.4247848245083437,42.70954067220673,13.910627899140533,28.47361412993769,43.818799487350304,12.551249147525006,1.6,-1276.1509210767658,True,ok
2025-10-05 20:30:04,2025-10-05T20:29:43.344000,27.34,421.0,1.4539592491383861,46.06546244989271,14.957957015591472,28.6176093611455,46.80116484310969,13.039968974446342,1.6,-1293.3744811970973,True,ok
2025-10-05 20:45:04,2025-10-05T20:44:31.115000,27.43,421.0,1.244240898419632,27.83804146851825,9.879891192695458,27.582509516565516,31.01612826099881,9.230974591183333,1.6,-1251.171402921937,True,ok
2025-10-05 21:00:04,2025-10-05T20:59:49.430000,27.22,425.0,1.3362308529401283,35.186871210549945,11.595960372476906,28.03654125628094,37.15587390526222,10.9690507779626,1.6,-1288.658101673808,True,ok
2025-10-05 21:15:04,2025-10-05T21:14:37.188000,27.06,427.0,1.6006362378058387,64.1496755609495,21.574837780474756,29.34155806497995,63.53145989012938,15.143697615537633,1.6,-1385.702730555758,True,ok
2025-10-05 21:30:04,2025-10-05T21:29:55.555000,27.99,425.0,1.4912000800587928,50.49797126298602,16.34311601968313,28.80141768390614,50.74152876204772,13.633913469930308,1.6,-1390.824882762129,True,ok
2025-10-05 21:45:04,2025-10-05T21:44:43.280000,27.87,424.0,1.3359777530856134,35.165370350536655,11.589344723242048,28.03529203980001,37.13683031562298,10.964362771368421,1.6,-1517.2642609560014,True,ok
2025-10-05 22:00:04,2025-10-05T21:59:31.043000,27.57,422.0,1.1526938760803374,21.439482823417777,9.524415712412099,27.13066394239235,26.44155418574399,7.48981743492782,1.6,-1405.8599985083986,True,ok
2025-10-05 22:15:04,2025-10-05T22:14:49.397000,27.14,423.0,1.594149074808106,63.270647676743714,21.135323838371857,29.30953959169087,62.638398477676404,15.065216738589374,1.6,-1405.4050439983926,True,ok
2025-10-05 22:30:04,2025-10-05T22:29:37.199000,27.83,424.0,1.2860868390665516,30.92713180901368,10.285271325850363,27.78904712527491,33.38296765486933,10.028177052474764,1.6,-1412.00601331669,True,ok
2025-10-05 22:45:04,2025-10-05T22:44:55.502000,27.57,425.0,1.262239310974234,29.096016827045027,9.949778712613613,27.67134367902247,31.9155029142002,9.574611662233723,1.6,-1319.9300232206328,True,ok
2025-10-06 07:00:05,2025-10-06T06:59:50.695000,23.56,508.0,1.3435106476861165,35.80529056151705,11.786243249697552,28.072471895561293,37.703615918256304,11.103566332035006,1.6,-1430.3016634990931,True,ok
2025-10-06 07:15:05,2025-10-06T07:14:37.193000,24.39,509.0,1.4209616415129935,42.384760863282054,13.810695650240632,28.454744173585635,43.531137812401035,12.48582398238291,1.6,-1335.0465753773167,True,ok
2025-10-06 07:30:05,2025-10-06T07:29:55.601000,25.24,504.0,1.0536716219646869,14.518452691156758,9.139914038397597,26.641923116929128,21.493445279788723,5.685768999686465,1.6,-1412.44815576582,True,ok
2025-10-06 07:45:05,2025-10-06T07:44:43.303000,25.08,500.0,1.0639972522821655,15.240149033055749,9.180008279614208,26.692886984898628,22.009413571864215,5.867481017666856,1.6,-1415.3951491121093,True,ok
2025-10-06 08:00:05,2025-10-06T07:59:31.093000,25.08,497.0,0.9720517280233012,12.0,9.0,26.239074538138507,19.692907216494856,4.319446783906542,1.6,-1445.401776218929,True,ok
2025-10-06 08:15:05,2025-10-06T08:14:49.466000,25.08,493.0,1.3947918167278233,40.16163141756705,13.12665582078986,28.32557864527122,41.562083325606466,12.030186787776016,1.6,-1624.5897275292375,True,ok
2025-10-06 08:30:05,2025-10-06T08:29:37.141000,25.59,490.0,1.0184445865156044,12.0563054093086,9.003128078294923,26.468054217076585,19.733162105135587,5.079958915490372,1.6,-1345.9785411495168,True,ok
2025-10-06 08:45:05,2025-10-06T08:44:55.533000,25.45,485.0,1.119531163338091,19.12161866039296,9.395645481132942,26.966983851033135,24.78442452604247,6.872113174448781,1.6,-1391.1988084241327,True,ok
2025-10-06 09:00:05,2025-10-06T08:59:43.251000,25.58,484.0,1.3452916324269992,35.95658540786501,11.83279551011231,28.0812622423391,37.83761971934155,11.136377297877468,1.6,-1358.544099440271,True,ok
2025-10-06 09:15:05,2025-10-06T09:14:30.983000,25.94,479.0,1.3384942338347015,35.3791456623241,11.65512174225357,28.047712549609198,37.326173872586025,11.010940869038205,1.6,-1451.8014563964282,True,ok
2025-10-06 09:30:05,2025-10-06T09:29:49.365000,26.2,478.0,1.167123185833552,22.448000438792306,9.580444468821796,27.201882203606786,27.162581966158697,7.761638803480199,1.6,-1557.899620324446,True,ok
2025-10-06 09:45:05,2025-10-06T09:44:37.144000,25.85,475.0,1.3585343806150667,37.08155829861837,12.178941014959499,28.14662403134946,38.83402275036151,11.379058242960078,1.6,-1215.3887941008024,True,ok
2025-10-06 10:00:05,2025-10-06T09:59:55.519000,26.38,472.0,1.618655987338095,66.59139967221256,22.795699836106284,29.430497539643387,66.01216570482065,15.353791261009492,1.6,-1403.5961945202664,True,ok
2025-10-06 10:15:04,2025-10-06T10:14:43.257000,27.25,467.0,1.3044597185280016,32.48790990625443,10.765510740385977,27.879729531510964,34.76536899060179,10.375393546684945,1.6,-1329.0752934264958,True,ok
2025-10-06 10:30:04,2025-10-06T10:29:31.055000,27.07,461.0,1.239389675613614,27.49897163498821,9.861053979721568,27.558565498527408,30.773714280569763,9.138253389498438,1.6,-1295.72106049097,True,ok
2025-10-06 10:45:04,2025-10-06T10:44:49.439000,26.76,460.0,1.2464361865327533,27.991478242055656,9.88841545789198,27.593344726631358,31.12582607348232,9.27292375868338,1.6,-1419.753484922216,True,ok
2025-10-06 11:00:04,2025-10-06T10:59:37.121000,26.76,458.0,1.413170617793835,41.72291255575573,13.60705001715561,28.416290278572724,42.94493021120894,12.351570291316824,1.6,-1407.5882677216232,True,ok
2025-10-06 11:15:04,2025-10-06T11:14:55.528000,27.05,457.0,1.2770780421168044,30.161833533849084,10.049794933492025,27.744582707685428,32.70513308011997,9.857150505739128,1.6,-1246.7242454194045,True,ok
2025-10-06 11:30:04,2025-10-06T11:29:43.359000,26.93,452.0,0.8639905001328058,12.0,9.0,25.705720352340155,19.692907216494856,2.741365573584612,1.6,-1514.6582687913829,True,ok
2025-10-06 11:45:04,2025-10-06T11:44:31.034000,26.76,451.0,1.2945871490133998,31.649234058290137,10.507456633320043,27.83100182058273,34.02254295112697,10.189109781582243,1.6,-1462.0164326039157,True,ok
2025-10-06 12:00:04,2025-10-06T11:59:49.469000,26.87,451.0,1.400040171116792,40.60747969050908,13.263839904772027,28.351482772371707,41.95697690409702,12.122608742057885,1.6,-1476.1184572452942,True,ok
2025-10-06 12:15:05,2025-10-06T12:14:37.150000,27.25,450.0,1.092283617224707,17.217187284182778,9.289843738010154,26.832499049629305,23.422873763608823,6.373845404840473,1.6,-1359.1841421935574,True,ok
2025-10-06 12:30:04,2025-10-06T12:29:55.524000,26.87,449.0,1.2954028030985116,31.718523961031767,10.52877660339439,27.835027617151496,34.08391391364377,10.204527128557846,1.6,-1356.6273622782246,True,ok
2025-10-06 12:45:04,2025-10-06T12:44:43.320000,27.19,450.0,1.5078921124884683,52.48470407813471,16.963970024417097,28.883803989703733,52.50767309057278,13.888079365666723,1.6,-1484.2545115106832,True,ok
2025-10-06 13:00:04,2025-10-06T12:59:31.126000,27.8,448.0,1.2973635538612327,31.88508995037624,10.580027677038842,27.844705229066697,34.23144356347962,10.24156977343926,1.6,-1389.636492728062,True,ok
2025-10-06 13:15:04,2025-10-06T13:14:49.421000,27.43,443.0,1.2673409812922871,29.45259135982499,9.969588408879167,27.696523822463504,32.17043167300752,9.671850567732575,1.6,-1346.0429308703797,True,ok
2025-10-06 13:30:04,2025-10-06T13:29:37.164000,27.43,441.0,0.8295729029758121,12.0,9.0,25.53584656997479,19.692907216494856,2.3014633966603366,1.6,-1254.4911891552563,True,ok
2025-10-06 13:45:04,2025-10-06T13:44:55.503000,26.95,439.0,1.496089274310687,51.07989696321445,16.524967801004514,28.825549116338795,51.25884280007276,13.70916904754035,1.6,-1523.8701252531664,True,ok
2025-10-06 14:00:04,2025-10-06T13:59:43.116000,27.78,440.0,1.118309696553649,19.036245847017028,9.390902547056502,26.960955098306428,24.723388239518762,6.849581036197424,1.6,-1315.5229554104922,True,ok
2025-10-06 14:15:04,2025-10-06T14:14:31.126000,27.69,437.0,1.3863037896962338,39.44057260327018,12.90479157023698,28.283684574337144,40.92343221319795,11.879677557570716,1.6,-1488.8912626980866,True,ok
2025-10-06 14:30:04,2025-10-06T14:29:49.407000,28.36,435.0,1.416812143338552,42.03226054460323,13.702234013724071,28.434263634325582,43.21892372364031,12.414473367223147,1.6,-1504.9761350309052,True,ok
2025-10-06 14:45:04,2025-10-06T14:44:37.202000,28.99,433.0,0.8234279279042086,12.0,9.0,25.50551702218002,19.692907216494856,2.2262591976133885,1.6,-1293.8304761311051,True,ok
2025-10-06 15:00:04,2025-10-06T14:59:55.550000,28.68,431.0,1.3200818583305953,33.81501237198829,11.173849960611783,27.956835204077297,35.94080079895921,10.6685306687978,1.6,-1512.560279764486,True,ok
2025-10-06 15:15:04,2025-10-06T15:14:43.207000,29.24,432.0,1.2922602090067266,31.45156025306929,10.44663392402132,27.81951682067214,33.84746070666204,10.145101399888658,1.6,-1356.941517706571,True,ok
2025-10-06 15:30:04,2025-10-06T15:29:31.017000,29.35,433.0,0.9982848637281547,12.0,9.0,26.368552548040245,19.692907216494856,4.743956573715181,1.6,-1312.2711437334342,True,ok
2025-10-06 15:45:04,2025-10-06T15:44:49.273000,29.24,433.0,1.573205307664427,60.43271138224313,19.716355691121564,29.206168141166664,59.75515502072038,14.801817645509683,1.6,-1460.4151933085934,True,ok
2025-10-06 16:00:04,2025-10-06T15:59:37.108000,30.29,433.0,1.2947108021841727,31.659738408520145,10.510688741083122,27.83161213139917,34.03184678990754,10.191447347806651,1.6,-1246.9517114935552,True,ok
2025-10-06 16:15:05,2025-10-06T16:14:24.936000,29.8,433.0,1.4361323127008117,43.943650156314064,14.294890673848144,28.52962154762022,44.914939015497225,12.743603359128612,1.6,-1417.2179264029792,True,ok
2025-10-06 16:30:05,2025-10-06T16:29:43.184000,29.85,436.0,1.326941010861915,34.397698121327686,11.353137883485442,27.99068969365719,36.456893099090195,10.796511599510156,1.6,-1257.2007015419474,True,ok
2025-10-06 16:45:05,2025-10-06T16:44:31.024000,29.35,433.0,1.3608414264796558,37.27754209431766,12.23924372132851,28.158010840408807,39.00760813154772,11.42109228676107,1.6,-1358.874461721205,True,ok
2025-10-06 17:00:04,2025-10-06T16:59:49.333000,29.04,433.0,1.1822315266211223,23.50397803466805,9.639109890814892,27.276451935571004,27.917540700160774,8.047777023435492,1.6,-1484.619283284729,True,ok
2025-10-06 17:15:04,2025-10-06T17:14:37.151000,28.68,435.0,1.6109195080953103,65.54308610550183,22.271543052750914,29.392312857976965,64.94711599319953,15.265028274992027,1.6,-1454.439166346018,True,ok
2025-10-06 17:30:04,2025-10-06T17:29:55.437000,29.35,435.0,1.1899252062808579,24.04171764914707,9.668984313841504,27.31442537276783,28.301991298502458,8.193977357934005,1.6,-1440.7329878801395,True,ok
2025-10-06 17:45:05,2025-10-06T17:44:43.202000,28.56,434.0,1.621278169800589,66.94671238792715,22.973356193963575,29.443439757861704,66.3731509266322,15.383380496413137,1.6,-1427.9379560139243,True,ok
2025-10-06 18:00:05,2025-10-06T17:59:30.898000,29.11,433.0,0.735604474039516,12.0,9.0,25.07204974030285,19.692907216494856,1.2633049152381801,1.6,-1352.7334878423585,True,ok
2025-10-06 18:15:05,2025-10-06T18:14:49.245000,28.31,431.0,1.4659556494085584,47.493307871402784,15.40415870981337,28.67681959245152,48.07047547913588,13.23515670703597,1.6,-1307.8264082201938,True,ok
2025-10-06 18:30:04,2025-10-06T18:29:37.049000,28.42,432.0,1.269323111539156,29.59112974482906,9.977284985823836,27.706306956383067,32.269478058235634,9.7096041746241,1.6,-1373.292723524052,True,ok
2025-10-06 18:45:04,2025-10-06T18:44:55.434000,28.12,431.0,1.0223302138058703,12.327886215046037,9.01821590083589,26.48723237764511,19.92732560072449,5.14564839823555,1.6,-1265.452989988799,True,ok
2025-10-06 19:00:05,2025-10-06T18:59:43.217000,27.57,434.0,1.4480433647296302,45.36133718923204,14.73791787163501,28.58841052846791,46.17521915670193,12.942435875456475,1.6,-1303.8325281061443,True,ok
2025-10-06 19:15:05,2025-10-06T19:14:31.044000,28.05,435.0,1.5352172480858672,55.737018845581844,17.980318389244324,29.01867174692697,55.39888082485243,14.286625621817999,1.6,-1349.3635988456874,True,ok
2025-10-06 19:30:05,2025-10-06T19:29:49.410000,28.18,434.0,1.224873876432545,26.48440895487902,9.804689386382167,27.486920354338622,30.04836465238398,8.860755504449163,1.6,-1325.547484458152,True,ok
2025-10-06 19:45:05,2025-10-06T19:44:37.114000,27.8,434.0,1.5168830021590862,53.55482514465275,17.298382857703984,28.928180022934953,53.45897778441738,14.021675835584052,1.6,-1305.713194666904,True,ok
2025-10-06 20:00:05,2025-10-06T19:59:55.492000,28.07,432.0,1.0918891110701743,17.18961379570518,9.288311877539178,26.830551898806103,23.40316042306602,6.3667025204608665,1.6,-1290.587877967887,True,ok
2025-10-06 20:15:05,2025-10-06T20:14:43.272000,27.57,432.0,1.173536026456898,22.89621749448292,9.605345416360162,27.2335338464401,27.48302946641242,7.882921130238752,1.6,-1353.460039773135,True,ok
2025-10-06 20:30:05,2025-10-06T20:29:30.982000,27.41,431.0,1.3111072649866446,33.05261969683516,10.939267599026204,27.912539604080187,35.26553975169852,10.500392671245486,1.6,-1481.9511688806228,True,ok
2025-10-06 20:45:04,2025-10-06T20:44:49.362000,27.31,431.0,1.4346944927826788,43.772516771229654,14.241411491009268,28.52252494797268,44.76280670299727,12.719385471809213,1.6,-1400.1569549718108,True,ok
2025-10-06 21:00:05,2025-10-06T20:59:37.025000,27.69,432.0,1.0916284891728745,17.171397971187265,9.287299887288182,26.829265556030354,23.390137234060344,6.361984915547002,1.6,-1421.3135520495346,True,ok
2025-10-06 21:15:04,2025-10-06T21:14:55.372000,27.18,430.0,1.2773374897097611,30.183873634929498,10.056576503055231,27.745863254486533,32.72465428254274,9.862081950818203,1.6,-1439.9634882652865,True,ok
2025-10-06 21:30:04,2025-10-06T21:29:43.195000,27.31,432.0,1.3055261145312873,32.57850036206217,10.79338472678836,27.884992906573178,34.8456061283055,10.395470482124166,1.6,-1433.4749021315968,True,ok
2025-10-06 21:45:04,2025-10-06T21:44:30.942000,27.19,433.0,1.4135711943004492,41.756941573314165,13.617520484096666,28.418267390629524,42.975070151928,12.35850275002969,1.6,-1388.0147937116797,True,ok
2025-10-06 22:00:04,2025-10-06T21:59:49.239000,27.3,431.0,1.1027656365056018,17.9498142268626,9.3305452348257,26.88423480137136,23.946656759859486,6.56440539475803,1.6,-1254.7062845191865,True,ok
2025-10-06 22:15:04,2025-10-06T22:14:37.025000,26.8,432.0,1.1109902540118684,18.52466304337925,9.362481280187737,26.924828770727352,24.35763814474397,6.714927876615239,1.6,-1375.6969685921997,True,ok
2025-10-06 22:30:04,2025-10-06T22:29:55.398000,26.76,431.0,1.2118122543442282,25.571484068884537,9.753971337160252,27.42245254335669,29.395679766964797,8.611194095141586,1.6,-1335.3023922067064,True,ok
2025-10-06 22:45:04,2025-10-06T22:44:43.213000,26.63,433.0,1.2189906836432887,26.073210937504165,9.781845052083565,27.457882876593246,29.754383477182973,8.748316917447166,1.6,-1281.23978907549,True,ok
2025-10-07 07:00:05,2025-10-07T06:59:38.847000,22.13,515.0,1.2054281137452416,25.125272963625576,9.729181831312532,27.390942554273046,29.076666397325457,8.489338636980909,1.6,-1306.1167340526406,True,ok
2025-10-07 07:15:04,2025-10-07T07:14:54.795000,23.08,515.0,1.467551052463115,47.68319724618264,15.463499139432074,28.684693969911358,48.23928128923647,13.260846358251543,1.6,-1575.1352944128878,True,ok
2025-10-07 07:30:04,2025-10-07T07:29:42.608000,23.77,508.0,1.1356840578343776,20.250603963044874,9.458366886835826,27.0467091517773,25.59157925936821,7.171623659010723,1.6,-1416.2160538884511,True,ok
2025-10-07 07:45:04,2025-10-07T07:44:30.337000,23.72,505.0,1.284309876305282,30.77617863026882,10.238824193928867,27.78027662964727,33.24926647319663,9.994478067840134,1.6,-1364.1239529431587,True,ok
2025-10-07 08:00:04,2025-10-07T07:59:48.699000,24.03,500.0,1.1758736666108767,23.059603776572338,9.614422432031796,27.245071658709623,27.59984056274751,7.927196507442955,1.6,-1475.6312001088143,True,ok
2025-10-07 08:15:04,2025-10-07T08:14:36.446000,24.09,495.0,1.213068696379031,25.65930143135492,9.758850079519718,27.428653922256014,29.458463755046534,8.63518759728986,1.6,-1428.1032423877225,True,ok
2025-10-07 08:30:04,2025-10-07T08:29:54.818000,24.22,493.0,1.37478153862963,38.46175612905353,12.60361727047801,28.22681458538588,40.056481809558775,11.673417402596769,1.6,-1485.683585919043,True,ok
2025-10-07 08:45:04,2025-10-07T08:44:42.565000,24.59,488.0,1.2933782278503403,31.546536074745802,10.47585725376794,27.825034988859596,33.93158201960205,10.166250559185652,1.6,-1326.0580400027443,True,ok
2025-10-07 09:00:04,2025-10-07T08:59:30.334000,24.09,558.0,1.2334017129415928,27.080450864540886,9.837802825807827,27.529010911578208,30.474497789382326,9.023782259111496,1.6,-1414.4003048820891,True,ok
2025-10-07 09:15:04,2025-10-07T09:14:48.680000,23.9,528.0,1.4659244915797038,47.489599378665616,15.402999805833005,28.676665807798464,48.06717874322596,13.23465435758867,1.6,-1453.4128627902965,True,ok
2025-10-07 09:30:05,2025-10-07T09:29:36.478000,24.34,508.0,1.1032955903417363,17.98685465278858,9.332603036266033,26.886850476783348,23.973138375732013,6.57407843918808,1.6,-1521.2450569048221,True,ok
2025-10-07 09:45:05,2025-10-07T09:44:54.852000,23.81,503.0,1.4415550056668958,44.58907437937283,14.49658574355401,28.556386151800837,45.488701286073415,12.83452530178301,1.6,-1465.9076752228495,True,ok
2025-10-07 10:00:04,2025-10-07T09:59:42.583000,24.31,502.0,1.3772283879920648,38.66961624701429,12.66757422985055,28.23889141789046,40.24058620288827,11.717399183641175,1.6,-1299.5799560422472,True,ok
2025-10-07 10:15:05,2025-10-07T10:14:30.312000,24.34,498.0,1.0541837391067346,14.554246444823686,9.141902580267983,26.644450756367085,21.519035602025774,5.694739321186513,1.6,-1334.4453459114527,True,ok
2025-10-07 10:30:05,2025-10-07T10:29:48.710000,23.96,498.0,1.3263510506642326,34.34758093873153,11.337717211917395,27.98777784685486,36.412503662637604,10.78552278674237,1.6,-1322.1909933406737,True,ok
2025-10-07 10:45:04,2025-10-07T10:44:36.509000,23.96,496.0,1.390121173646563,39.76485978269318,13.00457224082867,28.30252590853678,41.21065755982973,11.947522737635241,1.6,-1414.381125180272,True,ok
2025-10-07 11:00:05,2025-10-07T10:59:54.855000,24.22,496.0,1.4460034313917736,45.11853856539096,14.662043301684676,28.57834209776677,45.95937865253302,12.90861362830174,1.6,-1358.2070691872511,True,ok
2025-10-07 11:15:04,2025-10-07T11:14:42.679000,24.45,495.0,1.2862293011434447,30.939233977852737,10.288995070108534,27.789750270579766,33.39368670224573,10.030877952873823,1.6,-1410.9141943361049,True,ok
2025-10-07 11:30:04,2025-10-07T11:29:30.405000,24.34,495.0,1.3974979666356264,40.39151914489968,13.197390506122979,28.338935298799047,41.76569785729098,12.077903864896626,1.6,-1420.4235722272738,True,ok
2025-10-07 11:45:04,2025-10-07T11:44:48.794000,24.39,494.0,1.3197969122454636,33.79080617123999,11.166401898843075,27.95542880522177,35.91936105406106,10.663203865301893,1.6,-1342.8922331230692,True,ok
2025-10-07 12:00:04,2025-10-07T11:59:36.541000,24.38,494.0,1.5409178386331313,56.41551922315366,18.19234975723552,29.046807960898057,56.00204677883144,14.366898674614824,1.6,-1349.8635514243294,True,ok
2025-10-07 12:15:04,2025-10-07T12:14:54.868000,24.95,495.0,1.662034042919866,72.46924187108009,25.734620935540043,29.64459715675838,71.98384663851375,15.810245393816029,1.6,-1417.2932753410716,True,ok
2025-10-07 12:30:05,2025-10-07T12:29:42.613000,25.58,492.0,1.2557456143759018,28.642148449394,9.92456380274411,27.639292958059585,31.59101506793029,9.450718788769711,1.6,-1327.6271740241534,True,ok
2025-10-07 12:45:04,2025-10-07T12:44:30.379000,24.83,492.0,1.3627824669738398,37.44243369421828,12.28997959822101,28.167591169011274,39.15365475300958,11.45639906772144,1.6,-1479.2409292109044,True,ok
2025-10-07 13:00:04,2025-10-07T12:59:48.802000,24.61,494.0,0.9849374224426009,12.0,9.0,26.302674028812593,19.692907216494856,4.52611113183927,1.6,-1281.6384594278798,True,ok
2025-10-07 13:15:04,2025-10-07T13:14:36.542000,24.36,496.0,1.0145693173416859,12.0,9.0,26.448927180716243,19.692907216494856,5.014737845030403,1.6,-1249.337555576165,True,ok
2025-10-07 13:30:04,2025-10-07T13:29:54.915000,24.03,498.0,1.186399977231193,23.795326404131018,9.655295911340612,29.80660087202084,76.02285077729134,16.10756574779113,1.6,-1330.5330501797323,True,ok
2025-10-07 13:45:04,2025-10-07T13:44:42.644000,24.22,498.0,1.0585384946369008,14.858616351488404,9.158812019527133,26.66594437748803,21.73664127879523,5.771196462147211,1.6,-1311.564824611399,True,ok
2025-10-07 14:00:05,2025-10-07T13:59:30.387000,23.96,498.0,1.5008367711594235,51.64495743856023,16.701549199550072,28.848981177641154,51.76116417222512,13.781606978811467,1.6,-1385.1668704183585,True,ok
2025-10-07 14:15:05,2025-10-07T14:14:48.766000,24.83,496.0,1.2090091825332585,25.375567053665357,9.743087058536965,27.408617515635285,29.25561120646028,8.557678489892304,1.6,-1315.254488509258,True,ok
2025-10-07 14:30:04,2025-10-07T14:29:36.591000,24.59,493.0,1.2459169750909593,27.955188641644476,9.886399368980248,27.590782072095582,31.09988125146065,9.263002913186122,1.6,-1271.747768648613,True,ok
2025-10-07 14:45:04,2025-10-07T14:44:54.869000,24.59,490.0,1.312888731663592,33.203955483703936,10.985832456524287,27.921332329533694,35.399579814332256,10.53382678626825,1.6,-1326.409996004636,True,ok
2025-10-07 15:00:04,2025-10-07T14:59:42.634000,24.59,492.0,1.6661947987394097,73.03320434320091,26.010376357250284,29.665133260000584,72.55259586843106,15.850264111830827,1.6,-1408.5039791414736,True,ok
2025-10-07 15:15:04,2025-10-07T15:14:30.439000,25.58,489.0,1.2957434303547761,31.7474602832896,10.53768008716603,27.83670883969979,34.109543188305636,10.210964232772673,1.6,-1355.3511251748541,True,ok
2025-10-07 15:30:04,2025-10-07T15:29:48.808000,25.14,491.0,1.3248924975257745,34.22367669187988,11.299592828270733,27.98057891494568,36.30276006958395,10.758339702608362,1.6,-1435.800849331602,True,ok
2025-10-07 15:45:05,2025-10-07T15:44:36.609000,25.09,491.0,1.375135559081961,38.49183020476565,12.612870832235586,28.22856191228374,40.08311880716199,11.67978675042286,1.6,-1440.0527553328716,True,ok
2025-10-07 16:00:04,2025-10-07T15:59:54.908000,25.08,492.0,1.5792565267105232,61.2526676985581,20.12633384927905,29.23603494048426,60.588201797910614,14.879472795732674,1.6,-1237.862067943434,True,ok
2025-10-07 16:15:05,2025-10-07T16:14:42.724000,25.7,491.0,1.1597594736461654,21.933323466536372,9.551851303696465,27.165537375819554,26.79461973200531,7.622722792141584,1.6,-1402.5044125406407,True,ok
2025-10-07 16:30:05,2025-10-07T16:29:30.473000,25.08,493.0,1.3724207188341249,38.261204232107374,12.541908994494577,28.215162366135473,39.87885040204981,11.63089248804646,1.6,-1350.0011957416657,True,ok
2025-10-07 16:45:05,2025-10-07T16:44:48.818000,25.09,495.0,1.373051526877157,38.314791443583594,12.558397367256491,28.218275824280955,39.92631328793593,11.642263614510838,1.6,-1381.1977975890136,True,ok
2025-10-07 17:00:05,2025-10-07T16:59:36.601000,25.21,494.0,1.1834466214909098,23.588905491455023,9.643828082858612,27.28244923865181,27.978258584241196,8.070847305925572,1.6,-1328.511430977363,True,ok
2025-10-07 17:15:05,2025-10-07T17:14:54.986000,24.95,497.0,1.5226413094056392,54.240195126686615,17.512560977089567,28.956601107287003,54.068250605342634,14.10598549709973,1.6,-1347.8656919667083,True,ok
2025-10-07 17:30:04,2025-10-07T17:29:42.686000,25.58,498.0,1.3915503474689543,39.88626825346764,13.04192869337466,28.309579833938944,41.318190611750786,11.972858021051938,1.6,-1382.7847099756011,True,ok
2025-10-07 17:45:05,2025-10-07T17:44:30.504000,25.58,496.0,1.3848756697805729,39.319253661986444,12.867462665226599,28.27663585066716,40.815978458704095,11.854231997648933,1.6,-1368.963969012952,True,ok
2025-10-07 18:00:04,2025-10-07T17:59:48.870000,25.58,495.0,1.4647735346246025,47.35260923314815,15.360190385358797,28.670985068076543,47.945398719900886,13.216080744165433,1.6,-1383.43205439074,True,ok
2025-10-07 18:15:04,2025-10-07T18:14:36.549000,25.36,595.0,1.2143349168633033,25.747802245681974,9.763766791426777,27.43490356432111,29.521736368976466,8.659371160994628,1.6,-1292.902736797662,True,ok
2025-10-07 18:30:05,2025-10-07T18:29:54.998000,25.08,622.0,1.490614268846774,50.428246359005456,16.321326987189202,28.798526315113495,50.67954546827855,13.624852384625074,1.6,-1455.551514510476,True,ok
2025-10-07 18:45:05,2025-10-07T18:44:42.703000,25.58,597.0,1.148651113174706,21.156919230644135,9.508717735035786,27.110710212826238,26.239538676031824,7.413956253162097,1.6,-1387.7456865081413,True,ok
2025-10-07 19:00:04,2025-10-07T18:59:30.446000,25.21,585.0,1.0695918459955855,15.631175797838502,9.201731988768806,26.720500033844523,22.288973547809057,5.966661969108956,1.6,-1350.4641374836754,True,ok
2025-10-07 19:15:05,2025-10-07T19:14:18.225000,25.56,580.0,0.9272044317449485,12.0,9.0,26.017723238891403,19.692907216494856,3.6297136772358405,1.6,-1386.3073420594933,True,ok
2025-10-07 19:30:05,2025-10-07T19:29:36.559000,26.07,570.0,1.6352350929424355,68.83791268976759,23.918956344883796,29.512326476288717,68.29454391443157,15.536599762875603,1.6,-1443.5533588808225,True,ok
2025-10-07 19:45:05,2025-10-07T19:44:54.990000,27.57,558.0,1.6437321418128739,69.98928546908347,24.494642734541735,29.55426507601085,69.46429816117514,15.626317059216614,1.6,-1336.4764083841576,True,ok
2025-10-07 20:00:05,2025-10-07T19:59:42.680000,28.56,543.0,1.5249996273482196,54.52088878486263,17.600277745269572,28.968240978225666,54.317778628769084,14.140227533156125,1.6,-1336.0973633182757,True,ok
2025-10-07 20:15:04,2025-10-07T20:14:30.514000,28.25,530.0,1.3126578381912273,33.18434105825588,10.979797248694117,27.920192716349916,35.38220706417197,10.529495022074663,1.6,-1334.8556436759695,True,ok
2025-10-07 20:30:05,2025-10-07T20:29:48.864000,27.3,528.0,1.2472603639790534,28.049083039998457,9.891615724444359,27.59741259166867,31.167009944709505,9.28867089239267,1.6,-1397.4798060502399,True,ok
2025-10-07 20:45:05,2025-10-07T20:44:36.595000,26.81,520.0,1.2706819817538388,29.68610619013063,9.982561455007257,27.713013886621656,32.33738034819419,9.735477371572884,1.6,-1446.3575530459302,True,ok
2025-10-07 21:00:05,2025-10-07T20:59:54.978000,26.8,517.0,1.0752559971774975,16.027064190339747,9.223725788352208,26.748456395259637,22.57200928718096,6.067577996200617,1.6,-1247.5794109847568,True,ok
2025-10-07 21:15:05,2025-10-07T21:14:42.741000,26.32,513.0,1.0939239656522666,17.33183727873135,9.296213182151742,26.840595262462397,23.50484142568403,6.403568447480694,1.6,-1458.9333034694425,True,ok
2025-10-07 21:30:05,2025-10-07T21:29:30.459000,26.2,510.0,1.2628007435374324,29.135257417171264,9.951958745398404,27.674114722934064,31.943557511531527,9.585317135293423,1.6,-1506.224932779777,True,ok
2025-10-07 21:45:05,2025-10-07T21:44:48.822000,26.32,508.0,1.3369042687279977,35.24407795455804,11.613562447556319,28.039865012046576,37.2065426578988,10.981520423914743,1.6,-1394.0264257260897,True,ok
2025-10-07 22:00:05,2025-10-07T21:59:36.608000,26.7,505.0,1.1365672140876615,20.312331007082204,9.461796167060122,27.05106811653828,25.63571028184645,7.188077699997754,1.6,-1332.5299228705323,True,ok
2025-10-07 22:15:05,2025-10-07T22:14:55.009000,26.38,499.0,1.441603657473117,44.594865054675154,14.498395329585986,28.556626280892473,45.49384901820204,12.835338043071065,1.6,-1269.2276061908642,True,ok
2025-10-07 22:30:05,2025-10-07T22:29:42.741000,26.76,496.0,1.4324181544105996,43.501580552932374,14.156743922791367,28.51128970085637,44.52195274332582,12.680950977757162,1.6,-1348.0559642383657,True,ok
2025-10-07 22:45:05,2025-10-07T22:44:30.451000,26.87,491.0,1.1526190481676273,21.434252824936873,9.524125156940938,27.130294616768,26.4378150599828,7.488412061121375,1.6,-1275.117660454569,True,ok
2025-10-08 07:00:05,2025-10-08T06:59:38.680000,27.31,489.0,1.5470487921590481,57.145242617198576,18.420388317874554,29.077068303019068,56.6507484180038,14.452088062757774,1.6,-1370.736397765946,True,ok
2025-10-08 07:15:05,2025-10-08T07:14:57.044000,28.05,486.0,1.6206648250614881,66.86360254029591,22.931801270147957,29.440412492760956,66.28871424464758,15.3764819910791,1.6,-1545.8683931874416,True,ok
2025-10-08 07:30:05,2025-10-08T07:29:44.761000,28.4,484.0,0.7763459088836303,12.0,9.0,25.27313587668804,19.692907216494856,1.6839838881826346,1.6,-1239.0038802351473,True,ok
2025-10-08 07:45:05,2025-10-08T07:44:32.575000,27.04,482.0,1.5615280854188343,58.86860897061138,18.95894030331606,29.148533266153994,58.18276806747195,14.648473348659667,1.6,-1412.6096989251334,True,ok
2025-10-08 08:00:05,2025-10-08T07:59:50.905000,27.32,481.0,1.2576885652752927,28.777948445468443,9.932108246970468,27.648882715785096,31.688103674274085,9.487800949567193,1.6,-1316.774748641066,True,ok
2025-10-08 08:15:05,2025-10-08T08:14:38.622000,26.73,477.0,1.0609411113048404,15.026544081508181,9.168141337861565,26.677802892162816,21.856699229792223,5.813514875747984,1.6,-1374.0106404773742,True,ok
2025-10-08 08:30:05,2025-10-08T08:29:57.075000,26.33,479.0,1.20466494451922,25.071932254948706,9.726218458608262,27.38717580546668,29.038531086452625,8.474779223575297,1.6,-1405.1008676080496,True,ok
2025-10-08 08:45:05,2025-10-08T08:44:44.793000,26.33,480.0,1.1530410317788442,21.463746814087443,9.525763711893747,27.132377387154516,26.458901439842325,7.496338115835481,1.6,-1421.469577288619,True,ok
2025-10-08 09:00:05,2025-10-08T08:59:32.478000,26.01,480.0,1.1638377796122525,22.21837129474379,9.567687294152433,27.185666534079566,26.99841131655597,7.699611452945399,1.6,-1268.0157255930376,True,ok
2025-10-08 09:15:05,2025-10-08T09:14:50.913000,25.83,479.0,1.436939298833439,44.0396999236396,14.324906226137376,28.533604562066014,45.00032430260009,12.757175739942147,1.6,-1286.389026825181,True,ok
2025-10-08 09:30:05,2025-10-08T09:29:38.607000,26.44,478.0,1.5347809049327443,55.68508405186353,17.96408876620735,29.016518102630066,55.35271239159389,14.280439437292966,1.6,-1714.4378851593258,True,ok
2025-10-08 09:45:05,2025-10-08T09:44:57.004000,26.76,474.0,1.146724601210156,21.02226821228579,9.501237122904767,27.101201592201228,26.14327151776167,7.3778554317839875,1.6,-1400.7625977632474,True,ok
2025-10-08 10:00:05,2025-10-08T09:59:44.796000,26.07,471.0,1.5940937207784915,63.2631470581295,21.13157352906475,29.309266382659544,62.63077811298236,15.064540675203894,1.6,-1527.7554882307961,True,ok
2025-10-08 10:15:05,2025-10-08T10:14:32.534000,27.25,466.0,1.2806278915775433,30.46339362944805,10.142582655214785,27.7621035808589,32.97222875483286,9.924594564742767,1.6,-1354.4840618697706,True,ok
2025-10-08 10:30:05,2025-10-08T10:29:50.927000,26.7,466.0,1.4417730302547858,44.61502428122542,14.504695087882945,28.55746224846222,45.51176995018027,12.838167040494872,1.6,-1353.1434374597793,True,ok
2025-10-08 10:45:05,2025-10-08T10:44:38.671000,26.73,460.0,1.0918478838939825,17.186732276482658,9.288151793137926,26.830348415212406,23.401100314866063,6.365956190544571,1.6,-1423.204938496615,True,ok
2025-10-08 11:00:05,2025-10-08T10:59:57.001000,26.22,461.0,1.0754402187392824,16.039940113954216,9.2244411174419,26.749365651456426,22.581214776984012,6.07086851670385,1.6,-1388.9207890605426,True,ok
2025-10-08 11:15:05,2025-10-08T11:14:44.723000,26.08,462.0,1.6731408998907664,73.9792335437466,26.306010482420813,29.699416898974306,73.3935867125058,15.91557554149512,1.6,-1393.8983882840448,True,ok
2025-10-08 11:30:05,2025-10-08T11:29:32.522000,27.37,456.0,1.1553676739071626,21.62636440364739,9.534798022424855,27.143860916836882,26.575162968515038,7.540065300481388,1.6,-1323.5873690772785,True,ok
2025-10-08 11:45:05,2025-10-08T11:44:50.908000,26.57,455.0,1.3964112037368819,40.29919851912008,13.168984159729256,28.333571399532577,41.6839282856786,12.058757058588148,1.6,-1372.3659003478379,True,ok
2025-10-08 12:00:05,2025-10-08T11:59:38.600000,26.81,454.0,1.3732822560581146,38.334391912458855,12.56442828075657,28.219414626577134,39.943673676579294,11.646421257647637,1.6,-1236.0442317205802,True,ok
2025-10-08 12:15:05,2025-10-08T12:14:56.989000,26.84,453.0,1.1555175536857263,21.636840053519435,9.535380002973302,27.144600673443612,26.582652410901066,7.54288366253652,1.6,-1432.9125996229886,True,ok
2025-10-08 12:30:05,2025-10-08T12:29:44.774000,26.63,452.0,1.3805376142317203,38.95073537395929,12.754072422756703,28.255224655085048,40.48957704743929,11.776729076398412,1.6,-1382.6501437194881,True,ok
2025-10-08 12:45:05,2025-10-08T12:44:32.500000,26.87,452.0,1.4454674421195153,45.0547436093094,14.642107377909188,28.57569663345471,45.90266689994462,12.899710863794638,1.6,-1323.4232763638042,True,ok
2025-10-08 13:00:05,2025-10-08T12:59:50.908000,27.25,449.0,1.2322240107500786,26.99813691979085,9.83322982887727,27.52319816628806,30.41564840492387,9.001267068933787,1.6,-1304.8699792847165,True,ok
2025-10-08 13:15:05,2025-10-08T13:14:38.665000,26.93,447.0,1.330425968428403,34.6937456434921,11.4442294287668,28.00789028208007,36.71910621625521,10.861348346820659,1.6,-1355.2882608541104,True,ok
2025-10-08 13:30:05,2025-10-08T13:28:55.806000,27.08,447.0,1.1044120376539506,18.064887268365,9.336938181575833,26.892360888415872,24.028926874367333,6.594468370000989,1.6,-1468.4721457172343,True,ok
2025-10-08 13:45:05,2025-10-08T13:44:44.740000,26.7,446.0,1.556165513244948,58.23034049393851,18.759481404355785,29.122065398155247,57.61536703520593,14.576535975761168,1.6,-1386.0144915031005,True,ok
2025-10-08 14:00:05,2025-10-08T13:59:32.485000,27.69,448.0,1.247493986936872,28.065411809173533,9.89252287828742,27.598565676682448,31.178684005742973,9.293134407356021,1.6,-1377.1155931406238,True,ok
2025-10-08 14:15:05,2025-10-08T14:14:50.851000,27.28,444.0,1.3227062598055852,34.03795556111251,11.242447864957695,27.969788374601322,36.13826446338571,10.71755391857643,1.6,-1358.5004078912768,True,ok
2025-10-08 14:30:05,2025-10-08T14:29:38.609000,27.19,444.0,1.3779914226928724,38.73443612736858,12.687518808421103,28.24265750272523,40.29799800879597,11.731095067441633,1.6,-1487.5559233371368,True,ok
2025-10-08 14:45:05,2025-10-08T14:44:57.011000,27.42,442.0,1.200430014527519,24.775937396597516,9.709774299810974,27.366273603245496,28.826913051747436,8.39401987808147,1.6,-1444.8151272825487,True,ok
2025-10-08 15:00:05,2025-10-08T14:59:44.743000,27.31,441.0,1.2812901987156171,30.519656692454628,10.159894366909116,27.765372508033536,33.02206167700815,9.937170542453211,1.6,-1413.6958857906056,True,ok
2025-10-08 15:15:05,2025-10-08T15:14:32.561000,27.31,441.0,1.4134097921301336,41.743230441490525,13.613301674304779,28.41747076333947,42.9629260252383,12.355709874555654,1.6,-1270.8654930315065,True,ok
2025-10-08 15:30:05,2025-10-08T15:29:50.865000,27.57,441.0,1.2343510167806915,27.1468012070346,9.841488955946367,27.5336963587646,30.52193418459118,9.04193084943879,1.6,-1298.1142836566396,True,ok
2025-10-08 15:45:05,2025-10-08T15:44:38.668000,27.34,439.0,1.2438573003503133,27.811230386300995,9.878401688127832,27.58061620441342,30.996959993824376,9.223643845357174,1.6,-1276.9770786733252,True,ok
2025-10-08 16:00:05,2025-10-08T15:59:26.452000,27.31,439.0,1.2437681340610518,27.804998225861183,9.878055456992287,27.580176109343817,30.99250438418444,9.221939807506578,1.6,-1340.2533055018473,True,ok
2025-10-08 16:15:05,2025-10-08T16:14:44.803000,27.38,438.0,1.4903920158375152,50.40179317850629,16.313060368283214,28.79742934837428,50.6560294049439,13.62141221019401,1.6,-1333.4884322834428,True,ok
2025-10-08 16:30:05,2025-10-08T16:29:32.550000,27.8,439.0,1.3282863393954387,34.51198392574514,11.38830274638312,27.997329786673305,36.55811751334951,10.821556468107307,1.6,-1300.8197508533183,True,ok
2025-10-08 16:45:05,2025-10-08T16:43:49.737000,27.83,438.0,1.4205570846453166,42.350393713620875,13.800121142652577,28.452747415793954,43.5006983837078,12.478883148283787,1.6,-1392.312258111954,True,ok
2025-10-08 17:00:05,2025-10-08T16:59:38.720000,27.69,436.0,1.358817353108407,37.10559684253053,12.186337490009395,28.148020689214036,38.85531399943272,11.38421799684336,1.6,-1358.4381497650859,True,ok
2025-10-08 17:15:05,2025-10-08T17:14:57.051000,27.83,434.0,1.5251691961508804,54.541071342384676,17.606584794495213,28.96907791328966,54.335720301263194,14.142683142990165,1.6,-1443.5407244848452,True,ok
2025-10-08 17:30:05,2025-10-08T17:29:44.761000,28.18,435.0,1.5429563491036287,56.6581484933054,18.268171404157936,29.056869368800395,56.21773673278259,14.395356079007245,1.6,-1198.6604932602852,True,ok
2025-10-08 17:45:05,2025-10-08T17:44:32.513000,28.06,484.0,1.0023982103260578,12.0,9.0,26.388854655173937,19.692907216494856,4.811844300711196,1.6,-1386.933923920354,True,ok
2025-10-08 18:00:05,2025-10-08T17:59:50.901000,26.33,556.0,1.3809940749529557,38.989511761593555,12.766003618951864,28.257477592989567,40.523921795200195,11.784898793681965,1.6,-1408.8446344549018,True,ok
2025-10-08 18:15:05,2025-10-08T18:14:38.692000,26.7,647.0,1.2831368774406744,30.676532249862895,10.208163769188582,27.77448709841032,33.16100838601717,9.97222291030125,1.6,-1431.0540528629351,True,ok
