timestamp,sensor_timestamp,input_temp,co2_ppm,solar_vol_cmd,r_pwm,b_pwm,pred_temp,pred_power,pred_pn,target_solar_vol,cost,success,note
2025-11-02 09:00:04,2025-11-02T08:58:42.138000,22.22,458.0,1.4762700266322195,62.347180347658906,17.204154104297672,28.7277279189025,50.537567801547695,13.400097163312779,1.6,-833.6215986475693,True,"red_error:RPC错误: HTTPConnectionPool(host='192.168.0.46', port=80): Max retries exceeded with url: /rpc/Light.Set (Caused by NewConnectionError('<urllib3.connection.HTTPConnection object at 0x7fff14c59890>: Failed to establish a new connection: [Errno 113] No route to host'))"
2025-11-02 09:15:04,2025-11-02T09:13:45.836000,23.5,456.0,1.3094346530693075,41.50160582900448,11.350481748701345,27.904284149420427,34.49444009225597,10.46897626881025,1.6,-864.5785645930397,True,ok
2025-11-02 09:30:04,2025-11-02T09:28:51.827000,24.37,449.0,1.3494524237396326,46.65342270465801,12.896026811397403,28.101798520763356,38.5187720668,11.212875197002464,1.6,-774.0919696669247,True,ok
2025-11-02 09:45:04,2025-11-02T09:43:57.930000,25.0,445.0,1.1823033039642536,30.41956748572909,7.80652249524303,27.276806204601183,25.705924505080723,8.049139600490141,1.6,-829.0819709396283,True,ok
2025-11-02 10:00:04,2025-11-02T09:59:03.968000,25.1,440.0,1.2323790747732979,34.013714228404524,9.004571409468175,27.523963510597625,28.58547415281687,9.004231569539604,1.6,-905.4430956686837,True,ok
2025-11-02 10:15:04,2025-11-02T10:14:09.974000,25.25,439.0,1.2587642165285247,35.90748580221023,9.635828600736744,27.654191771674704,30.102721404715567,9.508325816655772,1.6,-953.2687004098445,True,ok
2025-11-02 10:30:04,2025-11-02T10:29:16.059000,25.43,433.0,1.1283438328487714,26.611355035369158,6.537118345123053,27.0104802489858,22.654870220142026,7.035174363455919,1.6,-878.4835500202785,True,ok
2025-11-02 10:45:04,2025-11-02T10:44:22.111000,25.38,433.0,1.538636552446558,71.71079692060432,20.0132390761813,29.035548293019346,57.85193911586086,14.334896831507233,1.6,-1315.53659864909,True,ok
2025-11-02 11:00:04,2025-11-02T10:59:28.198000,26.84,428.0,1.6070944872501656,83.66487349237501,24.465949396950002,29.37343383061119,67.71050099424828,15.2203410521781,1.6,-1343.366667860254,True,ok
2025-11-02 11:15:04,2025-11-02T11:14:34.266000,27.99,423.0,1.3218551039424238,43.10059266259129,11.830177798777386,27.96558735309485,35.743485622520865,10.701661984066945,1.6,-1442.76031104901,True,ok
2025-11-02 11:30:04,2025-11-02T11:29:40.305000,27.4,418.0,1.2681097521613658,36.578253838541016,9.85941794618034,27.700318219112027,30.6401256903545,9.68649517833179,1.6,-1437.7928196708588,True,ok
2025-11-02 11:45:04,2025-11-02T11:44:46.315000,27.0,417.0,1.2602477910543803,36.013968128162915,9.671322709387638,27.66151420080822,30.188032652736265,9.536628876864444,1.6,-1653.5155436549123,True,ok
2025-11-02 12:00:04,2025-11-02T11:59:52.410000,26.8,415.0,1.645291612070542,90.95487852568743,26.78646355770623,29.56196210116772,73.48530009286029,15.642487045839305,1.6,-1591.9861361266678,True,ok
2025-11-02 12:15:04,2025-11-02T12:14:58.363000,28.5,409.0,1.2923567001256686,39.303020432994444,10.690906129898332,27.81999306865844,32.77701928296015,10.146927016481852,1.6,-1605.5200829296898,True,ok
2025-11-02 12:30:04,2025-11-02T12:28:33.864000,27.87,404.0,1.1961394522786652,31.4126455071349,8.137548502378301,27.345096818754637,26.50155631186248,8.312262336939764,1.6,-1403.8046567375477,True,ok
2025-11-02 12:45:04,2025-11-02T12:43:39.884000,27.06,403.0,1.3052491690185153,40.962774029919785,11.188832208975935,27.88362599587488,34.07353265507488,10.39025733674232,1.6,-1450.8427565801128,True,ok
2025-11-02 13:00:04,2025-11-02T12:58:45.911000,27.19,403.0,1.0679839842675076,22.47189491188408,5.15729830396136,26.712564164526768,19.338427739130147,5.938106720279235,1.6,-1372.8159806244084,True,ok
2025-11-02 13:15:04,2025-11-02T13:13:51.975000,26.62,404.0,1.4422003850564373,57.193624761047715,15.658087428314314,28.559571529253596,46.51187763623907,12.845302155579875,1.6,-1346.246460859269,True,ok
2025-11-02 13:30:04,2025-11-02T13:27:27.406000,27.5,402.0,1.5752275197023928,77.66446901123035,22.06578760449214,29.216149105441048,62.6627422244026,14.827907287699077,1.6,-1357.7303254230164,True,ok
2025-11-02 13:45:04,2025-11-02T13:44:04.102000,28.52,400.0,1.5439781083861062,72.51041540955269,20.253124622865805,29.061912431893663,58.47655958086977,14.40957024436904,1.6,-1467.8698200322387,True,ok
2025-11-02 14:00:04,2025-11-02T13:59:10.151000,29.05,395.0,1.4633492449855843,60.39271404397659,16.61781421319298,28.663955249374784,49.0108401578987,13.19305043143519,1.6,-1553.6992225073109,True,ok
2025-11-02 14:15:04,2025-11-02T14:14:16.173000,29.01,392.0,0.7896401493241383,19.0,4.0,25.33875181428538,16.55682351251732,1.8310044028902688,1.6,-1415.7098867094205,True,ok
2025-11-02 14:30:04,2025-11-02T14:29:22.243000,27.55,389.0,1.5328245859495198,70.84075906632074,19.752227719896226,29.0068623645006,57.17231069727252,14.252631459408896,1.6,-1599.6023050708704,True,ok
2025-11-02 14:45:04,2025-11-02T14:44:28.331000,28.8,389.0,1.4544227764559807,59.0424488333162,16.21273464999486,28.619897177413158,47.956083051322445,13.047575856080838,1.6,-1522.081254915863,True,ok
2025-11-02 15:00:04,2025-11-02T14:59:34.327000,28.8,385.0,1.4625616690050482,60.273581103134106,16.58207433094023,28.66006803696703,48.91777968726754,13.18029392605153,1.6,-1552.4855100244347,True,ok
2025-11-02 15:15:04,2025-11-02T15:14:40.411000,29.05,382.0,1.6841364361492386,95.0,28.0,29.753687199275692,76.64513905509547,16.015107661144512,1.6,-1563.0217266094942,True,ok
2025-11-02 15:30:04,2025-11-02T15:29:46.438000,30.25,379.0,1.2502965535072401,35.299726341410754,9.433242113803583,27.612398210704725,29.61579817465548,9.346671784518952,1.6,-1467.3701972968947,True,ok
2025-11-02 15:45:04,2025-11-02T15:44:52.540000,29.0,377.0,1.2931884148914279,39.41009391795362,10.723028175386085,27.82409813539114,32.860659532516266,10.162660526496387,1.6,-1365.3471972574987,True,ok
2025-11-02 16:00:04,2025-11-02T15:59:58.530000,28.74,377.0,1.3865881523325037,50.650425258608585,13.912606314652146,28.28508809348365,41.53134907331961,11.88474006401934,1.6,-1665.0371256917158,True,ok
2025-11-02 16:15:04,2025-11-02T16:13:34.014000,28.88,376.0,1.5578799719229306,74.59149201732143,20.87744760519643,29.130527394470956,60.102188623256296,14.599637623507284,1.6,-1464.226204808632,True,ok
2025-11-02 16:30:04,2025-11-02T16:28:40.054000,29.74,375.0,1.3365972716994354,44.998473213208946,12.399541963962685,28.038349777087582,37.226011412560126,10.975836408282742,1.6,-1535.7729791456381,True,ok
2025-11-02 16:45:04,2025-11-02T16:43:46.061000,29.25,374.0,1.6062681218703674,83.5092726646348,24.40370906585392,29.36935516666374,67.57960391134513,15.210617504255712,1.6,-1770.6071767890269,True,ok
2025-11-02 17:00:04,2025-11-02T16:58:52.148000,30.06,371.0,1.4468075121616486,57.89052336441215,15.867157009323645,28.58231077231087,47.05625865758094,12.92195690129587,1.6,-1527.8743408288524,True,ok
2025-11-02 17:15:04,2025-11-02T17:13:58.151000,29.94,370.0,1.3581347441247438,47.63485836528159,13.158714591320397,28.144651558899607,39.266344885494796,11.371769315289097,1.6,-1383.9650385428229,True,ok
2025-11-02 17:30:04,2025-11-02T17:29:04.213000,29.49,369.0,1.2412199435930467,34.64826022455286,9.21608674151762,27.56759909093626,29.09385815338808,9.173238006337225,1.6,-1657.9816814801018,True,ok
2025-11-02 17:45:04,2025-11-02T17:42:39.684000,28.88,370.0,1.69294704010136,95.0,28.0,29.797173402320112,76.64513905509547,16.091425995961973,1.6,-1547.3885481694656,True,ok
2025-11-02 18:00:04,2025-11-02T17:59:16.287000,30.44,368.0,1.2183973099032464,33.010184699998874,8.670061566666291,27.45495418168414,27.781468833361757,8.736978878761654,1.6,-1543.1455903541216,True,ok
2025-11-02 18:15:04,2025-11-02T18:14:22.330000,29.25,367.0,1.5185662807406304,68.7063239700441,19.111897191013227,28.936488124692236,55.5050007728596,14.046423641701033,1.6,-1348.687163049044,True,ok
2025-11-02 18:30:04,2025-11-02T18:29:28.439000,29.94,367.0,1.235228269048473,34.21821277446626,9.072737591488753,27.538026183421938,28.749313795000283,9.058701803503553,1.6,-1439.4057659297462,True,ok
2025-11-02 18:45:04,2025-11-02T18:44:34.426000,29.12,368.0,1.3123865427296086,41.88162687246265,11.464488061738795,27.918853692419994,34.791292809093704,10.524404674324035,1.6,-1349.7975946194206,True,ok
2025-11-02 19:00:04,2025-11-02T18:59:40.502000,28.97,369.0,1.194465189998146,31.292476726411394,8.09749224213713,27.336833218452554,26.405279783669396,8.280377831728869,1.6,-1676.628931779135,True,ok
2025-11-02 19:15:04,2025-11-02T19:14:46.544000,28.5,371.0,1.3363077540274122,44.96120122120278,12.388360366360834,28.036920814403643,37.196896466744754,10.970475021285324,1.6,-1383.7449185654716,True,ok
2025-11-02 19:30:04,2025-11-02T19:29:52.639000,28.55,372.0,1.198549813180101,31.58564715329234,8.195215717764114,27.356993556383493,26.640161345245062,8.358184001848382,1.6,-1544.164764539226,True,ok
2025-11-02 19:45:04,2025-11-02T19:44:58.653000,28.38,374.0,1.0328073985098702,20.059495320986287,4.353165106995429,26.538944267527793,17.405667368028105,5.32420976258956,1.6,-1412.364554811116,True,ok
2025-11-02 20:00:04,2025-11-02T19:58:34.111000,27.74,375.0,1.4050804066116416,52.61028291010583,14.402570727526458,28.376359694012017,43.003405885590894,12.210887117473174,1.6,-1346.7295318027855,True,ok
2025-11-02 20:15:04,2025-11-02T20:13:40.138000,28.25,377.0,0.8678560071332149,19.0,4.0,25.724799205867434,16.55682351251732,2.7927345741673104,1.6,-1473.3932653888949,True,ok
2025-11-02 20:30:04,2025-11-02T20:28:46.214000,27.53,378.0,1.332104172838873,44.420039628676705,12.226011888603011,28.016173339421012,36.77416911583875,10.89252401952739,1.6,-1439.966363493138,True,ok
2025-11-02 20:45:04,2025-11-02T20:43:52.256000,27.99,380.0,1.3657021711617416,48.4368741474969,13.359218536874225,28.182001855251933,39.868742102893314,11.509404484586343,1.6,-1396.4878626184725,True,ok
2025-11-02 21:00:04,2025-11-02T20:58:58.305000,28.5,381.0,1.2520540104888245,35.425866352511946,9.475288784170647,27.621072432308413,29.716858718516715,9.38023674331142,1.6,-1516.7385154923716,True,ok
2025-11-02 21:15:04,2025-11-02T21:14:04.396000,28.25,380.0,1.4039067619772763,52.48589697088617,14.371474242721542,28.370566975470886,42.90997911602975,12.190373660087825,1.6,-1581.8532708053813,True,ok
2025-11-02 21:30:04,2025-11-02T21:29:10.457000,28.52,380.0,0.8045421389430202,19.0,4.0,25.412303065692672,16.55682351251732,2.0015146370754353,1.6,-1477.4107119746893,True,ok
2025-11-02 21:45:04,2025-11-02T21:44:16.452000,27.74,380.0,1.3536931491045077,47.164126465651464,13.041031616412866,28.12272932701395,38.91277629898315,11.290611099229368,1.6,-1516.1572549514892,True,ok
2025-11-02 22:00:04,2025-11-02T21:59:22.516000,28.25,382.0,1.5704801794851444,76.77056652520335,21.708226610081343,29.19271781721948,61.910758899376994,14.766440427111855,1.6,-1679.334325474176,True,ok
2025-11-02 22:15:04,2025-11-02T22:14:28.600000,29.44,380.0,1.6451260587368357,90.92318582414073,26.77695574724222,29.561144985119448,73.46054339919813,15.640774811857478,1.6,-1524.2871925976383,True,ok
2025-11-02 22:30:04,2025-11-02T22:29:34.654000,30.49,380.0,1.1323543022758715,26.886391813295905,6.628797271098636,27.030274588710753,22.875223509447046,7.109657392224273,1.6,-1460.5144260165475,True,ok
2025-11-02 22:45:04,2025-11-02T22:43:10.032000,29.05,378.0,1.3960215668761076,51.65020329507464,14.16255082376866,28.331648281919605,42.282286299916,12.051887149440612,1.6,-1537.8855106733586,True,ok
2025-11-02 23:00:04,2025-11-02T22:58:16.147000,29.25,378.0,1.1634367479798753,29.065436143540943,7.355145381180314,27.183687175673768,24.621024886740773,7.692045356334329,1.6,-1542.256536860755,True,ok
2025-11-02 23:15:04,2025-11-02T23:14:52.754000,28.5,379.0,1.2946793026972072,39.60202817188285,10.780608451564856,27.831456660435606,33.010588610692146,10.190851884716583,1.6,-1407.4694383385176,True,ok
2025-11-02 23:30:04,2025-11-02T23:29:58.839000,28.5,380.0,1.3500635996203907,46.732104404406385,12.919631321321916,28.104815081102572,38.580234127224784,11.22409315729615,1.6,-1572.1980437874547,True,ok
2025-11-02 23:45:04,2025-11-02T23:43:34.274000,28.76,381.0,1.349853018162328,46.704994520692864,12.91149835620786,28.103775721247963,38.55905729301507,11.220228544091537,1.6,-1409.0265055719387,True,ok
2025-11-03 00:00:04,2025-11-02T23:58:40.310000,29.0,381.0,1.391442880022469,51.164942043068336,14.041235510767084,28.309049410460155,41.91780465952673,11.970954165526003,1.6,-1432.8160143062735,True,ok
2025-11-03 00:15:04,2025-11-03T00:13:46.383000,29.03,381.0,1.2580686158688819,35.85755964421675,9.61918654807225,27.65075851877996,30.062721688244352,9.495053198468389,1.6,-1488.724949601904,True,ok
2025-11-03 00:30:04,2025-11-03T00:28:52.445000,28.62,381.0,1.3234234827628952,43.30250297242056,11.890750891726169,27.973328347946985,35.90120747782904,10.730939552392048,1.6,-1437.0583284353584,True,ok
2025-11-03 00:45:04,2025-11-03T00:43:58.481000,28.72,383.0,1.150870800378458,28.163525720384623,7.054508573461541,27.121665848667096,23.898434512104014,7.4555908182296,1.6,-1534.6333839682645,True,ok
2025-11-03 09:00:04,2025-11-03T08:59:07.778000,23.0,576.0,1.0753982613127953,22.980363784732873,5.326787928244291,26.749158563590786,19.745801580134376,6.070119037810535,1.6,-1401.5466757938102,True,ok
2025-11-03 09:15:04,2025-11-03T09:14:11.973000,23.94,559.0,1.3833255664696364,50.30464784442816,13.82616196110704,28.26898505763577,41.271634293684976,11.826574097576191,1.6,-1442.2672181485123,True,ok
2025-11-03 09:30:04,2025-11-03T09:29:18.039000,25.25,540.0,1.4924810942154956,64.7993528403719,17.93980585211157,28.807740342605122,52.45307769013829,13.653694877148922,1.6,-1544.3159353981534,True,ok
2025-11-03 09:45:04,2025-11-03T09:44:24.087000,26.44,530.0,1.4474108254469347,57.98178374779325,15.894535124337976,28.585288525500765,47.12754653285176,12.931958686139314,1.6,-1461.3845387776207,True,ok
2025-11-03 10:00:04,2025-11-03T09:59:30.171000,27.06,516.0,0.600951767397466,19.0,4.0,24.40744888282054,16.55682351251732,0.18435064363697862,1.6,-1409.4943079997095,True,ok
2025-11-03 10:15:04,2025-11-03T10:14:36.173000,26.12,513.0,1.263105250316713,36.219059886794135,9.739686628931379,27.675617666853025,30.352347563507134,9.591123072544166,1.6,-1638.8058260771681,True,ok
2025-11-03 10:30:04,2025-11-03T10:29:42.236000,26.47,508.0,1.3603662322750878,47.8713573372112,13.2178393343028,28.155665440277595,39.44398019612982,11.412440474935476,1.6,-1411.9038230619226,True,ok
2025-11-03 10:45:04,2025-11-03T10:44:48.270000,26.94,502.0,1.2920436716616666,39.2627217032953,10.67881651098859,27.818448064545414,32.7455400067405,10.14100427846484,1.6,-1424.5307886939715,True,ok
2025-11-03 11:00:04,2025-11-03T10:59:54.432000,27.12,497.0,1.5688541409203491,76.46439088812447,21.58575635524979,29.1846922330971,61.653192803285556,14.745212237889287,1.6,-1722.8543004517417,True,ok
2025-11-03 11:15:04,2025-11-03T11:13:29.847000,28.38,489.0,1.3506180714640708,46.80348612691358,12.941045838074075,28.107551769223807,38.63599382428259,11.23426610918993,1.6,-1378.2456693336842,True,ok
2025-11-03 11:30:04,2025-11-03T11:28:35.904000,28.01,480.0,1.42695022652913,54.92810383421628,14.98202595855407,28.484301832217856,44.74433032383013,12.588169101790873,1.6,-1403.2133048429187,True,ok
2025-11-03 11:45:04,2025-11-03T11:43:41.916000,28.5,473.0,1.1236819506613251,26.291644567750307,6.430548189250102,26.987470753101736,22.3987253740014,6.948808479780907,1.6,-1377.7177964476869,True,ok
2025-11-03 12:00:04,2025-11-03T11:58:47.930000,27.75,465.0,1.3209773071510154,42.9875866593177,11.796275997795309,27.961254840850472,35.65521119754304,10.685265097797632,1.6,-1537.518369139918,True,ok
2025-11-03 12:15:04,2025-11-03T12:13:54.066000,28.0,463.0,1.3904865275838925,51.06358530116009,14.015896325290022,28.304329173737226,41.84167521089985,11.954002845553656,1.6,-1475.3629254220277,True,ok
2025-11-03 12:30:04,2025-11-03T12:29:00.102000,28.5,459.0,1.7008131347519124,95.0,28.0,29.835997822416555,76.64513905509547,16.15696165281216,1.6,-1535.6807583059672,True,ok
2025-11-03 12:45:04,2025-11-03T12:44:06.156000,30.06,449.0,1.0110048599249886,19.0,4.0,26.43133420754346,16.55682351251732,4.955009680372836,1.6,-1389.7121965168787,True,ok
2025-11-03 13:00:04,2025-11-03T12:59:12.145000,28.38,447.0,1.3956438365507446,51.61017044363369,14.152542610908423,28.329783930994967,42.25221746729785,12.045224556035386,1.6,-1473.3433269642053,True,ok
2025-11-03 13:15:04,2025-11-03T13:14:18.250000,29.0,443.0,1.1490319427628983,28.031543246576867,7.0105144155256225,27.112589860678696,23.79269311834067,7.421096441934268,1.6,-1421.9044013575744,True,ok
2025-11-03 13:30:04,2025-11-03T13:29:24.304000,28.5,441.0,1.4426151102076714,57.25635829803831,15.67690748941149,28.561618474302108,46.56088181959437,12.85222242746888,1.6,-1384.1507473820852,True,ok
2025-11-03 13:45:04,2025-11-03T13:44:30.270000,28.98,438.0,1.4868478101180984,63.947232260631324,17.684169678189395,28.77993633082596,51.78744531655319,13.566370970516019,1.6,-1518.0773978630118,True,ok
2025-11-03 14:00:04,2025-11-03T13:59:36.348000,29.62,435.0,1.306545757582258,41.129694543770974,11.238908363131292,27.890025524653428,34.20392229766353,10.414658579283566,1.6,-1341.6422660800815,True,ok
2025-11-03 14:15:04,2025-11-03T14:14:42.433000,29.25,432.0,1.0956800885070541,24.371285347251675,5.790428449083892,26.849262899261106,20.860176696715786,6.435430231834211,1.6,-1423.140168508083,True,ok
2025-11-03 14:30:04,2025-11-03T14:29:48.522000,28.5,430.0,0.9001715299958692,19.0,4.0,25.884297850492544,16.55682351251732,3.237381907187304,1.6,-1380.4660683806833,True,ok
2025-11-03 14:45:04,2025-11-03T14:44:54.497000,27.99,430.0,1.5317509615347498,70.68003999083933,19.7040119972518,29.001563312409747,57.04676529649642,14.237320195554336,1.6,-1424.8445295102342,True,ok
2025-11-03 15:00:04,2025-11-03T14:58:29.959000,29.27,427.0,1.5144610233503168,68.0917764957993,18.92753294873979,28.91622594318971,55.0249481797315,13.985920447677788,1.6,-1403.6132476352268,True,ok
2025-11-03 15:15:04,2025-11-03T15:13:36.012000,30.02,423.0,1.4728317816601004,61.8270930862538,17.048127925876138,28.710757888268216,50.131302624398884,13.345417977440771,1.6,-1594.7815313562016,True,ok
2025-11-03 15:30:04,2025-11-03T15:28:42.031000,30.25,420.0,1.11243271505565,25.520175399024858,6.1733917996749526,26.931948277423423,21.780641602778132,6.741413631758297,1.6,-1447.3485936035297,True,ok
2025-11-03 15:45:04,2025-11-03T15:43:48.155000,29.27,418.0,1.5749471500804817,77.6116766916232,22.044670676649282,29.21476529448187,62.61833140257969,14.82429837567119,1.6,-1441.3512323317977,True,ok
2025-11-03 16:00:04,2025-11-03T15:58:54.181000,30.48,414.0,1.1528326904458155,28.304338745948805,7.1014462486496015,27.131349083810065,24.01125074560542,7.492424687595312,1.6,-1653.9850276620418,True,ok
2025-11-03 16:15:04,2025-11-03T16:14:00.251000,29.51,411.0,1.258611620676187,35.89653336200284,9.632177787334282,27.65343860943355,30.093946555606998,9.505414284223093,1.6,-1610.92220262559,True,ok
2025-11-03 16:30:04,2025-11-03T16:29:06.226000,29.38,412.0,1.4572018284447763,59.46282305035877,16.33884691510763,28.633613651302177,48.284457573117486,13.093074099450247,1.6,-1580.3216404471766,True,ok
2025-11-03 16:45:04,2025-11-03T16:44:12.284000,29.97,411.0,1.1299133632629093,26.71899295552023,6.572997651840076,27.018226927720253,22.741107304280483,7.064303885682875,1.6,-1433.276271346576,True,ok
2025-11-03 17:00:04,2025-11-03T16:59:18.342000,29.31,410.0,1.1083274381778963,25.238636754863958,6.079545584954653,26.91168599973739,21.555079164274538,6.666101568481132,1.6,-1491.9047143576008,True,ok
2025-11-03 17:15:04,2025-11-03T17:14:24.460000,28.63,411.0,1.41240250265762,53.38629786988808,14.59657446747202,28.41249911840295,43.586273782705355,12.338268234069252,1.6,-1586.8598264764505,True,ok
2025-11-03 17:30:04,2025-11-03T17:29:30.432000,29.49,411.0,1.0223868135431107,19.344854761952828,4.11495158731761,26.48751173507387,16.833113402551746,5.14660741635023,1.6,-1558.7913964887823,True,ok
2025-11-03 17:45:04,2025-11-03T17:44:36.556000,28.62,410.0,1.0647471963245014,22.249916975670196,5.083305658556732,26.696588458608513,19.160584002134012,5.880746918602659,1.6,-1360.1515638860565,True,ok
2025-11-03 18:00:04,2025-11-03T17:59:42.537000,28.44,412.0,1.4704094916173067,61.46068458281636,16.93820537484491,28.698802272375612,49.84508331736246,13.306712905989263,1.6,-1487.0787492457478,True,ok
2025-11-03 18:15:04,2025-11-03T18:14:48.626000,29.52,411.0,1.2723599277192066,36.8833066493158,9.961102216438599,27.721295668363755,30.884527151034302,9.767415060062445,1.6,-1506.541881088571,True,ok
2025-11-03 18:30:04,2025-11-03T18:29:54.696000,29.38,409.0,0.7387135855524009,19.0,4.0,25.087395277938157,16.55682351251732,1.293825558284766,1.6,-1484.8975021175584,True,ok
2025-11-03 18:45:04,2025-11-03T18:43:30.100000,28.62,409.0,1.3940261900315345,51.438728019133364,14.109682004783341,28.321799767211107,42.12344638603834,12.016662724484402,1.6,-1646.4214829101013,True,ok
2025-11-03 19:00:04,2025-11-03T18:58:36.186000,29.3,408.0,1.1713387029849298,29.632592382642805,7.544197460880935,27.222688590521717,25.075417727502035,7.841334308635765,1.6,-1437.103688612513,True,ok
2025-11-03 19:15:04,2025-11-03T19:13:42.267000,29.0,407.0,1.2079513239579014,32.260432759031964,8.420144253010655,27.40339627847036,27.180784417262025,8.537487110799464,1.6,-1570.2107462116278,True,ok
2025-11-03 19:30:04,2025-11-03T19:28:48.251000,28.94,406.0,1.4338970981737005,55.937625328045705,15.28128759841371,28.518589274089145,45.53075606296925,12.705934915666427,1.6,-1466.0458834589351,True,ok
2025-11-03 19:45:04,2025-11-03T19:43:54.294000,29.62,406.0,1.2679499993428198,36.566787713044924,9.855595904348307,27.699529732472296,30.630939288129692,9.683452175452178,1.6,-1353.3200088261285,True,ok
2025-11-03 20:00:04,2025-11-03T19:59:00.344000,29.5,404.0,1.264344796419293,36.30802727591278,9.76934242530426,27.681735653065168,30.423626237511936,9.614753851059593,1.6,-1588.2858599322497,True,ok
2025-11-03 20:15:04,2025-11-03T20:14:06.358000,29.38,403.0,1.2730723806054447,36.93444236183727,9.978147453945756,27.72481209822928,30.925495935427428,9.780972023720256,1.6,-1501.3786784664362,True,ok
2025-11-03 20:30:04,2025-11-03T20:29:12.485000,29.25,401.0,1.1572750061520662,28.623182255845876,7.207727418615292,27.15327487276156,24.26670100469073,7.5759444134059715,1.6,-1332.449086046647,True,ok
2025-11-03 20:45:04,2025-11-03T20:44:18.528000,29.0,400.0,1.182333392067182,30.421727034256964,7.807242344752321,27.276954709443785,25.707654686859023,8.049710782728694,1.6,-1772.6095501038715,True,ok
2025-11-03 21:00:04,2025-11-03T20:59:24.591000,28.88,401.0,1.1928802725706884,31.178720598102785,8.059573532700929,27.329010594551445,26.314140928566605,8.250205262070482,1.6,-1436.1075007556838,True,ok
2025-11-03 21:15:04,2025-11-03T21:14:30.575000,28.55,402.0,1.4932063039550798,64.90905193117642,17.972715579352926,28.811319736044748,52.53876892671723,13.66487355359607,1.6,-1544.6580778599507,True,ok
2025-11-03 21:30:04,2025-11-03T21:29:36.704000,29.74,401.0,1.4774732922711475,62.529192721985815,17.258757816595743,28.733666836844463,50.67974642230341,13.419160422978877,1.6,-1446.8876086339678,True,ok
2025-11-03 21:45:04,2025-11-03T21:44:42.675000,30.25,398.0,1.227629250838621,33.67279957152984,8.890933190509948,27.50051996357508,28.312340986478528,8.913426791654672,1.6,-1515.0975380838108,True,ok
2025-11-03 22:00:04,2025-11-03T21:59:48.771000,29.51,397.0,1.1397878162853943,27.39617995132213,6.79872665044071,27.06696393501531,23.283654316081485,7.248145208995193,1.6,-1403.9287070452674,True,ok
2025-11-03 22:15:04,2025-11-03T22:14:54.860000,29.01,396.0,1.3243382712201268,43.42027121719472,11.926081365158415,27.977843438718295,35.993201918716544,10.74800482630923,1.6,-1336.626276932233,True,ok
2025-11-03 22:30:04,2025-11-03T22:28:30.261000,29.31,398.0,1.5258564599442175,69.79764682520232,19.439294047560697,28.972470018192407,56.35748554989407,14.152626828438493,1.6,-1488.4708995742528,True,ok
2025-11-03 22:45:04,2025-11-03T22:43:36.344000,30.25,396.0,1.6050476070224833,83.27945529178412,24.311782116713644,29.363331112378443,67.38627316790686,15.196211283897757,1.6,-1447.6159091178943,True,ok
2025-11-03 23:00:04,2025-11-03T22:58:42.335000,31.12,396.0,1.5617319654657265,75.16253665867777,21.065014663471104,29.14953955007778,60.55802561507349,14.65118965881943,1.6,-1496.2273991503619,True,ok
2025-11-03 23:15:04,2025-11-03T23:13:48.462000,31.44,393.0,1.3189894967500868,42.73167947114699,11.719503841344096,27.951443671584627,35.45530978320164,10.648105707649854,1.6,-1491.608133839156,True,ok
2025-11-03 23:30:04,2025-11-03T23:28:54.496000,30.74,393.0,1.2797036193729856,37.67408524098442,10.202225572295324,27.757541681473327,31.504579649353342,9.90704045887066,1.6,-1586.0459938369797,True,ok
2025-11-03 23:45:04,2025-11-03T23:44:00.566000,29.99,391.0,1.3462909589869685,46.24642133522299,12.773926400566896,28.086194584994683,38.20084371953264,11.154770445752105,1.6,-1656.0367195327053,True,ok
2025-11-04 00:00:04,2025-11-03T23:59:06.614000,30.12,391.0,1.229296398833881,33.79245773035421,8.930819243451403,27.508748450137514,28.40820841587429,8.945297769350404,1.6,-1578.5007646845613,True,ok
2025-11-04 00:15:04,2025-11-04T00:14:12.623000,29.56,391.0,1.1754157239772862,29.925217168697035,7.641739056232345,27.242811406579893,25.309862133902115,7.918520369070827,1.6,-1472.4408278386632,True,ok
2025-11-04 00:30:04,2025-11-04T00:29:18.719000,29.12,393.0,1.5444379595253175,72.57925405455404,20.273776216366212,29.06418210377071,58.53033275776051,14.4159566314296,1.6,-1589.402351934272,True,ok
2025-11-04 00:45:04,2025-11-04T00:44:24.719000,30.25,388.0,0.9139880576662434,19.0,4.0,25.952491623689905,16.55682351251732,3.435630230374496,1.6,-1395.212219915965,True,ok
2025-11-04 09:00:04,2025-11-04T08:59:33.453000,23.12,486.0,1.4535458537033366,58.90980082347836,16.17294024704351,28.615568979132654,47.85246531019644,13.033180461093185,1.6,-1554.982487741487,True,ok
2025-11-04 09:15:04,2025-11-04T09:14:37.646000,25.0,489.0,1.3873872165252372,50.73511217933371,13.933778044833428,28.28903200787585,41.59495775350537,11.898958415746554,1.6,-1363.6300156320492,True,ok
2025-11-04 09:30:04,2025-11-04T09:29:43.760000,25.62,484.0,1.2912832060880133,39.16482071305833,10.6494462139175,27.814694660065552,32.66906483402773,10.12661299926941,1.6,-1476.0554185681938,True,ok
2025-11-04 09:45:04,2025-11-04T09:44:49.751000,25.99,476.0,1.0434729441371522,20.790935207882374,4.596978402627458,26.59158584411527,17.991680577684637,5.5080686325883,1.6,-1397.3198850013698,True,ok
2025-11-04 10:00:04,2025-11-04T09:59:55.854000,25.44,471.0,1.5593724137757743,74.81490708827079,20.944472126481237,29.13789358977351,60.27670888189853,14.619669237182592,1.6,-1437.7014153817718,True,ok
2025-11-04 10:15:04,2025-11-04T10:13:31.317000,27.03,458.0,1.3720211722809894,49.10657847377522,13.526644618443806,28.213190337585583,40.371759663863834,11.623686952659854,1.6,-1484.6715990550586,True,ok
2025-11-04 10:30:04,2025-11-04T10:28:37.295000,27.25,453.0,1.3848832175395358,50.4697317937198,13.86743294842995,28.276673103888456,41.39562949913562,11.854366570662322,1.6,-1575.5768877421422,True,ok
2025-11-04 10:45:04,2025-11-04T10:43:43.384000,27.5,447.0,1.2987991920314985,40.13241542341373,10.93972462702412,27.85179106033431,33.42489960557887,10.268674450555773,1.6,-1644.677635057937,True,ok
2025-11-04 11:00:04,2025-11-04T10:58:49.407000,27.25,441.0,1.3788280764584868,49.82799204693418,13.706998011733544,28.246786946714213,40.91361624412226,11.746101570578531,1.6,-1441.4498953157936,True,ok
2025-11-04 11:15:04,2025-11-04T11:13:55.527000,27.5,435.0,1.3137594672349195,42.05837474014694,11.517512422044081,27.92562998995045,34.929359070477304,10.550158253188021,1.6,-1462.8200749891853,True,ok
2025-11-04 11:30:04,2025-11-04T11:29:01.578000,27.31,428.0,1.6086082100290007,83.94990057980391,24.579960231921564,29.380905061467907,67.95027616019482,15.238088769819509,1.6,-1443.2708385770957,True,ok
2025-11-04 11:45:04,2025-11-04T11:42:36.932000,28.69,422.0,1.2047477934001232,32.03050202140625,8.343500673802083,27.387584719915285,26.996569074390134,8.476359695690318,1.6,-1341.2447165821493,True,ok
2025-11-04 12:00:04,2025-11-04T11:59:13.672000,27.87,416.0,1.2969202350837148,39.89052183588821,10.867156550766463,27.842517155413937,33.235944888784395,10.23319695428719,1.6,-1451.4239991264037,True,ok
2025-11-04 12:15:04,2025-11-04T12:14:19.733000,27.94,412.0,1.6482132471236888,91.51418171635581,26.954254514906744,29.576382317515343,73.92219871872338,15.672532869306288,1.6,-1385.228859427724,True,ok
2025-11-04 12:30:04,2025-11-04T12:29:25.768000,29.44,407.0,1.6995613969750585,95.0,28.0,29.829819662165743,76.64513905509547,16.14669769438953,1.6,-1393.161947540718,True,ok
2025-11-04 12:45:04,2025-11-04T12:43:01.194000,30.25,397.0,1.3102383832741835,41.60507663119045,11.381522989357135,27.90825109369259,34.57526611300149,10.484075622022717,1.6,-1448.4558294180451,True,ok
2025-11-04 13:00:04,2025-11-04T12:59:37.818000,29.0,393.0,1.067804467404788,22.459583699841843,5.153194566613948,26.71167812915569,19.328564272544742,5.934921083261418,1.6,-1372.8846285239918,True,ok
2025-11-04 13:15:04,2025-11-04T13:14:43.943000,28.0,393.0,1.5431954970704997,72.39326031753431,20.217978095260293,29.05804972341644,58.38504410309371,14.3986859446842,1.6,-1478.6705926958589,True,ok
2025-11-04 13:30:04,2025-11-04T13:29:49.911000,29.25,390.0,1.833925773941191,95.0,28.0,30.492997420516737,76.64513905509547,16.88585743963638,1.6,-1565.731194936841,True,ok
2025-11-04 13:45:04,2025-11-04T13:44:55.946000,30.25,385.0,0.9814234762409257,19.0,4.0,26.285330362153235,16.55682351251732,4.469393134512563,1.6,-1523.2905590325731,True,ok
2025-11-04 14:00:04,2025-11-04T13:58:31.404000,28.74,384.0,1.268609329051445,36.614110553738506,9.871370184579503,27.702783964048052,30.66885328524926,9.696010566432223,1.6,-1507.0560745344044,True,ok
2025-11-04 14:15:04,2025-11-04T14:13:37.455000,28.26,383.0,1.6081091692335592,83.85593347669779,24.542373390679113,29.378441962516238,67.87122761100595,15.23224685910072,1.6,-1541.1582025208245,True,ok
2025-11-04 14:30:04,2025-11-04T14:28:43.526000,29.74,380.0,1.328941189339471,44.01284273847821,12.103852821543462,28.000561907624892,36.456088037898105,10.833740308234468,1.6,-1429.038355482377,True,ok
2025-11-04 14:45:04,2025-11-04T14:43:49.619000,29.12,377.0,1.4684343320838296,61.16191142356378,16.848573427069134,28.689053543572836,49.611697231067765,13.275041588014407,1.6,-1429.848876771271,True,ok
2025-11-04 15:00:04,2025-11-04T14:58:55.643000,29.38,374.0,1.511046737093433,67.58066579164041,18.774199737492125,28.899374164784337,54.62569502323855,13.935223007278307,1.6,-1509.1044055721225,True,ok
2025-11-04 15:15:04,2025-11-04T15:14:01.646000,29.74,372.0,1.3966915442642927,51.721209257395095,14.180302314348774,28.334955066891002,42.33561915828245,12.063698203866243,1.6,-1477.202992806207,True,ok
2025-11-04 15:30:04,2025-11-04T15:29:07.743000,29.47,370.0,1.2812379688429896,37.87161467254213,10.26148440176264,27.76511471879929,31.658879389914354,9.936178880204128,1.6,-1446.8865461498044,True,ok
2025-11-04 15:45:04,2025-11-04T15:44:13.787000,29.0,370.0,1.4474686577978522,57.990531777457576,15.897159533237271,28.5855739666996,47.13438003962076,12.932916991261273,1.6,-1503.2482343914705,True,ok
2025-11-04 16:00:04,2025-11-04T15:59:19.875000,29.25,370.0,1.1983805739609783,31.573500149295896,8.191166716431965,27.356158248033935,26.630429438457924,8.354958989030152,1.6,-1409.7532487605151,True,ok
2025-11-04 16:15:04,2025-11-04T16:14:25.909000,28.5,370.0,1.2569360850884161,35.77627319071186,9.59209106357062,27.645168724511485,29.997596807343836,9.473440700057086,1.6,-1526.008511663998,True,ok
2025-11-04 16:30:04,2025-11-04T16:29:31.954000,28.25,370.0,1.3071040459963743,41.201567604792295,11.260470281437689,27.892781050093628,34.260065802869114,10.425161083784882,1.6,-1551.8367066539015,True,ok
2025-11-04 16:45:04,2025-11-04T16:44:37.993000,28.19,372.0,1.0098575517820758,19.0,4.0,26.425671477141737,16.55682351251732,4.935838601415654,1.6,-1375.4176488615783,True,ok
2025-11-04 17:00:04,2025-11-04T16:59:44.082000,27.5,375.0,1.3282625156436705,43.92547148964251,12.077641446892752,27.997212200579057,36.387838152696055,10.821113127913373,1.6,-1401.8612138303279,True,ok
2025-11-04 17:15:04,2025-11-04T17:05:46.484000,27.53,376.0,1.3553002264864522,47.33444874523992,13.08361218630998,28.13066132506075,39.04070603498118,11.320007296425237,1.6,-1513.5319557798982,True,ok
2025-11-04 17:30:04,2025-11-04T17:29:56.152000,28.05,375.0,1.4981251682781132,65.64633702154381,18.193901106463148,28.835597610054496,53.11469777573008,13.740310362403907,1.6,-1671.3257815559475,True,ok
2025-11-04 17:45:04,2025-11-04T17:43:31.590000,29.0,374.0,1.285188801198531,38.380237828235565,10.414071348470669,27.784614709826144,32.056189402644755,10.011148631597067,1.6,-1440.847540884932,True,ok
2025-11-04 18:00:04,2025-11-04T17:58:37.621000,28.38,371.0,1.4082404666479937,52.94519436805731,14.486298592014327,28.3919566965694,43.254959202643555,12.265989419782471,1.6,-1359.0745350365291,True,ok
2025-11-04 18:15:04,2025-11-04T18:13:43.659000,28.62,370.0,1.5217079224778882,69.17662042433449,19.252986127300343,28.951994220667224,55.872371955531044,14.0923867382791,1.6,-1512.4285244565215,True,ok
2025-11-04 18:30:04,2025-11-04T18:28:49.774000,29.25,367.0,1.336961374838887,45.045347206109724,12.413604161832918,28.040146868766808,37.262626943150245,10.982577616557103,1.6,-1501.0962184010025,True,ok
2025-11-04 18:45:04,2025-11-04T18:42:25.219000,28.74,367.0,1.4271759288790684,54.9520243617415,14.988006090435375,28.485415823752415,44.762297126403624,12.592011593348827,1.6,-1641.0043063536864,True,ok
2025-11-04 19:00:04,2025-11-04T18:57:31.199000,28.97,364.0,1.4595736300153073,59.82159439836238,16.446478319508714,28.64532007293203,48.56471113068168,13.131756851157167,1.6,-1424.525385398235,True,ok
2025-11-04 19:15:04,2025-11-04T19:14:07.895000,29.25,361.0,1.3968128752552296,51.73406823431386,14.183517058578465,28.335553916202144,42.34527758656557,12.065836283399376,1.6,-1524.8734278359832,True,ok
2025-11-04 19:30:04,2025-11-04T19:29:13.986000,29.22,360.0,1.0752221729696374,22.96828769952316,5.322762566507721,26.74828945024896,19.736126491886374,6.0669738928256916,1.6,-1423.0807818474498,True,ok
2025-11-04 19:45:04,2025-11-04T19:42:49.380000,28.25,361.0,1.5582557184255008,74.64774039401414,20.89432211820424,29.132381953907835,60.14612693595339,14.60468779572544,1.6,-1504.2321827912197,True,ok
2025-11-04 20:00:04,2025-11-04T19:59:26.040000,29.12,361.0,0.9315343589955526,19.0,4.0,26.039094315903895,16.55682351251732,3.69422966337234,1.6,-1565.424929075577,True,ok
2025-11-04 20:15:04,2025-11-04T20:14:32.097000,28.05,363.0,1.1919387203769327,31.111141473596636,8.037047157865544,27.324363406901533,26.259998051801045,8.232285629063815,1.6,-1497.2082288327883,True,ok
2025-11-04 20:30:04,2025-11-04T20:29:38.152000,27.62,365.0,1.2586211879104254,35.89722004227194,9.632406680757313,27.653485830111375,30.094496708416145,9.505596829251186,1.6,-1468.9168472783479,True,ok
2025-11-04 20:45:04,2025-11-04T20:43:13.642000,27.74,368.0,1.3729388020805464,49.20383128875153,13.550957822187883,28.217719452275112,40.44480663678509,11.640232059224882,1.6,-1582.7775131205244,True,ok
2025-11-04 21:00:04,2025-11-04T20:58:19.697000,28.05,367.0,1.6103109443117014,84.27051767036326,24.708207068145306,29.389309190078226,68.21999093287705,15.257953832198211,1.6,-1475.82365262537,True,ok
2025-11-04 21:15:04,2025-11-04T21:14:56.369000,29.47,363.0,1.123533739887191,26.281480317775863,6.427160105925288,26.98673923414431,22.39058200520516,6.9460666254075125,1.6,-1480.9602078567955,True,ok
2025-11-04 21:30:04,2025-11-04T21:28:31.714000,28.22,364.0,1.126993442137434,26.51874564962525,6.5062485498750835,27.003815170748073,22.580673660238237,7.010132882689009,1.6,-1340.5376942502153,True,ok
2025-11-04 21:45:04,2025-11-04T21:43:37.764000,27.65,367.0,1.4880734762463608,64.13263305237656,17.73978991571297,28.78598581011341,51.932270793144205,13.585444054249695,1.6,-1650.5600341173354,True,ok
2025-11-04 22:00:04,2025-11-04T21:58:43.869000,28.62,364.0,1.3146361084000766,42.17123197014496,11.551369591043487,27.929956798409016,35.01751728149327,10.56659356722579,1.6,-1470.1072912048353,True,ok
2025-11-04 22:15:04,2025-11-04T22:13:49.908000,28.25,364.0,1.3981521495824452,51.87600804316716,14.21900201079179,28.342164127674813,42.451889136845956,12.089419035597583,1.6,-1387.7765079443968,True,ok
2025-11-04 22:30:04,2025-11-04T22:28:55.944000,28.5,363.0,1.4117536840332348,53.317534368897846,14.579383592224461,28.40929676603388,43.53462524588893,12.327023043099077,1.6,-1413.898592044736,True,ok
2025-11-04 22:45:04,2025-11-04T22:44:02.033000,28.74,361.0,1.2549306574100834,35.632335289381565,9.544111763127187,27.63527060223919,29.882276993561547,9.435162011796004,1.6,-1718.1867134892934,True,ok
2025-11-04 23:00:04,2025-11-04T22:59:08.102000,28.05,360.0,1.3654222284089568,48.40720507969453,13.351801269923632,28.180620151176416,39.84645754904378,11.504327716399777,1.6,-1449.1262712010694,True,ok
2025-11-04 23:15:04,2025-11-04T23:14:14.068000,28.38,360.0,1.4435888418822138,57.403650141424336,15.7210950424273,28.566424489138324,46.67593856350334,12.868455065901454,1.6,-1517.697597786638,True,ok
2025-11-04 23:30:04,2025-11-04T23:29:20.159000,28.5,361.0,1.2374506566360142,34.37772279257826,9.125907597526087,27.548995147456683,28.877109639007166,9.101187274726083,1.6,-1424.837589126564,True,ok
2025-11-04 23:45:04,2025-11-04T23:44:26.216000,28.05,360.0,1.4334523219478033,55.870346105319925,15.261103831595976,28.516394006957196,45.47820102582937,12.698426303542732,1.6,-1355.2123864087425,True,ok
2025-11-05 00:00:04,2025-11-04T23:59:32.294000,28.47,359.0,1.0185800473209665,19.083787888089148,4.027929296029716,26.468722806439875,16.623952486625942,5.082244051907149,1.6,-1287.456220832749,True,ok
2025-11-05 00:15:04,2025-11-05T00:14:38.341000,27.37,361.0,0.9547092685316185,19.0,4.0,26.153477941260107,16.55682351251732,4.047165210488106,1.6,-1437.9660406535427,True,ok
2025-11-05 00:30:04,2025-11-05T00:29:44.400000,26.72,365.0,1.1856104154551697,30.65693265856021,7.885644219520069,27.293129004101196,25.896096150465986,8.111948854976069,1.6,-1428.454338803932,True,ok
2025-11-05 00:45:04,2025-11-05T00:44:50.442000,26.97,366.0,1.22758223848132,33.66942529874024,8.889808432913412,27.500287926256604,28.309637594903748,8.912528071784457,1.6,-1452.778848848678,True,ok
2025-11-05 09:00:04,2025-11-05T08:59:59.160000,21.22,630.0,1.3894145575575154,50.9499751037954,13.98749377594885,28.2990382871558,41.75634214354856,11.934983234473657,1.6,-1406.2683833442948,True,"red_error:RPC错误: HTTPConnectionPool(host='192.168.0.46', port=80): Max retries exceeded with url: /rpc/Light.Set (Caused by ConnectTimeoutError(<urllib3.connection.HTTPConnection object at 0x7ffeadf14710>, 'Connection to 192.168.0.46 timed out. (connect timeout=5)'))"
2025-11-05 09:15:04,2025-11-05T09:12:02.799000,22.5,591.0,1.0612956047000073,22.013207868076712,5.004402622692238,26.679552553348802,18.97093798148229,5.819766788778633,1.6,-1416.266937956428,True,ok
2025-11-05 09:30:04,2025-11-05T09:28:39.474000,22.99,572.0,1.55369706100671,73.96531999102663,20.68959599730799,29.109881941059594,59.613055533357105,14.543106034882545,1.6,-1454.574586895192,True,ok
2025-11-05 09:45:04,2025-11-05T09:43:45.479000,24.87,549.0,1.378709186958002,49.81539182558254,13.703847956395634,28.246200147785782,40.90415216816621,11.74396981852366,1.6,-1424.4876339553066,True,ok
2025-11-05 10:00:04,2025-11-05T09:58:51.586000,25.06,535.0,1.6862798859211785,95.0,28.0,29.764266552575943,76.64513905509547,16.03395679357414,1.6,-1516.876507345332,True,ok
2025-11-05 10:15:04,2025-11-05T10:13:57.637000,26.94,517.0,1.431706618318231,55.60628166916382,15.181884500749147,28.507777795979663,45.271927592706206,12.668913915281674,1.6,-1484.4885085940155,True,ok
2025-11-05 10:30:04,2025-11-05T10:29:03.589000,26.55,500.0,1.4534360150679373,58.893186046013554,16.167955813804067,28.615026852256104,47.83948670831377,13.031376074860948,1.6,-1449.7441103827662,True,ok
2025-11-05 10:45:04,2025-11-05T10:44:09.730000,26.74,487.0,0.9424849896411241,19.0,4.0,26.09314297707463,16.55682351251732,3.8594118098976384,1.6,-1380.5595187448719,True,ok
2025-11-05 11:00:04,2025-11-05T10:59:15.700000,25.55,479.0,0.9614818532054962,19.0,4.0,26.18690516076336,16.55682351251732,4.152681690869873,1.6,-1529.398634699558,True,ok
2025-11-05 11:15:04,2025-11-05T11:14:21.780000,25.0,473.0,1.0951411395985735,24.33432439443802,5.778108131479341,26.846602827171594,20.830564411443504,6.42564747161261,1.6,-1453.449586874544,True,ok
2025-11-05 11:30:04,2025-11-05T11:29:27.884000,25.0,472.0,1.5230233924047958,69.37354320996383,19.312062962989145,28.958486941558007,56.02619781577649,14.111544608023902,1.6,-1502.936305345576,True,ok
2025-11-05 11:45:04,2025-11-05T11:44:33.925000,26.37,459.0,1.3570395779482483,47.51878977903641,13.129697444759103,28.13924618385639,39.17916531255879,11.351783294368667,1.6,-1405.0634446510232,True,ok
2025-11-05 12:00:04,2025-11-05T11:59:40.004000,26.48,451.0,1.343792929081839,45.924829392304574,12.67744881769137,28.073865142398486,37.94963278368622,11.108769410704266,1.6,-1533.6882660187425,True,ok
2025-11-05 12:15:04,2025-11-05T12:14:46.034000,26.68,442.0,1.3749206512617773,49.41387286742108,13.60346821685527,28.22750119894841,40.602569694987054,11.675920479114147,1.6,-1395.5854104705204,True,ok
2025-11-05 12:30:04,2025-11-05T12:29:52.076000,26.74,439.0,1.5258332074089176,69.79416597480008,19.438249792440025,28.972355251432163,56.35476649020883,14.152290632923034,1.6,-1462.2475894968816,True,ok
2025-11-05 12:45:04,2025-11-05T12:44:58.115000,27.74,428.0,1.2366284650758943,34.31871067813815,9.106236892712717,27.544937084091327,28.82983045829634,9.085469660450453,1.6,-1564.3106071657512,True,ok
2025-11-05 13:00:04,2025-11-05T12:58:33.556000,27.0,425.0,1.4460284197915414,57.77267369970343,15.83180210991103,28.57846543217517,46.96420061566608,12.909028522602627,1.6,-1592.0589106061334,True,ok
2025-11-05 13:15:04,2025-11-05T13:13:39.573000,27.5,417.0,1.3145326046440904,42.15790708003111,11.547372124009332,27.929445938384763,35.00710856887076,10.564653437279068,1.6,-1445.42275365106,True,ok
2025-11-05 13:30:04,2025-11-05T13:28:45.648000,27.25,413.0,1.308744526563079,41.41276016565122,11.323828049695367,27.900877915121477,34.42503847095188,10.456006733392892,1.6,-1423.4851743526467,True,ok
2025-11-05 13:45:04,2025-11-05T13:43:51.730000,27.12,409.0,1.185094278371081,30.619887349230364,7.873295783076788,27.29058152356985,25.866416280647535,8.102142609222414,1.6,-1428.9092383650302,True,ok
2025-11-05 14:00:04,2025-11-05T13:59:59.777000,26.74,406.0,1.339937681816071,45.42851169167044,12.528553507501131,28.05483692750009,37.5619351538203,11.037624392901169,1.6,-1673.4492407262435,True,ok
2025-11-05 14:15:04,2025-11-05T14:14:57.091000,27.01,403.0,1.2616747352122346,36.116385856618635,9.705461952206212,27.668557121329755,30.27008743653095,9.563845210844528,1.6,-1378.1023337434124,True,ok
2025-11-05 14:30:04,2025-11-05T14:29:54.406000,26.94,400.0,1.5228737681350286,69.35114480510666,19.305343441531996,28.95774844605749,56.00870134433328,14.10936817539233,1.6,-1484.1315224267996,True,ok
2025-11-05 14:45:04,2025-11-05T14:44:57.212000,27.98,396.0,1.3978626599194317,51.845327168757684,14.211331792189421,28.340735303234005,42.428844611062964,12.084324293890903,1.6,-1478.8731697279536,True,ok
2025-11-05 15:00:04,2025-11-05T14:59:54.454000,27.99,392.0,1.2159597815798968,32.83523313476079,8.611744378253597,27.442923354720207,27.64130156860584,8.690409023807064,1.6,-1363.1327769052066,True,ok
2025-11-05 15:15:04,2025-11-05T15:14:57.354000,27.5,389.0,1.229591420967835,33.81363269830051,8.937877566100168,27.510204581009976,28.42517332461511,8.95093783837111,1.6,-1419.628311242557,True,ok
2025-11-05 15:30:04,2025-11-05T15:29:54.623000,27.25,386.0,1.1533517722741902,28.341595411847152,7.113865137282384,27.133911098617226,24.04109994955961,7.502175648713731,1.6,-1325.2610008723268,True,ok
2025-11-05 15:45:04,2025-11-05T15:44:57.505000,27.0,386.0,1.7476375356226483,95.0,28.0,30.06710745062858,76.64513905509547,16.495634944357377,1.6,-1458.582140147673,True,ok
2025-11-05 16:00:04,2025-11-05T15:59:54.752000,29.13,382.0,1.4421420329087635,57.18479810415535,15.655439431246604,28.55928352251131,46.50498270996012,12.844328153349133,1.6,-1548.2272614523251,True,ok
2025-11-05 16:15:04,2025-11-05T16:14:57.664000,28.74,376.0,1.349374636255303,46.643408481782245,12.893022544534674,28.10141458768042,38.51094947560705,11.21144708089513,1.6,-1522.2618713008605,True,ok
2025-11-05 16:30:04,2025-11-05T16:29:54.965000,28.5,372.0,1.1128988533766027,25.552143023811304,6.184047674603768,26.934248980732967,21.80625334578233,6.749978024344456,1.6,-1456.413595081703,True,ok
2025-11-05 16:45:04,2025-11-05T16:44:57.825000,27.53,368.0,1.1494423314756022,28.060998554626337,7.020332851542112,27.11461540251269,23.816292049600413,7.428792240623034,1.6,-1448.519927499544,True,ok
2025-11-05 17:00:04,2025-11-05T16:59:55.008000,27.37,369.0,1.124810748053951,26.36905715085144,6.456352383617147,26.993042120612806,22.46074659693936,6.9696988411838685,1.6,-1421.9083037279472,True,ok
2025-11-05 17:15:04,2025-11-05T17:14:57.877000,27.06,368.0,1.122599981964146,26.21744348239134,6.405814494130446,26.982130516415474,22.33927713092605,6.928797994795675,1.6,-1373.6136571502013,True,ok
2025-11-05 17:30:04,2025-11-05T17:29:55.173000,27.0,370.0,1.3367059234383432,45.012460845520735,12.403738253656222,28.038886045838844,37.2369378249927,10.97784820797687,1.6,-1415.5468594988986,True,ok
2025-11-05 17:45:04,2025-11-05T17:44:58.015000,27.5,369.0,1.0582743282841058,21.806009647080312,4.935336549026771,26.664640540461924,18.804935420374388,5.766549409566741,1.6,-1415.2232230497484,True,ok
2025-11-05 18:00:04,2025-11-05T17:59:55.353000,26.87,370.0,1.1900614475234332,30.976401778081062,7.99213392602702,27.315097814108952,26.152047633931037,8.1965688570838,1.6,-1559.5516304517228,True,ok
2025-11-05 18:15:04,2025-11-05T18:14:58.240000,27.0,370.0,1.471592699231154,61.63966287335402,16.991898862006206,28.70464219059451,49.984891869324734,13.325637815147203,1.6,-1457.6806476220504,True,ok
2025-11-05 18:30:04,2025-11-05T18:29:55.420000,27.94,369.0,1.1545039478872896,28.42429185685252,7.14143061895084,27.13959785322864,24.107354483982707,7.523827191820432,1.6,-1383.933322917113,True,ok
2025-11-05 18:45:04,2025-11-05T18:44:58.353000,27.5,367.0,1.5735233028262994,77.34357275510484,21.937429102041936,29.20773765924414,62.39279260747957,14.805929458948842,1.6,-1668.204366465797,True,ok
2025-11-05 19:00:04,2025-11-05T18:59:55.569000,28.88,362.0,1.2815219326562333,37.908171670611715,10.272451501183513,27.766516269488335,31.687435819573185,9.9415701799277,1.6,-1640.8636191223104,True,ok
2025-11-05 19:15:04,2025-11-05T19:14:58.433000,28.25,360.0,1.2496091173848491,35.25038618627843,9.416795395426144,27.60900525524324,29.57626795051534,9.333541038486691,1.6,-1342.6111161560805,True,ok
2025-11-05 19:30:04,2025-11-05T19:29:55.637000,27.87,360.0,1.0422395784058094,20.706351359801758,4.568783786600585,26.585498362154592,17.923913898307653,5.486702224417079,1.6,-1378.1461605522077,True,ok
2025-11-05 19:45:04,2025-11-05T19:44:58.562000,27.12,360.0,1.1087029341646408,25.264388155839807,6.088129385279936,26.913539322711692,21.575710608374543,6.672981480461489,1.6,-1402.372740641243,True,ok
2025-11-05 20:00:04,2025-11-05T19:59:55.786000,27.0,363.0,1.4342575021882595,55.99214196035417,15.29764258810625,28.520368108121442,45.57334162682736,12.712015989639351,1.6,-1620.7971445542453,True,ok
2025-11-05 20:15:04,2025-11-05T20:14:58.679000,27.98,363.0,1.0853861296950043,23.6653287715338,5.555109590511267,26.798455351280932,20.29458014363454,6.249275821971645,1.6,-1368.7394279674893,True,ok
2025-11-05 20:30:04,2025-11-05T20:29:55.936000,27.23,364.0,1.226185748045461,33.56919336081641,8.856397786938803,27.493395315151467,28.2293340173916,8.885832395376609,1.6,-1440.5088092554863,True,ok
2025-11-05 20:45:04,2025-11-05T20:44:58.833000,27.37,364.0,1.5818842041791217,78.91789230304029,22.567156921216117,29.249004280220294,63.717167544136295,14.912803973939083,1.6,-1593.835379971773,True,ok
2025-11-05 21:00:04,2025-11-05T20:59:56.111000,28.75,362.0,1.2497930557522468,35.26358820939968,9.421196069799892,27.60991311368697,29.58684511493014,9.337054541752254,1.6,-1404.1239850709399,True,ok
2025-11-05 21:15:04,2025-11-05T21:14:58.973000,27.99,360.0,1.4241381093680676,54.63006827555361,14.907517068888403,28.470422159664736,44.52047464018224,12.540203524560022,1.6,-1486.2288146101039,True,ok
2025-11-05 21:30:04,2025-11-05T21:29:56.209000,28.38,359.0,1.1764840595550756,30.00189606499677,7.667298688332257,27.248084354735067,25.371295543452984,7.938762901486098,1.6,-1378.0169459379642,True,ok
2025-11-05 21:45:04,2025-11-05T21:44:59.070000,27.73,360.0,0.9776120279894982,19.0,4.0,26.26651832458401,16.55682351251732,4.40817729035978,1.6,-1321.926881417954,True,ok
2025-11-05 22:00:04,2025-11-05T21:59:56.333000,27.03,362.0,1.2250611366654183,33.48847531568097,8.82949177189366,27.487844608402604,28.164664532510557,8.86433497007484,1.6,-1478.9176133829824,True,ok
2025-11-05 22:15:04,2025-11-05T22:14:59.229000,27.11,364.0,1.411420540884325,53.28222698346074,14.570556745865185,28.40765248254377,43.50810572942483,12.321245851395547,1.6,-1399.6944281172098,True,ok
2025-11-05 22:30:04,2025-11-05T22:29:56.456000,27.99,365.0,1.0425219761265674,20.725718109909938,4.575239369969979,26.58689218313337,17.939430103528114,5.491591995624637,1.6,-1505.2658565232587,True,ok
2025-11-05 22:45:04,2025-11-05T22:44:59.272000,27.12,363.0,0.7570464484618806,19.0,4.0,25.177880175817968,16.55682351251732,1.479098867288947,1.6,-1526.214391530107,True,ok
2025-11-05 23:00:04,2025-11-05T22:59:56.593000,26.49,367.0,1.685026848679624,95.0,28.0,29.758081978600703,76.64513905509547,16.022959796296803,1.6,-1453.2417063409214,True,ok
2025-11-05 23:15:04,2025-11-05T23:14:59.453000,29.01,366.0,1.0846424676904456,23.614328656629983,5.538109552209995,26.794784883614653,20.253719997007227,6.2358857413949025,1.6,-1303.5704698972452,True,ok
2025-11-05 23:30:04,2025-11-05T23:29:56.648000,27.74,366.0,0.8043017105243959,19.0,4.0,25.411116391193765,16.55682351251732,1.9987157723910096,1.6,-1441.3897274764038,True,ok
2025-11-05 23:45:04,2025-11-05T23:44:59.504000,26.94,369.0,1.2502618615811907,35.29723635731279,9.432412119104264,27.61222698292643,29.613803255319823,9.346009154511284,1.6,-1337.2127547164498,True,ok
2025-11-06 00:00:04,2025-11-05T23:59:56.793000,27.06,371.0,1.5552139281044703,74.19239146427778,20.757717439283333,29.11736869122599,59.790431983717724,14.563672290084979,1.6,-1540.955236781972,True,ok
2025-11-06 00:15:04,2025-11-06T00:14:59.590000,28.5,370.0,1.1809026938123903,30.31903985862028,7.77301328620676,27.269893259951644,25.62538402803458,8.022556270179193,1.6,-1484.6276059028787,True,ok
2025-11-06 00:30:04,2025-11-06T00:29:56.883000,27.73,369.0,1.4732271421992826,61.88689742880598,17.066069228641794,28.712709256049138,50.17801867307808,13.351721033208271,1.6,-1461.6462465501843,True,ok
2025-11-06 00:45:04,2025-11-06T00:44:59.698000,28.55,369.0,1.372901459020416,49.199873573211704,13.549968393302926,28.21753513938306,40.44183398103278,11.639559009356407,1.6,-1364.9778945291273,True,ok
2025-11-06 09:00:04,2025-11-06T08:03:18.497000,22.01,522.0,1.4005963743167662,52.1350533967097,14.283763349177425,28.354228005890256,42.64645912363974,12.132373767819157,1.6,-1650.8953490373735,True,ok
2025-11-06 09:15:04,2025-11-06T09:14:59.613000,23.55,515.0,1.5687867772996986,76.45170662594572,21.58068265037829,29.18435974872925,61.64252234001046,14.744330879202947,1.6,-1708.208922945515,True,ok
2025-11-06 09:30:04,2025-11-06T09:29:56.876000,25.49,502.0,0.8435854745250627,19.0,4.0,25.60500795038373,16.55682351251732,2.47674931716689,1.6,-1336.1370948225021,True,ok
2025-11-06 09:45:04,2025-11-06T09:44:59.662000,24.5,490.0,1.4269300309718758,54.92596345604423,14.981490864011057,28.48420215368184,44.74272267734284,12.58782522777138,1.6,-1523.3102199346374,True,ok
2025-11-06 10:00:04,2025-11-06T09:59:56.979000,25.38,485.0,1.64617241180271,91.12349441767255,26.837048325301765,29.566309434926296,73.61701407686053,15.651579234283087,1.6,-1412.9973148472513,True,ok
2025-11-06 10:15:04,2025-11-06T10:14:59.837000,27.06,468.0,1.0037411242706902,19.0,4.0,26.395482830584477,16.55682351251732,4.83408354804176,1.6,-1644.9899332771993,True,ok
2025-11-06 10:30:04,2025-11-06T10:29:57.122000,25.49,461.0,1.4107064865639452,53.206549632162364,14.551637408040591,28.404128148533353,43.451264172371786,12.308855754817795,1.6,-1541.3246137918243,True,ok
2025-11-06 10:45:04,2025-11-06T10:44:59.967000,26.14,453.0,1.530602688445256,70.50814618253472,19.652443854760413,28.99589581935348,56.912490774384516,14.220905039694292,1.6,-1510.797081415602,True,ok
2025-11-06 11:00:04,2025-11-06T10:59:57.274000,27.06,442.0,1.2097191257732847,32.38731526196306,8.462438420654355,27.412121558723996,27.28243982890144,8.571230785851034,1.6,-1512.2408419354501,True,ok
2025-11-06 11:15:04,2025-11-06T11:14:54.501000,26.37,437.0,1.3732545754766354,49.23729778218832,13.55932444554708,28.219278004457568,40.46994345200675,11.645922509001078,1.6,-1579.1614894554539,True,ok
2025-11-06 11:30:04,2025-11-06T11:29:57.430000,26.73,427.0,1.4949549561150344,65.17176364102032,18.051529092306097,28.819950499985005,52.74398568024903,13.69176826602017,1.6,-1409.4548601163435,True,ok
2025-11-06 11:45:04,2025-11-06T11:44:54.681000,27.44,418.0,1.1443713296548073,27.710515909150146,6.90350530305005,27.08958662854713,23.535493225686135,7.333802356801184,1.6,-1427.7198676742944,True,ok
2025-11-06 12:00:04,2025-11-06T11:59:57.521000,26.3,416.0,1.4526878494618134,58.78001452847429,16.134004358542285,28.61133415631431,47.75108299218145,13.019077842379554,1.6,-1497.8166552923547,True,ok
2025-11-06 12:15:04,2025-11-06T12:14:54.719000,27.22,407.0,1.5629248977287244,75.34794146872221,21.139176587488887,29.155427465922013,60.713994893280365,14.667055626828958,1.6,-1347.515634239343,True,ok
2025-11-06 12:30:04,2025-11-06T12:29:57.615000,28.12,403.0,1.4491880840629612,58.25062135939838,15.975186407819514,28.594060481368828,47.337548522917714,12.96137288018281,1.6,-1657.2074003017644,True,ok
2025-11-06 12:45:04,2025-11-06T12:44:54.860000,27.97,398.0,1.3821476636087884,50.17981060718782,13.794952651796955,28.263171321908708,41.17786855240046,11.805530391650553,1.6,-1462.5841270851467,True,ok
2025-11-06 13:00:04,2025-11-06T12:59:57.797000,27.75,393.0,1.3541583763109903,47.21343246623671,13.053358116559178,28.1250255333663,38.94981023049951,11.29912449836556,1.6,-1470.3228709867424,True,ok
2025-11-06 13:15:04,2025-11-06T13:14:55.003000,27.62,386.0,1.3051690925352022,40.9524651253715,11.185739537611452,27.88323076505627,34.06547987385274,10.388749883656505,1.6,-1429.7931518366086,True,ok
2025-11-06 13:30:04,2025-11-06T13:29:57.881000,27.5,384.0,1.1981453969398825,31.556620514481153,8.185540171493718,27.354997492682052,26.61690585415137,8.350477642571615,1.6,-1505.9735803716942,True,ok
2025-11-06 13:45:04,2025-11-06T13:44:55.134000,27.0,381.0,1.169190986662239,29.478441832373175,7.492813944124392,27.21208817894972,24.951915768759854,7.800716377706136,1.6,-1414.8120586441553,True,ok
2025-11-06 14:00:04,2025-11-06T13:59:57.960000,26.74,380.0,1.0760440670296096,23.024652945078806,5.341550981692935,26.7523460452528,19.78128506069414,6.081657938312622,1.6,-1658.6326806641232,True,ok
2025-11-06 14:15:04,2025-11-06T14:14:55.220000,26.37,379.0,1.2710013439499424,36.78579543081507,9.928598476938358,27.71459015192423,30.80640335281813,9.741556979509259,1.6,-1419.9101336578558,True,ok
2025-11-06 14:30:04,2025-11-06T14:29:58.103000,26.63,380.0,1.233338990433527,34.082611375422225,9.027537125140743,27.528701334194405,28.640672999616644,9.022583138909647,1.6,-1358.125621170511,True,ok
2025-11-06 14:45:04,2025-11-06T14:44:55.323000,26.87,377.0,1.5654314252427568,75.81990915453245,21.32796366181298,29.167798849882065,61.111031298512486,14.700238562673107,1.6,-1515.7042769820337,True,ok
2025-11-06 15:00:04,2025-11-06T14:59:58.186000,28.25,374.0,1.2574010193285428,35.80964345856219,9.603214486187397,27.647463484879594,30.02433231646825,9.482313637369035,1.6,-1499.1777914219015,True,ok
2025-11-06 15:15:04,2025-11-06T15:14:55.520000,27.55,370.0,1.1862402388523918,30.702137708328067,7.90071256944269,27.29623760236331,25.932313421060243,8.123916855361495,1.6,-1550.2453329947189,True,ok
2025-11-06 15:30:04,2025-11-06T15:29:58.351000,27.19,369.0,1.5073985544484079,67.03454134269018,18.610362402807052,28.881367951804297,54.19909094645605,13.880677442459632,1.6,-1577.5783263187186,True,ok
2025-11-06 15:45:04,2025-11-06T15:44:55.578000,28.44,367.0,1.4835760589518285,63.45232973976309,17.535698921928926,28.76378805809683,51.40085315167547,13.515259652450869,1.6,-1568.2337888994643,True,ok
2025-11-06 16:00:04,2025-11-06T15:59:58.405000,28.73,364.0,1.2800245761005904,37.71540464128912,10.214621392386736,27.759125816851668,31.53685622047935,9.913136693420475,1.6,-1416.4631343002068,True,ok
2025-11-06 16:15:04,2025-11-06T16:14:55.644000,27.99,361.0,1.6295519703219827,87.94176029229784,25.88252808768935,29.484276478179353,71.13160850358517,15.475083136411929,1.6,-1478.3557818998886,True,ok
2025-11-06 16:30:04,2025-11-06T16:29:58.495000,29.48,359.0,1.0660399478952853,22.33857348662264,5.112857828874214,26.702969049269335,19.231613607534207,5.903635922781274,1.6,-1438.0388929076094,True,ok
2025-11-06 16:45:04,2025-11-06T16:44:55.723000,27.99,354.0,1.3087549842255517,41.414106466584634,11.324231939975391,27.900929530656136,34.42609013137081,10.456203294261186,1.6,-1411.192476702747,True,ok
2025-11-06 17:00:04,2025-11-06T16:59:58.621000,27.94,354.0,1.331009783832561,44.2791499275063,12.183744978251891,28.010771800230657,36.66411339317061,10.872197276506224,1.6,-1501.885867128397,True,ok
2025-11-06 17:15:04,2025-11-06T17:14:55.888000,27.99,355.0,1.5913026401678427,80.69134079409528,23.276536317638115,29.29549053950423,65.2090569995426,15.030312378816067,1.6,-1713.0623282218828,True,ok
2025-11-06 17:30:04,2025-11-06T17:29:58.676000,29.3,354.0,1.3329990093040254,44.53523928934998,12.260571786804993,28.020589953812788,36.8641571121309,10.909134501156547,1.6,-1432.1540027245012,True,ok
2025-11-06 17:45:04,2025-11-06T17:44:55.977000,28.74,352.0,1.5005647419117132,66.01153551513903,18.30346065454171,28.847638531987773,53.399971885874784,13.777473428101427,1.6,-1440.8956551622703,True,ok
2025-11-06 18:00:04,2025-11-06T17:59:58.847000,29.25,350.0,1.345693777197631,46.16954121000344,12.75086236300103,28.083247094824124,38.140788955631756,11.143780502620638,1.6,-1513.3938135386575,True,ok
2025-11-06 18:15:04,2025-11-06T18:14:56.027000,29.0,349.0,1.5063143511958237,66.87223863981562,18.561671591944684,28.87601668609771,54.072308498147436,13.864392943299022,1.6,-1581.1607699194192,True,ok
2025-11-06 18:30:04,2025-11-06T18:29:58.892000,29.49,346.0,1.3136136506725062,42.03960257432143,11.511880772296427,27.924910288023682,34.91469522877127,10.547423801388053,1.6,-1487.3893208210595,True,ok
2025-11-06 18:45:04,2025-11-06T18:44:50.491000,28.94,344.0,1.1621524301798827,28.973255303129996,7.324418434376665,27.17734821129317,24.54717166773287,7.667822525267139,1.6,-1615.0999342286816,True,ok
2025-11-06 19:00:04,2025-11-06T18:59:58.973000,28.25,345.0,1.8793619455209318,95.0,28.0,30.717255211879834,76.64513905509547,16.970107084102885,1.6,-1663.0044633244597,True,ok
2025-11-06 19:15:04,2025-11-06T19:14:56.215000,29.99,343.0,1.4615776664849034,60.12473563689542,16.537420691068625,28.655211328661927,48.80150933381593,13.164334287796784,1.6,-1439.5049813160274,True,ok
2025-11-06 19:30:04,2025-11-06T19:29:59.097000,29.74,342.0,1.6529851259605703,92.42768631580134,27.2283058947404,29.59993472018055,74.63578110279741,15.720907632705256,1.6,-1367.316105483282,True,ok
2025-11-06 19:45:04,2025-11-06T19:44:56.326000,30.74,339.0,1.046263178035921,20.982288603071893,4.6607628676906305,26.605357508183094,18.144988620221856,5.556505128023498,1.6,-1476.144398494446,True,ok
2025-11-06 20:00:04,2025-11-06T19:59:59.149000,28.88,340.0,1.3443490642512377,45.996425248417005,12.6989275745251,28.076610040140803,38.00555975080334,11.119017340926852,1.6,-1581.1258730071697,True,ok
2025-11-06 20:15:04,2025-11-06T20:14:56.368000,28.74,339.0,1.0096196297989652,19.0,4.0,26.424497173572707,16.55682351251732,4.931866319858869,1.6,-1364.4457320006131,True,ok
2025-11-06 20:30:04,2025-11-06T20:29:59.186000,27.94,339.0,1.3135539198629729,42.03191293575846,11.509573880727539,27.924615476666197,34.90868848220233,10.546303633075034,1.6,-1358.6970611535673,True,ok
2025-11-06 20:45:04,2025-11-06T20:44:56.408000,28.25,345.0,1.2247365326572184,33.465177133348845,8.821725711116281,27.486242471263502,28.145998552090003,8.858130206374309,1.6,-1556.1987867419427,True,ok
2025-11-06 21:00:04,2025-11-06T20:59:59.255000,27.94,344.0,1.402095750751449,52.29396124718757,14.323490311796892,28.361628427976296,42.76581543691107,12.158669087182027,1.6,-1625.1343934190004,True,ok
2025-11-06 21:15:04,2025-11-06T21:14:56.522000,28.5,346.0,1.2027409215371667,31.886460464927417,8.295486821642472,27.377679469629275,26.881166214430877,8.43808134952552,1.6,-1411.7258383390722,True,ok
2025-11-06 21:30:04,2025-11-06T21:29:59.387000,27.97,347.0,1.3581019414168454,47.63138184818993,13.157845462047483,28.144489655672107,39.263733659794894,11.371170931104839,1.6,-1606.3307582704967,True,ok
2025-11-06 21:45:04,2025-11-06T21:44:56.572000,28.38,400.0,1.2982451347719424,40.06108707373191,10.918326122119574,27.84905641846206,33.36918160060231,10.25821569489546,1.6,-1624.4665337363997,True,ok
2025-11-06 22:00:04,2025-11-06T21:59:59.361000,28.05,348.0,1.4556239418957593,59.224143520325036,16.267243056097513,28.62582572947247,48.0980135112326,13.06726401311915,1.6,-1462.77269545121,True,ok
2025-11-06 22:15:04,2025-11-06T22:14:56.632000,29.0,347.0,1.3434014928924798,45.87443659099899,12.662330977299698,28.071933143899642,37.91026854258921,11.101554100771244,1.6,-1499.4617314181044,True,ok
2025-11-06 22:30:04,2025-11-06T22:29:59.443000,28.88,346.0,1.2486284144715085,35.17999705148195,9.393332350493983,27.604164832697005,29.519873756616406,9.314807056898168,1.6,-1428.0904652435966,True,ok
2025-11-06 22:45:04,2025-11-06T22:44:56.682000,28.27,345.0,1.121638607067833,26.15151268334951,6.383837561116502,26.977385490515996,22.28645485550205,6.911028794599089,1.6,-1419.587992201887,True,ok
2025-11-06 23:00:04,2025-11-06T22:59:59.489000,27.5,347.0,1.3780420903446429,49.744691175340314,13.686172793835079,28.242907581358278,40.851048630905964,11.7320041809977,1.6,-1721.4802309477443,True,ok
2025-11-06 23:15:04,2025-11-06T23:14:56.784000,28.38,347.0,1.072971204023898,22.81391693138667,5.271305643795557,26.737179418161148,19.612448099535236,6.026810858712606,1.6,-1494.4294497756173,True,ok
2025-11-06 23:30:04,2025-11-06T23:29:59.640000,27.53,351.0,1.5497385003016557,73.37273266905362,20.511819800716083,29.090343805476707,59.150157071496906,14.489082994357162,1.6,-1667.5486935309336,True,ok
2025-11-06 23:45:04,2025-11-06T23:44:56.861000,29.0,350.0,1.4201009018516264,54.20219442511095,14.800548606277738,28.45049584964712,44.199096903459534,12.471052542462049,1.6,-1482.0930214375107,True,ok
2025-11-07 00:00:04,2025-11-06T23:59:59.624000,28.94,348.0,1.374424587157935,49.36129869150542,13.590324672876354,28.225052791953843,40.56308102408941,11.66699332057388,1.6,-1456.287555258698,True,ok
2025-11-07 00:15:04,2025-11-07T00:14:56.868000,28.73,346.0,1.4327867578739497,55.7696693358439,15.23090080075317,28.51310900463364,45.399557558432306,12.687182306703328,1.6,-1480.4497187486347,True,ok
2025-11-07 00:30:04,2025-11-07T00:29:59.801000,29.12,344.0,1.244230041951036,34.864307527144675,9.288102509048224,27.58245593265682,29.266950399924877,9.230767121377704,1.6,-1486.6798615397424,True,ok
2025-11-07 00:45:04,2025-11-07T00:44:56.984000,28.5,345.0,1.6919348826442009,95.0,28.0,29.792177730634705,76.64513905509547,16.08281476662745,1.6,-1655.6685295322852,True,ok
2025-11-07 09:00:04,2025-11-07T08:53:53.912000,22.49,657.0,1.3225611031024591,43.19148174326575,11.857444522979725,27.969071929519952,35.814483455387105,10.714844209274249,1.6,-1539.6273242460745,True,red_error:RPC错误: 404 Client Error: Not Found for url: http://192.168.0.46/rpc/Light.Set|blue_error:RPC错误: 404 Client Error: Not Found for url: http://192.168.0.63/rpc/Light.Set
2025-11-07 09:15:05,2025-11-07T09:14:54.430000,25.99,585.0,1.8001103579407594,95.0,28.0,30.326095803531416,76.64513905509547,16.769146739995723,1.6,-1470.4144143607905,True,ok
2025-11-07 09:30:04,2025-11-07T09:29:57.317000,27.72,556.0,1.3294856659093481,44.08293768714989,12.124881306144966,28.003249262407753,36.51084257401652,10.843867091027791,1.6,-1417.1753608575,True,ok
2025-11-07 09:45:04,2025-11-07T09:44:54.581000,27.0,551.0,1.476141149995846,62.3276857806882,17.19830573420646,28.727091826801722,50.52233965755817,13.398053140300215,1.6,-1459.8909417161049,True,ok
2025-11-07 10:00:04,2025-11-07T09:59:57.457000,27.5,535.0,1.2376495736082695,34.391999892587776,9.130666630862594,27.549976935299092,28.88854813087923,9.104989863023436,1.6,-1440.0543222707608,True,ok
2025-11-07 10:15:04,2025-11-07T10:14:54.698000,27.0,527.0,1.3245727892936885,43.45046265836655,11.935138797509964,27.979000941724887,36.01678590568618,10.752378361191182,1.6,-1477.6742049354295,True,ok
2025-11-07 10:30:04,2025-11-07T10:29:57.582000,27.01,519.0,1.3236299776407567,43.329086757041324,11.898726027112398,27.974347537804473,35.921973350730944,10.734792433131819,1.6,-1666.091622680304,True,ok
2025-11-07 10:45:05,2025-11-07T10:44:54.818000,27.06,510.0,0.9675999050903499,19.0,4.0,26.21710182468638,16.55682351251732,4.248901493963641,1.6,-1432.9669365728598,True,ok
2025-11-07 11:00:05,2025-11-07T10:59:57.683000,26.49,508.0,1.3903712366988743,51.05136647052213,14.012841617630533,28.303760136374713,41.83249759901317,11.95195823768681,1.6,-1304.285856207656,True,ok
2025-11-07 11:15:04,2025-11-07T11:14:49.297000,27.06,504.0,1.2306909863252073,33.892553086019134,8.964184362006378,27.515631668943012,28.488402566748167,8.971958927577635,1.6,-1469.4655014702955,True,ok
2025-11-07 11:30:04,2025-11-07T11:29:57.807000,27.0,496.0,1.5103343534810358,67.47402362330156,18.74220708699047,28.895858076831395,54.54239169584178,13.924602175334385,1.6,-1611.8714103367706,True,ok
2025-11-07 11:45:05,2025-11-07T11:44:55.068000,28.12,488.0,1.4703717305965074,61.45497264953219,16.936491794859656,28.698615896569077,49.84062145151847,13.306108345579172,1.6,-1504.0672214524925,True,ok
2025-11-07 12:00:05,2025-11-07T11:59:57.923000,28.5,480.0,1.2763724889551251,37.245241414497535,10.073572424349262,27.741100332559483,31.169589108215742,9.843738044101018,1.6,-1333.845867725287,True,ok
2025-11-07 12:15:04,2025-11-07T12:14:55.138000,27.87,472.0,1.1715449390138652,29.64739480184964,7.549131600616547,27.22370650278722,25.08727709331662,7.845236253136136,1.6,-1492.7060236062578,True,ok
2025-11-07 12:30:04,2025-11-07T12:29:58.008000,27.5,468.0,1.128833034939962,26.644904366528973,6.548301455509657,27.012894787374186,22.681749190768336,7.0442508624474875,1.6,-1439.2301624598726,True,ok
2025-11-07 12:45:05,2025-11-07T12:44:55.289000,27.12,467.0,0.9823685275818967,19.0,4.0,26.289994820426944,16.55682351251732,4.484620711956229,1.6,-1413.5598445235426,True,ok
2025-11-07 13:00:05,2025-11-07T12:59:58.089000,26.77,466.0,1.3193040852937805,42.77217904274082,11.731653712822245,27.952996375730773,35.48694594668614,10.653989062547778,1.6,-1519.525259911873,True,ok
2025-11-07 13:15:04,2025-11-07T13:14:55.325000,27.5,467.0,1.3427911460405717,45.79586161895554,12.638758485686662,28.06892067537038,37.84888985230856,11.090299862041453,1.6,-1421.8516234093563,True,ok
2025-11-07 13:30:05,2025-11-07T13:29:58.148000,27.8,464.0,1.356370700198089,47.44790035924053,13.111975089810132,28.135944826331595,39.125919989742215,11.3395685700618,1.6,-1465.4728663116566,True,ok
2025-11-07 13:45:04,2025-11-07T13:44:55.423000,28.05,459.0,1.397471358631293,51.803856031057364,14.200964007764341,28.3388039705626,42.39769547596238,12.077435335897487,1.6,-1364.2436284865298,True,ok
2025-11-07 14:00:05,2025-11-07T13:59:58.238000,28.5,454.0,1.36594286177761,48.462383170790254,13.365595792697563,28.183189823869004,39.88790203090374,11.513768488309045,1.6,-1445.0026091424638,True,ok
2025-11-07 14:15:04,2025-11-07T14:14:55.502000,28.55,451.0,1.6849242822479598,95.0,28.0,29.757575744896734,76.64513905509547,16.02205690321106,1.6,-1523.5760190178648,True,ok
2025-11-07 14:30:05,2025-11-07T14:29:58.359000,29.99,440.0,1.4012097022611538,52.20005550226917,14.300013875567293,28.3572551880979,42.69528246151211,12.14313506311589,1.6,-1383.9397879554,True,ok
2025-11-07 14:45:05,2025-11-07T14:44:55.573000,29.5,437.0,1.253657443540312,35.540951424314,9.513650474771335,27.628986443155345,29.809062293299153,9.410854267191196,1.6,-1444.8536338112485,True,ok
2025-11-07 15:00:04,2025-11-07T14:59:58.394000,28.88,436.0,1.275684706671294,37.15669754218123,10.047009262654367,27.737705668560558,31.10042323040739,9.830661078013359,1.6,-1726.4202041384115,True,ok
2025-11-07 15:15:04,2025-11-07T15:14:55.669000,28.51,432.0,1.2167338383196495,32.89079041255961,8.630263470853203,27.446743840663704,27.685812811793333,8.705196587391772,1.6,-1425.6743714160289,True,ok
2025-11-07 15:30:05,2025-11-07T15:29:58.557000,28.25,432.0,1.2245707184271346,33.45327595508806,8.81775865169602,27.485424067517712,28.13646359536117,8.85496072227948,1.6,-1364.5957760565582,True,ok
2025-11-07 15:45:04,2025-11-07T15:44:55.751000,28.12,433.0,1.164443805494079,29.137716857864138,7.37923895262138,27.188657675741418,24.67893457167271,7.711047282741047,1.6,-1466.3490567931258,True,ok
2025-11-07 16:00:04,2025-11-07T15:59:58.587000,27.81,431.0,1.3787780770151838,49.822692974682155,13.705673243670539,28.246540166135333,40.90963609005273,11.745205081833944,1.6,-1579.6554831520239,True,ok
2025-11-07 16:15:05,2025-11-07T16:14:50.289000,28.53,432.0,1.5546999102001524,74.11544418064081,20.734633254192243,29.114831670259314,59.73032475914654,14.556711429795985,1.6,-1478.7958089381298,True,ok
2025-11-07 16:30:05,2025-11-07T16:29:58.680000,29.69,430.0,1.246291698995634,35.01228124440631,9.337427081468771,27.592631584330253,29.38550361878922,9.270163000447058,1.6,-1620.4906565278884,True,ok
2025-11-07 16:45:04,2025-11-07T16:44:55.907000,28.99,426.0,1.1571452061658145,28.613865969940566,7.204621989980189,27.15263422331369,24.259237005661888,7.573501813790681,1.6,-1327.466577921773,True,ok
2025-11-07 17:00:04,2025-11-07T16:59:58.739000,28.5,424.0,1.3883338850542426,50.83544259508491,13.958860648771228,28.293704448050416,41.670316324507574,11.915789047809932,1.6,-1405.5501519841032,True,ok
2025-11-07 17:15:04,2025-11-07T17:14:56.051000,28.88,423.0,1.2737703602102972,36.984539266641804,9.994846422213934,27.72825709280427,30.96563245040878,9.794251373326315,1.6,-1584.4255676629089,True,ok
2025-11-07 17:30:04,2025-11-07T17:29:58.886000,28.55,420.0,0.6837052482311231,19.0,4.0,24.81589246849533,16.55682351251732,0.7919685909677963,1.6,-1493.8567215301493,True,ok
2025-11-07 17:45:04,2025-11-07T17:44:56.158000,27.99,418.0,1.434404174917777,56.01432845923255,15.304298537769764,28.521092035803534,45.590672568317416,12.714489971653851,1.6,-1501.130885135623,True,ok
2025-11-07 18:00:04,2025-11-07T17:59:59.024000,28.74,422.0,1.2657720717508834,36.41046877408757,9.803489591362524,27.688780208149826,30.50570006507169,9.641956805315639,1.6,-1428.9671654290732,True,ok
2025-11-07 18:15:05,2025-11-07T18:14:56.231000,28.51,420.0,1.2811225244984943,37.85675257222502,10.257025771667507,27.76454492401197,31.647269888459117,9.933986944450794,1.6,-1506.3632335546927,True,ok
2025-11-07 18:30:05,2025-11-07T18:29:59.087000,28.5,420.0,1.1285694833926165,26.62683008128204,6.54227669376068,27.01159398482276,22.667268479366683,7.039360695997319,1.6,-1412.1512507987845,True,ok
2025-11-07 18:45:05,2025-11-07T18:44:56.298000,28.02,420.0,1.036090957329941,20.284680789775223,4.428226929925074,26.5551508188986,17.58608090808401,5.380593225743915,1.6,-1457.5737065689423,True,ok
2025-11-07 19:00:05,2025-11-07T18:59:59.187000,27.55,422.0,0.9981483910364962,19.0,4.0,26.36787896434363,16.55682351251732,4.741710198984807,1.6,-1509.080653413623,True,ok
2025-11-07 19:15:05,2025-11-07T19:14:45.211000,27.34,426.0,1.289031885738952,38.87498972116361,10.562496916349081,27.803582893568123,32.44266390479288,10.083986423672942,1.6,-1481.5791395882322,True,ok
2025-11-07 19:30:05,2025-11-07T19:29:59.345000,27.87,427.0,1.2329065656289553,34.05157444523237,9.017191481744122,27.526567029559306,28.61580690822036,9.01431609183517,1.6,-1345.367207329004,True,ok
2025-11-07 19:45:05,2025-11-07T19:44:56.576000,27.94,427.0,1.3341898141461859,44.68854139435709,12.306562418307125,28.026467369417198,36.983908760498004,10.931225029204601,1.6,-1458.0670377590675,True,ok
2025-11-07 20:00:04,2025-11-07T19:59:59.421000,28.38,424.0,1.5688645414425622,76.46634925896724,21.586539703586894,29.184743566606492,61.654840256157655,14.74534830059493,1.6,-1531.472859942421,True,ok
2025-11-07 20:15:05,2025-11-07T20:14:56.620000,29.51,421.0,1.9999999999999678,95.0,28.0,31.31268441973749,76.64513905509547,16.81028248880778,1.6,-1422.0423656648281,True,ok
2025-11-07 20:30:04,2025-11-07T20:29:59.462000,30.72,414.0,1.5987625791676465,82.09601324485118,23.838405297940472,29.332310310748895,66.3907186199124,15.12118343144745,1.6,-1729.0205816207397,True,ok
2025-11-07 20:45:05,2025-11-07T20:44:56.750000,30.94,411.0,1.0116166957840593,19.0,4.0,26.434354025315546,16.55682351251732,4.9652439881771295,1.6,-1521.9218002490773,True,ok
2025-11-07 21:00:04,2025-11-07T20:59:59.537000,29.25,410.0,1.1992775105363938,31.637877024955166,8.212625674985055,27.36058522786965,26.68200674536805,8.372052137240324,1.6,-1596.9989848998362,True,ok
2025-11-07 21:15:04,2025-11-07T21:14:56.823000,28.75,410.0,1.7596164193989086,95.0,28.0,30.126231226361856,76.64513905509547,16.567986460704812,1.6,-1659.9511783332841,True,ok
2025-11-07 21:30:05,2025-11-07T21:29:59.659000,30.72,408.0,1.265764163604861,36.40990117349337,9.803300391164456,27.68874117617818,30.5052453162236,9.641806101439563,1.6,-1445.818746436137,True,ok
2025-11-07 21:45:05,2025-11-07T21:44:56.876000,29.62,408.0,1.2044292818088866,32.00764111722741,8.335880372409136,27.38601265291468,26.978253431404976,8.470283700415898,1.6,-1635.0607461309407,True,ok
2025-11-07 22:00:05,2025-11-07T21:59:59.712000,29.06,406.0,1.1343471612679483,27.023061479031142,6.674353826343713,27.04011067613896,22.98472017611101,7.1467307734191685,1.6,-1504.496703515064,True,ok
2025-11-07 22:15:05,2025-11-07T22:14:56.873000,28.5,408.0,1.237452520366992,34.37785656031693,9.12595218677231,27.549004346211294,28.87721681071504,9.101222902767097,1.6,-1478.1157041996391,True,ok
2025-11-07 22:30:04,2025-11-07T22:29:59.716000,28.55,411.0,1.2780593904908881,37.46241012864468,10.138723038593405,27.74942631601065,31.339230037097188,9.87580170225551,1.6,-1420.8870451998823,True,ok
2025-11-07 22:45:04,2025-11-07T22:44:56.997000,28.5,411.0,1.5560621428688797,74.31936723985639,20.795810171956916,29.12155519644979,59.88961886981774,14.575140028688608,1.6,-1468.234700876488,True,ok
2025-11-07 23:00:05,2025-11-07T22:59:59.888000,29.74,409.0,1.4103648303438128,53.170340009089884,14.542585002272471,28.402441847362535,43.42406698166108,12.302923884827985,1.6,-1472.5336253552107,True,ok
2025-11-07 23:15:05,2025-11-07T23:14:57.096000,29.69,407.0,1.2606171421808297,36.040477997638384,9.680159332546129,27.663337194801226,30.209271764763393,9.543674180917975,1.6,-1386.7459517148313,True,ok
2025-11-07 23:30:05,2025-11-07T23:29:59.900000,29.12,404.0,1.2795160495393736,37.64993783302092,10.194981349906277,27.756615899323343,31.485716947453145,9.903477518240908,1.6,-1510.5220872127077,True,ok
2025-11-07 23:45:05,2025-11-07T23:44:57.127000,28.94,406.0,1.372509152837274,49.158295934101034,13.539573983525258,28.21559884688502,40.41060485230281,11.632486997364847,1.6,-1385.5269114509508,True,ok
2025-11-08 00:00:05,2025-11-08T00:00:00.027000,29.12,405.0,1.57418714704845,77.46857159094962,21.98742863637985,29.21101417295321,62.49794618034932,14.814502206585772,1.6,-1507.241420324381,True,ok
2025-11-08 00:15:05,2025-11-08T00:14:57.218000,30.19,403.0,1.5830850372947805,79.14400369558193,22.65760147823277,29.254931192038573,63.90738068197568,14.927957059649387,1.6,-1376.3800079437776,True,ok
2025-11-08 00:30:04,2025-11-08T00:30:00.091000,30.84,403.0,1.3765654863825139,49.58819681128247,13.647049202820618,28.23561955660285,40.73350509680418,11.705493032202618,1.6,-1447.1330240961997,True,ok
2025-11-08 00:45:05,2025-11-08T00:44:57.248000,30.25,399.0,0.9297617461639401,19.0,4.0,26.030345290078476,16.55682351251732,3.6677626450340277,1.6,-1424.443576072143,True,ok
2025-11-08 09:00:05,2025-11-08T08:19:54.808000,23.75,522.0,1.2166791426882386,32.88686467917003,8.628954893056676,27.446473881266357,27.682667602371346,8.704151649339437,1.6,-1461.481461034346,True,ok
2025-11-08 09:15:05,2025-11-08T09:14:54.757000,24.87,521.0,1.1428674852325182,27.607382714413752,6.869127571471251,27.0821641539642,23.45286522637634,7.30567682602186,1.6,-1537.4481789109152,True,ok
2025-11-08 09:30:05,2025-11-08T09:29:57.655000,25.26,517.0,1.6244628465325992,86.96752390707823,25.59025717212347,29.459158260219958,70.3705856003194,15.418977202344237,1.6,-1645.7081672308705,True,ok
2025-11-08 09:45:05,2025-11-08T09:44:54.869000,27.37,506.0,1.4214074371037064,54.34066446083983,14.835166115209958,28.456944471962387,44.3031022934604,12.493468420883168,1.6,-1594.72841771648,True,ok
2025-11-08 10:00:05,2025-11-08T09:59:57.793000,27.55,490.0,0.990532904687784,19.0,4.0,26.330291463254973,16.55682351251732,4.616975753764626,1.6,-1357.4464303429722,True,ok
2025-11-08 10:15:05,2025-11-08T10:14:54.964000,26.87,485.0,1.4540922850312592,58.992456938790035,16.197737081637012,28.618265981949374,47.91703197779527,13.042152734414843,1.6,-1476.769406016562,True,ok
2025-11-08 10:30:05,2025-11-08T10:29:57.826000,27.75,477.0,1.4433751922783116,57.37133236351879,15.711399709055636,28.565369985938982,46.65069359262983,12.864895268428684,1.6,-1430.6448847769216,True,ok
2025-11-08 10:45:05,2025-11-08T10:44:55.111000,28.23,470.0,1.6598587267290845,93.7435340419128,27.62306021257384,29.63386052144119,75.66365305664081,15.789056605209616,1.6,-1524.525525316317,True,ok
2025-11-08 11:00:05,2025-11-08T10:59:57.885000,29.74,459.0,1.423361800685828,54.54779304356486,14.886948260891215,28.46659055888408,44.45867738891875,12.526932918272339,1.6,-1443.7878721152201,True,ok
2025-11-08 11:15:05,2025-11-08T11:14:55.195000,29.25,450.0,1.1119507456844027,25.48712208560687,6.162374028535623,26.92956943732879,21.754160030426295,6.7325611368588385,1.6,-1447.1881261678952,True,ok
2025-11-08 11:30:05,2025-11-08T11:29:58.056000,28.38,446.0,1.3787311105013347,49.817715340255226,13.704428835063807,28.24630835508485,40.90589736920147,11.744362936547326,1.6,-1492.2859096980042,True,ok
2025-11-08 11:45:05,2025-11-08T11:44:55.321000,28.77,445.0,1.4938871123812099,65.01190992001895,18.003572976005685,28.81467997940762,52.619116249482616,13.67535461067747,1.6,-1483.8765487703154,True,ok
2025-11-08 12:00:05,2025-11-08T11:59:58.080000,29.49,436.0,1.0236856667417469,19.433929720694266,4.144643240231423,26.493922441335066,16.904478258922385,5.168631916888834,1.6,-1484.019133727358,True,ok
2025-11-08 12:15:05,2025-11-08T12:14:55.396000,28.44,436.0,1.2954331349449413,39.69907519949671,10.809722559849014,27.83517732503074,33.08639671212264,10.205100366496863,1.6,-1510.8713765063583,True,ok
2025-11-08 12:30:05,2025-11-08T12:29:58.270000,28.53,435.0,1.1822483234871664,30.41562130777833,7.805207102592777,27.276534839300563,25.70276291593549,8.048095882380762,1.6,-1443.527877645289,True,ok
2025-11-08 12:45:05,2025-11-08T12:44:55.422000,28.5,434.0,1.7950687508904588,95.0,28.0,30.301212112350772,76.64513905509547,16.7477556753543,1.6,-1462.9564035635215,True,ok
2025-11-08 13:00:05,2025-11-08T12:59:58.326000,30.25,432.0,1.4030159511610887,52.391486502168384,14.347871625542096,28.36617023033997,42.83906704059429,12.174786326481284,1.6,-1355.7531180892483,True,ok
2025-11-08 13:15:05,2025-11-08T13:14:55.507000,30.06,426.0,1.2541323959284785,35.57504073639596,9.525013578798655,27.63133064976144,29.83637388451262,9.41992234307294,1.6,-1723.944999210898,True,ok
2025-11-08 13:30:05,2025-11-08T13:29:58.418000,29.49,423.0,1.4080670974523883,52.92682024560516,14.48170506140129,28.391101004033146,43.24115832679702,12.262971336894724,1.6,-1491.1595269828283,True,ok
2025-11-08 13:45:05,2025-11-08T13:44:55.602000,29.87,420.0,1.3860505276677622,50.593446385350504,13.898361596337626,28.282434557419645,41.488552016874706,11.875167577024865,1.6,-1444.2025206857518,True,ok
2025-11-08 14:00:05,2025-11-08T13:59:58.414000,29.77,417.0,1.2342814807543316,34.15025783321597,9.050085944405321,27.533353152126598,28.694869822299946,9.040601479791269,1.6,-1412.961872932556,True,ok
2025-11-08 14:15:05,2025-11-08T14:14:55.681000,29.38,415.0,0.8231950736212397,19.0,4.0,25.50436773108897,16.55682351251732,2.2234294688100054,1.6,-1407.6867290811176,True,ok
2025-11-08 14:30:05,2025-11-08T14:29:58.539000,28.88,415.0,1.5607672096862815,75.02291665846556,21.009166663386225,29.14477783726658,60.44057218627021,14.638324016373204,1.6,-1498.6465135213655,True,ok
2025-11-08 14:45:05,2025-11-08T14:44:55.783000,30.25,407.0,1.5063509197163398,66.87771286220496,18.563313858661488,28.87619717612051,54.076584676577085,13.864942745359674,1.6,-1568.7431942049566,True,ok
2025-11-08 15:00:05,2025-11-08T14:59:58.634000,30.76,407.0,1.092091126582215,24.12515542609099,5.70838514203033,26.83154898000763,20.662982931820146,6.370359920895974,1.6,-1478.6631242753,True,ok
2025-11-08 15:15:05,2025-11-08T15:14:55.847000,29.74,408.0,1.2378227622198867,34.40443036094115,9.134810120313716,27.550831736533002,28.898507142942687,9.108300597676093,1.6,-1574.213331591375,True,ok
2025-11-08 15:30:05,2025-11-08T15:29:58.750000,29.43,404.0,1.483074877034536,63.37651829149687,17.512955487449062,28.761314391281704,51.34163318274838,13.507404846721542,1.6,-1546.5821268676716,True,ok
2025-11-08 15:45:05,2025-11-08T15:44:55.948000,30.37,405.0,1.004069516327855,19.0,4.0,26.397103664270073,16.55682351251732,4.839527484162353,1.6,-1444.948830283475,True,ok
2025-11-08 16:00:05,2025-11-08T15:59:58.806000,29.46,406.0,1.467039007197894,60.9508471437986,16.78525414313958,28.682166685233447,49.44682476951791,13.252608234996977,1.6,-1504.5263608319563,True,ok
2025-11-08 16:15:05,2025-11-08T16:14:56.057000,30.48,403.0,1.4702843280364961,61.441751672421866,16.93252550172656,28.698184506678906,49.83029391034145,13.304708876156209,1.6,-1444.793741643935,True,ok
2025-11-08 16:30:05,2025-11-08T16:29:58.909000,30.8,400.0,1.4840490855571788,63.52388226546831,17.557164679640493,28.76612275968113,51.45674627132723,13.522667036604897,1.6,-1469.3455580046932,True,ok
2025-11-08 16:45:05,2025-11-08T16:44:56.057000,31.02,401.0,0.9307823797761204,19.0,4.0,26.035382797238533,16.55682351251732,3.6829925007473454,1.6,-1495.5320971358537,True,ok
2025-11-08 17:00:05,2025-11-08T16:59:58.938000,29.94,400.0,1.271433689254034,36.81682665492419,9.938942218308064,27.716724064171473,30.83126487263068,9.749786722691264,1.6,-1537.5964866419354,True,ok
2025-11-08 17:15:05,2025-11-08T17:14:56.166000,29.97,400.0,1.570027283340651,76.68528824916918,21.67411529966767,29.190482472877086,61.83901970794723,14.760536728335925,1.6,-1713.3518401121034,True,ok
2025-11-08 17:30:05,2025-11-08T17:29:59.031000,31.06,398.0,1.4802172922155707,62.94426477995825,17.383279433987475,28.74721030553123,51.003979172604026,13.462491514839256,1.6,-1540.220844299225,True,ok
2025-11-08 17:45:05,2025-11-08T17:44:56.145000,31.12,393.0,1.3774042381455471,49.67708992488961,13.669272481222402,28.239759355607475,40.80027306505402,11.720556387634568,1.6,-1377.1685798468802,True,ok
2025-11-08 18:00:05,2025-11-08T17:59:59.047000,31.12,392.0,1.2358156319703224,34.26037025897874,9.086790086326248,27.540925210936862,28.78308942475851,9.069930641536791,1.6,-1530.3480476356124,True,ok
2025-11-08 18:15:05,2025-11-08T18:14:56.257000,30.45,390.0,0.9579169162643488,19.0,4.0,26.169309820817798,16.55682351251732,4.09700863070472,1.6,-1616.2763221853668,True,ok
2025-11-08 18:30:05,2025-11-08T18:29:59.077000,29.73,392.0,1.5709896535991916,76.86649817456326,21.746599269825303,29.1952324115526,61.991460096418606,14.773073390230092,1.6,-1491.8329840469273,True,ok
2025-11-08 18:45:05,2025-11-08T18:44:56.336000,31.12,393.0,1.7436811621212587,95.0,28.0,30.047580110353614,76.64513905509547,16.470453619653565,1.6,-1681.543607457507,True,ok
2025-11-08 19:00:05,2025-11-08T18:59:59.137000,32.25,391.0,1.7400538199918565,95.0,28.0,30.029676759209025,76.64513905509547,16.44680668256449,1.6,-1473.050137196483,True,ok
2025-11-08 19:15:05,2025-11-08T19:14:56.343000,33.0,387.0,1.707535665891145,95.0,28.0,29.8691779943641,76.64513905509547,16.211014478952222,1.6,-1657.818248113276,True,ok
2025-11-08 19:30:05,2025-11-08T19:29:59.225000,33.26,381.0,1.1435287921273019,27.65273494084714,6.88424498028238,27.085428144271507,23.48920041160951,7.318042307903146,1.6,-1667.3921558957381,True,ok
2025-11-08 19:45:05,2025-11-08T19:44:56.442000,31.62,381.0,1.439229787521357,56.74427634367638,15.523282903102915,28.544909650422618,46.1608699728487,12.79561941769299,1.6,-1541.313329966197,True,ok
2025-11-08 20:00:05,2025-11-08T19:59:59.236000,31.55,382.0,1.297286379275563,39.93765859025729,10.881297577077188,27.844324321047164,33.27276567499676,10.240112303297712,1.6,-1454.8089386077934,True,ok
2025-11-08 20:15:05,2025-11-08T20:14:56.535000,31.25,383.0,1.4938675306555858,65.0089785812795,18.002693574383848,28.81458333053984,52.61682643978982,13.67505332849339,1.6,-1446.2301752213548,True,ok
2025-11-08 20:30:05,2025-11-08T20:29:59.374000,31.87,385.0,1.2498083340540815,35.26468479678886,9.421561598929621,27.60998852228999,29.587723676117623,9.337346377719358,1.6,-1446.2619440107435,True,ok
2025-11-08 20:45:05,2025-11-08T20:44:56.532000,31.25,385.0,1.2392820754867606,34.50917135523715,9.16972378507905,27.558034420182565,28.982423275149376,9.136196582993364,1.6,-1364.1952442724435,True,ok
2025-11-08 21:00:05,2025-11-08T20:59:59.341000,30.98,386.0,1.779323396709995,95.0,28.0,30.22349829470345,76.64513905509547,16.674260240000716,1.6,-1437.635000902716,True,ok
2025-11-08 21:15:05,2025-11-08T21:14:56.557000,32.44,389.0,1.6036055552130992,83.00792352064526,24.203169408258102,29.35621362552689,67.1578507534905,15.179121364912191,1.6,-1461.3026380650908,True,ok
2025-11-08 21:30:05,2025-11-08T21:29:59.362000,32.86,390.0,0.8041049289184228,19.0,4.0,25.410145142807245,16.55682351251732,1.9964261741241023,1.6,-1562.8832820591335,True,ok
2025-11-08 21:45:05,2025-11-08T21:44:56.572000,31.25,393.0,1.3914807887024732,51.16895970448715,14.042239926121788,28.309236515063283,41.9208223408652,11.971625765538095,1.6,-1408.2664284017478,True,ok
2025-11-08 22:00:05,2025-11-08T21:59:59.488000,31.19,393.0,1.2127541229349084,32.605149655447995,8.535049885149332,27.427101292636316,27.456963852524755,8.629180064273463,1.6,-1568.0721111699836,True,ok
2025-11-08 22:15:05,2025-11-08T22:14:56.706000,30.74,394.0,1.0411635574072997,20.632558165815084,4.5441860552716955,26.580187481325588,17.864792448638777,5.46808376642311,1.6,-1492.7970015710928,True,ok
2025-11-08 22:30:05,2025-11-08T22:29:59.462000,29.87,397.0,1.5766686124261726,77.9358201909292,22.174328076371683,29.22326185856588,62.89101271872293,14.846414812110293,1.6,-1527.1903213685102,True,ok
2025-11-08 22:45:05,2025-11-08T22:44:56.684000,31.12,399.0,1.4162278939857775,53.79172288466949,14.697930721167372,28.43137997434933,43.89079011041835,12.404399072907152,1.6,-1621.0322284855959,True,ok
2025-11-08 23:00:05,2025-11-08T22:59:59.526000,31.25,397.0,1.0319160176601914,19.99836469245073,4.3327882308169094,26.534544708901652,17.356690881404628,5.308937816712626,1.6,-1440.744402757758,True,ok
2025-11-08 23:15:05,2025-11-08T23:14:56.803000,29.98,398.0,1.3163675742528405,42.39413781548485,11.618241344645453,27.93850273646808,35.19163975951716,10.599034492312173,1.6,-1282.2954367870027,True,ok
2025-11-08 23:30:05,2025-11-08T23:29:59.616000,30.25,400.0,0.932480623565711,19.0,4.0,26.0437647622723,16.55682351251732,3.7083895680600643,1.6,-1486.844597569082,True,ok
2025-11-08 23:45:05,2025-11-08T23:44:56.904000,29.36,403.0,1.2282910095584585,33.720296752480095,8.906765584160032,27.503786183940182,28.350394661096153,8.926077532742871,1.6,-1431.7162643667025,True,ok
2025-11-09 00:00:05,2025-11-08T23:59:59.789000,29.12,405.0,1.409739168533087,53.10403072799893,14.526007681999733,28.39935378930361,43.37426181909114,12.292055167904978,1.6,-1411.3521480709232,True,ok
2025-11-09 00:15:05,2025-11-09T00:14:57.027000,29.99,404.0,1.5636417576356092,75.48292291592693,21.193169166370776,29.158965647371843,60.8275462023688,14.67656716409235,1.6,-1525.3777803010323,True,ok
2025-11-09 00:30:05,2025-11-09T00:29:59.786000,30.74,399.0,1.3589303345431347,47.71917712628307,13.179794281570768,28.148578327900047,39.32967703946,11.386277800022258,1.6,-1553.4175591559322,True,ok
2025-11-09 00:45:05,2025-11-09T00:44:57.005000,30.52,397.0,1.4327091948674524,55.75793674204601,15.227381022613804,28.512726179498426,45.39039266505491,12.685871332089647,1.6,-1538.9075182668064,True,ok
2025-11-09 09:00:05,2025-11-09T08:30:29.964000,23.25,511.0,1.3398297145799734,45.41461218103731,12.524383654311194,28.054304037226437,37.55107757746976,11.0356293719027,1.6,-1553.627559202294,True,"red_error:RPC错误: HTTPConnectionPool(host='192.168.0.46', port=80): Max retries exceeded with url: /rpc/Light.Set (Caused by ConnectTimeoutError(<urllib3.connection.HTTPConnection object at 0x7ffeadf2c710>, 'Connection to 192.168.0.46 timed out. (connect timeout=5)'))"
2025-11-09 09:15:05,2025-11-09T09:14:58.296000,24.5,504.0,0.9945694891369284,19.0,4.0,26.350214698020185,16.55682351251732,4.682939319555738,1.6,-1367.9158276449384,True,ok
2025-11-09 09:30:05,2025-11-09T09:29:55.553000,24.5,499.0,1.4481215521006157,58.08929204982466,15.926787614947397,28.588796435258033,47.21152643893859,12.94373029884939,1.6,-1344.5893645855608,True,ok
2025-11-09 09:45:05,2025-11-09T09:44:58.500000,25.72,486.0,1.2695499146804774,36.68162030386667,9.893873434622224,27.707426381056813,30.72294058082128,9.713923087809832,1.6,-1495.8780636290332,True,ok
2025-11-09 10:00:05,2025-11-09T09:59:55.685000,25.62,480.0,0.9529124686814594,19.0,4.0,26.144609536376763,16.55682351251732,4.019348929305941,1.6,-1362.8462027093542,True,ok
2025-11-09 10:15:05,2025-11-09T10:14:58.686000,25.38,475.0,1.046626246199701,21.007187707715108,4.66906256923837,26.607149491567537,18.164937223642244,5.562817813720896,1.6,-1559.5861720617138,True,ok
2025-11-09 10:30:05,2025-11-09T10:29:55.929000,25.05,472.0,1.2139178269334019,32.68867354071326,8.562891180237752,27.432844947513676,27.523881313500233,8.651404798512795,1.6,-1405.0932500052386,True,ok
2025-11-09 10:45:05,2025-11-09T10:44:58.779000,25.38,468.0,1.681083530573954,95.0,28.0,29.738619075405445,76.64513905509547,15.987948467291702,1.6,-1437.4198633447788,True,ok
2025-11-09 11:00:05,2025-11-09T10:59:56.048000,27.37,457.0,1.4196880816888995,54.15844266059377,14.789610665148443,28.448458306986623,44.16623478056137,12.463962590419655,1.6,-1533.020512331065,True,ok
2025-11-09 11:15:05,2025-11-09T11:14:58.948000,27.06,451.0,1.2128504764038435,32.612065345429876,8.537355115143292,27.427576861228083,27.462504548015765,8.631020142322631,1.6,-1489.6784819856423,True,ok
2025-11-09 11:30:05,2025-11-09T11:29:56.157000,26.62,448.0,1.1783239429466208,30.133952163021533,7.711317387673845,27.25716540561167,25.477095923285432,7.973640259648313,1.6,-1420.6500558256964,True,ok
2025-11-09 11:45:05,2025-11-09T11:44:59.029000,26.22,442.0,1.419336239493682,54.12115350114312,14.78028837528578,28.446721731239492,44.13822674581902,12.457917140548274,1.6,-1440.6001409579246,True,ok
2025-11-09 12:00:05,2025-11-09T11:59:56.371000,26.74,440.0,1.6287288700407272,87.78419009438745,25.835257028316235,29.480213929669503,71.00852284254728,15.466073802311794,1.6,-1722.5875344284007,True,ok
2025-11-09 12:15:05,2025-11-09T12:14:59.201000,28.12,434.0,1.3429001605113775,45.80989594872905,12.642968784618713,28.069458734445327,37.85985274237473,11.092310325185103,1.6,-1385.9160909255668,True,ok
2025-11-09 12:30:05,2025-11-09T12:29:56.522000,27.53,426.0,1.2739348149241008,36.99634286675389,9.998780955584632,27.729068786431057,30.97508922971643,9.797379869752769,1.6,-1381.7588654938074,True,ok
2025-11-09 12:45:05,2025-11-09T12:44:59.362000,27.0,424.0,1.4416900140821791,57.1164233270443,15.63492699811329,28.557052508317554,46.45157188259149,12.836780520573067,1.6,-1745.104628358414,True,ok
2025-11-09 13:00:05,2025-11-09T12:59:56.667000,27.5,417.0,1.4873722726250498,64.02656525498219,17.707969576494655,28.78252490286829,51.849416134520595,13.57453731917478,1.6,-1413.3441034723662,True,ok
2025-11-09 13:15:05,2025-11-09T13:14:59.571000,27.94,413.0,1.4802458376406595,62.948582713113225,17.38457481393397,28.747351196230454,51.00735211789283,13.462941239943007,1.6,-1469.1603143603209,True,ok
2025-11-09 13:30:05,2025-11-09T13:29:56.810000,28.09,412.0,1.2958908360351395,39.75799882670009,10.827399648010028,27.837436384982837,33.13242479167867,10.21374962301053,1.6,-1566.6652979883759,True,ok
2025-11-09 13:45:05,2025-11-09T13:44:59.759000,27.5,409.0,1.0907875678645458,24.03575776428028,5.67858592142676,26.825115048873627,20.591359532998137,6.34676956955397,1.6,-1440.9075150687938,True,ok
2025-11-09 14:00:05,2025-11-09T13:59:56.996000,26.63,411.0,1.045300314418356,20.916255707977736,4.638751902659246,26.600605134451957,18.092084547733755,5.539774976280737,1.6,-1510.4869104071897,True,ok
2025-11-09 14:15:05,2025-11-09T14:14:59.892000,26.24,412.0,1.0632658256121164,22.148325021148292,5.049441673716097,26.689276906763382,19.079190809868685,5.854551444579325,1.6,-1390.46489608938,True,ok
2025-11-09 14:30:05,2025-11-09T14:29:57.145000,25.87,416.0,1.4064698033681355,52.75753482558766,14.439383706396915,28.383217293081326,43.11400738011241,12.235137740908957,1.6,-1586.3630523645888,True,ok
2025-11-09 14:45:05,2025-11-09T14:45:00.088000,26.55,415.0,1.1668330662491442,29.30920405858973,7.4364013528632436,27.200450270084033,24.81632626538888,7.75615841143213,1.6,-1662.726079146368,True,ok
2025-11-09 15:00:05,2025-11-09T14:59:57.363000,26.28,414.0,1.0763910154804366,23.048446564692835,5.349482188230945,26.75405846710953,19.80034797433771,6.087859644960432,1.6,-1345.6442163752988,True,ok
2025-11-09 15:15:05,2025-11-09T15:14:54.618000,25.87,414.0,1.3936297397569335,51.39671117833145,14.099177794582863,28.31984302085955,42.09188737118574,12.009655698827514,1.6,-1527.3880536234303,True,ok
2025-11-09 15:30:05,2025-11-09T15:29:57.555000,26.47,413.0,1.3191572964869958,42.75328171189797,11.72598451356939,27.95227187513,35.47218433256437,10.651243974281629,1.6,-1557.491145494708,True,ok
2025-11-09 15:45:05,2025-11-09T15:44:54.824000,26.62,408.0,1.0571195947022942,21.726818367984855,4.908939455994952,26.65894116056995,18.74148914615428,5.746249691646879,1.6,-1518.3651598477618,True,ok
2025-11-09 16:00:05,2025-11-09T15:59:57.683000,26.25,409.0,1.032521615597711,20.03989641547771,4.34663213849257,26.537533738373114,17.389965165114926,5.319311865329054,1.6,-1534.6373054849614,True,ok
2025-11-09 16:15:05,2025-11-09T16:14:54.935000,25.53,413.0,1.5978597925955704,81.92602265555266,23.770409062221066,29.32785445728046,66.24771634554587,15.110290914912524,1.6,-1437.0456366163924,True,ok
2025-11-09 16:30:05,2025-11-09T16:29:57.799000,27.25,408.0,1.164943270859791,29.173565568493043,7.391188522831015,27.19112287023036,24.707655753486897,7.720474263652538,1.6,-1498.6966016680226,True,ok
2025-11-09 16:45:05,2025-11-09T16:44:55.129000,26.51,408.0,1.5225722521891767,69.30600856994512,19.291802570983535,28.956260263894986,55.973443259903014,14.10498028140718,1.6,-1362.2405629260645,True,ok
2025-11-09 17:00:05,2025-11-09T16:59:57.958000,27.5,406.0,0.802196183529771,19.0,4.0,25.40072421207627,16.55682351251732,1.9742720172226713,1.6,-1453.911099987858,True,ok
2025-11-09 17:15:05,2025-11-09T17:14:55.265000,26.37,407.0,1.2374633463097158,34.37863358333921,9.126211194446402,27.54905777945446,28.877839344108992,9.101429857024861,1.6,-1415.9670242751133,True,ok
2025-11-09 17:30:05,2025-11-09T17:29:58.106000,26.25,409.0,1.3184204173637155,42.658417199481555,11.697525159844467,27.94863488550383,35.39808109873806,10.637460514300962,1.6,-1511.7198281634282,True,ok
2025-11-09 17:45:05,2025-11-09T17:44:55.471000,26.62,405.0,1.311918883327774,41.82142122986756,11.446426368960267,27.916545481562448,34.74426328564765,10.515628394661361,1.6,-1434.3758658700337,True,ok
2025-11-09 18:00:05,2025-11-09T17:59:58.329000,26.68,404.0,1.1784024988705477,30.139590449033676,7.713196816344559,27.257553131456206,25.481613191405657,7.975129824166917,1.6,-1392.100814318432,True,ok
2025-11-09 18:15:05,2025-11-09T18:14:55.587000,26.44,402.0,0.9839579165293098,19.0,4.0,26.29783951425944,16.55682351251732,4.510274207030773,1.6,-1374.69607281097,True,ok
2025-11-09 18:30:05,2025-11-09T18:29:58.481000,25.87,406.0,1.2751385880817194,37.088188875382706,10.026456662614812,27.735010209316037,31.04690781536351,9.820275985561747,1.6,-1509.3561588087448,True,ok
2025-11-09 18:45:05,2025-11-09T18:44:55.827000,26.25,403.0,1.3966141873665914,51.71301077031139,14.178252692577848,28.334573259040077,42.32946124229674,12.062334891074594,1.6,-1509.714486286695,True,ok
2025-11-09 19:00:05,2025-11-09T18:59:58.613000,26.69,402.0,1.403465760506744,52.43915847739058,14.359789619347644,28.368390339272654,42.87487364921541,12.182658920515777,1.6,-1550.584034949802,True,ok
2025-11-09 19:15:05,2025-11-09T19:14:55.916000,27.19,399.0,1.3164558141853224,42.40549766801167,11.6216493004035,27.93893825934953,35.20051348675809,10.600687021290495,1.6,-1524.1093278626186,True,ok
2025-11-09 19:30:05,2025-11-09T19:29:58.763000,26.94,397.0,1.2801509532178015,37.73167420739034,10.219502262217102,27.75974957215937,31.54956516116055,9.915536944962799,1.6,-1457.606925767317,True,ok
2025-11-09 19:45:05,2025-11-09T19:44:56.111000,26.63,397.0,1.156101347846876,28.538943908508216,7.179647969502739,27.147482086745796,24.19921113274926,7.553863130264791,1.6,-1442.2292315125962,True,ok
2025-11-09 20:00:05,2025-11-09T19:59:58.922000,26.31,397.0,1.1649456320587683,29.17373504158304,7.391245013861013,27.191134524321125,24.707791531520336,7.720518833465296,1.6,-1505.1682506550128,True,ok
2025-11-09 20:15:05,2025-11-09T20:14:56.217000,26.05,395.0,1.1830885056730254,30.47592468439682,7.825308228132273,27.280681698395256,25.751076626902623,8.064047168312525,1.6,-1515.3880178921868,True,ok
2025-11-09 20:30:05,2025-11-09T20:29:59.118000,25.94,397.0,1.3022300824587323,40.57410217671027,11.07223065301308,27.868724791387553,33.76992237461864,10.333387193463295,1.6,-1425.5672456280884,True,ok
2025-11-09 20:45:05,2025-11-09T20:44:56.372000,26.37,396.0,1.327002555596182,43.763266466059974,12.028979939817994,27.990993457942267,36.26113200638101,10.797657743899046,1.6,-1578.7511376904797,True,ok
2025-11-09 21:00:05,2025-11-09T20:59:59.238000,26.49,396.0,1.1832120656910594,30.484793101780458,7.828264367260153,27.281291549440837,25.75818180373077,8.066393331215398,1.6,-1623.011147414584,True,ok
2025-11-09 21:15:05,2025-11-09T21:14:56.499000,26.25,394.0,1.4666652867256451,60.894316193119074,16.76829485793572,28.680322125606615,49.40266572468732,13.246591403150656,1.6,-1467.1394885642894,True,ok
2025-11-09 21:30:05,2025-11-09T21:29:59.464000,26.87,393.0,1.3878434559617332,50.78346563246247,13.945866408115618,28.291283853592688,41.63127622287004,11.907071727690841,1.6,-1512.9245051999483,True,ok
2025-11-09 21:45:05,2025-11-09T21:44:56.718000,27.12,390.0,1.4056018471304634,52.66554654509525,14.416386636273813,28.378933350528673,43.04491461980682,12.219992689297221,1.6,-1594.9180084550633,True,ok
2025-11-09 22:00:05,2025-11-09T21:59:59.567000,27.12,387.0,1.4401501234549867,56.883491262675925,15.565047378802777,28.549452121687512,46.26961744260273,12.811033219854671,1.6,-1480.5357609703804,True,ok
2025-11-09 22:15:05,2025-11-09T22:14:56.911000,27.56,383.0,1.4371419982912137,56.428466216154504,15.428539864846352,28.534605018995606,45.91417549112571,12.760582585976543,1.6,-1443.247864981975,True,ok
2025-11-09 22:30:05,2025-11-09T22:29:59.777000,27.53,381.0,1.705743624423458,95.0,28.0,29.860333075269867,76.64513905509547,16.19678213572172,1.6,-1776.9185860250293,True,ok
2025-11-09 22:45:05,2025-11-09T22:44:57.014000,28.88,378.0,1.2054201420165516,32.07875928336421,8.359586427788068,27.390903208478555,27.03523170884014,8.489186546972617,1.6,-1624.852341226523,True,ok
2025-11-09 23:00:05,2025-11-09T22:59:59.868000,27.5,376.0,1.947285019131582,95.0,28.0,31.052500852982863,76.64513905509547,16.945930775924936,1.6,-1468.1530385674694,True,ok
2025-11-09 23:15:05,2025-11-09T23:14:57.087000,28.88,373.0,1.2019089126238671,31.826743718139518,8.27558123937984,27.373572951082405,26.833322498108647,8.422215622830135,1.6,-1504.0494473067442,True,ok
2025-11-09 23:30:05,2025-11-09T23:29:59.958000,27.55,372.0,1.3728055258673961,49.18970632582584,13.54742658145646,28.217061645330485,40.434197321418765,11.637829865816023,1.6,-1546.1599025362987,True,ok
2025-11-09 23:45:05,2025-11-09T23:44:57.255000,27.55,372.0,1.2278836137830689,33.69105626001359,8.897018753337864,27.501775414246715,28.32696783525685,8.91828938444238,1.6,-1560.958020765634,True,ok
2025-11-10 00:00:05,2025-11-10T00:00:00.084000,27.25,374.0,1.4112440268339297,53.26351956104257,14.565879890260643,28.40678126805298,43.49405451065919,12.318183953838973,1.6,-1479.9869805929266,True,ok
2025-11-10 00:15:05,2025-11-10T00:14:57.452000,27.44,374.0,1.3758693280935939,49.51441612837609,13.628604032094023,28.232183551435945,40.67808813486136,11.692982018697212,1.6,-1369.0515951592763,True,ok
2025-11-10 00:30:05,2025-11-10T00:29:54.656000,27.37,374.0,1.1238161034753815,26.30084472708291,6.4336149090276376,26.988132886656114,22.40609633502833,6.951290475701867,1.6,-1555.377115520168,True,ok
2025-11-10 00:45:05,2025-11-10T00:44:51.981000,26.74,373.0,1.6759587111154046,95.0,28.0,29.71332467552644,76.64513905509547,15.941534049094175,1.6,-1841.4872436720232,True,"red_error:RPC错误: HTTPConnectionPool(host='192.168.0.46', port=80): Read timed out. (read timeout=5)"
2025-11-10 09:00:05,2025-11-10T08:59:08.986000,23.12,572.0,1.2977613474605443,39.99880515264189,10.899641545792567,27.84666860562107,33.32053019615059,10.249081569167124,1.6,-1468.6270524339059,True,ok
2025-11-10 09:15:05,2025-11-10T09:14:15.037000,23.87,572.0,1.327762931758459,43.86115594563481,12.058346783690444,27.99474642111739,36.3375981875619,10.8118148974777,1.6,-1389.003943906489,True,ok
2025-11-10 09:30:05,2025-11-10T09:29:21.130000,24.62,573.0,1.0762747772039147,23.040474978915295,5.346824992971765,26.75348475373848,19.79396131885004,6.085781680828017,1.6,-1409.4268812304113,True,ok
2025-11-10 09:45:05,2025-11-10T09:44:27.079000,25.44,569.0,1.910237462020254,95.0,28.0,30.86964646529301,76.64513905509547,16.980916323521477,1.6,-1416.3669574762548,True,ok
2025-11-10 10:00:05,2025-11-10T09:59:33.135000,26.44,565.0,1.1643716816053715,29.132540225822748,7.377513408607583,27.18830169627784,24.67478717034536,7.709686152799585,1.6,-1530.223706473027,True,ok
2025-11-10 10:15:05,2025-11-10T10:14:39.203000,26.8,560.0,1.4016901323713273,52.25097274649589,14.312743186623972,28.35962643091317,42.733526604482776,12.151559683440496,1.6,-1384.5957386683326,True,ok
2025-11-10 10:30:05,2025-11-10T10:29:45.234000,27.25,550.0,1.464820894036558,60.61532352377714,16.684597057133143,28.67121881834106,49.18473113054402,13.216845662139882,1.6,-1328.8975646379506,True,ok
2025-11-10 10:45:05,2025-11-10T10:44:51.335000,27.98,548.0,1.359113920432057,47.73863404071223,13.184658510178057,28.149484446627564,39.344291204631304,11.389624434843679,1.6,-1484.03097099765,True,ok
2025-11-10 11:00:05,2025-11-10T10:59:57.389000,28.28,547.0,1.1959586843379415,31.399671038747588,8.133223679582528,27.34420460847973,26.491161459189755,8.308819275818681,1.6,-1382.5176610122335,True,ok
2025-11-10 11:15:05,2025-11-10T11:12:02.197000,28.5,543.0,1.1306095758123347,26.766739001170702,6.588913000390233,27.021663200698917,22.779360363706562,7.077233453110278,1.6,-1390.3720034490786,True,ok
2025-11-10 11:30:05,2025-11-10T11:28:38.869000,28.51,541.0,1.3331158270963568,44.55027820490746,12.265083461472237,28.021166527480624,36.87590473247556,10.911302283105876,1.6,-1618.3685929010023,True,ok
2025-11-10 11:45:05,2025-11-10T11:43:44.983000,28.94,541.0,1.522777990167473,69.33680706633575,19.301042119900725,28.95727571794862,55.99750144690466,14.107974636574236,1.6,-1695.5169069050098,True,ok
2025-11-10 12:00:05,2025-11-10T11:58:50.999000,29.24,535.0,1.5895114959646406,80.354076519195,23.141630607678,29.286650049008284,64.92533800914234,15.008202945864292,1.6,-1449.6414803468272,True,ok
2025-11-10 12:15:05,2025-11-10T12:13:57.016000,29.62,534.0,1.006335328625015,19.0,4.0,26.408286958190704,16.55682351251732,4.877149037831501,1.6,-1402.574212399791,True,ok
2025-11-10 12:30:05,2025-11-10T12:29:03.078000,29.75,534.0,1.2801847633367853,37.73602686218923,10.220808058656768,27.759916447632047,31.552965229195593,9.916179078506268,1.6,-1579.179244535849,True,ok
2025-11-10 12:45:05,2025-11-10T12:42:38.539000,29.77,530.0,1.2678352356452647,36.55855064423737,9.85285021474579,27.6989632971313,30.62433993360097,9.681266072411722,1.6,-1361.7776756326082,True,ok
2025-11-10 13:00:05,2025-11-10T12:59:15.185000,29.75,529.0,1.4395981885645648,56.8000026491649,15.54000079474947,28.546727955121565,46.20440047061551,12.801791695605932,1.6,-1412.762242280794,True,ok
2025-11-10 13:15:05,2025-11-10T13:14:21.294000,29.99,528.0,1.5933761173748566,81.08176708444958,23.432706833779832,29.30572453155769,65.53749781337558,15.05576650818371,1.6,-1388.703321430557,True,ok
2025-11-10 13:30:05,2025-11-10T13:29:27.367000,30.46,525.0,1.427692546219217,55.008496522850685,15.002548956855204,28.48796567466752,44.80496886022791,12.600802713396785,1.6,-1425.8716209676593,True,ok
2025-11-10 13:45:05,2025-11-10T13:44:33.409000,30.37,522.0,1.351301361253919,46.891451643516255,12.967435493054875,28.110924259770538,38.70470792062292,11.24679694389133,1.6,-1477.8286323519542,True,ok
2025-11-10 14:00:05,2025-11-10T13:59:39.467000,29.97,524.0,1.1431526323689851,27.626938018618027,6.87564600620601,27.08357154514207,23.468532496903773,7.311008170315517,1.6,-1380.874250413812,True,ok
2025-11-10 14:15:05,2025-11-10T14:14:45.434000,29.73,524.0,1.2414863571723345,34.66738183731551,9.222460612438503,27.568914019522957,29.109177960072948,9.17833010926661,1.6,-1701.4094967191859,True,ok
2025-11-10 14:30:05,2025-11-10T14:29:51.515000,29.47,523.0,1.1483628661135967,27.98425426984784,6.994751423282613,27.10928752145406,23.754806252268946,7.408552735518347,1.6,-1445.331243471198,True,ok
2025-11-10 14:45:05,2025-11-10T14:44:57.632000,29.0,521.0,1.4411569376056566,57.03578733774095,15.610736201322284,28.554421420593915,46.38858323258997,12.827873450387289,1.6,-1535.6341935427138,True,ok
2025-11-10 15:00:05,2025-11-10T14:58:32.987000,28.94,521.0,1.4384064653291344,56.61973624031567,15.4859208720947,28.54084600663423,46.06358570747893,12.781814257598878,1.6,-1433.9937718416343,True,ok
2025-11-10 15:15:05,2025-11-10T15:13:39.125000,28.88,520.0,1.0372023007058164,20.36089638169709,4.453632127232363,26.560636039203363,17.647143128572885,5.3997213857154245,1.6,-1410.1973354593695,True,ok
2025-11-10 15:30:05,2025-11-10T15:28:40.932000,28.72,518.0,1.1479460788375087,27.955671124762247,6.9852237082540825,27.107230398444926,23.73190607838758,7.400740867528114,1.6,-1537.5531108802184,True,ok
2025-11-10 15:45:05,2025-11-10T15:43:44.572000,28.5,517.0,0.9987037833188175,19.0,4.0,26.370620195443063,16.55682351251732,4.750854513186316,1.6,-1349.5357803265995,True,ok
2025-11-10 16:00:05,2025-11-10T15:58:45.697000,28.19,517.0,1.0727036163779624,22.795565851721587,5.265188617240529,26.735858694772993,19.5977456266624,6.022041607523441,1.6,-1434.115640252034,True,ok
2025-11-10 16:15:05,2025-11-10T16:13:49.396000,28.05,517.0,1.5538289278807076,73.9850601550765,20.69551804652295,29.110532791976134,59.62847552503888,14.544896905541762,1.6,-1423.2131685869713,True,ok
2025-11-10 16:30:05,2025-11-10T16:28:55.486000,28.5,515.0,1.4509479653084403,58.51683037730769,16.055049113192307,28.60274666833068,47.5454971920071,12.990426417712463,1.6,-1413.7903663738578,True,ok
2025-11-10 16:45:05,2025-11-10T16:44:01.441000,28.5,513.0,1.2706298268100515,36.75913009752887,9.919710032509624,27.71275646721118,30.78503968667747,9.734484471651964,1.6,-1434.7186077076447,True,ok
2025-11-10 17:00:05,2025-11-10T16:59:07.510000,28.38,512.0,1.3147354046562454,42.184015194188945,11.555204558256683,27.930446891617244,35.027502872693354,10.568454737613088,1.6,-1503.7037229220387,True,ok
2025-11-10 17:15:05,2025-11-10T17:14:13.649000,28.5,511.0,1.1935282363113318,31.22522765591096,8.075075885303654,27.332208727499445,26.3514013387604,8.262539493808426,1.6,-1385.3984961113256,True,ok
2025-11-10 17:30:05,2025-11-10T17:29:19.683000,28.38,510.0,1.2914934946028243,39.1918928837768,10.65756786513304,27.81573257404996,32.690212208802926,10.13059294155647,1.6,-1439.5725678764265,True,ok
2025-11-10 17:45:05,2025-11-10T17:44:25.702000,28.0,508.0,1.1519924605847056,28.244031947478888,7.081343982492963,27.12720198940623,23.96293429312778,7.476645690422808,1.6,-1679.1187361795219,True,ok
2025-11-10 18:00:05,2025-11-10T17:59:31.713000,28.05,506.0,1.3735671846375976,49.270428921680114,13.567607230420029,28.220820939030617,40.49482838155761,11.651554404627735,1.6,-1581.6495160975069,True,ok
2025-11-10 18:15:05,2025-11-10T18:14:37.835000,28.02,506.0,0.5992587364200866,19.0,4.0,24.399092646489535,16.55682351251732,0.17368621277992702,1.6,-1398.7313864595833,True,ok
2025-11-10 18:30:05,2025-11-10T18:17:39.025000,27.99,506.0,1.4157092172146561,53.73675215891633,14.684188039729083,28.428819958769697,43.84950138148509,12.395449689523598,1.6,-1508.5841147651395,True,ok
2025-11-10 18:45:05,2025-11-10T18:17:39.025000,27.99,503.0,1.2847944591978506,38.329470937930225,10.398841281379068,27.782668369211617,32.01653294263558,10.003669702233374,1.6,-1415.5426623704595,True,ok
2025-11-10 19:00:05,2025-11-10T18:17:39.025000,27.99,501.0,0.9914423367390108,19.0,4.0,26.334780116592434,16.55682351251732,4.631807090333176,1.6,-1543.6721049756923,True,ok
2025-11-10 19:15:05,2025-11-10T18:17:39.025000,27.99,502.0,1.2871365974504023,38.63099366577067,10.489298099731199,27.794228382595723,32.25206684921414,10.048076291767481,1.6,-1350.238172633547,True,ok
2025-11-10 19:30:05,2025-11-10T18:17:39.025000,27.99,502.0,1.2387784369108459,34.47302311592173,9.15767437197391,27.5555486281197,28.953462117678793,9.12656927718116,1.6,-1436.6419908131095,True,ok
2025-11-10 19:45:05,2025-11-10T18:17:39.025000,27.99,503.0,1.4115389735054482,53.2947787835383,14.573694695884575,28.40823702646803,43.517533435970925,12.323299897225759,1.6,-1409.3180859725483,True,ok
2025-11-10 20:00:05,2025-11-10T18:17:39.025000,27.99,501.0,1.2170784963817882,32.91552795791056,8.63850931930352,27.448444957925645,27.70563197753729,8.711781256842174,1.6,-1460.529236993454,True,ok
2025-11-10 20:15:05,2025-11-10T18:17:39.025000,27.99,499.0,1.1074451670214949,25.178130866332648,6.0593769554442165,26.907331403519468,21.50660320531116,6.649943342788766,1.6,-1333.3071828657924,True,ok
2025-11-10 20:30:05,2025-11-10T18:17:39.025000,27.99,498.0,1.2433146901476064,34.79860891383238,9.26620297127746,27.577938061396537,29.214314146492626,9.213273986584284,1.6,-1494.8084253626707,True,ok
2025-11-10 20:45:05,2025-11-10T18:17:39.025000,27.99,496.0,1.4959191609930644,65.31610286658167,18.0948308599745,28.824709493730527,52.856735992348156,13.706561737815665,1.6,-1644.6971358750395,True,ok
2025-11-10 21:00:05,2025-11-10T18:17:39.025000,27.99,498.0,1.4346647768267364,56.053748493071545,15.316124547921463,28.5223782799235,45.62146545293364,12.718884470237516,1.6,-1398.2344747326108,True,ok
2025-11-10 21:15:05,2025-11-10T18:17:39.025000,27.99,498.0,1.1167429961697601,25.815773171588006,6.271924390529335,26.953222387657558,22.01746789919757,6.82070571295132,1.6,-1615.6138242270779,True,ok
2025-11-10 21:30:05,2025-11-10T18:17:39.025000,27.99,496.0,1.217069628252399,32.914891455309736,8.638297151769912,27.448401187796225,27.705122025949,8.711611829335173,1.6,-1445.4529379216428,True,ok
2025-11-10 21:45:05,2025-11-10T18:17:39.025000,27.99,495.0,1.2365365048182992,34.31211030724119,9.104036769080396,27.544483198925732,28.824542389374276,9.08371166044564,1.6,-1409.7202712261073,True,ok
2025-11-10 22:00:05,2025-11-10T18:17:39.025000,27.99,495.0,1.1473716348162528,27.91627592787136,6.97209197595712,27.104395134315276,23.70034353143236,7.389976525243785,1.6,-1455.6181820918082,True,ok
2025-11-10 22:15:05,2025-11-10T18:17:39.025000,27.99,494.0,1.3835500613106229,50.328440396984895,13.832110099246224,28.27009308930881,41.28950497375489,11.830582165901115,1.6,-1517.5981110302696,True,ok
2025-11-10 22:30:05,2025-11-10T18:17:39.025000,27.99,495.0,1.4669608741371696,60.939028320559736,16.78170849616792,28.681781046500664,49.43759251817636,13.251350597564254,1.6,-1342.8148330294425,True,ok
2025-11-10 22:45:05,2025-11-10T18:17:39.025000,27.99,495.0,1.0976543670251242,24.506680769710393,5.8355602565701306,26.859007279665622,20.968652468285388,6.471300020295218,1.6,-1385.7901144779305,True,ok
2025-11-10 23:00:05,2025-11-10T18:17:39.025000,27.99,495.0,1.2799513794651927,37.70598143616883,10.211794430850647,27.758764542668153,31.529495301684367,9.911746448102031,1.6,-1434.9574035864619,True,ok
2025-11-10 23:15:05,2025-11-10T18:17:39.025000,27.99,493.0,1.348389578562032,46.51659390009318,12.854978170027954,28.096552671392633,38.41188850580792,11.193355425323862,1.6,-1587.1130979075454,True,ok
2025-11-10 23:30:05,2025-11-10T18:17:39.025000,27.99,493.0,1.1746009049526105,29.866734211847984,7.622244737282662,27.238789731590973,25.263006902368666,7.903086012424942,1.6,-1412.9560426718929,True,ok
2025-11-10 23:45:05,2025-11-10T18:17:39.025000,27.99,491.0,1.657276130843571,93.24913481247482,27.474740443742448,29.62111368936595,75.27745403690861,15.76366399584624,1.6,-1417.1354915685133,True,ok
2025-11-11 00:00:05,2025-11-10T18:17:39.025000,27.99,492.0,1.3330411942701719,44.54067010713048,12.262201032139144,28.020798164738306,36.86839938513273,10.909917343074135,1.6,-1523.8804178757437,True,ok
2025-11-11 00:15:05,2025-11-10T18:17:39.025000,27.99,492.0,1.2704380495601537,36.74536544514502,9.915121815048341,27.711809918657448,30.77401175633381,9.730833413140349,1.6,-1446.3522077808675,True,ok
2025-11-11 00:30:05,2025-11-10T18:17:39.025000,27.99,494.0,1.465802832562186,60.76385677920347,16.72915703376104,28.676065339457505,49.300757601112124,13.232692648250346,1.6,-1434.6960420169878,True,ok
2025-11-11 00:45:05,2025-11-10T18:17:39.025000,27.99,490.0,1.3679865677709544,48.6789804967845,13.419745124196124,28.193276875139567,40.050589136779,11.550788560354183,1.6,-1473.3038150531945,True,ok
2025-11-11 09:00:05,2025-11-10T18:17:39.025000,27.99,636.0,1.0234135557850113,19.41526843374531,4.138422811248438,26.492579392393186,16.88952725494079,5.164015083105115,1.6,-1553.6006606187689,True,ok
2025-11-11 09:15:05,2025-11-10T18:17:39.025000,27.99,630.0,1.7302495489777687,95.0,28.0,29.981286146903894,76.64513905509547,16.380216852135582,1.6,-1558.849163578184,True,ok
2025-11-11 09:30:05,2025-11-11T09:29:58.351000,24.25,612.0,1.2381898573608758,34.43077830893918,9.143592769646393,27.55264359573408,28.919616527118755,9.115318058490386,1.6,-1655.3299475277074,True,ok
2025-11-11 09:45:05,2025-11-11T09:44:55.598000,23.99,595.0,1.4671171058508108,60.96266076232905,16.788798228698717,28.682552154140765,49.456052955211355,13.25386516494192,1.6,-1532.8537255564663,True,ok
2025-11-11 10:00:05,2025-11-11T09:59:52.783000,24.62,580.0,1.4091041971530767,53.036734794317184,14.509183698579296,28.396219782315146,43.323715577868626,12.281016930895348,1.6,-1618.5817490059615,True,ok
2025-11-11 10:15:05,2025-11-11T10:14:55.696000,24.74,566.0,1.6771448489178686,95.0,28.0,29.71917905617922,76.64513905509547,15.952368224792803,1.6,-1470.4661962954954,True,ok
2025-11-11 10:30:05,2025-11-11T10:29:58.507000,25.78,548.0,1.3874838368353137,50.74535225342826,13.936338063357065,28.28950889350651,41.60264911354752,11.900676913858858,1.6,-1479.922915911074,True,ok
2025-11-11 10:45:05,2025-11-11T10:44:55.755000,25.49,538.0,1.3178284910777043,42.5822136584463,11.67466409753389,27.945713334745143,35.33855484728861,10.626384664974344,1.6,-1601.7913660118568,True,ok
2025-11-11 11:00:05,2025-11-11T10:59:58.575000,25.25,535.0,1.2700201565782638,36.71537152442488,9.90512384147496,27.709747338253194,30.749981300699265,9.722877026403596,1.6,-1590.9551648924394,True,ok
2025-11-11 11:15:05,2025-11-11T11:14:55.847000,25.12,535.0,1.1985606339151667,31.5864238025393,8.195474600846433,27.3570469639234,26.64078357917862,8.358390204689382,1.6,-1367.4285043781733,True,ok
2025-11-11 11:30:05,2025-11-11T11:29:58.816000,25.0,531.0,1.406460982510106,52.75659996789855,14.439149991974638,28.383173756267578,43.11330520481477,12.234983897334395,1.6,-1466.072801865989,True,ok
2025-11-11 11:45:05,2025-11-11T11:44:50.445000,25.38,519.0,1.0105172134308997,19.0,4.0,26.428927347063624,16.55682351251732,4.946858073237057,1.6,-1328.6089400372143,True,ok
2025-11-11 12:00:05,2025-11-11T11:59:58.842000,25.12,517.0,1.5201096344237057,68.93736042345583,19.18120812703675,28.944105603811295,55.68547445994736,14.069040187593409,1.6,-1614.159115608593,True,ok
2025-11-11 12:15:05,2025-11-11T12:14:56.171000,25.72,506.0,1.1778191095362829,30.09771816546054,7.6992393884868475,27.254673716244532,25.448066058234577,7.96406853655735,1.6,-1448.3413279829215,True,ok
2025-11-11 12:30:05,2025-11-11T12:29:53.395000,25.38,500.0,1.268890600345134,36.634298566577584,9.878099522192528,27.704172225358448,30.68502746772462,9.701367473697513,1.6,-1392.365311367223,True,ok
2025-11-11 12:45:05,2025-11-11T12:44:56.254000,25.49,498.0,1.0656095421010234,22.309056387687818,5.103018795895939,26.700844709795845,19.20796517080491,5.896012326371975,1.6,-1405.8746306681057,True,ok
2025-11-11 13:00:05,2025-11-11T12:59:59.224000,25.12,495.0,1.248456474715312,35.16765621868625,9.389218739562084,27.603316195396996,29.509986558548587,9.311522380254395,1.6,-1570.4390582615633,True,ok
2025-11-11 13:15:05,2025-11-11T13:14:56.434000,25.47,490.0,0.7888437019915325,19.0,4.0,25.334820815842132,16.55682351251732,1.8220612157994607,1.6,-1496.4511974343777,True,ok
2025-11-11 13:30:05,2025-11-11T13:29:59.330000,25.12,488.0,1.0310094075947447,19.936189648913064,4.312063216304355,26.53006998394496,17.306877632938434,5.293420095755175,1.6,-1369.032933097859,True,ok
2025-11-11 13:45:05,2025-11-11T13:44:56.587000,25.02,485.0,1.308983191680602,41.443485489913144,11.333045646973943,27.90205588655415,34.44903949968406,10.46049242104952,1.6,-1393.9688149456763,True,ok
2025-11-11 14:00:05,2025-11-11T13:59:59.471000,25.69,482.0,1.3950268272196027,51.54477817504219,14.136194543760547,28.326738578689934,42.2031010764332,12.034335919252925,1.6,-1740.2145230162357,True,ok
2025-11-11 14:15:05,2025-11-11T14:14:56.673000,25.99,475.0,1.5414904148565696,72.13801347955943,20.14140404386783,29.04963400620053,58.185658520054474,14.374905041197739,1.6,-1514.3814288346575,True,ok
2025-11-11 14:30:05,2025-11-11T14:29:59.547000,26.55,463.0,0.9087357950549734,19.0,4.0,25.926568206907415,16.55682351251732,3.359702655726718,1.6,-1412.8315762602117,True,ok
2025-11-11 14:45:05,2025-11-11T14:44:56.851000,25.99,461.0,1.568434077792984,76.38529491929633,21.554117967718533,29.182618941578454,61.586654393822286,14.739713814818987,1.6,-1354.771679707635,True,ok
2025-11-11 15:00:05,2025-11-11T14:59:59.706000,26.77,458.0,0.9477445135249654,19.0,4.0,26.119102233077125,16.55682351251732,3.9397632425167144,1.6,-1333.4205459616956,True,ok
2025-11-11 15:15:05,2025-11-11T15:14:56.898000,26.0,454.0,1.2993309928460013,40.20087851780278,10.960263555340834,27.854415851815613,33.478379421821586,10.278710954048124,1.6,-1369.8312399038111,True,ok
2025-11-11 15:30:05,2025-11-11T15:29:59.809000,26.37,455.0,1.5906558329156752,80.56954994190565,23.227819976762262,29.2922981145977,65.10660209935061,15.022341296163086,1.6,-1416.2477968482438,True,ok
2025-11-11 15:45:05,2025-11-11T15:44:56.981000,27.06,450.0,1.0892106775359618,23.927615103426938,5.64253836780898,26.81733204405577,20.50471806194521,6.318264559777066,1.6,-1412.9265677001397,True,ok
2025-11-11 16:00:05,2025-11-11T15:59:59.830000,26.5,447.0,1.0388894849264196,20.476602964240243,4.492200988080081,26.568963417892633,17.739844643802304,5.428803722660385,1.6,-1520.060935294452,True,ok
2025-11-11 16:15:05,2025-11-11T16:14:57.115000,25.99,446.0,1.5598024448423549,74.87928173782078,20.963784521346234,29.14001607971612,60.32699501721487,14.62542754501951,1.6,-1416.7461598330071,True,ok
2025-11-11 16:30:05,2025-11-11T16:30:00.045000,27.0,442.0,1.2415317004091997,34.670636310376004,9.223545436792001,27.56913781861956,29.1117853707954,9.179196771443028,1.6,-1360.4790706967317,True,ok
2025-11-11 16:45:05,2025-11-11T16:44:57.318000,26.73,439.0,1.629773372173508,87.98414435455248,25.895243306365746,29.48536924388783,71.1647167333727,15.477502218250258,1.6,-1488.3146301830902,True,ok
2025-11-11 17:00:05,2025-11-11T17:00:00.156000,27.75,435.0,1.1386346865941206,27.3170986665537,6.7723662221845675,27.061272471392183,23.220296166845785,7.226626620677273,1.6,-1579.1710978267572,True,ok
2025-11-11 17:15:05,2025-11-11T17:14:57.383000,26.94,433.0,0.8165450628549341,19.0,4.0,25.471545495518896,16.55682351251732,2.1432341230278826,1.6,-1471.4787617933764,True,ok
2025-11-11 17:30:05,2025-11-11T17:30:00.181000,26.37,434.0,1.4191855045423172,54.1051782153115,14.776294553827874,28.445977753784987,44.126227645619856,12.455326395022292,1.6,-1451.6380732854564,True,ok
2025-11-11 17:45:05,2025-11-11T17:44:57.472000,26.8,435.0,1.504795981702331,66.64494226142094,18.493482678426282,28.86852252060698,53.894756363560795,13.841530637766912,1.6,-1410.2994650423504,True,ok
2025-11-11 18:00:05,2025-11-11T17:59:54.690000,27.5,431.0,1.3124701110785006,41.892385313597195,11.467715594079158,27.91926615792267,34.799696744967015,10.525972746551881,1.6,-1528.0270013474958,True,ok
2025-11-11 18:15:05,2025-11-11T18:14:57.623000,27.06,430.0,1.5014388000317171,66.14237998088655,18.342713994265964,28.85195259139683,53.50218079195766,13.790747519287532,1.6,-1671.9588095652427,True,ok
2025-11-11 18:30:05,2025-11-11T18:29:54.883000,27.55,426.0,1.523457484437988,69.43852577676158,19.331557733028475,28.96062947507761,56.076958824497126,14.117855088683447,1.6,-1575.6662682752217,True,ok
2025-11-11 18:45:05,2025-11-11T18:44:57.645000,27.74,418.0,1.0676487474328842,22.44890447136005,5.149634823786682,26.710909547302155,19.320008314534533,5.932158151374196,1.6,-1366.9379545863412,True,ok
2025-11-11 19:00:05,2025-11-11T18:59:54.961000,27.0,419.0,1.0531272461579326,21.453024314704738,4.817674771568246,26.639236259479443,18.522131499925248,5.676238516253301,1.6,-1521.8572157287774,True,ok
2025-11-11 19:15:05,2025-11-11T19:14:57.797000,26.69,422.0,1.068100854929438,22.479909866461284,5.159969955487095,26.713140999141313,19.344849140726076,5.940180936929451,1.6,-1461.7851549764086,True,ok
2025-11-11 19:30:05,2025-11-11T19:29:49.466000,26.37,422.0,1.3856730012165257,50.55343514102464,13.88835878525616,28.280571212749706,41.458499413445914,11.86844272794403,1.6,-1510.0489845410034,True,ok
2025-11-11 19:45:05,2025-11-11T19:44:57.872000,26.94,424.0,1.0664317922311506,22.365446052426776,5.121815350808926,26.70490306224323,19.25314330371391,5.910579078594175,1.6,-1554.5506903519388,True,ok
2025-11-11 20:00:05,2025-11-11T19:59:55.195000,26.44,425.0,1.4548714379708043,59.110315765554795,16.233094729666437,28.62211162103562,48.00909717663282,13.054933869837525,1.6,-1530.2198985954929,True,ok
2025-11-11 20:15:05,2025-11-11T20:14:58.024000,27.0,424.0,1.433728540307776,55.912128366779754,15.273638510033926,28.517757328671763,45.51083916006823,12.703089870389247,1.6,-1568.1184111317343,True,ok
2025-11-11 20:30:05,2025-11-11T20:29:55.263000,27.25,422.0,1.1589522996780217,28.7435686016859,7.2478562005619676,27.16155343428029,24.36315184116878,7.607519836107935,1.6,-1462.2150619927102,True,ok
2025-11-11 20:45:05,2025-11-11T20:44:58.226000,26.62,420.0,1.2261199857233867,33.5644733249217,8.854824441640567,27.493070734259405,28.225552430642086,8.884575295672098,1.6,-1472.5584010310683,True,ok
2025-11-11 21:00:05,2025-11-11T20:59:55.428000,26.55,421.0,1.265686738292605,36.40434403619223,9.801448012064075,27.688359030655825,30.500793062628073,9.640330611413738,1.6,-1527.1904687170113,True,ok
2025-11-11 21:15:05,2025-11-11T21:14:58.341000,26.37,423.0,1.2453127268320325,34.942016332730844,9.314005444243616,27.587799704187578,29.329208949664864,9.25145672319743,1.6,-1388.2743892566007,True,ok
2025-11-11 21:30:05,2025-11-11T21:29:55.488000,26.25,424.0,1.2116877336697471,32.528610454116105,8.509536818038702,27.421837950831236,27.395642363444654,8.60881638756529,1.6,-1451.3921965067425,True,ok
2025-11-11 21:45:05,2025-11-11T21:44:58.453000,25.99,426.0,1.331558576894172,44.349800573674,12.2049401721022,28.0134804597773,36.71930201133336,10.882391988286056,1.6,-1458.383712842887,True,ok
2025-11-11 22:00:05,2025-11-11T21:59:50.147000,25.99,424.0,1.496681983303239,65.43029559055593,18.129088677166777,28.828474530275958,52.94593742194897,13.718247143514837,1.6,-1717.706634125775,True,ok
2025-11-11 22:15:05,2025-11-11T22:14:58.606000,26.52,424.0,1.58206189006537,78.95134974408744,22.580539897634974,29.24988127850208,63.745313161984726,14.915049290593917,1.6,-1608.0193228206822,True,ok
2025-11-11 22:30:05,2025-11-11T22:29:55.884000,27.0,419.0,1.650291880465872,91.91210487902481,27.073631463707443,29.586641758532586,74.23303564200539,15.693711707775,1.6,-1560.0523377569773,True,ok
2025-11-11 22:45:05,2025-11-11T22:44:58.731000,27.62,413.0,1.1803955038193024,30.282636719295155,7.760878906431718,27.2673899392779,25.596218650401134,8.012932521420304,1.6,-1406.8487665060127,True,ok
2025-11-11 23:00:05,2025-11-11T22:59:55.959000,26.62,409.0,1.4764121866058812,62.36868422303216,17.21060526690965,28.728429573126547,50.55436551298231,13.40235136230659,1.6,-1402.564903713301,True,ok
2025-11-11 23:15:05,2025-11-11T23:14:58.799000,26.74,408.0,1.4319215777785885,55.63879758293874,15.191639274881622,28.508838764193673,45.29732733703801,12.672551548202593,1.6,-1400.5212688422794,True,red_retry:1
2025-11-11 23:30:05,2025-11-11T23:29:56.078000,26.69,407.0,0.9444836471104598,19.0,4.0,26.103007683852972,16.55682351251732,3.8898689431918854,1.6,-1472.9600811555588,True,ok
2025-11-11 23:45:05,2025-11-11T23:44:59.015000,25.76,407.0,1.242113151284142,34.71236946264576,9.237456487548588,27.572007666242435,29.145221035091023,9.190310072987693,1.6,-1516.3144419128423,True,ok
2025-11-12 00:00:05,2025-11-11T23:59:56.295000,25.87,408.0,1.0504572622300399,21.269917626075816,4.756639208691939,26.62605810916822,18.375430533468034,5.629567947046965,1.6,-1436.5602177584688,True,ok
2025-11-12 00:15:05,2025-11-12T00:14:59.131000,25.44,411.0,1.6293938208576566,87.91148495044608,25.87344548513382,29.483495905161384,71.10795897775864,15.473354047558761,1.6,-1345.8130870626082,True,ok
2025-11-12 00:30:05,2025-11-12T00:29:56.429000,26.47,407.0,1.4224750186309807,54.453809553549604,14.863452388387401,28.462213698375674,44.38808601887089,12.511758423668768,1.6,-1515.0409526402852,True,ok
2025-11-12 00:45:05,2025-11-12T00:44:59.966000,26.12,407.0,1.1168903813287365,25.825880801125127,6.275293600375042,26.953949831653883,22.02556590497109,6.823420900468825,1.6,-1408.1118880162462,True,"red_error:RPC错误: HTTPConnectionPool(host='192.168.0.46', port=80): Max retries exceeded with url: /rpc/Light.Set (Caused by ConnectTimeoutError(<urllib3.connection.HTTPConnection object at 0x7ffeadefc710>, 'Connection to 192.168.0.46 timed out. (connect timeout=5)'))|blue_error:RPC错误: HTTPConnectionPool(host='192.168.0.63', port=80): Max retries exceeded with url: /rpc/Light.Set (Caused by ConnectTimeoutError(<urllib3.connection.HTTPConnection object at 0x7ffeadf30650>, 'Connection to 192.168.0.63 timed out. (connect timeout=5)'))"
2025-11-12 09:00:05,2025-11-12T07:01:40.460000,19.5,526.0,1.4191251349862695,54.09878009128878,14.774695022822195,28.44567978978771,44.12142198943038,12.454288667455327,1.6,-1469.8654751467743,True,ok
2025-11-12 09:15:05,2025-11-12T09:14:57.472000,21.25,522.0,1.4098205992632138,53.112660970537085,14.528165242634271,28.39975570423289,43.380744028301656,12.293470178403151,1.6,-1464.2000854419418,True,ok
2025-11-12 09:30:05,2025-11-12T09:29:54.768000,21.9,513.0,1.3146481342576168,42.17278015773218,11.551834047319652,27.930016154031584,35.018726645288645,10.566818980012778,1.6,-1392.9782811960415,True,ok
2025-11-12 09:45:05,2025-11-12T09:44:57.729000,22.12,498.0,1.3788774193934745,49.83322154071159,13.708305385177898,28.247030486986972,40.91754413752507,11.746986248427234,1.6,-1413.7197700947115,True,ok
2025-11-12 10:00:05,2025-11-12T09:59:54.970000,22.27,490.0,1.4135109857571142,53.50377781859018,14.625944454647545,28.417970221337306,43.67451343554957,12.357460972269449,1.6,-1589.066415936027,True,ok
2025-11-12 10:15:05,2025-11-12T10:14:57.964000,22.74,480.0,1.5936296911916328,81.12951387630241,23.451805550520966,29.30697608735829,65.57766415350555,15.058869035179198,1.6,-1514.7475302296975,True,ok
2025-11-12 10:30:05,2025-11-12T10:29:55.187000,23.44,469.0,1.1408522693457068,27.46917981961294,6.82305993987098,27.072217720358918,23.342140171020485,7.26802027067424,1.6,-1523.2983596428792,True,ok
2025-11-12 10:45:05,2025-11-12T10:44:58.159000,22.65,458.0,1.368822725491707,48.76759868698125,13.441899671745313,28.197403870816526,40.11715060897093,11.565916833231642,1.6,-1708.8423110393462,True,ok
2025-11-12 11:00:05,2025-11-12T10:59:55.409000,23.0,456.0,1.317996756508655,42.6038758518229,11.68116275554687,27.94654383680101,35.35547622853106,10.62953350858976,1.6,-1506.4800608139337,True,ok
2025-11-12 11:15:05,2025-11-12T11:14:58.315000,23.01,448.0,1.1891241419933287,30.90912745432151,7.969709151440504,27.31047158657469,26.098148956678003,8.178741701928756,1.6,-1495.6519234696857,True,ok
2025-11-12 11:30:05,2025-11-12T11:29:55.659000,22.88,442.0,1.4832992496440371,63.41045808838628,17.523137426515884,28.762421819660894,51.368145190672635,13.51092216975767,1.6,-1600.1643777296295,True,ok
2025-11-12 11:45:05,2025-11-12T11:44:58.580000,23.48,438.0,1.4416835783792232,57.11544982831089,15.634634948493265,28.55702074383387,46.45081143590353,12.836673026173008,1.6,-1531.8126324382322,True,ok
2025-11-12 12:00:05,2025-11-12T11:59:55.810000,23.62,426.0,1.2096961530843284,32.38566641634674,8.461888805448913,27.412008173191985,27.281118810825774,8.570792234587229,1.6,-1390.2715935191295,True,ok
2025-11-12 12:15:05,2025-11-12T12:14:58.777000,23.25,424.0,1.5741550477205801,77.4625274340808,21.985010973632317,29.210855741374974,62.492861615477594,14.814088026231982,1.6,-1398.8257622983565,True,ok
2025-11-12 12:30:05,2025-11-12T12:29:56.050000,24.06,420.0,1.353416029183883,47.134756569011486,13.033689142252872,28.12136155549665,38.8907164537737,11.28553857298208,1.6,-1448.1030762276653,True,ok
2025-11-12 12:45:05,2025-11-12T12:44:58.924000,24.06,413.0,1.161305480807484,28.912466217333886,7.304155405777962,27.173167951622368,24.49846881748138,7.65185529483634,1.6,-1552.0218235777238,True,ok
2025-11-12 13:00:05,2025-11-12T12:59:56.266000,23.49,410.0,1.0887586011047483,23.89661183877732,5.632203946259107,26.815100745544775,20.47987894262366,6.310098962850921,1.6,-1495.5629901262516,True,ok
2025-11-12 13:15:05,2025-11-12T13:14:59.093000,23.38,407.0,1.3330232886622506,44.538364970899444,12.261509491269834,28.020709788628572,36.86659873234088,10.909585064558376,1.6,-1399.319273762464,True,ok
2025-11-12 13:30:05,2025-11-12T13:29:56.407000,23.74,406.0,1.1963927029840502,31.430822365586273,8.143607455195426,27.346346779785158,26.516119202611797,8.317086179883267,1.6,-1580.5319097590714,True,ok
2025-11-12 13:45:05,2025-11-12T13:44:59.344000,23.74,403.0,1.3399521508967585,45.43037441547568,12.529112324642703,28.054908342057374,37.56339021698542,11.037891742317733,1.6,-1332.8162494906328,True,ok
2025-11-12 14:00:05,2025-11-12T13:59:56.624000,23.87,400.0,1.300494551660966,40.35067301755476,11.005201905266428,27.86015879011549,33.5953911110009,10.300663079869858,1.6,-1423.6245537589025,True,ok
2025-11-12 14:15:05,2025-11-12T14:14:59.553000,23.94,398.0,1.1008093952230453,24.72305164738386,5.907683882461287,26.874579446746477,21.142003955910294,6.528730471798216,1.6,-1390.9694324348523,True,ok
2025-11-12 14:30:05,2025-11-12T14:29:56.908000,23.55,399.0,1.2378121214807711,34.4036666307536,9.134555543584533,27.550779217393085,28.89789525946937,9.108097186056922,1.6,-1582.5238920822658,True,ok
2025-11-12 14:45:05,2025-11-12T14:44:59.809000,23.62,396.0,1.4155012953226545,53.71471605099774,14.678679012749434,28.427793725646282,43.83294997391081,12.391860631897952,1.6,-1565.4568039966628,True,ok
2025-11-12 15:00:05,2025-11-12T14:59:57.163000,24.02,393.0,1.4125695530913722,53.40400231337201,14.601000578343003,28.413323623637808,43.599571660037455,12.341162172284726,1.6,-1366.5731293601855,True,ok
2025-11-12 15:15:05,2025-11-12T15:15:00.027000,24.37,390.0,0.8848318220492056,19.0,4.0,25.808586167384817,16.55682351251732,3.0229516031612276,1.6,-1285.8562842031656,True,ok
2025-11-12 15:30:05,2025-11-12T15:29:57.315000,23.75,392.0,1.6576364921397662,93.31812057527166,27.4954361725815,29.62289231255465,75.33134213458608,15.767222543356258,1.6,-1739.6938720718051,True,ok
2025-11-12 15:45:05,2025-11-12T15:45:00.197000,25.01,389.0,1.3613971633284807,47.98061811648989,13.245154529122473,28.160753772173596,39.5260463984014,11.431206447102452,1.6,-1462.0688104401852,True,ok
2025-11-12 16:00:05,2025-11-12T15:59:57.506000,24.75,386.0,1.2303900879266165,33.87095635407275,8.956985451357584,27.514146534787855,28.471099750163066,8.966206433585027,1.6,-1440.7631600144707,True,ok
2025-11-12 16:15:05,2025-11-12T16:14:54.713000,24.5,385.0,1.4360537898472046,56.26385800642191,15.379157401926573,28.529233984999752,45.78559210051066,12.742281942284142,1.6,-1494.3607631025359,True,ok
2025-11-12 16:30:05,2025-11-12T16:29:57.725000,24.73,382.0,1.2369004315259713,34.33823084357682,9.112743614525606,27.546279419796527,28.845469576433963,9.09066880731518,1.6,-1511.6081083770332,True,ok
2025-11-12 16:45:05,2025-11-12T16:44:54.927000,24.5,382.0,1.2954844728751658,39.70568435365151,10.811705306095455,27.83543071193472,33.09155944034685,10.206070581262756,1.6,-1404.7496425261347,True,ok
2025-11-12 17:00:05,2025-11-12T16:59:57.916000,24.62,381.0,1.0541222884323167,21.521264012331702,4.8404213374439005,26.644147456330053,18.576803613039104,5.693662706948102,1.6,-1478.8144430589753,True,ok
2025-11-12 17:15:05,2025-11-12T17:14:55.140000,24.02,383.0,1.5200477218575945,68.92809225644214,19.17842767693264,28.94380002403089,55.6782346488751,14.068134279294094,1.6,-1532.8155386549568,True,ok
2025-11-12 17:30:05,2025-11-12T17:29:58.088000,24.97,384.0,0.4720333543116111,19.0,4.0,23.77115058612249,16.55682351251732,0.0,1.6,-1657.078437268992,True,ok
2025-11-12 17:45:05,2025-11-12T17:44:55.385000,24.25,385.0,1.3000589725007416,40.294597328411214,10.988379198523363,27.858008916632766,33.55158769285507,10.29244647165384,1.6,-1428.7014663266466,True,ok
2025-11-12 18:00:05,2025-11-12T17:59:58.278000,24.52,385.0,1.608610966538832,83.9504196180186,24.58016784720744,29.38091866668122,67.95071279404314,15.238121013366147,1.6,-1523.1793919902723,True,"red_error:RPC错误: HTTPConnectionPool(host='192.168.0.46', port=80): Max retries exceeded with url: /rpc/Light.Set (Caused by ConnectTimeoutError(<urllib3.connection.HTTPConnection object at 0x7ffeadf2b150>, 'Connection to 192.168.0.46 timed out. (connect timeout=5)'))|blue_retry:1"
2025-11-12 18:15:05,2025-11-12T18:14:55.496000,25.52,385.0,1.1058635644700159,25.069665042661217,6.023221680887072,26.89952514074078,21.41970282346643,6.621001785212211,1.6,-1501.196621863005,True,ok
2025-11-12 18:30:05,2025-11-12T18:29:58.461000,24.62,384.0,1.4929671581408221,64.87287746058972,17.961863238176917,28.810139392053287,52.51051130767564,13.661188864518893,1.6,-1460.7512708466409,True,ok
2025-11-12 18:45:05,2025-11-12T18:44:55.657000,25.12,381.0,1.1758480895760912,29.956249849442294,7.652083283147432,27.244945418995073,25.334724820738824,7.926711894204189,1.6,-1448.6106917399043,True,ok
2025-11-12 19:00:05,2025-11-12T18:59:58.613000,24.74,379.0,1.3356763983518516,44.879921610434636,12.36397648313039,28.03380465332662,37.13340505305757,10.95878000928331,1.6,-1502.4763439108506,True,ok
2025-11-12 19:15:05,2025-11-12T19:14:55.883000,24.99,380.0,1.173642938095918,29.79797693858099,7.599325646193664,27.234061526638584,25.207920119276476,7.884945327367244,1.6,-1667.0898806220473,True,ok
2025-11-12 19:30:05,2025-11-12T19:29:58.664000,24.69,382.0,1.6198106637120837,86.07693331388127,25.32307999416438,29.436196637176625,69.67490244873687,15.366851930896065,1.6,-1422.3609437520422,True,ok
2025-11-12 19:45:05,2025-11-12T19:44:56.025000,25.74,381.0,1.4064813765347368,52.758761380164145,14.439690345041036,28.38327441437238,43.114928650092686,12.235339584922215,1.6,-1350.1564461096893,True,ok
2025-11-12 20:00:05,2025-11-12T19:59:58.852000,25.62,379.0,1.2187375374057554,33.03460424562254,8.678201415207512,27.456633431181203,27.801033224866305,8.743479798020894,1.6,-1563.205511274585,True,ok
2025-11-12 20:15:05,2025-11-12T20:14:56.096000,25.01,378.0,1.2199781131709582,33.123645537918335,8.707881845972778,27.46275649946469,27.872371108436823,8.767185596813212,1.6,-1502.5783311942998,True,ok
2025-11-12 20:30:05,2025-11-12T20:29:58.979000,24.87,378.0,1.205703391236666,32.0990892602251,8.3663630867417,27.39230123217421,27.05151962970135,8.494590678940373,1.6,-1463.7370690473917,True,ok
2025-11-12 20:45:05,2025-11-12T20:44:56.259000,24.74,380.0,1.2224633393074125,33.30202057396543,8.767340191321809,27.475022746928364,28.015281181115707,8.814681066070646,1.6,-1462.2210039895754,True,ok
2025-11-12 21:00:05,2025-11-12T20:59:59.160000,24.74,381.0,1.223523639372436,33.37812272802901,8.792707576009672,27.48025603447212,28.07625251774028,8.8349467113094,1.6,-1383.9136591138072,True,ok
2025-11-12 21:15:05,2025-11-12T21:14:56.431000,24.74,383.0,1.4777603998879425,62.57262215047572,17.271786645142715,28.735083904299472,50.71367123794157,13.42370345977935,1.6,-1434.7601619941624,True,ok
2025-11-12 21:30:05,2025-11-12T21:29:59.340000,25.19,383.0,1.134533075559257,27.03581142478726,6.6786038082624195,27.04102828708421,22.99493514629427,7.150191407965996,1.6,-1466.1859934425117,True,ok
2025-11-12 21:45:05,2025-11-12T21:44:56.624000,24.87,384.0,1.471351221707088,61.603135695912975,16.980940708773893,28.70345033806099,49.95635873399329,13.321778390810273,1.6,-1511.8737361551543,True,ok
2025-11-12 22:00:05,2025-11-12T21:59:59.541000,25.38,384.0,1.5398325022389028,71.88982782033385,20.066948346100155,29.041451102382183,57.9917887633935,14.351693999782244,1.6,-1364.2678046872322,True,ok
2025-11-12 22:15:05,2025-11-12T22:14:56.816000,25.74,382.0,1.2334401661398529,34.08987317747647,9.02995772582549,27.529200703741868,28.64649099232655,9.024517401804,1.6,-1528.1726347500985,True,ok
2025-11-12 22:30:05,2025-11-12T22:29:59.707000,25.12,383.0,1.0547915396356649,21.567161057038902,4.8557203523463,26.647450657095252,18.613575294436945,5.705391415453585,1.6,-1449.5478808649452,True,ok
2025-11-12 22:45:05,2025-11-12T22:44:57.039000,24.62,383.0,1.6388634163647322,89.7242969153566,26.417289074606984,29.530234670767808,72.52403360352841,15.575242360947449,1.6,-1560.832087877488,True,ok
2025-11-12 23:00:05,2025-11-12T22:59:59.901000,25.87,384.0,1.2058553042634639,32.10999269119809,8.369997563732696,27.3930510242162,27.06025521371204,8.4974891333356,1.6,-1603.589704282064,True,ok
2025-11-12 23:15:05,2025-11-12T23:14:57.139000,25.25,383.0,1.0218612585055176,19.30881235674559,4.102937452248531,26.48491777066462,16.80423703699167,5.137704857115266,1.6,-1785.4769020331541,True,ok
2025-11-12 23:30:05,2025-11-12T23:30:00.145000,24.73,387.0,1.5681741722742393,76.33635589687407,21.53454235874963,29.181336134608365,61.54548510591913,14.736308814339466,1.6,-1639.0892152066697,True,ok
2025-11-12 23:45:05,2025-11-12T23:44:57.397000,25.48,387.0,1.565998135734174,75.92661815240346,21.370647260961384,29.17059594388732,61.200798793606765,14.70771204426551,1.6,-1455.6625722544393,True,ok
2025-11-13 00:00:05,2025-11-12T23:59:54.690000,25.75,383.0,1.4095658009434533,53.085656775751886,14.521414193937972,28.398498104693893,43.360461071086334,12.289042153063008,1.6,-1683.8785779618167,True,ok
2025-11-13 00:15:05,2025-11-13T00:14:57.616000,25.72,382.0,1.5628919344310983,75.34173463029329,21.136693852117315,29.155264770077167,60.70877347475582,14.66661784894741,1.6,-1446.8353679275465,True,ok
2025-11-13 00:30:05,2025-11-13T00:29:54.894000,25.97,382.0,0.8456373095597447,19.0,4.0,25.61513512389155,16.55682351251732,2.502857356907346,1.6,-1406.3409639751876,True,ok
2025-11-13 00:45:05,2025-11-13T00:44:57.766000,25.0,383.0,1.3646508147438596,48.325448634472174,13.331362158618044,28.176812710568036,39.785049960566774,11.49033213747784,1.6,-1630.9605185561727,True,ok
2025-11-13 09:00:05,2025-11-13T08:13:24.182000,20.74,598.0,1.5389991315975453,71.76507417541882,20.029522252625647,29.037337862799717,57.89433769044387,14.339994014596975,1.6,-1498.2886511488625,True,"red_error:RPC错误: HTTPConnectionPool(host='192.168.0.46', port=80): Max retries exceeded with url: /rpc/Light.Set (Caused by ConnectTimeoutError(<urllib3.connection.HTTPConnection object at 0x7ffeadf16fd0>, 'Connection to 192.168.0.46 timed out. (connect timeout=5)'))"
2025-11-13 09:15:05,2025-11-13T09:14:56.693000,21.65,589.0,1.6836041315697727,95.0,28.0,29.75105992137852,76.64513905509547,16.01039859237475,1.6,-1365.3092017478618,True,ok
2025-11-13 09:30:05,2025-11-13T09:29:59.617000,23.24,571.0,1.2545321286081101,35.60373121654689,9.534577072182296,27.633303596969647,29.859360052837644,9.427553862615886,1.6,-1491.631126395944,True,ok
2025-11-13 09:45:05,2025-11-13T09:44:56.926000,23.01,553.0,1.11687066305543,25.824528527917437,6.274842842639146,26.953852508832277,22.024482494048375,6.823057627945495,1.6,-1451.4382808569806,True,ok
2025-11-13 10:00:05,2025-11-13T09:59:59.894000,22.63,546.0,1.2989964532099538,40.157810477937126,10.947343143381136,27.85276467573068,33.444736904221365,10.272397540225064,1.6,-1505.9437030322533,True,ok
2025-11-13 10:15:05,2025-11-13T10:14:51.647000,23.0,532.0,1.5600744610415842,74.92000192958865,20.976000578876594,29.14135866096655,60.3588035177296,14.62906681996813,1.6,-1530.8970044700268,True,ok
2025-11-13 10:30:05,2025-11-13T10:30:00.154000,23.97,523.0,1.2689499672191409,36.638559574513906,9.879519858171303,27.704465240451533,30.688441291583384,9.702498095388943,1.6,-1586.3500765777803,True,ok
2025-11-13 10:45:05,2025-11-13T10:44:57.490000,23.73,510.0,0.8952594583734236,19.0,4.0,25.860053502987743,16.55682351251732,3.1680623435493462,1.6,-1476.807408632956,True,ok
2025-11-13 11:00:05,2025-11-13T10:59:54.741000,23.44,504.0,1.2673489123145092,36.52364519222172,9.841215064073909,27.69656296734444,30.59637446940267,9.672001660510608,1.6,-1529.4009690802357,True,ok
2025-11-13 11:15:05,2025-11-13T11:14:57.703000,23.47,498.0,1.339192320501639,45.332555196997475,12.499766559099243,28.051158072606942,37.48697892012681,11.02384875944261,1.6,-1418.3182560004236,True,ok
2025-11-13 11:30:05,2025-11-13T11:29:54.959000,23.87,486.0,1.378865883369825,49.83199892264264,13.70799973066066,28.246973549021146,40.91662582427114,11.746779420637955,1.6,-1396.5102889707882,True,ok
2025-11-13 11:45:05,2025-11-13T11:44:57.836000,24.25,483.0,1.2360159691537205,34.27474929346016,9.091583097820054,27.541914008467877,28.794609584240078,9.073760534472878,1.6,-1632.6602593996338,True,ok
2025-11-13 12:00:05,2025-11-13T11:59:55.174000,24.02,473.0,0.7755754748873962,19.0,4.0,25.26933327139848,16.55682351251732,1.6756109824488545,1.6,-1489.6510173266822,True,ok
2025-11-13 12:15:05,2025-11-13T12:14:58.068000,23.72,470.0,0.8871310131960317,19.0,4.0,25.819934208176587,16.55682351251732,3.0547069644992524,1.6,-1359.745787978486,True,ok
2025-11-13 12:30:05,2025-11-13T12:29:55.353000,23.74,468.0,1.5005441637032064,66.00845500523187,18.30253650156956,28.84753696481278,53.397565551407446,13.777160652209385,1.6,-1384.6808734568037,True,ok
2025-11-13 12:45:05,2025-11-13T12:44:52.573000,24.74,460.0,1.3127072461697593,41.92291366498939,11.476874099496815,27.92043657765592,34.82354390871585,10.530421999105995,1.6,-1458.8509704643755,True,ok
2025-11-13 13:00:05,2025-11-13T12:59:55.569000,24.74,456.0,1.2217384221268222,33.2499902470981,8.749996749032698,27.47144479746237,27.973595651801205,8.80082632299114,1.6,-1587.6348906664318,True,ok
2025-11-13 13:15:05,2025-11-13T13:14:58.385000,24.74,451.0,1.0239037582132617,19.448886367717538,4.14962878923918,26.49499886811172,16.916461188599627,5.1723332403434785,1.6,-1500.0417432475513,True,ok
2025-11-13 13:30:05,2025-11-13T13:29:55.667000,24.5,448.0,1.079265869720252,23.245603197226895,5.415201065742298,26.7682477889625,19.958305440297963,6.139317736358705,1.6,-1379.4309461404541,True,ok
2025-11-13 13:45:05,2025-11-13T13:44:58.585000,24.37,446.0,1.1799993788983028,30.254205183015216,7.751401727671738,27.265434798763227,25.57343994208981,8.005417178142485,1.6,-1440.5720836122237,True,ok
2025-11-13 14:00:05,2025-11-13T13:59:55.857000,24.51,446.0,1.1791280215992452,30.191664238612052,7.730554746204017,27.261134069705722,25.5233335420681,7.98888872780363,1.6,-1427.3526858562798,True,ok
2025-11-13 14:15:05,2025-11-13T14:14:58.846000,24.44,440.0,1.4021649146852702,52.301291422452344,14.325322855613086,28.36196979808961,42.77132116046472,12.159881039088752,1.6,-1462.2994277885778,True,ok
2025-11-13 14:30:05,2025-11-13T14:29:56.120000,25.12,434.0,1.3265714327045461,43.70776446903701,12.012329340711103,27.98886557911527,36.217776726746344,10.789628128877244,1.6,-1474.947142118759,True,ok
2025-11-13 14:45:05,2025-11-13T14:44:58.988000,25.3,428.0,1.0960577366733002,24.397184344045513,5.799061448015172,26.85112684467574,20.880926391270247,6.442287482511406,1.6,-1393.1755605372366,True,ok
2025-11-13 15:00:05,2025-11-13T14:59:56.300000,25.06,426.0,1.5030285399738341,66.38036034928908,18.41410810478672,28.859799017622137,53.688078705061294,13.81483501689387,1.6,-1588.7411007718404,True,ok
2025-11-13 15:15:05,2025-11-13T15:14:59.266000,25.87,423.0,1.3880783562747512,50.808360984259956,13.952090246064989,28.292443243205774,41.64997521979943,11.911247569644463,1.6,-1490.887314700048,True,ok
2025-11-13 15:30:05,2025-11-13T15:29:56.570000,25.99,419.0,1.6262068983494022,87.30139645723753,25.69041893717126,29.46776631840049,70.6313895092041,15.43831280734166,1.6,-1585.0498497832439,True,ok
2025-11-13 15:45:05,2025-11-13T15:44:59.439000,26.74,411.0,1.5869030601294711,79.86291996183932,22.945167984735733,29.273775679558366,64.51215922635362,14.975804839800006,1.6,-1375.5073212984707,True,ok
2025-11-13 16:00:05,2025-11-13T15:59:56.684000,27.23,402.0,1.2787054952651835,37.54558851224523,10.16367655367357,27.75261527372066,31.40420467357864,9.888078720631658,1.6,-1543.9248920727375,True,ok
2025-11-13 16:15:05,2025-11-13T16:14:59.647000,26.61,401.0,1.1848188578940893,30.60011927388669,7.866706424628897,27.289222139939607,25.850578542661932,8.096910358794402,1.6,-1460.4492446899421,True,ok
2025-11-13 16:30:05,2025-11-13T16:29:56.852000,26.24,398.0,1.4005389979412644,52.12897249781847,14.282243124454617,28.35394481523402,42.641891736497755,12.131366699740619,1.6,-1443.9552952903532,True,ok
2025-11-13 16:45:05,2025-11-13T16:44:59.858000,26.38,398.0,1.3064757879665885,41.12068677945148,11.236206033835444,27.88968017796318,34.196885899661616,10.413342131826788,1.6,-1646.2890936326728,True,ok
2025-11-13 17:00:05,2025-11-13T16:59:57.132000,26.47,397.0,1.5240166061564915,69.52222499637995,19.356667498913986,28.963389113430384,56.14234031104537,14.125974777902,1.6,-1418.303029769415,True,ok
2025-11-13 17:15:05,2025-11-13T17:15:00.011000,26.94,395.0,1.3697922827116595,48.870354906282884,13.467588726570721,28.20218928193694,40.194331210587926,11.583445409509284,1.6,-1376.3908482541453,True,ok
2025-11-13 17:30:05,2025-11-13T17:29:57.270000,26.74,395.0,1.0154784591272852,19.0,4.0,26.453414401399364,16.55682351251732,5.030012267033623,1.6,-1436.2113623075852,True,ok
2025-11-13 17:45:05,2025-11-13T17:45:00.119000,26.25,394.0,1.4486356517508654,58.167057503233565,15.950117250970068,28.59133385969537,47.27227277527429,12.952237865556464,1.6,-1439.885681859894,True,ok
2025-11-13 18:00:05,2025-11-13T17:59:57.465000,26.62,391.0,1.1319893821190041,26.861365699527997,6.620455233175999,27.028473464506014,22.855173149168504,7.102873130082198,1.6,-1500.9762793763757,True,ok
2025-11-13 18:15:05,2025-11-13T18:14:54.739000,26.25,394.0,1.2449452876206677,34.91564368936817,9.305214563122721,27.585986146769866,29.30807978011728,9.244435310499654,1.6,-1488.6550293074445,True,ok
2025-11-13 18:30:05,2025-11-13T18:29:57.610000,26.26,393.0,1.416910781049439,53.86409704828541,14.716024262071352,28.4347504771739,43.94515063017439,12.416173510875801,1.6,-1482.1204662903333,True,ok
2025-11-13 18:45:05,2025-11-13T18:44:49.364000,26.55,394.0,1.4403131221685763,56.908147316927675,15.572444195078303,28.550256628982773,46.288877472585604,12.813761133576508,1.6,-1452.457457804623,True,ok
2025-11-13 19:00:05,2025-11-13T18:59:57.836000,26.75,392.0,1.163681190946904,29.082980833907595,7.360993611302532,27.184893664644868,24.635081298618747,7.69665702190721,1.6,-1482.2774754559496,True,ok
2025-11-13 19:15:05,2025-11-13T19:14:55.075000,26.49,391.0,1.5025898987348145,66.31469677696956,18.394409033090867,28.85763403073959,53.63678573016985,13.808195956487282,1.6,-1453.7041563301048,True,ok
2025-11-13 19:30:05,2025-11-13T19:29:57.921000,27.0,390.0,1.518627483381156,68.71548586285034,19.1146457588551,28.93679020051669,55.51215756803642,14.047321866061386,1.6,-1615.6032999081074,True,ok
2025-11-13 19:45:05,2025-11-13T19:44:55.261000,27.37,388.0,1.523145547994684,69.39182961739051,19.317548885217157,28.959089860814593,56.04048220823123,14.113320981727473,1.6,-1459.0221554493712,True,ok
2025-11-13 20:00:05,2025-11-13T19:59:58.176000,27.5,385.0,1.2771682342964916,37.34768425950626,10.104305277851878,27.74502786620807,31.249612142163272,9.858864869590827,1.6,-1513.2414209428373,True,ok
2025-11-13 20:15:05,2025-11-13T20:14:55.420000,27.06,384.0,1.1637162479421006,29.085497020539535,7.361832340179845,27.18506669428274,24.637097210836135,7.697318443171466,1.6,-1583.5283054528597,True,ok
2025-11-13 20:30:05,2025-11-13T20:29:58.242000,26.62,385.0,1.1413053172135903,27.500249705094987,6.833416568364996,27.074453813557373,23.367032665456712,7.276482660987617,1.6,-1372.245940635786,True,ok
2025-11-13 20:45:05,2025-11-13T20:44:55.556000,26.37,388.0,1.0062431598218644,19.0,4.0,26.407832043713793,16.55682351251732,4.875616629244805,1.6,-1602.0134276595927,True,ok
2025-11-13 21:00:05,2025-11-13T20:59:58.430000,26.0,390.0,1.0634613975424692,22.161737284863275,5.0539124282877586,26.69024218459443,19.0899364143253,5.85800775798992,1.6,-1377.6302773074203,True,ok
2025-11-13 21:15:05,2025-11-13T21:14:55.756000,25.96,395.0,1.1804791273941082,30.288638731728383,7.762879577242795,27.267802677357274,25.601027327960843,8.014519151593776,1.6,-1563.5686844600136,True,ok
2025-11-13 21:30:05,2025-11-13T21:29:58.569000,26.0,398.0,1.713721756227015,95.0,28.0,29.899710473392624,76.64513905509547,16.2591549536732,1.6,-1546.212116895605,True,ok
2025-11-13 21:45:05,2025-11-13T21:44:55.942000,27.25,397.0,1.1770753210573912,30.04433336687517,7.681444455625057,27.25100262434312,25.40529535660025,7.9499688725508255,1.6,-1428.8928103478283,True,ok
2025-11-13 22:00:05,2025-11-13T21:59:58.776000,26.74,396.0,1.021191946295992,19.26291112825323,4.087637042751076,26.481614268793273,16.76746200363912,5.126374854260039,1.6,-1463.2817986215725,True,ok
2025-11-13 22:15:05,2025-11-13T22:14:56.086000,26.25,397.0,1.2675417587328952,36.53748658328331,9.845828861094438,27.697514792957293,30.60746388105143,9.675675475580007,1.6,-1481.4870151341865,True,ok
2025-11-13 22:30:05,2025-11-13T22:29:58.901000,26.44,398.0,1.459232114491399,59.769934939831316,16.430980481949394,28.643634466190857,48.52435744269703,13.126195380627317,1.6,-1404.3163856776152,True,ok
2025-11-13 22:45:05,2025-11-13T22:44:56.181000,26.87,397.0,1.4853776520711968,63.724848318054214,17.617454495416265,28.772680120958583,51.61373052188191,13.543439735693607,1.6,-1470.9482903436535,True,ok
2025-11-13 23:00:05,2025-11-13T22:59:59.103000,27.37,396.0,1.05966868139806,21.901633961072747,4.967211320357583,26.67152260245887,18.881547473077323,5.791091089591066,1.6,-1356.7249566515413,True,ok
2025-11-13 23:15:05,2025-11-13T23:14:56.383000,26.61,396.0,1.6943464912048398,95.0,28.0,29.804080626293334,76.64513905509547,16.10326529265364,1.6,-1512.2190903465687,True,ok
2025-11-13 23:30:05,2025-11-13T23:29:59.250000,27.62,397.0,1.041690280326515,20.668680663990035,4.556226887996678,26.582787210009073,17.893732982885744,5.477195098889675,1.6,-1535.9506109797194,True,ok
2025-11-13 23:45:05,2025-11-13T23:44:56.488000,26.87,397.0,1.1630267066431574,29.036005768113533,7.345335256037845,27.1816633483718,24.597445930937855,7.684310479814961,1.6,-1564.1913735869002,True,ok
2025-11-14 00:00:05,2025-11-13T23:59:59.341000,26.49,398.0,0.9946038394549874,19.0,4.0,26.35038423973536,16.55682351251732,4.683502127801852,1.6,-1463.04528798868,True,ok
2025-11-14 00:15:05,2025-11-14T00:14:56.618000,26.12,403.0,1.278873545649708,37.567223020926036,10.17016690627781,27.75344471437908,31.42110442897351,9.891271596580697,1.6,-1487.4393471601406,True,ok
2025-11-14 00:30:05,2025-11-14T00:29:59.608000,26.25,406.0,1.66530746794214,94.7866137866968,27.93598413600904,29.66075369108257,76.4784528195693,15.84178586530842,1.6,-1543.957551680025,True,ok
2025-11-14 00:45:05,2025-11-14T00:44:56.801000,27.5,407.0,0.6861871224429665,19.0,4.0,24.82814217197689,16.55682351251732,0.8128868359621624,1.6,-1539.8197535961563,True,ok
2025-11-14 09:00:05,2025-11-14T06:57:00.548000,22.88,550.0,1.5078772955139164,67.10620776568223,18.63186232970467,28.883730858058343,54.25507303675726,13.887857256791573,1.6,-1389.0091259031628,True,"red_error:RPC错误: HTTPConnectionPool(host='192.168.0.46', port=80): Max retries exceeded with url: /rpc/Light.Set (Caused by ConnectTimeoutError(<urllib3.connection.HTTPConnection object at 0x7ffeadf2c710>, 'Connection to 192.168.0.46 timed out. (connect timeout=5)'))|blue_error:RPC错误: HTTPConnectionPool(host='192.168.0.63', port=80): Max retries exceeded with url: /rpc/Light.Set (Caused by ConnectTimeoutError(<urllib3.connection.HTTPConnection object at 0x7ffeadf14c50>, 'Connection to 192.168.0.63 timed out. (connect timeout=5)'))"
2025-11-14 09:15:05,2025-11-14T06:57:00.548000,22.88,546.0,1.2257526853069485,33.53811064344928,8.846036881149761,27.491257861887167,28.204431242337243,8.87755410759151,1.6,-1345.9406806526454,True,ok
2025-11-14 09:30:05,2025-11-14T09:29:54.847000,23.25,542.0,1.237725995539054,34.39748501301949,9.13249500433983,27.550354128465102,28.89294268617643,9.106450773793384,1.6,-1529.2980660126407,True,ok
2025-11-14 09:45:05,2025-11-14T09:44:57.740000,23.74,530.0,1.6795475808276898,95.0,28.0,29.731038139649502,76.64513905509547,15.974145814793781,1.6,-1616.7763159339372,True,ok
2025-11-14 10:00:05,2025-11-14T09:59:55.076000,25.0,515.0,0.9642561111343994,19.0,4.0,26.20059797277142,16.55682351251732,4.196207764661241,1.6,-1341.4877766949953,True,ok
2025-11-14 10:15:05,2025-11-14T10:14:58.026000,24.49,509.0,1.4412020865019015,57.04261680044471,15.612785040133414,28.554644260490022,46.39391805441905,12.828628084473536,1.6,-1603.8961843284592,True,ok
2025-11-14 10:30:05,2025-11-14T10:29:55.290000,24.74,501.0,1.4007439644897657,52.15069539067499,14.287673847668747,28.354956461767436,42.658207887003506,12.134963984944811,1.6,-1324.7459295110355,True,ok
2025-11-14 10:45:05,2025-11-14T10:44:58.244000,25.02,490.0,1.5227908701174098,69.33873516485663,19.301620549456988,28.95733928908644,55.99900757740481,14.10816205179736,1.6,-1496.4572662516732,True,ok
2025-11-14 11:00:05,2025-11-14T10:59:55.520000,25.52,483.0,1.1593232020793665,28.77018981262496,7.256729937541653,27.163384084848875,24.384480157475867,7.614505088708723,1.6,-1478.6181112669876,True,ok
2025-11-14 11:15:05,2025-11-14T11:14:58.387000,25.12,475.0,1.0971100493178312,24.46935162630121,5.823117208767071,26.856320708975506,20.938745196977322,6.461405310693095,1.6,-1438.8716371996227,True,ok
2025-11-14 11:30:05,2025-11-14T11:29:55.754000,24.8,473.0,1.3241424161971758,43.39505718863893,11.918517156591678,27.976876763636586,35.97350602816506,10.744351889386074,1.6,-1381.2022924436062,True,ok
2025-11-14 11:45:05,2025-11-14T11:44:58.610000,25.12,469.0,1.4302428883856135,55.3848700774172,15.11546102322516,28.500553313140813,45.09897234804068,12.644117418063935,1.6,-1498.4207666029897,True,ok
2025-11-14 12:00:05,2025-11-14T11:59:55.915000,25.47,460.0,1.4267476108579755,54.90663009351212,14.97665752337803,28.48330178883108,44.72820131248874,12.584718729279475,1.6,-1500.984104291233,True,ok
2025-11-14 12:15:05,2025-11-14T12:14:58.860000,25.74,455.0,1.3366111719030165,45.00026270078371,12.400078810235112,28.038418383857174,37.227409267382804,10.976093792603239,1.6,-1458.4563842291097,True,ok
2025-11-14 12:30:05,2025-11-14T12:29:56.105000,25.62,450.0,1.3563856682489226,47.44948671255968,13.11237167813992,28.13601870363913,39.12711150597726,11.339841976882479,1.6,-1361.0068916980015,True,ok
2025-11-14 12:45:05,2025-11-14T12:44:59.097000,25.62,446.0,1.5090827586062696,67.28666278427593,18.68599883528278,28.889680621897632,54.39603513203777,13.905906614287833,1.6,-1520.910731026164,True,ok
2025-11-14 13:00:05,2025-11-14T12:59:56.400000,25.99,440.0,1.4659490316731179,60.78597163601008,16.735791490803024,28.676786929516197,49.3180325795338,13.235050013071474,1.6,-1753.1238782338157,True,ok
2025-11-14 13:15:05,2025-11-14T13:14:59.216000,26.24,432.0,1.5858229239951966,79.65953525977658,22.86381410391063,29.2684444877915,64.3410646081965,14.96231971105496,1.6,-1372.5116456602245,True,ok
2025-11-14 13:30:05,2025-11-14T13:29:56.597000,26.74,427.0,1.5972077325869252,81.80324273330294,23.721297093321173,29.324636106519584,66.14442940359979,15.102405564585437,1.6,-1474.5671802681811,True,ok
2025-11-14 13:45:05,2025-11-14T13:44:59.454000,27.12,416.0,1.3965419181613532,51.70535149023036,14.17633787255759,28.334216562342558,42.32370832681751,12.061061144220979,1.6,-1610.0759796391783,True,ok
2025-11-14 14:00:05,2025-11-14T13:59:51.090000,26.74,413.0,1.4272204008070042,54.95673761340493,14.989184403351233,28.485635322358696,44.765837268318435,12.592768582206375,1.6,-1464.3077580623503,True,ok
2025-11-14 14:15:05,2025-11-14T14:14:59.572000,26.74,406.0,1.4578486777002002,59.56066891664328,16.368200674992984,28.636806283522777,48.36088968585941,13.103637430158798,1.6,-1456.1907428145375,True,ok
2025-11-14 14:30:05,2025-11-14T14:29:56.834000,26.87,402.0,1.3956319045263266,51.60890585636376,14.15222646409094,28.3297250385014,42.25126763081151,12.045014051231185,1.6,-1438.9011653649138,True,ok
2025-11-14 14:45:05,2025-11-14T14:44:59.726000,26.74,402.0,1.0413962071386842,20.648513213888293,4.54950440462943,26.58133576281823,17.877575274813708,5.47210756415317,1.6,-1448.2336034237376,True,ok
2025-11-14 15:00:05,2025-11-14T14:59:57.003000,26.09,401.0,1.3883003552856892,50.831889022196485,13.957972255549121,28.293538956293975,41.667647221894775,11.915193191877712,1.6,-1447.7985236764557,True,ok
2025-11-14 15:15:05,2025-11-14T15:14:59.959000,26.47,402.0,0.7716899596440363,19.0,4.0,25.250155663856123,16.55682351251732,1.6336299208911003,1.6,-1498.6227504193619,True,ok
2025-11-14 15:30:05,2025-11-14T15:29:57.259000,26.0,402.0,0.9289824605140711,19.0,4.0,26.026498995978326,16.55682351251732,3.6561512009734844,1.6,-1397.95492020075,True,ok
2025-11-14 15:45:05,2025-11-14T15:45:00.102000,25.74,408.0,1.128800458836844,26.642670307249425,6.547556769083142,27.012734002592317,22.67995931264927,7.0436463770197015,1.6,-1429.0565366434944,True,ok
2025-11-14 16:00:05,2025-11-14T15:59:57.472000,25.69,410.0,1.0502661339501023,21.256810106559648,4.752270035519883,26.625114763713803,18.364929083219128,5.626231773050545,1.6,-1573.1401857499359,True,ok
2025-11-14 16:15:05,2025-11-14T16:14:49.088000,25.47,414.0,1.3354903528799393,44.85597044609486,12.356791133828457,28.032886394917657,37.11469564649158,10.955332894225721,1.6,-1489.6795010254868,True,ok
2025-11-14 16:30:05,2025-11-14T16:29:57.609000,25.94,415.0,1.0219234045382988,19.3130743128402,4.104358104280067,26.485224502758655,16.807651620493555,5.138757292970766,1.6,-1371.0684045356938,True,ok
2025-11-14 16:45:05,2025-11-14T16:44:54.925000,25.49,415.0,1.9799012030700505,95.0,28.0,31.213483460417045,76.64513905509547,16.873507612047874,1.6,-1448.8573946929314,True,ok
2025-11-14 17:00:05,2025-11-14T16:59:57.751000,26.97,413.0,1.3876219623169996,50.7599911545629,13.939997788640724,28.290190634823546,41.61364444992971,11.903133349114974,1.6,-1444.6530865676127,True,ok
2025-11-14 17:15:05,2025-11-14T17:14:55.027000,26.73,412.0,1.5203738031443554,68.97690586594936,19.193071759784807,28.945409452524345,55.71636530729604,14.07290423278741,1.6,-1391.473241859629,True,ok
2025-11-14 17:30:05,2025-11-14T17:29:57.925000,27.25,409.0,1.2180828776661174,32.98761658806349,8.66253886268783,27.453402249015074,27.76338776894611,8.73097099986574,1.6,-1573.2363095747914,True,ok
2025-11-14 17:45:05,2025-11-14T17:44:55.242000,25.25,508.0,1.565033924581146,75.74506159498314,21.298024637993258,29.1658369191705,61.04806680565142,14.694990145657677,1.6,-1464.4213568055875,True,"red_error:RPC错误: HTTPConnectionPool(host='192.168.0.46', port=80): Max retries exceeded with url: /rpc/Light.Set (Caused by ConnectTimeoutError(<urllib3.connection.HTTPConnection object at 0x7ffeae4c4710>, 'Connection to 192.168.0.46 timed out. (connect timeout=5)'))|blue_error:RPC错误: HTTPConnectionPool(host='192.168.0.63', port=80): Max retries exceeded with url: /rpc/Light.Set (Caused by ConnectTimeoutError(<urllib3.connection.HTTPConnection object at 0x7ffeae4c4290>, 'Connection to 192.168.0.63 timed out. (connect timeout=5)'))"
2025-11-14 18:00:05,2025-11-14T17:59:54.920000,24.12,521.0,1.3055129146164846,40.99672817078613,11.199018451235839,27.884927756195474,34.10005586776948,10.395222024696928,1.6,-1516.9045884360653,True,"red_error:RPC错误: HTTPConnectionPool(host='192.168.0.46', port=80): Max retries exceeded with url: /rpc/Light.Set (Caused by NewConnectionError('<urllib3.connection.HTTPConnection object at 0x7ffeadf2ba50>: Failed to establish a new connection: [Errno 113] No route to host'))|blue_error:RPC错误: HTTPConnectionPool(host='192.168.0.63', port=80): Max retries exceeded with url: /rpc/Light.Set (Caused by NewConnectionError('<urllib3.connection.HTTPConnection object at 0x7ffeadf4ecd0>: Failed to establish a new connection: [Errno 113] No route to host'))"
2025-11-14 18:15:05,2025-11-14T18:14:55.561000,24.24,555.0,1.1261532307462232,26.461124207044396,6.487041402348132,26.999668167505504,22.53450865458734,6.994561988744536,1.6,-1467.8168341156324,True,"red_error:RPC错误: HTTPConnectionPool(host='192.168.0.46', port=80): Max retries exceeded with url: /rpc/Light.Set (Caused by NewConnectionError('<urllib3.connection.HTTPConnection object at 0x7ffeadf3efd0>: Failed to establish a new connection: [Errno 113] No route to host'))|blue_error:RPC错误: HTTPConnectionPool(host='192.168.0.63', port=80): Max retries exceeded with url: /rpc/Light.Set (Caused by NewConnectionError('<urllib3.connection.HTTPConnection object at 0x7ffeadf4c110>: Failed to establish a new connection: [Errno 113] No route to host'))"
2025-11-14 18:30:05,2025-11-14T18:29:56.304000,24.22,556.0,1.368238600170364,48.705691552070235,13.426422888017559,28.19452082301806,40.07065191576005,11.555349592761715,1.6,-1511.3123223512503,True,"red_error:RPC错误: HTTPConnectionPool(host='192.168.0.46', port=80): Max retries exceeded with url: /rpc/Light.Set (Caused by NewConnectionError('<urllib3.connection.HTTPConnection object at 0x7ffeadf20bd0>: Failed to establish a new connection: [Errno 113] No route to host'))|blue_error:RPC错误: HTTPConnectionPool(host='192.168.0.63', port=80): Max retries exceeded with url: /rpc/Light.Set (Caused by NewConnectionError('<urllib3.connection.HTTPConnection object at 0x7ffeadf2a150>: Failed to establish a new connection: [Errno 113] No route to host'))"
2025-11-14 18:45:05,2025-11-14T18:44:56.997000,23.74,558.0,1.2117149393224402,32.53056311717909,8.510187705726363,27.42197222886069,27.39720679323501,8.609335873344127,1.6,-1328.1872898504441,True,"red_error:RPC错误: HTTPConnectionPool(host='192.168.0.46', port=80): Max retries exceeded with url: /rpc/Light.Set (Caused by NewConnectionError('<urllib3.connection.HTTPConnection object at 0x7ffeadf2b990>: Failed to establish a new connection: [Errno 113] No route to host'))|blue_error:RPC错误: HTTPConnectionPool(host='192.168.0.63', port=80): Max retries exceeded with url: /rpc/Light.Set (Caused by NewConnectionError('<urllib3.connection.HTTPConnection object at 0x7ffeadf3bf90>: Failed to establish a new connection: [Errno 113] No route to host'))"
2025-11-14 19:00:05,2025-11-14T18:59:57.632000,23.87,557.0,1.3811747833507748,50.07670220358936,13.76917555089734,28.258369509380554,41.10042342376902,11.788132160133916,1.6,-1503.8179482374874,True,"red_error:RPC错误: HTTPConnectionPool(host='192.168.0.46', port=80): Max retries exceeded with url: /rpc/Light.Set (Caused by NewConnectionError('<urllib3.connection.HTTPConnection object at 0x7ffeadf29110>: Failed to establish a new connection: [Errno 113] No route to host'))|blue_error:RPC错误: HTTPConnectionPool(host='192.168.0.63', port=80): Max retries exceeded with url: /rpc/Light.Set (Caused by NewConnectionError('<urllib3.connection.HTTPConnection object at 0x7ffeadf204d0>: Failed to establish a new connection: [Errno 113] No route to host'))"
2025-11-14 19:15:05,2025-11-14T19:14:58.389000,23.74,558.0,1.3890537772889229,50.911738663865634,13.977934665966409,28.297257596059058,41.727622602702,11.928577540490046,1.6,-1545.6440007577269,True,"red_error:RPC错误: HTTPConnectionPool(host='192.168.0.46', port=80): Max retries exceeded with url: /rpc/Light.Set (Caused by NewConnectionError('<urllib3.connection.HTTPConnection object at 0x7ffeadf4c710>: Failed to establish a new connection: [Errno 113] No route to host'))|blue_error:RPC错误: HTTPConnectionPool(host='192.168.0.63', port=80): Max retries exceeded with url: /rpc/Light.Set (Caused by NewConnectionError('<urllib3.connection.HTTPConnection object at 0x7ffeadf1b610>: Failed to establish a new connection: [Errno 113] No route to host'))"
2025-11-14 19:30:05,2025-11-14T19:29:59.079000,23.62,556.0,1.2114207350023958,32.509446847145,8.503148949048335,27.420520134444967,27.38028891194314,8.60371819646392,1.6,-1562.657056939031,True,"red_error:RPC错误: HTTPConnectionPool(host='192.168.0.46', port=80): Max retries exceeded with url: /rpc/Light.Set (Caused by NewConnectionError('<urllib3.connection.HTTPConnection object at 0x7ffeadf20910>: Failed to establish a new connection: [Errno 113] No route to host'))|blue_error:RPC错误: HTTPConnectionPool(host='192.168.0.63', port=80): Max retries exceeded with url: /rpc/Light.Set (Caused by NewConnectionError('<urllib3.connection.HTTPConnection object at 0x7ffeadf4fb90>: Failed to establish a new connection: [Errno 113] No route to host'))"
2025-11-14 19:45:05,2025-11-14T19:44:59.775000,23.51,555.0,1.0002761315471687,19.0,4.0,26.37838078196882,16.55682351251732,4.776777305202515,1.6,-1466.848093678322,True,"red_error:RPC错误: HTTPConnectionPool(host='192.168.0.46', port=80): Max retries exceeded with url: /rpc/Light.Set (Caused by NewConnectionError('<urllib3.connection.HTTPConnection object at 0x7ffeadf4c710>: Failed to establish a new connection: [Errno 113] No route to host'))|blue_error:RPC错误: HTTPConnectionPool(host='192.168.0.63', port=80): Max retries exceeded with url: /rpc/Light.Set (Caused by NewConnectionError('<urllib3.connection.HTTPConnection object at 0x7ffeadf1b510>: Failed to establish a new connection: [Errno 113] No route to host'))"
2025-11-14 20:00:05,2025-11-14T19:59:55.529000,23.44,554.0,1.4803112312115279,62.958474493210986,17.387542347963297,28.747673957089532,51.015079063142124,13.463971416038206,1.6,-1407.3866031146804,True,"red_error:RPC错误: HTTPConnectionPool(host='192.168.0.46', port=80): Max retries exceeded with url: /rpc/Light.Set (Caused by NewConnectionError('<urllib3.connection.HTTPConnection object at 0x7ffeadf4c710>: Failed to establish a new connection: [Errno 113] No route to host'))|blue_error:RPC错误: HTTPConnectionPool(host='192.168.0.63', port=80): Max retries exceeded with url: /rpc/Light.Set (Caused by NewConnectionError('<urllib3.connection.HTTPConnection object at 0x7ffeadf23590>: Failed to establish a new connection: [Errno 113] No route to host'))"
2025-11-14 20:15:05,2025-11-14T20:14:56.205000,23.49,553.0,1.1905918091014587,31.01446803861591,8.004822679538638,27.317715501998943,26.18254546692496,8.206657871994498,1.6,-1441.0330488784164,True,"red_error:RPC错误: HTTPConnectionPool(host='192.168.0.46', port=80): Max retries exceeded with url: /rpc/Light.Set (Caused by NewConnectionError('<urllib3.connection.HTTPConnection object at 0x7ffeadf2b0d0>: Failed to establish a new connection: [Errno 113] No route to host'))|blue_error:RPC错误: HTTPConnectionPool(host='192.168.0.63', port=80): Max retries exceeded with url: /rpc/Light.Set (Caused by NewConnectionError('<urllib3.connection.HTTPConnection object at 0x7ffeadf29910>: Failed to establish a new connection: [Errno 113] No route to host'))"
2025-11-14 20:30:05,2025-11-14T20:29:56.848000,23.25,553.0,1.352825116197377,47.07213005952857,13.018032514882142,28.118445006046418,38.84367743548445,11.274718796111966,1.6,-1404.0458739869603,True,"red_error:RPC错误: HTTPConnectionPool(host='192.168.0.46', port=80): Max retries exceeded with url: /rpc/Light.Set (Caused by NewConnectionError('<urllib3.connection.HTTPConnection object at 0x7ffeadf4c710>: Failed to establish a new connection: [Errno 113] No route to host'))|blue_error:RPC错误: HTTPConnectionPool(host='192.168.0.63', port=80): Max retries exceeded with url: /rpc/Light.Set (Caused by NewConnectionError('<urllib3.connection.HTTPConnection object at 0x7ffeadf2d710>: Failed to establish a new connection: [Errno 113] No route to host'))"
2025-11-14 20:45:05,2025-11-14T20:44:57.577000,23.36,554.0,1.1776228066323036,30.083628688024334,7.694542896008111,27.253704830571422,25.436777885354353,7.960346998511201,1.6,-1441.5207552776699,True,"red_error:RPC错误: HTTPConnectionPool(host='192.168.0.46', port=80): Max retries exceeded with url: /rpc/Light.Set (Caused by NewConnectionError('<urllib3.connection.HTTPConnection object at 0x7ffeadf2bc50>: Failed to establish a new connection: [Errno 113] No route to host'))|blue_error:RPC错误: HTTPConnectionPool(host='192.168.0.63', port=80): Max retries exceeded with url: /rpc/Light.Set (Caused by NewConnectionError('<urllib3.connection.HTTPConnection object at 0x7ffeadf4c910>: Failed to establish a new connection: [Errno 113] No route to host'))"
2025-11-14 21:00:05,2025-11-14T20:59:58.272000,23.25,550.0,1.1779494520425604,30.10707339028885,7.70235779676295,27.25531704339033,25.455561254253983,7.9665397111160825,1.6,-1427.9395552795177,True,"red_error:RPC错误: HTTPConnectionPool(host='192.168.0.46', port=80): Max retries exceeded with url: /rpc/Light.Set (Caused by NewConnectionError('<urllib3.connection.HTTPConnection object at 0x7ffeadf4d550>: Failed to establish a new connection: [Errno 113] No route to host'))|blue_error:RPC错误: HTTPConnectionPool(host='192.168.0.63', port=80): Max retries exceeded with url: /rpc/Light.Set (Caused by NewConnectionError('<urllib3.connection.HTTPConnection object at 0x7ffeadf21a10>: Failed to establish a new connection: [Errno 113] No route to host'))"
2025-11-14 21:15:05,2025-11-14T21:14:58.968000,23.25,551.0,0.9874499138026497,19.0,4.0,26.31507484832782,16.55682351251732,4.566828323440278,1.6,-1527.2055454670426,True,"red_error:RPC错误: HTTPConnectionPool(host='192.168.0.46', port=80): Max retries exceeded with url: /rpc/Light.Set (Caused by NewConnectionError('<urllib3.connection.HTTPConnection object at 0x7ffeadf20950>: Failed to establish a new connection: [Errno 113] No route to host'))|blue_error:RPC错误: HTTPConnectionPool(host='192.168.0.63', port=80): Max retries exceeded with url: /rpc/Light.Set (Caused by NewConnectionError('<urllib3.connection.HTTPConnection object at 0x7ffeb1287d10>: Failed to establish a new connection: [Errno 113] No route to host'))"
2025-11-14 21:30:05,2025-11-14T21:29:59.690000,23.25,551.0,1.2157249607636424,32.818379066251865,8.606126355417286,27.44176435747664,27.6277984674493,8.685923219852878,1.6,-1571.9906357297268,True,"red_error:RPC错误: HTTPConnectionPool(host='192.168.0.46', port=80): Max retries exceeded with url: /rpc/Light.Set (Caused by NewConnectionError('<urllib3.connection.HTTPConnection object at 0x7ffeadf2f350>: Failed to establish a new connection: [Errno 113] No route to host'))|blue_error:RPC错误: HTTPConnectionPool(host='192.168.0.63', port=80): Max retries exceeded with url: /rpc/Light.Set (Caused by NewConnectionError('<urllib3.connection.HTTPConnection object at 0x7ffeadf28550>: Failed to establish a new connection: [Errno 113] No route to host'))"
2025-11-14 21:45:05,2025-11-14T21:44:55.421000,23.25,552.0,1.7102010563203547,95.0,28.0,29.88233347269761,76.64513905509547,16.231944949368533,1.6,-1549.160322060478,True,"red_error:RPC错误: HTTPConnectionPool(host='192.168.0.46', port=80): Max retries exceeded with url: /rpc/Light.Set (Caused by NewConnectionError('<urllib3.connection.HTTPConnection object at 0x7ffeadf4c310>: Failed to establish a new connection: [Errno 113] No route to host'))|blue_error:RPC错误: HTTPConnectionPool(host='192.168.0.63', port=80): Max retries exceeded with url: /rpc/Light.Set (Caused by NewConnectionError('<urllib3.connection.HTTPConnection object at 0x7ffeadf387d0>: Failed to establish a new connection: [Errno 113] No route to host'))"
2025-11-14 22:00:05,2025-11-14T21:59:56.056000,23.01,552.0,1.4231685149256597,54.52730811131846,14.881827027829615,28.465636564826696,44.443291075510125,12.523626836105603,1.6,-1447.535456771131,True,"red_error:RPC错误: HTTPConnectionPool(host='192.168.0.46', port=80): Max retries exceeded with url: /rpc/Light.Set (Caused by NewConnectionError('<urllib3.connection.HTTPConnection object at 0x7ffeadee5890>: Failed to establish a new connection: [Errno 113] No route to host'))|blue_error:RPC错误: HTTPConnectionPool(host='192.168.0.63', port=80): Max retries exceeded with url: /rpc/Light.Set (Caused by NewConnectionError('<urllib3.connection.HTTPConnection object at 0x7ffeadf19350>: Failed to establish a new connection: [Errno 113] No route to host'))"
2025-11-14 22:15:05,2025-11-14T22:14:56.818000,23.25,552.0,1.0392856819298861,20.503774034669384,4.5012580115564615,26.570918914182325,17.761613495183315,5.435640527798909,1.6,-1432.7347301032685,True,"red_error:RPC错误: HTTPConnectionPool(host='192.168.0.46', port=80): Max retries exceeded with url: /rpc/Light.Set (Caused by NewConnectionError('<urllib3.connection.HTTPConnection object at 0x7ffebf106210>: Failed to establish a new connection: [Errno 113] No route to host'))|blue_error:RPC错误: HTTPConnectionPool(host='192.168.0.63', port=80): Max retries exceeded with url: /rpc/Light.Set (Caused by NewConnectionError('<urllib3.connection.HTTPConnection object at 0x7ffeadf3a950>: Failed to establish a new connection: [Errno 113] No route to host'))"
2025-11-14 22:30:05,2025-11-14T22:29:57.540000,23.05,550.0,1.4468494606770195,57.89686872044586,15.869060616133758,28.582517816194212,47.06121532040353,12.92265260163331,1.6,-1679.8290249723698,True,"red_error:RPC错误: HTTPConnectionPool(host='192.168.0.46', port=80): Max retries exceeded with url: /rpc/Light.Set (Caused by NewConnectionError('<urllib3.connection.HTTPConnection object at 0x7ffeadf2c710>: Failed to establish a new connection: [Errno 113] No route to host'))|blue_error:RPC错误: HTTPConnectionPool(host='192.168.0.63', port=80): Max retries exceeded with url: /rpc/Light.Set (Caused by NewConnectionError('<urllib3.connection.HTTPConnection object at 0x7ffeb0a3bb10>: Failed to establish a new connection: [Errno 113] No route to host'))"
2025-11-14 22:45:05,2025-11-14T22:44:58.239000,23.01,549.0,1.6069105674233761,83.63024222878884,24.452096891515538,29.372526063677718,67.68136791413224,15.21817905651924,1.6,-1462.2220251818687,True,"red_error:RPC错误: HTTPConnectionPool(host='192.168.0.46', port=80): Max retries exceeded with url: /rpc/Light.Set (Caused by NewConnectionError('<urllib3.connection.HTTPConnection object at 0x7ffeadf2c710>: Failed to establish a new connection: [Errno 113] No route to host'))|blue_error:RPC错误: HTTPConnectionPool(host='192.168.0.63', port=80): Max retries exceeded with url: /rpc/Light.Set (Caused by NewConnectionError('<urllib3.connection.HTTPConnection object at 0x7ffeadf3b510>: Failed to establish a new connection: [Errno 113] No route to host'))"
2025-11-14 23:00:05,2025-11-14T22:49:53.384000,23.0,545.0,1.0791679916180035,23.23889074663692,5.412963582212307,26.767764695289117,19.952927575643105,6.137563735673787,1.6,-1569.7966296299576,True,"red_error:RPC错误: HTTPConnectionPool(host='192.168.0.46', port=80): Max retries exceeded with url: /rpc/Light.Set (Caused by NewConnectionError('<urllib3.connection.HTTPConnection object at 0x7ffeae4c4710>: Failed to establish a new connection: [Errno 113] No route to host'))|blue_error:RPC错误: HTTPConnectionPool(host='192.168.0.63', port=80): Max retries exceeded with url: /rpc/Light.Set (Caused by NewConnectionError('<urllib3.connection.HTTPConnection object at 0x7ffeadf4fc90>: Failed to establish a new connection: [Errno 113] No route to host'))"
2025-11-14 23:15:05,2025-11-14T22:49:53.384000,23.0,548.0,1.2233209705628643,33.363576343020945,8.787858781006982,27.47925572881184,28.064598280775364,8.831072990036102,1.6,-1315.5241643995098,True,"red_error:RPC错误: HTTPConnectionPool(host='192.168.0.46', port=80): Max retries exceeded with url: /rpc/Light.Set (Caused by NewConnectionError('<urllib3.connection.HTTPConnection object at 0x7ffeae4c4710>: Failed to establish a new connection: [Errno 113] No route to host'))|blue_error:RPC错误: HTTPConnectionPool(host='192.168.0.63', port=80): Max retries exceeded with url: /rpc/Light.Set (Caused by NewConnectionError('<urllib3.connection.HTTPConnection object at 0x7ffeadf30e50>: Failed to establish a new connection: [Errno 113] No route to host'))"
2025-11-14 23:30:05,2025-11-14T22:49:53.384000,23.0,546.0,1.4684420415978194,61.163077605744014,16.848923281723202,28.689091595163006,49.61260819206451,13.27516540112786,1.6,-1492.4572261897363,True,"red_error:RPC错误: HTTPConnectionPool(host='192.168.0.46', port=80): Max retries exceeded with url: /rpc/Light.Set (Caused by NewConnectionError('<urllib3.connection.HTTPConnection object at 0x7ffeadf2e510>: Failed to establish a new connection: [Errno 113] No route to host'))|blue_error:RPC错误: HTTPConnectionPool(host='192.168.0.63', port=80): Max retries exceeded with url: /rpc/Light.Set (Caused by NewConnectionError('<urllib3.connection.HTTPConnection object at 0x7ffeadefc790>: Failed to establish a new connection: [Errno 113] No route to host'))"
2025-11-14 23:45:05,2025-11-14T22:49:53.384000,23.0,545.0,1.6222960537129445,86.55272393531413,25.465817180594243,29.448463693420365,70.04656538964402,15.394798487454125,1.6,-1639.7158186439522,True,"red_error:RPC错误: HTTPConnectionPool(host='192.168.0.46', port=80): Max retries exceeded with url: /rpc/Light.Set (Caused by NewConnectionError('<urllib3.connection.HTTPConnection object at 0x7ffeae4c4710>: Failed to establish a new connection: [Errno 113] No route to host'))|blue_error:RPC错误: HTTPConnectionPool(host='192.168.0.63', port=80): Max retries exceeded with url: /rpc/Light.Set (Caused by NewConnectionError('<urllib3.connection.HTTPConnection object at 0x7ffeae4d0090>: Failed to establish a new connection: [Errno 113] No route to host'))"
2025-11-15 00:00:05,2025-11-14T22:49:53.384000,23.0,546.0,1.6781136488158224,95.0,28.0,29.72396072941079,76.64513905509547,15.961176350714215,1.6,-1447.8050779018347,True,"red_error:RPC错误: HTTPConnectionPool(host='192.168.0.46', port=80): Max retries exceeded with url: /rpc/Light.Set (Caused by NewConnectionError('<urllib3.connection.HTTPConnection object at 0x7ffeadf2a790>: Failed to establish a new connection: [Errno 113] No route to host'))|blue_error:RPC错误: HTTPConnectionPool(host='192.168.0.63', port=80): Max retries exceeded with url: /rpc/Light.Set (Caused by NewConnectionError('<urllib3.connection.HTTPConnection object at 0x7ffeadf4d710>: Failed to establish a new connection: [Errno 113] No route to host'))"
2025-11-15 00:15:05,2025-11-14T22:49:53.384000,23.0,545.0,1.8182473485344137,95.0,28.0,30.415613940977657,76.64513905509547,16.83752541925826,1.6,-1465.0337037198103,True,"red_error:RPC错误: HTTPConnectionPool(host='192.168.0.46', port=80): Max retries exceeded with url: /rpc/Light.Set (Caused by NewConnectionError('<urllib3.connection.HTTPConnection object at 0x7ffeae4c4710>: Failed to establish a new connection: [Errno 113] No route to host'))|blue_error:RPC错误: HTTPConnectionPool(host='192.168.0.63', port=80): Max retries exceeded with url: /rpc/Light.Set (Caused by NewConnectionError('<urllib3.connection.HTTPConnection object at 0x7ffeadf2df90>: Failed to establish a new connection: [Errno 113] No route to host'))"
2025-11-15 00:30:05,2025-11-14T22:49:53.384000,23.0,545.0,1.3834733317867272,50.32030840062401,13.830077100156002,28.269714377965776,41.28339699921333,11.82921235305502,1.6,-1592.3718326380601,True,"red_error:RPC错误: HTTPConnectionPool(host='192.168.0.46', port=80): Max retries exceeded with url: /rpc/Light.Set (Caused by NewConnectionError('<urllib3.connection.HTTPConnection object at 0x7ffeae4c4710>: Failed to establish a new connection: [Errno 113] No route to host'))|blue_error:RPC错误: HTTPConnectionPool(host='192.168.0.63', port=80): Max retries exceeded with url: /rpc/Light.Set (Caused by NewConnectionError('<urllib3.connection.HTTPConnection object at 0x7ffeadf261d0>: Failed to establish a new connection: [Errno 113] No route to host'))"
2025-11-15 00:45:05,2025-11-14T22:49:53.384000,23.0,543.0,1.4841213642413194,63.53481552449942,17.560444657349827,28.766479503163346,51.465286765868655,13.523798361222223,1.6,-1622.2623240037808,True,"red_error:RPC错误: HTTPConnectionPool(host='192.168.0.46', port=80): Max retries exceeded with url: /rpc/Light.Set (Caused by NewConnectionError('<urllib3.connection.HTTPConnection object at 0x7ffeadee6bd0>: Failed to establish a new connection: [Errno 113] No route to host'))|blue_error:RPC错误: HTTPConnectionPool(host='192.168.0.63', port=80): Max retries exceeded with url: /rpc/Light.Set (Caused by NewConnectionError('<urllib3.connection.HTTPConnection object at 0x7ffeadefe250>: Failed to establish a new connection: [Errno 113] No route to host'))"
2025-11-15 09:00:05,2025-11-14T22:49:53.384000,23.0,538.0,1.453311098820559,58.87429054859241,16.162287164577723,28.614410307314742,47.82472652636588,13.02932364928754,1.6,-1349.254433863433,True,"red_error:RPC错误: HTTPConnectionPool(host='192.168.0.46', port=80): Max retries exceeded with url: /rpc/Light.Set (Caused by NewConnectionError('<urllib3.connection.HTTPConnection object at 0x7ffeae4c4710>: Failed to establish a new connection: [Errno 113] No route to host'))|blue_error:RPC错误: HTTPConnectionPool(host='192.168.0.63', port=80): Max retries exceeded with url: /rpc/Light.Set (Caused by NewConnectionError('<urllib3.connection.HTTPConnection object at 0x7ffeadf2c750>: Failed to establish a new connection: [Errno 113] No route to host'))"
2025-11-15 09:15:05,2025-11-14T22:49:53.384000,23.0,537.0,1.382348514649885,50.20109732776621,13.800274331941553,28.264162655669967,41.193857092187734,11.809120305898562,1.6,-1414.7382840060718,True,"red_error:RPC错误: HTTPConnectionPool(host='192.168.0.46', port=80): Max retries exceeded with url: /rpc/Light.Set (Caused by NewConnectionError('<urllib3.connection.HTTPConnection object at 0x7ffeae4c4710>: Failed to establish a new connection: [Errno 113] No route to host'))|blue_error:RPC错误: HTTPConnectionPool(host='192.168.0.63', port=80): Max retries exceeded with url: /rpc/Light.Set (Caused by NewConnectionError('<urllib3.connection.HTTPConnection object at 0x7ffeb12a8290>: Failed to establish a new connection: [Errno 113] No route to host'))"
2025-11-15 09:30:05,2025-11-15T09:29:55.031000,24.25,537.0,1.6946176139727398,95.0,28.0,29.805418797864654,76.64513905509547,16.105549989170765,1.6,-1529.4087903667764,True,"red_error:RPC错误: HTTPConnectionPool(host='192.168.0.46', port=80): Max retries exceeded with url: /rpc/Light.Set (Caused by NewConnectionError('<urllib3.connection.HTTPConnection object at 0x7ffeadf2d8d0>: Failed to establish a new connection: [Errno 113] No route to host'))|blue_error:RPC错误: HTTPConnectionPool(host='192.168.0.63', port=80): Max retries exceeded with url: /rpc/Light.Set (Caused by NewConnectionError('<urllib3.connection.HTTPConnection object at 0x7ffeb12aca50>: Failed to establish a new connection: [Errno 113] No route to host'))"
2025-11-15 09:45:05,2025-11-15T09:44:57.995000,24.52,536.0,0.8666044893759659,19.0,4.0,25.718622131560025,16.55682351251732,2.7760600718325943,1.6,-1386.8567777604283,True,"red_error:RPC错误: HTTPConnectionPool(host='192.168.0.46', port=80): Max retries exceeded with url: /rpc/Light.Set (Caused by NewConnectionError('<urllib3.connection.HTTPConnection object at 0x7ffeae4c4710>: Failed to establish a new connection: [Errno 113] No route to host'))|blue_error:RPC错误: HTTPConnectionPool(host='192.168.0.63', port=80): Max retries exceeded with url: /rpc/Light.Set (Caused by NewConnectionError('<urllib3.connection.HTTPConnection object at 0x7ffeadeff4d0>: Failed to establish a new connection: [Errno 113] No route to host'))"
2025-11-15 10:00:05,2025-11-15T09:59:55.166000,24.75,533.0,1.0684563174485648,22.504287378299114,5.168095792766371,26.714895443599993,19.364379855705465,5.9464910052345585,1.6,-1347.5218968956563,True,"red_error:RPC错误: HTTPConnectionPool(host='192.168.0.46', port=80): Max retries exceeded with url: /rpc/Light.Set (Caused by NewConnectionError('<urllib3.connection.HTTPConnection object at 0x7ffeae4c4710>: Failed to establish a new connection: [Errno 113] No route to host'))|blue_error:RPC错误: HTTPConnectionPool(host='192.168.0.63', port=80): Max retries exceeded with url: /rpc/Light.Set (Caused by NewConnectionError('<urllib3.connection.HTTPConnection object at 0x7ffeadf2fe10>: Failed to establish a new connection: [Errno 113] No route to host'))"
2025-11-15 10:15:05,2025-11-15T10:14:58.140000,25.06,533.0,1.276044040545182,37.202957548285546,10.060887264485665,27.739479220735365,31.136559146376765,9.8374934615699,1.6,-1412.9555506098648,True,"red_error:RPC错误: HTTPConnectionPool(host='192.168.0.46', port=80): Max retries exceeded with url: /rpc/Light.Set (Caused by NewConnectionError('<urllib3.connection.HTTPConnection object at 0x7ffeadf14710>: Failed to establish a new connection: [Errno 113] No route to host'))|blue_error:RPC错误: HTTPConnectionPool(host='192.168.0.63', port=80): Max retries exceeded with url: /rpc/Light.Set (Caused by NewConnectionError('<urllib3.connection.HTTPConnection object at 0x7ffeadf31090>: Failed to establish a new connection: [Errno 113] No route to host'))"
2025-11-15 10:30:05,2025-11-15T10:29:55.421000,25.12,530.0,0.7705192053557136,19.0,4.0,25.24437721109922,16.55682351251732,1.6210609388033506,1.6,-1447.4799588830006,True,"red_error:RPC错误: HTTPConnectionPool(host='192.168.0.46', port=80): Max retries exceeded with url: /rpc/Light.Set (Caused by NewConnectionError('<urllib3.connection.HTTPConnection object at 0x7ffeae4c4710>: Failed to establish a new connection: [Errno 113] No route to host'))|blue_error:RPC错误: HTTPConnectionPool(host='192.168.0.63', port=80): Max retries exceeded with url: /rpc/Light.Set (Caused by NewConnectionError('<urllib3.connection.HTTPConnection object at 0x7ffeadf2cc10>: Failed to establish a new connection: [Errno 113] No route to host'))"
2025-11-15 10:45:05,2025-11-15T10:44:58.211000,25.25,529.0,1.324390917890068,43.42704885618126,11.928114656854376,27.97810328512509,35.998496258547284,10.748986684646098,1.6,-1447.0075808105942,True,"red_error:RPC错误: HTTPConnectionPool(host='192.168.0.46', port=80): Max retries exceeded with url: /rpc/Light.Set (Caused by NewConnectionError('<urllib3.connection.HTTPConnection object at 0x7ffeae4c4710>: Failed to establish a new connection: [Errno 113] No route to host'))|blue_error:RPC错误: HTTPConnectionPool(host='192.168.0.63', port=80): Max retries exceeded with url: /rpc/Light.Set (Caused by NewConnectionError('<urllib3.connection.HTTPConnection object at 0x7ffeadefea10>: Failed to establish a new connection: [Errno 113] No route to host'))"
2025-11-15 11:00:05,2025-11-15T10:59:55.566000,25.49,528.0,0.9577398707413234,19.0,4.0,26.168435983155337,16.55682351251732,4.094251343445691,1.6,-1458.510874579057,True,"red_error:RPC错误: HTTPConnectionPool(host='192.168.0.46', port=80): Max retries exceeded with url: /rpc/Light.Set (Caused by NewConnectionError('<urllib3.connection.HTTPConnection object at 0x7ffeae4c4710>: Failed to establish a new connection: [Errno 113] No route to host'))|blue_error:RPC错误: HTTPConnectionPool(host='192.168.0.63', port=80): Max retries exceeded with url: /rpc/Light.Set (Caused by NewConnectionError('<urllib3.connection.HTTPConnection object at 0x7ffeadf2cd10>: Failed to establish a new connection: [Errno 113] No route to host'))"
2025-11-15 11:15:05,2025-11-15T11:14:58.407000,25.49,529.0,1.1351397708141209,27.077418401505156,6.692472800501719,27.044022732548157,23.028269721571572,7.1614869305299775,1.6,-1614.9726611809986,True,"red_error:RPC错误: HTTPConnectionPool(host='192.168.0.46', port=80): Max retries exceeded with url: /rpc/Light.Set (Caused by NewConnectionError('<urllib3.connection.HTTPConnection object at 0x7ffeae4c4710>: Failed to establish a new connection: [Errno 113] No route to host'))|blue_error:RPC错误: HTTPConnectionPool(host='192.168.0.63', port=80): Max retries exceeded with url: /rpc/Light.Set (Caused by NewConnectionError('<urllib3.connection.HTTPConnection object at 0x7ffeadf27510>: Failed to establish a new connection: [Errno 113] No route to host'))"
2025-11-15 11:30:05,2025-11-15T11:29:55.676000,25.62,528.0,1.1757554328053912,29.949599486897338,7.649866495632446,27.244488096073056,25.329396699631175,7.9249563404280154,1.6,-1339.3356231267253,True,"red_error:RPC错误: HTTPConnectionPool(host='192.168.0.46', port=80): Max retries exceeded with url: /rpc/Light.Set (Caused by NewConnectionError('<urllib3.connection.HTTPConnection object at 0x7ffeae4c4710>: Failed to establish a new connection: [Errno 113] No route to host'))|blue_error:RPC错误: HTTPConnectionPool(host='192.168.0.63', port=80): Max retries exceeded with url: /rpc/Light.Set (Caused by NewConnectionError('<urllib3.connection.HTTPConnection object at 0x7ffeadeff010>: Failed to establish a new connection: [Errno 113] No route to host'))"
2025-11-15 11:45:05,2025-11-15T11:44:58.524000,25.74,528.0,1.444459316740721,57.5353228084257,15.76059684252771,28.57072086276354,46.77879441742377,12.882947960516463,1.6,-1443.898208801184,True,"red_error:RPC错误: HTTPConnectionPool(host='192.168.0.46', port=80): Max retries exceeded with url: /rpc/Light.Set (Caused by NewConnectionError('<urllib3.connection.HTTPConnection object at 0x7ffeadf2c710>: Failed to establish a new connection: [Errno 113] No route to host'))|blue_error:RPC错误: HTTPConnectionPool(host='192.168.0.63', port=80): Max retries exceeded with url: /rpc/Light.Set (Caused by NewConnectionError('<urllib3.connection.HTTPConnection object at 0x7ffeadeb4bd0>: Failed to establish a new connection: [Errno 113] No route to host'))"
2025-11-15 12:00:05,2025-11-15T11:59:55.901000,25.74,528.0,0.923915166400965,19.0,4.0,26.00148852202151,16.55682351251732,3.5810089480636345,1.6,-1368.2407790066136,True,"red_error:RPC错误: HTTPConnectionPool(host='192.168.0.46', port=80): Max retries exceeded with url: /rpc/Light.Set (Caused by NewConnectionError('<urllib3.connection.HTTPConnection object at 0x7ffeadf2f2d0>: Failed to establish a new connection: [Errno 113] No route to host'))|blue_error:RPC错误: HTTPConnectionPool(host='192.168.0.63', port=80): Max retries exceeded with url: /rpc/Light.Set (Caused by NewConnectionError('<urllib3.connection.HTTPConnection object at 0x7ffeadf2d590>: Failed to establish a new connection: [Errno 113] No route to host'))"
2025-11-15 12:15:05,2025-11-15T12:14:58.749000,25.94,527.0,1.0029283488585423,19.0,4.0,26.391471242185517,16.55682351251732,4.820619212390863,1.6,-1415.6371727117757,True,"red_error:RPC错误: HTTPConnectionPool(host='192.168.0.46', port=80): Max retries exceeded with url: /rpc/Light.Set (Caused by NewConnectionError('<urllib3.connection.HTTPConnection object at 0x7ffeae4c4710>: Failed to establish a new connection: [Errno 113] No route to host'))|blue_error:RPC错误: HTTPConnectionPool(host='192.168.0.63', port=80): Max retries exceeded with url: /rpc/Light.Set (Caused by NewConnectionError('<urllib3.connection.HTTPConnection object at 0x7ffeb1291310>: Failed to establish a new connection: [Errno 113] No route to host'))"
2025-11-15 12:30:05,2025-11-15T12:29:56.030000,25.99,524.0,1.2821427022456955,37.98808844741646,10.296426534224938,27.769580181174508,31.749862658096447,9.953354502028152,1.6,-1650.3378896872675,True,"red_error:RPC错误: HTTPConnectionPool(host='192.168.0.46', port=80): Max retries exceeded with url: /rpc/Light.Set (Caused by NewConnectionError('<urllib3.connection.HTTPConnection object at 0x7ffeadf2c710>: Failed to establish a new connection: [Errno 113] No route to host'))|blue_error:RPC错误: HTTPConnectionPool(host='192.168.0.63', port=80): Max retries exceeded with url: /rpc/Light.Set (Caused by NewConnectionError('<urllib3.connection.HTTPConnection object at 0x7ffeadf17210>: Failed to establish a new connection: [Errno 113] No route to host'))"
2025-11-15 12:45:05,2025-11-15T12:44:58.878000,26.25,523.0,1.187351197433186,30.781875835168602,7.927291945056201,27.301720923447867,25.99619781741182,8.145032190977288,1.6,-1402.4300346679918,True,"red_error:RPC错误: HTTPConnectionPool(host='192.168.0.46', port=80): Max retries exceeded with url: /rpc/Light.Set (Caused by NewConnectionError('<urllib3.connection.HTTPConnection object at 0x7ffeae4c4710>: Failed to establish a new connection: [Errno 113] No route to host'))|blue_error:RPC错误: HTTPConnectionPool(host='192.168.0.63', port=80): Max retries exceeded with url: /rpc/Light.Set (Caused by NewConnectionError('<urllib3.connection.HTTPConnection object at 0x7ffeb12adbd0>: Failed to establish a new connection: [Errno 113] No route to host'))"
2025-11-15 13:00:05,2025-11-15T12:59:56.164000,26.09,523.0,1.5239401990319785,69.51078702771699,19.353236108315098,28.963011993343194,56.13340556353295,14.12486573326771,1.6,-1559.2788233616586,True,"red_error:RPC错误: HTTPConnectionPool(host='192.168.0.46', port=80): Max retries exceeded with url: /rpc/Light.Set (Caused by NewConnectionError('<urllib3.connection.HTTPConnection object at 0x7ffeae4c4710>: Failed to establish a new connection: [Errno 113] No route to host'))|blue_error:RPC错误: HTTPConnectionPool(host='192.168.0.63', port=80): Max retries exceeded with url: /rpc/Light.Set (Caused by NewConnectionError('<urllib3.connection.HTTPConnection object at 0x7ffeb1f06f50>: Failed to establish a new connection: [Errno 113] No route to host'))"
2025-11-15 13:15:05,2025-11-15T13:14:58.946000,25.99,525.0,0.8909331217825286,19.0,4.0,25.838700148274203,16.55682351251732,3.1075184718397857,1.6,-1757.375745926361,True,"red_error:RPC错误: HTTPConnectionPool(host='192.168.0.46', port=80): Max retries exceeded with url: /rpc/Light.Set (Caused by NewConnectionError('<urllib3.connection.HTTPConnection object at 0x7ffeadf2ffd0>: Failed to establish a new connection: [Errno 113] No route to host'))|blue_error:RPC错误: HTTPConnectionPool(host='192.168.0.63', port=80): Max retries exceeded with url: /rpc/Light.Set (Caused by NewConnectionError('<urllib3.connection.HTTPConnection object at 0x7ffeadf3d850>: Failed to establish a new connection: [Errno 113] No route to host'))"
2025-11-15 13:30:05,2025-11-15T13:29:56.225000,26.25,523.0,1.2430132696698815,34.77697471009097,9.258991570030323,27.57645035043287,29.196981308346942,9.207513367211615,1.6,-1370.1486977382067,True,"red_error:RPC错误: HTTPConnectionPool(host='192.168.0.46', port=80): Max retries exceeded with url: /rpc/Light.Set (Caused by NewConnectionError('<urllib3.connection.HTTPConnection object at 0x7ffeae4c4710>: Failed to establish a new connection: [Errno 113] No route to host'))|blue_error:RPC错误: HTTPConnectionPool(host='192.168.0.63', port=80): Max retries exceeded with url: /rpc/Light.Set (Caused by NewConnectionError('<urllib3.connection.HTTPConnection object at 0x7ffeadf4e010>: Failed to establish a new connection: [Errno 113] No route to host'))"
2025-11-15 13:45:05,2025-11-15T13:44:59.180000,26.3,524.0,1.0280313938104857,19.731958366083845,4.243986122027948,26.51537150098112,17.14325211605433,5.24255594255579,1.6,-1410.4564428350875,True,"red_error:RPC错误: HTTPConnectionPool(host='192.168.0.46', port=80): Max retries exceeded with url: /rpc/Light.Set (Caused by NewConnectionError('<urllib3.connection.HTTPConnection object at 0x7ffeadf2e110>: Failed to establish a new connection: [Errno 113] No route to host'))|blue_error:RPC错误: HTTPConnectionPool(host='192.168.0.63', port=80): Max retries exceeded with url: /rpc/Light.Set (Caused by NewConnectionError('<urllib3.connection.HTTPConnection object at 0x7ffeaf05f450>: Failed to establish a new connection: [Errno 113] No route to host'))"
2025-11-15 14:00:05,2025-11-15T13:59:56.406000,26.24,521.0,1.0682247748971896,22.488408260295405,5.1628027534318015,26.713752626778668,19.35165786299687,5.942380501108781,1.6,-1428.5363305580224,True,"red_error:RPC错误: HTTPConnectionPool(host='192.168.0.46', port=80): Max retries exceeded with url: /rpc/Light.Set (Caused by NewConnectionError('<urllib3.connection.HTTPConnection object at 0x7ffeae4c4710>: Failed to establish a new connection: [Errno 113] No route to host'))|blue_error:RPC错误: HTTPConnectionPool(host='192.168.0.63', port=80): Max retries exceeded with url: /rpc/Light.Set (Caused by NewConnectionError('<urllib3.connection.HTTPConnection object at 0x7ffeade9fc90>: Failed to establish a new connection: [Errno 113] No route to host'))"
2025-11-15 14:15:05,2025-11-15T14:14:59.352000,26.48,521.0,1.0552253661922029,21.59691275081395,4.8656375836046495,26.64959188031062,18.63741168328336,5.7129983245171045,1.6,-1533.9606323761334,True,"red_error:RPC错误: HTTPConnectionPool(host='192.168.0.46', port=80): Max retries exceeded with url: /rpc/Light.Set (Caused by NewConnectionError('<urllib3.connection.HTTPConnection object at 0x7ffeae4c4710>: Failed to establish a new connection: [Errno 113] No route to host'))|blue_error:RPC错误: HTTPConnectionPool(host='192.168.0.63', port=80): Max retries exceeded with url: /rpc/Light.Set (Caused by NewConnectionError('<urllib3.connection.HTTPConnection object at 0x7ffeadf30950>: Failed to establish a new connection: [Errno 113] No route to host'))"
2025-11-15 14:30:05,2025-11-15T14:29:56.590000,26.47,520.0,1.3744803560133125,49.36720922119407,13.591802305298517,28.225328048426803,40.56752044625135,11.667997129014973,1.6,-1543.3836367675901,True,"red_error:RPC错误: HTTPConnectionPool(host='192.168.0.46', port=80): Max retries exceeded with url: /rpc/Light.Set (Caused by NewConnectionError('<urllib3.connection.HTTPConnection object at 0x7ffeadf2ea50>: Failed to establish a new connection: [Errno 113] No route to host'))|blue_error:RPC错误: HTTPConnectionPool(host='192.168.0.63', port=80): Max retries exceeded with url: /rpc/Light.Set (Caused by NewConnectionError('<urllib3.connection.HTTPConnection object at 0x7ffeadf2b3d0>: Failed to establish a new connection: [Errno 113] No route to host'))"
2025-11-15 14:45:05,2025-11-15T14:44:59.515000,26.49,520.0,1.4150743279370896,53.6694649266671,14.667366231666774,28.425686357011518,43.798961675942856,12.384487784900717,1.6,-1362.5088747701245,True,"red_error:RPC错误: HTTPConnectionPool(host='192.168.0.46', port=80): Max retries exceeded with url: /rpc/Light.Set (Caused by NewConnectionError('<urllib3.connection.HTTPConnection object at 0x7ffeadf2f150>: Failed to establish a new connection: [Errno 113] No route to host'))|blue_error:RPC错误: HTTPConnectionPool(host='192.168.0.63', port=80): Max retries exceeded with url: /rpc/Light.Set (Caused by NewConnectionError('<urllib3.connection.HTTPConnection object at 0x7ffeadf17810>: Failed to establish a new connection: [Errno 113] No route to host'))"
2025-11-15 15:00:05,2025-11-15T14:59:56.785000,26.48,518.0,1.4393358944097097,56.76032663719153,15.528097991157459,28.545433358640167,46.17340762916546,12.79739747069591,1.6,-1610.468408986742,True,"red_error:RPC错误: HTTPConnectionPool(host='192.168.0.46', port=80): Max retries exceeded with url: /rpc/Light.Set (Caused by NewConnectionError('<urllib3.connection.HTTPConnection object at 0x7ffeadf14bd0>: Failed to establish a new connection: [Errno 113] No route to host'))|blue_error:RPC错误: HTTPConnectionPool(host='192.168.0.63', port=80): Max retries exceeded with url: /rpc/Light.Set (Caused by NewConnectionError('<urllib3.connection.HTTPConnection object at 0x7ffeadf2dd90>: Failed to establish a new connection: [Errno 113] No route to host'))"
2025-11-15 15:15:05,2025-11-15T15:14:59.583000,26.55,517.0,1.416200280729124,53.78879635924332,14.69719908981083,28.431243684522656,43.888591985627706,12.403922763163113,1.6,-1445.5652010156466,True,"red_error:RPC错误: HTTPConnectionPool(host='192.168.0.46', port=80): Max retries exceeded with url: /rpc/Light.Set (Caused by NewConnectionError('<urllib3.connection.HTTPConnection object at 0x7ffeadf2c710>: Failed to establish a new connection: [Errno 113] No route to host'))|blue_error:RPC错误: HTTPConnectionPool(host='192.168.0.63', port=80): Max retries exceeded with url: /rpc/Light.Set (Caused by NewConnectionError('<urllib3.connection.HTTPConnection object at 0x7ffeadf203d0>: Failed to establish a new connection: [Errno 113] No route to host'))"
2025-11-15 15:30:05,2025-11-15T15:29:51.302000,26.49,517.0,1.287786720036867,38.71468929538942,10.514406788616824,27.797437170886784,32.317445531440995,10.060396689686163,1.6,-1525.4469342265932,True,"red_error:RPC错误: HTTPConnectionPool(host='192.168.0.46', port=80): Max retries exceeded with url: /rpc/Light.Set (Caused by NewConnectionError('<urllib3.connection.HTTPConnection object at 0x7ffeae4c4710>: Failed to establish a new connection: [Errno 113] No route to host'))|blue_error:RPC错误: HTTPConnectionPool(host='192.168.0.63', port=80): Max retries exceeded with url: /rpc/Light.Set (Caused by NewConnectionError('<urllib3.connection.HTTPConnection object at 0x7ffeadf3ea50>: Failed to establish a new connection: [Errno 113] No route to host'))"
2025-11-15 15:45:05,2025-11-15T15:44:59.807000,26.74,518.0,1.2854049422504703,38.40806344421191,10.422419033263573,27.78568150998218,32.07792532975314,10.015247489812719,1.6,-1415.158446729292,True,"red_error:RPC错误: HTTPConnectionPool(host='192.168.0.46', port=80): Max retries exceeded with url: /rpc/Light.Set (Caused by NewConnectionError('<urllib3.connection.HTTPConnection object at 0x7ffeadf4e150>: Failed to establish a new connection: [Errno 113] No route to host'))|blue_error:RPC错误: HTTPConnectionPool(host='192.168.0.63', port=80): Max retries exceeded with url: /rpc/Light.Set (Caused by NewConnectionError('<urllib3.connection.HTTPConnection object at 0x7ffeb12755d0>: Failed to establish a new connection: [Errno 113] No route to host'))"
2025-11-15 16:00:05,2025-11-15T15:59:57.074000,26.74,518.0,1.276433122149995,37.25304722454949,10.075914167364846,27.74139959779007,31.175686601922816,9.844890767665255,1.6,-1421.0166157610197,True,"red_error:RPC错误: HTTPConnectionPool(host='192.168.0.46', port=80): Max retries exceeded with url: /rpc/Light.Set (Caused by NewConnectionError('<urllib3.connection.HTTPConnection object at 0x7ffeadf2ed50>: Failed to establish a new connection: [Errno 113] No route to host'))|blue_error:RPC错误: HTTPConnectionPool(host='192.168.0.63', port=80): Max retries exceeded with url: /rpc/Light.Set (Caused by NewConnectionError('<urllib3.connection.HTTPConnection object at 0x7ffeadf2f410>: Failed to establish a new connection: [Errno 113] No route to host'))"
2025-11-15 16:15:05,2025-11-15T16:14:59.925000,26.87,518.0,1.195252174205212,31.34896186240959,8.116320620803197,27.340717510063797,26.450534406007066,8.295363705427953,1.6,-1709.3167419629265,True,"red_error:RPC错误: HTTPConnectionPool(host='192.168.0.46', port=80): Max retries exceeded with url: /rpc/Light.Set (Caused by NewConnectionError('<urllib3.connection.HTTPConnection object at 0x7ffeae4c4710>: Failed to establish a new connection: [Errno 113] No route to host'))|blue_error:RPC错误: HTTPConnectionPool(host='192.168.0.63', port=80): Max retries exceeded with url: /rpc/Light.Set (Caused by NewConnectionError('<urllib3.connection.HTTPConnection object at 0x7ffeae40e250>: Failed to establish a new connection: [Errno 113] No route to host'))"
2025-11-15 16:30:05,2025-11-15T16:29:57.206000,26.74,515.0,1.2380057419632018,34.41756357961729,9.139187859872429,27.551734863527933,28.909029182781374,9.111798483719582,1.6,-1403.5521991358062,True,"red_error:RPC错误: HTTPConnectionPool(host='192.168.0.46', port=80): Max retries exceeded with url: /rpc/Light.Set (Caused by NewConnectionError('<urllib3.connection.HTTPConnection object at 0x7ffeadefc350>: Failed to establish a new connection: [Errno 113] No route to host'))|blue_error:RPC错误: HTTPConnectionPool(host='192.168.0.63', port=80): Max retries exceeded with url: /rpc/Light.Set (Caused by NewConnectionError('<urllib3.connection.HTTPConnection object at 0x7ffeadf27510>: Failed to establish a new connection: [Errno 113] No route to host'))"
2025-11-15 16:45:05,2025-11-15T16:45:00.069000,26.74,515.0,1.3763731753347046,49.56781518161054,13.641953795402635,28.234670373400636,40.71819637436669,11.702037684615476,1.6,-1437.352820900108,True,"red_error:RPC错误: HTTPConnectionPool(host='192.168.0.46', port=80): Max retries exceeded with url: /rpc/Light.Set (Caused by NewConnectionError('<urllib3.connection.HTTPConnection object at 0x7ffeae4c4710>: Failed to establish a new connection: [Errno 113] No route to host'))|blue_error:RPC错误: HTTPConnectionPool(host='192.168.0.63', port=80): Max retries exceeded with url: /rpc/Light.Set (Caused by NewConnectionError('<urllib3.connection.HTTPConnection object at 0x7ffeadf2d190>: Failed to establish a new connection: [Errno 113] No route to host'))"
2025-11-15 17:00:05,2025-11-15T16:59:57.314000,26.75,515.0,1.4079108805194187,52.91026396497261,14.477565991243152,28.390329969345512,43.22872283911126,12.260251350572544,1.6,-1456.148652253434,True,"red_error:RPC错误: HTTPConnectionPool(host='192.168.0.46', port=80): Max retries exceeded with url: /rpc/Light.Set (Caused by NewConnectionError('<urllib3.connection.HTTPConnection object at 0x7ffeadf2f690>: Failed to establish a new connection: [Errno 113] No route to host'))|blue_error:RPC错误: HTTPConnectionPool(host='192.168.0.63', port=80): Max retries exceeded with url: /rpc/Light.Set (Caused by NewConnectionError('<urllib3.connection.HTTPConnection object at 0x7ffeadefe6d0>: Failed to establish a new connection: [Errno 113] No route to host'))"
2025-11-15 17:15:05,2025-11-15T17:15:00.232000,26.94,514.0,1.2800885283784331,37.72363774420084,10.217091323260252,27.759441463968997,31.54328749319285,9.914351334851975,1.6,-1534.4729509841125,True,"red_error:RPC错误: HTTPConnectionPool(host='192.168.0.46', port=80): Max retries exceeded with url: /rpc/Light.Set (Caused by NewConnectionError('<urllib3.connection.HTTPConnection object at 0x7ffeadf2c710>: Failed to establish a new connection: [Errno 113] No route to host'))|blue_error:RPC错误: HTTPConnectionPool(host='192.168.0.63', port=80): Max retries exceeded with url: /rpc/Light.Set (Caused by NewConnectionError('<urllib3.connection.HTTPConnection object at 0x7ffeadf24b50>: Failed to establish a new connection: [Errno 113] No route to host'))"
2025-11-15 17:30:05,2025-11-15T17:29:57.526000,26.75,516.0,1.2890086254234778,38.87199522937195,10.561598568811583,27.803468088407534,32.440324763213205,10.083545844085867,1.6,-1443.7838041304537,True,"red_error:RPC错误: HTTPConnectionPool(host='192.168.0.46', port=80): Max retries exceeded with url: /rpc/Light.Set (Caused by NewConnectionError('<urllib3.connection.HTTPConnection object at 0x7ffeb1291910>: Failed to establish a new connection: [Errno 113] No route to host'))|blue_error:RPC错误: HTTPConnectionPool(host='192.168.0.63', port=80): Max retries exceeded with url: /rpc/Light.Set (Caused by NewConnectionError('<urllib3.connection.HTTPConnection object at 0x7ffeadf4d850>: Failed to establish a new connection: [Errno 113] No route to host'))"
2025-11-15 17:45:05,2025-11-15T17:44:54.739000,26.87,516.0,1.4134201893578675,53.49415497785341,14.623538744463353,28.41752208058841,43.667285681916994,12.355889802001279,1.6,-1399.086939539511,True,"red_error:RPC错误: HTTPConnectionPool(host='192.168.0.46', port=80): Max retries exceeded with url: /rpc/Light.Set (Caused by NewConnectionError('<urllib3.connection.HTTPConnection object at 0x7ffeadf2e410>: Failed to establish a new connection: [Errno 113] No route to host'))|blue_error:RPC错误: HTTPConnectionPool(host='192.168.0.63', port=80): Max retries exceeded with url: /rpc/Light.Set (Caused by NewConnectionError('<urllib3.connection.HTTPConnection object at 0x7ffeadf25310>: Failed to establish a new connection: [Errno 113] No route to host'))"
2025-11-15 18:00:05,2025-11-15T17:59:57.690000,26.87,516.0,0.6647012223175149,19.0,4.0,24.722094933839195,16.55682351251732,0.6371021214502051,1.6,-1379.7747270482766,True,"red_error:RPC错误: HTTPConnectionPool(host='192.168.0.46', port=80): Max retries exceeded with url: /rpc/Light.Set (Caused by NewConnectionError('<urllib3.connection.HTTPConnection object at 0x7ffeae4c4710>: Failed to establish a new connection: [Errno 113] No route to host'))|blue_error:RPC错误: HTTPConnectionPool(host='192.168.0.63', port=80): Max retries exceeded with url: /rpc/Light.Set (Caused by NewConnectionError('<urllib3.connection.HTTPConnection object at 0x7ffeadf14810>: Failed to establish a new connection: [Errno 113] No route to host'))"
2025-11-15 18:15:05,2025-11-15T18:14:54.869000,26.94,515.0,1.1402040353646494,27.424724129641113,6.808241376547038,27.069018253594354,23.306523270664616,7.255915411460526,1.6,-1540.2309298667997,True,"red_error:RPC错误: HTTPConnectionPool(host='192.168.0.46', port=80): Max retries exceeded with url: /rpc/Light.Set (Caused by NewConnectionError('<urllib3.connection.HTTPConnection object at 0x7ffeadf2d390>: Failed to establish a new connection: [Errno 113] No route to host'))|blue_error:RPC错误: HTTPConnectionPool(host='192.168.0.63', port=80): Max retries exceeded with url: /rpc/Light.Set (Caused by NewConnectionError('<urllib3.connection.HTTPConnection object at 0x7ffeadefe8d0>: Failed to establish a new connection: [Errno 113] No route to host'))"
2025-11-15 18:30:05,2025-11-15T18:29:57.755000,27.0,516.0,1.3857050203623815,50.55682861415413,13.889207153538532,28.28072924857626,41.46104826449829,11.869013176270013,1.6,-1384.8392100625072,True,"red_error:RPC错误: HTTPConnectionPool(host='192.168.0.46', port=80): Max retries exceeded with url: /rpc/Light.Set (Caused by NewConnectionError('<urllib3.connection.HTTPConnection object at 0x7ffeae4c4710>: Failed to establish a new connection: [Errno 113] No route to host'))|blue_error:RPC错误: HTTPConnectionPool(host='192.168.0.63', port=80): Max retries exceeded with url: /rpc/Light.Set (Caused by NewConnectionError('<urllib3.connection.HTTPConnection object at 0x7ffeadf21850>: Failed to establish a new connection: [Errno 113] No route to host'))"
2025-11-15 18:45:05,2025-11-15T18:44:55.027000,27.0,514.0,1.1659320429128883,29.244533859074924,7.4148446196916415,27.196003119359624,24.764513953993582,7.739141686233824,1.6,-1503.7071369662035,True,"red_error:RPC错误: HTTPConnectionPool(host='192.168.0.46', port=80): Max retries exceeded with url: /rpc/Light.Set (Caused by NewConnectionError('<urllib3.connection.HTTPConnection object at 0x7ffeadf2e050>: Failed to establish a new connection: [Errno 113] No route to host'))|blue_error:RPC错误: HTTPConnectionPool(host='192.168.0.63', port=80): Max retries exceeded with url: /rpc/Light.Set (Caused by NewConnectionError('<urllib3.connection.HTTPConnection object at 0x7ffeadefe310>: Failed to establish a new connection: [Errno 113] No route to host'))"
2025-11-15 19:00:05,2025-11-15T18:59:57.916000,27.01,515.0,1.1501884467192347,28.114550354813066,7.038183451604356,27.11829797854896,23.859196549166988,7.442787449708619,1.6,-1568.8746862848197,True,"red_error:RPC错误: HTTPConnectionPool(host='192.168.0.46', port=80): Max retries exceeded with url: /rpc/Light.Set (Caused by NewConnectionError('<urllib3.connection.HTTPConnection object at 0x7ffeae4c4710>: Failed to establish a new connection: [Errno 113] No route to host'))|blue_error:RPC错误: HTTPConnectionPool(host='192.168.0.63', port=80): Max retries exceeded with url: /rpc/Light.Set (Caused by NewConnectionError('<urllib3.connection.HTTPConnection object at 0x7ffeadf4cc10>: Failed to establish a new connection: [Errno 113] No route to host'))"
2025-11-15 19:15:05,2025-11-15T19:14:55.118000,27.06,512.0,1.4141510661509942,53.57161521897323,14.642903804743307,28.421129444714534,43.72546637454713,12.368532476678304,1.6,-1495.8427674490306,True,"red_error:RPC错误: HTTPConnectionPool(host='192.168.0.46', port=80): Max retries exceeded with url: /rpc/Light.Set (Caused by NewConnectionError('<urllib3.connection.HTTPConnection object at 0x7ffeae4c4710>: Failed to establish a new connection: [Errno 113] No route to host'))|blue_error:RPC错误: HTTPConnectionPool(host='192.168.0.63', port=80): Max retries exceeded with url: /rpc/Light.Set (Caused by NewConnectionError('<urllib3.connection.HTTPConnection object at 0x7ffeadeff9d0>: Failed to establish a new connection: [Errno 113] No route to host'))"
2025-11-15 19:30:05,2025-11-15T19:29:58.022000,27.0,511.0,1.3951469433700507,51.55750839997694,14.139377099994235,28.32733143195353,42.21266279859329,12.036456198236714,1.6,-1482.1939184784858,True,"red_error:RPC错误: HTTPConnectionPool(host='192.168.0.46', port=80): Max retries exceeded with url: /rpc/Light.Set (Caused by NewConnectionError('<urllib3.connection.HTTPConnection object at 0x7ffeae4c4710>: Failed to establish a new connection: [Errno 113] No route to host'))|blue_error:RPC错误: HTTPConnectionPool(host='192.168.0.63', port=80): Max retries exceeded with url: /rpc/Light.Set (Caused by NewConnectionError('<urllib3.connection.HTTPConnection object at 0x7ffeadf2fb50>: Failed to establish a new connection: [Errno 113] No route to host'))"
2025-11-15 19:45:05,2025-11-15T19:44:55.310000,27.06,512.0,1.5994224221468882,82.22025866492632,23.888103465970527,29.33556707565726,66.49523839199915,15.129126438801894,1.6,-1491.0696656698249,True,"red_error:RPC错误: HTTPConnectionPool(host='192.168.0.46', port=80): Max retries exceeded with url: /rpc/Light.Set (Caused by NewConnectionError('<urllib3.connection.HTTPConnection object at 0x7ffeae4c4710>: Failed to establish a new connection: [Errno 113] No route to host'))|blue_error:RPC错误: HTTPConnectionPool(host='192.168.0.63', port=80): Max retries exceeded with url: /rpc/Light.Set (Caused by NewConnectionError('<urllib3.connection.HTTPConnection object at 0x7ffeadf3b210>: Failed to establish a new connection: [Errno 113] No route to host'))"
2025-11-15 20:00:05,2025-11-15T19:59:58.132000,27.0,512.0,1.2998176638210779,40.26353167664427,10.979059502993282,27.85681789745891,33.527320817938275,10.28789389860318,1.6,-1522.7664731860777,True,"red_error:RPC错误: HTTPConnectionPool(host='192.168.0.46', port=80): Max retries exceeded with url: /rpc/Light.Set (Caused by NewConnectionError('<urllib3.connection.HTTPConnection object at 0x7ffeadf3a150>: Failed to establish a new connection: [Errno 113] No route to host'))|blue_error:RPC错误: HTTPConnectionPool(host='192.168.0.63', port=80): Max retries exceeded with url: /rpc/Light.Set (Caused by NewConnectionError('<urllib3.connection.HTTPConnection object at 0x7ffeade91b90>: Failed to establish a new connection: [Errno 113] No route to host'))"
2025-11-15 20:15:05,2025-11-15T20:14:55.422000,27.01,512.0,1.0983259207232723,24.552735718813196,5.850911906271065,26.862321844777345,21.005550659138542,6.4835131187633825,1.6,-1535.4846419403902,True,"red_error:RPC错误: HTTPConnectionPool(host='192.168.0.46', port=80): Max retries exceeded with url: /rpc/Light.Set (Caused by NewConnectionError('<urllib3.connection.HTTPConnection object at 0x7ffeadf21410>: Failed to establish a new connection: [Errno 113] No route to host'))|blue_error:RPC错误: HTTPConnectionPool(host='192.168.0.63', port=80): Max retries exceeded with url: /rpc/Light.Set (Caused by NewConnectionError('<urllib3.connection.HTTPConnection object at 0x7ffeadf4cb10>: Failed to establish a new connection: [Errno 113] No route to host'))"
2025-11-15 20:30:05,2025-11-15T20:29:58.332000,27.0,512.0,1.1783950151018179,30.139053307766176,7.7130177692553925,27.25751619406936,25.481182845886025,7.9749879166534345,1.6,-1490.119766701892,True,"red_error:RPC错误: HTTPConnectionPool(host='192.168.0.46', port=80): Max retries exceeded with url: /rpc/Light.Set (Caused by NewConnectionError('<urllib3.connection.HTTPConnection object at 0x7ffeadf22210>: Failed to establish a new connection: [Errno 113] No route to host'))|blue_error:RPC错误: HTTPConnectionPool(host='192.168.0.63', port=80): Max retries exceeded with url: /rpc/Light.Set (Caused by NewConnectionError('<urllib3.connection.HTTPConnection object at 0x7ffeadefd4d0>: Failed to establish a new connection: [Errno 113] No route to host'))"
2025-11-15 20:45:05,2025-11-15T20:44:55.627000,27.0,512.0,1.0749091695367474,22.946822018952115,5.315607339650706,26.74674456968116,19.718928670719855,6.06138445387272,1.6,-1449.1971709101529,True,"red_error:RPC错误: HTTPConnectionPool(host='192.168.0.46', port=80): Max retries exceeded with url: /rpc/Light.Set (Caused by NewConnectionError('<urllib3.connection.HTTPConnection object at 0x7ffeadf14710>: Failed to establish a new connection: [Errno 113] No route to host'))|blue_error:RPC错误: HTTPConnectionPool(host='192.168.0.63', port=80): Max retries exceeded with url: /rpc/Light.Set (Caused by NewConnectionError('<urllib3.connection.HTTPConnection object at 0x7ffeadf31f90>: Failed to establish a new connection: [Errno 113] No route to host'))"
2025-11-15 21:00:05,2025-11-15T20:59:58.426000,27.06,510.0,1.1231075583089827,26.25225291429784,6.4174176380992805,26.984635743992616,22.367165665969463,6.938183752314581,1.6,-1481.72155578652,True,"red_error:RPC错误: HTTPConnectionPool(host='192.168.0.46', port=80): Max retries exceeded with url: /rpc/Light.Set (Caused by NewConnectionError('<urllib3.connection.HTTPConnection object at 0x7ffeadf14710>: Failed to establish a new connection: [Errno 113] No route to host'))|blue_error:RPC错误: HTTPConnectionPool(host='192.168.0.63', port=80): Max retries exceeded with url: /rpc/Light.Set (Caused by NewConnectionError('<urllib3.connection.HTTPConnection object at 0x7ffeadf22710>: Failed to establish a new connection: [Errno 113] No route to host'))"
2025-11-15 21:15:05,2025-11-15T21:14:55.772000,27.12,509.0,1.7086178087716508,95.0,28.0,29.87451909076118,76.64513905509547,16.21954654456676,1.6,-1902.362241904245,True,"red_error:RPC错误: HTTPConnectionPool(host='192.168.0.46', port=80): Max retries exceeded with url: /rpc/Light.Set (Caused by NewConnectionError('<urllib3.connection.HTTPConnection object at 0x7ffeadf14710>: Failed to establish a new connection: [Errno 113] No route to host'))|blue_error:RPC错误: HTTPConnectionPool(host='192.168.0.63', port=80): Max retries exceeded with url: /rpc/Light.Set (Caused by NewConnectionError('<urllib3.connection.HTTPConnection object at 0x7ffeadf31f90>: Failed to establish a new connection: [Errno 113] No route to host'))"
2025-11-15 21:30:05,2025-11-15T21:29:58.648000,27.0,508.0,1.0218230130339876,19.30618949389846,4.1020631646328205,26.484729003770827,16.802135658186558,5.137057211495456,1.6,-1329.5243897426378,True,"red_error:RPC错误: HTTPConnectionPool(host='192.168.0.46', port=80): Max retries exceeded with url: /rpc/Light.Set (Caused by NewConnectionError('<urllib3.connection.HTTPConnection object at 0x7ffeadf2c710>: Failed to establish a new connection: [Errno 113] No route to host'))|blue_error:RPC错误: HTTPConnectionPool(host='192.168.0.63', port=80): Max retries exceeded with url: /rpc/Light.Set (Caused by NewConnectionError('<urllib3.connection.HTTPConnection object at 0x7ffeadf39910>: Failed to establish a new connection: [Errno 113] No route to host'))"
2025-11-15 21:45:05,2025-11-15T21:44:55.874000,27.0,512.0,1.6198964884347724,86.09336316920708,25.328008950762122,29.43662023938793,69.68773659904164,15.367820752883222,1.6,-1534.6406530890895,True,"red_error:RPC错误: HTTPConnectionPool(host='192.168.0.46', port=80): Max retries exceeded with url: /rpc/Light.Set (Caused by NewConnectionError('<urllib3.connection.HTTPConnection object at 0x7ffeadf14710>: Failed to establish a new connection: [Errno 113] No route to host'))|blue_error:RPC错误: HTTPConnectionPool(host='192.168.0.63', port=80): Max retries exceeded with url: /rpc/Light.Set (Caused by NewConnectionError('<urllib3.connection.HTTPConnection object at 0x7ffeadf19790>: Failed to establish a new connection: [Errno 113] No route to host'))"
2025-11-15 22:00:05,2025-11-15T21:59:58.732000,27.0,510.0,1.7067051842645709,95.0,28.0,29.865079013995206,76.64513905509547,16.204434801973786,1.6,-1725.9964936864476,True,"red_error:RPC错误: HTTPConnectionPool(host='192.168.0.46', port=80): Max retries exceeded with url: /rpc/Light.Set (Caused by NewConnectionError('<urllib3.connection.HTTPConnection object at 0x7ffeadf31490>: Failed to establish a new connection: [Errno 113] No route to host'))|blue_error:RPC错误: HTTPConnectionPool(host='192.168.0.63', port=80): Max retries exceeded with url: /rpc/Light.Set (Caused by NewConnectionError('<urllib3.connection.HTTPConnection object at 0x7ffeadf227d0>: Failed to establish a new connection: [Errno 113] No route to host'))"
2025-11-15 22:15:05,2025-11-15T22:14:55.980000,27.0,510.0,1.508631449134107,67.21910280694672,18.665730842084013,28.887453108840756,54.34326078397227,13.899154092844942,1.6,-1387.896392298269,True,"red_error:RPC错误: HTTPConnectionPool(host='192.168.0.46', port=80): Max retries exceeded with url: /rpc/Light.Set (Caused by NewConnectionError('<urllib3.connection.HTTPConnection object at 0x7ffeadf2c710>: Failed to establish a new connection: [Errno 113] No route to host'))|blue_error:RPC错误: HTTPConnectionPool(host='192.168.0.63', port=80): Max retries exceeded with url: /rpc/Light.Set (Caused by NewConnectionError('<urllib3.connection.HTTPConnection object at 0x7ffeadf28990>: Failed to establish a new connection: [Errno 113] No route to host'))"
2025-11-15 22:30:05,2025-11-15T22:29:58.857000,27.0,509.0,1.1908170717233737,31.030636075686964,8.010212025228988,27.318827323182614,26.19549893510135,8.210943400432066,1.6,-1525.1143547123352,True,"red_error:RPC错误: HTTPConnectionPool(host='192.168.0.46', port=80): Max retries exceeded with url: /rpc/Light.Set (Caused by NewConnectionError('<urllib3.connection.HTTPConnection object at 0x7ffeadf3a8d0>: Failed to establish a new connection: [Errno 113] No route to host'))|blue_error:RPC错误: HTTPConnectionPool(host='192.168.0.63', port=80): Max retries exceeded with url: /rpc/Light.Set (Caused by NewConnectionError('<urllib3.connection.HTTPConnection object at 0x7ffeadf2fe50>: Failed to establish a new connection: [Errno 113] No route to host'))"
2025-11-15 22:45:05,2025-11-15T22:44:56.200000,27.0,509.0,1.1485748138845042,27.99878958374532,6.999596527915108,27.11033362497325,23.76645161930871,7.412525866182833,1.6,-1580.8900452787277,True,"red_error:RPC错误: HTTPConnectionPool(host='192.168.0.46', port=80): Max retries exceeded with url: /rpc/Light.Set (Caused by NewConnectionError('<urllib3.connection.HTTPConnection object at 0x7ffeadf14710>: Failed to establish a new connection: [Errno 113] No route to host'))|blue_error:RPC错误: HTTPConnectionPool(host='192.168.0.63', port=80): Max retries exceeded with url: /rpc/Light.Set (Caused by NewConnectionError('<urllib3.connection.HTTPConnection object at 0x7ffeadf26850>: Failed to establish a new connection: [Errno 113] No route to host'))"
2025-11-15 23:00:05,2025-11-15T22:59:59.111000,27.0,510.0,0.9923735680667299,19.0,4.0,26.33937636388928,16.55682351251732,4.647012106640589,1.6,-1333.2691373661899,True,"red_error:RPC错误: HTTPConnectionPool(host='192.168.0.46', port=80): Max retries exceeded with url: /rpc/Light.Set (Caused by NewConnectionError('<urllib3.connection.HTTPConnection object at 0x7ffeadf14710>: Failed to establish a new connection: [Errno 113] No route to host'))|blue_error:RPC错误: HTTPConnectionPool(host='192.168.0.63', port=80): Max retries exceeded with url: /rpc/Light.Set (Caused by NewConnectionError('<urllib3.connection.HTTPConnection object at 0x7ffeadf28610>: Failed to establish a new connection: [Errno 113] No route to host'))"
2025-11-15 23:15:05,2025-11-15T23:14:56.300000,27.0,510.0,1.308945516624354,41.4386352699404,11.33159058098212,27.901869935039976,34.44525075955781,10.459784354170385,1.6,-1513.3464937027331,True,"red_error:RPC错误: HTTPConnectionPool(host='192.168.0.46', port=80): Max retries exceeded with url: /rpc/Light.Set (Caused by NewConnectionError('<urllib3.connection.HTTPConnection object at 0x7ffeadf1be10>: Failed to establish a new connection: [Errno 113] No route to host'))|blue_error:RPC错误: HTTPConnectionPool(host='192.168.0.63', port=80): Max retries exceeded with url: /rpc/Light.Set (Caused by NewConnectionError('<urllib3.connection.HTTPConnection object at 0x7ffeadf4cf90>: Failed to establish a new connection: [Errno 113] No route to host'))"
2025-11-15 23:30:05,2025-11-15T23:29:53.622000,27.0,509.0,1.4295315568210876,55.277270273347014,15.083181082004105,28.497042417745337,45.014920965309926,12.632050297256876,1.6,-1490.9141809768737,True,"red_error:RPC错误: HTTPConnectionPool(host='192.168.0.46', port=80): Max retries exceeded with url: /rpc/Light.Set (Caused by NewConnectionError('<urllib3.connection.HTTPConnection object at 0x7ffeadf14710>: Failed to establish a new connection: [Errno 113] No route to host'))|blue_error:RPC错误: HTTPConnectionPool(host='192.168.0.63', port=80): Max retries exceeded with url: /rpc/Light.Set (Caused by NewConnectionError('<urllib3.connection.HTTPConnection object at 0x7ffeae4d0050>: Failed to establish a new connection: [Errno 113] No route to host'))"
2025-11-15 23:45:05,2025-11-15T23:44:56.417000,27.0,511.0,1.3128902780611211,41.94647686630984,11.483943059892953,27.92133996203622,34.84195025870562,10.533855796439132,1.6,-1464.490451134094,True,"red_error:RPC错误: HTTPConnectionPool(host='192.168.0.46', port=80): Max retries exceeded with url: /rpc/Light.Set (Caused by NewConnectionError('<urllib3.connection.HTTPConnection object at 0x7ffeadf3b710>: Failed to establish a new connection: [Errno 113] No route to host'))|blue_error:RPC错误: HTTPConnectionPool(host='192.168.0.63', port=80): Max retries exceeded with url: /rpc/Light.Set (Caused by NewConnectionError('<urllib3.connection.HTTPConnection object at 0x7ffeadf20110>: Failed to establish a new connection: [Errno 113] No route to host'))"
2025-11-16 00:00:05,2025-11-15T23:59:59.293000,27.06,511.0,1.127784922662995,26.573025144207882,6.524341714735962,27.007721654688027,22.624161172211206,7.0248076368459795,1.6,-1355.2272362049193,True,"red_error:RPC错误: HTTPConnectionPool(host='192.168.0.46', port=80): Max retries exceeded with url: /rpc/Light.Set (Caused by NewConnectionError('<urllib3.connection.HTTPConnection object at 0x7ffeadf2c710>: Failed to establish a new connection: [Errno 113] No route to host'))|blue_error:RPC错误: HTTPConnectionPool(host='192.168.0.63', port=80): Max retries exceeded with url: /rpc/Light.Set (Caused by NewConnectionError('<urllib3.connection.HTTPConnection object at 0x7ffeb1291a10>: Failed to establish a new connection: [Errno 113] No route to host'))"
2025-11-16 00:15:05,2025-11-16T00:14:56.561000,27.0,511.0,1.4114137115847603,53.28150319636565,14.570375799091412,28.40761877539848,43.507562090082885,12.321127398470406,1.6,-1449.6250958437124,True,"red_error:RPC错误: HTTPConnectionPool(host='192.168.0.46', port=80): Max retries exceeded with url: /rpc/Light.Set (Caused by NewConnectionError('<urllib3.connection.HTTPConnection object at 0x7ffeadf19890>: Failed to establish a new connection: [Errno 113] No route to host'))|blue_error:RPC错误: HTTPConnectionPool(host='192.168.0.63', port=80): Max retries exceeded with url: /rpc/Light.Set (Caused by NewConnectionError('<urllib3.connection.HTTPConnection object at 0x7ffeadf2c250>: Failed to establish a new connection: [Errno 113] No route to host'))"
2025-11-16 00:30:05,2025-11-16T00:29:59.423000,27.0,511.0,1.7563277651660907,95.0,28.0,30.109999525732892,76.64513905509547,16.54870635336598,1.6,-1361.8169230532417,True,"red_error:RPC错误: HTTPConnectionPool(host='192.168.0.46', port=80): Max retries exceeded with url: /rpc/Light.Set (Caused by NewConnectionError('<urllib3.connection.HTTPConnection object at 0x7ffeae4c4710>: Failed to establish a new connection: [Errno 113] No route to host'))|blue_error:RPC错误: HTTPConnectionPool(host='192.168.0.63', port=80): Max retries exceeded with url: /rpc/Light.Set (Caused by NewConnectionError('<urllib3.connection.HTTPConnection object at 0x7ffeb12b9c90>: Failed to establish a new connection: [Errno 113] No route to host'))"
2025-11-16 00:45:05,2025-11-16T00:44:56.673000,27.0,511.0,1.5324006569461122,70.7772978814221,19.73318936442663,29.004769992306954,57.12273811313488,14.246589936741533,1.6,-1500.2318668956636,True,"red_error:RPC错误: HTTPConnectionPool(host='192.168.0.46', port=80): Max retries exceeded with url: /rpc/Light.Set (Caused by NewConnectionError('<urllib3.connection.HTTPConnection object at 0x7ffeadf14710>: Failed to establish a new connection: [Errno 113] No route to host'))|blue_error:RPC错误: HTTPConnectionPool(host='192.168.0.63', port=80): Max retries exceeded with url: /rpc/Light.Set (Caused by NewConnectionError('<urllib3.connection.HTTPConnection object at 0x7ffeadf25e90>: Failed to establish a new connection: [Errno 113] No route to host'))"
2025-11-16 09:00:05,2025-11-16T05:20:26.107000,24.24,548.0,1.0477251316305494,21.082548937542445,4.694182979180815,26.612573223609985,18.22531494840947,5.581938251423377,1.6,-1635.9147058290605,True,"red_error:RPC错误: HTTPConnectionPool(host='192.168.0.46', port=80): Max retries exceeded with url: /rpc/Light.Set (Caused by NewConnectionError('<urllib3.connection.HTTPConnection object at 0x7ffeadf2c710>: Failed to establish a new connection: [Errno 113] No route to host'))|blue_error:RPC错误: HTTPConnectionPool(host='192.168.0.63', port=80): Max retries exceeded with url: /rpc/Light.Set (Caused by NewConnectionError('<urllib3.connection.HTTPConnection object at 0x7ffeadf1b810>: Failed to establish a new connection: [Errno 113] No route to host'))"
2025-11-16 09:15:05,2025-11-16T09:14:57.285000,24.51,548.0,1.3500575924898195,46.73133105706263,12.919399317118788,28.104785431909264,38.57963002841498,11.223982921824152,1.6,-1522.9731581443882,True,"blue_error:RPC错误: HTTPConnectionPool(host='192.168.0.63', port=80): Max retries exceeded with url: /rpc/Light.Set (Caused by NewConnectionError('<urllib3.connection.HTTPConnection object at 0x7ffeadf4d010>: Failed to establish a new connection: [Errno 113] No route to host'))"
2025-11-16 09:30:05,2025-11-16T09:30:00.207000,25.38,548.0,1.2415032867331663,34.66859694244391,9.222865647481305,27.568997578189737,29.110151475011254,9.17865369050848,1.6,-1598.7180041054762,True,"blue_error:RPC错误: HTTPConnectionPool(host='192.168.0.63', port=80): Max retries exceeded with url: /rpc/Light.Set (Caused by NewConnectionError('<urllib3.connection.HTTPConnection object at 0x7ffeadf39590>: Failed to establish a new connection: [Errno 113] No route to host'))"
2025-11-16 09:45:05,2025-11-16T09:44:57.507000,25.72,546.0,1.2789528361536695,37.57743073988552,10.173229221965656,27.75383606586571,31.429078169265008,9.892778027467983,1.6,-1435.1318955421518,True,"blue_error:RPC错误: HTTPConnectionPool(host='192.168.0.63', port=80): Max retries exceeded with url: /rpc/Light.Set (Caused by NewConnectionError('<urllib3.connection.HTTPConnection object at 0x7ffeadf39550>: Failed to establish a new connection: [Errno 113] No route to host'))"
2025-11-16 10:00:05,2025-11-16T10:00:00.315000,25.78,545.0,1.2905506247783027,39.07050949354421,10.62115284806326,27.811078883013973,32.59539380390191,10.112745844593903,1.6,-1497.7523977745045,True,"blue_error:RPC错误: HTTPConnectionPool(host='192.168.0.63', port=80): Max retries exceeded with url: /rpc/Light.Set (Caused by NewConnectionError('<urllib3.connection.HTTPConnection object at 0x7ffeadf31ad0>: Failed to establish a new connection: [Errno 113] No route to host'))"
2025-11-16 10:15:05,2025-11-16T10:14:57.636000,25.99,544.0,1.733576666684526,95.0,28.0,29.99770769041385,76.64513905509547,16.403251618301233,1.6,-1713.7998170555063,True,"blue_error:RPC错误: HTTPConnectionPool(host='192.168.0.63', port=80): Max retries exceeded with url: /rpc/Light.Set (Caused by NewConnectionError('<urllib3.connection.HTTPConnection object at 0x7ffeadf2f5d0>: Failed to establish a new connection: [Errno 113] No route to host'))"
2025-11-16 10:30:05,2025-11-16T10:29:54.950000,27.25,542.0,1.2735819368415573,36.97101533628468,9.990338445428227,27.72732709788952,30.954797381146452,9.790666758622956,1.6,-1485.145909995555,True,"blue_error:RPC错误: HTTPConnectionPool(host='192.168.0.63', port=80): Max retries exceeded with url: /rpc/Light.Set (Caused by NewConnectionError('<urllib3.connection.HTTPConnection object at 0x7ffeadf3bcd0>: Failed to establish a new connection: [Errno 113] No route to host'))"
2025-11-16 10:45:05,2025-11-16T10:44:57.822000,26.97,540.0,1.3551115233522781,47.31444949172599,13.078612372931497,28.12972994931711,39.02568451678416,11.316557409923009,1.6,-1537.5770664898878,True,"blue_error:RPC错误: HTTPConnectionPool(host='192.168.0.63', port=80): Max retries exceeded with url: /rpc/Light.Set (Caused by NewConnectionError('<urllib3.connection.HTTPConnection object at 0x7ffeadf19710>: Failed to establish a new connection: [Errno 113] No route to host'))"
2025-11-16 11:00:05,2025-11-16T10:59:55.037000,27.0,538.0,1.4610618213415019,60.04670615088837,16.51401184526651,28.65266528905246,48.7405567489173,13.15595819355456,1.6,-1413.8937875662648,True,"blue_error:RPC错误: HTTPConnectionPool(host='192.168.0.63', port=80): Max retries exceeded with url: /rpc/Light.Set (Caused by NewConnectionError('<urllib3.connection.HTTPConnection object at 0x7ffeadf25590>: Failed to establish a new connection: [Errno 113] No route to host'))"
2025-11-16 11:15:05,2025-11-16T11:14:57.976000,27.26,538.0,1.766780795871381,95.0,28.0,30.161592199532556,76.64513905509547,16.608458757282968,1.6,-1362.038255106406,True,"blue_error:RPC错误: HTTPConnectionPool(host='192.168.0.63', port=80): Max retries exceeded with url: /rpc/Light.Set (Caused by NewConnectionError('<urllib3.connection.HTTPConnection object at 0x7ffeadf24b50>: Failed to establish a new connection: [Errno 113] No route to host'))"
2025-11-16 11:30:05,2025-11-16T11:29:55.193000,28.25,535.0,1.278213680029321,37.482273090386926,10.144681927116078,27.750187837721576,31.35474595196331,9.878733641327695,1.6,-1611.412990437004,True,"blue_error:RPC错误: HTTPConnectionPool(host='192.168.0.63', port=80): Max retries exceeded with url: /rpc/Light.Set (Caused by NewConnectionError('<urllib3.connection.HTTPConnection object at 0x7ffeadf25950>: Failed to establish a new connection: [Errno 113] No route to host'))"
2025-11-16 11:45:05,2025-11-16T11:44:58.120000,27.53,532.0,1.1602991213680243,28.840235606744024,7.2800785355813415,27.168200897018863,24.440599274535288,7.63288971035116,1.6,-1422.6589749612797,True,"blue_error:RPC错误: HTTPConnectionPool(host='192.168.0.63', port=80): Max retries exceeded with url: /rpc/Light.Set (Caused by NewConnectionError('<urllib3.connection.HTTPConnection object at 0x7ffeadf2e250>: Failed to establish a new connection: [Errno 113] No route to host'))"
2025-11-16 12:00:05,2025-11-16T11:59:55.340000,27.25,531.0,1.7173080855845957,95.0,28.0,29.917411399171993,76.64513905509547,16.2863599037204,1.6,-1364.7224352865696,True,"blue_error:RPC错误: HTTPConnectionPool(host='192.168.0.63', port=80): Max retries exceeded with url: /rpc/Light.Set (Caused by NewConnectionError('<urllib3.connection.HTTPConnection object at 0x7ffeadf210d0>: Failed to establish a new connection: [Errno 113] No route to host'))"
2025-11-16 12:15:05,2025-11-16T12:14:58.246000,28.5,531.0,1.4474287269909176,57.984491630756956,15.895347489227087,28.585376881552257,47.12966179048944,12.932255330191463,1.6,-1399.4462808628375,True,"blue_error:RPC错误: HTTPConnectionPool(host='192.168.0.63', port=80): Max retries exceeded with url: /rpc/Light.Set (Caused by NewConnectionError('<urllib3.connection.HTTPConnection object at 0x7ffeadf39f90>: Failed to establish a new connection: [Errno 113] No route to host'))"
2025-11-16 12:30:05,2025-11-16T12:29:55.563000,28.38,529.0,1.3698341450880076,48.87479159081886,13.468697897704715,28.202395900666787,40.19766362184243,11.584201915659833,1.6,-1682.3862809036466,True,"blue_error:RPC错误: HTTPConnectionPool(host='192.168.0.63', port=80): Max retries exceeded with url: /rpc/Light.Set (Caused by NewConnectionError('<urllib3.connection.HTTPConnection object at 0x7ffeadf2a490>: Failed to establish a new connection: [Errno 113] No route to host'))"
2025-11-16 12:45:05,2025-11-16T12:44:58.365000,28.23,528.0,1.2409442509587947,34.6284726153485,9.209490871782833,27.56623836402854,29.078004765312016,9.167968475869278,1.6,-1600.7402164963576,True,"blue_error:RPC错误: HTTPConnectionPool(host='192.168.0.63', port=80): Max retries exceeded with url: /rpc/Light.Set (Caused by NewConnectionError('<urllib3.connection.HTTPConnection object at 0x7ffeadf4cb90>: Failed to establish a new connection: [Errno 113] No route to host'))"
2025-11-16 13:00:05,2025-11-16T12:59:55.690000,27.94,526.0,1.7519834355315396,95.0,28.0,30.08855736335599,76.64513905509547,16.522560456784984,1.6,-1791.7209909056671,True,"blue_error:RPC错误: HTTPConnectionPool(host='192.168.0.63', port=80): Max retries exceeded with url: /rpc/Light.Set (Caused by NewConnectionError('<urllib3.connection.HTTPConnection object at 0x7ffeadf21cd0>: Failed to establish a new connection: [Errno 113] No route to host'))"
2025-11-16 13:15:05,2025-11-16T13:14:58.481000,28.74,525.0,1.4869707423936132,63.96582765189321,17.68974829556796,28.7805430835438,51.80197107114435,13.568285802763288,1.6,-1676.8848606826682,True,"blue_error:RPC错误: HTTPConnectionPool(host='192.168.0.63', port=80): Max retries exceeded with url: /rpc/Light.Set (Caused by NewConnectionError('<urllib3.connection.HTTPConnection object at 0x7ffeadf31090>: Failed to establish a new connection: [Errno 113] No route to host'))"
2025-11-16 13:30:05,2025-11-16T13:29:55.809000,29.0,524.0,1.3428588654542246,45.80457969625526,12.641373908876579,28.069254915813843,37.85569996184479,11.09154877197469,1.6,-1398.6959037362185,True,"blue_error:RPC错误: HTTPConnectionPool(host='192.168.0.63', port=80): Max retries exceeded with url: /rpc/Light.Set (Caused by NewConnectionError('<urllib3.connection.HTTPConnection object at 0x7ffeadf21f90>: Failed to establish a new connection: [Errno 113] No route to host'))"
2025-11-16 13:45:05,2025-11-16T13:44:58.585000,28.74,522.0,1.2601232076643365,36.00502625910562,9.66834208636854,27.660899298739665,30.180868628076862,9.53425237737902,1.6,-1478.714829285013,True,"blue_error:RPC错误: HTTPConnectionPool(host='192.168.0.63', port=80): Max retries exceeded with url: /rpc/Light.Set (Caused by NewConnectionError('<urllib3.connection.HTTPConnection object at 0x7ffeadefd050>: Failed to establish a new connection: [Errno 113] No route to host'))"
2025-11-16 14:00:05,2025-11-16T13:59:55.844000,28.26,524.0,1.288614203015316,38.821217987549964,10.546365396264989,27.801521350928493,32.400660217136455,10.076074473430333,1.6,-1464.186188224025,True,"blue_error:RPC错误: HTTPConnectionPool(host='192.168.0.63', port=80): Max retries exceeded with url: /rpc/Light.Set (Caused by NewConnectionError('<urllib3.connection.HTTPConnection object at 0x7ffeadefe4d0>: Failed to establish a new connection: [Errno 113] No route to host'))"
2025-11-16 14:15:05,2025-11-16T14:14:58.713000,28.25,524.0,1.4299314656093451,55.33776260829793,15.101328782489379,28.499016234166994,45.06217443794562,12.638835743962082,1.6,-1421.9855113592491,True,"blue_error:RPC错误: HTTPConnectionPool(host='192.168.0.63', port=80): Max retries exceeded with url: /rpc/Light.Set (Caused by NewConnectionError('<urllib3.connection.HTTPConnection object at 0x7ffeadf3a7d0>: Failed to establish a new connection: [Errno 113] No route to host'))"
2025-11-16 14:30:05,2025-11-16T14:29:55.968000,28.55,524.0,1.4469147965322313,57.90675177016578,15.872025531049735,28.582840292188052,47.06893544593474,12.923736090734682,1.6,-1551.105409328508,True,"blue_error:RPC错误: HTTPConnectionPool(host='192.168.0.63', port=80): Max retries exceeded with url: /rpc/Light.Set (Caused by NewConnectionError('<urllib3.connection.HTTPConnection object at 0x7ffeadf319d0>: Failed to establish a new connection: [Errno 113] No route to host'))"
2025-11-16 14:45:05,2025-11-16T14:44:58.898000,29.0,522.0,0.959121784812353,19.0,4.0,26.17525665018444,16.55682351251732,4.115792264559459,1.6,-1555.7099555969673,True,"blue_error:RPC错误: HTTPConnectionPool(host='192.168.0.63', port=80): Max retries exceeded with url: /rpc/Light.Set (Caused by NewConnectionError('<urllib3.connection.HTTPConnection object at 0x7ffeb1286a90>: Failed to establish a new connection: [Errno 113] No route to host'))"
2025-11-16 15:00:05,2025-11-16T14:59:56.122000,28.05,521.0,1.8052474225981057,95.0,28.0,30.351450641628286,76.64513905509547,16.7898753238913,1.6,-1578.335325962451,True,"blue_error:RPC错误: HTTPConnectionPool(host='192.168.0.63', port=80): Max retries exceeded with url: /rpc/Light.Set (Caused by NewConnectionError('<urllib3.connection.HTTPConnection object at 0x7ffeadf3a390>: Failed to establish a new connection: [Errno 113] No route to host'))"
2025-11-16 15:15:05,2025-11-16T15:14:59.008000,29.47,521.0,1.0224160318925974,19.34685854750593,4.11561951583531,26.487655947103523,16.834718790533007,5.147102512143371,1.6,-1309.4739289039076,True,"blue_error:RPC错误: HTTPConnectionPool(host='192.168.0.63', port=80): Max retries exceeded with url: /rpc/Light.Set (Caused by NewConnectionError('<urllib3.connection.HTTPConnection object at 0x7ffeadf28450>: Failed to establish a new connection: [Errno 113] No route to host'))"
2025-11-16 15:30:05,2025-11-16T15:29:56.194000,28.37,518.0,1.470407607108787,61.460399522012665,16.938119856603798,28.698792971069985,49.844860642656684,13.306682735547335,1.6,-1499.9401722107443,True,"blue_error:RPC错误: HTTPConnectionPool(host='192.168.0.63', port=80): Max retries exceeded with url: /rpc/Light.Set (Caused by NewConnectionError('<urllib3.connection.HTTPConnection object at 0x7ffeadf18cd0>: Failed to establish a new connection: [Errno 113] No route to host'))"
2025-11-16 15:45:05,2025-11-16T15:44:59.118000,29.25,518.0,1.5330497783056183,70.87446983777838,19.762340951333513,29.00797383887563,57.19864380241541,14.255838476385128,1.6,-1517.040963830982,True,"blue_error:RPC错误: HTTPConnectionPool(host='192.168.0.63', port=80): Max retries exceeded with url: /rpc/Light.Set (Caused by NewConnectionError('<urllib3.connection.HTTPConnection object at 0x7ffeadefea10>: Failed to establish a new connection: [Errno 113] No route to host'))"
2025-11-16 16:00:05,2025-11-16T15:59:56.351000,29.49,519.0,1.0112681113541857,19.0,4.0,26.432633528811788,16.55682351251732,4.959412226248839,1.6,-1531.4697943808324,True,"blue_error:RPC错误: HTTPConnectionPool(host='192.168.0.63', port=80): Max retries exceeded with url: /rpc/Light.Set (Caused by NewConnectionError('<urllib3.connection.HTTPConnection object at 0x7ffeadf2f5d0>: Failed to establish a new connection: [Errno 113] No route to host'))"
2025-11-16 16:15:05,2025-11-16T16:14:59.220000,28.55,519.0,1.233666888861625,34.106146011998675,9.035382003999558,27.530319731491538,28.65952842186712,9.028851850401939,1.6,-1400.0927635368648,True,"blue_error:RPC错误: HTTPConnectionPool(host='192.168.0.63', port=80): Max retries exceeded with url: /rpc/Light.Set (Caused by NewConnectionError('<urllib3.connection.HTTPConnection object at 0x7ffeadf18cd0>: Failed to establish a new connection: [Errno 113] No route to host'))"
2025-11-16 16:30:05,2025-11-16T16:29:56.460000,28.5,521.0,1.197764919602288,31.529312070467537,8.176437356822513,27.35311958342108,26.595026942139807,8.343227998807295,1.6,-1459.1286818869112,True,"blue_error:RPC错误: HTTPConnectionPool(host='192.168.0.63', port=80): Max retries exceeded with url: /rpc/Light.Set (Caused by NewConnectionError('<urllib3.connection.HTTPConnection object at 0x7ffeadf3e690>: Failed to establish a new connection: [Errno 113] No route to host'))"
2025-11-16 16:45:05,2025-11-16T16:44:59.268000,28.5,519.0,1.181900870800368,30.390683180570015,7.796894393523339,27.274819928703224,25.68278304851237,8.041500410906922,1.6,-1556.6431150055475,True,"blue_error:RPC错误: HTTPConnectionPool(host='192.168.0.63', port=80): Max retries exceeded with url: /rpc/Light.Set (Caused by NewConnectionError('<urllib3.connection.HTTPConnection object at 0x7ffeadefe110>: Failed to establish a new connection: [Errno 113] No route to host'))"
2025-11-16 17:00:05,2025-11-16T16:59:56.541000,28.5,519.0,1.403612848095912,52.4547472062021,14.363686801550525,28.369116314563637,42.88658240491209,12.185232431500106,1.6,-1428.4744143776857,True,"blue_error:RPC错误: HTTPConnectionPool(host='192.168.0.63', port=80): Max retries exceeded with url: /rpc/Light.Set (Caused by NewConnectionError('<urllib3.connection.HTTPConnection object at 0x7ffeadf19710>: Failed to establish a new connection: [Errno 113] No route to host'))"
2025-11-16 17:15:05,2025-11-16T17:14:59.455000,29.0,519.0,1.2861423562141778,38.50299681103707,10.45089904331112,27.789321139402343,32.15208234907017,10.029229601572306,1.6,-1564.6859673011602,True,"blue_error:RPC错误: HTTPConnectionPool(host='192.168.0.63', port=80): Max retries exceeded with url: /rpc/Light.Set (Caused by NewConnectionError('<urllib3.connection.HTTPConnection object at 0x7ffeadf31590>: Failed to establish a new connection: [Errno 113] No route to host'))"
2025-11-16 17:30:05,2025-11-16T17:29:56.713000,28.74,520.0,0.9785003004251629,19.0,4.0,26.27090254111513,16.55682351251732,4.422415439477086,1.6,-1398.121343201293,True,"blue_error:RPC错误: HTTPConnectionPool(host='192.168.0.63', port=80): Max retries exceeded with url: /rpc/Light.Set (Caused by NewConnectionError('<urllib3.connection.HTTPConnection object at 0x7ffeadf2ead0>: Failed to establish a new connection: [Errno 113] No route to host'))"
2025-11-16 17:45:05,2025-11-16T17:44:59.471000,28.38,520.0,1.2139847178136247,32.69347457792912,8.564491525976374,27.43317509859242,27.527727796689014,8.65268238232799,1.6,-1407.4838667512238,True,"blue_error:RPC错误: HTTPConnectionPool(host='192.168.0.63', port=80): Max retries exceeded with url: /rpc/Light.Set (Caused by NewConnectionError('<urllib3.connection.HTTPConnection object at 0x7ffeadf23c50>: Failed to establish a new connection: [Errno 113] No route to host'))"
2025-11-16 18:00:05,2025-11-16T17:59:56.786000,28.5,520.0,1.2852797519440253,38.39194666602542,10.417583999807626,27.785063612376653,32.065335739061545,10.012873437712313,1.6,-1578.7384927891333,True,"blue_error:RPC错误: HTTPConnectionPool(host='192.168.0.63', port=80): Max retries exceeded with url: /rpc/Light.Set (Caused by NewConnectionError('<urllib3.connection.HTTPConnection object at 0x7ffeadf4d090>: Failed to establish a new connection: [Errno 113] No route to host'))"
2025-11-16 18:15:05,2025-11-16T18:14:59.551000,28.59,521.0,1.3949255160954188,51.534040956154946,14.133510239038737,28.32623854076508,42.19503630897637,12.03254738360736,1.6,-1317.0250635141533,True,"blue_error:RPC错误: HTTPConnectionPool(host='192.168.0.63', port=80): Max retries exceeded with url: /rpc/Light.Set (Caused by NewConnectionError('<urllib3.connection.HTTPConnection object at 0x7ffeadf27a10>: Failed to establish a new connection: [Errno 113] No route to host'))"
2025-11-16 18:30:05,2025-11-16T18:29:56.898000,28.84,521.0,1.4131182574573105,53.46215544244764,14.61553886061191,28.41603184541219,43.64325070465851,12.35066389723294,1.6,-1459.8915247254795,True,"blue_error:RPC错误: HTTPConnectionPool(host='192.168.0.63', port=80): Max retries exceeded with url: /rpc/Light.Set (Caused by NewConnectionError('<urllib3.connection.HTTPConnection object at 0x7ffeadee6b10>: Failed to establish a new connection: [Errno 113] No route to host'))"
2025-11-16 18:45:05,2025-11-16T18:44:59.805000,29.22,518.0,1.5905193217048095,80.54384550422492,23.21753820168997,29.29162434078312,65.08497859027975,15.020657096844442,1.6,-1705.0760522155852,True,"blue_error:RPC错误: HTTPConnectionPool(host='192.168.0.63', port=80): Max retries exceeded with url: /rpc/Light.Set (Caused by NewConnectionError('<urllib3.connection.HTTPConnection object at 0x7ffeadf3ed90>: Failed to establish a new connection: [Errno 113] No route to host'))"
2025-11-16 19:00:05,2025-11-16T18:59:57.005000,29.87,518.0,1.6705533920144315,95.0,28.0,29.686645822950368,76.64513905509547,15.891465682841549,1.6,-1386.7957462049276,True,"blue_error:RPC错误: HTTPConnectionPool(host='192.168.0.63', port=80): Max retries exceeded with url: /rpc/Light.Set (Caused by NewConnectionError('<urllib3.connection.HTTPConnection object at 0x7ffeadf21f90>: Failed to establish a new connection: [Errno 113] No route to host'))"
2025-11-16 19:15:05,2025-11-16T19:14:59.792000,30.37,518.0,1.1204649986437567,26.07102697329161,6.357008991097203,26.971592950696778,22.221971512267018,6.889350963116646,1.6,-1550.2576464787924,True,"blue_error:RPC错误: HTTPConnectionPool(host='192.168.0.63', port=80): Max retries exceeded with url: /rpc/Light.Set (Caused by NewConnectionError('<urllib3.connection.HTTPConnection object at 0x7ffeadf3a950>: Failed to establish a new connection: [Errno 113] No route to host'))"
2025-11-16 19:30:05,2025-11-16T19:29:57.025000,29.51,517.0,1.5927361423325972,80.961262706189,23.3845050824756,29.30256582816093,65.436125141903,15.047926235377247,1.6,-1451.6401805495534,True,"blue_error:RPC错误: HTTPConnectionPool(host='192.168.0.63', port=80): Max retries exceeded with url: /rpc/Light.Set (Caused by NewConnectionError('<urllib3.connection.HTTPConnection object at 0x7ffeadf29450>: Failed to establish a new connection: [Errno 113] No route to host'))"
2025-11-16 19:45:05,2025-11-16T19:44:59.919000,29.94,519.0,1.4640762293219565,60.50268156975041,16.650804470925124,28.667543401632383,49.096741081944444,13.204811850740551,1.6,-1483.4252143497602,True,"blue_error:RPC错误: HTTPConnectionPool(host='192.168.0.63', port=80): Max retries exceeded with url: /rpc/Light.Set (Caused by NewConnectionError('<urllib3.connection.HTTPConnection object at 0x7ffeadf3e5d0>: Failed to establish a new connection: [Errno 113] No route to host'))"
2025-11-16 20:00:05,2025-11-16T19:59:57.147000,29.99,520.0,1.5751773758723764,77.65502715700053,22.06201086280021,29.2159016122175,62.654799392774834,14.82726203349442,1.6,-1590.828034178131,True,"blue_error:RPC错误: HTTPConnectionPool(host='192.168.0.63', port=80): Max retries exceeded with url: /rpc/Light.Set (Caused by NewConnectionError('<urllib3.connection.HTTPConnection object at 0x7ffeadf21450>: Failed to establish a new connection: [Errno 113] No route to host'))"
2025-11-16 20:15:05,2025-11-16T20:14:59.991000,30.37,519.0,1.3155313799843633,42.28648764728445,11.585946294185336,27.93437556040374,35.10754903494168,10.583370923183471,1.6,-1583.375245643571,True,"blue_error:RPC错误: HTTPConnectionPool(host='192.168.0.63', port=80): Max retries exceeded with url: /rpc/Light.Set (Caused by NewConnectionError('<urllib3.connection.HTTPConnection object at 0x7ffeadf3ff10>: Failed to establish a new connection: [Errno 113] No route to host'))"
2025-11-16 20:30:05,2025-11-16T20:29:57.238000,29.84,520.0,1.082854691992667,23.491723541066662,5.497241180355554,26.785961018938185,20.155491532059187,6.203728668296051,1.6,-1433.79096334818,True,"blue_error:RPC错误: HTTPConnectionPool(host='192.168.0.63', port=80): Max retries exceeded with url: /rpc/Light.Set (Caused by NewConnectionError('<urllib3.connection.HTTPConnection object at 0x7ffeb1290d50>: Failed to establish a new connection: [Errno 113] No route to host'))"
2025-11-16 20:45:05,2025-11-16T20:45:00.074000,29.05,518.0,1.292877065593217,39.37001136108256,10.711003408324768,27.822561419080508,32.82934911929099,10.156771288008619,1.6,-1406.8231304286448,True,"blue_error:RPC错误: HTTPConnectionPool(host='192.168.0.63', port=80): Max retries exceeded with url: /rpc/Light.Set (Caused by NewConnectionError('<urllib3.connection.HTTPConnection object at 0x7ffeb1287d10>: Failed to establish a new connection: [Errno 113] No route to host'))"
2025-11-16 21:00:05,2025-11-16T20:59:57.242000,29.25,519.0,1.6474331340783541,91.36484077972248,26.909452233916745,29.572531939667083,73.80554132951336,15.664541990754483,1.6,-1463.186951566033,True,"blue_error:RPC错误: HTTPConnectionPool(host='192.168.0.63', port=80): Max retries exceeded with url: /rpc/Light.Set (Caused by NewConnectionError('<urllib3.connection.HTTPConnection object at 0x7ffeadefe9d0>: Failed to establish a new connection: [Errno 113] No route to host'))"
2025-11-16 21:15:05,2025-11-16T21:15:00.176000,30.12,521.0,1.538625182681523,71.70909489324752,20.01272846797426,29.035492175650596,57.85060958042145,14.334736927258962,1.6,-1579.0963756522062,True,"blue_error:RPC错误: HTTPConnectionPool(host='192.168.0.63', port=80): Max retries exceeded with url: /rpc/Light.Set (Caused by NewConnectionError('<urllib3.connection.HTTPConnection object at 0x7ffeb0a10910>: Failed to establish a new connection: [Errno 113] No route to host'))"
2025-11-16 21:30:05,2025-11-16T21:29:57.343000,30.22,520.0,1.3480244900360605,46.46959305027818,12.840877915083453,28.094750716174143,38.37517388118003,11.18664699711817,1.6,-1536.565299675386,True,"blue_error:RPC错误: HTTPConnectionPool(host='192.168.0.63', port=80): Max retries exceeded with url: /rpc/Light.Set (Caused by NewConnectionError('<urllib3.connection.HTTPConnection object at 0x7ffeadf17a10>: Failed to establish a new connection: [Errno 113] No route to host'))"
2025-11-16 21:45:05,2025-11-16T21:45:00.171000,29.94,521.0,1.227612165812199,33.67157330798819,8.890524435996063,27.500435637581987,28.311358531670137,8.91310018265521,1.6,-1444.0042019882742,True,"blue_error:RPC错误: HTTPConnectionPool(host='192.168.0.63', port=80): Max retries exceeded with url: /rpc/Light.Set (Caused by NewConnectionError('<urllib3.connection.HTTPConnection object at 0x7ffeadf28e10>: Failed to establish a new connection: [Errno 113] No route to host'))"
2025-11-16 22:00:05,2025-11-16T21:59:57.465000,29.47,521.0,1.3406221989523808,45.516635214681415,12.554990564404424,28.058215475819672,37.63077267656659,11.050269669608939,1.6,-1442.6082528558932,True,"blue_error:RPC错误: HTTPConnectionPool(host='192.168.0.63', port=80): Max retries exceeded with url: /rpc/Light.Set (Caused by NewConnectionError('<urllib3.connection.HTTPConnection object at 0x7ffeadf4c590>: Failed to establish a new connection: [Errno 113] No route to host'))"
2025-11-16 22:15:05,2025-11-16T22:15:00.285000,29.44,521.0,1.3666640988190517,48.53882176572173,13.384705441430432,28.186749609395367,39.94531536105217,11.526840220692215,1.6,-1509.9911493964464,True,"blue_error:RPC错误: HTTPConnectionPool(host='192.168.0.63', port=80): Max retries exceeded with url: /rpc/Light.Set (Caused by NewConnectionError('<urllib3.connection.HTTPConnection object at 0x7ffeadee7f10>: Failed to establish a new connection: [Errno 113] No route to host'))"
2025-11-16 22:30:05,2025-11-16T22:29:57.512000,29.47,522.0,1.5353655459328535,71.22113486044253,19.86634045813276,29.019403695646957,57.46944052691785,14.288726743293989,1.6,-1453.8138022246371,True,"blue_error:RPC错误: HTTPConnectionPool(host='192.168.0.63', port=80): Max retries exceeded with url: /rpc/Light.Set (Caused by NewConnectionError('<urllib3.connection.HTTPConnection object at 0x7ffeadf29450>: Failed to establish a new connection: [Errno 113] No route to host'))"
2025-11-16 22:45:05,2025-11-16T22:44:54.754000,29.87,523.0,1.2885292768891268,38.81028474857246,10.543085424571737,27.801102183889853,32.39211973825987,10.074465628224516,1.6,-1401.387587846982,True,"blue_error:RPC错误: HTTPConnectionPool(host='192.168.0.63', port=80): Max retries exceeded with url: /rpc/Light.Set (Caused by NewConnectionError('<urllib3.connection.HTTPConnection object at 0x7ffeadf213d0>: Failed to establish a new connection: [Errno 113] No route to host'))"
2025-11-16 23:00:05,2025-11-16T22:59:57.643000,29.49,523.0,1.1812759181506476,30.345827724647343,7.781942574882447,27.271735370826537,25.6468458646552,8.029638966304217,1.6,-1323.8800421523542,True,"blue_error:RPC错误: HTTPConnectionPool(host='192.168.0.63', port=80): Max retries exceeded with url: /rpc/Light.Set (Caused by NewConnectionError('<urllib3.connection.HTTPConnection object at 0x7ffeadf2ba90>: Failed to establish a new connection: [Errno 113] No route to host'))"
2025-11-16 23:15:05,2025-11-16T23:14:54.882000,28.97,522.0,1.7731872394438442,95.0,28.0,30.193212268655927,76.64513905509547,16.642872381844512,1.6,-1708.9875156489124,True,"blue_error:RPC错误: HTTPConnectionPool(host='192.168.0.63', port=80): Max retries exceeded with url: /rpc/Light.Set (Caused by NewConnectionError('<urllib3.connection.HTTPConnection object at 0x7ffeadf17110>: Failed to establish a new connection: [Errno 113] No route to host'))"
2025-11-16 23:30:05,2025-11-16T23:29:57.708000,30.25,521.0,1.2690246690186673,36.64392123395723,9.881307077985744,27.70483394362326,30.692736932709543,9.703920745287498,1.6,-1422.874913460489,True,"blue_error:RPC错误: HTTPConnectionPool(host='192.168.0.63', port=80): Max retries exceeded with url: /rpc/Light.Set (Caused by NewConnectionError('<urllib3.connection.HTTPConnection object at 0x7ffeadf29710>: Failed to establish a new connection: [Errno 113] No route to host'))"
2025-11-16 23:45:05,2025-11-16T23:44:54.908000,29.62,520.0,1.1617141131334534,28.941795462188352,7.313931820729451,27.17518482451714,24.52196674974059,7.659558429531138,1.6,-1433.643734575175,True,"blue_error:RPC错误: HTTPConnectionPool(host='192.168.0.63', port=80): Max retries exceeded with url: /rpc/Light.Set (Caused by NewConnectionError('<urllib3.connection.HTTPConnection object at 0x7ffeadf2f6d0>: Failed to establish a new connection: [Errno 113] No route to host'))"
2025-11-17 00:00:05,2025-11-16T23:59:57.758000,29.05,521.0,1.2842918241905448,38.264762597871375,10.379428779361412,27.780187530428748,31.965986145611573,9.99413562674639,1.6,-1427.9230573239481,True,"blue_error:RPC错误: HTTPConnectionPool(host='192.168.0.63', port=80): Max retries exceeded with url: /rpc/Light.Set (Caused by NewConnectionError('<urllib3.connection.HTTPConnection object at 0x7ffeadee64d0>: Failed to establish a new connection: [Errno 113] No route to host'))"
2025-11-17 00:15:05,2025-11-17T00:14:54.994000,29.0,522.0,1.3356216828877068,44.87287763854868,12.361863291564603,28.033534596041513,37.127902667787936,10.957766263372289,1.6,-1406.1279374038022,True,"blue_error:RPC错误: HTTPConnectionPool(host='192.168.0.63', port=80): Max retries exceeded with url: /rpc/Light.Set (Caused by NewConnectionError('<urllib3.connection.HTTPConnection object at 0x7ffeadee69d0>: Failed to establish a new connection: [Errno 113] No route to host'))"
2025-11-17 00:30:05,2025-11-17T00:29:57.877000,29.05,520.0,1.2562934573776166,35.73014912200145,9.576716374000483,27.641996928427396,29.96064323941345,9.461175653121913,1.6,-1493.8594365384938,True,"blue_error:RPC错误: HTTPConnectionPool(host='192.168.0.63', port=80): Max retries exceeded with url: /rpc/Light.Set (Caused by NewConnectionError('<urllib3.connection.HTTPConnection object at 0x7ffeadefcf90>: Failed to establish a new connection: [Errno 113] No route to host'))"
2025-11-17 00:45:05,2025-11-17T00:44:55.053000,28.94,519.0,1.6010919269738708,82.53461880070331,24.013847520281324,29.343807194755147,66.75968958645521,15.14915437657934,1.6,-1514.479348123727,True,"blue_error:RPC错误: HTTPConnectionPool(host='192.168.0.63', port=80): Max retries exceeded with url: /rpc/Light.Set (Caused by NewConnectionError('<urllib3.connection.HTTPConnection object at 0x7ffeadf2fc10>: Failed to establish a new connection: [Errno 113] No route to host'))"
2025-11-17 09:00:05,2025-11-17T08:38:13.957000,23.74,528.0,1.1471338052586304,27.899965648884514,6.966655216294838,27.103221286927635,23.687276102227703,7.385520755548062,1.6,-1475.2787601325233,True,"blue_error:RPC错误: HTTPConnectionPool(host='192.168.0.63', port=80): Max retries exceeded with url: /rpc/Light.Set (Caused by NewConnectionError('<urllib3.connection.HTTPConnection object at 0x7ffeadf4d150>: Failed to establish a new connection: [Errno 113] No route to host'))"
2025-11-17 09:15:05,2025-11-17T09:14:59.791000,24.5,528.0,1.3906537211930954,51.081304918754114,14.020326229688528,28.305154385638367,41.85498448556589,11.95696750177028,1.6,-1675.5123917980306,True,"blue_error:RPC错误: HTTPConnectionPool(host='192.168.0.63', port=80): Max retries exceeded with url: /rpc/Light.Set (Caused by NewConnectionError('<urllib3.connection.HTTPConnection object at 0x7ffeadeff110>: Failed to establish a new connection: [Errno 113] No route to host'))"
2025-11-17 09:30:05,2025-11-17T09:29:57.080000,25.3,526.0,1.504558309635754,66.6093633063576,18.482808991907277,28.867349450542623,53.86696393034001,13.837946001653581,1.6,-1459.6392966191024,True,"blue_error:RPC错误: HTTPConnectionPool(host='192.168.0.63', port=80): Max retries exceeded with url: /rpc/Light.Set (Caused by NewConnectionError('<urllib3.connection.HTTPConnection object at 0x7ffeaec56250>: Failed to establish a new connection: [Errno 113] No route to host'))"
2025-11-17 09:45:05,2025-11-17T09:44:59.989000,26.19,524.0,1.6839496112329555,95.0,28.0,29.752765093789236,76.64513905509547,16.01345617313399,1.6,-1455.5625845214245,True,"blue_error:RPC错误: HTTPConnectionPool(host='192.168.0.63', port=80): Max retries exceeded with url: /rpc/Light.Set (Caused by NewConnectionError('<urllib3.connection.HTTPConnection object at 0x7ffeadee7050>: Failed to establish a new connection: [Errno 113] No route to host'))"
2025-11-17 10:00:05,2025-11-17T09:59:57.221000,27.25,522.0,0.6401231731880093,19.0,4.0,24.600785879353314,16.55682351251732,0.45054677387723885,1.6,-1337.5288417077807,True,"blue_error:RPC错误: HTTPConnectionPool(host='192.168.0.63', port=80): Max retries exceeded with url: /rpc/Light.Set (Caused by NewConnectionError('<urllib3.connection.HTTPConnection object at 0x7ffeadefe9d0>: Failed to establish a new connection: [Errno 113] No route to host'))"
2025-11-17 10:15:05,2025-11-17T10:15:00.145000,26.05,521.0,1.4746500777230631,62.10213824082494,17.130641472247483,28.71973239128964,50.34615362487115,13.374372882780289,1.6,-1527.1259275104956,True,"blue_error:RPC错误: HTTPConnectionPool(host='192.168.0.63', port=80): Max retries exceeded with url: /rpc/Light.Set (Caused by NewConnectionError('<urllib3.connection.HTTPConnection object at 0x7ffeadf39590>: Failed to establish a new connection: [Errno 113] No route to host'))"
2025-11-17 10:30:05,2025-11-17T10:29:57.422000,26.8,520.0,1.407859225014949,52.90478937901091,14.476197344752727,28.39007501500096,43.22461085600213,12.259351842123351,1.6,-1402.8132712910929,True,"blue_error:RPC错误: HTTPConnectionPool(host='192.168.0.63', port=80): Max retries exceeded with url: /rpc/Light.Set (Caused by NewConnectionError('<urllib3.connection.HTTPConnection object at 0x7ffeadf27cd0>: Failed to establish a new connection: [Errno 113] No route to host'))"
2025-11-17 10:45:05,2025-11-17T10:45:00.243000,26.78,517.0,1.6014406441444025,82.60028065163323,24.040112260653288,29.345528346422526,66.81492672670421,15.1533251802956,1.6,-1526.4278385943676,True,"blue_error:RPC错误: HTTPConnectionPool(host='192.168.0.63', port=80): Max retries exceeded with url: /rpc/Light.Set (Caused by NewConnectionError('<urllib3.connection.HTTPConnection object at 0x7ffeadf39790>: Failed to establish a new connection: [Errno 113] No route to host'))"
2025-11-17 11:00:05,2025-11-17T10:59:57.517000,27.5,515.0,1.0456491401298695,20.940178069560755,4.646726023186918,26.602326821841427,18.11125060655141,5.5458340833578195,1.6,-1538.0575127394025,True,"blue_error:RPC错误: HTTPConnectionPool(host='192.168.0.63', port=80): Max retries exceeded with url: /rpc/Light.Set (Caused by NewConnectionError('<urllib3.connection.HTTPConnection object at 0x7ffeadf313d0>: Failed to establish a new connection: [Errno 113] No route to host'))"
2025-11-17 11:15:05,2025-11-17T11:14:54.767000,26.74,514.0,1.5061134714226025,66.84216740541477,18.552650221624432,28.875025210524267,54.048818410468805,13.861372062060742,1.6,-1536.0059055672111,True,"blue_error:RPC错误: HTTPConnectionPool(host='192.168.0.63', port=80): Max retries exceeded with url: /rpc/Light.Set (Caused by NewConnectionError('<urllib3.connection.HTTPConnection object at 0x7ffeadf18e10>: Failed to establish a new connection: [Errno 113] No route to host'))"
2025-11-17 11:30:05,2025-11-17T11:29:57.696000,27.12,512.0,1.2911895177704185,39.152759445087845,10.645827833526353,27.814232245772054,32.659643197444225,10.124839751545997,1.6,-1396.6978684442352,True,"blue_error:RPC错误: HTTPConnectionPool(host='192.168.0.63', port=80): Max retries exceeded with url: /rpc/Light.Set (Caused by NewConnectionError('<urllib3.connection.HTTPConnection object at 0x7ffeadf315d0>: Failed to establish a new connection: [Errno 113] No route to host'))"
2025-11-17 11:45:05,2025-11-17T11:44:54.954000,26.94,514.0,1.5629708588195768,75.35659573226629,21.14263829290651,29.15565431453986,60.72127517494111,14.667665965260431,1.6,-1627.1833102817322,True,"blue_error:RPC错误: HTTPConnectionPool(host='192.168.0.63', port=80): Max retries exceeded with url: /rpc/Light.Set (Caused by NewConnectionError('<urllib3.connection.HTTPConnection object at 0x7ffeadf30a50>: Failed to establish a new connection: [Errno 113] No route to host'))"
2025-11-17 12:00:05,2025-11-17T11:59:57.901000,27.55,513.0,1.352971588755122,47.08765360569539,13.021913401423847,28.11916794574739,38.85533723223959,11.277401184406248,1.6,-1284.563879945181,True,"blue_error:RPC错误: HTTPConnectionPool(host='192.168.0.63', port=80): Max retries exceeded with url: /rpc/Light.Set (Caused by NewConnectionError('<urllib3.connection.HTTPConnection object at 0x7ffeadf39b90>: Failed to establish a new connection: [Errno 113] No route to host'))"
2025-11-17 12:15:05,2025-11-17T12:14:55.116000,27.37,509.0,1.4065429052415543,52.76528235402827,14.441320588507068,28.383578099551315,43.11982657928259,12.236412644978396,1.6,-1484.9515549584319,True,"blue_error:RPC错误: HTTPConnectionPool(host='192.168.0.63', port=80): Max retries exceeded with url: /rpc/Light.Set (Caused by NewConnectionError('<urllib3.connection.HTTPConnection object at 0x7ffeadee7590>: Failed to establish a new connection: [Errno 113] No route to host'))"
2025-11-17 12:30:05,2025-11-17T12:29:57.996000,27.37,510.0,1.463298315537999,60.38501018426494,16.615503055279483,28.663703878604895,49.00482230250646,13.192225983711467,1.6,-1407.4061910145003,True,"blue_error:RPC错误: HTTPConnectionPool(host='192.168.0.63', port=80): Max retries exceeded with url: /rpc/Light.Set (Caused by NewConnectionError('<urllib3.connection.HTTPConnection object at 0x7ffeadf25fd0>: Failed to establish a new connection: [Errno 113] No route to host'))"
2025-11-17 12:45:05,2025-11-17T12:44:55.314000,27.53,509.0,1.2521804486094017,35.4349413433085,9.478313781102834,27.621696488708388,29.72412939732378,9.382651284101538,1.6,-1382.7128388657013,True,"blue_error:RPC错误: HTTPConnectionPool(host='192.168.0.63', port=80): Max retries exceeded with url: /rpc/Light.Set (Caused by NewConnectionError('<urllib3.connection.HTTPConnection object at 0x7ffeadefc6d0>: Failed to establish a new connection: [Errno 113] No route to host'))"
2025-11-17 13:00:05,2025-11-17T12:59:58.168000,27.06,507.0,1.478490033885744,62.682990478160875,17.304897143448265,28.738685134402306,50.799885247639644,13.435239078741521,1.6,-1570.047348816002,True,"blue_error:RPC错误: HTTPConnectionPool(host='192.168.0.63', port=80): Max retries exceeded with url: /rpc/Light.Set (Caused by NewConnectionError('<urllib3.connection.HTTPConnection object at 0x7ffeadf2c650>: Failed to establish a new connection: [Errno 113] No route to host'))"
2025-11-17 13:15:05,2025-11-17T13:14:55.486000,27.5,509.0,1.8090851918489725,95.0,28.0,30.370392590873507,76.64513905509547,16.804658552288103,1.6,-1487.233763819751,True,"blue_error:RPC错误: HTTPConnectionPool(host='192.168.0.63', port=80): Max retries exceeded with url: /rpc/Light.Set (Caused by NewConnectionError('<urllib3.connection.HTTPConnection object at 0x7ffeadefc2d0>: Failed to establish a new connection: [Errno 113] No route to host'))"
2025-11-17 13:30:05,2025-11-17T13:29:58.290000,28.26,506.0,1.3963186793752107,51.68169205766319,14.170423014415798,28.333114730137375,42.30593763369683,12.057125957282015,1.6,-1538.6319450512362,True,"blue_error:RPC错误: HTTPConnectionPool(host='192.168.0.63', port=80): Max retries exceeded with url: /rpc/Light.Set (Caused by NewConnectionError('<urllib3.connection.HTTPConnection object at 0x7ffeadf24910>: Failed to establish a new connection: [Errno 113] No route to host'))"
2025-11-17 13:45:05,2025-11-17T13:44:55.512000,27.87,505.0,1.3301045474864521,44.16261140458961,12.148783421376883,28.00630385549452,36.57307954717812,10.855373857298234,1.6,-1277.9335596491765,True,"blue_error:RPC错误: HTTPConnectionPool(host='192.168.0.63', port=80): Max retries exceeded with url: /rpc/Light.Set (Caused by NewConnectionError('<urllib3.connection.HTTPConnection object at 0x7ffeadf3f810>: Failed to establish a new connection: [Errno 113] No route to host'))"
2025-11-17 14:00:05,2025-11-17T13:59:58.408000,27.5,504.0,1.4058282404068136,52.68954029881532,14.42238507470383,28.380050752245598,43.06293642286409,12.223944433738549,1.6,-1582.523881967242,True,"blue_error:RPC错误: HTTPConnectionPool(host='192.168.0.63', port=80): Max retries exceeded with url: /rpc/Light.Set (Caused by NewConnectionError('<urllib3.connection.HTTPConnection object at 0x7ffeadf216d0>: Failed to establish a new connection: [Errno 113] No route to host'))"
2025-11-17 14:15:05,2025-11-17T14:14:55.653000,27.5,503.0,1.8479125472899351,95.0,28.0,30.562031469610876,76.64513905509547,16.92058885655188,1.6,-1603.2837387799025,True,"blue_error:RPC错误: HTTPConnectionPool(host='192.168.0.63', port=80): Max retries exceeded with url: /rpc/Light.Set (Caused by NewConnectionError('<urllib3.connection.HTTPConnection object at 0x7ffeadf395d0>: Failed to establish a new connection: [Errno 113] No route to host'))"
2025-11-17 14:30:05,2025-11-17T14:29:58.557000,28.5,502.0,1.313329632157449,42.00303853403732,11.500911560211197,27.92350846734473,34.886133298099935,10.542097142145039,1.6,-1379.7782441751278,True,"blue_error:RPC错误: HTTPConnectionPool(host='192.168.0.63', port=80): Max retries exceeded with url: /rpc/Light.Set (Caused by NewConnectionError('<urllib3.connection.HTTPConnection object at 0x7ffeadf4f110>: Failed to establish a new connection: [Errno 113] No route to host'))"
2025-11-17 14:45:05,2025-11-17T14:44:55.802000,27.74,502.0,1.2629363196803864,36.20693503107086,9.735645010356954,27.674783881565247,30.34263340141902,9.587902162468158,1.6,-1426.10670514599,True,"blue_error:RPC错误: HTTPConnectionPool(host='192.168.0.63', port=80): Max retries exceeded with url: /rpc/Light.Set (Caused by NewConnectionError('<urllib3.connection.HTTPConnection object at 0x7ffeadee7b90>: Failed to establish a new connection: [Errno 113] No route to host'))"
2025-11-17 15:00:05,2025-11-17T14:59:58.679000,27.37,501.0,1.1834593869949743,30.502544382379803,7.834181460793268,27.282512244922973,25.77240373106328,8.071089718007181,1.6,-1358.658011287387,True,"blue_error:RPC错误: HTTPConnectionPool(host='192.168.0.63', port=80): Max retries exceeded with url: /rpc/Light.Set (Caused by NewConnectionError('<urllib3.connection.HTTPConnection object at 0x7ffeadf26290>: Failed to establish a new connection: [Errno 113] No route to host'))"
2025-11-17 15:15:05,2025-11-17T15:14:55.984000,26.94,501.0,1.4417667858204348,57.12803622939026,15.638410868817079,28.55743142801659,46.46064327921837,12.83806275262095,1.6,-1528.9121557878495,True,"blue_error:RPC错误: HTTPConnectionPool(host='192.168.0.63', port=80): Max retries exceeded with url: /rpc/Light.Set (Caused by NewConnectionError('<urllib3.connection.HTTPConnection object at 0x7ffeadf26790>: Failed to establish a new connection: [Errno 113] No route to host'))"
2025-11-17 15:30:05,2025-11-17T15:29:58.881000,27.37,500.0,1.2773207460752127,37.36731835561381,10.110195506684144,27.745780613489885,31.26494927907322,9.861763706570551,1.6,-1590.7989546546505,True,"blue_error:RPC错误: HTTPConnectionPool(host='192.168.0.63', port=80): Max retries exceeded with url: /rpc/Light.Set (Caused by NewConnectionError('<urllib3.connection.HTTPConnection object at 0x7ffeadefffd0>: Failed to establish a new connection: [Errno 113] No route to host'))"
2025-11-17 15:45:05,2025-11-17T15:44:56.140000,27.26,500.0,1.2608351014950332,36.056121845881236,9.685373948627078,27.66441296929346,30.22180526462361,9.547831516065502,1.6,-1430.326281150142,True,"blue_error:RPC错误: HTTPConnectionPool(host='192.168.0.63', port=80): Max retries exceeded with url: /rpc/Light.Set (Caused by NewConnectionError('<urllib3.connection.HTTPConnection object at 0x7ffeadf290d0>: Failed to establish a new connection: [Errno 113] No route to host'))"
2025-11-17 16:00:05,2025-11-17T15:59:59.032000,27.0,501.0,1.1375906592731195,27.245499589274797,6.748499863091599,27.056119500686464,23.162932594204552,7.207155066865744,1.6,-1464.3354527882839,True,"blue_error:RPC错误: HTTPConnectionPool(host='192.168.0.63', port=80): Max retries exceeded with url: /rpc/Light.Set (Caused by NewConnectionError('<urllib3.connection.HTTPConnection object at 0x7ffeadf4d9d0>: Failed to establish a new connection: [Errno 113] No route to host'))"
2025-11-17 16:15:05,2025-11-17T16:14:56.319000,26.55,500.0,1.1941790610188439,31.271940057233294,8.090646685744431,27.335420981225862,26.388826265565836,8.274929939479229,1.6,-1453.0813164695517,True,"blue_error:RPC错误: HTTPConnectionPool(host='192.168.0.63', port=80): Max retries exceeded with url: /rpc/Light.Set (Caused by NewConnectionError('<urllib3.connection.HTTPConnection object at 0x7ffeadf399d0>: Failed to establish a new connection: [Errno 113] No route to host'))"
2025-11-17 16:30:05,2025-11-17T16:29:59.113000,26.73,500.0,1.2570749543977005,35.78624041972417,9.595413473241392,27.645854137113503,30.005582327370195,9.476090982990915,1.6,-1394.0504855089114,True,"blue_error:RPC错误: HTTPConnectionPool(host='192.168.0.63', port=80): Max retries exceeded with url: /rpc/Light.Set (Caused by NewConnectionError('<urllib3.connection.HTTPConnection object at 0x7ffeadf3fdd0>: Failed to establish a new connection: [Errno 113] No route to host'))"
2025-11-17 16:45:05,2025-11-17T16:44:56.372000,26.74,502.0,1.270712968479257,36.765097521589,9.921699173863,27.713166826765207,30.789820652809492,9.736067276028553,1.6,-1636.0370016664835,True,"blue_error:RPC错误: HTTPConnectionPool(host='192.168.0.63', port=80): Max retries exceeded with url: /rpc/Light.Set (Caused by NewConnectionError('<urllib3.connection.HTTPConnection object at 0x7ffeadf4f5d0>: Failed to establish a new connection: [Errno 113] No route to host'))"
2025-11-17 17:00:05,2025-11-17T16:59:59.324000,26.74,503.0,1.516442436997619,68.3883895060473,19.016516851814192,28.92600554021277,55.25664686973111,14.015184713487473,1.6,-1668.557610728646,True,"blue_error:RPC错误: HTTPConnectionPool(host='192.168.0.63', port=80): Max retries exceeded with url: /rpc/Light.Set (Caused by NewConnectionError('<urllib3.connection.HTTPConnection object at 0x7ffeadeff490>: Failed to establish a new connection: [Errno 113] No route to host'))"
2025-11-17 17:15:05,2025-11-17T17:14:56.553000,27.51,502.0,1.405481708721126,52.652813961104975,14.413203490276244,28.378340387402616,43.035351125750815,12.217895250251845,1.6,-1558.5489480388562,True,"blue_error:RPC错误: HTTPConnectionPool(host='192.168.0.63', port=80): Max retries exceeded with url: /rpc/Light.Set (Caused by NewConnectionError('<urllib3.connection.HTTPConnection object at 0x7ffeadf32190>: Failed to establish a new connection: [Errno 113] No route to host'))"
2025-11-17 17:30:05,2025-11-17T17:29:59.396000,27.62,502.0,1.3779660418403914,49.73663135522902,13.684157838807256,28.242532231301112,40.84499486823017,11.730639651326664,1.6,-1518.6365236475165,True,"blue_error:RPC错误: HTTPConnectionPool(host='192.168.0.63', port=80): Max retries exceeded with url: /rpc/Light.Set (Caused by NewConnectionError('<urllib3.connection.HTTPConnection object at 0x7ffeadf4dad0>: Failed to establish a new connection: [Errno 113] No route to host'))"
2025-11-17 17:45:05,2025-11-17T17:44:56.671000,27.72,499.0,1.3550896181727565,47.31212792329821,13.078031980824553,28.12962183265569,39.02394077758114,11.316156906160735,1.6,-1364.6347648415651,True,"blue_error:RPC错误: HTTPConnectionPool(host='192.168.0.63', port=80): Max retries exceeded with url: /rpc/Light.Set (Caused by NewConnectionError('<urllib3.connection.HTTPConnection object at 0x7ffeadf23110>: Failed to establish a new connection: [Errno 113] No route to host'))"
2025-11-17 18:00:05,2025-11-17T17:59:59.533000,27.5,502.0,1.296766186821185,39.87068993557812,10.861206980673437,27.84175682456041,33.220453237497054,10.23028716486201,1.6,-1419.7192483303045,True,"blue_error:RPC错误: HTTPConnectionPool(host='192.168.0.63', port=80): Max retries exceeded with url: /rpc/Light.Set (Caused by NewConnectionError('<urllib3.connection.HTTPConnection object at 0x7ffeadf3ff90>: Failed to establish a new connection: [Errno 113] No route to host'))"
2025-11-17 18:15:05,2025-11-17T18:14:56.709000,27.37,501.0,1.3739138526827142,49.307169711120686,13.576792427780171,28.222531976898267,40.522424533422466,11.657798110331552,1.6,-1487.4500232498467,True,"blue_error:RPC错误: HTTPConnectionPool(host='192.168.0.63', port=80): Max retries exceeded with url: /rpc/Light.Set (Caused by NewConnectionError('<urllib3.connection.HTTPConnection object at 0x7ffeadf32190>: Failed to establish a new connection: [Errno 113] No route to host'))"
2025-11-17 18:30:05,2025-11-17T18:29:59.584000,27.5,500.0,1.4495538422637195,58.305947894450846,15.991784368335253,28.59586574187875,47.38076674076714,12.96741711333608,1.6,-1459.1513062892332,True,"blue_error:RPC错误: HTTPConnectionPool(host='192.168.0.63', port=80): Max retries exceeded with url: /rpc/Light.Set (Caused by NewConnectionError('<urllib3.connection.HTTPConnection object at 0x7ffeadf28610>: Failed to establish a new connection: [Errno 113] No route to host'))"
2025-11-17 18:45:05,2025-11-17T18:44:56.781000,27.74,499.0,1.2858269993873441,38.46239833203336,10.438719499610007,27.78776464326682,32.12036892425016,10.02325051137397,1.6,-1371.3428914463864,True,"blue_error:RPC错误: HTTPConnectionPool(host='192.168.0.63', port=80): Max retries exceeded with url: /rpc/Light.Set (Caused by NewConnectionError('<urllib3.connection.HTTPConnection object at 0x7ffeadf3e510>: Failed to establish a new connection: [Errno 113] No route to host'))"
2025-11-17 19:00:05,2025-11-17T18:59:59.704000,27.5,502.0,1.1339440100224665,26.995413488792085,6.665137829597361,27.038120856029703,22.96256922728964,7.1392276558146985,1.6,-1546.1752171610854,True,"blue_error:RPC错误: HTTPConnectionPool(host='192.168.0.63', port=80): Max retries exceeded with url: /rpc/Light.Set (Caused by NewConnectionError('<urllib3.connection.HTTPConnection object at 0x7ffeadf2d6d0>: Failed to establish a new connection: [Errno 113] No route to host'))"
2025-11-17 19:15:05,2025-11-17T19:14:56.894000,27.01,499.0,1.2587117937902752,35.90372320383426,9.634574401278089,27.65393303052006,30.099706895402562,9.507325597171963,1.6,-1440.1650520193944,True,"blue_error:RPC错误: HTTPConnectionPool(host='192.168.0.63', port=80): Max retries exceeded with url: /rpc/Light.Set (Caused by NewConnectionError('<urllib3.connection.HTTPConnection object at 0x7ffeadf3e850>: Failed to establish a new connection: [Errno 113] No route to host'))"
2025-11-17 19:30:05,2025-11-17T19:29:59.812000,27.0,500.0,1.3811160024982012,50.070472454531256,13.767618113632814,28.258079386693844,41.095744234679586,11.787080469195981,1.6,-1493.9370840665679,True,"blue_error:RPC错误: HTTPConnectionPool(host='192.168.0.63', port=80): Max retries exceeded with url: /rpc/Light.Set (Caused by NewConnectionError('<urllib3.connection.HTTPConnection object at 0x7ffeadf2fc10>: Failed to establish a new connection: [Errno 113] No route to host'))"
2025-11-17 19:45:05,2025-11-17T19:44:57.067000,27.25,521.0,1.3675983338604922,48.63783444782235,13.409458611955587,28.191360682021497,40.0196841771119,11.543760820589284,1.6,-1441.9647902891727,True,"blue_error:RPC错误: HTTPConnectionPool(host='192.168.0.63', port=80): Max retries exceeded with url: /rpc/Light.Set (Caused by NewConnectionError('<urllib3.connection.HTTPConnection object at 0x7ffeadf2e4d0>: Failed to establish a new connection: [Errno 113] No route to host'))"
2025-11-17 20:00:05,2025-11-17T19:59:59.911000,27.5,521.0,1.074669710075768,22.930399961687,5.310133320562334,26.74556267763407,19.705771687269127,6.05710933465137,1.6,-1532.684262709088,True,"blue_error:RPC错误: HTTPConnectionPool(host='192.168.0.63', port=80): Max retries exceeded with url: /rpc/Light.Set (Caused by NewConnectionError('<urllib3.connection.HTTPConnection object at 0x7ffeadf18cd0>: Failed to establish a new connection: [Errno 113] No route to host'))"
2025-11-17 20:15:05,2025-11-17T20:14:57.130000,26.94,521.0,1.0844640182185494,23.60209064592695,5.534030215308983,26.79390411652874,20.243915177690727,6.232673844154286,1.6,-1415.6384520408715,True,"blue_error:RPC错误: HTTPConnectionPool(host='192.168.0.63', port=80): Max retries exceeded with url: /rpc/Light.Set (Caused by NewConnectionError('<urllib3.connection.HTTPConnection object at 0x7ffeadf19350>: Failed to establish a new connection: [Errno 113] No route to host'))"
2025-11-17 20:30:05,2025-11-17T20:30:00.031000,26.62,520.0,0.86770981176889,19.0,4.0,25.72407763430075,16.55682351251732,2.790784629884203,1.6,-1429.7546251265524,True,"blue_error:RPC错误: HTTPConnectionPool(host='192.168.0.63', port=80): Max retries exceeded with url: /rpc/Light.Set (Caused by NewConnectionError('<urllib3.connection.HTTPConnection object at 0x7ffeadf17790>: Failed to establish a new connection: [Errno 113] No route to host'))"
2025-11-17 20:45:05,2025-11-17T20:44:57.268000,26.5,520.0,1.327050545000016,43.76944453686161,12.030833361058484,27.991230317636614,36.26595799466206,10.798551420453132,1.6,-1356.396958904817,True,"blue_error:RPC错误: HTTPConnectionPool(host='192.168.0.63', port=80): Max retries exceeded with url: /rpc/Light.Set (Caused by NewConnectionError('<urllib3.connection.HTTPConnection object at 0x7ffeadf18490>: Failed to establish a new connection: [Errno 113] No route to host'))"
2025-11-17 21:00:05,2025-11-17T21:00:00.151000,26.87,518.0,1.2182563243579063,33.000065579906234,8.666688526635411,27.454258324046652,27.773361621613226,8.734285039318689,1.6,-1583.4013823584462,True,"blue_error:RPC错误: HTTPConnectionPool(host='192.168.0.63', port=80): Max retries exceeded with url: /rpc/Light.Set (Caused by NewConnectionError('<urllib3.connection.HTTPConnection object at 0x7ffeadf212d0>: Failed to establish a new connection: [Errno 113] No route to host'))"
2025-11-17 21:15:05,2025-11-17T21:14:57.329000,26.75,516.0,1.4878292763022618,64.09569406716997,17.728708220150995,28.784780520622448,51.9034159749583,13.581647205662964,1.6,-1493.4797360158084,True,"blue_error:RPC错误: HTTPConnectionPool(host='192.168.0.63', port=80): Max retries exceeded with url: /rpc/Light.Set (Caused by NewConnectionError('<urllib3.connection.HTTPConnection object at 0x7ffeadf3c310>: Failed to establish a new connection: [Errno 113] No route to host'))"
2025-11-17 21:30:05,2025-11-17T21:30:00.172000,27.37,515.0,0.9541481263069275,19.0,4.0,26.150708330362566,16.55682351251732,4.03847011469442,1.6,-1588.3890431594891,True,"blue_error:RPC错误: HTTPConnectionPool(host='192.168.0.63', port=80): Max retries exceeded with url: /rpc/Light.Set (Caused by NewConnectionError('<urllib3.connection.HTTPConnection object at 0x7ffeadf3c590>: Failed to establish a new connection: [Errno 113] No route to host'))"
2025-11-17 21:45:05,2025-11-17T21:44:57.455000,26.75,515.0,1.67353810248582,95.0,28.0,29.701377358528738,76.64513905509547,15.919253471094652,1.6,-1569.8277768608248,True,"blue_error:RPC错误: HTTPConnectionPool(host='192.168.0.63', port=80): Max retries exceeded with url: /rpc/Light.Set (Caused by NewConnectionError('<urllib3.connection.HTTPConnection object at 0x7ffeadf18190>: Failed to establish a new connection: [Errno 113] No route to host'))"
2025-11-17 22:00:05,2025-11-17T22:00:00.358000,27.87,516.0,1.4494009025365016,58.282813416095216,15.984844024828565,28.59511088238586,47.362695286907645,12.964890133660791,1.6,-1485.2091460648248,True,"blue_error:RPC错误: HTTPConnectionPool(host='192.168.0.63', port=80): Max retries exceeded with url: /rpc/Light.Set (Caused by NewConnectionError('<urllib3.connection.HTTPConnection object at 0x7ffeadf21f90>: Failed to establish a new connection: [Errno 113] No route to host'))"
2025-11-17 22:15:05,2025-11-17T22:14:57.495000,27.87,513.0,1.285958991927381,38.479390817717395,10.443817245315218,27.78841611442902,32.13364257219141,10.025753130153044,1.6,-1373.7735195840717,True,"blue_error:RPC错误: HTTPConnectionPool(host='192.168.0.63', port=80): Max retries exceeded with url: /rpc/Light.Set (Caused by NewConnectionError('<urllib3.connection.HTTPConnection object at 0x7ffeadf38190>: Failed to establish a new connection: [Errno 113] No route to host'))"
2025-11-17 22:30:05,2025-11-17T22:30:00.371000,27.44,512.0,1.4516511503384637,58.62319789314545,16.086959367943635,28.60621735514847,47.62858597512391,13.002014716734774,1.6,-1555.5048175111083,True,"blue_error:RPC错误: HTTPConnectionPool(host='192.168.0.63', port=80): Max retries exceeded with url: /rpc/Light.Set (Caused by NewConnectionError('<urllib3.connection.HTTPConnection object at 0x7ffeadf22190>: Failed to establish a new connection: [Errno 113] No route to host'))"
2025-11-17 22:45:05,2025-11-17T22:44:57.610000,27.51,512.0,1.2287661772983245,33.754401521250934,8.918133840416978,27.50613145345045,28.3777186358616,8.93516136431597,1.6,-1377.1563762969686,True,"blue_error:RPC错误: HTTPConnectionPool(host='192.168.0.63', port=80): Max retries exceeded with url: /rpc/Light.Set (Caused by NewConnectionError('<urllib3.connection.HTTPConnection object at 0x7ffeadf3e750>: Failed to establish a new connection: [Errno 113] No route to host'))"
2025-11-17 23:00:05,2025-11-17T22:59:54.825000,27.25,512.0,1.4252742856790843,54.75048322350877,14.937620805877193,28.47602994705634,44.6109187825419,12.559603091208396,1.6,-1335.5714261333137,True,"blue_error:RPC错误: HTTPConnectionPool(host='192.168.0.63', port=80): Max retries exceeded with url: /rpc/Light.Set (Caused by NewConnectionError('<urllib3.connection.HTTPConnection object at 0x7ffeadf234d0>: Failed to establish a new connection: [Errno 113] No route to host'))"
2025-11-17 23:15:05,2025-11-17T23:14:57.767000,27.5,511.0,1.096796146153739,24.44782424243699,5.815941414145663,26.854771387634518,20.921497940518126,6.455700930376338,1.6,-1609.9006782318763,True,"blue_error:RPC错误: HTTPConnectionPool(host='192.168.0.63', port=80): Max retries exceeded with url: /rpc/Light.Set (Caused by NewConnectionError('<urllib3.connection.HTTPConnection object at 0x7ffeadf29710>: Failed to establish a new connection: [Errno 113] No route to host'))"
2025-11-17 23:30:05,2025-11-17T23:29:54.958000,26.87,510.0,1.4372981463648136,56.45208600608536,15.435625801825609,28.535375713816354,45.93262604520109,12.763206401157166,1.6,-1441.8700629521124,True,"blue_error:RPC错误: HTTPConnectionPool(host='192.168.0.63', port=80): Max retries exceeded with url: /rpc/Light.Set (Caused by NewConnectionError('<urllib3.connection.HTTPConnection object at 0x7ffeadf27610>: Failed to establish a new connection: [Errno 113] No route to host'))"
2025-11-17 23:45:05,2025-11-17T23:44:57.826000,27.12,512.0,1.4015881891976645,52.2401685413457,14.310042135336426,28.359123273402858,42.725411523379634,12.149772410085916,1.6,-1497.1157224707147,True,"blue_error:RPC错误: HTTPConnectionPool(host='192.168.0.63', port=80): Max retries exceeded with url: /rpc/Light.Set (Caused by NewConnectionError('<urllib3.connection.HTTPConnection object at 0x7ffeadf15610>: Failed to establish a new connection: [Errno 113] No route to host'))"
2025-11-18 00:00:05,2025-11-17T23:59:55.094000,27.37,512.0,1.317897274379547,42.59106869882612,11.677320609647836,27.94605282618594,35.345471945274916,10.627671877243815,1.6,-1470.3643599675293,True,"blue_error:RPC错误: HTTPConnectionPool(host='192.168.0.63', port=80): Max retries exceeded with url: /rpc/Light.Set (Caused by NewConnectionError('<urllib3.connection.HTTPConnection object at 0x7ffeadf15310>: Failed to establish a new connection: [Errno 113] No route to host'))"
2025-11-18 00:15:05,2025-11-18T00:14:57.936000,27.12,511.0,1.3169407682970373,42.467929800906646,11.640378940271994,27.941331831127794,35.249282228876154,10.609767786150254,1.6,-1406.2994957006604,True,"blue_error:RPC错误: HTTPConnectionPool(host='192.168.0.63', port=80): Max retries exceeded with url: /rpc/Light.Set (Caused by NewConnectionError('<urllib3.connection.HTTPConnection object at 0x7ffeadf4ca10>: Failed to establish a new connection: [Errno 113] No route to host'))"
2025-11-18 00:30:05,2025-11-18T00:29:55.206000,27.25,510.0,1.279008796829837,37.584635018160476,10.175390505448144,27.754112269102123,31.434705777566155,9.893841198267218,1.6,-1501.0780290991092,True,"blue_error:RPC错误: HTTPConnectionPool(host='192.168.0.63', port=80): Max retries exceeded with url: /rpc/Light.Set (Caused by NewConnectionError('<urllib3.connection.HTTPConnection object at 0x7ffeadf31150>: Failed to establish a new connection: [Errno 113] No route to host'))"
2025-11-18 00:45:05,2025-11-18T00:44:58.107000,27.0,510.0,1.256327245706551,35.732574251169076,9.577524750389692,27.642163696351655,29.962586198435528,9.461820556764398,1.6,-1314.3676114373754,True,"blue_error:RPC错误: HTTPConnectionPool(host='192.168.0.63', port=80): Max retries exceeded with url: /rpc/Light.Set (Caused by NewConnectionError('<urllib3.connection.HTTPConnection object at 0x7ffeadf2da90>: Failed to establish a new connection: [Errno 113] No route to host'))"
2025-11-18 09:00:05,2025-11-18T08:39:35.312000,22.44,531.0,1.5973417006314157,81.82846830436758,23.73138732174703,29.325297328113,66.16565007263402,15.104026866352608,1.6,-1525.3963784585749,True,"red_error:RPC错误: HTTPConnectionPool(host='192.168.0.46', port=80): Max retries exceeded with url: /rpc/Light.Set (Caused by ConnectTimeoutError(<urllib3.connection.HTTPConnection object at 0x7ffeadf4c710>, 'Connection to 192.168.0.46 timed out. (connect timeout=5)'))|blue_error:RPC错误: HTTPConnectionPool(host='192.168.0.63', port=80): Max retries exceeded with url: /rpc/Light.Set (Caused by NewConnectionError('<urllib3.connection.HTTPConnection object at 0x7ffeadf81390>: Failed to establish a new connection: [Errno 113] No route to host'))"
2025-11-18 09:15:05,2025-11-18T09:14:56.231000,23.31,529.0,0.9112215840317055,19.0,4.0,25.93883723236301,16.55682351251732,3.3955517259321155,1.6,-1460.5415633477983,True,"blue_error:RPC错误: HTTPConnectionPool(host='192.168.0.63', port=80): Max retries exceeded with url: /rpc/Light.Set (Caused by NewConnectionError('<urllib3.connection.HTTPConnection object at 0x7ffeadf20310>: Failed to establish a new connection: [Errno 113] No route to host'))"
2025-11-18 09:30:05,2025-11-18T09:29:59.189000,23.55,530.0,1.3995884067931998,52.028226352602324,14.257056588150581,28.34925301431985,42.56622090945467,12.11467309992775,1.6,-1577.6404819636177,True,"blue_error:RPC错误: HTTPConnectionPool(host='192.168.0.63', port=80): Max retries exceeded with url: /rpc/Light.Set (Caused by NewConnectionError('<urllib3.connection.HTTPConnection object at 0x7ffeadf3c490>: Failed to establish a new connection: [Errno 113] No route to host'))"
2025-11-18 09:45:05,2025-11-18T09:44:56.449000,24.37,528.0,1.4968167756083226,65.45047368482895,18.135142105448686,28.829139820144796,52.9616995019934,13.720310293357542,1.6,-1626.185080882002,True,"blue_error:RPC错误: HTTPConnectionPool(host='192.168.0.63', port=80): Max retries exceeded with url: /rpc/Light.Set (Caused by NewConnectionError('<urllib3.connection.HTTPConnection object at 0x7ffeadf3f090>: Failed to establish a new connection: [Errno 113] No route to host'))"
2025-11-18 10:00:05,2025-11-18T09:59:59.397000,25.0,530.0,1.4041549997779306,52.51220586463483,14.378051466158707,28.371792194475304,42.929739829894075,12.194714639116047,1.6,-1529.3102217519593,True,"blue_error:RPC错误: HTTPConnectionPool(host='192.168.0.63', port=80): Max retries exceeded with url: /rpc/Light.Set (Caused by NewConnectionError('<urllib3.connection.HTTPConnection object at 0x7ffeadf25450>: Failed to establish a new connection: [Errno 113] No route to host'))"
2025-11-18 10:15:05,2025-11-18T10:14:56.643000,25.5,526.0,1.3733205431857027,49.24428921316346,13.561072303290866,28.21960359907134,40.475194743388364,11.647111095305627,1.6,-1596.1701722269152,True,"blue_error:RPC错误: HTTPConnectionPool(host='192.168.0.63', port=80): Max retries exceeded with url: /rpc/Light.Set (Caused by NewConnectionError('<urllib3.connection.HTTPConnection object at 0x7ffeadf20a50>: Failed to establish a new connection: [Errno 113] No route to host'))"
2025-11-18 10:30:05,2025-11-18T10:29:59.576000,25.44,525.0,1.664781808885221,94.68598424796579,27.90579527438974,29.658159213268615,76.39984624637904,15.83674892112322,1.6,-1471.021467549454,True,"blue_error:RPC错误: HTTPConnectionPool(host='192.168.0.63', port=80): Max retries exceeded with url: /rpc/Light.Set (Caused by NewConnectionError('<urllib3.connection.HTTPConnection object at 0x7ffeadee6990>: Failed to establish a new connection: [Errno 113] No route to host'))"
2025-11-18 10:45:05,2025-11-18T10:44:56.816000,26.55,524.0,0.966318078747214,19.0,4.0,26.210775157306003,16.55682351251732,4.228671750062215,1.6,-1363.7500498683237,True,"blue_error:RPC错误: HTTPConnectionPool(host='192.168.0.63', port=80): Max retries exceeded with url: /rpc/Light.Set (Caused by NewConnectionError('<urllib3.connection.HTTPConnection object at 0x7ffeadf2f450>: Failed to establish a new connection: [Errno 113] No route to host'))"
2025-11-18 11:00:05,2025-11-18T10:59:59.708000,25.49,523.0,1.632956166095521,88.59344249187616,26.078032747562848,29.501078453323792,71.64066881692783,15.512076401477959,1.6,-1641.4862365730874,True,"blue_error:RPC错误: HTTPConnectionPool(host='192.168.0.63', port=80): Max retries exceeded with url: /rpc/Light.Set (Caused by NewConnectionError('<urllib3.connection.HTTPConnection object at 0x7ffeadee74d0>: Failed to establish a new connection: [Errno 113] No route to host'))"
2025-11-18 11:15:05,2025-11-18T11:14:57.003000,26.49,524.0,1.6248328023385699,87.03834639480229,25.611503918440686,29.460984238709436,70.42590845218776,15.423088144901946,1.6,-1556.1715426809888,True,"blue_error:RPC错误: HTTPConnectionPool(host='192.168.0.63', port=80): Max retries exceeded with url: /rpc/Light.Set (Caused by NewConnectionError('<urllib3.connection.HTTPConnection object at 0x7ffeadf4e550>: Failed to establish a new connection: [Errno 113] No route to host'))"
2025-11-18 11:30:05,2025-11-18T11:29:59.896000,27.12,523.0,1.443808829676429,57.436926667781165,15.73107800033435,28.56751027553146,46.7019324589099,12.872119375994295,1.6,-1563.8331473323026,True,"blue_error:RPC错误: HTTPConnectionPool(host='192.168.0.63', port=80): Max retries exceeded with url: /rpc/Light.Set (Caused by NewConnectionError('<urllib3.connection.HTTPConnection object at 0x7ffeadf2d210>: Failed to establish a new connection: [Errno 113] No route to host'))"
2025-11-18 11:45:05,2025-11-18T11:44:57.148000,27.06,521.0,1.4350935312665476,56.11860417503281,15.335581252509842,28.524494468862095,45.672127345805066,12.72611124758387,1.6,-1478.2070760571432,True,"blue_error:RPC错误: HTTPConnectionPool(host='192.168.0.63', port=80): Max retries exceeded with url: /rpc/Light.Set (Caused by NewConnectionError('<urllib3.connection.HTTPConnection object at 0x7ffeadefd150>: Failed to establish a new connection: [Errno 113] No route to host'))"
2025-11-18 12:00:05,2025-11-18T12:00:00.074000,26.97,522.0,1.1985646376854504,31.586711169816756,8.195570389938919,27.357066725198386,26.641013811387214,8.358466501721402,1.6,-1314.5138923337151,True,"blue_error:RPC错误: HTTPConnectionPool(host='192.168.0.63', port=80): Max retries exceeded with url: /rpc/Light.Set (Caused by NewConnectionError('<urllib3.connection.HTTPConnection object at 0x7ffeadf16ad0>: Failed to establish a new connection: [Errno 113] No route to host'))"
2025-11-18 12:15:05,2025-11-18T12:14:57.290000,26.49,520.0,1.5835276641155631,79.22734830485224,22.6909393219409,29.257115850423634,63.97749320250419,14.933529939601613,1.6,-1552.5293267377456,True,"blue_error:RPC错误: HTTPConnectionPool(host='192.168.0.63', port=80): Max retries exceeded with url: /rpc/Light.Set (Caused by NewConnectionError('<urllib3.connection.HTTPConnection object at 0x7ffeadf179d0>: Failed to establish a new connection: [Errno 113] No route to host'))"
2025-11-18 12:30:05,2025-11-18T12:30:00.185000,27.25,519.0,1.4843467276462663,63.568905194389224,17.570671558316768,28.767591821778456,51.491915846802705,13.527324909542552,1.6,-1568.2003532346284,True,"blue_error:RPC错误: HTTPConnectionPool(host='192.168.0.63', port=80): Max retries exceeded with url: /rpc/Light.Set (Caused by NewConnectionError('<urllib3.connection.HTTPConnection object at 0x7ffeadf21450>: Failed to establish a new connection: [Errno 113] No route to host'))"
2025-11-18 12:45:05,2025-11-18T12:44:57.459000,27.5,519.0,1.231319145699698,33.93763870194137,8.979212900647124,27.518732054143822,28.524524149627727,8.98396795844057,1.6,-1596.0684592052698,True,"blue_error:RPC错误: HTTPConnectionPool(host='192.168.0.63', port=80): Max retries exceeded with url: /rpc/Light.Set (Caused by NewConnectionError('<urllib3.connection.HTTPConnection object at 0x7ffeadf3cf90>: Failed to establish a new connection: [Errno 113] No route to host'))"
2025-11-18 13:00:05,2025-11-18T13:00:00.306000,26.94,400.0,1.3252223941190007,43.53409163233213,11.960227489699639,27.98220717451956,36.08211251997607,10.764489917210568,1.6,-1491.0775306176233,True,"blue_error:RPC错误: HTTPConnectionPool(host='192.168.0.63', port=80): Max retries exceeded with url: /rpc/Light.Set (Caused by NewConnectionError('<urllib3.connection.HTTPConnection object at 0x7ffeadf24fd0>: Failed to establish a new connection: [Errno 113] No route to host'))"
2025-11-18 13:15:05,2025-11-18T13:14:57.481000,26.8,521.0,1.5428012943317546,72.33424908525257,20.200274725575767,29.056104070152383,58.33894759099698,14.393196147879571,1.6,-1407.3514446314002,True,"blue_error:RPC错误: HTTPConnectionPool(host='192.168.0.63', port=80): Max retries exceeded with url: /rpc/Light.Set (Caused by NewConnectionError('<urllib3.connection.HTTPConnection object at 0x7ffeadee5610>: Failed to establish a new connection: [Errno 113] No route to host'))"
2025-11-18 13:30:05,2025-11-18T13:30:00.406000,27.5,518.0,1.300210541680939,40.31411007605533,10.994233022816598,27.8587570115626,33.566830038643126,10.295305779917873,1.6,-1400.8488292267755,True,"blue_error:RPC错误: HTTPConnectionPool(host='192.168.0.63', port=80): Max retries exceeded with url: /rpc/Light.Set (Caused by NewConnectionError('<urllib3.connection.HTTPConnection object at 0x7ffeadf16390>: Failed to establish a new connection: [Errno 113] No route to host'))"
2025-11-18 13:45:05,2025-11-18T13:44:57.629000,27.27,518.0,1.4711224245846004,61.56852662360517,16.970557987081552,28.702321071761133,49.92932392284622,13.318120254720892,1.6,-1388.8479518903298,True,"blue_error:RPC错误: HTTPConnectionPool(host='192.168.0.63', port=80): Max retries exceeded with url: /rpc/Light.Set (Caused by NewConnectionError('<urllib3.connection.HTTPConnection object at 0x7ffeadf24750>: Failed to establish a new connection: [Errno 113] No route to host'))"
2025-11-18 14:00:05,2025-11-18T13:59:54.837000,27.62,519.0,1.2509726537208217,35.348252871129745,9.449417623709914,27.615735215900507,29.654676540388028,9.35958509856403,1.6,-1520.6539997497869,True,"blue_error:RPC错误: HTTPConnectionPool(host='192.168.0.63', port=80): Max retries exceeded with url: /rpc/Light.Set (Caused by NewConnectionError('<urllib3.connection.HTTPConnection object at 0x7ffeb12842d0>: Failed to establish a new connection: [Errno 113] No route to host'))"
2025-11-18 14:15:05,2025-11-18T14:14:57.681000,27.12,520.0,1.2844099069167574,38.279964358774976,10.383989307632492,27.780770347388405,31.977860972289292,9.996375572934419,1.6,-1491.170702151041,True,"blue_error:RPC错误: HTTPConnectionPool(host='192.168.0.63', port=80): Max retries exceeded with url: /rpc/Light.Set (Caused by NewConnectionError('<urllib3.connection.HTTPConnection object at 0x7ffeadefd150>: Failed to establish a new connection: [Errno 113] No route to host'))"
2025-11-18 14:30:05,2025-11-18T14:29:54.954000,26.87,522.0,1.424231243654556,54.63993889171731,14.909984722929327,28.470881839445443,44.52788849891528,12.541794760266402,1.6,-1594.8556722968972,True,"blue_error:RPC错误: HTTPConnectionPool(host='192.168.0.63', port=80): Max retries exceeded with url: /rpc/Light.Set (Caused by NewConnectionError('<urllib3.connection.HTTPConnection object at 0x7ffeadf17110>: Failed to establish a new connection: [Errno 113] No route to host'))"
2025-11-18 14:45:05,2025-11-18T14:44:57.774000,27.5,522.0,1.4652799761017383,60.684766724007495,16.70543001720225,28.673484694325154,49.23897655460449,13.224257547704077,1.6,-1383.00133921774,True,"blue_error:RPC错误: HTTPConnectionPool(host='192.168.0.63', port=80): Max retries exceeded with url: /rpc/Light.Set (Caused by NewConnectionError('<urllib3.connection.HTTPConnection object at 0x7ffeadf2db10>: Failed to establish a new connection: [Errno 113] No route to host'))"
2025-11-18 15:00:05,2025-11-18T14:59:55.075000,27.74,522.0,1.0826917524850805,23.480549199015655,5.4935163996718845,26.785156803864012,20.146538900177298,6.2008001659948295,1.6,-1476.59128157901,True,"blue_error:RPC错误: HTTPConnectionPool(host='192.168.0.63', port=80): Max retries exceeded with url: /rpc/Light.Set (Caused by NewConnectionError('<urllib3.connection.HTTPConnection object at 0x7ffeadf25250>: Failed to establish a new connection: [Errno 113] No route to host'))"
2025-11-18 15:15:05,2025-11-18T15:14:57.896000,27.01,521.0,0.9378786746604033,19.0,4.0,26.070407742393023,16.55682351251732,3.78957880096218,1.6,-1627.3817946283289,True,"blue_error:RPC错误: HTTPConnectionPool(host='192.168.0.63', port=80): Max retries exceeded with url: /rpc/Light.Set (Caused by NewConnectionError('<urllib3.connection.HTTPConnection object at 0x7ffeadeff090>: Failed to establish a new connection: [Errno 113] No route to host'))"
2025-11-18 15:30:05,2025-11-18T15:29:55.168000,26.55,522.0,1.0205272357201256,19.21732547840268,4.072441826134227,26.478333479051166,16.730939804806678,5.115131313263634,1.6,-1510.7861540631072,True,"blue_error:RPC错误: HTTPConnectionPool(host='192.168.0.63', port=80): Max retries exceeded with url: /rpc/Light.Set (Caused by NewConnectionError('<urllib3.connection.HTTPConnection object at 0x7ffeadeff5d0>: Failed to establish a new connection: [Errno 113] No route to host'))"
2025-11-18 15:45:05,2025-11-18T15:44:58.034000,26.62,522.0,1.3721774114837522,49.12313711461892,13.53078427865473,28.21396148218949,40.384196924313486,11.626504908976218,1.6,-1550.0476223628932,True,"blue_error:RPC错误: HTTPConnectionPool(host='192.168.0.63', port=80): Max retries exceeded with url: /rpc/Light.Set (Caused by NewConnectionError('<urllib3.connection.HTTPConnection object at 0x7ffeadf3ef10>: Failed to establish a new connection: [Errno 113] No route to host'))"
2025-11-18 16:00:05,2025-11-18T15:59:55.279000,27.0,522.0,1.2059291543474013,32.11529321946439,8.37176440648813,27.3934155236038,27.064501877912143,8.498898194301859,1.6,-1441.1358420736585,True,"blue_error:RPC错误: HTTPConnectionPool(host='192.168.0.63', port=80): Max retries exceeded with url: /rpc/Light.Set (Caused by NewConnectionError('<urllib3.connection.HTTPConnection object at 0x7ffeae4c4f90>: Failed to establish a new connection: [Errno 113] No route to host'))"
2025-11-18 16:15:05,2025-11-18T16:14:58.147000,27.0,520.0,1.5630232632351129,75.36646324442736,21.146585297770944,29.1559129652597,60.72957608552208,14.668361782123227,1.6,-1384.0758011849014,True,"blue_error:RPC错误: HTTPConnectionPool(host='192.168.0.63', port=80): Max retries exceeded with url: /rpc/Light.Set (Caused by NewConnectionError('<urllib3.connection.HTTPConnection object at 0x7ffeadefe750>: Failed to establish a new connection: [Errno 113] No route to host'))"
2025-11-18 16:30:05,2025-11-18T16:29:55.393000,27.74,519.0,1.173645745823544,29.79817846089286,7.59939282029762,27.23407538464586,25.208081574426664,7.884998488055986,1.6,-1406.8324088352542,True,"blue_error:RPC错误: HTTPConnectionPool(host='192.168.0.63', port=80): Max retries exceeded with url: /rpc/Light.Set (Caused by NewConnectionError('<urllib3.connection.HTTPConnection object at 0x7ffeadf17110>: Failed to establish a new connection: [Errno 113] No route to host'))"
2025-11-18 16:45:05,2025-11-18T16:44:58.221000,27.37,521.0,1.475953919531081,62.29936430259085,17.189809290777255,28.726167719663195,50.50021638869508,13.395082837247207,1.6,-1394.7602573930196,True,"blue_error:RPC错误: HTTPConnectionPool(host='192.168.0.63', port=80): Max retries exceeded with url: /rpc/Light.Set (Caused by NewConnectionError('<urllib3.connection.HTTPConnection object at 0x7ffeadf31890>: Failed to establish a new connection: [Errno 113] No route to host'))"
2025-11-18 17:00:05,2025-11-18T16:59:55.501000,27.87,521.0,1.1596050310667065,28.790417853461367,7.263472617820456,27.164775098749157,24.400686409483683,7.619813513307838,1.6,-1416.4626792633865,True,"blue_error:RPC错误: HTTPConnectionPool(host='192.168.0.63', port=80): Max retries exceeded with url: /rpc/Light.Set (Caused by NewConnectionError('<urllib3.connection.HTTPConnection object at 0x7ffeadf17790>: Failed to establish a new connection: [Errno 113] No route to host'))"
2025-11-18 17:15:05,2025-11-18T17:14:58.347000,27.25,520.0,1.14901831905365,28.030565416192495,7.010188472064165,27.11252261859293,23.79190970259823,7.420840988802352,1.6,-1411.8714094935415,True,"blue_error:RPC错误: HTTPConnectionPool(host='192.168.0.63', port=80): Max retries exceeded with url: /rpc/Light.Set (Caused by NewConnectionError('<urllib3.connection.HTTPConnection object at 0x7ffeadf4c0d0>: Failed to establish a new connection: [Errno 113] No route to host'))"
2025-11-18 17:30:05,2025-11-18T17:29:55.567000,27.25,518.0,1.2517821823516115,35.4063561143639,9.468785371454633,27.619730779269386,29.701227553901376,9.375045628147165,1.6,-1351.4806202143477,True,"blue_error:RPC错误: HTTPConnectionPool(host='192.168.0.63', port=80): Max retries exceeded with url: /rpc/Light.Set (Caused by NewConnectionError('<urllib3.connection.HTTPConnection object at 0x7ffeadf29710>: Failed to establish a new connection: [Errno 113] No route to host'))"
2025-11-18 17:45:05,2025-11-18T17:44:58.472000,27.06,519.0,1.6357316741381491,89.1247718590727,26.23743155772181,29.514777435476326,72.0557157436787,15.541917651003876,1.6,-1424.6405943354255,True,"blue_error:RPC错误: HTTPConnectionPool(host='192.168.0.63', port=80): Max retries exceeded with url: /rpc/Light.Set (Caused by NewConnectionError('<urllib3.connection.HTTPConnection object at 0x7ffeadeb4050>: Failed to establish a new connection: [Errno 113] No route to host'))"
2025-11-18 18:00:05,2025-11-18T17:59:55.653000,28.38,518.0,0.9704650566556621,19.0,4.0,26.231243257373546,16.55682351251732,4.294252875331224,1.6,-1386.6561318325357,True,"blue_error:RPC错误: HTTPConnectionPool(host='192.168.0.63', port=80): Max retries exceeded with url: /rpc/Light.Set (Caused by NewConnectionError('<urllib3.connection.HTTPConnection object at 0x7ffeadf28550>: Failed to establish a new connection: [Errno 113] No route to host'))"
2025-11-18 18:15:05,2025-11-18T18:14:58.499000,27.53,520.0,1.1358473529094104,27.12594416716541,6.708648055721804,27.047515121813817,23.067147475157423,7.1746654194219595,1.6,-1463.4016576249007,True,"blue_error:RPC错误: HTTPConnectionPool(host='192.168.0.63', port=80): Max retries exceeded with url: /rpc/Light.Set (Caused by NewConnectionError('<urllib3.connection.HTTPConnection object at 0x7ffeadf178d0>: Failed to establish a new connection: [Errno 113] No route to host'))"
2025-11-18 18:30:05,2025-11-18T18:29:55.773000,27.25,517.0,1.3263944501120497,43.68498004373178,12.005494013119533,27.987992052056914,36.199978716162775,10.78633128467367,1.6,-1402.5631416164508,True,"blue_error:RPC错误: HTTPConnectionPool(host='192.168.0.63', port=80): Max retries exceeded with url: /rpc/Light.Set (Caused by NewConnectionError('<urllib3.connection.HTTPConnection object at 0x7ffeadf2a310>: Failed to establish a new connection: [Errno 113] No route to host'))"
2025-11-18 18:45:05,2025-11-18T18:44:58.700000,27.37,518.0,1.2272457946091768,33.64527732003478,8.881759106678258,27.498627351497305,28.290290776714826,8.906096418557299,1.6,-1459.3400033531216,True,"blue_error:RPC错误: HTTPConnectionPool(host='192.168.0.63', port=80): Max retries exceeded with url: /rpc/Light.Set (Caused by NewConnectionError('<urllib3.connection.HTTPConnection object at 0x7ffeadf27890>: Failed to establish a new connection: [Errno 113] No route to host'))"
2025-11-18 19:00:05,2025-11-18T18:59:55.934000,27.44,518.0,1.4688898212271329,61.2308111392796,16.86924334178388,28.691301686092675,49.665518113231215,13.282354060953786,1.6,-1423.8201737474085,True,"blue_error:RPC错误: HTTPConnectionPool(host='192.168.0.63', port=80): Max retries exceeded with url: /rpc/Light.Set (Caused by NewConnectionError('<urllib3.connection.HTTPConnection object at 0x7ffeadee5890>: Failed to establish a new connection: [Errno 113] No route to host'))"
2025-11-18 19:15:05,2025-11-18T19:14:58.861000,27.97,518.0,0.9634744198249325,19.0,4.0,26.196739805137707,16.55682351251732,4.183925878456611,1.6,-1425.6076477946735,True,"blue_error:RPC错误: HTTPConnectionPool(host='192.168.0.63', port=80): Max retries exceeded with url: /rpc/Light.Set (Caused by NewConnectionError('<urllib3.connection.HTTPConnection object at 0x7ffeadf25e10>: Failed to establish a new connection: [Errno 113] No route to host'))"
2025-11-18 19:30:05,2025-11-18T19:29:56.124000,27.3,518.0,1.5329910142270322,70.86567299201748,19.759701897605243,29.007683798979727,57.19177216304523,14.25500175455213,1.6,-1670.1454939221815,True,"blue_error:RPC错误: HTTPConnectionPool(host='192.168.0.63', port=80): Max retries exceeded with url: /rpc/Light.Set (Caused by NewConnectionError('<urllib3.connection.HTTPConnection object at 0x7ffeadf15550>: Failed to establish a new connection: [Errno 113] No route to host'))"
2025-11-18 19:45:05,2025-11-18T19:44:58.930000,28.05,516.0,1.4323824426188116,55.708510455224804,15.212553136567442,28.51111343936088,45.35178341491298,12.68034710392442,1.6,-1491.2563577968767,True,"blue_error:RPC错误: HTTPConnectionPool(host='192.168.0.63', port=80): Max retries exceeded with url: /rpc/Light.Set (Caused by NewConnectionError('<urllib3.connection.HTTPConnection object at 0x7ffeadf17450>: Failed to establish a new connection: [Errno 113] No route to host'))"
2025-11-18 20:00:05,2025-11-18T19:59:56.175000,28.25,515.0,1.1848045400877902,30.599091625264602,7.866363875088201,27.28915147202226,25.84975521366632,8.096638369341603,1.6,-1400.2785774764368,True,"blue_error:RPC错误: HTTPConnectionPool(host='192.168.0.63', port=80): Max retries exceeded with url: /rpc/Light.Set (Caused by NewConnectionError('<urllib3.connection.HTTPConnection object at 0x7ffeadefd090>: Failed to establish a new connection: [Errno 113] No route to host'))"
2025-11-18 20:15:05,2025-11-18T20:14:58.987000,27.62,514.0,1.0806657745560784,23.34160824662286,5.447202748874288,26.775157252407283,20.035222529655105,6.16442003391308,1.6,-1451.6526712452558,True,"blue_error:RPC错误: HTTPConnectionPool(host='192.168.0.63', port=80): Max retries exceeded with url: /rpc/Light.Set (Caused by NewConnectionError('<urllib3.connection.HTTPConnection object at 0x7ffeadf2d990>: Failed to establish a new connection: [Errno 113] No route to host'))"
2025-11-18 20:30:05,2025-11-18T20:29:56.259000,27.37,512.0,1.4411600586405373,57.0362594421131,15.61087783263393,28.554436824981316,46.38895201602424,12.827925617918453,1.6,-1376.5943430325908,True,"blue_error:RPC错误: HTTPConnectionPool(host='192.168.0.63', port=80): Max retries exceeded with url: /rpc/Light.Set (Caused by NewConnectionError('<urllib3.connection.HTTPConnection object at 0x7ffeadf38d50>: Failed to establish a new connection: [Errno 113] No route to host'))"
2025-11-18 20:45:05,2025-11-18T20:44:59.148000,27.87,513.0,1.5650286903392019,75.7440760111252,21.297630404450082,29.165811084697722,61.04723769661752,14.694921000019809,1.6,-1427.8967157020018,True,"blue_error:RPC错误: HTTPConnectionPool(host='192.168.0.63', port=80): Max retries exceeded with url: /rpc/Light.Set (Caused by NewConnectionError('<urllib3.connection.HTTPConnection object at 0x7ffeb1290950>: Failed to establish a new connection: [Errno 113] No route to host'))"
2025-11-18 21:00:05,2025-11-18T20:59:56.390000,28.3,514.0,1.6702337936847593,95.0,28.0,29.685068392171242,76.64513905509547,15.888469630445993,1.6,-1470.6544648708245,True,"blue_error:RPC错误: HTTPConnectionPool(host='192.168.0.63', port=80): Max retries exceeded with url: /rpc/Light.Set (Caused by NewConnectionError('<urllib3.connection.HTTPConnection object at 0x7ffeadf32550>: Failed to establish a new connection: [Errno 113] No route to host'))"
2025-11-18 21:15:05,2025-11-18T21:14:59.238000,29.0,512.0,1.144482099715572,27.718112486348225,6.906037495449408,27.090133352628683,23.541579432722422,7.33587484334395,1.6,-1427.3417637231355,True,"blue_error:RPC错误: HTTPConnectionPool(host='192.168.0.63', port=80): Max retries exceeded with url: /rpc/Light.Set (Caused by NewConnectionError('<urllib3.connection.HTTPConnection object at 0x7ffeadf3ea10>: Failed to establish a new connection: [Errno 113] No route to host'))"
2025-11-18 21:30:05,2025-11-18T21:29:56.479000,28.25,513.0,1.3867307775303583,50.66554105147475,13.916385262868687,28.285792043899182,41.54270260496234,11.887278700942483,1.6,-1520.112526924936,True,"blue_error:RPC错误: HTTPConnectionPool(host='192.168.0.63', port=80): Max retries exceeded with url: /rpc/Light.Set (Caused by NewConnectionError('<urllib3.connection.HTTPConnection object at 0x7ffeadf26290>: Failed to establish a new connection: [Errno 113] No route to host'))"
2025-11-18 21:45:05,2025-11-18T21:44:59.338000,28.12,510.0,1.020584053958776,19.221222055990406,4.073740685330136,26.478613914930023,16.734061655255044,5.116092056331636,1.6,-1475.1824289532708,True,"blue_error:RPC错误: HTTPConnectionPool(host='192.168.0.63', port=80): Max retries exceeded with url: /rpc/Light.Set (Caused by NewConnectionError('<urllib3.connection.HTTPConnection object at 0x7ffeadf3c210>: Failed to establish a new connection: [Errno 113] No route to host'))"
2025-11-18 22:00:05,2025-11-18T21:59:56.520000,27.5,510.0,1.6348390259108982,88.95388775049516,26.186166325148548,29.510371621497125,71.92222994659225,15.532351661307434,1.6,-1402.0940345740482,True,"blue_error:RPC错误: HTTPConnectionPool(host='192.168.0.63', port=80): Max retries exceeded with url: /rpc/Light.Set (Caused by NewConnectionError('<urllib3.connection.HTTPConnection object at 0x7ffeadeff910>: Failed to establish a new connection: [Errno 113] No route to host'))"
2025-11-18 22:15:05,2025-11-18T22:14:59.353000,28.72,512.0,1.4964745002961017,65.39923586741024,18.119770760223073,28.82745046334188,52.921675178163404,13.715070389517685,1.6,-1507.4980580286774,True,"blue_error:RPC错误: HTTPConnectionPool(host='192.168.0.63', port=80): Max retries exceeded with url: /rpc/Light.Set (Caused by NewConnectionError('<urllib3.connection.HTTPConnection object at 0x7ffeadf16ad0>: Failed to establish a new connection: [Errno 113] No route to host'))"
2025-11-18 22:30:05,2025-11-18T22:29:56.601000,28.55,510.0,0.6688500209474407,19.0,4.0,24.7425720203808,16.55682351251732,0.670114073369696,1.6,-1344.700523875646,True,"blue_error:RPC错误: HTTPConnectionPool(host='192.168.0.63', port=80): Max retries exceeded with url: /rpc/Light.Set (Caused by NewConnectionError('<urllib3.connection.HTTPConnection object at 0x7ffeadf30dd0>: Failed to establish a new connection: [Errno 113] No route to host'))"
2025-11-18 22:45:05,2025-11-18T22:44:59.457000,27.87,512.0,1.1071469495886535,25.157679205163994,6.052559735054665,26.90585950171723,21.49021779371553,6.644483887299057,1.6,-1480.0208813415115,True,"blue_error:RPC错误: HTTPConnectionPool(host='192.168.0.63', port=80): Max retries exceeded with url: /rpc/Light.Set (Caused by NewConnectionError('<urllib3.connection.HTTPConnection object at 0x7ffeadf4d150>: Failed to establish a new connection: [Errno 113] No route to host'))"
2025-11-18 23:00:05,2025-11-18T22:59:56.749000,27.5,510.0,1.317779104547185,42.57585572403122,11.672756717209367,27.945469579299374,35.33358835888729,10.625460416639736,1.6,-1410.2190001912509,True,"blue_error:RPC错误: HTTPConnectionPool(host='192.168.0.63', port=80): Max retries exceeded with url: /rpc/Light.Set (Caused by NewConnectionError('<urllib3.connection.HTTPConnection object at 0x7ffeadefdb50>: Failed to establish a new connection: [Errno 113] No route to host'))"
2025-11-18 23:15:05,2025-11-18T23:14:59.582000,27.62,511.0,1.4047400062234066,52.574206383394454,14.393551595848614,28.37467959120866,42.97630866408197,12.20494014231415,1.6,-1522.5636278095772,True,"blue_error:RPC错误: HTTPConnectionPool(host='192.168.0.63', port=80): Max retries exceeded with url: /rpc/Light.Set (Caused by NewConnectionError('<urllib3.connection.HTTPConnection object at 0x7ffeadefef50>: Failed to establish a new connection: [Errno 113] No route to host'))"
2025-11-18 23:30:05,2025-11-18T23:29:56.761000,27.88,513.0,1.5545074157257495,74.08662820595198,20.725988461785597,29.1138815817246,59.70781521520955,14.554102444114509,1.6,-1914.7049935903497,True,"blue_error:RPC错误: HTTPConnectionPool(host='192.168.0.63', port=80): Max retries exceeded with url: /rpc/Light.Set (Caused by NewConnectionError('<urllib3.connection.HTTPConnection object at 0x7ffeaec54b90>: Failed to establish a new connection: [Errno 113] No route to host'))"
2025-11-18 23:45:05,2025-11-18T23:44:59.632000,28.36,510.0,1.3634756080617774,48.20089714533501,13.300224286333753,28.171012282280273,39.691498845809626,11.468993875802534,1.6,-1498.3969360411327,True,"blue_error:RPC错误: HTTPConnectionPool(host='192.168.0.63', port=80): Max retries exceeded with url: /rpc/Light.Set (Caused by NewConnectionError('<urllib3.connection.HTTPConnection object at 0x7ffeadf2e890>: Failed to establish a new connection: [Errno 113] No route to host'))"
2025-11-19 00:00:05,2025-11-18T23:59:56.910000,28.25,510.0,1.1781096390659702,30.118570680477404,7.706190226825802,27.25610767312048,25.464772624930443,7.969576844456161,1.6,-1488.5826502004932,True,"blue_error:RPC错误: HTTPConnectionPool(host='192.168.0.63', port=80): Max retries exceeded with url: /rpc/Light.Set (Caused by NewConnectionError('<urllib3.connection.HTTPConnection object at 0x7ffeadf25510>: Failed to establish a new connection: [Errno 113] No route to host'))"
2025-11-19 00:15:05,2025-11-19T00:14:59.691000,27.62,511.0,1.338682298539615,45.26689587347955,12.480068762043866,28.0486407742789,37.43568926417866,11.014418824470322,1.6,-1417.2885953133778,True,"blue_error:RPC错误: HTTPConnectionPool(host='192.168.0.63', port=80): Max retries exceeded with url: /rpc/Light.Set (Caused by NewConnectionError('<urllib3.connection.HTTPConnection object at 0x7ffeadee7a10>: Failed to establish a new connection: [Errno 113] No route to host'))"
2025-11-19 00:30:05,2025-11-19T00:29:56.962000,27.9,510.0,1.1044233653455078,24.970896623158755,5.9902988743862515,26.892416798123964,21.340571784043686,6.594675332220389,1.6,-1634.346042484232,True,"blue_error:RPC错误: HTTPConnectionPool(host='192.168.0.63', port=80): Max retries exceeded with url: /rpc/Light.Set (Caused by NewConnectionError('<urllib3.connection.HTTPConnection object at 0x7ffeadf3d150>: Failed to establish a new connection: [Errno 113] No route to host'))"
2025-11-19 00:45:05,2025-11-19T00:44:59.850000,27.5,510.0,0.6907065312858235,19.0,4.0,24.850448466942503,16.55682351251732,0.8513923805265424,1.6,-1410.2213169503389,True,"blue_error:RPC错误: HTTPConnectionPool(host='192.168.0.63', port=80): Max retries exceeded with url: /rpc/Light.Set (Caused by NewConnectionError('<urllib3.connection.HTTPConnection object at 0x7ffeb12b9910>: Failed to establish a new connection: [Errno 113] No route to host'))"
2025-11-19 09:00:05,2025-11-19T06:51:20.329000,23.48,546.0,1.815625444542602,95.0,28.0,30.402673097197766,76.64513905509547,16.828468984573007,1.6,-1633.7002364645825,True,"blue_error:RPC错误: HTTPConnectionPool(host='192.168.0.63', port=80): Max retries exceeded with url: /rpc/Light.Set (Caused by NewConnectionError('<urllib3.connection.HTTPConnection object at 0x7ffeadee6410>: Failed to establish a new connection: [Errno 113] No route to host'))"
2025-11-19 09:15:05,2025-11-19T09:14:57.801000,25.38,548.0,1.2990441858645736,40.16395549529993,10.94918664858998,27.853000268196524,33.44953707287141,10.273298398911123,1.6,-1433.6969043650124,True,"blue_error:RPC错误: HTTPConnectionPool(host='192.168.0.63', port=80): Max retries exceeded with url: /rpc/Light.Set (Caused by NewConnectionError('<urllib3.connection.HTTPConnection object at 0x7ffeadee54d0>: Failed to establish a new connection: [Errno 113] No route to host'))"
2025-11-19 09:30:05,2025-11-19T09:29:55.056000,25.52,545.0,1.3845186939603469,50.43109862790666,13.857774656976664,28.274873937058892,41.36661197591326,11.847866189831146,1.6,-1833.4772067409742,True,"blue_error:RPC错误: HTTPConnectionPool(host='192.168.0.63', port=80): Max retries exceeded with url: /rpc/Light.Set (Caused by NewConnectionError('<urllib3.connection.HTTPConnection object at 0x7ffeadf2ef50>: Failed to establish a new connection: [Errno 113] No route to host'))"
2025-11-19 09:45:05,2025-11-19T09:44:57.956000,25.74,545.0,1.16473432705108,29.15856880064807,7.386189600216023,27.190091593266843,24.695640679908397,7.716530412651393,1.6,-1399.1320797442413,True,"blue_error:RPC错误: HTTPConnectionPool(host='192.168.0.63', port=80): Max retries exceeded with url: /rpc/Light.Set (Caused by NewConnectionError('<urllib3.connection.HTTPConnection object at 0x7ffeaf05ca10>: Failed to establish a new connection: [Errno 113] No route to host'))"
2025-11-19 10:00:05,2025-11-19T09:59:55.179000,25.62,548.0,1.5600248893989328,74.91258117008707,20.973774351026123,29.141113991869027,60.35300680552914,14.628403787975794,1.6,-1413.4096762613667,True,"blue_error:RPC错误: HTTPConnectionPool(host='192.168.0.63', port=80): Max retries exceeded with url: /rpc/Light.Set (Caused by NewConnectionError('<urllib3.connection.HTTPConnection object at 0x7ffeadeffed0>: Failed to establish a new connection: [Errno 113] No route to host'))"
2025-11-19 10:15:05,2025-11-19T10:14:58.093000,26.44,549.0,1.4338889646668036,55.93639501043834,15.280918503131502,28.518549129811372,45.52979500270534,12.705797646596865,1.6,-1369.0653548421117,True,"blue_error:RPC错误: HTTPConnectionPool(host='192.168.0.63', port=80): Max retries exceeded with url: /rpc/Light.Set (Caused by NewConnectionError('<urllib3.connection.HTTPConnection object at 0x7ffeadf19050>: Failed to establish a new connection: [Errno 113] No route to host'))"
2025-11-19 10:30:05,2025-11-19T10:29:55.344000,26.73,551.0,1.526744672578264,69.93061018875014,19.479183056625043,28.976853939562684,56.46134962897211,14.16545671032726,1.6,-1457.6604928799504,True,"blue_error:RPC错误: HTTPConnectionPool(host='192.168.0.63', port=80): Max retries exceeded with url: /rpc/Light.Set (Caused by NewConnectionError('<urllib3.connection.HTTPConnection object at 0x7ffeadf2fc50>: Failed to establish a new connection: [Errno 113] No route to host'))"
2025-11-19 10:45:05,2025-11-19T10:44:58.206000,27.0,551.0,1.4562005686090451,59.31136715057761,16.293410145173283,28.62867176664212,48.16614808445862,13.076703090479226,1.6,-1446.4516165836676,True,"blue_error:RPC错误: HTTPConnectionPool(host='192.168.0.63', port=80): Max retries exceeded with url: /rpc/Light.Set (Caused by NewConnectionError('<urllib3.connection.HTTPConnection object at 0x7ffeadf2dc50>: Failed to establish a new connection: [Errno 113] No route to host'))"
2025-11-19 11:00:05,2025-11-19T10:59:55.552000,27.25,549.0,1.3651677507001505,48.380234864099876,13.345058716024969,28.179364134066176,39.82620011373249,11.499711754238053,1.6,-1403.2465163281665,True,"blue_error:RPC错误: HTTPConnectionPool(host='192.168.0.63', port=80): Max retries exceeded with url: /rpc/Light.Set (Caused by NewConnectionError('<urllib3.connection.HTTPConnection object at 0x7ffeadf3f3d0>: Failed to establish a new connection: [Errno 113] No route to host'))"
2025-11-19 11:15:05,2025-11-19T11:14:58.325000,27.12,547.0,1.1915569985942092,31.08374371057036,8.02791457019012,27.32247935547439,26.238047579402597,8.225021780763957,1.6,-1490.810027253802,True,"blue_error:RPC错误: HTTPConnectionPool(host='192.168.0.63', port=80): Max retries exceeded with url: /rpc/Light.Set (Caused by NewConnectionError('<urllib3.connection.HTTPConnection object at 0x7ffeadf3d450>: Failed to establish a new connection: [Errno 113] No route to host'))"
2025-11-19 11:30:05,2025-11-19T11:29:55.670000,26.87,547.0,1.7432800248194127,95.0,28.0,30.04560023039856,76.64513905509547,16.467864898601164,1.6,-1546.3891010543412,True,"blue_error:RPC错误: HTTPConnectionPool(host='192.168.0.63', port=80): Max retries exceeded with url: /rpc/Light.Set (Caused by NewConnectionError('<urllib3.connection.HTTPConnection object at 0x7ffeadf27a50>: Failed to establish a new connection: [Errno 113] No route to host'))"
2025-11-19 11:45:05,2025-11-19T11:44:58.566000,27.99,544.0,1.5716387154547438,76.98871355827545,21.79548542331018,29.1984359644296,62.094272127987786,14.781511006024196,1.6,-1443.9460397809532,True,"blue_error:RPC错误: HTTPConnectionPool(host='192.168.0.63', port=80): Max retries exceeded with url: /rpc/Light.Set (Caused by NewConnectionError('<urllib3.connection.HTTPConnection object at 0x7ffeadf273d0>: Failed to establish a new connection: [Errno 113] No route to host'))"
2025-11-19 12:00:05,2025-11-19T11:59:55.852000,28.26,540.0,1.2456895048377292,34.96905926027859,9.323019753426198,27.589659354779915,29.350875135847318,9.258656393060164,1.6,-1415.6083336715449,True,"blue_error:RPC错误: HTTPConnectionPool(host='192.168.0.63', port=80): Max retries exceeded with url: /rpc/Light.Set (Caused by NewConnectionError('<urllib3.connection.HTTPConnection object at 0x7ffeadf246d0>: Failed to establish a new connection: [Errno 113] No route to host'))"
2025-11-19 12:15:05,2025-11-19T12:14:58.662000,27.62,541.0,1.0250295163552128,19.52609051992844,4.175363506642814,26.500555234894954,16.978315421389574,5.191453422426715,1.6,-1556.2866447357603,True,"blue_error:RPC错误: HTTPConnectionPool(host='192.168.0.63', port=80): Max retries exceeded with url: /rpc/Light.Set (Caused by NewConnectionError('<urllib3.connection.HTTPConnection object at 0x7ffeadefd590>: Failed to establish a new connection: [Errno 113] No route to host'))"
2025-11-19 12:30:05,2025-11-19T12:29:55.957000,27.09,541.0,1.3260104264301626,43.63554151550153,11.99066245465046,27.986096639223113,36.1613599036674,10.779176540502625,1.6,-1493.3822495844574,True,"blue_error:RPC错误: HTTPConnectionPool(host='192.168.0.63', port=80): Max retries exceeded with url: /rpc/Light.Set (Caused by NewConnectionError('<urllib3.connection.HTTPConnection object at 0x7ffeadf25ed0>: Failed to establish a new connection: [Errno 113] No route to host'))"
2025-11-19 12:45:05,2025-11-19T12:44:58.820000,27.32,542.0,1.4444480881185988,57.53362430719144,15.760087292157431,28.570665442029142,46.77746763640829,12.882761121413822,1.6,-1541.1429453053768,True,"blue_error:RPC错误: HTTPConnectionPool(host='192.168.0.63', port=80): Max retries exceeded with url: /rpc/Light.Set (Caused by NewConnectionError('<urllib3.connection.HTTPConnection object at 0x7ffeadf2ba90>: Failed to establish a new connection: [Errno 113] No route to host'))"
2025-11-19 13:00:05,2025-11-19T12:59:56.099000,27.94,541.0,1.1884911300564716,30.863693549777018,7.954564516592339,27.30734725074422,26.06174833277666,8.166704368382227,1.6,-1476.2955839823617,True,"blue_error:RPC错误: HTTPConnectionPool(host='192.168.0.63', port=80): Max retries exceeded with url: /rpc/Light.Set (Caused by NewConnectionError('<urllib3.connection.HTTPConnection object at 0x7ffeadee7750>: Failed to establish a new connection: [Errno 113] No route to host'))"
2025-11-19 13:15:05,2025-11-19T13:14:58.926000,27.55,538.0,1.201534224941149,31.799850821782563,8.266616940594188,27.371723617627232,26.81177651354664,8.41507137212966,1.6,-1373.4721707630222,True,"blue_error:RPC错误: HTTPConnectionPool(host='192.168.0.63', port=80): Max retries exceeded with url: /rpc/Light.Set (Caused by NewConnectionError('<urllib3.connection.HTTPConnection object at 0x7ffeadf32510>: Failed to establish a new connection: [Errno 113] No route to host'))"
2025-11-19 13:30:05,2025-11-19T13:29:56.272000,27.5,537.0,1.296873386197594,39.88449059331574,10.865347177994721,27.842285924934696,33.23123359509588,10.23231205218861,1.6,-1487.8542547444804,True,"blue_error:RPC错误: HTTPConnectionPool(host='192.168.0.63', port=80): Max retries exceeded with url: /rpc/Light.Set (Caused by NewConnectionError('<urllib3.connection.HTTPConnection object at 0x7ffeadf14ed0>: Failed to establish a new connection: [Errno 113] No route to host'))"
2025-11-19 13:45:05,2025-11-19T13:44:59.139000,27.5,535.0,1.045201363322955,20.90946967184255,4.636489890614184,26.600116744842182,18.086647727992762,5.538056584639957,1.6,-1405.600056107813,True,"blue_error:RPC错误: HTTPConnectionPool(host='192.168.0.63', port=80): Max retries exceeded with url: /rpc/Light.Set (Caused by NewConnectionError('<urllib3.connection.HTTPConnection object at 0x7ffeadf24390>: Failed to establish a new connection: [Errno 113] No route to host'))"
2025-11-19 14:00:05,2025-11-19T13:59:56.347000,27.25,538.0,1.5084209349894833,67.18758932957581,18.656276798872742,28.88641408122283,54.318644090934875,13.896002351666962,1.6,-1639.878015481936,True,"blue_error:RPC错误: HTTPConnectionPool(host='192.168.0.63', port=80): Max retries exceeded with url: /rpc/Light.Set (Caused by NewConnectionError('<urllib3.connection.HTTPConnection object at 0x7ffeadf4d610>: Failed to establish a new connection: [Errno 113] No route to host'))"
2025-11-19 14:15:05,2025-11-19T14:14:59.230000,28.05,536.0,1.5561244316911,74.3286917315337,20.79860751946011,29.12186263330488,59.89690267879408,14.57598123892459,1.6,-1474.8423017875168,True,"blue_error:RPC错误: HTTPConnectionPool(host='192.168.0.63', port=80): Max retries exceeded with url: /rpc/Light.Set (Caused by NewConnectionError('<urllib3.connection.HTTPConnection object at 0x7ffeadf30a50>: Failed to establish a new connection: [Errno 113] No route to host'))"
2025-11-19 14:30:05,2025-11-19T14:29:56.429000,28.74,533.0,1.2610227519401498,36.06959030028904,9.689863433429682,27.66533914931495,30.232595887801313,9.551410623778226,1.6,-1609.9271254577363,True,"blue_error:RPC错误: HTTPConnectionPool(host='192.168.0.63', port=80): Max retries exceeded with url: /rpc/Light.Set (Caused by NewConnectionError('<urllib3.connection.HTTPConnection object at 0x7ffeadf4df50>: Failed to establish a new connection: [Errno 113] No route to host'))"
2025-11-19 14:45:05,2025-11-19T14:44:59.301000,28.38,534.0,1.5637958105127487,75.51193036926983,21.20477214770793,29.159726001001545,60.851948328502566,14.67860896328914,1.6,-1556.2918719998204,True,"blue_error:RPC错误: HTTPConnectionPool(host='192.168.0.63', port=80): Max retries exceeded with url: /rpc/Light.Set (Caused by NewConnectionError('<urllib3.connection.HTTPConnection object at 0x7ffeadf20550>: Failed to establish a new connection: [Errno 113] No route to host'))"
2025-11-19 15:00:05,2025-11-19T14:59:56.577000,28.8,533.0,1.2594701639479156,35.95815459026702,9.652718196755675,27.65767609272524,30.143316099714454,9.521794425635823,1.6,-1363.3077919442017,True,"blue_error:RPC错误: HTTPConnectionPool(host='192.168.0.63', port=80): Max retries exceeded with url: /rpc/Light.Set (Caused by NewConnectionError('<urllib3.connection.HTTPConnection object at 0x7ffeadf2d210>: Failed to establish a new connection: [Errno 113] No route to host'))"
2025-11-19 15:15:05,2025-11-19T15:15:00.072000,28.5,530.0,1.2908817348397326,39.11313601605156,10.633940804815468,27.812713131862253,32.62869143105568,10.119013913042298,1.6,-1424.7127837803098,True,"blue_error:RPC错误: HTTPConnectionPool(host='192.168.0.63', port=80): Max retries exceeded with url: /rpc/Light.Set (Caused by NewConnectionError('<urllib3.connection.HTTPConnection object at 0x7ffeadf27450>: Failed to establish a new connection: [Errno 113] No route to host'))"
2025-11-19 15:30:05,2025-11-19T15:29:56.747000,28.25,531.0,1.479730543920724,62.87063663835889,17.361190991507666,28.74480787826333,50.94646468953596,13.454819622659375,1.6,-1452.7998010629492,True,"blue_error:RPC错误: HTTPConnectionPool(host='192.168.0.63', port=80): Max retries exceeded with url: /rpc/Light.Set (Caused by NewConnectionError('<urllib3.connection.HTTPConnection object at 0x7ffeadf2db10>: Failed to establish a new connection: [Errno 113] No route to host'))"
2025-11-19 15:45:05,2025-11-19T15:44:59.512000,28.74,529.0,1.383374272611414,50.309809849189556,13.827452462297389,28.269225454909595,41.275511495821675,11.827443754946966,1.6,-1455.2940196782124,True,"blue_error:RPC错误: HTTPConnectionPool(host='192.168.0.63', port=80): Max retries exceeded with url: /rpc/Light.Set (Caused by NewConnectionError('<urllib3.connection.HTTPConnection object at 0x7ffeadf14ed0>: Failed to establish a new connection: [Errno 113] No route to host'))"
2025-11-19 16:00:05,2025-11-19T15:59:56.847000,28.74,530.0,1.3328754193364716,44.51932853595618,12.255798560786854,28.019979954946365,36.85172845731508,10.906840882249355,1.6,-1494.4991125152765,True,"blue_error:RPC错误: HTTPConnectionPool(host='192.168.0.63', port=80): Max retries exceeded with url: /rpc/Light.Set (Caused by NewConnectionError('<urllib3.connection.HTTPConnection object at 0x7ffeadf20490>: Failed to establish a new connection: [Errno 113] No route to host'))"
2025-11-19 16:15:05,2025-11-19T16:14:59.670000,28.88,529.0,1.03092414256368,19.93034219892245,4.310114066307483,26.529649144184866,17.30219278733636,5.291961469923939,1.6,-1453.7963041052983,True,"blue_error:RPC错误: HTTPConnectionPool(host='192.168.0.63', port=80): Max retries exceeded with url: /rpc/Light.Set (Caused by NewConnectionError('<urllib3.connection.HTTPConnection object at 0x7ffeadf3f3d0>: Failed to establish a new connection: [Errno 113] No route to host'))"
2025-11-19 16:30:05,2025-11-19T16:29:56.929000,28.05,528.0,1.3300316242172758,44.15322339215221,12.145967017645663,28.005943930555514,36.565746119080586,10.854018222180366,1.6,-1563.6185115268042,True,"blue_error:RPC错误: HTTPConnectionPool(host='192.168.0.63', port=80): Max retries exceeded with url: /rpc/Light.Set (Caused by NewConnectionError('<urllib3.connection.HTTPConnection object at 0x7ffeadf26b10>: Failed to establish a new connection: [Errno 113] No route to host'))"
2025-11-19 16:45:05,2025-11-19T16:44:59.799000,28.47,528.0,1.2223979514943712,33.29732741814464,8.765775806048213,27.474700014488,28.011521130077707,8.813431339031418,1.6,-1436.254175698958,True,"blue_error:RPC错误: HTTPConnectionPool(host='192.168.0.63', port=80): Max retries exceeded with url: /rpc/Light.Set (Caused by NewConnectionError('<urllib3.connection.HTTPConnection object at 0x7ffeadf27090>: Failed to establish a new connection: [Errno 113] No route to host'))"
2025-11-19 17:00:05,2025-11-19T16:59:56.996000,28.47,530.0,1.4287682975896403,55.16181561358759,15.048544684076276,28.493275224702202,44.92473377696562,12.619090161009272,1.6,-1444.6854648294284,True,"blue_error:RPC错误: HTTPConnectionPool(host='192.168.0.63', port=80): Max retries exceeded with url: /rpc/Light.Set (Caused by NewConnectionError('<urllib3.connection.HTTPConnection object at 0x7ffeadf27f50>: Failed to establish a new connection: [Errno 113] No route to host'))"
2025-11-19 17:15:05,2025-11-19T17:14:59.834000,28.64,528.0,1.1084683262509212,25.248298816215488,6.082766272071829,26.912381376284035,21.56282019082497,6.668682742050079,1.6,-1459.700133706388,True,"blue_error:RPC错误: HTTPConnectionPool(host='192.168.0.63', port=80): Max retries exceeded with url: /rpc/Light.Set (Caused by NewConnectionError('<urllib3.connection.HTTPConnection object at 0x7ffeadee7e10>: Failed to establish a new connection: [Errno 113] No route to host'))"
2025-11-19 17:30:05,2025-11-19T17:29:57.141000,28.25,529.0,1.2333419146016227,34.08282125515181,9.027607085050604,27.528715766913006,28.640841150542208,9.022639042759073,1.6,-1608.9483564171708,True,"blue_error:RPC错误: HTTPConnectionPool(host='192.168.0.63', port=80): Max retries exceeded with url: /rpc/Light.Set (Caused by NewConnectionError('<urllib3.connection.HTTPConnection object at 0x7ffeadf19c10>: Failed to establish a new connection: [Errno 113] No route to host'))"
2025-11-19 17:45:05,2025-11-19T17:44:59.946000,28.38,528.0,1.2756905192809358,37.15744584724527,10.04723375417358,27.737734357663427,31.10100776748793,9.830771604046136,1.6,-1366.5046956169058,True,"blue_error:RPC错误: HTTPConnectionPool(host='192.168.0.63', port=80): Max retries exceeded with url: /rpc/Light.Set (Caused by NewConnectionError('<urllib3.connection.HTTPConnection object at 0x7ffeadf27fd0>: Failed to establish a new connection: [Errno 113] No route to host'))"
2025-11-19 18:00:05,2025-11-19T17:59:57.213000,28.29,527.0,1.0988743643663494,24.590347817648073,5.863449272549357,26.865028779710624,21.035684627978657,6.493491761455504,1.6,-1461.0384996437967,True,"blue_error:RPC错误: HTTPConnectionPool(host='192.168.0.63', port=80): Max retries exceeded with url: /rpc/Light.Set (Caused by NewConnectionError('<urllib3.connection.HTTPConnection object at 0x7ffeadf25490>: Failed to establish a new connection: [Errno 113] No route to host'))"
2025-11-19 18:15:05,2025-11-19T18:15:00.121000,27.99,528.0,1.30592350882025,41.0495873409141,11.214876202274231,27.886954312264823,34.14134670819107,10.40294983432792,1.6,-1574.9429071721281,True,"blue_error:RPC错误: HTTPConnectionPool(host='192.168.0.63', port=80): Max retries exceeded with url: /rpc/Light.Set (Caused by NewConnectionError('<urllib3.connection.HTTPConnection object at 0x7ffeb1285650>: Failed to establish a new connection: [Errno 113] No route to host'))"
2025-11-19 18:30:05,2025-11-19T18:29:57.352000,28.22,527.0,1.379697765760108,49.92016400209329,13.730041000523322,28.251079443092596,40.982846963194476,11.761688584842243,1.6,-1443.3265515084843,True,"blue_error:RPC错误: HTTPConnectionPool(host='192.168.0.63', port=80): Max retries exceeded with url: /rpc/Light.Set (Caused by NewConnectionError('<urllib3.connection.HTTPConnection object at 0x7ffeadf26050>: Failed to establish a new connection: [Errno 113] No route to host'))"
2025-11-19 18:45:05,2025-11-19T18:45:00.227000,28.5,526.0,1.3194690405079732,42.793415084678436,11.738024525403532,27.95381053966058,35.50353444054084,10.657073631492251,1.6,-1709.6010964467937,True,"blue_error:RPC错误: HTTPConnectionPool(host='192.168.0.63', port=80): Max retries exceeded with url: /rpc/Light.Set (Caused by NewConnectionError('<urllib3.connection.HTTPConnection object at 0x7ffeadf250d0>: Failed to establish a new connection: [Errno 113] No route to host'))"
2025-11-19 19:00:05,2025-11-19T18:59:57.397000,28.63,523.0,1.2629057618639303,36.20474176924574,9.734913923081914,27.674633058373303,30.340876209304152,9.587319522671711,1.6,-1414.576618238449,True,"blue_error:RPC错误: HTTPConnectionPool(host='192.168.0.63', port=80): Max retries exceeded with url: /rpc/Light.Set (Caused by NewConnectionError('<urllib3.connection.HTTPConnection object at 0x7ffeadf2f190>: Failed to establish a new connection: [Errno 113] No route to host'))"
2025-11-19 19:15:05,2025-11-19T19:15:00.222000,28.38,523.0,1.1943648023338977,31.285271485420925,8.095090495140308,27.336337738418,26.399507106413456,8.278466413922837,1.6,-1459.2105746101827,True,"blue_error:RPC错误: HTTPConnectionPool(host='192.168.0.63', port=80): Max retries exceeded with url: /rpc/Light.Set (Caused by NewConnectionError('<urllib3.connection.HTTPConnection object at 0x7ffeadf31c10>: Failed to establish a new connection: [Errno 113] No route to host'))"
2025-11-19 19:30:05,2025-11-19T19:29:57.484000,28.22,521.0,1.1405212224333996,27.446476722691585,6.8154922408971945,27.07058378319365,23.323950959665762,7.261837937013139,1.6,-1588.497325059794,True,"blue_error:RPC错误: HTTPConnectionPool(host='192.168.0.63', port=80): Max retries exceeded with url: /rpc/Light.Set (Caused by NewConnectionError('<urllib3.connection.HTTPConnection object at 0x7ffeadf27d10>: Failed to establish a new connection: [Errno 113] No route to host'))"
2025-11-19 19:45:05,2025-11-19T19:45:00.394000,28.05,520.0,1.4457760873368593,57.734504547597204,15.82035136427916,28.57722000332391,46.93438485494131,12.90483826257569,1.6,-1587.268018085816,True,"blue_error:RPC错误: HTTPConnectionPool(host='192.168.0.63', port=80): Max retries exceeded with url: /rpc/Light.Set (Caused by NewConnectionError('<urllib3.connection.HTTPConnection object at 0x7ffeadee6c10>: Failed to establish a new connection: [Errno 113] No route to host'))"
2025-11-19 20:00:05,2025-11-19T19:59:57.642000,28.55,521.0,1.3371591448353009,45.07080776495534,12.421242329486603,28.041122995518943,37.28251541036972,10.986238595295426,1.6,-1646.7373629172446,True,"blue_error:RPC错误: HTTPConnectionPool(host='192.168.0.63', port=80): Max retries exceeded with url: /rpc/Light.Set (Caused by NewConnectionError('<urllib3.connection.HTTPConnection object at 0x7ffeadeff090>: Failed to establish a new connection: [Errno 113] No route to host'))"
2025-11-19 20:15:05,2025-11-19T20:14:54.818000,28.55,519.0,0.8679811547034311,19.0,4.0,25.725416892541187,16.55682351251732,2.7944042299589213,1.6,-1450.6511704945012,True,"blue_error:RPC错误: HTTPConnectionPool(host='192.168.0.63', port=80): Max retries exceeded with url: /rpc/Light.Set (Caused by NewConnectionError('<urllib3.connection.HTTPConnection object at 0x7ffeadf2fd10>: Failed to establish a new connection: [Errno 113] No route to host'))"
2025-11-19 20:30:05,2025-11-19T20:29:57.674000,28.05,516.0,1.4864525198274008,63.88743854423937,17.66623156327181,28.777985309768134,51.74073756847889,13.560211037278373,1.6,-1482.3251098793382,True,"blue_error:RPC错误: HTTPConnectionPool(host='192.168.0.63', port=80): Max retries exceeded with url: /rpc/Light.Set (Caused by NewConnectionError('<urllib3.connection.HTTPConnection object at 0x7ffeadf2fd10>: Failed to establish a new connection: [Errno 113] No route to host'))"
2025-11-19 20:45:05,2025-11-19T20:44:54.919000,28.72,516.0,1.0778260006887757,23.14685741540452,5.382285805134839,26.761141075574816,19.879192537676076,6.113529406600749,1.6,-1527.8276517912568,True,"blue_error:RPC错误: HTTPConnectionPool(host='192.168.0.63', port=80): Max retries exceeded with url: /rpc/Light.Set (Caused by NewConnectionError('<urllib3.connection.HTTPConnection object at 0x7ffeadf175d0>: Failed to establish a new connection: [Errno 113] No route to host'))"
2025-11-19 21:00:05,2025-11-19T20:59:57.778000,28.25,515.0,1.5418532175603936,72.19232419971314,20.157697259913945,29.051424679363155,58.2280832360237,14.379972776468446,1.6,-1402.610572498261,True,"blue_error:RPC错误: HTTPConnectionPool(host='192.168.0.63', port=80): Max retries exceeded with url: /rpc/Light.Set (Caused by NewConnectionError('<urllib3.connection.HTTPConnection object at 0x7ffeadf25a90>: Failed to establish a new connection: [Errno 113] No route to host'))"
2025-11-19 21:15:05,2025-11-19T21:14:55.031000,28.94,512.0,1.280048244338632,37.718451648309184,10.215535494492755,27.759242635382016,31.539236384230016,9.913586225227798,1.6,-1388.1296596730376,True,"blue_error:RPC错误: HTTPConnectionPool(host='192.168.0.63', port=80): Max retries exceeded with url: /rpc/Light.Set (Caused by NewConnectionError('<urllib3.connection.HTTPConnection object at 0x7ffeb1294550>: Failed to establish a new connection: [Errno 113] No route to host'))"
2025-11-19 21:30:05,2025-11-19T21:29:57.865000,28.62,512.0,1.3799419360496277,49.94604181033451,13.736510452583628,28.252284586218444,41.00228388703384,11.766062515606981,1.6,-1475.6092107870172,True,"blue_error:RPC错误: HTTPConnectionPool(host='192.168.0.63', port=80): Max retries exceeded with url: /rpc/Light.Set (Caused by NewConnectionError('<urllib3.connection.HTTPConnection object at 0x7ffeadf26ed0>: Failed to establish a new connection: [Errno 113] No route to host'))"
2025-11-19 21:45:05,2025-11-19T21:44:55.051000,28.55,511.0,1.0652998668533173,22.287818953048067,5.095939651016023,26.699316256040262,19.19095021515227,5.890529019497896,1.6,-1418.7335664708837,True,"blue_error:RPC错误: HTTPConnectionPool(host='192.168.0.63', port=80): Max retries exceeded with url: /rpc/Light.Set (Caused by NewConnectionError('<urllib3.connection.HTTPConnection object at 0x7ffeadefcf90>: Failed to establish a new connection: [Errno 113] No route to host'))"
2025-11-19 22:00:05,2025-11-19T21:59:57.939000,28.19,513.0,1.4737822751116716,61.9708697921662,17.09126093764986,28.715449206985074,50.243613525341864,13.360564469295468,1.6,-1574.933391879571,True,"blue_error:RPC错误: HTTPConnectionPool(host='192.168.0.63', port=80): Max retries exceeded with url: /rpc/Light.Set (Caused by NewConnectionError('<urllib3.connection.HTTPConnection object at 0x7ffeadf3d110>: Failed to establish a new connection: [Errno 113] No route to host'))"
2025-11-19 22:15:05,2025-11-19T22:14:55.140000,28.74,514.0,1.3011135654519845,40.43036375597953,11.029109126793859,27.86321403576605,33.65764138007265,10.31233746658953,1.6,-1458.6812155107887,True,"blue_error:RPC错误: HTTPConnectionPool(host='192.168.0.63', port=80): Max retries exceeded with url: /rpc/Light.Set (Caused by NewConnectionError('<urllib3.connection.HTTPConnection object at 0x7ffeadf3c6d0>: Failed to establish a new connection: [Errno 113] No route to host'))"
2025-11-19 22:30:05,2025-11-19T22:29:58.078000,28.61,513.0,1.572634049633979,77.17613043941942,21.870452175767767,29.203348602025216,62.251934033678374,14.794422437724904,1.6,-1637.2231141876273,True,"blue_error:RPC错误: HTTPConnectionPool(host='192.168.0.63', port=80): Max retries exceeded with url: /rpc/Light.Set (Caused by NewConnectionError('<urllib3.connection.HTTPConnection object at 0x7ffeadf25610>: Failed to establish a new connection: [Errno 113] No route to host'))"
2025-11-19 22:45:05,2025-11-19T22:44:55.236000,29.25,511.0,1.1729318592199702,29.74693984450373,7.582313281501243,27.230551878429665,25.16703034576593,7.871483549274576,1.6,-1590.985147504605,True,"blue_error:RPC错误: HTTPConnectionPool(host='192.168.0.63', port=80): Max retries exceeded with url: /rpc/Light.Set (Caused by NewConnectionError('<urllib3.connection.HTTPConnection object at 0x7ffeadf4d750>: Failed to establish a new connection: [Errno 113] No route to host'))"
2025-11-19 23:00:05,2025-11-19T22:59:58.136000,28.73,510.0,1.5392479069998992,71.80231527399927,20.040694582199784,29.03856573522685,57.92342850391837,14.343488944298516,1.6,-1429.6193896771344,True,"blue_error:RPC错误: HTTPConnectionPool(host='192.168.0.63', port=80): Max retries exceeded with url: /rpc/Light.Set (Caused by NewConnectionError('<urllib3.connection.HTTPConnection object at 0x7ffeadf2f490>: Failed to establish a new connection: [Errno 113] No route to host'))"
2025-11-19 23:15:05,2025-11-19T23:14:55.341000,29.03,510.0,1.1998600941386377,31.679691477783575,8.226563825927858,27.363460666256756,26.7155075458453,8.383156114771921,1.6,-1401.9090563111117,True,"blue_error:RPC错误: HTTPConnectionPool(host='192.168.0.63', port=80): Max retries exceeded with url: /rpc/Light.Set (Caused by NewConnectionError('<urllib3.connection.HTTPConnection object at 0x7ffeadf2db10>: Failed to establish a new connection: [Errno 113] No route to host'))"
2025-11-19 23:30:05,2025-11-19T23:29:58.203000,28.55,512.0,1.316700585357325,42.437009074906,11.6311027224718,27.940146368230938,35.225128562446635,10.605270636187559,1.6,-1824.8313731540193,True,"blue_error:RPC错误: HTTPConnectionPool(host='192.168.0.63', port=80): Max retries exceeded with url: /rpc/Light.Set (Caused by NewConnectionError('<urllib3.connection.HTTPConnection object at 0x7ffeadefdfd0>: Failed to establish a new connection: [Errno 113] No route to host'))"
2025-11-19 23:45:05,2025-11-19T23:44:55.407000,28.5,508.0,1.020613484182239,19.22324037179658,4.0744134572655275,26.478759172698968,16.735678684548724,5.116589718351561,1.6,-1399.4906478330493,True,"blue_error:RPC错误: HTTPConnectionPool(host='192.168.0.63', port=80): Max retries exceeded with url: /rpc/Light.Set (Caused by NewConnectionError('<urllib3.connection.HTTPConnection object at 0x7ffeadf2c350>: Failed to establish a new connection: [Errno 113] No route to host'))"
2025-11-20 00:00:05,2025-11-19T23:59:58.345000,28.12,511.0,0.9024585997119596,19.0,4.0,25.895586063944325,16.55682351251732,3.269866228345643,1.6,-1420.3594522261267,True,"blue_error:RPC错误: HTTPConnectionPool(host='192.168.0.63', port=80): Max retries exceeded with url: /rpc/Light.Set (Caused by NewConnectionError('<urllib3.connection.HTTPConnection object at 0x7ffeadefedd0>: Failed to establish a new connection: [Errno 113] No route to host'))"
2025-11-20 00:15:05,2025-11-20T00:14:55.558000,27.74,511.0,1.309533635709828,41.514348678725696,11.35430460361771,27.904772694726393,34.50439414513045,10.470836114851757,1.6,-1517.7011768085945,True,"blue_error:RPC错误: HTTPConnectionPool(host='192.168.0.63', port=80): Max retries exceeded with url: /rpc/Light.Set (Caused by NewConnectionError('<urllib3.connection.HTTPConnection object at 0x7ffeadee7490>: Failed to establish a new connection: [Errno 113] No route to host'))"
2025-11-20 00:30:05,2025-11-20T00:29:58.426000,28.0,511.0,1.3106698632734117,41.660624601611985,11.398187380483595,27.910380735083578,34.6186573046692,10.492179363354104,1.6,-1463.9738838065925,True,"blue_error:RPC错误: HTTPConnectionPool(host='192.168.0.63', port=80): Max retries exceeded with url: /rpc/Light.Set (Caused by NewConnectionError('<urllib3.connection.HTTPConnection object at 0x7ffeadf26410>: Failed to establish a new connection: [Errno 113] No route to host'))"
2025-11-20 00:45:05,2025-11-20T00:44:55.630000,28.25,510.0,1.1262377685582778,26.466921784575685,6.488973928191895,27.00008541795507,22.53915354349511,6.996128308044385,1.6,-1485.8916775233577,True,"blue_error:RPC错误: HTTPConnectionPool(host='192.168.0.63', port=80): Max retries exceeded with url: /rpc/Light.Set (Caused by NewConnectionError('<urllib3.connection.HTTPConnection object at 0x7ffeadefebd0>: Failed to establish a new connection: [Errno 113] No route to host'))"
2025-11-20 09:00:05,2025-11-20T06:49:19.537000,23.99,562.0,1.3836746578609669,50.34164546646188,13.83541136661547,28.27070805633222,41.299423353523565,11.83280631457733,1.6,-1468.7163217005416,True,"blue_error:RPC错误: HTTPConnectionPool(host='192.168.0.63', port=80): Max retries exceeded with url: /rpc/Light.Set (Caused by NewConnectionError('<urllib3.connection.HTTPConnection object at 0x7ffeadf2ca50>: Failed to establish a new connection: [Errno 113] No route to host'))"
2025-11-20 09:15:05,2025-11-20T09:14:59.556000,24.75,562.0,1.333358578841116,44.58152963431735,12.274458890295206,28.022364669142572,36.90031672724556,10.915806526571643,1.6,-1598.3295759409034,True,"blue_error:RPC错误: HTTPConnectionPool(host='192.168.0.63', port=80): Max retries exceeded with url: /rpc/Light.Set (Caused by NewConnectionError('<urllib3.connection.HTTPConnection object at 0x7ffeadf16190>: Failed to establish a new connection: [Errno 113] No route to host'))"
2025-11-20 09:30:05,2025-11-20T09:29:56.789000,25.38,557.0,1.3030479617553723,40.67939450789458,11.103818352368373,27.87276157085838,33.85217127928405,10.34880057877708,1.6,-1476.0734750310326,True,"blue_error:RPC错误: HTTPConnectionPool(host='192.168.0.63', port=80): Max retries exceeded with url: /rpc/Light.Set (Caused by NewConnectionError('<urllib3.connection.HTTPConnection object at 0x7ffeadf3ed50>: Failed to establish a new connection: [Errno 113] No route to host'))"
2025-11-20 09:45:05,2025-11-20T09:44:59.657000,25.55,554.0,1.6279992776203782,87.64452057332623,25.79335617199787,29.47661290477911,70.89942026125557,15.45806693935632,1.6,-1547.2376238375139,True,"blue_error:RPC错误: HTTPConnectionPool(host='192.168.0.63', port=80): Max retries exceeded with url: /rpc/Light.Set (Caused by NewConnectionError('<urllib3.connection.HTTPConnection object at 0x7ffeadeff050>: Failed to establish a new connection: [Errno 113] No route to host'))"
2025-11-20 10:00:05,2025-11-20T09:59:56.923000,26.74,549.0,1.4922799519520862,64.76892698945734,17.9306780968372,28.806747571467643,52.42931059444302,13.650591823967535,1.6,-1584.0223165901348,True,"blue_error:RPC错误: HTTPConnectionPool(host='192.168.0.63', port=80): Max retries exceeded with url: /rpc/Light.Set (Caused by NewConnectionError('<urllib3.connection.HTTPConnection object at 0x7ffeadefe0d0>: Failed to establish a new connection: [Errno 113] No route to host'))"
2025-11-20 10:15:05,2025-11-20T10:14:59.847000,27.0,545.0,1.1433977695264355,27.64374945058648,6.8812498168621605,27.084781460405605,23.48200143862168,7.315592054847472,1.6,-1450.0977851937978,True,"blue_error:RPC错误: HTTPConnectionPool(host='192.168.0.63', port=80): Max retries exceeded with url: /rpc/Light.Set (Caused by NewConnectionError('<urllib3.connection.HTTPConnection object at 0x7ffeadf17110>: Failed to establish a new connection: [Errno 113] No route to host'))"
2025-11-20 10:30:05,2025-11-20T10:29:57.165000,26.25,542.0,1.2498743254362996,35.269421273284614,9.423140424428205,27.610314233746536,29.591518434707446,9.338606896119428,1.6,-1478.3865187632032,True,"blue_error:RPC错误: HTTPConnectionPool(host='192.168.0.63', port=80): Max retries exceeded with url: /rpc/Light.Set (Caused by NewConnectionError('<urllib3.connection.HTTPConnection object at 0x7ffeb12a9050>: Failed to establish a new connection: [Errno 113] No route to host'))"
2025-11-20 10:45:05,2025-11-20T10:44:59.963000,26.22,539.0,1.496123118608206,65.34663484675276,18.10399045402583,28.825716160505326,52.88058599071074,13.709687679633745,1.6,-1521.7211314113465,True,"blue_error:RPC错误: HTTPConnectionPool(host='192.168.0.63', port=80): Max retries exceeded with url: /rpc/Light.Set (Caused by NewConnectionError('<urllib3.connection.HTTPConnection object at 0x7ffeadf4e3d0>: Failed to establish a new connection: [Errno 113] No route to host'))"
2025-11-20 11:00:05,2025-11-20T10:59:57.223000,26.84,537.0,1.3756839256417883,49.49476668984401,13.623691672461003,28.231268466759804,40.663329364076986,11.689648757509708,1.6,-1484.5440465182826,True,"blue_error:RPC错误: HTTPConnectionPool(host='192.168.0.63', port=80): Max retries exceeded with url: /rpc/Light.Set (Caused by NewConnectionError('<urllib3.connection.HTTPConnection object at 0x7ffeadf17650>: Failed to establish a new connection: [Errno 113] No route to host'))"
2025-11-20 11:15:05,2025-11-20T11:15:00.200000,26.87,532.0,1.006194216835188,19.0,4.0,26.407590477452526,16.55682351251732,4.874802967888689,1.6,-1437.8102533624995,True,"blue_error:RPC错误: HTTPConnectionPool(host='192.168.0.63', port=80): Max retries exceeded with url: /rpc/Light.Set (Caused by NewConnectionError('<urllib3.connection.HTTPConnection object at 0x7ffeadf16e50>: Failed to establish a new connection: [Errno 113] No route to host'))"
2025-11-20 11:30:05,2025-11-20T11:29:57.379000,26.25,531.0,1.2422943589138846,34.725375489346206,9.241791829782068,27.57290204667572,29.15564117157544,9.193773431639128,1.6,-1533.604235622958,True,"blue_error:RPC错误: HTTPConnectionPool(host='192.168.0.63', port=80): Max retries exceeded with url: /rpc/Light.Set (Caused by NewConnectionError('<urllib3.connection.HTTPConnection object at 0x7ffeadf162d0>: Failed to establish a new connection: [Errno 113] No route to host'))"
2025-11-20 11:45:05,2025-11-20T11:45:00.272000,26.25,530.0,1.4416523954843066,57.1107329374112,15.63321988122336,28.55686683546309,46.447126845529645,12.836152170500105,1.6,-1454.8930283695993,True,"blue_error:RPC错误: HTTPConnectionPool(host='192.168.0.63', port=80): Max retries exceeded with url: /rpc/Light.Set (Caused by NewConnectionError('<urllib3.connection.HTTPConnection object at 0x7ffeadf39b10>: Failed to establish a new connection: [Errno 113] No route to host'))"
2025-11-20 12:00:05,2025-11-20T11:59:57.591000,26.74,526.0,0.8725239478011151,19.0,4.0,25.747838604390704,16.55682351251732,2.8552897673238036,1.6,-1440.693698162739,True,"blue_error:RPC错误: HTTPConnectionPool(host='192.168.0.63', port=80): Max retries exceeded with url: /rpc/Light.Set (Caused by NewConnectionError('<urllib3.connection.HTTPConnection object at 0x7ffeadee74d0>: Failed to establish a new connection: [Errno 113] No route to host'))"
2025-11-20 12:15:05,2025-11-20T12:14:54.857000,26.37,524.0,1.1973972900286056,31.502925764008065,8.167641921336022,27.35130508643845,26.57388682602594,8.336223667002148,1.6,-1390.9095449428362,True,"blue_error:RPC错误: HTTPConnectionPool(host='192.168.0.63', port=80): Max retries exceeded with url: /rpc/Light.Set (Caused by NewConnectionError('<urllib3.connection.HTTPConnection object at 0x7ffeadefcb90>: Failed to establish a new connection: [Errno 113] No route to host'))"
2025-11-20 12:30:05,2025-11-20T12:29:57.801000,26.37,524.0,1.2725947269471285,36.90015916834014,9.966719722780047,27.722454559054512,30.898029010778593,9.77188320404914,1.6,-1356.870087780905,True,"blue_error:RPC错误: HTTPConnectionPool(host='192.168.0.63', port=80): Max retries exceeded with url: /rpc/Light.Set (Caused by NewConnectionError('<urllib3.connection.HTTPConnection object at 0x7ffeadf14850>: Failed to establish a new connection: [Errno 113] No route to host'))"
2025-11-20 12:45:05,2025-11-20T12:44:55.065000,26.44,523.0,1.2989479029486133,40.151560203334064,10.94546806100022,27.85252504783071,33.43985451407787,10.271481233590155,1.6,-1691.5467375609662,True,"blue_error:RPC错误: HTTPConnectionPool(host='192.168.0.63', port=80): Max retries exceeded with url: /rpc/Light.Set (Caused by NewConnectionError('<urllib3.connection.HTTPConnection object at 0x7ffeadf4f850>: Failed to establish a new connection: [Errno 113] No route to host'))"
2025-11-20 13:00:05,2025-11-20T12:59:57.943000,26.62,521.0,1.1376945424790463,27.252623868055167,6.750874622685056,27.056632233549088,23.168640406356126,7.20909205821169,1.6,-1454.700753134569,True,"blue_error:RPC错误: HTTPConnectionPool(host='192.168.0.63', port=80): Max retries exceeded with url: /rpc/Light.Set (Caused by NewConnectionError('<urllib3.connection.HTTPConnection object at 0x7ffeadf2db50>: Failed to establish a new connection: [Errno 113] No route to host'))"
2025-11-20 13:15:05,2025-11-20T13:14:55.207000,26.51,520.0,1.2153244453724212,32.7896324076285,8.596544135876167,27.439787547065038,27.60476729019389,8.678272366752545,1.6,-1373.7462589697373,True,"blue_error:RPC错误: HTTPConnectionPool(host='192.168.0.63', port=80): Max retries exceeded with url: /rpc/Light.Set (Caused by NewConnectionError('<urllib3.connection.HTTPConnection object at 0x7ffeadf3f450>: Failed to establish a new connection: [Errno 113] No route to host'))"
2025-11-20 13:30:05,2025-11-20T13:29:58.093000,26.48,517.0,1.2486472655694565,35.181350073336446,9.393783357778815,27.604257875430218,29.520957767338125,9.31516717845629,1.6,-1524.8829051668645,True,"blue_error:RPC错误: HTTPConnectionPool(host='192.168.0.63', port=80): Max retries exceeded with url: /rpc/Light.Set (Caused by NewConnectionError('<urllib3.connection.HTTPConnection object at 0x7ffeadf26f50>: Failed to establish a new connection: [Errno 113] No route to host'))"
2025-11-20 13:45:05,2025-11-20T13:44:55.444000,26.55,517.0,1.2219582392611785,33.26576743883507,8.755255812945023,27.472529741535357,27.9862359834741,8.805027444099757,1.6,-1421.3604922954141,True,"blue_error:RPC错误: HTTPConnectionPool(host='192.168.0.63', port=80): Max retries exceeded with url: /rpc/Light.Set (Caused by NewConnectionError('<urllib3.connection.HTTPConnection object at 0x7ffeadefdb50>: Failed to establish a new connection: [Errno 113] No route to host'))"
2025-11-20 14:00:05,2025-11-20T13:59:58.263000,26.49,515.0,1.609392251219512,84.09753195595835,24.639012782383336,29.38477482733084,68.07446905019576,15.247248838692425,1.6,-1505.2658008100664,True,"blue_error:RPC错误: HTTPConnectionPool(host='192.168.0.63', port=80): Max retries exceeded with url: /rpc/Light.Set (Caused by NewConnectionError('<urllib3.connection.HTTPConnection object at 0x7ffeadf3acd0>: Failed to establish a new connection: [Errno 113] No route to host'))"
2025-11-20 14:15:05,2025-11-20T14:14:55.580000,27.5,515.0,1.3843995064326937,50.418466820853396,13.854616705213349,28.27428566716774,41.35712417581214,11.845740288589788,1.6,-1595.0935972836205,True,"blue_error:RPC错误: HTTPConnectionPool(host='192.168.0.63', port=80): Max retries exceeded with url: /rpc/Light.Set (Caused by NewConnectionError('<urllib3.connection.HTTPConnection object at 0x7ffeadf25c90>: Failed to establish a new connection: [Errno 113] No route to host'))"
2025-11-20 14:30:05,2025-11-20T14:29:58.478000,27.5,512.0,1.0462475330440806,20.98121567427273,4.660405224757577,26.60528028972049,18.14412901376534,5.556233159662817,1.6,-1564.8393795306529,True,"blue_error:RPC错误: HTTPConnectionPool(host='192.168.0.63', port=80): Max retries exceeded with url: /rpc/Light.Set (Caused by NewConnectionError('<urllib3.connection.HTTPConnection object at 0x7ffeadf26190>: Failed to establish a new connection: [Errno 113] No route to host'))"
2025-11-20 14:45:05,2025-11-20T14:44:55.755000,26.94,511.0,1.2769375086261305,37.317981045601485,10.095394313680446,27.743889081239022,31.226409532996666,9.854479179383906,1.6,-1720.4624826287863,True,"blue_error:RPC错误: HTTPConnectionPool(host='192.168.0.63', port=80): Max retries exceeded with url: /rpc/Light.Set (Caused by NewConnectionError('<urllib3.connection.HTTPConnection object at 0x7ffeb1294c10>: Failed to establish a new connection: [Errno 113] No route to host'))"
2025-11-20 15:00:05,2025-11-20T14:59:58.708000,26.76,511.0,1.748326078201758,95.0,28.0,30.07050586719146,76.64513905509547,16.499952210046594,1.6,-1497.68352222838,True,"blue_error:RPC错误: HTTPConnectionPool(host='192.168.0.63', port=80): Max retries exceeded with url: /rpc/Light.Set (Caused by NewConnectionError('<urllib3.connection.HTTPConnection object at 0x7ffeadefff10>: Failed to establish a new connection: [Errno 113] No route to host'))"
2025-11-20 15:15:05,2025-11-20T15:14:55.951000,27.97,510.0,0.6123045252389552,19.0,4.0,24.463482309733376,16.55682351251732,0.25764127576665885,1.6,-1442.5159051853395,True,"blue_error:RPC错误: HTTPConnectionPool(host='192.168.0.63', port=80): Max retries exceeded with url: /rpc/Light.Set (Caused by NewConnectionError('<urllib3.connection.HTTPConnection object at 0x7ffeadf15e50>: Failed to establish a new connection: [Errno 113] No route to host'))"
2025-11-20 15:30:05,2025-11-20T15:29:58.863000,27.03,506.0,1.4849531489309704,63.660635710328904,17.598190713098674,28.77058491501706,51.563570965229374,13.536807597405087,1.6,-1592.8578599409764,True,"blue_error:RPC错误: HTTPConnectionPool(host='192.168.0.63', port=80): Max retries exceeded with url: /rpc/Light.Set (Caused by NewConnectionError('<urllib3.connection.HTTPConnection object at 0x7ffeadf3ff50>: Failed to establish a new connection: [Errno 113] No route to host'))"
2025-11-20 15:45:05,2025-11-20T15:44:56.133000,27.5,507.0,1.077361492778251,23.115001603671143,5.3716672012237145,26.75884841942745,19.853670376778744,6.1052166376027195,1.6,-1429.2712861995265,True,"blue_error:RPC错误: HTTPConnectionPool(host='192.168.0.63', port=80): Max retries exceeded with url: /rpc/Light.Set (Caused by NewConnectionError('<urllib3.connection.HTTPConnection object at 0x7ffeadefe4d0>: Failed to establish a new connection: [Errno 113] No route to host'))"
2025-11-20 16:00:05,2025-11-20T15:59:58.923000,27.0,508.0,1.4066479974451076,52.776420301632584,14.444105075408146,28.384096799623062,43.1281923356594,12.238245284309572,1.6,-1441.1265012760718,True,"blue_error:RPC错误: HTTPConnectionPool(host='192.168.0.63', port=80): Max retries exceeded with url: /rpc/Light.Set (Caused by NewConnectionError('<urllib3.connection.HTTPConnection object at 0x7ffeb1291910>: Failed to establish a new connection: [Errno 113] No route to host'))"
2025-11-20 16:15:05,2025-11-20T16:14:50.673000,27.25,505.0,1.0971413911539638,24.47150103992496,5.823833679974986,26.856475401827126,20.940467258898057,6.461974940517769,1.6,-1378.6906912441239,True,"blue_error:RPC错误: HTTPConnectionPool(host='192.168.0.63', port=80): Max retries exceeded with url: /rpc/Light.Set (Caused by NewConnectionError('<urllib3.connection.HTTPConnection object at 0x7ffeb12b8290>: Failed to establish a new connection: [Errno 113] No route to host'))"
2025-11-20 16:30:05,2025-11-20T16:29:59.160000,26.72,505.0,1.2422118453284043,34.719453145472336,9.239817715157445,27.57249478713351,29.150896322676175,9.192196382434165,1.6,-1409.754562121413,True,"blue_error:RPC错误: HTTPConnectionPool(host='192.168.0.63', port=80): Max retries exceeded with url: /rpc/Light.Set (Caused by NewConnectionError('<urllib3.connection.HTTPConnection object at 0x7ffeadf4e950>: Failed to establish a new connection: [Errno 113] No route to host'))"
2025-11-20 16:45:05,2025-11-20T16:44:56.368000,26.93,506.0,1.6451978920386068,90.93693723187852,26.781081169563553,29.56149953034281,73.47128528525307,15.641517874790472,1.6,-1475.9711990236133,True,"blue_error:RPC错误: HTTPConnectionPool(host='192.168.0.63', port=80): Max retries exceeded with url: /rpc/Light.Set (Caused by NewConnectionError('<urllib3.connection.HTTPConnection object at 0x7ffeb12b8410>: Failed to establish a new connection: [Errno 113] No route to host'))"
2025-11-20 17:00:05,2025-11-20T16:59:59.287000,27.97,505.0,1.4048553997602902,52.58643609334657,14.396609023336643,28.375249135226554,42.98549444746443,12.206956374933934,1.6,-1570.0933643428018,True,"blue_error:RPC错误: HTTPConnectionPool(host='192.168.0.63', port=80): Max retries exceeded with url: /rpc/Light.Set (Caused by NewConnectionError('<urllib3.connection.HTTPConnection object at 0x7ffeb0a10250>: Failed to establish a new connection: [Errno 113] No route to host'))"
2025-11-20 17:15:05,2025-11-20T17:14:56.487000,27.87,505.0,1.07843837663421,23.188853972160196,5.396284657386731,26.764163559033086,19.9128392357299,6.124493371245741,1.6,-1490.4738401042541,True,"blue_error:RPC错误: HTTPConnectionPool(host='192.168.0.63', port=80): Max retries exceeded with url: /rpc/Light.Set (Caused by NewConnectionError('<urllib3.connection.HTTPConnection object at 0x7ffeadf4e750>: Failed to establish a new connection: [Errno 113] No route to host'))"
2025-11-20 17:30:05,2025-11-20T17:29:59.358000,27.25,506.0,1.3892307121060394,50.930490680245455,13.982622670061364,28.29813088731407,41.741707316168124,11.931719319672018,1.6,-1418.7370278543453,True,"blue_error:RPC错误: HTTPConnectionPool(host='192.168.0.63', port=80): Max retries exceeded with url: /rpc/Light.Set (Caused by NewConnectionError('<urllib3.connection.HTTPConnection object at 0x7ffeadf2d210>: Failed to establish a new connection: [Errno 113] No route to host'))"
2025-11-20 17:45:05,2025-11-20T17:44:56.674000,27.37,506.0,1.2786796761736996,37.5422646081648,10.16267938244944,27.75248783929496,31.401608212214803,9.887588157579907,1.6,-1343.9891086437276,True,"blue_error:RPC错误: HTTPConnectionPool(host='192.168.0.63', port=80): Max retries exceeded with url: /rpc/Light.Set (Caused by NewConnectionError('<urllib3.connection.HTTPConnection object at 0x7ffeadefdfd0>: Failed to establish a new connection: [Errno 113] No route to host'))"
2025-11-20 18:00:05,2025-11-20T17:59:59.573000,27.25,507.0,1.0785016008347437,23.193189868672523,5.3977299562241745,26.76447561260361,19.916313058633804,6.125625657096126,1.6,-1513.732017345455,True,"blue_error:RPC错误: HTTPConnectionPool(host='192.168.0.63', port=80): Max retries exceeded with url: /rpc/Light.Set (Caused by NewConnectionError('<urllib3.connection.HTTPConnection object at 0x7ffeadf2f910>: Failed to establish a new connection: [Errno 113] No route to host'))"
2025-11-20 18:15:05,2025-11-20T18:14:51.218000,26.87,507.0,1.364420419484391,48.301030740075824,13.325257685018956,28.175675556396975,39.766709583774606,11.48615043488038,1.6,-1446.2214927518144,True,"blue_error:RPC错误: HTTPConnectionPool(host='192.168.0.63', port=80): Max retries exceeded with url: /rpc/Light.Set (Caused by NewConnectionError('<urllib3.connection.HTTPConnection object at 0x7ffeadee5850>: Failed to establish a new connection: [Errno 113] No route to host'))"
2025-11-20 18:30:05,2025-11-20T18:29:59.768000,27.06,506.0,1.5147914241601992,68.14123672786191,18.94237101835857,28.91785669140886,55.06358394613433,13.990808303996324,1.6,-1514.9616417198342,True,"blue_error:RPC错误: HTTPConnectionPool(host='192.168.0.63', port=80): Max retries exceeded with url: /rpc/Light.Set (Caused by NewConnectionError('<urllib3.connection.HTTPConnection object at 0x7ffeadf4d710>: Failed to establish a new connection: [Errno 113] No route to host'))"
2025-11-20 18:45:05,2025-11-20T18:44:56.999000,27.55,505.0,1.0824481335093892,23.463841883492137,5.4879472944973795,26.783954381839372,20.13315337421668,6.196422343097359,1.6,-1482.6740975283967,True,"blue_error:RPC错误: HTTPConnectionPool(host='192.168.0.63', port=80): Max retries exceeded with url: /rpc/Light.Set (Caused by NewConnectionError('<urllib3.connection.HTTPConnection object at 0x7ffeadf3f3d0>: Failed to establish a new connection: [Errno 113] No route to host'))"
2025-11-20 19:00:05,2025-11-20T18:59:59.857000,27.03,505.0,1.2478475689494222,35.123952514485374,9.374650838161791,27.60031083958776,29.474972132303233,9.29988964410258,1.6,-1447.8655701754867,True,"blue_error:RPC错误: HTTPConnectionPool(host='192.168.0.63', port=80): Max retries exceeded with url: /rpc/Light.Set (Caused by NewConnectionError('<urllib3.connection.HTTPConnection object at 0x7ffeadf38410>: Failed to establish a new connection: [Errno 113] No route to host'))"
2025-11-20 19:15:05,2025-11-20T19:14:57.135000,27.06,504.0,1.4123701753866031,53.3828717408452,14.5957179352113,28.41233956177335,43.58370040366763,12.337708141143139,1.6,-1593.8840666461458,True,"blue_error:RPC错误: HTTPConnectionPool(host='192.168.0.63', port=80): Max retries exceeded with url: /rpc/Light.Set (Caused by NewConnectionError('<urllib3.connection.HTTPConnection object at 0x7ffeadf24610>: Failed to establish a new connection: [Errno 113] No route to host'))"
2025-11-20 19:30:05,2025-11-20T19:30:00.017000,27.44,504.0,1.2421926760356459,34.71807728545033,9.23935909515011,27.57240017389682,29.149794014527583,9.191830006349136,1.6,-1361.8414988212207,True,"blue_error:RPC错误: HTTPConnectionPool(host='192.168.0.63', port=80): Max retries exceeded with url: /rpc/Light.Set (Caused by NewConnectionError('<urllib3.connection.HTTPConnection object at 0x7ffeadf3ddd0>: Failed to establish a new connection: [Errno 113] No route to host'))"
2025-11-20 19:45:05,2025-11-20T19:44:57.253000,27.03,506.0,1.2970657647229764,39.909257063735666,10.872777119120698,27.843235441183708,33.25057987645897,10.235945681160503,1.6,-1362.468416340592,True,"blue_error:RPC错误: HTTPConnectionPool(host='192.168.0.63', port=80): Max retries exceeded with url: /rpc/Light.Set (Caused by NewConnectionError('<urllib3.connection.HTTPConnection object at 0x7ffeadf25d10>: Failed to establish a new connection: [Errno 113] No route to host'))"
2025-11-20 20:00:05,2025-11-20T20:00:00.093000,27.01,507.0,1.3185504843819933,42.67516179690678,11.702548539072033,27.94927685293273,35.411161109236424,10.639893820125266,1.6,-1456.4095482188097,True,"blue_error:RPC错误: HTTPConnectionPool(host='192.168.0.63', port=80): Max retries exceeded with url: /rpc/Light.Set (Caused by NewConnectionError('<urllib3.connection.HTTPConnection object at 0x7ffeadf3d110>: Failed to establish a new connection: [Errno 113] No route to host'))"
2025-11-20 20:15:05,2025-11-20T20:14:57.422000,27.25,506.0,1.275237869104891,37.09917246577865,10.029751739733594,27.73550022733927,31.05548762615504,9.822164037076702,1.6,-1394.5978802103396,True,"blue_error:RPC错误: HTTPConnectionPool(host='192.168.0.63', port=80): Max retries exceeded with url: /rpc/Light.Set (Caused by NewConnectionError('<urllib3.connection.HTTPConnection object at 0x7ffeadf39f90>: Failed to establish a new connection: [Errno 113] No route to host'))"
2025-11-20 20:30:05,2025-11-20T20:30:00.306000,27.0,506.0,1.1917757881577062,31.099447149264755,8.033149049754918,27.323559227800274,26.25062882179423,8.229185087050755,1.6,-1344.0029812951568,True,"blue_error:RPC错误: HTTPConnectionPool(host='192.168.0.63', port=80): Max retries exceeded with url: /rpc/Light.Set (Caused by NewConnectionError('<urllib3.connection.HTTPConnection object at 0x7ffeadf3c650>: Failed to establish a new connection: [Errno 113] No route to host'))"
2025-11-20 20:45:05,2025-11-20T20:44:57.557000,26.74,506.0,1.4268856929155294,54.921264392443256,14.980316098110814,28.48398331582108,44.73919319213772,12.587070243914031,1.6,-1601.1280377025867,True,"blue_error:RPC错误: HTTPConnectionPool(host='192.168.0.63', port=80): Max retries exceeded with url: /rpc/Light.Set (Caused by NewConnectionError('<urllib3.connection.HTTPConnection object at 0x7ffeadf17610>: Failed to establish a new connection: [Errno 113] No route to host'))"
2025-11-20 21:00:05,2025-11-20T21:00:00.426000,27.06,506.0,1.129478514084219,26.68917113062789,6.56305704354263,27.016080657182957,22.717214727957998,7.056230749937802,1.6,-1391.3042191655493,True,"blue_error:RPC错误: HTTPConnectionPool(host='192.168.0.63', port=80): Max retries exceeded with url: /rpc/Light.Set (Caused by NewConnectionError('<urllib3.connection.HTTPConnection object at 0x7ffeadf2f910>: Failed to establish a new connection: [Errno 113] No route to host'))"
2025-11-20 21:15:05,2025-11-20T21:14:57.685000,26.75,505.0,1.3167297207273716,42.4407599108114,11.63222797324342,27.940290170701743,35.22805852079526,10.605816191371352,1.6,-1513.471898826707,True,"blue_error:RPC错误: HTTPConnectionPool(host='192.168.0.63', port=80): Max retries exceeded with url: /rpc/Light.Set (Caused by NewConnectionError('<urllib3.connection.HTTPConnection object at 0x7ffeadf15150>: Failed to establish a new connection: [Errno 113] No route to host'))"
2025-11-20 21:30:05,2025-11-20T21:29:54.922000,26.97,505.0,1.2254667564904427,33.517588340789175,8.83919611359639,27.48984661259729,28.18798923436523,8.872088457893952,1.6,-1455.1977611280997,True,"blue_error:RPC错误: HTTPConnectionPool(host='192.168.0.63', port=80): Max retries exceeded with url: /rpc/Light.Set (Caused by NewConnectionError('<urllib3.connection.HTTPConnection object at 0x7ffeadee73d0>: Failed to establish a new connection: [Errno 113] No route to host'))"
2025-11-20 21:45:05,2025-11-20T21:44:57.798000,26.74,505.0,1.3921614012434598,51.24109280821927,14.060273202054818,28.312595791602416,41.975001799591716,11.983679374209133,1.6,-1367.5935984751493,True,"blue_error:RPC错误: HTTPConnectionPool(host='192.168.0.63', port=80): Max retries exceeded with url: /rpc/Light.Set (Caused by NewConnectionError('<urllib3.connection.HTTPConnection object at 0x7ffeadf2d350>: Failed to establish a new connection: [Errno 113] No route to host'))"
2025-11-20 22:00:05,2025-11-20T21:59:55.021000,27.01,505.0,1.1807796101348862,30.310205630181443,7.770068543393815,27.269285759964077,25.618306242621138,8.020220671840445,1.6,-1428.8856103234145,True,"blue_error:RPC错误: HTTPConnectionPool(host='192.168.0.63', port=80): Max retries exceeded with url: /rpc/Light.Set (Caused by NewConnectionError('<urllib3.connection.HTTPConnection object at 0x7ffeadf29050>: Failed to establish a new connection: [Errno 113] No route to host'))"
2025-11-20 22:15:05,2025-11-20T22:14:57.955000,26.73,504.0,1.3101190226846198,41.58971036042369,11.376913108127106,27.907661969625558,34.56326277975639,10.481833594482485,1.6,-1451.9298810060732,True,"blue_error:RPC错误: HTTPConnectionPool(host='192.168.0.63', port=80): Max retries exceeded with url: /rpc/Light.Set (Caused by NewConnectionError('<urllib3.connection.HTTPConnection object at 0x7ffeadf25bd0>: Failed to establish a new connection: [Errno 113] No route to host'))"
2025-11-20 22:30:05,2025-11-20T22:29:55.208000,26.75,504.0,0.9786748183607209,19.0,4.0,26.271763903448726,16.55682351251732,4.425214829250838,1.6,-1491.6582599062428,True,"blue_error:RPC错误: HTTPConnectionPool(host='192.168.0.63', port=80): Max retries exceeded with url: /rpc/Light.Set (Caused by NewConnectionError('<urllib3.connection.HTTPConnection object at 0x7ffeadf33950>: Failed to establish a new connection: [Errno 113] No route to host'))"
2025-11-20 22:45:05,2025-11-20T22:44:58.096000,26.47,504.0,1.5456019405033945,72.75349929721142,20.326049789163427,29.06992712572693,58.66644409835418,14.432091869903243,1.6,-1363.813304626055,True,"blue_error:RPC错误: HTTPConnectionPool(host='192.168.0.63', port=80): Max retries exceeded with url: /rpc/Light.Set (Caused by NewConnectionError('<urllib3.connection.HTTPConnection object at 0x7ffeadf14950>: Failed to establish a new connection: [Errno 113] No route to host'))"
2025-11-20 23:00:05,2025-11-20T22:59:55.393000,27.25,504.0,1.1202342469254245,26.05520209037833,6.351734030126111,26.970454037163634,22.209292971494786,6.885090562412065,1.6,-1567.2386108980338,True,"blue_error:RPC错误: HTTPConnectionPool(host='192.168.0.63', port=80): Max retries exceeded with url: /rpc/Light.Set (Caused by NewConnectionError('<urllib3.connection.HTTPConnection object at 0x7ffeadf27050>: Failed to establish a new connection: [Errno 113] No route to host'))"
2025-11-20 23:15:05,2025-11-20T23:14:58.327000,26.72,505.0,1.0420849072082587,20.695744055947266,4.565248018649088,26.58473495670153,17.915415564693458,5.4840246656626945,1.6,-1570.537645896974,True,"blue_error:RPC错误: HTTPConnectionPool(host='192.168.0.63', port=80): Max retries exceeded with url: /rpc/Light.Set (Caused by NewConnectionError('<urllib3.connection.HTTPConnection object at 0x7ffeadf247d0>: Failed to establish a new connection: [Errno 113] No route to host'))"
2025-11-20 23:30:05,2025-11-20T23:29:55.546000,26.25,504.0,1.0757950660099984,23.00757653061431,5.335858843538103,26.751117059254117,19.767603820951763,6.077208172133162,1.6,-1611.2716332360953,True,"blue_error:RPC错误: HTTPConnectionPool(host='192.168.0.63', port=80): Max retries exceeded with url: /rpc/Light.Set (Caused by NewConnectionError('<urllib3.connection.HTTPConnection object at 0x7ffeadf3c890>: Failed to establish a new connection: [Errno 113] No route to host'))"
2025-11-20 23:45:05,2025-11-20T23:44:58.439000,26.25,501.0,1.2017547162453295,31.815676401497164,8.271892133832388,27.372811889177655,26.82445561258044,8.419275471376583,1.6,-1595.9264019101279,True,"blue_error:RPC错误: HTTPConnectionPool(host='192.168.0.63', port=80): Max retries exceeded with url: /rpc/Light.Set (Caused by NewConnectionError('<urllib3.connection.HTTPConnection object at 0x7ffeadf3f190>: Failed to establish a new connection: [Errno 113] No route to host'))"
2025-11-21 00:00:05,2025-11-20T23:59:55.761000,26.25,503.0,1.2394886884179246,34.52400082628752,9.17466694209584,27.559054192711784,28.99430431429343,9.140146039115272,1.6,-1489.6356799676996,True,"blue_error:RPC错误: HTTPConnectionPool(host='192.168.0.63', port=80): Max retries exceeded with url: /rpc/Light.Set (Caused by NewConnectionError('<urllib3.connection.HTTPConnection object at 0x7ffeb1291450>: Failed to establish a new connection: [Errno 113] No route to host'))"
2025-11-21 00:15:05,2025-11-21T00:14:58.646000,26.25,505.0,1.4125585807033194,53.40283943088317,14.600709857720792,28.413269467589334,43.598698214413346,12.34097210642189,1.6,-1522.0957724978448,True,"blue_error:RPC错误: HTTPConnectionPool(host='192.168.0.63', port=80): Max retries exceeded with url: /rpc/Light.Set (Caused by NewConnectionError('<urllib3.connection.HTTPConnection object at 0x7ffeadf4fd50>: Failed to establish a new connection: [Errno 113] No route to host'))"
2025-11-21 00:30:05,2025-11-21T00:29:55.901000,26.55,505.0,1.500271919896432,65.96770074114437,18.29031022234331,28.84619326016741,53.36573043536491,13.773021592017848,1.6,-1583.769598943286,True,"blue_error:RPC错误: HTTPConnectionPool(host='192.168.0.63', port=80): Max retries exceeded with url: /rpc/Light.Set (Caused by NewConnectionError('<urllib3.connection.HTTPConnection object at 0x7ffeb12ae2d0>: Failed to establish a new connection: [Errno 113] No route to host'))"
2025-11-21 00:45:05,2025-11-21T00:44:58.763000,27.12,504.0,1.3029606140851409,40.6681495236286,11.10044485708858,27.87233045188586,33.84338728116706,10.347154712760055,1.6,-1598.467121583917,True,"blue_error:RPC错误: HTTPConnectionPool(host='192.168.0.63', port=80): Max retries exceeded with url: /rpc/Light.Set (Caused by NewConnectionError('<urllib3.connection.HTTPConnection object at 0x7ffeadee7090>: Failed to establish a new connection: [Errno 113] No route to host'))"
2025-11-21 09:00:05,2025-11-21T08:28:10.477000,21.87,528.0,1.0883628496874784,23.869471326514507,5.6231571088381695,26.81314744851996,20.45813457375919,6.302953108175737,1.6,-1458.6750328822754,True,"red_error:RPC错误: HTTPConnectionPool(host='192.168.0.46', port=80): Max retries exceeded with url: /rpc/Light.Set (Caused by ConnectTimeoutError(<urllib3.connection.HTTPConnection object at 0x7ffeadf2c710>, 'Connection to 192.168.0.46 timed out. (connect timeout=5)'))|blue_error:RPC错误: HTTPConnectionPool(host='192.168.0.63', port=80): Max retries exceeded with url: /rpc/Light.Set (Caused by NewConnectionError('<urllib3.connection.HTTPConnection object at 0x7ffebe628550>: Failed to establish a new connection: [Errno 113] No route to host'))"
2025-11-21 09:15:05,2025-11-21T09:14:58.227000,22.74,526.0,1.2796783117209303,37.67082717870964,10.20124815361289,27.7574167713421,31.50203462019102,9.906559743765122,1.6,-1507.6961164043587,True,"blue_error:RPC错误: HTTPConnectionPool(host='192.168.0.63', port=80): Max retries exceeded with url: /rpc/Light.Set (Caused by NewConnectionError('<urllib3.connection.HTTPConnection object at 0x7ffeadf4e650>: Failed to establish a new connection: [Errno 113] No route to host'))"
2025-11-21 09:30:05,2025-11-21T09:29:55.558000,23.25,522.0,1.1680067727994699,29.393445868681805,7.464481956227269,27.2062432942217,24.88381891161142,7.778333409421141,1.6,-1572.952837012773,True,"blue_error:RPC错误: HTTPConnectionPool(host='192.168.0.63', port=80): Max retries exceeded with url: /rpc/Light.Set (Caused by NewConnectionError('<urllib3.connection.HTTPConnection object at 0x7ffeadf2e5d0>: Failed to establish a new connection: [Errno 113] No route to host'))"
2025-11-21 09:45:05,2025-11-21T09:44:58.562000,23.37,522.0,1.2239923346541448,33.411762941506396,8.803920980502133,27.48256935808729,28.10320430123826,8.84390529362362,1.6,-1442.4930117338918,True,"blue_error:RPC错误: HTTPConnectionPool(host='192.168.0.63', port=80): Max retries exceeded with url: /rpc/Light.Set (Caused by NewConnectionError('<urllib3.connection.HTTPConnection object at 0x7ffeadf26950>: Failed to establish a new connection: [Errno 113] No route to host'))"
2025-11-21 10:00:05,2025-11-21T09:59:55.910000,23.52,520.0,1.4699568515237764,61.39221582955553,16.91766474886666,28.696568191815384,49.791599080702795,13.299463667393415,1.6,-1452.2540467515262,True,"blue_error:RPC错误: HTTPConnectionPool(host='192.168.0.63', port=80): Max retries exceeded with url: /rpc/Light.Set (Caused by NewConnectionError('<urllib3.connection.HTTPConnection object at 0x7ffeadf27f10>: Failed to establish a new connection: [Errno 113] No route to host'))"
2025-11-21 10:15:05,2025-11-21T10:14:58.846000,24.25,518.0,1.2018822291879783,31.82482853675271,8.274942845584237,27.373441250540957,26.83178809779542,8.421706828763915,1.6,-1593.779977937147,True,"blue_error:RPC错误: HTTPConnectionPool(host='192.168.0.63', port=80): Max retries exceeded with url: /rpc/Light.Set (Caused by NewConnectionError('<urllib3.connection.HTTPConnection object at 0x7ffeadf38c50>: Failed to establish a new connection: [Errno 113] No route to host'))"
2025-11-21 10:30:05,2025-11-21T10:29:56.066000,23.97,516.0,1.341688241108769,45.65387559262958,12.596162677788875,28.063477104411596,37.73797773732591,11.069951733346088,1.6,-1405.9147928878645,True,"blue_error:RPC错误: HTTPConnectionPool(host='192.168.0.63', port=80): Max retries exceeded with url: /rpc/Light.Set (Caused by NewConnectionError('<urllib3.connection.HTTPConnection object at 0x7ffeadf4e350>: Failed to establish a new connection: [Errno 113] No route to host'))"
2025-11-21 10:45:05,2025-11-21T10:44:58.965000,24.19,513.0,1.2812838761200491,37.877524694032815,10.263257408209844,27.765341301810203,31.663495991984902,9.937050499303359,1.6,-1361.8007804471497,True,"blue_error:RPC错误: HTTPConnectionPool(host='192.168.0.63', port=80): Max retries exceeded with url: /rpc/Light.Set (Caused by NewConnectionError('<urllib3.connection.HTTPConnection object at 0x7ffeadf275d0>: Failed to establish a new connection: [Errno 113] No route to host'))"
2025-11-21 11:00:05,2025-11-21T10:59:56.326000,24.12,515.0,1.0609528899287348,21.989704592923502,4.996568197641167,26.677861027522553,18.95210768529975,5.8137225726615425,1.6,-1507.5497650647346,True,"blue_error:RPC错误: HTTPConnectionPool(host='192.168.0.63', port=80): Max retries exceeded with url: /rpc/Light.Set (Caused by NewConnectionError('<urllib3.connection.HTTPConnection object at 0x7ffeadf175d0>: Failed to establish a new connection: [Errno 113] No route to host'))"
2025-11-21 11:15:05,2025-11-21T11:14:59.259000,23.87,511.0,1.359118062773795,47.739073056963456,13.184768264240864,28.14950489184504,39.34462095146921,11.389699941201822,1.6,-1400.8405611575413,True,"blue_error:RPC错误: HTTPConnectionPool(host='192.168.0.63', port=80): Max retries exceeded with url: /rpc/Light.Set (Caused by NewConnectionError('<urllib3.connection.HTTPConnection object at 0x7ffeade92190>: Failed to establish a new connection: [Errno 113] No route to host'))"
2025-11-21 11:30:05,2025-11-21T11:29:56.514000,24.5,512.0,1.2536093223777374,35.537497567949394,9.512499189316465,27.628748933143793,29.806295141151477,9.409935479531418,1.6,-1534.7484366777553,True,"blue_error:RPC错误: HTTPConnectionPool(host='192.168.0.63', port=80): Max retries exceeded with url: /rpc/Light.Set (Caused by NewConnectionError('<urllib3.connection.HTTPConnection object at 0x7ffeadf39910>: Failed to establish a new connection: [Errno 113] No route to host'))"
2025-11-21 11:45:05,2025-11-21T11:44:59.424000,24.25,511.0,1.2106749135763428,32.45591613547033,8.48530537849011,27.41683900859429,27.337401308018787,8.589478011205113,1.6,-1527.499016370198,True,"blue_error:RPC错误: HTTPConnectionPool(host='192.168.0.63', port=80): Max retries exceeded with url: /rpc/Light.Set (Caused by NewConnectionError('<urllib3.connection.HTTPConnection object at 0x7ffeadf395d0>: Failed to establish a new connection: [Errno 113] No route to host'))"
2025-11-21 12:00:05,2025-11-21T11:59:56.770000,24.12,511.0,1.0742359657225844,22.90065390539308,5.300217968464361,26.74342186014705,19.681939815045975,6.0493678467543885,1.6,-1545.2240047571797,True,"blue_error:RPC错误: HTTPConnectionPool(host='192.168.0.63', port=80): Max retries exceeded with url: /rpc/Light.Set (Caused by NewConnectionError('<urllib3.connection.HTTPConnection object at 0x7ffeadf2cbd0>: Failed to establish a new connection: [Errno 113] No route to host'))"
2025-11-21 12:15:05,2025-11-21T12:14:59.590000,23.99,511.0,1.7590369805529669,95.0,28.0,30.12337130944318,76.64513905509547,16.564621487354678,1.6,-1513.414944664612,True,"blue_error:RPC错误: HTTPConnectionPool(host='192.168.0.63', port=80): Max retries exceeded with url: /rpc/Light.Set (Caused by NewConnectionError('<urllib3.connection.HTTPConnection object at 0x7ffeadf27f90>: Failed to establish a new connection: [Errno 113] No route to host'))"
2025-11-21 12:30:05,2025-11-21T12:29:56.978000,25.25,510.0,1.2823461449721079,38.014279303468754,10.304283791040627,27.770584306630237,31.770321595592854,9.957216078579538,1.6,-1500.1804019556278,True,"blue_error:RPC错误: HTTPConnectionPool(host='192.168.0.63', port=80): Max retries exceeded with url: /rpc/Light.Set (Caused by NewConnectionError('<urllib3.connection.HTTPConnection object at 0x7ffeadee6e90>: Failed to establish a new connection: [Errno 113] No route to host'))"
2025-11-21 12:45:05,2025-11-21T12:44:59.906000,24.94,508.0,1.2517714983082926,35.40558927605321,9.468529758684404,27.619678046394363,29.70061318026961,9.374841591228446,1.6,-1385.72619314233,True,"blue_error:RPC错误: HTTPConnectionPool(host='192.168.0.63', port=80): Max retries exceeded with url: /rpc/Light.Set (Caused by NewConnectionError('<urllib3.connection.HTTPConnection object at 0x7ffeadf2c7d0>: Failed to establish a new connection: [Errno 113] No route to host'))"
2025-11-21 13:00:05,2025-11-21T12:59:57.133000,24.56,510.0,1.4646473983515655,60.589079641678865,16.67672389250366,28.67036250149537,49.16423077185244,13.214043201083673,1.6,-1453.7787107048252,True,"blue_error:RPC错误: HTTPConnectionPool(host='192.168.0.63', port=80): Max retries exceeded with url: /rpc/Light.Set (Caused by NewConnectionError('<urllib3.connection.HTTPConnection object at 0x7ffeb12afb50>: Failed to establish a new connection: [Errno 113] No route to host'))"
2025-11-21 13:15:05,2025-11-21T13:15:00.065000,25.02,505.0,1.4847039652377827,63.62294285667022,17.586882857001065,28.769355027402522,51.534127264132906,13.532912273374414,1.6,-1349.5844993457663,True,"blue_error:RPC错误: HTTPConnectionPool(host='192.168.0.63', port=80): Max retries exceeded with url: /rpc/Light.Set (Caused by NewConnectionError('<urllib3.connection.HTTPConnection object at 0x7ffeadf17790>: Failed to establish a new connection: [Errno 113] No route to host'))"
2025-11-21 13:30:05,2025-11-21T13:29:57.353000,25.38,506.0,1.3207293189313432,42.95566109540771,11.786698328622315,27.96003085369455,35.63027260388777,10.680631402388725,1.6,-1494.4601838465767,True,"blue_error:RPC错误: HTTPConnectionPool(host='192.168.0.63', port=80): Max retries exceeded with url: /rpc/Light.Set (Caused by NewConnectionError('<urllib3.connection.HTTPConnection object at 0x7ffeadee65d0>: Failed to establish a new connection: [Errno 113] No route to host'))"
2025-11-21 13:45:05,2025-11-21T13:45:00.195000,25.01,507.0,1.2669806302027387,36.49721205038446,9.832404016794822,27.694745249651408,30.57519682983602,9.664985315757967,1.6,-1429.8555371320222,True,"blue_error:RPC错误: HTTPConnectionPool(host='192.168.0.63', port=80): Max retries exceeded with url: /rpc/Light.Set (Caused by NewConnectionError('<urllib3.connection.HTTPConnection object at 0x7ffeb1290590>: Failed to establish a new connection: [Errno 113] No route to host'))"
2025-11-21 14:00:05,2025-11-21T13:59:57.505000,25.0,507.0,0.983236161585646,19.0,4.0,26.29427717254041,16.55682351251732,4.498617950828845,1.6,-1340.5988796724573,True,"blue_error:RPC错误: HTTPConnectionPool(host='192.168.0.63', port=80): Max retries exceeded with url: /rpc/Light.Set (Caused by NewConnectionError('<urllib3.connection.HTTPConnection object at 0x7ffeadf20410>: Failed to establish a new connection: [Errno 113] No route to host'))"
2025-11-21 14:15:05,2025-11-21T14:15:00.420000,24.25,506.0,1.3167066650022634,42.43779175762087,11.631337527286261,27.94017637533098,35.22573995356387,10.605384477230617,1.6,-1431.4727980132345,True,"blue_error:RPC错误: HTTPConnectionPool(host='192.168.0.63', port=80): Max retries exceeded with url: /rpc/Light.Set (Caused by NewConnectionError('<urllib3.connection.HTTPConnection object at 0x7ffeadf22190>: Failed to establish a new connection: [Errno 113] No route to host'))"
2025-11-21 14:30:05,2025-11-21T14:29:57.708000,24.62,507.0,1.0632672090341249,22.148419895810385,5.049473298603462,26.68928373487309,19.079266821317123,5.854575891407595,1.6,-1456.9541690246829,True,"blue_error:RPC错误: HTTPConnectionPool(host='192.168.0.63', port=80): Max retries exceeded with url: /rpc/Light.Set (Caused by NewConnectionError('<urllib3.connection.HTTPConnection object at 0x7ffeadf15490>: Failed to establish a new connection: [Errno 113] No route to host'))"
2025-11-21 14:45:05,2025-11-21T14:44:55.087000,24.25,504.0,0.9640012280798853,19.0,4.0,26.199339955009933,16.55682351251732,4.192201532701091,1.6,-1544.430213009241,True,"blue_error:RPC错误: HTTPConnectionPool(host='192.168.0.63', port=80): Max retries exceeded with url: /rpc/Light.Set (Caused by NewConnectionError('<urllib3.connection.HTTPConnection object at 0x7ffeadf14710>: Failed to establish a new connection: [Errno 113] No route to host'))"
2025-11-21 15:00:05,2025-11-21T14:59:57.926000,24.25,505.0,1.2588279913082596,35.91206318390893,9.637354394636308,27.654506542720565,30.106388700127162,9.50954262097519,1.6,-1506.720478012476,True,"blue_error:RPC错误: HTTPConnectionPool(host='192.168.0.63', port=80): Max retries exceeded with url: /rpc/Light.Set (Caused by NewConnectionError('<urllib3.connection.HTTPConnection object at 0x7ffeadf4f110>: Failed to establish a new connection: [Errno 113] No route to host'))"
2025-11-21 15:15:05,2025-11-21T15:14:55.223000,24.5,508.0,1.1390285213170783,27.34410773250145,6.781369244167149,27.063216308253033,23.241935223874833,7.233974545944778,1.6,-1442.1317976963758,True,"blue_error:RPC错误: HTTPConnectionPool(host='192.168.0.63', port=80): Max retries exceeded with url: /rpc/Light.Set (Caused by NewConnectionError('<urllib3.connection.HTTPConnection object at 0x7ffeb1277cd0>: Failed to establish a new connection: [Errno 113] No route to host'))"
2025-11-21 15:30:05,2025-11-21T15:29:58.179000,24.25,505.0,1.4800352013728666,62.91672074848961,17.375016224546883,28.746311565853294,50.98246320469939,13.45962221868047,1.6,-1360.7848512588664,True,"blue_error:RPC错误: HTTPConnectionPool(host='192.168.0.63', port=80): Max retries exceeded with url: /rpc/Light.Set (Caused by NewConnectionError('<urllib3.connection.HTTPConnection object at 0x7ffeb12b9e50>: Failed to establish a new connection: [Errno 113] No route to host'))"
2025-11-21 15:45:05,2025-11-21T15:44:55.506000,25.0,505.0,1.6230862728308988,86.703999527905,25.511199858371498,29.45236395147301,70.1647340316834,15.403636391804906,1.6,-1461.9270762935118,True,"blue_error:RPC错误: HTTPConnectionPool(host='192.168.0.63', port=80): Max retries exceeded with url: /rpc/Light.Set (Caused by NewConnectionError('<urllib3.connection.HTTPConnection object at 0x7ffeadf2ef50>: Failed to establish a new connection: [Errno 113] No route to host'))"
2025-11-21 16:00:05,2025-11-21T15:59:58.391000,25.74,503.0,1.103482574482309,24.906377470869835,5.968792490289944,26.8877733681478,21.288880488293334,6.577492254842804,1.6,-1458.7781458010352,True,"blue_error:RPC错误: HTTPConnectionPool(host='192.168.0.63', port=80): Max retries exceeded with url: /rpc/Light.Set (Caused by NewConnectionError('<urllib3.connection.HTTPConnection object at 0x7ffeadf2acd0>: Failed to establish a new connection: [Errno 113] No route to host'))"
2025-11-21 16:15:05,2025-11-21T16:14:55.609000,25.0,503.0,1.3357734030506332,44.892409823441746,12.367722947032522,28.034283436171748,37.14316019694612,10.960577188520597,1.6,-1634.0561376584844,True,"blue_error:RPC错误: HTTPConnectionPool(host='192.168.0.63', port=80): Max retries exceeded with url: /rpc/Light.Set (Caused by NewConnectionError('<urllib3.connection.HTTPConnection object at 0x7ffeadf2d590>: Failed to establish a new connection: [Errno 113] No route to host'))"
2025-11-21 16:30:05,2025-11-21T16:29:58.592000,25.12,504.0,1.2466821776847479,35.04030752709529,9.34676917569843,27.59455885692718,29.407957647025228,9.27762389696775,1.6,-1395.902042406351,True,"blue_error:RPC错误: HTTPConnectionPool(host='192.168.0.63', port=80): Max retries exceeded with url: /rpc/Light.Set (Caused by NewConnectionError('<urllib3.connection.HTTPConnection object at 0x7ffeadf2d150>: Failed to establish a new connection: [Errno 113] No route to host'))"
2025-11-21 16:45:05,2025-11-21T16:44:55.839000,25.0,503.0,1.006213739798564,19.0,4.0,26.407686836289447,16.55682351251732,4.87512752502362,1.6,-1380.8868440445892,True,"blue_error:RPC错误: HTTPConnectionPool(host='192.168.0.63', port=80): Max retries exceeded with url: /rpc/Light.Set (Caused by NewConnectionError('<urllib3.connection.HTTPConnection object at 0x7ffeadf3b2d0>: Failed to establish a new connection: [Errno 113] No route to host'))"
2025-11-21 17:00:05,2025-11-21T16:59:58.738000,24.52,503.0,1.3209838556039966,42.98842969554917,11.796528908664753,27.961287161830683,35.655869733695226,10.685387448387608,1.6,-1444.004783897294,True,"blue_error:RPC错误: HTTPConnectionPool(host='192.168.0.63', port=80): Max retries exceeded with url: /rpc/Light.Set (Caused by NewConnectionError('<urllib3.connection.HTTPConnection object at 0x7ffeadf3c0d0>: Failed to establish a new connection: [Errno 113] No route to host'))"
2025-11-21 17:15:05,2025-11-21T17:14:56.071000,24.72,505.0,1.1036846094855102,24.92023297016211,5.973410990054038,26.888770545551193,21.299981203139662,6.581181364327744,1.6,-1457.9562237911016,True,"blue_error:RPC错误: HTTPConnectionPool(host='192.168.0.63', port=80): Max retries exceeded with url: /rpc/Light.Set (Caused by NewConnectionError('<urllib3.connection.HTTPConnection object at 0x7ffeade92290>: Failed to establish a new connection: [Errno 113] No route to host'))"
2025-11-21 17:30:05,2025-11-21T17:29:59.028000,24.56,507.0,1.2016971316333256,31.811543313931704,8.270514437977234,27.372527670735487,26.82114427564979,8.41817749232424,1.6,-1447.9915060396197,True,"blue_error:RPC错误: HTTPConnectionPool(host='192.168.0.63', port=80): Max retries exceeded with url: /rpc/Light.Set (Caused by NewConnectionError('<urllib3.connection.HTTPConnection object at 0x7ffeb1295490>: Failed to establish a new connection: [Errno 113] No route to host'))"
2025-11-21 17:45:05,2025-11-21T17:44:56.238000,24.72,506.0,1.3119333765552563,41.823287062288394,11.44698611868652,27.916617015300258,34.74572077710193,10.515900409293616,1.6,-1410.5946353863685,True,"blue_error:RPC错误: HTTPConnectionPool(host='192.168.0.63', port=80): Max retries exceeded with url: /rpc/Light.Set (Caused by NewConnectionError('<urllib3.connection.HTTPConnection object at 0x7ffeadf21450>: Failed to establish a new connection: [Errno 113] No route to host'))"
2025-11-21 18:00:05,2025-11-21T17:59:59.203000,24.74,506.0,1.1079209643832506,25.210760905210158,6.070253635070053,26.909679780633425,21.53274565960767,6.658656055243547,1.6,-1402.9655882660809,True,"blue_error:RPC错误: HTTPConnectionPool(host='192.168.0.63', port=80): Max retries exceeded with url: /rpc/Light.Set (Caused by NewConnectionError('<urllib3.connection.HTTPConnection object at 0x7ffeadf14710>: Failed to establish a new connection: [Errno 113] No route to host'))"
2025-11-21 18:15:05,2025-11-21T18:14:56.468000,24.56,506.0,1.2478371107222384,35.123201883939714,9.374400627979906,27.600259221265873,29.474370743968787,9.29968984113585,1.6,-1437.9155445759357,True,"blue_error:RPC错误: HTTPConnectionPool(host='192.168.0.63', port=80): Max retries exceeded with url: /rpc/Light.Set (Caused by NewConnectionError('<urllib3.connection.HTTPConnection object at 0x7ffeb12ae2d0>: Failed to establish a new connection: [Errno 113] No route to host'))"
2025-11-21 18:30:05,2025-11-21T18:29:59.400000,24.75,505.0,1.5481033019362955,73.1279472805193,20.438384184155787,29.082273011633248,58.958943429832885,14.46661972128937,1.6,-1473.9399617770787,True,"blue_error:RPC错误: HTTPConnectionPool(host='192.168.0.63', port=80): Max retries exceeded with url: /rpc/Light.Set (Caused by NewConnectionError('<urllib3.connection.HTTPConnection object at 0x7ffeadf3eb90>: Failed to establish a new connection: [Errno 113] No route to host'))"
2025-11-21 18:45:05,2025-11-21T18:44:56.656000,25.49,505.0,1.29746867768129,39.96112736393704,10.888338209181113,27.845224085186967,33.29109826301422,10.243555006058195,1.6,-1526.7103705782827,True,"blue_error:RPC错误: HTTPConnectionPool(host='192.168.0.63', port=80): Max retries exceeded with url: /rpc/Light.Set (Caused by NewConnectionError('<urllib3.connection.HTTPConnection object at 0x7ffeadf1af10>: Failed to establish a new connection: [Errno 113] No route to host'))"
2025-11-21 19:00:05,2025-11-21T18:59:59.617000,25.25,504.0,1.7284005758792003,95.0,28.0,29.972160232264564,76.64513905509547,16.367221886719967,1.6,-1418.8827166454366,True,"blue_error:RPC错误: HTTPConnectionPool(host='192.168.0.63', port=80): Max retries exceeded with url: /rpc/Light.Set (Caused by NewConnectionError('<urllib3.connection.HTTPConnection object at 0x7ffeadf25410>: Failed to establish a new connection: [Errno 113] No route to host'))"
2025-11-21 19:15:05,2025-11-21T19:14:56.843000,26.3,503.0,1.462294525275878,60.233171518700104,16.56995145561003,28.658749504603996,48.886213817082144,13.17596346164195,1.6,-1505.1877823741925,True,"blue_error:RPC错误: HTTPConnectionPool(host='192.168.0.63', port=80): Max retries exceeded with url: /rpc/Light.Set (Caused by NewConnectionError('<urllib3.connection.HTTPConnection object at 0x7ffeadf1b650>: Failed to establish a new connection: [Errno 113] No route to host'))"
2025-11-21 19:30:05,2025-11-21T19:29:59.678000,26.19,502.0,1.1808248477533465,30.31345252256889,7.771150840856297,27.269509037763452,25.6209075798786,8.021079077470691,1.6,-1525.6620108969344,True,"blue_error:RPC错误: HTTPConnectionPool(host='192.168.0.63', port=80): Max retries exceeded with url: /rpc/Light.Set (Caused by NewConnectionError('<urllib3.connection.HTTPConnection object at 0x7ffeadf2d190>: Failed to establish a new connection: [Errno 113] No route to host'))"
2025-11-21 19:45:05,2025-11-21T19:44:57.029000,25.51,503.0,1.488040196777963,64.12759902259674,17.73827970677902,28.78582155375507,51.92833847033602,13.584926716439924,1.6,-1404.4216487063106,True,"blue_error:RPC错误: HTTPConnectionPool(host='192.168.0.63', port=80): Max retries exceeded with url: /rpc/Light.Set (Caused by NewConnectionError('<urllib3.connection.HTTPConnection object at 0x7ffeadf16110>: Failed to establish a new connection: [Errno 113] No route to host'))"
2025-11-21 20:00:05,2025-11-21T19:59:59.921000,25.97,503.0,1.3649168768290598,48.35364659268655,13.338411648171638,28.17812590429713,39.8062295582023,11.495160228641708,1.6,-1339.5743401719794,True,"blue_error:RPC错误: HTTPConnectionPool(host='192.168.0.63', port=80): Max retries exceeded with url: /rpc/Light.Set (Caused by NewConnectionError('<urllib3.connection.HTTPConnection object at 0x7ffeadf4d890>: Failed to establish a new connection: [Errno 113] No route to host'))"
2025-11-21 20:15:05,2025-11-21T20:14:57.215000,25.87,504.0,1.3118559889997807,41.81332432554453,11.443997297663358,27.91623505613278,34.7379384042032,10.514447947533746,1.6,-1592.947731640096,True,"blue_error:RPC错误: HTTPConnectionPool(host='192.168.0.63', port=80): Max retries exceeded with url: /rpc/Light.Set (Caused by NewConnectionError('<urllib3.connection.HTTPConnection object at 0x7ffeadf25190>: Failed to establish a new connection: [Errno 113] No route to host'))"
2025-11-21 20:30:05,2025-11-21T20:30:00.071000,25.74,504.0,1.4495173474212792,58.30042749005438,15.990128247016314,28.595685615506365,47.37645448735027,12.966814169357109,1.6,-1542.4005007961666,True,"blue_error:RPC错误: HTTPConnectionPool(host='192.168.0.63', port=80): Max retries exceeded with url: /rpc/Light.Set (Caused by NewConnectionError('<urllib3.connection.HTTPConnection object at 0x7ffeadf3bc10>: Failed to establish a new connection: [Errno 113] No route to host'))"
2025-11-21 20:45:05,2025-11-21T20:44:57.367000,25.97,504.0,1.2319522293581608,33.98307775424438,8.994359251414792,27.521856743968222,28.560928897797577,8.996071177009885,1.6,-1401.17504461928,True,"blue_error:RPC错误: HTTPConnectionPool(host='192.168.0.63', port=80): Max retries exceeded with url: /rpc/Light.Set (Caused by NewConnectionError('<urllib3.connection.HTTPConnection object at 0x7ffeadf2a650>: Failed to establish a new connection: [Errno 113] No route to host'))"
2025-11-21 21:00:05,2025-11-21T21:00:00.177000,25.74,501.0,1.6158730946401756,85.32314479980131,25.096943439940393,29.41676210929489,69.08608198161357,15.32211327166939,1.6,-1632.2142611458826,True,"blue_error:RPC错误: HTTPConnectionPool(host='192.168.0.63', port=80): Max retries exceeded with url: /rpc/Light.Set (Caused by NewConnectionError('<urllib3.connection.HTTPConnection object at 0x7ffeae4c4ad0>: Failed to establish a new connection: [Errno 113] No route to host'))"
2025-11-21 21:15:05,2025-11-21T21:14:57.491000,26.47,502.0,1.0671494856412205,22.41466524899041,5.13822174966347,26.708445357586832,19.292576618565477,5.923302374948158,1.6,-1427.9101546738182,True,"blue_error:RPC错误: HTTPConnectionPool(host='192.168.0.63', port=80): Max retries exceeded with url: /rpc/Light.Set (Caused by NewConnectionError('<urllib3.connection.HTTPConnection object at 0x7ffeadf4ec10>: Failed to establish a new connection: [Errno 113] No route to host'))"
2025-11-21 21:30:05,2025-11-21T21:30:00.381000,25.74,501.0,1.3665361529619977,48.52526172792755,13.381315431981887,28.186118111310925,39.93513036318034,11.52452188810158,1.6,-1466.9178994519066,True,"blue_error:RPC错误: HTTPConnectionPool(host='192.168.0.63', port=80): Max retries exceeded with url: /rpc/Light.Set (Caused by NewConnectionError('<urllib3.connection.HTTPConnection object at 0x7ffeadf3d7d0>: Failed to establish a new connection: [Errno 113] No route to host'))"
2025-11-21 21:45:05,2025-11-21T21:44:57.638000,25.98,501.0,1.1936326969496511,31.232725231223082,8.07757507707436,27.332724310375802,26.357408227709183,8.26452810493965,1.6,-1552.9576236836667,True,"blue_error:RPC错误: HTTPConnectionPool(host='192.168.0.63', port=80): Max retries exceeded with url: /rpc/Light.Set (Caused by NewConnectionError('<urllib3.connection.HTTPConnection object at 0x7ffeadf38490>: Failed to establish a new connection: [Errno 113] No route to host'))"
2025-11-21 22:00:05,2025-11-21T22:00:00.481000,25.52,500.0,1.7045144330465918,95.0,28.0,29.85426619653087,76.64513905509547,16.18694562800716,1.6,-1535.150196764724,True,"blue_error:RPC错误: HTTPConnectionPool(host='192.168.0.63', port=80): Max retries exceeded with url: /rpc/Light.Set (Caused by NewConnectionError('<urllib3.connection.HTTPConnection object at 0x7ffeadf2cbd0>: Failed to establish a new connection: [Errno 113] No route to host'))"
2025-11-21 22:15:05,2025-11-21T22:14:57.794000,26.55,503.0,1.303261180206153,40.70684387337727,11.11205316201318,27.87381394602969,33.87361329903343,10.35281793906248,1.6,-1422.1199979296907,True,"blue_error:RPC错误: HTTPConnectionPool(host='192.168.0.63', port=80): Max retries exceeded with url: /rpc/Light.Set (Caused by NewConnectionError('<urllib3.connection.HTTPConnection object at 0x7ffeadf25210>: Failed to establish a new connection: [Errno 113] No route to host'))"
2025-11-21 22:30:05,2025-11-21T22:29:55.004000,26.12,501.0,1.3984966540029302,51.91251952598967,14.228129881497418,28.343864486612784,42.47931305560553,12.095479989159937,1.6,-1366.4216815986358,True,"blue_error:RPC错误: HTTPConnectionPool(host='192.168.0.63', port=80): Max retries exceeded with url: /rpc/Light.Set (Caused by NewConnectionError('<urllib3.connection.HTTPConnection object at 0x7ffeadf2e350>: Failed to establish a new connection: [Errno 113] No route to host'))"
2025-11-21 22:45:05,2025-11-21T22:44:57.958000,26.27,501.0,1.5198991036696237,68.9058444596877,19.17175333790631,28.943066494214623,55.6608558246655,14.065959221970928,1.6,-1423.8246019509263,True,"blue_error:RPC错误: HTTPConnectionPool(host='192.168.0.63', port=80): Max retries exceeded with url: /rpc/Light.Set (Caused by NewConnectionError('<urllib3.connection.HTTPConnection object at 0x7ffeadf2dd50>: Failed to establish a new connection: [Errno 113] No route to host'))"
2025-11-21 23:00:05,2025-11-21T22:59:55.268000,26.62,501.0,1.5098364857656958,67.39949398535678,18.719848195607035,28.893400767811922,54.48417301061449,13.917170774666683,1.6,-1630.787752128868,True,"blue_error:RPC错误: HTTPConnectionPool(host='192.168.0.63', port=80): Max retries exceeded with url: /rpc/Light.Set (Caused by NewConnectionError('<urllib3.connection.HTTPConnection object at 0x7ffeadf25a90>: Failed to establish a new connection: [Errno 113] No route to host'))"
2025-11-21 23:15:05,2025-11-21T23:14:58.107000,26.77,498.0,1.28862896484023,38.823118398728134,10.54693551961844,27.801594210373658,32.4021447197214,10.076354117677544,1.6,-1398.5722554809645,True,"blue_error:RPC错误: HTTPConnectionPool(host='192.168.0.63', port=80): Max retries exceeded with url: /rpc/Light.Set (Caused by NewConnectionError('<urllib3.connection.HTTPConnection object at 0x7ffeade9fa50>: Failed to establish a new connection: [Errno 113] No route to host'))"
2025-11-21 23:30:05,2025-11-21T23:29:55.333000,26.48,500.0,1.3139683009009735,42.08525961621474,11.525577884864422,27.92666072328654,34.95036014039161,10.55407411021389,1.6,-1534.466012165191,True,"blue_error:RPC错误: HTTPConnectionPool(host='192.168.0.63', port=80): Max retries exceeded with url: /rpc/Light.Set (Caused by NewConnectionError('<urllib3.connection.HTTPConnection object at 0x7ffeae4de510>: Failed to establish a new connection: [Errno 113] No route to host'))"
2025-11-21 23:45:05,2025-11-21T23:44:58.169000,26.18,500.0,1.5669225824783226,76.1006872532005,21.440274901280205,29.17515870474211,61.34723206037545,14.719880165633707,1.6,-1421.409221432772,True,"blue_error:RPC错误: HTTPConnectionPool(host='192.168.0.63', port=80): Max retries exceeded with url: /rpc/Light.Set (Caused by NewConnectionError('<urllib3.connection.HTTPConnection object at 0x7ffeadf3e910>: Failed to establish a new connection: [Errno 113] No route to host'))"
2025-11-22 00:00:05,2025-11-21T23:59:55.516000,26.77,501.0,1.4069936690078528,52.81305548125563,14.453263870313908,28.385802919186023,43.15570916357375,12.244271747910338,1.6,-1426.8158988824796,True,"blue_error:RPC错误: HTTPConnectionPool(host='192.168.0.63', port=80): Max retries exceeded with url: /rpc/Light.Set (Caused by NewConnectionError('<urllib3.connection.HTTPConnection object at 0x7ffeadf3fa90>: Failed to establish a new connection: [Errno 113] No route to host'))"
2025-11-22 00:15:05,2025-11-22T00:14:58.321000,26.62,500.0,1.5311307567762076,70.58719678232919,19.67615903469876,28.99850218854064,56.97424100038016,14.228459087066359,1.6,-1459.2748694833963,True,"blue_error:RPC错误: HTTPConnectionPool(host='192.168.0.63', port=80): Max retries exceeded with url: /rpc/Light.Set (Caused by NewConnectionError('<urllib3.connection.HTTPConnection object at 0x7ffeadf19710>: Failed to establish a new connection: [Errno 113] No route to host'))"
2025-11-22 00:30:05,2025-11-22T00:29:55.607000,27.0,500.0,1.648456811025902,91.56080837066459,26.968242511199374,29.577584467715656,73.95862104124178,15.67502300921856,1.6,-1514.7772808374582,True,"blue_error:RPC错误: HTTPConnectionPool(host='192.168.0.63', port=80): Max retries exceeded with url: /rpc/Light.Set (Caused by NewConnectionError('<urllib3.connection.HTTPConnection object at 0x7ffeadf252d0>: Failed to establish a new connection: [Errno 113] No route to host'))"
2025-11-22 00:45:05,2025-11-22T00:44:58.529000,27.53,499.0,1.5361664666301351,71.34103082427325,19.902309247281973,29.02335677312652,57.5630970315081,14.300062563198253,1.6,-1424.1312870596037,True,"blue_error:RPC错误: HTTPConnectionPool(host='192.168.0.63', port=80): Max retries exceeded with url: /rpc/Light.Set (Caused by NewConnectionError('<urllib3.connection.HTTPConnection object at 0x7ffeadf21190>: Failed to establish a new connection: [Errno 113] No route to host'))"
2025-11-22 09:00:05,2025-11-22T08:34:11.846000,22.38,531.0,1.3975403817849001,51.81117128606551,14.202792821516377,28.339144645831723,42.403189992852425,12.078650708525867,1.6,-1483.4322069944503,True,"blue_error:RPC错误: HTTPConnectionPool(host='192.168.0.63', port=80): Max retries exceeded with url: /rpc/Light.Set (Caused by NewConnectionError('<urllib3.connection.HTTPConnection object at 0x7ffeadefee90>: Failed to establish a new connection: [Errno 113] No route to host'))"
2025-11-22 09:15:05,2025-11-22T09:15:00.143000,23.74,531.0,1.3711677821258759,49.01613394494899,13.504033486237248,28.208978288359102,40.3038264215237,11.60828841218712,1.6,-1480.3361112830657,True,"blue_error:RPC错误: HTTPConnectionPool(host='192.168.0.63', port=80): Max retries exceeded with url: /rpc/Light.Set (Caused by NewConnectionError('<urllib3.connection.HTTPConnection object at 0x7ffeadf16ad0>: Failed to establish a new connection: [Errno 113] No route to host'))"
2025-11-22 09:30:05,2025-11-22T09:29:57.429000,24.26,530.0,1.186834403736273,30.744783398000166,7.914927799333389,27.29917020209458,25.96648018982755,8.135209052791168,1.6,-1470.1568150438131,True,"blue_error:RPC错误: HTTPConnectionPool(host='192.168.0.63', port=80): Max retries exceeded with url: /rpc/Light.Set (Caused by NewConnectionError('<urllib3.connection.HTTPConnection object at 0x7ffeadf4f110>: Failed to establish a new connection: [Errno 113] No route to host'))"
2025-11-22 09:45:05,2025-11-22T09:45:00.277000,24.37,527.0,1.1517226004686907,28.224662962413202,7.074887654137734,27.125870049863565,23.947416297309562,7.471579134326035,1.6,-1454.3939956735414,True,"blue_error:RPC错误: HTTPConnectionPool(host='192.168.0.63', port=80): Max retries exceeded with url: /rpc/Light.Set (Caused by NewConnectionError('<urllib3.connection.HTTPConnection object at 0x7ffeadf16e90>: Failed to establish a new connection: [Errno 113] No route to host'))"
2025-11-22 10:00:05,2025-11-22T09:59:57.587000,24.51,527.0,1.4553223602937106,59.17852467967479,16.253557403902438,28.624337223252873,48.06237844044079,13.062324087903118,1.6,-1456.6453749494042,True,"blue_error:RPC错误: HTTPConnectionPool(host='192.168.0.63', port=80): Max retries exceeded with url: /rpc/Light.Set (Caused by NewConnectionError('<urllib3.connection.HTTPConnection object at 0x7ffeadf22f90>: Failed to establish a new connection: [Errno 113] No route to host'))"
2025-11-22 10:15:05,2025-11-22T10:15:00.506000,25.06,525.0,1.410931156180803,53.23036070792474,14.557590176981185,28.40523704284181,43.46914876529451,12.312755245775618,1.6,-1616.6834748528065,True,"blue_error:RPC错误: HTTPConnectionPool(host='192.168.0.63', port=80): Max retries exceeded with url: /rpc/Light.Set (Caused by NewConnectionError('<urllib3.connection.HTTPConnection object at 0x7ffeadf25290>: Failed to establish a new connection: [Errno 113] No route to host'))"
2025-11-22 10:30:05,2025-11-22T10:29:52.168000,25.27,523.0,1.2844301810456409,38.28257441419714,10.384772324259142,27.78087041372778,31.979899812128576,9.996760150825404,1.6,-1505.9526664920363,True,"blue_error:RPC错误: HTTPConnectionPool(host='192.168.0.63', port=80): Max retries exceeded with url: /rpc/Light.Set (Caused by NewConnectionError('<urllib3.connection.HTTPConnection object at 0x7ffeadf2f490>: Failed to establish a new connection: [Errno 113] No route to host'))"
2025-11-22 10:45:05,2025-11-22T10:44:55.112000,25.25,523.0,1.6834602266833538,95.0,28.0,29.750349654846975,76.64513905509547,16.009123611482295,1.6,-1426.5666494544926,True,"blue_error:RPC错误: HTTPConnectionPool(host='192.168.0.63', port=80): Max retries exceeded with url: /rpc/Light.Set (Caused by NewConnectionError('<urllib3.connection.HTTPConnection object at 0x7ffeadf27f10>: Failed to establish a new connection: [Errno 113] No route to host'))"
2025-11-22 11:00:05,2025-11-22T10:59:57.958000,26.44,521.0,1.313045794143141,41.96649773109979,11.489949319329938,27.92210753755728,34.85758951923777,10.536773144109713,1.6,-1502.390737931632,True,"blue_error:RPC错误: HTTPConnectionPool(host='192.168.0.63', port=80): Max retries exceeded with url: /rpc/Light.Set (Caused by NewConnectionError('<urllib3.connection.HTTPConnection object at 0x7ffeb1287d10>: Failed to establish a new connection: [Errno 113] No route to host'))"
2025-11-22 11:15:05,2025-11-22T11:14:55.301000,26.05,519.0,1.251159058255363,35.361631901343706,9.453877300447903,27.61665524652287,29.665395518910035,9.363145207734298,1.6,-1319.6432200317795,True,"blue_error:RPC错误: HTTPConnectionPool(host='192.168.0.63', port=80): Max retries exceeded with url: /rpc/Light.Set (Caused by NewConnectionError('<urllib3.connection.HTTPConnection object at 0x7ffeadefeb10>: Failed to establish a new connection: [Errno 113] No route to host'))"
2025-11-22 11:30:05,2025-11-22T11:29:58.203000,25.97,518.0,1.4001909947708406,52.09209020829307,14.273022552073268,28.352227187633076,42.614189303361066,12.12525725490221,1.6,-1410.4371130541197,True,"blue_error:RPC错误: HTTPConnectionPool(host='192.168.0.63', port=80): Max retries exceeded with url: /rpc/Light.Set (Caused by NewConnectionError('<urllib3.connection.HTTPConnection object at 0x7ffeadf4f190>: Failed to establish a new connection: [Errno 113] No route to host'))"
2025-11-22 11:45:05,2025-11-22T11:44:55.506000,25.99,518.0,1.4389836547925228,56.70704499514839,15.512113498544515,28.543694821350723,46.131786775609164,12.791493950725402,1.6,-1754.8957372800787,True,"blue_error:RPC错误: HTTPConnectionPool(host='192.168.0.63', port=80): Max retries exceeded with url: /rpc/Light.Set (Caused by NewConnectionError('<urllib3.connection.HTTPConnection object at 0x7ffeadf16e10>: Failed to establish a new connection: [Errno 113] No route to host'))"
2025-11-22 12:00:05,2025-11-22T11:59:58.328000,26.37,517.0,1.6301557761025425,88.05734984864826,25.917204954594478,29.48725666216169,71.2219010661455,15.481676149224391,1.6,-1367.9496881309294,True,"blue_error:RPC错误: HTTPConnectionPool(host='192.168.0.63', port=80): Max retries exceeded with url: /rpc/Light.Set (Caused by NewConnectionError('<urllib3.connection.HTTPConnection object at 0x7ffeadf2e290>: Failed to establish a new connection: [Errno 113] No route to host'))"
2025-11-22 12:15:05,2025-11-22T12:14:55.650000,27.0,514.0,1.5138699817080588,68.00329893790483,18.90098968137145,28.913308758737585,54.95583410330791,13.97716873821362,1.6,-1442.900717933513,True,"blue_error:RPC错误: HTTPConnectionPool(host='192.168.0.63', port=80): Max retries exceeded with url: /rpc/Light.Set (Caused by NewConnectionError('<urllib3.connection.HTTPConnection object at 0x7ffeadee65d0>: Failed to establish a new connection: [Errno 113] No route to host'))"
2025-11-22 12:30:05,2025-11-22T12:29:58.516000,27.12,511.0,1.6127893052987343,84.73718172775098,24.89487269110039,29.40154155345367,68.61256573273475,15.286680440541428,1.6,-1502.77147350533,True,"blue_error:RPC错误: HTTPConnectionPool(host='192.168.0.63', port=80): Max retries exceeded with url: /rpc/Light.Set (Caused by NewConnectionError('<urllib3.connection.HTTPConnection object at 0x7ffeadf3d210>: Failed to establish a new connection: [Errno 113] No route to host'))"
2025-11-22 12:45:05,2025-11-22T12:44:55.728000,27.51,510.0,1.1240019316594423,26.31358876763006,6.437862922543353,26.9890500726047,22.41630657409079,6.954728859517321,1.6,-1491.380323793678,True,"blue_error:RPC错误: HTTPConnectionPool(host='192.168.0.63', port=80): Max retries exceeded with url: /rpc/Light.Set (Caused by NewConnectionError('<urllib3.connection.HTTPConnection object at 0x7ffeadeff3d0>: Failed to establish a new connection: [Errno 113] No route to host'))"
2025-11-22 13:00:05,2025-11-22T12:59:58.586000,26.62,509.0,1.3824633173157306,50.21326441565464,13.80331610391366,28.26472928334545,41.20299583989116,11.811171932714966,1.6,-1677.374303082926,True,"blue_error:RPC错误: HTTPConnectionPool(host='192.168.0.63', port=80): Max retries exceeded with url: /rpc/Light.Set (Caused by NewConnectionError('<urllib3.connection.HTTPConnection object at 0x7ffeadf4c510>: Failed to establish a new connection: [Errno 113] No route to host'))"
2025-11-22 13:15:05,2025-11-22T13:14:55.863000,26.74,507.0,1.4720560761880477,61.70975574179803,17.012926722539408,28.70692926473189,50.03964478047726,13.333039572186102,1.6,-1495.772002086482,True,"blue_error:RPC错误: HTTPConnectionPool(host='192.168.0.63', port=80): Max retries exceeded with url: /rpc/Light.Set (Caused by NewConnectionError('<urllib3.connection.HTTPConnection object at 0x7ffeadefc750>: Failed to establish a new connection: [Errno 113] No route to host'))"
2025-11-22 13:30:05,2025-11-22T13:29:58.714000,27.03,508.0,0.831416116972442,19.0,4.0,25.544944059607435,16.55682351251732,2.324219480005228,1.6,-1314.944144937033,True,"blue_error:RPC错误: HTTPConnectionPool(host='192.168.0.63', port=80): Max retries exceeded with url: /rpc/Light.Set (Caused by NewConnectionError('<urllib3.connection.HTTPConnection object at 0x7ffeadf4d650>: Failed to establish a new connection: [Errno 113] No route to host'))"
2025-11-22 13:45:05,2025-11-22T13:44:56.029000,26.25,507.0,1.3970693541192476,51.761250537590975,14.190312634397744,28.336819810347187,42.36569432177169,12.070355043310649,1.6,-1347.3096556341063,True,"blue_error:RPC错误: HTTPConnectionPool(host='192.168.0.63', port=80): Max retries exceeded with url: /rpc/Light.Set (Caused by NewConnectionError('<urllib3.connection.HTTPConnection object at 0x7ffeadf172d0>: Failed to establish a new connection: [Errno 113] No route to host'))"
2025-11-22 14:00:05,2025-11-22T13:59:58.886000,26.63,507.0,1.769417179089511,95.0,28.0,30.17460450794518,76.64513905509547,16.622823889250327,1.6,-1651.3189586613375,True,"blue_error:RPC错误: HTTPConnectionPool(host='192.168.0.63', port=80): Max retries exceeded with url: /rpc/Light.Set (Caused by NewConnectionError('<urllib3.connection.HTTPConnection object at 0x7ffeadf4fc10>: Failed to establish a new connection: [Errno 113] No route to host'))"
2025-11-22 14:15:05,2025-11-22T14:14:56.212000,27.72,508.0,0.7536927258431928,19.0,4.0,25.16132731933464,16.55682351251732,1.444526215694041,1.6,-1375.7116286047758,True,"blue_error:RPC错误: HTTPConnectionPool(host='192.168.0.63', port=80): Max retries exceeded with url: /rpc/Light.Set (Caused by NewConnectionError('<urllib3.connection.HTTPConnection object at 0x7ffeadee55d0>: Failed to establish a new connection: [Errno 113] No route to host'))"
2025-11-22 14:30:05,2025-11-22T14:29:59.074000,26.87,507.0,1.4138589388597023,53.54065480179492,14.63516370044873,28.41968760182011,43.70221188308789,12.363480547415325,1.6,-1559.578552942191,True,"blue_error:RPC错误: HTTPConnectionPool(host='192.168.0.63', port=80): Max retries exceeded with url: /rpc/Light.Set (Caused by NewConnectionError('<urllib3.connection.HTTPConnection object at 0x7ffeadf4cf90>: Failed to establish a new connection: [Errno 113] No route to host'))"
2025-11-22 14:45:05,2025-11-22T14:44:56.350000,27.03,506.0,1.2464281440512495,35.02207447463065,9.34069149154355,27.593305031624574,29.393349734894567,9.272770089889354,1.6,-1591.430385363565,True,"blue_error:RPC错误: HTTPConnectionPool(host='192.168.0.63', port=80): Max retries exceeded with url: /rpc/Light.Set (Caused by NewConnectionError('<urllib3.connection.HTTPConnection object at 0x7ffeadf2b190>: Failed to establish a new connection: [Errno 113] No route to host'))"
2025-11-22 15:00:05,2025-11-22T14:59:59.217000,26.62,505.0,1.1926105772429756,31.159363440580233,8.053121146860077,27.327679468348887,26.2986324087103,8.24507203122474,1.6,-1430.6343379402294,True,"blue_error:RPC错误: HTTPConnectionPool(host='192.168.0.63', port=80): Max retries exceeded with url: /rpc/Light.Set (Caused by NewConnectionError('<urllib3.connection.HTTPConnection object at 0x7ffeadf25c10>: Failed to establish a new connection: [Errno 113] No route to host'))"
2025-11-22 15:15:05,2025-11-22T15:14:56.537000,26.49,506.0,1.3839737590656416,50.37334499728733,13.843336249321833,28.272184320137516,41.32323299615847,11.83814445144494,1.6,-1585.4498044151924,True,"blue_error:RPC错误: HTTPConnectionPool(host='192.168.0.63', port=80): Max retries exceeded with url: /rpc/Light.Set (Caused by NewConnectionError('<urllib3.connection.HTTPConnection object at 0x7ffeadf273d0>: Failed to establish a new connection: [Errno 113] No route to host'))"
2025-11-22 15:30:05,2025-11-22T15:29:59.395000,26.87,506.0,1.2201249838145443,33.134187056036,8.711395685345332,27.463481403984623,27.88081673599618,8.769992245749528,1.6,-1588.7092689695544,True,"blue_error:RPC错误: HTTPConnectionPool(host='192.168.0.63', port=80): Max retries exceeded with url: /rpc/Light.Set (Caused by NewConnectionError('<urllib3.connection.HTTPConnection object at 0x7ffeadf4f710>: Failed to establish a new connection: [Errno 113] No route to host'))"
2025-11-22 15:45:05,2025-11-22T15:44:56.725000,26.49,505.0,1.310221587748889,41.60291440502946,11.380874321508838,27.908168196580522,34.57357709413962,10.483760148189992,1.6,-1502.12892567923,True,"blue_error:RPC错误: HTTPConnectionPool(host='192.168.0.63', port=80): Max retries exceeded with url: /rpc/Light.Set (Caused by NewConnectionError('<urllib3.connection.HTTPConnection object at 0x7ffeadf26f10>: Failed to establish a new connection: [Errno 113] No route to host'))"
2025-11-22 16:00:05,2025-11-22T15:59:59.579000,26.62,504.0,1.3248844793594903,43.49058908505332,11.947176725515996,27.980539339950713,36.04813058773474,10.758190207155785,1.6,-1514.3584129200347,True,"blue_error:RPC错误: HTTPConnectionPool(host='192.168.0.63', port=80): Max retries exceeded with url: /rpc/Light.Set (Caused by NewConnectionError('<urllib3.connection.HTTPConnection object at 0x7ffeadefef50>: Failed to establish a new connection: [Errno 113] No route to host'))"
2025-11-22 16:15:05,2025-11-22T16:14:56.796000,26.87,502.0,1.4165576614659496,53.82667250787251,14.706668126968127,28.43300759666423,43.91704091025732,12.410086147396177,1.6,-1418.847488169287,True,"blue_error:RPC错误: HTTPConnectionPool(host='192.168.0.63', port=80): Max retries exceeded with url: /rpc/Light.Set (Caused by NewConnectionError('<urllib3.connection.HTTPConnection object at 0x7ffeadf2f490>: Failed to establish a new connection: [Errno 113] No route to host'))"
2025-11-22 16:30:05,2025-11-22T16:29:59.703000,27.12,501.0,1.3526150317610055,47.049864759480876,13.012466189870219,28.117408099325132,38.826953880798,11.270870967011426,1.6,-1331.4365043020007,True,"blue_error:RPC错误: HTTPConnectionPool(host='192.168.0.63', port=80): Max retries exceeded with url: /rpc/Light.Set (Caused by NewConnectionError('<urllib3.connection.HTTPConnection object at 0x7ffeadf30a50>: Failed to establish a new connection: [Errno 113] No route to host'))"
2025-11-22 16:45:05,2025-11-22T16:44:56.994000,27.12,501.0,1.3257485423198858,43.60182701926174,11.98054810577852,27.984804066585017,36.135023888918,10.774296498457952,1.6,-1615.0238630624299,True,"blue_error:RPC错误: HTTPConnectionPool(host='192.168.0.63', port=80): Max retries exceeded with url: /rpc/Light.Set (Caused by NewConnectionError('<urllib3.connection.HTTPConnection object at 0x7ffeadf20a90>: Failed to establish a new connection: [Errno 113] No route to host'))"
2025-11-22 17:00:05,2025-11-22T16:59:59.843000,27.0,503.0,1.7996189068624804,95.0,28.0,30.32367016489273,76.64513905509547,16.767107226541434,1.6,-1501.0633929251699,True,"blue_error:RPC错误: HTTPConnectionPool(host='192.168.0.63', port=80): Max retries exceeded with url: /rpc/Light.Set (Caused by NewConnectionError('<urllib3.connection.HTTPConnection object at 0x7ffeadf16350>: Failed to establish a new connection: [Errno 113] No route to host'))"
2025-11-22 17:15:05,2025-11-22T17:14:57.043000,27.99,504.0,1.4641289619132098,60.51065818258463,16.653197454775388,28.667803672118126,49.102971997920704,13.205664466355593,1.6,-1358.047023649623,True,"blue_error:RPC错误: HTTPConnectionPool(host='192.168.0.63', port=80): Max retries exceeded with url: /rpc/Light.Set (Caused by NewConnectionError('<urllib3.connection.HTTPConnection object at 0x7ffeadefedd0>: Failed to establish a new connection: [Errno 113] No route to host'))"
2025-11-22 17:30:05,2025-11-22T17:29:59.969000,27.94,502.0,1.2226657066481421,33.31654532129844,8.772181773766146,27.47602156463897,28.02691808246134,8.81854884848746,1.6,-1588.9640373945983,True,"blue_error:RPC错误: HTTPConnectionPool(host='192.168.0.63', port=80): Max retries exceeded with url: /rpc/Light.Set (Caused by NewConnectionError('<urllib3.connection.HTTPConnection object at 0x7ffeadee6b90>: Failed to establish a new connection: [Errno 113] No route to host'))"
2025-11-22 17:45:05,2025-11-22T17:44:57.261000,27.37,502.0,1.0073231020248,19.0,4.0,26.413162278300238,16.55682351251732,4.893582678709886,1.6,-1421.7315900148715,True,"blue_error:RPC错误: HTTPConnectionPool(host='192.168.0.63', port=80): Max retries exceeded with url: /rpc/Light.Set (Caused by NewConnectionError('<urllib3.connection.HTTPConnection object at 0x7ffeadf3a890>: Failed to establish a new connection: [Errno 113] No route to host'))"
2025-11-22 18:00:05,2025-11-22T17:59:54.526000,26.72,503.0,1.5271983112120515,69.99851883615231,19.499555650845693,28.97909294858464,56.51439634000334,14.172000088313968,1.6,-1606.921195071314,True,"blue_error:RPC错误: HTTPConnectionPool(host='192.168.0.63', port=80): Max retries exceeded with url: /rpc/Light.Set (Caused by NewConnectionError('<urllib3.connection.HTTPConnection object at 0x7ffeadeff110>: Failed to establish a new connection: [Errno 113] No route to host'))"
2025-11-22 18:15:05,2025-11-22T18:14:57.372000,27.25,502.0,1.3612793584867549,47.96813285012081,13.242033212530202,28.1601723267591,39.51666866558617,11.42906282057402,1.6,-1424.6906215047823,True,"blue_error:RPC错误: HTTPConnectionPool(host='192.168.0.63', port=80): Max retries exceeded with url: /rpc/Light.Set (Caused by NewConnectionError('<urllib3.connection.HTTPConnection object at 0x7ffeadefd8d0>: Failed to establish a new connection: [Errno 113] No route to host'))"
2025-11-22 18:30:05,2025-11-22T18:30:00.207000,27.25,501.0,1.3727592864224476,49.184805748069586,13.546201437017396,28.21683342284964,40.43051647813678,11.636996373531959,1.6,-1456.4882476603182,True,"blue_error:RPC错误: HTTPConnectionPool(host='192.168.0.63', port=80): Max retries exceeded with url: /rpc/Light.Set (Caused by NewConnectionError('<urllib3.connection.HTTPConnection object at 0x7ffeadefeb10>: Failed to establish a new connection: [Errno 113] No route to host'))"
2025-11-22 18:45:05,2025-11-22T18:44:57.535000,27.25,502.0,1.2427482057861803,34.75794997060492,9.25264999020164,27.57514208349351,29.181739114355565,9.202447492227257,1.6,-1530.1698405228817,True,"blue_error:RPC错误: HTTPConnectionPool(host='192.168.0.63', port=80): Max retries exceeded with url: /rpc/Light.Set (Caused by NewConnectionError('<urllib3.connection.HTTPConnection object at 0x7ffeadf2f190>: Failed to establish a new connection: [Errno 113] No route to host'))"
2025-11-22 19:00:05,2025-11-22T19:00:00.341000,27.0,502.0,0.9567126094662756,19.0,4.0,26.163365764061485,16.55682351251732,4.078267140376929,1.6,-1401.819057067658,True,"blue_error:RPC错误: HTTPConnectionPool(host='192.168.0.63', port=80): Max retries exceeded with url: /rpc/Light.Set (Caused by NewConnectionError('<urllib3.connection.HTTPConnection object at 0x7ffeadefd310>: Failed to establish a new connection: [Errno 113] No route to host'))"
2025-11-22 19:15:05,2025-11-22T19:14:57.606000,26.62,503.0,1.4804698364011406,62.98246595960714,17.39473978788214,28.748456779415548,51.03381995158296,13.466469529846638,1.6,-1497.849869164759,True,"blue_error:RPC错误: HTTPConnectionPool(host='192.168.0.63', port=80): Max retries exceeded with url: /rpc/Light.Set (Caused by NewConnectionError('<urllib3.connection.HTTPConnection object at 0x7ffeadefced0>: Failed to establish a new connection: [Errno 113] No route to host'))"
2025-11-22 19:30:05,2025-11-22T19:30:00.501000,27.19,503.0,1.1576806913668918,28.65229997425259,7.217433324750863,27.155277199698496,24.290029466710763,7.583579522131832,1.6,-1357.7791442747318,True,"blue_error:RPC错误: HTTPConnectionPool(host='192.168.0.63', port=80): Max retries exceeded with url: /rpc/Light.Set (Caused by NewConnectionError('<urllib3.connection.HTTPConnection object at 0x7ffeadeff5d0>: Failed to establish a new connection: [Errno 113] No route to host'))"
2025-11-22 19:45:05,2025-11-22T19:44:57.856000,26.94,502.0,1.8209768216904374,95.0,28.0,30.429085710281118,76.64513905509547,16.846656512507412,1.6,-1407.6554251751722,True,"blue_error:RPC错误: HTTPConnectionPool(host='192.168.0.63', port=80): Max retries exceeded with url: /rpc/Light.Set (Caused by NewConnectionError('<urllib3.connection.HTTPConnection object at 0x7ffeae4c4a10>: Failed to establish a new connection: [Errno 113] No route to host'))"
2025-11-22 20:00:05,2025-11-22T19:59:55.048000,27.99,502.0,1.3291533131810156,44.04015118590776,12.112045355772327,28.001608880170032,36.47741997977773,10.837686003196414,1.6,-1516.462731925623,True,"blue_error:RPC错误: HTTPConnectionPool(host='192.168.0.63', port=80): Max retries exceeded with url: /rpc/Light.Set (Caused by NewConnectionError('<urllib3.connection.HTTPConnection object at 0x7ffeadf14150>: Failed to establish a new connection: [Errno 113] No route to host'))"
2025-11-22 20:15:05,2025-11-22T20:14:57.954000,27.5,502.0,1.1305993982212958,26.766041025061604,6.588680341687201,27.02161296750346,22.7788011609241,7.077044405637807,1.6,-1553.8832081000867,True,"blue_error:RPC错误: HTTPConnectionPool(host='192.168.0.63', port=80): Max retries exceeded with url: /rpc/Light.Set (Caused by NewConnectionError('<urllib3.connection.HTTPConnection object at 0x7ffeadeffe90>: Failed to establish a new connection: [Errno 113] No route to host'))"
2025-11-22 20:30:05,2025-11-22T20:29:55.186000,27.0,501.0,1.2779454713080811,37.447744374940385,10.134323312482117,27.74886404891283,31.327773911425894,9.873636837449416,1.6,-1424.123969466144,True,"blue_error:RPC错误: HTTPConnectionPool(host='192.168.0.63', port=80): Max retries exceeded with url: /rpc/Light.Set (Caused by NewConnectionError('<urllib3.connection.HTTPConnection object at 0x7ffeadeffb90>: Failed to establish a new connection: [Errno 113] No route to host'))"
2025-11-22 20:45:05,2025-11-22T20:44:58.058000,26.74,502.0,1.466485964109328,60.86719089832924,16.760157269498773,28.679437048971007,49.3814768521446,13.243703094072336,1.6,-1403.0966972274782,True,"blue_error:RPC错误: HTTPConnectionPool(host='192.168.0.63', port=80): Max retries exceeded with url: /rpc/Light.Set (Caused by NewConnectionError('<urllib3.connection.HTTPConnection object at 0x7ffeadf173d0>: Failed to establish a new connection: [Errno 113] No route to host'))"
2025-11-22 21:00:05,2025-11-22T20:59:55.369000,27.5,503.0,1.5594205532221137,74.82211345131863,20.94663403539559,29.138131190027625,60.28233811871606,14.620314148302748,1.6,-1557.9978218019899,True,"blue_error:RPC错误: HTTPConnectionPool(host='192.168.0.63', port=80): Max retries exceeded with url: /rpc/Light.Set (Caused by NewConnectionError('<urllib3.connection.HTTPConnection object at 0x7ffeadf3ea10>: Failed to establish a new connection: [Errno 113] No route to host'))"
2025-11-22 21:15:05,2025-11-22T21:14:58.178000,27.94,502.0,1.2099123361035358,32.40118277249567,8.467060924165226,27.413075180484462,27.29355016688375,8.574919244061391,1.6,-1683.6502501218608,True,"blue_error:RPC错误: HTTPConnectionPool(host='192.168.0.63', port=80): Max retries exceeded with url: /rpc/Light.Set (Caused by NewConnectionError('<urllib3.connection.HTTPConnection object at 0x7ffeadf4d9d0>: Failed to establish a new connection: [Errno 113] No route to host'))"
2025-11-22 21:30:05,2025-11-22T21:29:55.444000,27.44,502.0,1.114565171605362,25.666418622957295,6.222139540985765,26.942473371844656,21.897808389253015,6.780614751103512,1.6,-1559.9743664939656,True,"blue_error:RPC错误: HTTPConnectionPool(host='192.168.0.63', port=80): Max retries exceeded with url: /rpc/Light.Set (Caused by NewConnectionError('<urllib3.connection.HTTPConnection object at 0x7ffeadefd1d0>: Failed to establish a new connection: [Errno 113] No route to host'))"
2025-11-22 21:45:05,2025-11-22T21:44:58.402000,27.0,502.0,1.2710033795748257,36.785941536095635,9.928647178698547,27.714600199089837,30.806520409087476,9.7415957297371,1.6,-1424.1078282440528,True,"blue_error:RPC错误: HTTPConnectionPool(host='192.168.0.63', port=80): Max retries exceeded with url: /rpc/Light.Set (Caused by NewConnectionError('<urllib3.connection.HTTPConnection object at 0x7ffeadf2dc10>: Failed to establish a new connection: [Errno 113] No route to host'))"
2025-11-22 22:00:05,2025-11-22T21:59:55.663000,27.0,500.0,1.2521626375455268,35.43366296903337,9.477887656344457,27.62160857923654,29.723105192566106,9.382311155070816,1.6,-1472.7695149800036,True,"blue_error:RPC错误: HTTPConnectionPool(host='192.168.0.63', port=80): Max retries exceeded with url: /rpc/Light.Set (Caused by NewConnectionError('<urllib3.connection.HTTPConnection object at 0x7ffeadf2a190>: Failed to establish a new connection: [Errno 113] No route to host'))"
2025-11-22 22:15:05,2025-11-22T22:14:58.465000,27.0,503.0,1.0652451357764299,22.284065512381527,5.094688504127176,26.69904612169586,19.187943042790383,5.889560076597968,1.6,-1480.1768833849474,True,"blue_error:RPC错误: HTTPConnectionPool(host='192.168.0.63', port=80): Max retries exceeded with url: /rpc/Light.Set (Caused by NewConnectionError('<urllib3.connection.HTTPConnection object at 0x7ffeadf28e10>: Failed to establish a new connection: [Errno 113] No route to host'))"
2025-11-22 22:30:05,2025-11-22T22:29:55.750000,26.62,503.0,1.3179883281370244,42.60279079819614,11.68083723945884,27.94650223716924,35.35462864094989,10.629375790230721,1.6,-1483.7048639362706,True,"blue_error:RPC错误: HTTPConnectionPool(host='192.168.0.63', port=80): Max retries exceeded with url: /rpc/Light.Set (Caused by NewConnectionError('<urllib3.connection.HTTPConnection object at 0x7ffeae4c4710>: Failed to establish a new connection: [Errno 113] No route to host'))"
2025-11-22 22:45:05,2025-11-22T22:44:58.615000,26.94,504.0,1.0858463236875298,23.69688873607815,5.565629578692716,26.80072671536761,20.319865278408585,6.257565895331525,1.6,-1378.2461020987223,True,"blue_error:RPC错误: HTTPConnectionPool(host='192.168.0.63', port=80): Max retries exceeded with url: /rpc/Light.Set (Caused by NewConnectionError('<urllib3.connection.HTTPConnection object at 0x7ffeadf4c990>: Failed to establish a new connection: [Errno 113] No route to host'))"
2025-11-22 23:00:05,2025-11-22T22:59:55.826000,26.55,504.0,1.471523805320653,61.629241613225496,16.988772483967647,28.70430215322626,49.97675132175433,13.324536867637892,1.6,-1433.540640621616,True,"blue_error:RPC错误: HTTPConnectionPool(host='192.168.0.63', port=80): Max retries exceeded with url: /rpc/Light.Set (Caused by NewConnectionError('<urllib3.connection.HTTPConnection object at 0x7ffeadee6f50>: Failed to establish a new connection: [Errno 113] No route to host'))"
2025-11-22 23:15:05,2025-11-22T23:14:58.720000,27.25,503.0,1.3356464822664027,44.87607026661195,12.362821079983583,28.03365699750493,37.130396583140126,10.958225740449853,1.6,-1413.8914587270326,True,"blue_error:RPC错误: HTTPConnectionPool(host='192.168.0.63', port=80): Max retries exceeded with url: /rpc/Light.Set (Caused by NewConnectionError('<urllib3.connection.HTTPConnection object at 0x7ffeadf3fcd0>: Failed to establish a new connection: [Errno 113] No route to host'))"
2025-11-22 23:30:05,2025-11-22T23:29:56.020000,27.25,504.0,1.5465451815234534,72.89470028203858,20.368410084611575,29.074582648860307,58.77674297966,14.445135505864389,1.6,-1540.7824112783023,True,"blue_error:RPC错误: HTTPConnectionPool(host='192.168.0.63', port=80): Max retries exceeded with url: /rpc/Light.Set (Caused by NewConnectionError('<urllib3.connection.HTTPConnection object at 0x7ffeadf4ec10>: Failed to establish a new connection: [Errno 113] No route to host'))"
2025-11-22 23:45:05,2025-11-22T23:44:58.806000,27.87,504.0,1.7154524385480967,95.0,28.0,29.908252544200586,76.64513905509547,16.272348062413947,1.6,-1544.6303499842973,True,"blue_error:RPC错误: HTTPConnectionPool(host='192.168.0.63', port=80): Max retries exceeded with url: /rpc/Light.Set (Caused by NewConnectionError('<urllib3.connection.HTTPConnection object at 0x7ffeadf21b10>: Failed to establish a new connection: [Errno 113] No route to host'))"
2025-11-23 00:00:05,2025-11-22T23:59:56.080000,28.5,503.0,1.153403266189995,28.345291344765748,7.115097114921917,27.13416525541401,24.044061048005435,7.503143083948433,1.6,-1476.5004040591002,True,"blue_error:RPC错误: HTTPConnectionPool(host='192.168.0.63', port=80): Max retries exceeded with url: /rpc/Light.Set (Caused by NewConnectionError('<urllib3.connection.HTTPConnection object at 0x7ffeadf3bc90>: Failed to establish a new connection: [Errno 113] No route to host'))"
2025-11-23 00:15:05,2025-11-23T00:14:58.930000,27.62,505.0,0.7667319161794792,19.0,4.0,25.225684414668844,16.55682351251732,1.5806564385959527,1.6,-1411.6319313694,True,"blue_error:RPC错误: HTTPConnectionPool(host='192.168.0.63', port=80): Max retries exceeded with url: /rpc/Light.Set (Caused by NewConnectionError('<urllib3.connection.HTTPConnection object at 0x7ffeadf3cd10>: Failed to establish a new connection: [Errno 113] No route to host'))"
2025-11-23 00:30:05,2025-11-23T00:29:56.208000,27.06,505.0,1.1586454604553034,28.721545472035764,7.240515157345255,27.16003897819832,24.345507404320077,7.601741891659584,1.6,-1532.7460582472324,True,"blue_error:RPC错误: HTTPConnectionPool(host='192.168.0.63', port=80): Max retries exceeded with url: /rpc/Light.Set (Caused by NewConnectionError('<urllib3.connection.HTTPConnection object at 0x7ffeadf15750>: Failed to establish a new connection: [Errno 113] No route to host'))"
2025-11-23 00:45:05,2025-11-23T00:44:59.072000,27.0,506.0,1.06852893313567,22.509267340114402,5.169755780038134,26.715253850416463,19.36836968926476,5.947780304254536,1.6,-1423.663060436335,True,"blue_error:RPC错误: HTTPConnectionPool(host='192.168.0.63', port=80): Max retries exceeded with url: /rpc/Light.Set (Caused by NewConnectionError('<urllib3.connection.HTTPConnection object at 0x7ffeadf19d50>: Failed to establish a new connection: [Errno 113] No route to host'))"
2025-11-23 09:00:05,2025-11-23T05:49:54.629000,23.38,549.0,1.0987151914120383,24.579431784679215,5.859810594893072,26.86424315508739,21.026938947531914,6.490595281059544,1.6,-1666.3804112298515,True,"blue_error:RPC错误: HTTPConnectionPool(host='192.168.0.63', port=80): Max retries exceeded with url: /rpc/Light.Set (Caused by NewConnectionError('<urllib3.connection.HTTPConnection object at 0x7ffeadf3bc10>: Failed to establish a new connection: [Errno 113] No route to host'))"
2025-11-23 09:15:05,2025-11-23T09:14:58.816000,23.69,546.0,1.0288144435150506,19.78565967751754,4.261886559172513,26.519236373200055,17.18627640067404,5.255914219229599,1.6,-1488.2781314762515,True,"blue_error:RPC错误: HTTPConnectionPool(host='192.168.0.63', port=80): Max retries exceeded with url: /rpc/Light.Set (Caused by NewConnectionError('<urllib3.connection.HTTPConnection object at 0x7ffeadf1bb10>: Failed to establish a new connection: [Errno 113] No route to host'))"
2025-11-23 09:30:05,2025-11-23T09:29:58.662000,23.99,545.0,1.4877004049446665,64.07620029869543,17.722860089608627,28.78414445457596,51.888188454712534,13.579642847541177,1.6,-1495.4750740317031,True,"blue_error:RPC错误: HTTPConnectionPool(host='192.168.0.63', port=80): Max retries exceeded with url: /rpc/Light.Set (Caused by NewConnectionError('<urllib3.connection.HTTPConnection object at 0x7ffeadf273d0>: Failed to establish a new connection: [Errno 113] No route to host'))"
2025-11-23 09:45:05,2025-11-23T09:44:57.471000,25.0,544.0,1.404977302872687,52.599355705199514,14.399838926299878,28.375850808338434,42.99519841888578,12.209086072739309,1.6,-1453.8872375663036,True,"blue_error:RPC错误: HTTPConnectionPool(host='192.168.0.63', port=80): Max retries exceeded with url: /rpc/Light.Set (Caused by NewConnectionError('<urllib3.connection.HTTPConnection object at 0x7ffeadf33dd0>: Failed to establish a new connection: [Errno 113] No route to host'))"
2025-11-23 10:00:05,2025-11-23T10:00:00.348000,25.27,542.0,1.4325081809599178,55.72753030692527,15.218259092077579,28.51173404188274,45.36664073597013,12.68247317158365,1.6,-1578.8561980196944,True,"blue_error:RPC错误: HTTPConnectionPool(host='192.168.0.63', port=80): Max retries exceeded with url: /rpc/Light.Set (Caused by NewConnectionError('<urllib3.connection.HTTPConnection object at 0x7ffeadf1af50>: Failed to establish a new connection: [Errno 113] No route to host'))"
2025-11-23 10:15:05,2025-11-23T10:14:57.676000,25.74,539.0,1.2076568255098763,32.239295378207046,8.413098459402349,27.40194273233701,27.163849622478672,8.531866528234733,1.6,-1485.7849266187018,True,"blue_error:RPC错误: HTTPConnectionPool(host='192.168.0.63', port=80): Max retries exceeded with url: /rpc/Light.Set (Caused by NewConnectionError('<urllib3.connection.HTTPConnection object at 0x7ffeadf31690>: Failed to establish a new connection: [Errno 113] No route to host'))"
2025-11-23 10:30:05,2025-11-23T10:29:54.976000,25.55,539.0,1.2992311865288109,40.18802962940681,10.956408888822043,27.853923241116274,33.46834253703758,10.276827501370116,1.6,-1344.4768665723495,True,"blue_error:RPC错误: HTTPConnectionPool(host='192.168.0.63', port=80): Max retries exceeded with url: /rpc/Light.Set (Caused by NewConnectionError('<urllib3.connection.HTTPConnection object at 0x7ffeadf18cd0>: Failed to establish a new connection: [Errno 113] No route to host'))"
2025-11-23 10:45:05,2025-11-23T10:44:57.888000,25.62,540.0,1.387381277300968,50.734482724754926,13.933620681188732,28.289002693845404,41.594484967688494,11.898852774916687,1.6,-1332.0536038690436,True,"blue_error:RPC错误: HTTPConnectionPool(host='192.168.0.63', port=80): Max retries exceeded with url: /rpc/Light.Set (Caused by NewConnectionError('<urllib3.connection.HTTPConnection object at 0x7ffeadf19f10>: Failed to establish a new connection: [Errno 113] No route to host'))"
2025-11-23 11:00:05,2025-11-23T10:59:55.088000,25.94,538.0,1.100050861701202,24.671031648331507,5.890343882777168,26.87083557823007,21.100326701009195,6.514910980083023,1.6,-1323.7536466385095,True,"blue_error:RPC错误: HTTPConnectionPool(host='192.168.0.63', port=80): Max retries exceeded with url: /rpc/Light.Set (Caused by NewConnectionError('<urllib3.connection.HTTPConnection object at 0x7ffeadf18e10>: Failed to establish a new connection: [Errno 113] No route to host'))"
2025-11-23 11:15:05,2025-11-23T11:14:58.024000,25.74,534.0,1.1988894992968948,31.61002784140721,8.203342613802404,27.3586701337812,26.65969460498628,8.364657353712502,1.6,-1520.2313844405355,True,"blue_error:RPC错误: HTTPConnectionPool(host='192.168.0.63', port=80): Max retries exceeded with url: /rpc/Light.Set (Caused by NewConnectionError('<urllib3.connection.HTTPConnection object at 0x7ffeadf306d0>: Failed to establish a new connection: [Errno 113] No route to host'))"
2025-11-23 11:30:05,2025-11-23T11:29:55.347000,25.62,532.0,1.4695992387591383,61.33812141658835,16.901436424976506,28.6948031344619,49.74934333268178,13.293732645904893,1.6,-1483.174806622308,True,"blue_error:RPC错误: HTTPConnectionPool(host='192.168.0.63', port=80): Max retries exceeded with url: /rpc/Light.Set (Caused by NewConnectionError('<urllib3.connection.HTTPConnection object at 0x7ffeadf3f790>: Failed to establish a new connection: [Errno 113] No route to host'))"
2025-11-23 11:45:05,2025-11-23T11:44:58.175000,26.41,532.0,1.3738299900084339,49.298281724757196,13.574570431189299,28.22211805870362,40.515748731808124,11.656287864304561,1.6,-1663.153393033003,True,"blue_error:RPC错误: HTTPConnectionPool(host='192.168.0.63', port=80): Max retries exceeded with url: /rpc/Light.Set (Caused by NewConnectionError('<urllib3.connection.HTTPConnection object at 0x7ffeadf2e950>: Failed to establish a new connection: [Errno 113] No route to host'))"
2025-11-23 12:00:05,2025-11-23T11:59:55.455000,26.49,530.0,1.2746740512905625,37.052652552694475,10.015795765808342,27.732717410623504,31.019148684341637,9.811441159812487,1.6,-1395.3885732948663,True,"blue_error:RPC错误: HTTPConnectionPool(host='192.168.0.63', port=80): Max retries exceeded with url: /rpc/Light.Set (Caused by NewConnectionError('<urllib3.connection.HTTPConnection object at 0x7ffeadf4ea10>: Failed to establish a new connection: [Errno 113] No route to host'))"
2025-11-23 12:15:05,2025-11-23T12:14:58.401000,26.37,530.0,1.0226801887422163,19.364974344199336,4.121658114733112,26.488959737225123,16.849232759973255,5.151579312576226,1.6,-1366.2605494783293,True,"blue_error:RPC错误: HTTPConnectionPool(host='192.168.0.63', port=80): Max retries exceeded with url: /rpc/Light.Set (Caused by NewConnectionError('<urllib3.connection.HTTPConnection object at 0x7ffeadf4f110>: Failed to establish a new connection: [Errno 113] No route to host'))"
2025-11-23 12:30:05,2025-11-23T12:29:55.717000,26.02,528.0,1.210266540073335,32.42660546741836,8.47553515580612,27.414823413163347,27.313918259076512,8.581681365874935,1.6,-1548.811009502522,True,"blue_error:RPC错误: HTTPConnectionPool(host='192.168.0.63', port=80): Max retries exceeded with url: /rpc/Light.Set (Caused by NewConnectionError('<urllib3.connection.HTTPConnection object at 0x7ffeadf4f110>: Failed to establish a new connection: [Errno 113] No route to host'))"
2025-11-23 12:45:05,2025-11-23T12:44:58.604000,26.22,525.0,1.2304742483171511,33.87699689600781,8.958998965335935,27.51456192241065,28.475939296694293,8.967815387260115,1.6,-1524.0682640072953,True,"blue_error:RPC错误: HTTPConnectionPool(host='192.168.0.63', port=80): Max retries exceeded with url: /rpc/Light.Set (Caused by NewConnectionError('<urllib3.connection.HTTPConnection object at 0x7ffeadf198d0>: Failed to establish a new connection: [Errno 113] No route to host'))"
2025-11-23 13:00:05,2025-11-23T12:59:55.850000,26.25,526.0,1.1636407877606052,29.080080928862035,7.360026976287345,27.184694247990507,24.63275795982647,7.695894744898218,1.6,-1437.5403953427917,True,"blue_error:RPC错误: HTTPConnectionPool(host='192.168.0.63', port=80): Max retries exceeded with url: /rpc/Light.Set (Caused by NewConnectionError('<urllib3.connection.HTTPConnection object at 0x7ffeadf3a6d0>: Failed to establish a new connection: [Errno 113] No route to host'))"
2025-11-23 13:15:05,2025-11-23T13:14:58.729000,26.25,525.0,1.6002029817463268,82.36723447337907,23.946893789351627,29.339419657547662,66.61887979457522,15.138502631688588,1.6,-1602.566705473142,True,"blue_error:RPC错误: HTTPConnectionPool(host='192.168.0.63', port=80): Max retries exceeded with url: /rpc/Light.Set (Caused by NewConnectionError('<urllib3.connection.HTTPConnection object at 0x7ffeadf3ec10>: Failed to establish a new connection: [Errno 113] No route to host'))"
2025-11-23 13:30:05,2025-11-23T13:29:56.030000,27.3,527.0,1.4237156633539254,54.58529633803514,14.896324084508786,28.46833710701158,44.48684626131896,12.532983586807436,1.6,-1395.4500889338374,True,"blue_error:RPC错误: HTTPConnectionPool(host='192.168.0.63', port=80): Max retries exceeded with url: /rpc/Light.Set (Caused by NewConnectionError('<urllib3.connection.HTTPConnection object at 0x7ffeadf18490>: Failed to establish a new connection: [Errno 113] No route to host'))"
2025-11-23 13:45:05,2025-11-23T13:44:58.862000,27.25,522.0,1.2869600278731719,38.60826241131882,10.482478723395644,27.793356894042994,32.23431037294178,10.044729698895493,1.6,-1465.6296373785253,True,"blue_error:RPC错误: HTTPConnectionPool(host='192.168.0.63', port=80): Max retries exceeded with url: /rpc/Light.Set (Caused by NewConnectionError('<urllib3.connection.HTTPConnection object at 0x7ffeadf31690>: Failed to establish a new connection: [Errno 113] No route to host'))"
2025-11-23 14:00:05,2025-11-23T13:59:56.211000,27.06,522.0,0.9947823016280214,19.0,4.0,26.351265069509854,16.55682351251732,4.686426516657763,1.6,-1393.9982795338549,True,"blue_error:RPC错误: HTTPConnectionPool(host='192.168.0.63', port=80): Max retries exceeded with url: /rpc/Light.Set (Caused by NewConnectionError('<urllib3.connection.HTTPConnection object at 0x7ffeadf26a90>: Failed to establish a new connection: [Errno 113] No route to host'))"
2025-11-23 14:15:05,2025-11-23T14:14:59.084000,26.69,520.0,1.153607262908254,28.35993303931387,7.1199776797712895,27.13517211518876,24.055791644833246,7.506975859938814,1.6,-1408.472264926913,True,"blue_error:RPC错误: HTTPConnectionPool(host='192.168.0.63', port=80): Max retries exceeded with url: /rpc/Light.Set (Caused by NewConnectionError('<urllib3.connection.HTTPConnection object at 0x7ffeadefdf90>: Failed to establish a new connection: [Errno 113] No route to host'))"
2025-11-23 14:30:05,2025-11-23T14:29:56.332000,26.73,519.0,1.526262923592391,69.85849348708199,19.457548046124593,28.974476187216766,56.405015804337665,14.158501010094284,1.6,-1607.0612143740902,True,"blue_error:RPC错误: HTTPConnectionPool(host='192.168.0.63', port=80): Max retries exceeded with url: /rpc/Light.Set (Caused by NewConnectionError('<urllib3.connection.HTTPConnection object at 0x7ffeadf17c50>: Failed to establish a new connection: [Errno 113] No route to host'))"
2025-11-23 14:45:05,2025-11-23T14:44:59.281000,27.5,518.0,1.4684247080996873,61.16045564842357,16.84813669452707,28.68900604279641,49.61056005507998,13.274887026815634,1.6,-1479.1124321754155,True,"blue_error:RPC错误: HTTPConnectionPool(host='192.168.0.63', port=80): Max retries exceeded with url: /rpc/Light.Set (Caused by NewConnectionError('<urllib3.connection.HTTPConnection object at 0x7ffeadf3bc90>: Failed to establish a new connection: [Errno 113] No route to host'))"
2025-11-23 15:00:05,2025-11-23T14:59:56.586000,27.62,517.0,0.9983166503037085,19.0,4.0,26.36870943597734,16.55682351251732,4.7444798443246805,1.6,-1492.613657301521,True,"blue_error:RPC错误: HTTPConnectionPool(host='192.168.0.63', port=80): Max retries exceeded with url: /rpc/Light.Set (Caused by NewConnectionError('<urllib3.connection.HTTPConnection object at 0x7ffeadefeb90>: Failed to establish a new connection: [Errno 113] No route to host'))"
2025-11-23 15:15:05,2025-11-23T15:14:59.475000,27.1,516.0,1.4457806462304763,57.73519415014604,15.820558245043813,28.577242504502554,46.934923536663504,12.9049139811291,1.6,-1495.1261164992343,True,"blue_error:RPC错误: HTTPConnectionPool(host='192.168.0.63', port=80): Max retries exceeded with url: /rpc/Light.Set (Caused by NewConnectionError('<urllib3.connection.HTTPConnection object at 0x7ffeadf2f790>: Failed to establish a new connection: [Errno 113] No route to host'))"
2025-11-23 15:30:05,2025-11-23T15:29:56.741000,27.5,516.0,1.3237459001770435,43.34401041892221,11.903203125676663,27.97491969278701,35.93363094088489,10.73695518225053,1.6,-1527.9763334685185,True,"blue_error:RPC错误: HTTPConnectionPool(host='192.168.0.63', port=80): Max retries exceeded with url: /rpc/Light.Set (Caused by NewConnectionError('<urllib3.connection.HTTPConnection object at 0x7ffeadf18550>: Failed to establish a new connection: [Errno 113] No route to host'))"
2025-11-23 15:45:05,2025-11-23T15:44:59.594000,27.47,514.0,1.0354881417683814,20.243339881248374,4.414446627082792,26.552175522307042,17.552959500665636,5.370227159028476,1.6,-1452.6949748093737,True,"blue_error:RPC错误: HTTPConnectionPool(host='192.168.0.63', port=80): Max retries exceeded with url: /rpc/Light.Set (Caused by NewConnectionError('<urllib3.connection.HTTPConnection object at 0x7ffeaf05ca10>: Failed to establish a new connection: [Errno 113] No route to host'))"
2025-11-23 16:00:05,2025-11-23T15:59:56.847000,27.0,514.0,1.1221138921686202,26.184107591525038,6.394702530508346,26.979731339280637,22.312569163869153,6.919812247820927,1.6,-1418.1571012085014,True,"blue_error:RPC错误: HTTPConnectionPool(host='192.168.0.63', port=80): Max retries exceeded with url: /rpc/Light.Set (Caused by NewConnectionError('<urllib3.connection.HTTPConnection object at 0x7ffeadf325d0>: Failed to establish a new connection: [Errno 113] No route to host'))"
2025-11-23 16:15:05,2025-11-23T16:14:59.733000,26.87,514.0,1.2984899401812042,40.09260288827032,10.927780866481097,27.850264696327162,33.39380011931366,10.262837083003575,1.6,-1471.4912092138568,True,"blue_error:RPC错误: HTTPConnectionPool(host='192.168.0.63', port=80): Max retries exceeded with url: /rpc/Light.Set (Caused by NewConnectionError('<urllib3.connection.HTTPConnection object at 0x7ffeadefff10>: Failed to establish a new connection: [Errno 113] No route to host'))"
2025-11-23 16:30:05,2025-11-23T16:29:57.006000,27.0,515.0,1.4872874231470765,64.01373047066967,17.7041191412009,28.78210611413968,51.83939026711461,13.573216641510893,1.6,-1448.2185169418706,True,"blue_error:RPC错误: HTTPConnectionPool(host='192.168.0.63', port=80): Max retries exceeded with url: /rpc/Light.Set (Caused by NewConnectionError('<urllib3.connection.HTTPConnection object at 0x7ffeadf3cd10>: Failed to establish a new connection: [Errno 113] No route to host'))"
2025-11-23 16:45:05,2025-11-23T16:44:59.990000,27.73,513.0,1.1838758807919159,30.532437877765638,7.844145959255212,27.284567919416908,25.79635372817548,8.078999240567827,1.6,-1539.4516193298573,True,"blue_error:RPC错误: HTTPConnectionPool(host='192.168.0.63', port=80): Max retries exceeded with url: /rpc/Light.Set (Caused by NewConnectionError('<urllib3.connection.HTTPConnection object at 0x7ffeadf27b90>: Failed to establish a new connection: [Errno 113] No route to host'))"
2025-11-23 17:00:05,2025-11-23T16:59:57.202000,27.5,513.0,1.3708554120330028,48.98302814252083,13.495757035630207,28.20743653374642,40.278960522741286,11.602649214517042,1.6,-1369.2924881197823,True,"blue_error:RPC错误: HTTPConnectionPool(host='192.168.0.63', port=80): Max retries exceeded with url: /rpc/Light.Set (Caused by NewConnectionError('<urllib3.connection.HTTPConnection object at 0x7ffeadf3b010>: Failed to establish a new connection: [Errno 113] No route to host'))"
2025-11-23 17:15:05,2025-11-23T17:15:00.090000,27.5,511.0,1.3315151341510014,44.344207831908484,12.203262349572544,28.013266040883817,36.71493325171795,10.88158509030624,1.6,-1394.9712535849555,True,"blue_error:RPC错误: HTTPConnectionPool(host='192.168.0.63', port=80): Max retries exceeded with url: /rpc/Light.Set (Caused by NewConnectionError('<urllib3.connection.HTTPConnection object at 0x7ffeadeff190>: Failed to establish a new connection: [Errno 113] No route to host'))"
2025-11-23 17:30:05,2025-11-23T17:29:57.416000,27.55,512.0,1.3884636575346887,50.84919622322116,13.96229905580529,28.2943449617388,41.6806467288489,11.918095045861033,1.6,-1381.0313966563194,True,"blue_error:RPC错误: HTTPConnectionPool(host='192.168.0.63', port=80): Max retries exceeded with url: /rpc/Light.Set (Caused by NewConnectionError('<urllib3.connection.HTTPConnection object at 0x7ffeae4d02d0>: Failed to establish a new connection: [Errno 113] No route to host'))"
2025-11-23 17:45:05,2025-11-23T17:45:00.283000,27.69,511.0,1.3257862001777228,43.60667502514151,11.982002507542454,27.984989933213573,36.13881089950973,10.774998272258362,1.6,-1610.8433431934309,True,"blue_error:RPC错误: HTTPConnectionPool(host='192.168.0.63', port=80): Max retries exceeded with url: /rpc/Light.Set (Caused by NewConnectionError('<urllib3.connection.HTTPConnection object at 0x7ffeadee6f50>: Failed to establish a new connection: [Errno 113] No route to host'))"
2025-11-23 18:00:05,2025-11-23T17:59:57.550000,27.62,505.0,1.0680525458568688,22.47659684490469,5.158865614968231,26.712902561668688,19.342194822263515,5.939323522824527,1.6,-1350.804614489483,True,"blue_error:RPC错误: HTTPConnectionPool(host='192.168.0.63', port=80): Max retries exceeded with url: /rpc/Light.Set (Caused by NewConnectionError('<urllib3.connection.HTTPConnection object at 0x7ffeadf1a0d0>: Failed to establish a new connection: [Errno 113] No route to host'))"
2025-11-23 18:15:05,2025-11-23T18:15:00.469000,27.24,507.0,1.3578747058765832,47.6072988291295,13.151824707282374,28.14336809682138,39.24564480918838,11.36702530791754,1.6,-1407.7527702641423,True,"blue_error:RPC错误: HTTPConnectionPool(host='192.168.0.63', port=80): Max retries exceeded with url: /rpc/Light.Set (Caused by NewConnectionError('<urllib3.connection.HTTPConnection object at 0x7ffeadf2c210>: Failed to establish a new connection: [Errno 113] No route to host'))"
2025-11-23 18:30:05,2025-11-23T18:29:57.691000,27.53,506.0,1.3951275679404151,51.555454941082786,14.138863735270697,28.327235801293956,42.21112043751847,12.036114202490602,1.6,-1616.7325887285567,True,"blue_error:RPC错误: HTTPConnectionPool(host='192.168.0.63', port=80): Max retries exceeded with url: /rpc/Light.Set (Caused by NewConnectionError('<urllib3.connection.HTTPConnection object at 0x7ffeadeff910>: Failed to establish a new connection: [Errno 113] No route to host'))"
2025-11-23 18:45:05,2025-11-23T18:44:54.984000,27.62,507.0,1.5180056642676982,68.62240098916757,19.086720296750272,28.933721108730055,55.43944449562923,14.03819071939354,1.6,-1535.3924039669466,True,"blue_error:RPC错误: HTTPConnectionPool(host='192.168.0.63', port=80): Max retries exceeded with url: /rpc/Light.Set (Caused by NewConnectionError('<urllib3.connection.HTTPConnection object at 0x7ffeadf33090>: Failed to establish a new connection: [Errno 113] No route to host'))"
2025-11-23 19:00:05,2025-11-23T18:59:57.877000,28.05,506.0,1.141315134699137,27.500922985278564,6.833640995092855,27.074502269392205,23.367572082418302,7.276666061224897,1.6,-1493.2631791398276,True,"blue_error:RPC错误: HTTPConnectionPool(host='192.168.0.63', port=80): Max retries exceeded with url: /rpc/Light.Set (Caused by NewConnectionError('<urllib3.connection.HTTPConnection object at 0x7ffeadf19f90>: Failed to establish a new connection: [Errno 113] No route to host'))"
2025-11-23 19:15:05,2025-11-23T19:14:55.070000,27.5,506.0,1.3802623094050295,49.97999581953438,13.744998954883595,28.253865842266126,41.027786877268056,11.771800029093646,1.6,-1432.6056210953875,True,"blue_error:RPC错误: HTTPConnectionPool(host='192.168.0.63', port=80): Max retries exceeded with url: /rpc/Light.Set (Caused by NewConnectionError('<urllib3.connection.HTTPConnection object at 0x7ffeadf23ad0>: Failed to establish a new connection: [Errno 113] No route to host'))"
2025-11-23 19:30:05,2025-11-23T19:29:57.924000,27.94,506.0,1.6271724414872697,87.48623520263648,25.745870560790944,29.472531917350302,70.77577594435844,15.448969017888441,1.6,-1398.7725431709023,True,"blue_error:RPC错误: HTTPConnectionPool(host='192.168.0.63', port=80): Max retries exceeded with url: /rpc/Light.Set (Caused by NewConnectionError('<urllib3.connection.HTTPConnection object at 0x7ffeadf17f10>: Failed to establish a new connection: [Errno 113] No route to host'))"
2025-11-23 19:45:05,2025-11-23T19:44:55.185000,28.5,505.0,1.4376286669638918,56.502082313680226,15.450624694104068,28.537007053275033,45.971680565988514,12.768758470071933,1.6,-1350.106842908325,True,"blue_error:RPC错误: HTTPConnectionPool(host='192.168.0.63', port=80): Max retries exceeded with url: /rpc/Light.Set (Caused by NewConnectionError('<urllib3.connection.HTTPConnection object at 0x7ffeadf4e190>: Failed to establish a new connection: [Errno 113] No route to host'))"
2025-11-23 20:00:05,2025-11-23T19:59:58.081000,28.5,505.0,0.94815355971962,19.0,4.0,26.121121148689717,16.55682351251732,3.9460397015347555,1.6,-1372.653823498343,True,"blue_error:RPC错误: HTTPConnectionPool(host='192.168.0.63', port=80): Max retries exceeded with url: /rpc/Light.Set (Caused by NewConnectionError('<urllib3.connection.HTTPConnection object at 0x7ffeadf4e190>: Failed to establish a new connection: [Errno 113] No route to host'))"
2025-11-23 20:15:05,2025-11-23T20:14:55.275000,27.62,504.0,1.1970055126615955,31.47480626979473,8.158268756598243,27.349371404000493,26.551358118810093,8.328759812131379,1.6,-1604.9221236527355,True,"blue_error:RPC错误: HTTPConnectionPool(host='192.168.0.63', port=80): Max retries exceeded with url: /rpc/Light.Set (Caused by NewConnectionError('<urllib3.connection.HTTPConnection object at 0x7ffeadf3fe50>: Failed to establish a new connection: [Errno 113] No route to host'))"
2025-11-23 20:30:05,2025-11-23T20:29:58.220000,27.5,503.0,1.5341937970159616,71.04572677542842,19.813718032628525,29.013620333735116,57.332420834224244,14.272106481633633,1.6,-1454.5240118876955,True,"blue_error:RPC错误: HTTPConnectionPool(host='192.168.0.63', port=80): Max retries exceeded with url: /rpc/Light.Set (Caused by NewConnectionError('<urllib3.connection.HTTPConnection object at 0x7ffeadf4f550>: Failed to establish a new connection: [Errno 113] No route to host'))"
2025-11-23 20:45:05,2025-11-23T20:44:55.492000,27.97,503.0,1.3837630192378536,50.35101023713689,13.837752559284223,28.271144178622755,41.30645726971487,11.834383478884895,1.6,-1462.4148392847799,True,"blue_error:RPC错误: HTTPConnectionPool(host='192.168.0.63', port=80): Max retries exceeded with url: /rpc/Light.Set (Caused by NewConnectionError('<urllib3.connection.HTTPConnection object at 0x7ffeadf4fed0>: Failed to establish a new connection: [Errno 113] No route to host'))"
2025-11-23 21:00:05,2025-11-23T20:59:58.363000,28.08,504.0,1.4736088762273638,61.94464055265544,17.08339216579663,28.714593367915285,50.22312460467972,13.35780302605469,1.6,-1618.9040248033668,True,"blue_error:RPC错误: HTTPConnectionPool(host='192.168.0.63', port=80): Max retries exceeded with url: /rpc/Light.Set (Caused by NewConnectionError('<urllib3.connection.HTTPConnection object at 0x7ffeadf2fc50>: Failed to establish a new connection: [Errno 113] No route to host'))"
2025-11-23 21:15:05,2025-11-23T21:14:55.577000,28.12,502.0,0.9412802784801868,19.0,4.0,26.087196924518064,16.55682351251732,3.841099242467193,1.6,-1459.9364172144046,True,"blue_error:RPC错误: HTTPConnectionPool(host='192.168.0.63', port=80): Max retries exceeded with url: /rpc/Light.Set (Caused by NewConnectionError('<urllib3.connection.HTTPConnection object at 0x7ffeadf14590>: Failed to establish a new connection: [Errno 113] No route to host'))"
2025-11-23 21:30:05,2025-11-23T21:29:58.471000,27.5,503.0,1.4542805843936462,59.020940104039255,16.206282031211778,28.619195364810118,47.93928154827017,13.045242909565712,1.6,-1602.1253005351946,True,"blue_error:RPC错误: HTTPConnectionPool(host='192.168.0.63', port=80): Max retries exceeded with url: /rpc/Light.Set (Caused by NewConnectionError('<urllib3.connection.HTTPConnection object at 0x7ffeaf96ba90>: Failed to establish a new connection: [Errno 113] No route to host'))"
2025-11-23 21:45:05,2025-11-23T21:44:55.671000,27.87,504.0,1.265249048814683,36.37292923845751,9.79097641281917,27.686198741348672,30.475624232241543,9.631989174818,1.6,-1428.9878996500695,True,"blue_error:RPC错误: HTTPConnectionPool(host='192.168.0.63', port=80): Max retries exceeded with url: /rpc/Light.Set (Caused by NewConnectionError('<urllib3.connection.HTTPConnection object at 0x7ffeadf14b90>: Failed to establish a new connection: [Errno 113] No route to host'))"
2025-11-23 22:00:05,2025-11-23T21:59:58.627000,27.75,503.0,1.5289235321520263,70.25678039453287,19.57703411835986,28.98760806383666,56.71613686616569,14.196827736303344,1.6,-1632.9811017488514,True,"blue_error:RPC错误: HTTPConnectionPool(host='192.168.0.63', port=80): Max retries exceeded with url: /rpc/Light.Set (Caused by NewConnectionError('<urllib3.connection.HTTPConnection object at 0x7ffeadf17050>: Failed to establish a new connection: [Errno 113] No route to host'))"
2025-11-23 22:15:05,2025-11-23T22:14:55.902000,28.27,503.0,1.3979214145372088,51.85155413738319,14.212888534345797,28.34102529643451,42.4335217117585,12.085358442785965,1.6,-1474.026828128112,True,"blue_error:RPC错误: HTTPConnectionPool(host='192.168.0.63', port=80): Max retries exceeded with url: /rpc/Light.Set (Caused by NewConnectionError('<urllib3.connection.HTTPConnection object at 0x7ffeadf16c10>: Failed to establish a new connection: [Errno 113] No route to host'))"
2025-11-23 22:30:05,2025-11-23T22:29:58.708000,28.25,504.0,1.6037227798428275,83.02999638316247,24.21199855326499,29.356792207208454,67.17641924928057,15.180513386665826,1.6,-1407.2828672538399,True,"blue_error:RPC错误: HTTPConnectionPool(host='192.168.0.63', port=80): Max retries exceeded with url: /rpc/Light.Set (Caused by NewConnectionError('<urllib3.connection.HTTPConnection object at 0x7ffeb1294550>: Failed to establish a new connection: [Errno 113] No route to host'))"
2025-11-23 22:45:05,2025-11-23T22:44:55.942000,28.62,503.0,1.3717941902102215,49.08252231807717,13.520630579519292,28.21207002977576,40.35369099043476,11.61959239350162,1.6,-1534.3045540508904,True,"blue_error:RPC错误: HTTPConnectionPool(host='192.168.0.63', port=80): Max retries exceeded with url: /rpc/Light.Set (Caused by NewConnectionError('<urllib3.connection.HTTPConnection object at 0x7ffeadf2e2d0>: Failed to establish a new connection: [Errno 113] No route to host'))"
2025-11-23 23:00:05,2025-11-23T22:59:58.852000,28.44,503.0,1.4612421452041466,60.07398289953466,16.5221948698604,28.653555307506057,48.76186392935255,13.158886968244326,1.6,-1468.0118394308654,True,"blue_error:RPC错误: HTTPConnectionPool(host='192.168.0.63', port=80): Max retries exceeded with url: /rpc/Light.Set (Caused by NewConnectionError('<urllib3.connection.HTTPConnection object at 0x7ffeadf33710>: Failed to establish a new connection: [Errno 113] No route to host'))"
2025-11-23 23:15:05,2025-11-23T23:14:56.078000,28.3,501.0,1.3787902022761462,49.823978041668305,13.705994510417076,28.246600012380043,40.910601308934694,11.745422491174516,1.6,-1503.0350895034503,True,"blue_error:RPC错误: HTTPConnectionPool(host='192.168.0.63', port=80): Max retries exceeded with url: /rpc/Light.Set (Caused by NewConnectionError('<urllib3.connection.HTTPConnection object at 0x7ffeadefeb90>: Failed to establish a new connection: [Errno 113] No route to host'))"
2025-11-23 23:30:05,2025-11-23T23:29:58.956000,28.13,499.0,1.3160130071847527,42.34849147951141,11.604547443853422,27.936752711657125,35.15598321080581,10.59239354356535,1.6,-1398.6125351343708,True,"blue_error:RPC错误: HTTPConnectionPool(host='192.168.0.63', port=80): Max retries exceeded with url: /rpc/Light.Set (Caused by NewConnectionError('<urllib3.connection.HTTPConnection object at 0x7ffeadf4e950>: Failed to establish a new connection: [Errno 113] No route to host'))"
2025-11-23 23:45:05,2025-11-23T23:44:56.210000,27.97,501.0,1.1986415924241502,31.592234532092817,8.197411510697606,27.35744654812659,26.645439005191214,8.359932985286953,1.6,-1450.2301643310914,True,"blue_error:RPC错误: HTTPConnectionPool(host='192.168.0.63', port=80): Max retries exceeded with url: /rpc/Light.Set (Caused by NewConnectionError('<urllib3.connection.HTTPConnection object at 0x7ffeadf19c50>: Failed to establish a new connection: [Errno 113] No route to host'))"
2025-11-24 00:00:05,2025-11-23T23:59:59.109000,27.59,502.0,1.6081987475671133,83.87280066788145,24.549120267152578,29.378884091299064,67.8854169064922,15.233296148888703,1.6,-1495.6097218828136,True,"blue_error:RPC错误: HTTPConnectionPool(host='192.168.0.63', port=80): Max retries exceeded with url: /rpc/Light.Set (Caused by NewConnectionError('<urllib3.connection.HTTPConnection object at 0x7ffeadf28550>: Failed to establish a new connection: [Errno 113] No route to host'))"
2025-11-24 00:15:05,2025-11-24T00:14:56.368000,28.48,501.0,1.5053710786685996,66.73103293843917,18.519309881531754,28.871361007455477,53.96200593251809,13.850197725711183,1.6,-1460.1640809403168,True,"blue_error:RPC错误: HTTPConnectionPool(host='192.168.0.63', port=80): Max retries exceeded with url: /rpc/Light.Set (Caused by NewConnectionError('<urllib3.connection.HTTPConnection object at 0x7ffeb12b9c50>: Failed to establish a new connection: [Errno 113] No route to host'))"
2025-11-24 00:30:05,2025-11-24T00:29:59.174000,28.59,502.0,1.245021742966368,34.92113120812762,9.307043736042539,27.586363504860756,29.312476256900794,9.245896314657747,1.6,-1470.7971399831865,True,"blue_error:RPC错误: HTTPConnectionPool(host='192.168.0.63', port=80): Max retries exceeded with url: /rpc/Light.Set (Caused by NewConnectionError('<urllib3.connection.HTTPConnection object at 0x7ffeadf38c10>: Failed to establish a new connection: [Errno 113] No route to host'))"
2025-11-24 00:45:05,2025-11-24T00:44:56.390000,27.99,503.0,1.3545169180089747,47.251431656577076,13.062857914144269,28.126795175625013,38.97835157224369,11.305683616413734,1.6,-1611.0318176246687,True,"blue_error:RPC错误: HTTPConnectionPool(host='192.168.0.63', port=80): Max retries exceeded with url: /rpc/Light.Set (Caused by NewConnectionError('<urllib3.connection.HTTPConnection object at 0x7ffeadf3f990>: Failed to establish a new connection: [Errno 113] No route to host'))"
2025-11-24 09:00:05,2025-11-24T08:34:28.459000,23.12,544.0,1.425871415558053,54.8137686155745,14.953442153893626,28.478977181014628,44.65845269013792,12.569787843309735,1.6,-1495.4655070075637,True,"blue_error:RPC错误: HTTPConnectionPool(host='192.168.0.63', port=80): Max retries exceeded with url: /rpc/Light.Set (Caused by NewConnectionError('<urllib3.connection.HTTPConnection object at 0x7ffeadefc710>: Failed to establish a new connection: [Errno 113] No route to host'))"
2025-11-24 09:15:05,2025-11-24T09:14:59.435000,24.25,533.0,1.0438645918163665,20.817794287032985,4.605931429010995,26.59351888645751,18.013199468660435,5.514859059140717,1.6,-1392.7869628767885,True,"blue_error:RPC错误: HTTPConnectionPool(host='192.168.0.63', port=80): Max retries exceeded with url: /rpc/Light.Set (Caused by NewConnectionError('<urllib3.connection.HTTPConnection object at 0x7ffeadf14510>: Failed to establish a new connection: [Errno 113] No route to host'))"
2025-11-24 09:30:05,2025-11-24T09:29:56.736000,24.25,529.0,1.3036757737181928,40.760217907364805,11.128065372209441,27.875860241351035,33.91530632438173,10.360628488453282,1.6,-1427.2504359949355,True,"blue_error:RPC错误: HTTPConnectionPool(host='192.168.0.63', port=80): Max retries exceeded with url: /rpc/Light.Set (Caused by NewConnectionError('<urllib3.connection.HTTPConnection object at 0x7ffeb1284210>: Failed to establish a new connection: [Errno 113] No route to host'))"
2025-11-24 09:45:05,2025-11-24T09:44:59.605000,24.94,526.0,1.6197566881183052,86.06660049637689,25.319980148913068,29.43593023164492,69.66683098795447,15.366242495606976,1.6,-1530.0129426438643,True,"blue_error:RPC错误: HTTPConnectionPool(host='192.168.0.63', port=80): Max retries exceeded with url: /rpc/Light.Set (Caused by NewConnectionError('<urllib3.connection.HTTPConnection object at 0x7ffeadf18d50>: Failed to establish a new connection: [Errno 113] No route to host'))"
2025-11-24 10:00:05,2025-11-24T09:59:56.951000,25.87,528.0,1.0014282592783268,19.0,4.0,26.384067300250937,16.55682351251732,4.79580451141189,1.6,-1467.007611479238,True,"blue_error:RPC错误: HTTPConnectionPool(host='192.168.0.63', port=80): Max retries exceeded with url: /rpc/Light.Set (Caused by NewConnectionError('<urllib3.connection.HTTPConnection object at 0x7ffeadf2e2d0>: Failed to establish a new connection: [Errno 113] No route to host'))"
2025-11-24 10:15:05,2025-11-24T10:14:59.855000,25.44,522.0,1.3966641986780908,51.71831110038603,14.179577775096508,28.334820098196413,42.333442341121795,12.06321628653788,1.6,-1461.6450408365886,True,"blue_error:RPC错误: HTTPConnectionPool(host='192.168.0.63', port=80): Max retries exceeded with url: /rpc/Light.Set (Caused by NewConnectionError('<urllib3.connection.HTTPConnection object at 0x7ffeadf38e90>: Failed to establish a new connection: [Errno 113] No route to host'))"
2025-11-24 10:30:05,2025-11-24T10:29:57.108000,25.74,518.0,1.5179899676037802,68.62005123512105,19.08601537053632,28.933643635231306,55.43760898971551,14.037960071922782,1.6,-1611.1628960621372,True,"blue_error:RPC错误: HTTPConnectionPool(host='192.168.0.63', port=80): Max retries exceeded with url: /rpc/Light.Set (Caused by NewConnectionError('<urllib3.connection.HTTPConnection object at 0x7ffeb12a8c10>: Failed to establish a new connection: [Errno 113] No route to host'))"
2025-11-24 10:45:05,2025-11-24T10:44:59.996000,26.37,516.0,1.3365501851085364,44.99241136894459,12.397723410683376,28.038117373376824,37.22127621441808,10.974964508736209,1.6,-1497.9621245548353,True,"blue_error:RPC错误: HTTPConnectionPool(host='192.168.0.63', port=80): Max retries exceeded with url: /rpc/Light.Set (Caused by NewConnectionError('<urllib3.connection.HTTPConnection object at 0x7ffeadeffc10>: Failed to establish a new connection: [Errno 113] No route to host'))"
2025-11-24 11:00:05,2025-11-24T10:59:57.269000,25.99,513.0,1.558939340102568,74.75007696759216,20.925023090277648,29.135756082539203,60.22606695617453,14.613864040020443,1.6,-1604.7692326784543,True,"blue_error:RPC错误: HTTPConnectionPool(host='192.168.0.63', port=80): Max retries exceeded with url: /rpc/Light.Set (Caused by NewConnectionError('<urllib3.connection.HTTPConnection object at 0x7ffeaf073410>: Failed to establish a new connection: [Errno 113] No route to host'))"
2025-11-24 11:15:05,2025-11-24T11:15:00.140000,26.87,512.0,1.4454218203960645,57.68091624177886,15.804274872533659,28.57547145984119,46.89252445155905,12.898952781657798,1.6,-1475.0568114390567,True,"blue_error:RPC错误: HTTPConnectionPool(host='192.168.0.63', port=80): Max retries exceeded with url: /rpc/Light.Set (Caused by NewConnectionError('<urllib3.connection.HTTPConnection object at 0x7ffeadf24cd0>: Failed to establish a new connection: [Errno 113] No route to host'))"
2025-11-24 11:30:05,2025-11-24T11:29:57.416000,26.74,509.0,1.1830521286528015,30.47331375406797,7.824437918022657,27.28050215355404,25.74898480816316,8.06335645511766,1.6,-1332.0212805028798,True,"blue_error:RPC错误: HTTPConnectionPool(host='192.168.0.63', port=80): Max retries exceeded with url: /rpc/Light.Set (Caused by NewConnectionError('<urllib3.connection.HTTPConnection object at 0x7ffeadf18490>: Failed to establish a new connection: [Errno 113] No route to host'))"
2025-11-24 11:45:05,2025-11-24T11:45:00.363000,26.47,505.0,1.6071825396903094,83.68145336479692,24.472581345918766,29.373868428092983,67.7244485867287,15.221375686661297,1.6,-1524.9381503337688,True,"blue_error:RPC错误: HTTPConnectionPool(host='192.168.0.63', port=80): Max retries exceeded with url: /rpc/Light.Set (Caused by NewConnectionError('<urllib3.connection.HTTPConnection object at 0x7ffeadf4cf50>: Failed to establish a new connection: [Errno 113] No route to host'))"
2025-11-24 12:00:05,2025-11-24T11:59:57.657000,27.0,506.0,1.24617018780622,35.00355987999043,9.334519959996811,27.592031845619516,29.37851625749611,9.267841232226614,1.6,-1423.33694150804,True,"blue_error:RPC错误: HTTPConnectionPool(host='192.168.0.63', port=80): Max retries exceeded with url: /rpc/Light.Set (Caused by NewConnectionError('<urllib3.connection.HTTPConnection object at 0x7ffeadee6e90>: Failed to establish a new connection: [Errno 113] No route to host'))"
2025-11-24 12:15:05,2025-11-24T12:15:00.524000,26.72,505.0,1.216179818475558,32.85102609968238,8.617008699894127,27.44400938346171,27.65395453739999,8.694612497991786,1.6,-1494.4742116174496,True,"blue_error:RPC错误: HTTPConnectionPool(host='192.168.0.63', port=80): Max retries exceeded with url: /rpc/Light.Set (Caused by NewConnectionError('<urllib3.connection.HTTPConnection object at 0x7ffeadf38950>: Failed to establish a new connection: [Errno 113] No route to host'))"
2025-11-24 12:30:05,2025-11-24T12:29:57.794000,26.44,504.0,1.3036249969161715,40.75368099186044,11.126104297558133,27.87560962398875,33.91020002524222,10.359671974411668,1.6,-1396.244775195404,True,"blue_error:RPC错误: HTTPConnectionPool(host='192.168.0.63', port=80): Max retries exceeded with url: /rpc/Light.Set (Caused by NewConnectionError('<urllib3.connection.HTTPConnection object at 0x7ffeb12a8e10>: Failed to establish a new connection: [Errno 113] No route to host'))"
2025-11-24 12:45:05,2025-11-24T12:44:55.052000,26.44,502.0,1.6023510661054199,82.77170894980537,24.108683579922147,29.35002188562461,66.95913845413314,15.164193776686872,1.6,-1486.3890684690195,True,"blue_error:RPC错误: HTTPConnectionPool(host='192.168.0.63', port=80): Max retries exceeded with url: /rpc/Light.Set (Caused by NewConnectionError('<urllib3.connection.HTTPConnection object at 0x7ffeadf2f750>: Failed to establish a new connection: [Errno 113] No route to host'))"
2025-11-24 13:00:05,2025-11-24T12:59:57.922000,27.19,498.0,1.2936509143839057,39.469635282962614,10.740890584888785,27.82638087865677,32.90717015678672,10.17140759750382,1.6,-1486.026226411709,True,"blue_error:RPC错误: HTTPConnectionPool(host='192.168.0.63', port=80): Max retries exceeded with url: /rpc/Light.Set (Caused by NewConnectionError('<urllib3.connection.HTTPConnection object at 0x7ffeadf3a190>: Failed to establish a new connection: [Errno 113] No route to host'))"
2025-11-24 13:15:05,2025-11-24T13:14:55.234000,26.87,499.0,1.6544130420168344,92.70103941834401,27.310311825503202,29.606982437668535,74.84931036003906,15.73521399704222,1.6,-1454.245850641046,True,"blue_error:RPC错误: HTTPConnectionPool(host='192.168.0.63', port=80): Max retries exceeded with url: /rpc/Light.Set (Caused by NewConnectionError('<urllib3.connection.HTTPConnection object at 0x7ffeadf2ab90>: Failed to establish a new connection: [Errno 113] No route to host'))"
2025-11-24 13:30:05,2025-11-24T13:29:58.110000,27.73,497.0,1.0430909366068377,20.764737247221838,4.588245749073946,26.5897003823333,17.97069135999474,5.5014479710619515,1.6,-1361.5876466627542,True,"blue_error:RPC错误: HTTPConnectionPool(host='192.168.0.63', port=80): Max retries exceeded with url: /rpc/Light.Set (Caused by NewConnectionError('<urllib3.connection.HTTPConnection object at 0x7ffeadf2d110>: Failed to establish a new connection: [Errno 113] No route to host'))"
2025-11-24 13:45:05,2025-11-24T13:44:55.301000,26.74,495.0,1.273794373367277,36.98626279098393,9.995420930327976,27.72837561373948,30.967013299402314,9.794708194184027,1.6,-1439.958492446844,True,"blue_error:RPC错误: HTTPConnectionPool(host='192.168.0.63', port=80): Max retries exceeded with url: /rpc/Light.Set (Caused by NewConnectionError('<urllib3.connection.HTTPConnection object at 0x7ffeaec56e90>: Failed to establish a new connection: [Errno 113] No route to host'))"
2025-11-24 14:00:05,2025-11-24T13:59:58.195000,27.0,496.0,1.4609470622850644,60.029347084309926,16.508804125292976,28.65209887661847,48.726996747006126,13.154093889022178,1.6,-1451.279763838286,True,"blue_error:RPC错误: HTTPConnectionPool(host='192.168.0.63', port=80): Max retries exceeded with url: /rpc/Light.Set (Caused by NewConnectionError('<urllib3.connection.HTTPConnection object at 0x7ffeadf27190>: Failed to establish a new connection: [Errno 113] No route to host'))"
2025-11-24 14:15:05,2025-11-24T14:14:55.502000,27.25,494.0,1.0833714938938899,23.527165658834296,5.509055219611431,26.78851178078521,20.18388696080477,6.213019692104421,1.6,-1409.7909774388452,True,"blue_error:RPC错误: HTTPConnectionPool(host='192.168.0.63', port=80): Max retries exceeded with url: /rpc/Light.Set (Caused by NewConnectionError('<urllib3.connection.HTTPConnection object at 0x7ffeadf1a190>: Failed to establish a new connection: [Errno 113] No route to host'))"
2025-11-24 14:30:05,2025-11-24T14:29:58.443000,26.62,493.0,1.1123873892877427,25.517066971597888,6.1723556571992955,26.93172456454777,21.77815120053716,6.740580998200505,1.6,-1455.7346722601847,True,"blue_error:RPC错误: HTTPConnectionPool(host='192.168.0.63', port=80): Max retries exceeded with url: /rpc/Light.Set (Caused by NewConnectionError('<urllib3.connection.HTTPConnection object at 0x7ffeadf27190>: Failed to establish a new connection: [Errno 113] No route to host'))"
2025-11-24 14:45:05,2025-11-24T14:44:55.611000,26.44,492.0,1.3507485649636195,46.820285628781804,12.946085688634541,28.108195841622045,38.6491167232824,11.23665970084129,1.6,-1416.3837550618377,True,"blue_error:RPC错误: HTTPConnectionPool(host='192.168.0.63', port=80): Max retries exceeded with url: /rpc/Light.Set (Caused by NewConnectionError('<urllib3.connection.HTTPConnection object at 0x7ffeadefd550>: Failed to establish a new connection: [Errno 113] No route to host'))"
2025-11-24 15:00:05,2025-11-24T14:59:58.551000,26.74,493.0,1.2319578827819229,33.98348352402627,8.994494508008755,27.52188464738267,28.56125399143347,8.996179258622925,1.6,-1438.0325895151475,True,"blue_error:RPC错误: HTTPConnectionPool(host='192.168.0.63', port=80): Max retries exceeded with url: /rpc/Light.Set (Caused by NewConnectionError('<urllib3.connection.HTTPConnection object at 0x7ffeadf2d110>: Failed to establish a new connection: [Errno 113] No route to host'))"
2025-11-24 15:15:05,2025-11-24T15:14:55.790000,26.49,491.0,0.9705072748186419,19.0,4.0,26.231451632147564,16.55682351251732,4.294922506540057,1.6,-1530.2677300085754,True,"blue_error:RPC错误: HTTPConnectionPool(host='192.168.0.63', port=80): Max retries exceeded with url: /rpc/Light.Set (Caused by NewConnectionError('<urllib3.connection.HTTPConnection object at 0x7ffeadee6e90>: Failed to establish a new connection: [Errno 113] No route to host'))"
2025-11-24 15:30:05,2025-11-24T15:29:58.705000,26.24,494.0,1.4594962655977115,59.809891844180264,16.44296755325408,28.64493822796541,48.55556970269315,13.13049724645496,1.6,-1570.511247092594,True,"blue_error:RPC错误: HTTPConnectionPool(host='192.168.0.63', port=80): Max retries exceeded with url: /rpc/Light.Set (Caused by NewConnectionError('<urllib3.connection.HTTPConnection object at 0x7ffeadf1b090>: Failed to establish a new connection: [Errno 113] No route to host'))"
2025-11-24 15:45:05,2025-11-24T15:44:55.906000,26.74,494.0,0.7402951602758446,19.0,4.0,25.095201403366943,16.55682351251732,1.3094511073208883,1.6,-1437.3821249866905,True,"blue_error:RPC错误: HTTPConnectionPool(host='192.168.0.63', port=80): Max retries exceeded with url: /rpc/Light.Set (Caused by NewConnectionError('<urllib3.connection.HTTPConnection object at 0x7ffeadf2eb90>: Failed to establish a new connection: [Errno 113] No route to host'))"
2025-11-24 16:00:05,2025-11-24T15:59:58.789000,26.37,494.0,0.9912338390332037,19.0,4.0,26.333751041444092,16.55682351251732,4.628405285913623,1.6,-1400.6741448550001,True,"blue_error:RPC错误: HTTPConnectionPool(host='192.168.0.63', port=80): Max retries exceeded with url: /rpc/Light.Set (Caused by NewConnectionError('<urllib3.connection.HTTPConnection object at 0x7ffeadf2b310>: Failed to establish a new connection: [Errno 113] No route to host'))"
2025-11-24 16:15:05,2025-11-24T16:14:56.078000,25.99,493.0,1.339834051037018,45.415170448832065,12.524551134649618,28.054325440532335,37.551513667298074,11.035709503735474,1.6,-1663.906404937942,True,"blue_error:RPC错误: HTTPConnectionPool(host='192.168.0.63', port=80): Max retries exceeded with url: /rpc/Light.Set (Caused by NewConnectionError('<urllib3.connection.HTTPConnection object at 0x7ffeadeff550>: Failed to establish a new connection: [Errno 113] No route to host'))"
2025-11-24 16:30:05,2025-11-24T16:29:59.035000,26.34,493.0,1.3120802561381464,41.84219607948617,11.452658823845852,27.917341963941617,34.76049151999767,10.51865699878569,1.6,-1523.8110907136388,True,"blue_error:RPC错误: HTTPConnectionPool(host='192.168.0.63', port=80): Max retries exceeded with url: /rpc/Light.Set (Caused by NewConnectionError('<urllib3.connection.HTTPConnection object at 0x7ffeadf327d0>: Failed to establish a new connection: [Errno 113] No route to host'))"
2025-11-24 16:45:05,2025-11-24T16:44:50.710000,26.62,493.0,0.8608445555847848,19.0,4.0,25.69019301912609,16.55682351251732,2.6998492306517123,1.6,-1413.9512729216312,True,"blue_error:RPC错误: HTTPConnectionPool(host='192.168.0.63', port=80): Max retries exceeded with url: /rpc/Light.Set (Caused by NewConnectionError('<urllib3.connection.HTTPConnection object at 0x7ffeadf4ec50>: Failed to establish a new connection: [Errno 113] No route to host'))"
2025-11-24 17:00:05,2025-11-24T16:59:59.132000,26.12,492.0,1.628050384399709,87.65430419935224,25.796291259805674,29.476865150799362,70.907062722157,15.458628450527499,1.6,-1614.9824038549698,True,"blue_error:RPC错误: HTTPConnectionPool(host='192.168.0.63', port=80): Max retries exceeded with url: /rpc/Light.Set (Caused by NewConnectionError('<urllib3.connection.HTTPConnection object at 0x7ffeadf175d0>: Failed to establish a new connection: [Errno 113] No route to host'))"
2025-11-24 17:15:05,2025-11-24T17:14:56.427000,27.25,495.0,1.1010024829074705,24.73629354226598,5.912097847421993,26.875532463168046,21.152613064684406,6.5322494849488475,1.6,-1445.844759178532,True,"blue_error:RPC错误: HTTPConnectionPool(host='192.168.0.63', port=80): Max retries exceeded with url: /rpc/Light.Set (Caused by NewConnectionError('<urllib3.connection.HTTPConnection object at 0x7ffeadf327d0>: Failed to establish a new connection: [Errno 113] No route to host'))"
2025-11-24 17:30:05,2025-11-24T17:29:59.284000,26.62,494.0,1.4367537753919313,56.36974155105943,15.41092246531783,28.53268888022505,45.86830283044296,12.754056775953108,1.6,-1416.162711136477,True,"blue_error:RPC错误: HTTPConnectionPool(host='192.168.0.63', port=80): Max retries exceeded with url: /rpc/Light.Set (Caused by NewConnectionError('<urllib3.connection.HTTPConnection object at 0x7ffeadf31cd0>: Failed to establish a new connection: [Errno 113] No route to host'))"
2025-11-24 17:45:05,2025-11-24T17:44:56.542000,26.87,496.0,1.4164255939240258,53.81267564309621,14.703168910774053,28.432355755317726,43.906527809916255,12.40780881219765,1.6,-1646.8252338923642,True,"blue_error:RPC错误: HTTPConnectionPool(host='192.168.0.63', port=80): Max retries exceeded with url: /rpc/Light.Set (Caused by NewConnectionError('<urllib3.connection.HTTPConnection object at 0x7ffeadf4ff10>: Failed to establish a new connection: [Errno 113] No route to host'))"
2025-11-24 18:00:05,2025-11-24T17:59:59.483000,27.12,497.0,1.0607343760868397,21.974718979867557,4.991572993289186,26.67678251606655,18.940101548687693,5.809869806947759,1.6,-1434.319847695779,True,"blue_error:RPC错误: HTTPConnectionPool(host='192.168.0.63', port=80): Max retries exceeded with url: /rpc/Light.Set (Caused by NewConnectionError('<urllib3.connection.HTTPConnection object at 0x7ffeadf2d150>: Failed to establish a new connection: [Errno 113] No route to host'))"
2025-11-24 18:15:05,2025-11-24T18:14:56.769000,26.47,494.0,1.6884159663907214,95.0,28.0,29.774809533457002,76.64513905509547,16.052560716639217,1.6,-1484.4973329340944,True,"blue_error:RPC错误: HTTPConnectionPool(host='192.168.0.63', port=80): Max retries exceeded with url: /rpc/Light.Set (Caused by NewConnectionError('<urllib3.connection.HTTPConnection object at 0x7ffeadf4d850>: Failed to establish a new connection: [Errno 113] No route to host'))"
2025-11-24 18:30:05,2025-11-24T18:29:59.552000,27.55,492.0,1.3023401837281532,40.58827641901143,11.076482925703427,27.869268214538053,33.78099455709023,10.3354624155034,1.6,-1510.1404985284164,True,"blue_error:RPC错误: HTTPConnectionPool(host='192.168.0.63', port=80): Max retries exceeded with url: /rpc/Light.Set (Caused by NewConnectionError('<urllib3.connection.HTTPConnection object at 0x7ffeadf3c590>: Failed to establish a new connection: [Errno 113] No route to host'))"
2025-11-24 18:45:05,2025-11-24T18:44:56.837000,27.12,493.0,1.247488250774978,35.09816275178383,9.36605425059461,27.598537364900174,29.454309953650185,9.293024815415887,1.6,-1413.6880375335995,True,"blue_error:RPC错误: HTTPConnectionPool(host='192.168.0.63', port=80): Max retries exceeded with url: /rpc/Light.Set (Caused by NewConnectionError('<urllib3.connection.HTTPConnection object at 0x7ffeadf15610>: Failed to establish a new connection: [Errno 113] No route to host'))"
2025-11-24 19:00:05,2025-11-24T18:59:59.767000,26.87,493.0,1.1180724185297397,25.906944554150304,6.302314851383434,26.959783973105278,22.090512363248987,6.845206013903926,1.6,-1869.6194096794595,True,"blue_error:RPC错误: HTTPConnectionPool(host='192.168.0.63', port=80): Max retries exceeded with url: /rpc/Light.Set (Caused by NewConnectionError('<urllib3.connection.HTTPConnection object at 0x7ffeadf4d610>: Failed to establish a new connection: [Errno 113] No route to host'))"
2025-11-24 19:15:05,2025-11-24T19:14:57.004000,26.52,491.0,1.2838307386010577,38.20540325622765,10.361620976868293,27.777911765716787,31.91961770854743,9.985388393297022,1.6,-1415.3029223306405,True,"blue_error:RPC错误: HTTPConnectionPool(host='192.168.0.63', port=80): Max retries exceeded with url: /rpc/Light.Set (Caused by NewConnectionError('<urllib3.connection.HTTPConnection object at 0x7ffeadf4fd10>: Failed to establish a new connection: [Errno 113] No route to host'))"
2025-11-24 19:30:05,2025-11-24T19:29:59.861000,26.49,492.0,1.407722731377858,52.89032342505009,14.472580856262523,28.389401327924674,43.21374542092435,12.256974748467044,1.6,-1433.8352039528352,True,"blue_error:RPC错误: HTTPConnectionPool(host='192.168.0.63', port=80): Max retries exceeded with url: /rpc/Light.Set (Caused by NewConnectionError('<urllib3.connection.HTTPConnection object at 0x7ffeadf3efd0>: Failed to establish a new connection: [Errno 113] No route to host'))"
2025-11-24 19:45:05,2025-11-24T19:44:57.180000,26.74,490.0,1.335733458640958,44.88726745093059,12.366180235279176,28.034086283885813,37.139143242418974,10.959837162568242,1.6,-1520.4622531845637,True,"blue_error:RPC错误: HTTPConnectionPool(host='192.168.0.63', port=80): Max retries exceeded with url: /rpc/Light.Set (Caused by NewConnectionError('<urllib3.connection.HTTPConnection object at 0x7ffeadf25c50>: Failed to establish a new connection: [Errno 113] No route to host'))"
2025-11-24 20:00:05,2025-11-24T20:00:00,27.0,488.0,1.0367437809348108,20.3294512347572,4.443150411585734,26.558372938515806,17.621949983084797,5.3918267292770565,1.6,-1332.2173525330645,True,"blue_error:RPC错误: HTTPConnectionPool(host='192.168.0.63', port=80): Max retries exceeded with url: /rpc/Light.Set (Caused by NewConnectionError('<urllib3.connection.HTTPConnection object at 0x7ffeadf1a950>: Failed to establish a new connection: [Errno 113] No route to host'))"
2025-11-24 20:15:05,2025-11-24T20:14:57.264000,26.49,488.0,1.765812527447094,95.0,28.0,30.15681314947777,76.64513905509547,16.603111506387553,1.6,-1543.5840297617656,True,"blue_error:RPC错误: HTTPConnectionPool(host='192.168.0.63', port=80): Max retries exceeded with url: /rpc/Light.Set (Caused by NewConnectionError('<urllib3.connection.HTTPConnection object at 0x7ffeadf2f790>: Failed to establish a new connection: [Errno 113] No route to host'))"
2025-11-24 20:30:05,2025-11-24T20:30:00.222000,27.55,489.0,1.4426699627487556,57.26465558578391,15.679396675735173,28.56188920815328,46.56736323016904,12.853137425370939,1.6,-1453.6184715669815,True,"blue_error:RPC错误: HTTPConnectionPool(host='192.168.0.63', port=80): Max retries exceeded with url: /rpc/Light.Set (Caused by NewConnectionError('<urllib3.connection.HTTPConnection object at 0x7ffeadf21650>: Failed to establish a new connection: [Errno 113] No route to host'))"
2025-11-24 20:45:05,2025-11-24T20:44:57.471000,27.5,488.0,1.2241886591955558,33.42585397195124,8.808617990650415,27.48353835055555,28.11449371835413,8.847657876122573,1.6,-1464.9210236703739,True,"blue_error:RPC错误: HTTPConnectionPool(host='192.168.0.63', port=80): Max retries exceeded with url: /rpc/Light.Set (Caused by NewConnectionError('<urllib3.connection.HTTPConnection object at 0x7ffeadf3ec10>: Failed to establish a new connection: [Errno 113] No route to host'))"
2025-11-24 21:00:05,2025-11-24T21:00:00.264000,26.81,487.0,1.1516409540046166,28.218802855456055,7.072934285152018,27.125467070143458,23.94272131123017,7.4700463627206055,1.6,-1562.273600861928,True,"blue_error:RPC错误: HTTPConnectionPool(host='192.168.0.63', port=80): Max retries exceeded with url: /rpc/Light.Set (Caused by NewConnectionError('<urllib3.connection.HTTPConnection object at 0x7ffeadf195d0>: Failed to establish a new connection: [Errno 113] No route to host'))"
2025-11-24 21:15:05,2025-11-24T21:14:57.614000,26.51,487.0,1.8136532670853773,95.0,28.0,30.39293908692894,76.64513905509547,16.82147249569919,1.6,-1556.6623903542811,True,"blue_error:RPC错误: HTTPConnectionPool(host='192.168.0.63', port=80): Max retries exceeded with url: /rpc/Light.Set (Caused by NewConnectionError('<urllib3.connection.HTTPConnection object at 0x7ffeadf3c190>: Failed to establish a new connection: [Errno 113] No route to host'))"
2025-11-24 21:30:05,2025-11-24T21:30:00.419000,27.5,487.0,1.6951250500882846,95.0,28.0,29.80792333331677,76.64513905509547,16.109818204204313,1.6,-1437.1456390293597,True,"blue_error:RPC错误: HTTPConnectionPool(host='192.168.0.63', port=80): Max retries exceeded with url: /rpc/Light.Set (Caused by NewConnectionError('<urllib3.connection.HTTPConnection object at 0x7ffeadf16d50>: Failed to establish a new connection: [Errno 113] No route to host'))"
2025-11-24 21:45:05,2025-11-24T21:44:57.691000,28.0,488.0,1.562569043491226,75.28367906236994,21.113471624947977,29.153671088072077,60.659935016774476,14.66232770586913,1.6,-1438.2148272851393,True,"blue_error:RPC错误: HTTPConnectionPool(host='192.168.0.63', port=80): Max retries exceeded with url: /rpc/Light.Set (Caused by NewConnectionError('<urllib3.connection.HTTPConnection object at 0x7ffeadf3e650>: Failed to establish a new connection: [Errno 113] No route to host'))"
2025-11-24 22:00:05,2025-11-24T22:00:00.603000,28.05,487.0,1.7215478127841548,95.0,28.0,29.938337278811446,76.64513905509547,16.31785314931159,1.6,-1580.6063002374015,True,"blue_error:RPC错误: HTTPConnectionPool(host='192.168.0.63', port=80): Max retries exceeded with url: /rpc/Light.Set (Caused by NewConnectionError('<urllib3.connection.HTTPConnection object at 0x7ffeadf1b990>: Failed to establish a new connection: [Errno 113] No route to host'))"
2025-11-24 22:15:05,2025-11-24T22:14:57.823000,28.5,488.0,1.4150136532626651,53.66303446539786,14.665758616349464,28.425386887051683,43.79413173111998,12.383439761658797,1.6,-1549.5903643725533,True,"blue_error:RPC错误: HTTPConnectionPool(host='192.168.0.63', port=80): Max retries exceeded with url: /rpc/Light.Set (Caused by NewConnectionError('<urllib3.connection.HTTPConnection object at 0x7ffeadf25cd0>: Failed to establish a new connection: [Errno 113] No route to host'))"
2025-11-24 22:30:05,2025-11-24T22:29:55.124000,27.87,487.0,1.142087069388856,27.553862032362566,6.851287344120856,27.078312281604372,23.409985657961062,7.2910893855195,1.6,-1491.6751352431386,True,"blue_error:RPC错误: HTTPConnectionPool(host='192.168.0.63', port=80): Max retries exceeded with url: /rpc/Light.Set (Caused by NewConnectionError('<urllib3.connection.HTTPConnection object at 0x7ffeadf15890>: Failed to establish a new connection: [Errno 113] No route to host'))"
2025-11-24 22:45:05,2025-11-24T22:44:58.022000,27.12,487.0,1.0122559564646059,19.0,4.0,26.437509202861104,16.55682351251732,4.975945015547301,1.6,-1476.8540819555485,True,"blue_error:RPC错误: HTTPConnectionPool(host='192.168.0.63', port=80): Max retries exceeded with url: /rpc/Light.Set (Caused by NewConnectionError('<urllib3.connection.HTTPConnection object at 0x7ffeadf2d190>: Failed to establish a new connection: [Errno 113] No route to host'))"
2025-11-24 23:00:05,2025-11-24T22:59:55.272000,26.52,489.0,1.4360888485225272,56.269161168524924,15.380748350557479,28.529407022930165,45.78973465552231,12.742871941867243,1.6,-1363.9106060805884,True,"blue_error:RPC错误: HTTPConnectionPool(host='192.168.0.63', port=80): Max retries exceeded with url: /rpc/Light.Set (Caused by NewConnectionError('<urllib3.connection.HTTPConnection object at 0x7ffeadf39c50>: Failed to establish a new connection: [Errno 113] No route to host'))"
2025-11-24 23:15:05,2025-11-24T23:14:58.098000,27.0,489.0,1.458165025042796,59.60852130191471,16.382556390574415,28.6383676685138,48.39826948579292,13.108799818012855,1.6,-1503.0054673116513,True,"blue_error:RPC错误: HTTPConnectionPool(host='192.168.0.63', port=80): Max retries exceeded with url: /rpc/Light.Set (Caused by NewConnectionError('<urllib3.connection.HTTPConnection object at 0x7ffeadf4e250>: Failed to establish a new connection: [Errno 113] No route to host'))"
2025-11-24 23:30:05,2025-11-24T23:29:55.404000,27.28,488.0,1.405450915663675,52.64955043204316,14.41238760801079,28.37818840313957,43.03289987620021,12.217357604731536,1.6,-1418.5399657546727,True,"blue_error:RPC错误: HTTPConnectionPool(host='192.168.0.63', port=80): Max retries exceeded with url: /rpc/Light.Set (Caused by NewConnectionError('<urllib3.connection.HTTPConnection object at 0x7ffeadee54d0>: Failed to establish a new connection: [Errno 113] No route to host'))"
2025-11-24 23:45:05,2025-11-24T23:44:58.217000,27.24,489.0,1.2581822250297676,35.86571384711644,9.62190461570548,27.65131925571296,30.069254652468818,9.497221046564912,1.6,-1598.1193012249396,True,"blue_error:RPC错误: HTTPConnectionPool(host='192.168.0.63', port=80): Max retries exceeded with url: /rpc/Light.Set (Caused by NewConnectionError('<urllib3.connection.HTTPConnection object at 0x7ffeadee6d10>: Failed to establish a new connection: [Errno 113] No route to host'))"
2025-11-25 00:00:05,2025-11-24T23:59:55.488000,26.74,489.0,1.4668384126592533,60.920504144652085,16.776151243395624,28.681176617482777,49.42312239332399,13.249379136319803,1.6,-1575.274271174436,True,"blue_error:RPC错误: HTTPConnectionPool(host='192.168.0.63', port=80): Max retries exceeded with url: /rpc/Light.Set (Caused by NewConnectionError('<urllib3.connection.HTTPConnection object at 0x7ffeadf4d950>: Failed to establish a new connection: [Errno 113] No route to host'))"
2025-11-25 00:15:05,2025-11-25T00:14:58.406000,27.25,487.0,1.9541788838471104,95.0,28.0,31.086526670328567,76.64513905509547,16.93380831353443,1.6,-1501.6493247455116,True,"blue_error:RPC错误: HTTPConnectionPool(host='192.168.0.63', port=80): Max retries exceeded with url: /rpc/Light.Set (Caused by NewConnectionError('<urllib3.connection.HTTPConnection object at 0x7ffeadf3b710>: Failed to establish a new connection: [Errno 113] No route to host'))"
2025-11-25 00:30:05,2025-11-25T00:29:55.645000,27.94,487.0,1.1908848161649233,31.035498376556145,8.011832792185382,27.319161687155432,26.199394501353222,8.212232254541377,1.6,-1437.831480558954,True,"blue_error:RPC错误: HTTPConnectionPool(host='192.168.0.63', port=80): Max retries exceeded with url: /rpc/Light.Set (Caused by NewConnectionError('<urllib3.connection.HTTPConnection object at 0x7ffeade9fb90>: Failed to establish a new connection: [Errno 113] No route to host'))"
2025-11-25 00:45:05,2025-11-25T00:44:58.541000,27.19,487.0,1.4485530394238189,58.15456112229493,15.94636833668848,28.590926112797717,47.26251125102154,12.95087117432925,1.6,-1492.6651799159156,True,"blue_error:RPC错误: HTTPConnectionPool(host='192.168.0.63', port=80): Max retries exceeded with url: /rpc/Light.Set (Caused by NewConnectionError('<urllib3.connection.HTTPConnection object at 0x7ffeadf18690>: Failed to establish a new connection: [Errno 113] No route to host'))"
2025-11-25 09:00:05,2025-11-25T08:32:17.338000,22.56,527.0,1.517438015138054,68.53742523595335,19.061227570786006,28.930919381919516,55.373065847285375,14.029845007355487,1.6,-1544.5512791001702,True,"blue_error:RPC错误: HTTPConnectionPool(host='192.168.0.63', port=80): Max retries exceeded with url: /rpc/Light.Set (Caused by NewConnectionError('<urllib3.connection.HTTPConnection object at 0x7ffeadf2e3d0>: Failed to establish a new connection: [Errno 113] No route to host'))"
2025-11-25 09:15:05,2025-11-25T09:14:59.833000,24.13,528.0,1.4516079887765327,58.61666904522313,16.085000713566938,28.606004324071822,47.62348597796079,13.001303763286614,1.6,-1674.4313037059826,True,"blue_error:RPC错误: HTTPConnectionPool(host='192.168.0.63', port=80): Max retries exceeded with url: /rpc/Light.Set (Caused by NewConnectionError('<urllib3.connection.HTTPConnection object at 0x7ffeadf15610>: Failed to establish a new connection: [Errno 113] No route to host'))"
2025-11-25 09:30:05,2025-11-25T09:29:57.170000,24.74,527.0,1.7890834830369544,95.0,28.0,30.271670826127135,76.64513905509547,16.72101227275569,1.6,-1532.0886271818943,True,"blue_error:RPC错误: HTTPConnectionPool(host='192.168.0.63', port=80): Max retries exceeded with url: /rpc/Light.Set (Caused by NewConnectionError('<urllib3.connection.HTTPConnection object at 0x7ffeadf39450>: Failed to establish a new connection: [Errno 113] No route to host'))"
2025-11-25 09:45:05,2025-11-25T09:45:00.039000,25.87,522.0,1.436537302244685,56.33699666893729,15.401099000681187,28.531620440957322,45.84272422792128,12.750416527090751,1.6,-1481.7023237248943,True,"blue_error:RPC错误: HTTPConnectionPool(host='192.168.0.63', port=80): Max retries exceeded with url: /rpc/Light.Set (Caused by NewConnectionError('<urllib3.connection.HTTPConnection object at 0x7ffeadf27910>: Failed to establish a new connection: [Errno 113] No route to host'))"
2025-11-25 10:00:05,2025-11-25T09:59:57.339000,25.87,520.0,1.2767804089113375,37.29775630673488,10.089326892020464,27.74311368943469,31.210611016616493,9.851492839545108,1.6,-1416.2962616700634,True,"blue_error:RPC错误: HTTPConnectionPool(host='192.168.0.63', port=80): Max retries exceeded with url: /rpc/Light.Set (Caused by NewConnectionError('<urllib3.connection.HTTPConnection object at 0x7ffeadf336d0>: Failed to establish a new connection: [Errno 113] No route to host'))"
2025-11-25 10:15:05,2025-11-25T10:15:00.265000,25.62,519.0,0.7295564849375498,19.0,4.0,25.0421988829124,16.55682351251732,1.2046801714023578,1.6,-1386.5628896182836,True,"blue_error:RPC错误: HTTPConnectionPool(host='192.168.0.63', port=80): Max retries exceeded with url: /rpc/Light.Set (Caused by NewConnectionError('<urllib3.connection.HTTPConnection object at 0x7ffeadf4cbd0>: Failed to establish a new connection: [Errno 113] No route to host'))"
2025-11-25 10:30:05,2025-11-25T10:29:57.518000,25.25,519.0,0.9963645813157208,19.0,4.0,26.35907467440712,16.55682351251732,4.712383923170806,1.6,-1360.2136365243514,True,"blue_error:RPC错误: HTTPConnectionPool(host='192.168.0.63', port=80): Max retries exceeded with url: /rpc/Light.Set (Caused by NewConnectionError('<urllib3.connection.HTTPConnection object at 0x7ffeadf3d190>: Failed to establish a new connection: [Errno 113] No route to host'))"
2025-11-25 10:45:05,2025-11-25T10:45:00.426000,25.12,520.0,1.359620549966329,47.792327968679544,13.198081992169886,28.15198500106349,39.384620925711566,11.398857455562272,1.6,-1396.2751704407858,True,"blue_error:RPC错误: HTTPConnectionPool(host='192.168.0.63', port=80): Max retries exceeded with url: /rpc/Light.Set (Caused by NewConnectionError('<urllib3.connection.HTTPConnection object at 0x7ffeadefd850>: Failed to establish a new connection: [Errno 113] No route to host'))"
2025-11-25 11:00:05,2025-11-25T10:59:57.775000,25.62,520.0,1.0130604592591683,19.0,4.0,26.441479960378327,16.55682351251732,4.989423706883604,1.6,-1485.3198365667174,True,"blue_error:RPC错误: HTTPConnectionPool(host='192.168.0.63', port=80): Max retries exceeded with url: /rpc/Light.Set (Caused by NewConnectionError('<urllib3.connection.HTTPConnection object at 0x7ffeadf3f390>: Failed to establish a new connection: [Errno 113] No route to host'))"
2025-11-25 11:15:05,2025-11-25T11:15:00.651000,25.48,519.0,1.141103595905015,27.48641571888509,6.828805239628364,27.073458184446046,23.35594918640882,7.2727145102620625,1.6,-1367.7814891632734,True,"blue_error:RPC错误: HTTPConnectionPool(host='192.168.0.63', port=80): Max retries exceeded with url: /rpc/Light.Set (Caused by NewConnectionError('<urllib3.connection.HTTPConnection object at 0x7ffeadefe190>: Failed to establish a new connection: [Errno 113] No route to host'))"
2025-11-25 11:30:05,2025-11-25T11:29:57.938000,25.48,515.0,1.5126075077503098,67.81430952548331,18.844292857644994,28.90707760827806,54.80820538248663,13.958440624368208,1.6,-1617.8665364223787,True,"blue_error:RPC错误: HTTPConnectionPool(host='192.168.0.63', port=80): Max retries exceeded with url: /rpc/Light.Set (Caused by NewConnectionError('<urllib3.connection.HTTPConnection object at 0x7ffeadf20190>: Failed to establish a new connection: [Errno 113] No route to host'))"
2025-11-25 11:45:05,2025-11-25T11:44:55.196000,26.37,514.0,1.208192420427834,32.277737257356776,8.425912419118927,27.40458625024775,27.194648392670658,8.542088672097272,1.6,-1500.227508748822,True,"blue_error:RPC错误: HTTPConnectionPool(host='192.168.0.63', port=80): Max retries exceeded with url: /rpc/Light.Set (Caused by NewConnectionError('<urllib3.connection.HTTPConnection object at 0x7ffeadf4c610>: Failed to establish a new connection: [Errno 113] No route to host'))"
2025-11-25 12:00:05,2025-11-25T11:59:58.091000,26.05,512.0,1.1412588775696821,27.497064888389424,6.832354962796475,27.074224602961223,23.36448106184139,7.2756151352786205,1.6,-1405.174503915498,True,"blue_error:RPC错误: HTTPConnectionPool(host='192.168.0.63', port=80): Max retries exceeded with url: /rpc/Light.Set (Caused by NewConnectionError('<urllib3.connection.HTTPConnection object at 0x7ffeadf2fd50>: Failed to establish a new connection: [Errno 113] No route to host'))"
2025-11-25 12:15:05,2025-11-25T12:14:55.352000,25.99,511.0,1.6241690353874456,86.91127817208769,25.573383451626306,29.457708106384388,70.32664935118294,15.415708778844124,1.6,-1452.6731798511526,True,"blue_error:RPC错误: HTTPConnectionPool(host='192.168.0.63', port=80): Max retries exceeded with url: /rpc/Light.Set (Caused by NewConnectionError('<urllib3.connection.HTTPConnection object at 0x7ffeadf14710>: Failed to establish a new connection: [Errno 113] No route to host'))"
2025-11-25 12:30:05,2025-11-25T12:29:58.309000,27.12,510.0,1.460720052803334,59.995008420071755,16.498502526021525,28.650978433517274,48.70017316460943,13.150405079139789,1.6,-1526.5446752212504,True,"blue_error:RPC错误: HTTPConnectionPool(host='192.168.0.63', port=80): Max retries exceeded with url: /rpc/Light.Set (Caused by NewConnectionError('<urllib3.connection.HTTPConnection object at 0x7ffeadf4c550>: Failed to establish a new connection: [Errno 113] No route to host'))"
2025-11-25 12:45:05,2025-11-25T12:44:55.521000,27.44,508.0,1.0032455478036095,19.0,4.0,26.393036830402355,16.55682351251732,4.825872280595704,1.6,-1490.8717333393388,True,"blue_error:RPC错误: HTTPConnectionPool(host='192.168.0.63', port=80): Max retries exceeded with url: /rpc/Light.Set (Caused by NewConnectionError('<urllib3.connection.HTTPConnection object at 0x7ffeadf4d210>: Failed to establish a new connection: [Errno 113] No route to host'))"
2025-11-25 13:00:05,2025-11-25T12:59:58.417000,26.62,507.0,1.3654280411731394,48.40782113170137,13.351955282925342,28.180648841042046,39.846920268136,11.504433142771415,1.6,-1527.8914427305992,True,"blue_error:RPC错误: HTTPConnectionPool(host='192.168.0.63', port=80): Max retries exceeded with url: /rpc/Light.Set (Caused by NewConnectionError('<urllib3.connection.HTTPConnection object at 0x7ffeadf3cf90>: Failed to establish a new connection: [Errno 113] No route to host'))"
2025-11-25 13:15:05,2025-11-25T13:14:55.673000,27.0,509.0,1.4558590637727447,59.25970930871108,16.277912792613325,28.626986212651413,48.1257956593284,13.071113803637186,1.6,-1419.4123829983969,True,"blue_error:RPC错误: HTTPConnectionPool(host='192.168.0.63', port=80): Max retries exceeded with url: /rpc/Light.Set (Caused by NewConnectionError('<urllib3.connection.HTTPConnection object at 0x7ffeae4c4f90>: Failed to establish a new connection: [Errno 113] No route to host'))"
2025-11-25 13:30:05,2025-11-25T13:29:58.624000,27.25,508.0,1.1147065421633495,25.676113772981346,6.2253712576604485,26.943171129776186,21.90557592570472,6.783215499423658,1.6,-1471.4657880173568,True,"blue_error:RPC错误: HTTPConnectionPool(host='192.168.0.63', port=80): Max retries exceeded with url: /rpc/Light.Set (Caused by NewConnectionError('<urllib3.connection.HTTPConnection object at 0x7ffeadf39710>: Failed to establish a new connection: [Errno 113] No route to host'))"
2025-11-25 13:45:05,2025-11-25T13:44:55.821000,27.23,507.0,1.279206685399294,37.610110841889565,10.183033252566869,27.75508898109126,31.45460616892038,9.897600661508921,1.6,-1616.736955788686,True,"blue_error:RPC错误: HTTPConnectionPool(host='192.168.0.63', port=80): Max retries exceeded with url: /rpc/Light.Set (Caused by NewConnectionError('<urllib3.connection.HTTPConnection object at 0x7ffeadefee10>: Failed to establish a new connection: [Errno 113] No route to host'))"
2025-11-25 14:00:05,2025-11-25T13:59:58.735000,27.12,509.0,1.0768791449151984,23.081922333399834,5.3606407777999445,26.756467711223483,19.827168008379,6.096588058959478,1.6,-1353.580259683274,True,"blue_error:RPC错误: HTTPConnectionPool(host='192.168.0.63', port=80): Max retries exceeded with url: /rpc/Light.Set (Caused by NewConnectionError('<urllib3.connection.HTTPConnection object at 0x7ffeadefedd0>: Failed to establish a new connection: [Errno 113] No route to host'))"
2025-11-25 14:15:05,2025-11-25T14:14:55.994000,27.0,508.0,1.5426759740608982,72.31548893245234,20.194646679735705,29.05548553108586,58.324293133242854,14.391449865416774,1.6,-1438.457918674612,True,"blue_error:RPC错误: HTTPConnectionPool(host='192.168.0.63', port=80): Max retries exceeded with url: /rpc/Light.Set (Caused by NewConnectionError('<urllib3.connection.HTTPConnection object at 0x7ffeadf14550>: Failed to establish a new connection: [Errno 113] No route to host'))"
2025-11-25 14:30:05,2025-11-25T14:29:58.907000,27.62,508.0,1.2722166483534936,36.87302289217636,9.95767429739212,27.720588489193823,30.87628803578153,9.764688386334292,1.6,-1497.3199411926907,True,"blue_error:RPC错误: HTTPConnectionPool(host='192.168.0.63', port=80): Max retries exceeded with url: /rpc/Light.Set (Caused by NewConnectionError('<urllib3.connection.HTTPConnection object at 0x7ffeadf32250>: Failed to establish a new connection: [Errno 113] No route to host'))"
2025-11-25 14:45:05,2025-11-25T14:44:56.147000,27.5,508.0,1.5607774388873414,75.02439703420893,21.009758813683572,29.144828325191888,60.44181753225726,14.638460590568247,1.6,-1482.7398695772144,True,"blue_error:RPC错误: HTTPConnectionPool(host='192.168.0.63', port=80): Max retries exceeded with url: /rpc/Light.Set (Caused by NewConnectionError('<urllib3.connection.HTTPConnection object at 0x7ffeadf3a210>: Failed to establish a new connection: [Errno 113] No route to host'))"
2025-11-25 15:00:05,2025-11-25T14:59:59.039000,27.99,509.0,1.2312564091312135,33.93313583699047,8.977711945663492,27.518422407362483,28.52091655536086,8.98276857021594,1.6,-1430.6388524409217,True,"blue_error:RPC错误: HTTPConnectionPool(host='192.168.0.63', port=80): Max retries exceeded with url: /rpc/Light.Set (Caused by NewConnectionError('<urllib3.connection.HTTPConnection object at 0x7ffeadf2d750>: Failed to establish a new connection: [Errno 113] No route to host'))"
2025-11-25 15:15:05,2025-11-25T15:14:56.266000,27.74,507.0,1.6359805577367337,89.1724168894277,26.251725066828307,29.516005841923977,72.0929335687128,15.544579469983457,1.6,-1455.0249240284315,True,"blue_error:RPC错误: HTTPConnectionPool(host='192.168.0.63', port=80): Max retries exceeded with url: /rpc/Light.Set (Caused by NewConnectionError('<urllib3.connection.HTTPConnection object at 0x7ffeadf19c10>: Failed to establish a new connection: [Errno 113] No route to host'))"
2025-11-25 15:30:05,2025-11-25T15:29:59.145000,28.5,508.0,1.234139654259662,34.14007835468561,9.046692784895203,27.532653143843646,28.686714252726738,9.037890078814497,1.6,-1581.42850789249,True,"blue_error:RPC错误: HTTPConnectionPool(host='192.168.0.63', port=80): Max retries exceeded with url: /rpc/Light.Set (Caused by NewConnectionError('<urllib3.connection.HTTPConnection object at 0x7ffeadf1b010>: Failed to establish a new connection: [Errno 113] No route to host'))"
2025-11-25 15:45:05,2025-11-25T15:44:56.381000,28.11,507.0,1.1949133053889602,31.324639835360422,8.108213278453475,27.33904496658902,26.431048144194193,8.288910609113579,1.6,-1531.4901544144284,True,"blue_error:RPC错误: HTTPConnectionPool(host='192.168.0.63', port=80): Max retries exceeded with url: /rpc/Light.Set (Caused by NewConnectionError('<urllib3.connection.HTTPConnection object at 0x7ffeadf20250>: Failed to establish a new connection: [Errno 113] No route to host'))"
2025-11-25 16:00:05,2025-11-25T15:59:59.280000,27.62,506.0,0.835582484693726,19.0,4.0,25.565507861325234,16.55682351251732,2.375993397274815,1.6,-1484.7763559522577,True,"blue_error:RPC错误: HTTPConnectionPool(host='192.168.0.63', port=80): Max retries exceeded with url: /rpc/Light.Set (Caused by NewConnectionError('<urllib3.connection.HTTPConnection object at 0x7ffeadf17110>: Failed to establish a new connection: [Errno 113] No route to host'))"
2025-11-25 16:15:05,2025-11-25T16:14:56.488000,27.5,506.0,1.3824772583407627,50.21474192208336,13.80368548052084,28.26479809159611,41.20410560079747,11.811421056470472,1.6,-1566.338865399437,True,"blue_error:RPC错误: HTTPConnectionPool(host='192.168.0.63', port=80): Max retries exceeded with url: /rpc/Light.Set (Caused by NewConnectionError('<urllib3.connection.HTTPConnection object at 0x7ffeadf39b90>: Failed to establish a new connection: [Errno 113] No route to host'))"
2025-11-25 16:30:05,2025-11-25T16:29:59.388000,27.62,507.0,1.2426056007303996,34.74771461149926,9.249238203833087,27.57443823249254,29.173538774520466,9.199722005320933,1.6,-1496.3312998604422,True,"blue_error:RPC错误: HTTPConnectionPool(host='192.168.0.63', port=80): Max retries exceeded with url: /rpc/Light.Set (Caused by NewConnectionError('<urllib3.connection.HTTPConnection object at 0x7ffeadf200d0>: Failed to establish a new connection: [Errno 113] No route to host'))"
2025-11-25 16:45:05,2025-11-25T16:44:56.623000,27.69,509.0,1.4900076267341142,64.42520296478192,17.827560889434576,28.79553213194174,52.16081122493762,13.615459203538034,1.6,-1488.2606905265513,True,"blue_error:RPC错误: HTTPConnectionPool(host='192.168.0.63', port=80): Max retries exceeded with url: /rpc/Light.Set (Caused by NewConnectionError('<urllib3.connection.HTTPConnection object at 0x7ffeadf1acd0>: Failed to establish a new connection: [Errno 113] No route to host'))"
2025-11-25 17:00:05,2025-11-25T16:59:59.493000,28.05,508.0,1.4320600499286933,55.6597436184635,15.19792308553905,28.509522216550423,45.31368929293373,12.674894298843945,1.6,-1606.4467511925475,True,"blue_error:RPC错误: HTTPConnectionPool(host='192.168.0.63', port=80): Max retries exceeded with url: /rpc/Light.Set (Caused by NewConnectionError('<urllib3.connection.HTTPConnection object at 0x7ffeadf4f4d0>: Failed to establish a new connection: [Errno 113] No route to host'))"
2025-11-25 17:15:05,2025-11-25T17:14:56.808000,28.25,508.0,1.1051826849427433,25.022970531023276,6.007656843674425,26.89616454644638,21.382292229474334,6.608552196690994,1.6,-1460.0621357928355,True,"blue_error:RPC错误: HTTPConnectionPool(host='192.168.0.63', port=80): Max retries exceeded with url: /rpc/Light.Set (Caused by NewConnectionError('<urllib3.connection.HTTPConnection object at 0x7ffeadf24190>: Failed to establish a new connection: [Errno 113] No route to host'))"
2025-11-25 17:30:05,2025-11-25T17:29:59.605000,27.74,508.0,1.9429032793392889,95.0,28.0,31.030874046542472,76.64513905509547,16.952732961047875,1.6,-1508.284858868885,True,"blue_error:RPC错误: HTTPConnectionPool(host='192.168.0.63', port=80): Max retries exceeded with url: /rpc/Light.Set (Caused by NewConnectionError('<urllib3.connection.HTTPConnection object at 0x7ffeadf4d090>: Failed to establish a new connection: [Errno 113] No route to host'))"
2025-11-25 17:45:05,2025-11-25T17:44:56.916000,28.88,506.0,1.352500377374208,47.03771338659518,13.009428346648795,28.116842203505584,38.81782693669511,11.268770750978973,1.6,-1421.5509458634403,True,"blue_error:RPC错误: HTTPConnectionPool(host='192.168.0.63', port=80): Max retries exceeded with url: /rpc/Light.Set (Caused by NewConnectionError('<urllib3.connection.HTTPConnection object at 0x7ffeadf4f610>: Failed to establish a new connection: [Errno 113] No route to host'))"
2025-11-25 18:00:05,2025-11-25T17:59:59.777000,28.55,506.0,1.2962886619113467,39.809214224966524,10.842764267489958,27.8393999208452,33.172431602830414,10.221266210624888,1.6,-1410.3422871665139,True,"blue_error:RPC错误: HTTPConnectionPool(host='192.168.0.63', port=80): Max retries exceeded with url: /rpc/Light.Set (Caused by NewConnectionError('<urllib3.connection.HTTPConnection object at 0x7ffeadf4ced0>: Failed to establish a new connection: [Errno 113] No route to host'))"
2025-11-25 18:15:05,2025-11-25T18:14:56.966000,28.25,506.0,0.8179661981432194,19.0,4.0,25.478559745397316,16.55682351251732,2.1602718134471353,1.6,-1385.8514493666758,True,"blue_error:RPC错误: HTTPConnectionPool(host='192.168.0.63', port=80): Max retries exceeded with url: /rpc/Light.Set (Caused by NewConnectionError('<urllib3.connection.HTTPConnection object at 0x7ffeadefff90>: Failed to establish a new connection: [Errno 113] No route to host'))"
2025-11-25 18:30:05,2025-11-25T18:29:59.891000,27.94,506.0,0.8450804571471299,19.0,4.0,25.6123866860759,16.55682351251732,2.495760722095093,1.6,-1376.1029134542625,True,"blue_error:RPC错误: HTTPConnectionPool(host='192.168.0.63', port=80): Max retries exceeded with url: /rpc/Light.Set (Caused by NewConnectionError('<urllib3.connection.HTTPConnection object at 0x7ffeb12aced0>: Failed to establish a new connection: [Errno 113] No route to host'))"
2025-11-25 18:45:05,2025-11-25T18:44:57.178000,27.69,506.0,1.3914168655157262,51.1621849573545,14.040546239338624,28.308921011529904,41.915733801572344,11.970493271174524,1.6,-1450.1755341639898,True,"blue_error:RPC错误: HTTPConnectionPool(host='192.168.0.63', port=80): Max retries exceeded with url: /rpc/Light.Set (Caused by NewConnectionError('<urllib3.connection.HTTPConnection object at 0x7ffeadee55d0>: Failed to establish a new connection: [Errno 113] No route to host'))"
2025-11-25 19:00:05,2025-11-25T18:59:59.954000,27.87,506.0,1.3956310576790927,51.608816105270904,14.152204026317726,28.32972085874585,42.251200218411654,12.04499911105267,1.6,-1422.6082891956053,True,"blue_error:RPC错误: HTTPConnectionPool(host='192.168.0.63', port=80): Max retries exceeded with url: /rpc/Light.Set (Caused by NewConnectionError('<urllib3.connection.HTTPConnection object at 0x7ffeadefd490>: Failed to establish a new connection: [Errno 113] No route to host'))"
2025-11-25 19:15:05,2025-11-25T19:14:57.291000,28.24,506.0,0.9970940624343793,19.0,4.0,26.36267514994948,16.55682351251732,4.724368753904035,1.6,-1563.4289885693072,True,"blue_error:RPC错误: HTTPConnectionPool(host='192.168.0.63', port=80): Max retries exceeded with url: /rpc/Light.Set (Caused by NewConnectionError('<urllib3.connection.HTTPConnection object at 0x7ffeadf2d5d0>: Failed to establish a new connection: [Errno 113] No route to host'))"
2025-11-25 19:30:05,2025-11-25T19:30:00.108000,27.74,507.0,1.6201356362258748,86.13914442530913,25.341743327592738,29.43780059313644,69.72349854035538,15.370518918741539,1.6,-1390.6039750664556,True,"blue_error:RPC错误: HTTPConnectionPool(host='192.168.0.63', port=80): Max retries exceeded with url: /rpc/Light.Set (Caused by NewConnectionError('<urllib3.connection.HTTPConnection object at 0x7ffeadf39710>: Failed to establish a new connection: [Errno 113] No route to host'))"
2025-11-25 19:45:05,2025-11-25T19:44:57.385000,28.69,508.0,1.5140470236453087,68.02980170375554,18.908940511126662,28.914182578701855,54.976536688551356,13.979791321611195,1.6,-1367.529283510773,True,"blue_error:RPC错误: HTTPConnectionPool(host='192.168.0.63', port=80): Max retries exceeded with url: /rpc/Light.Set (Caused by NewConnectionError('<urllib3.connection.HTTPConnection object at 0x7ffeadf39c50>: Failed to establish a new connection: [Errno 113] No route to host'))"
2025-11-25 20:00:05,2025-11-25T20:00:00.192000,29.0,506.0,1.4587215353608491,59.6927020189977,16.40781060569931,28.641114417864774,48.46402709317181,13.117875447342792,1.6,-1562.246161748428,True,"blue_error:RPC错误: HTTPConnectionPool(host='192.168.0.63', port=80): Max retries exceeded with url: /rpc/Light.Set (Caused by NewConnectionError('<urllib3.connection.HTTPConnection object at 0x7ffeadf20950>: Failed to establish a new connection: [Errno 113] No route to host'))"
2025-11-25 20:15:05,2025-11-25T20:14:57.500000,29.0,506.0,1.3038257125215758,40.77952076318722,11.133856228956166,27.876600289284593,33.93038471357163,10.363452859474528,1.6,-1534.9487236691875,True,"blue_error:RPC错误: HTTPConnectionPool(host='192.168.0.63', port=80): Max retries exceeded with url: /rpc/Light.Set (Caused by NewConnectionError('<urllib3.connection.HTTPConnection object at 0x7ffeadf30710>: Failed to establish a new connection: [Errno 113] No route to host'))"
2025-11-25 20:30:05,2025-11-25T20:30:00.326000,28.74,504.0,1.3771756217050894,49.65286055440153,13.663215138600382,28.23863098109387,40.78207428931295,11.716451723893044,1.6,-1406.4677345801856,True,"blue_error:RPC错误: HTTPConnectionPool(host='192.168.0.63', port=80): Max retries exceeded with url: /rpc/Light.Set (Caused by NewConnectionError('<urllib3.connection.HTTPConnection object at 0x7ffeadf33810>: Failed to establish a new connection: [Errno 113] No route to host'))"
2025-11-25 20:45:05,2025-11-25T20:44:57.462000,28.76,505.0,1.4582023881977428,59.614173051889296,16.38425191556679,28.638552080587164,48.40268433955885,13.109409376575524,1.6,-1487.2636949037442,True,"blue_error:RPC错误: HTTPConnectionPool(host='192.168.0.63', port=80): Max retries exceeded with url: /rpc/Light.Set (Caused by NewConnectionError('<urllib3.connection.HTTPConnection object at 0x7ffeadf4d150>: Failed to establish a new connection: [Errno 113] No route to host'))"
2025-11-25 21:00:05,2025-11-25T21:00:00.316000,29.04,509.0,1.1804021936312978,30.283116874979317,7.761038958326439,27.267422957959067,25.596603340351262,8.013059449013015,1.6,-1492.2905474204365,True,"blue_error:RPC错误: HTTPConnectionPool(host='192.168.0.63', port=80): Max retries exceeded with url: /rpc/Light.Set (Caused by NewConnectionError('<urllib3.connection.HTTPConnection object at 0x7ffeadefed90>: Failed to establish a new connection: [Errno 113] No route to host'))"
2025-11-25 21:15:05,2025-11-25T21:14:57.610000,28.52,507.0,1.6989765130020889,95.0,28.0,29.826932869915836,76.64513905509547,16.141880373133485,1.6,-1412.6584529600068,True,"blue_error:RPC错误: HTTPConnectionPool(host='192.168.0.63', port=80): Max retries exceeded with url: /rpc/Light.Set (Caused by NewConnectionError('<urllib3.connection.HTTPConnection object at 0x7ffeadf180d0>: Failed to establish a new connection: [Errno 113] No route to host'))"
2025-11-25 21:30:05,2025-11-25T21:30:00.529000,29.37,507.0,0.8759649343676945,19.0,4.0,25.764822166621006,16.55682351251732,2.9017672826215435,1.6,-1543.3791724638784,True,"blue_error:RPC错误: HTTPConnectionPool(host='192.168.0.63', port=80): Max retries exceeded with url: /rpc/Light.Set (Caused by NewConnectionError('<urllib3.connection.HTTPConnection object at 0x7ffeadefec10>: Failed to establish a new connection: [Errno 113] No route to host'))"
2025-11-25 21:45:05,2025-11-25T21:44:57.680000,28.62,508.0,1.4234865227081002,54.561011410886145,14.890252852721536,28.467206145195085,44.46860575675074,12.529065828570538,1.6,-1617.2836035966745,True,"blue_error:RPC错误: HTTPConnectionPool(host='192.168.0.63', port=80): Max retries exceeded with url: /rpc/Light.Set (Caused by NewConnectionError('<urllib3.connection.HTTPConnection object at 0x7ffeadf246d0>: Failed to establish a new connection: [Errno 113] No route to host'))"
2025-11-25 22:00:05,2025-11-25T22:00:00.551000,28.94,509.0,1.4146251293169028,53.62185767773323,14.655464419433308,28.42346926241609,43.763203683492215,12.376727107124088,1.6,-1409.9246422875856,True,"blue_error:RPC错误: HTTPConnectionPool(host='192.168.0.63', port=80): Max retries exceeded with url: /rpc/Light.Set (Caused by NewConnectionError('<urllib3.connection.HTTPConnection object at 0x7ffeadf18490>: Failed to establish a new connection: [Errno 113] No route to host'))"
2025-11-25 22:15:05,2025-11-25T22:14:57.789000,29.05,508.0,1.2082101889406667,32.27901257756629,8.42633752585543,27.404673949701845,27.19567015057955,8.542427807504772,1.6,-1459.2662378318375,True,"blue_error:RPC错误: HTTPConnectionPool(host='192.168.0.63', port=80): Max retries exceeded with url: /rpc/Light.Set (Caused by NewConnectionError('<urllib3.connection.HTTPConnection object at 0x7ffeadf33390>: Failed to establish a new connection: [Errno 113] No route to host'))"
2025-11-25 22:30:05,2025-11-25T22:29:55.048000,28.77,509.0,1.1832440446155381,30.487088362450287,7.8290294541500955,27.281449386748083,25.76002071502919,8.067000561394227,1.6,-1544.4603553018485,True,"blue_error:RPC错误: HTTPConnectionPool(host='192.168.0.63', port=80): Max retries exceeded with url: /rpc/Light.Set (Caused by NewConnectionError('<urllib3.connection.HTTPConnection object at 0x7ffeadf39f90>: Failed to establish a new connection: [Errno 113] No route to host'))"
2025-11-25 22:45:05,2025-11-25T22:44:57.925000,28.38,510.0,0.832842607855915,19.0,4.0,25.551984742917774,16.55682351251732,2.3418934608095716,1.6,-1404.4078215326733,True,"blue_error:RPC错误: HTTPConnectionPool(host='192.168.0.63', port=80): Max retries exceeded with url: /rpc/Light.Set (Caused by NewConnectionError('<urllib3.connection.HTTPConnection object at 0x7ffeadf30550>: Failed to establish a new connection: [Errno 113] No route to host'))"
2025-11-25 23:00:05,2025-11-25T22:59:55.201000,28.25,512.0,1.5594071360582342,74.82010493312119,20.946031479936355,29.138064967380924,60.280769168538185,14.620134409855742,1.6,-1485.4122570642237,True,"blue_error:RPC错误: HTTPConnectionPool(host='192.168.0.63', port=80): Max retries exceeded with url: /rpc/Light.Set (Caused by NewConnectionError('<urllib3.connection.HTTPConnection object at 0x7ffeadf20b10>: Failed to establish a new connection: [Errno 113] No route to host'))"
2025-11-25 23:15:05,2025-11-25T23:14:58.001000,29.25,512.0,1.1768964953593586,30.031498301339354,7.677166100446451,27.250120000330455,25.395012190361236,7.946579435295442,1.6,-1563.0745023786944,True,"blue_error:RPC错误: HTTPConnectionPool(host='192.168.0.63', port=80): Max retries exceeded with url: /rpc/Light.Set (Caused by NewConnectionError('<urllib3.connection.HTTPConnection object at 0x7ffeadefd4d0>: Failed to establish a new connection: [Errno 113] No route to host'))"
2025-11-25 23:30:05,2025-11-25T23:29:55.180000,28.74,512.0,1.5088386207140303,67.25011591016346,18.67503477304904,28.88847563867396,54.36748661068881,13.902254539181039,1.6,-1379.143415872643,True,"blue_error:RPC错误: HTTPConnectionPool(host='192.168.0.63', port=80): Max retries exceeded with url: /rpc/Light.Set (Caused by NewConnectionError('<urllib3.connection.HTTPConnection object at 0x7ffeadf17890>: Failed to establish a new connection: [Errno 113] No route to host'))"
2025-11-25 23:45:05,2025-11-25T23:44:58.097000,29.25,511.0,1.2576219411625882,35.82549993919926,9.608499979733088,27.64855388138186,30.037036172627115,9.486529565087595,1.6,-1486.7211235637808,True,"blue_error:RPC错误: HTTPConnectionPool(host='192.168.0.63', port=80): Max retries exceeded with url: /rpc/Light.Set (Caused by NewConnectionError('<urllib3.connection.HTTPConnection object at 0x7ffeadf2fd50>: Failed to establish a new connection: [Errno 113] No route to host'))"
2025-11-26 00:00:05,2025-11-25T23:59:55.262000,29.0,510.0,1.841177992840528,95.0,28.0,30.528791954613713,76.64513905509547,16.904849600669515,1.6,-1534.7893706764326,True,"blue_error:RPC错误: HTTPConnectionPool(host='192.168.0.63', port=80): Max retries exceeded with url: /rpc/Light.Set (Caused by NewConnectionError('<urllib3.connection.HTTPConnection object at 0x7ffeadf21c10>: Failed to establish a new connection: [Errno 113] No route to host'))"
2025-11-26 00:15:05,2025-11-26T00:14:58.165000,29.94,506.0,1.487954356665945,64.1146143896982,17.734384316909463,28.785397875587165,51.91819554899146,13.583592171399316,1.6,-1505.4998926481064,True,"blue_error:RPC错误: HTTPConnectionPool(host='192.168.0.63', port=80): Max retries exceeded with url: /rpc/Light.Set (Caused by NewConnectionError('<urllib3.connection.HTTPConnection object at 0x7ffeadf1bfd0>: Failed to establish a new connection: [Errno 113] No route to host'))"
2025-11-26 00:30:05,2025-11-26T00:29:55.416000,29.73,507.0,1.321571861549979,43.064128538956844,11.819238561687053,27.9641893630983,35.71500174155077,10.696371964602251,1.6,-1517.1100832179068,True,"blue_error:RPC错误: HTTPConnectionPool(host='192.168.0.63', port=80): Max retries exceeded with url: /rpc/Light.Set (Caused by NewConnectionError('<urllib3.connection.HTTPConnection object at 0x7ffeadf39710>: Failed to establish a new connection: [Errno 113] No route to host'))"
2025-11-26 00:45:05,2025-11-26T00:44:58.667000,29.12,509.0,0.9390278210646941,19.0,4.0,26.076079545839907,16.55682351251732,3.806952790470734,1.6,-1440.3969839990875,True,"blue_error:RPC错误: HTTPConnectionPool(host='192.168.0.63', port=80): Max retries exceeded with url: /rpc/Light.Set (Caused by NewConnectionError('<urllib3.connection.HTTPConnection object at 0x7ffeadf17110>: Failed to establish a new connection: [Errno 113] No route to host'))"
2025-11-26 09:00:05,2025-11-26T07:23:40.053000,24.37,538.0,1.2296467075300663,33.81760084525756,8.93920028175252,27.510477457044797,28.42835251483477,8.951994779133054,1.6,-1566.7531277794983,True,"blue_error:RPC错误: HTTPConnectionPool(host='192.168.0.63', port=80): Max retries exceeded with url: /rpc/Light.Set (Caused by NewConnectionError('<urllib3.connection.HTTPConnection object at 0x7ffeadf38bd0>: Failed to establish a new connection: [Errno 113] No route to host'))"
2025-11-26 09:15:05,2025-11-26T09:14:56.872000,25.02,539.0,1.0871603454222796,23.78700394842939,5.595667982809797,26.807212288464825,20.392063562607888,6.2812538481085305,1.6,-1530.3239059236155,True,"blue_error:RPC错误: HTTPConnectionPool(host='192.168.0.63', port=80): Max retries exceeded with url: /rpc/Light.Set (Caused by NewConnectionError('<urllib3.connection.HTTPConnection object at 0x7ffeadf26e10>: Failed to establish a new connection: [Errno 113] No route to host'))"
2025-11-26 09:30:05,2025-11-26T09:29:59.678000,25.5,538.0,1.1945285441561957,31.297023918338954,8.099007972779653,27.33714591345004,26.408922891714415,8.281584139075557,1.6,-1431.0831713339562,True,"blue_error:RPC错误: HTTPConnectionPool(host='192.168.0.63', port=80): Max retries exceeded with url: /rpc/Light.Set (Caused by NewConnectionError('<urllib3.connection.HTTPConnection object at 0x7ffeadefd210>: Failed to establish a new connection: [Errno 113] No route to host'))"
2025-11-26 09:45:05,2025-11-26T09:44:57.079000,25.81,533.0,1.3173605104276112,42.521966658919744,11.656589997675923,27.94340353831332,35.291493017954025,10.61762567487444,1.6,-1557.4335338796934,True,"blue_error:RPC错误: HTTPConnectionPool(host='192.168.0.63', port=80): Max retries exceeded with url: /rpc/Light.Set (Caused by NewConnectionError('<urllib3.connection.HTTPConnection object at 0x7ffeb0a10fd0>: Failed to establish a new connection: [Errno 113] No route to host'))"
2025-11-26 10:00:05,2025-11-26T09:59:59.950000,26.25,531.0,1.1228788061000143,26.236565157130777,6.412188385710259,26.983506699370917,22.354596987265328,6.933953466375576,1.6,-1329.6488352225124,True,"blue_error:RPC错误: HTTPConnectionPool(host='192.168.0.63', port=80): Max retries exceeded with url: /rpc/Light.Set (Caused by NewConnectionError('<urllib3.connection.HTTPConnection object at 0x7ffeadf2e550>: Failed to establish a new connection: [Errno 113] No route to host'))"
2025-11-26 10:15:05,2025-11-26T10:14:57.183000,26.25,528.0,1.2753112589040962,37.108620538465196,10.032586161539559,27.735862454914923,31.062867970202195,9.82355967889986,1.6,-1398.070741351104,True,"blue_error:RPC错误: HTTPConnectionPool(host='192.168.0.63', port=80): Max retries exceeded with url: /rpc/Light.Set (Caused by NewConnectionError('<urllib3.connection.HTTPConnection object at 0x7ffeadf26750>: Failed to establish a new connection: [Errno 113] No route to host'))"
2025-11-26 10:30:05,2025-11-26T10:30:00.109000,26.49,527.0,1.3748628988273182,49.40775211281437,13.601938028203593,28.227216152190564,40.59797237205997,11.67488136710699,1.6,-1589.847856353299,True,"blue_error:RPC错误: HTTPConnectionPool(host='192.168.0.63', port=80): Max retries exceeded with url: /rpc/Light.Set (Caused by NewConnectionError('<urllib3.connection.HTTPConnection object at 0x7ffeadefd4d0>: Failed to establish a new connection: [Errno 113] No route to host'))"
2025-11-26 10:45:05,2025-11-26T10:44:57.321000,27.06,526.0,1.377092216390424,49.644021040210596,13.661005260052649,28.238219320273767,40.775434895338606,11.714954025549153,1.6,-1440.5735779658137,True,"blue_error:RPC错误: HTTPConnectionPool(host='192.168.0.63', port=80): Max retries exceeded with url: /rpc/Light.Set (Caused by NewConnectionError('<urllib3.connection.HTTPConnection object at 0x7ffeaec54050>: Failed to establish a new connection: [Errno 113] No route to host'))"
2025-11-26 11:00:05,2025-11-26T11:00:00.203000,27.34,523.0,1.2730959877355594,36.93613674393932,9.978712247979773,27.724928615151278,30.926853436312733,9.781421195024427,1.6,-1473.6263112546326,True,"blue_error:RPC错误: HTTPConnectionPool(host='192.168.0.63', port=80): Max retries exceeded with url: /rpc/Light.Set (Caused by NewConnectionError('<urllib3.connection.HTTPConnection object at 0x7ffeaec56f50>: Failed to establish a new connection: [Errno 113] No route to host'))"
2025-11-26 11:15:05,2025-11-26T11:14:57.545000,27.56,520.0,1.451240809758597,58.56112758979101,16.068338276937304,28.60419205088211,47.580099875464704,12.995253837565727,1.6,-1456.8884726096558,True,"blue_error:RPC错误: HTTPConnectionPool(host='192.168.0.63', port=80): Max retries exceeded with url: /rpc/Light.Set (Caused by NewConnectionError('<urllib3.connection.HTTPConnection object at 0x7ffeadf2f3d0>: Failed to establish a new connection: [Errno 113] No route to host'))"
2025-11-26 11:30:05,2025-11-26T11:30:00.413000,27.94,520.0,1.8359130519037203,95.0,28.0,30.502805961844196,76.64513905509547,16.89127288239937,1.6,-1438.7678011453836,True,"blue_error:RPC错误: HTTPConnectionPool(host='192.168.0.63', port=80): Max retries exceeded with url: /rpc/Light.Set (Caused by NewConnectionError('<urllib3.connection.HTTPConnection object at 0x7ffeadf3d490>: Failed to establish a new connection: [Errno 113] No route to host'))"
2025-11-26 11:45:05,2025-11-26T11:44:57.679000,28.94,515.0,1.824208328335494,95.0,28.0,30.44503534947384,76.64513905509547,16.85707590323571,1.6,-1650.461414937417,True,"blue_error:RPC错误: HTTPConnectionPool(host='192.168.0.63', port=80): Max retries exceeded with url: /rpc/Light.Set (Caused by NewConnectionError('<urllib3.connection.HTTPConnection object at 0x7ffeadf33090>: Failed to establish a new connection: [Errno 113] No route to host'))"
2025-11-26 12:00:05,2025-11-26T12:00:00.510000,29.55,514.0,1.3731425169299039,49.22542152324701,13.556355380811752,28.21872492083895,40.46102314707262,11.643903316253885,1.6,-1342.3170170158999,True,"blue_error:RPC错误: HTTPConnectionPool(host='192.168.0.63', port=80): Max retries exceeded with url: /rpc/Light.Set (Caused by NewConnectionError('<urllib3.connection.HTTPConnection object at 0x7ffeadf3ca10>: Failed to establish a new connection: [Errno 113] No route to host'))"
2025-11-26 12:15:05,2025-11-26T12:14:57.741000,29.25,507.0,1.1918995087556676,31.108327092138936,8.036109030712979,27.324169871414828,26.257743232586545,8.231539435409513,1.6,-1613.2229279920211,True,"blue_error:RPC错误: HTTPConnectionPool(host='192.168.0.63', port=80): Max retries exceeded with url: /rpc/Light.Set (Caused by NewConnectionError('<urllib3.connection.HTTPConnection object at 0x7ffeadf3c550>: Failed to establish a new connection: [Errno 113] No route to host'))"
2025-11-26 12:30:05,2025-11-26T12:30:00.552000,28.94,509.0,1.1518589432053532,28.23444884877992,7.078149616259973,27.126542992145655,23.955256529681122,7.474138858813631,1.6,-1687.0583624292574,True,"blue_error:RPC错误: HTTPConnectionPool(host='192.168.0.63', port=80): Max retries exceeded with url: /rpc/Light.Set (Caused by NewConnectionError('<urllib3.connection.HTTPConnection object at 0x7ffeadee6f50>: Failed to establish a new connection: [Errno 113] No route to host'))"
2025-11-26 12:45:05,2025-11-26T12:44:57.866000,28.52,508.0,1.0016582184180896,19.0,4.0,26.385202301880565,16.55682351251732,4.799605526249891,1.6,-1418.549132689688,True,"blue_error:RPC错误: HTTPConnectionPool(host='192.168.0.63', port=80): Max retries exceeded with url: /rpc/Light.Set (Caused by NewConnectionError('<urllib3.connection.HTTPConnection object at 0x7ffeadf3d490>: Failed to establish a new connection: [Errno 113] No route to host'))"
2025-11-26 13:00:05,2025-11-26T12:59:55.151000,28.38,508.0,1.1819074125605324,30.391152709957314,7.797050903319104,27.274852216649922,25.68315922491211,8.04162458298382,1.6,-1397.4865650788395,True,"blue_error:RPC错误: HTTPConnectionPool(host='192.168.0.63', port=80): Max retries exceeded with url: /rpc/Light.Set (Caused by NewConnectionError('<urllib3.connection.HTTPConnection object at 0x7ffeadf3e350>: Failed to establish a new connection: [Errno 113] No route to host'))"
2025-11-26 13:15:05,2025-11-26T13:14:57.969000,28.5,509.0,1.4683873338936997,61.15480222680967,16.846440668042902,28.688821576178796,49.60614389551617,13.2742867747831,1.6,-1526.5622404808562,True,"blue_error:RPC错误: HTTPConnectionPool(host='192.168.0.63', port=80): Max retries exceeded with url: /rpc/Light.Set (Caused by NewConnectionError('<urllib3.connection.HTTPConnection object at 0x7ffeadf24b90>: Failed to establish a new connection: [Errno 113] No route to host'))"
2025-11-26 13:30:05,2025-11-26T13:29:55.256000,29.12,511.0,1.4519876228041002,58.67409451180123,16.10222835354037,28.607878071035717,47.66834377218782,13.007555546477128,1.6,-1545.0692637000682,True,"blue_error:RPC错误: HTTPConnectionPool(host='192.168.0.63', port=80): Max retries exceeded with url: /rpc/Light.Set (Caused by NewConnectionError('<urllib3.connection.HTTPConnection object at 0x7ffeadf3fb90>: Failed to establish a new connection: [Errno 113] No route to host'))"
2025-11-26 13:45:05,2025-11-26T13:44:58.140000,29.44,507.0,0.9624129098509,19.0,4.0,26.191500545886548,16.55682351251732,4.167269745465487,1.6,-1390.4916665134201,True,"blue_error:RPC错误: HTTPConnectionPool(host='192.168.0.63', port=80): Max retries exceeded with url: /rpc/Light.Set (Caused by NewConnectionError('<urllib3.connection.HTTPConnection object at 0x7ffeadf24390>: Failed to establish a new connection: [Errno 113] No route to host'))"
2025-11-26 14:00:06,2025-11-26T13:59:55.379000,28.74,508.0,1.148211086433045,27.97384526535285,6.991281755117617,27.108538387564675,23.746466791647894,7.4057077444865875,1.6,-1469.1638926602363,True,"blue_error:RPC错误: HTTPConnectionPool(host='192.168.0.63', port=80): Max retries exceeded with url: /rpc/Light.Set (Caused by NewConnectionError('<urllib3.connection.HTTPConnection object at 0x7ffeadf3e150>: Failed to establish a new connection: [Errno 113] No route to host'))"
2025-11-26 14:15:05,2025-11-26T14:14:58.202000,28.88,508.0,1.4817766199652758,63.18013700708383,17.45404110212515,28.754906627316316,51.18823031515031,13.487026704257522,1.6,-1600.577907277241,True,"blue_error:RPC错误: HTTPConnectionPool(host='192.168.0.63', port=80): Max retries exceeded with url: /rpc/Light.Set (Caused by NewConnectionError('<urllib3.connection.HTTPConnection object at 0x7ffeadf3e250>: Failed to establish a new connection: [Errno 113] No route to host'))"
2025-11-26 14:30:05,2025-11-26T14:29:55.417000,29.38,506.0,1.532347191961689,70.76929429772102,19.730788289316305,29.004506106972755,57.11648612891715,14.24582759929611,1.6,-1518.8330142751088,True,"blue_error:RPC错误: HTTPConnectionPool(host='192.168.0.63', port=80): Max retries exceeded with url: /rpc/Light.Set (Caused by NewConnectionError('<urllib3.connection.HTTPConnection object at 0x7ffeadf3c550>: Failed to establish a new connection: [Errno 113] No route to host'))"
2025-11-26 14:45:05,2025-11-26T14:44:58.285000,29.74,505.0,1.326351861958595,43.679497320331755,12.003849196099527,27.987781851133292,36.19569589718477,10.785537900705377,1.6,-1689.2422130913517,True,"blue_error:RPC错误: HTTPConnectionPool(host='192.168.0.63', port=80): Max retries exceeded with url: /rpc/Light.Set (Caused by NewConnectionError('<urllib3.connection.HTTPConnection object at 0x7ffeadf3e4d0>: Failed to establish a new connection: [Errno 113] No route to host'))"
2025-11-26 15:00:05,2025-11-26T14:59:55.534000,29.49,505.0,1.7311022741807958,95.0,28.0,29.98549491414862,76.64513905509547,16.386163321607444,1.6,-1402.8125775694307,True,"blue_error:RPC错误: HTTPConnectionPool(host='192.168.0.63', port=80): Max retries exceeded with url: /rpc/Light.Set (Caused by NewConnectionError('<urllib3.connection.HTTPConnection object at 0x7ffeadf27d10>: Failed to establish a new connection: [Errno 113] No route to host'))"
2025-11-26 15:15:05,2025-11-26T15:14:58.446000,30.37,504.0,1.4257403591626479,54.79987891476057,14.949969728690142,28.478330330350154,44.64802008107168,12.567553167472715,1.6,-1629.7450784805585,True,"blue_error:RPC错误: HTTPConnectionPool(host='192.168.0.63', port=80): Max retries exceeded with url: /rpc/Light.Set (Caused by NewConnectionError('<urllib3.connection.HTTPConnection object at 0x7ffeb1288350>: Failed to establish a new connection: [Errno 113] No route to host'))"
2025-11-26 15:30:05,2025-11-26T15:29:55.631000,29.99,503.0,1.4558532305102938,59.25882693833965,16.277648081501894,28.62695742161317,48.12510639738745,13.071018308282405,1.6,-1454.2462208786217,True,"blue_error:RPC错误: HTTPConnectionPool(host='192.168.0.63', port=80): Max retries exceeded with url: /rpc/Light.Set (Caused by NewConnectionError('<urllib3.connection.HTTPConnection object at 0x7ffeadf14210>: Failed to establish a new connection: [Errno 113] No route to host'))"
2025-11-26 15:45:06,2025-11-26T15:44:58.504000,30.02,503.0,0.9732634893771465,19.0,4.0,26.245055388096244,16.55682351251732,4.338725499622947,1.6,-1416.153749318717,True,"blue_error:RPC错误: HTTPConnectionPool(host='192.168.0.63', port=80): Max retries exceeded with url: /rpc/Light.Set (Caused by NewConnectionError('<urllib3.connection.HTTPConnection object at 0x7ffeadf4c6d0>: Failed to establish a new connection: [Errno 113] No route to host'))"
2025-11-26 16:00:05,2025-11-26T15:59:55.752000,29.51,503.0,1.242410270385424,34.73369493867553,9.244564979558508,27.573474147046355,29.16230652752798,9.195988788837843,1.6,-1639.9362158659817,True,"blue_error:RPC错误: HTTPConnectionPool(host='192.168.0.63', port=80): Max retries exceeded with url: /rpc/Light.Set (Caused by NewConnectionError('<urllib3.connection.HTTPConnection object at 0x7ffeadf14210>: Failed to establish a new connection: [Errno 113] No route to host'))"
2025-11-26 16:15:05,2025-11-26T16:14:58.556000,29.47,503.0,1.2236363008387563,33.38620891094059,8.79540297031353,27.480812093900774,28.082730985877955,8.837100089473466,1.6,-1493.1117708967513,True,"blue_error:RPC错误: HTTPConnectionPool(host='192.168.0.63', port=80): Max retries exceeded with url: /rpc/Light.Set (Caused by NewConnectionError('<urllib3.connection.HTTPConnection object at 0x7ffeadf17f10>: Failed to establish a new connection: [Errno 113] No route to host'))"
2025-11-26 16:30:05,2025-11-26T16:29:55.757000,29.38,505.0,1.322732226523233,43.213511869187194,11.864053560756158,27.969916537660538,35.83169224643864,10.718038629384242,1.6,-1502.7501478544625,True,"blue_error:RPC错误: HTTPConnectionPool(host='192.168.0.63', port=80): Max retries exceeded with url: /rpc/Light.Set (Caused by NewConnectionError('<urllib3.connection.HTTPConnection object at 0x7ffeadf3cb90>: Failed to establish a new connection: [Errno 113] No route to host'))"
2025-11-26 16:45:05,2025-11-26T16:44:58.648000,29.49,505.0,1.2403442977696453,34.58541147488674,9.195137158295582,27.563277195152683,29.043505146702824,9.156500855598944,1.6,-1446.9767996308883,True,"blue_error:RPC错误: HTTPConnectionPool(host='192.168.0.63', port=80): Max retries exceeded with url: /rpc/Light.Set (Caused by NewConnectionError('<urllib3.connection.HTTPConnection object at 0x7ffeadf3e350>: Failed to establish a new connection: [Errno 113] No route to host'))"
2025-11-26 17:00:05,2025-11-26T16:59:55.815000,29.52,506.0,1.3659293529610397,48.46095147094889,13.365237867737223,28.183123148855184,39.886826675505866,11.513523580297397,1.6,-1618.671100527638,True,"blue_error:RPC错误: HTTPConnectionPool(host='192.168.0.63', port=80): Max retries exceeded with url: /rpc/Light.Set (Caused by NewConnectionError('<urllib3.connection.HTTPConnection object at 0x7ffeadee7190>: Failed to establish a new connection: [Errno 113] No route to host'))"
2025-11-26 17:15:05,2025-11-26T17:14:58.757000,29.52,506.0,1.0615078048559177,22.02776049046121,5.009253496820403,26.680599902556203,18.982597215693108,5.823510177523264,1.6,-1397.9760725496058,True,"blue_error:RPC错误: HTTPConnectionPool(host='192.168.0.63', port=80): Max retries exceeded with url: /rpc/Light.Set (Caused by NewConnectionError('<urllib3.connection.HTTPConnection object at 0x7ffeadf1a390>: Failed to establish a new connection: [Errno 113] No route to host'))"
2025-11-26 17:30:05,2025-11-26T17:29:55.907000,29.25,506.0,1.1644008802008297,29.13463593069281,7.378211976897603,27.188445810808194,24.676466202018915,7.7102371874263325,1.6,-1298.450252741785,True,"blue_error:RPC错误: HTTPConnectionPool(host='192.168.0.63', port=80): Max retries exceeded with url: /rpc/Light.Set (Caused by NewConnectionError('<urllib3.connection.HTTPConnection object at 0x7ffeadf4de10>: Failed to establish a new connection: [Errno 113] No route to host'))"
2025-11-26 17:45:05,2025-11-26T17:44:58.832000,29.25,506.0,1.5578088796289493,74.58084966641609,20.87425489992483,29.13017650661494,60.09387537104519,14.598681595866069,1.6,-1610.0533765090024,True,"blue_error:RPC错误: HTTPConnectionPool(host='192.168.0.63', port=80): Max retries exceeded with url: /rpc/Light.Set (Caused by NewConnectionError('<urllib3.connection.HTTPConnection object at 0x7ffeadf4f7d0>: Failed to establish a new connection: [Errno 113] No route to host'))"
2025-11-26 18:00:05,2025-11-26T17:59:56.082000,29.99,506.0,1.930597216980035,95.0,28.0,30.97013542642745,76.64513905509547,16.968045561760174,1.6,-1533.4531376522714,True,"blue_error:RPC错误: HTTPConnectionPool(host='192.168.0.63', port=80): Max retries exceeded with url: /rpc/Light.Set (Caused by NewConnectionError('<urllib3.connection.HTTPConnection object at 0x7ffeadf26750>: Failed to establish a new connection: [Errno 113] No route to host'))"
2025-11-26 18:15:05,2025-11-26T18:14:58.824000,30.97,505.0,1.4687575788891891,61.210807458349166,16.86324223750475,28.690648982011304,49.64989227583832,13.280231569526906,1.6,-1566.3509454777543,True,"blue_error:RPC错误: HTTPConnectionPool(host='192.168.0.63', port=80): Max retries exceeded with url: /rpc/Light.Set (Caused by NewConnectionError('<urllib3.connection.HTTPConnection object at 0x7ffeadf2c650>: Failed to establish a new connection: [Errno 113] No route to host'))"
2025-11-26 18:30:05,2025-11-26T18:29:56.046000,30.62,506.0,1.0257686967629707,19.576783288281824,4.192261096093941,26.504203582893897,17.018929328863504,5.204021006807626,1.6,-1457.3486322796125,True,"blue_error:RPC错误: HTTPConnectionPool(host='192.168.0.63', port=80): Max retries exceeded with url: /rpc/Light.Set (Caused by NewConnectionError('<urllib3.connection.HTTPConnection object at 0x7ffeadf2efd0>: Failed to establish a new connection: [Errno 113] No route to host'))"
2025-11-26 18:45:05,2025-11-26T18:44:58.974000,29.99,505.0,1.7392026826201308,95.0,28.0,30.02547582897011,76.64513905509547,16.44118054203566,1.6,-1465.4691318828316,True,"blue_error:RPC错误: HTTPConnectionPool(host='192.168.0.63', port=80): Max retries exceeded with url: /rpc/Light.Set (Caused by NewConnectionError('<urllib3.connection.HTTPConnection object at 0x7ffeadf3d490>: Failed to establish a new connection: [Errno 113] No route to host'))"
2025-11-26 19:00:05,2025-11-26T18:59:56.198000,30.74,504.0,1.4944810544248182,65.10082166124339,18.030246498373018,28.817611479273616,52.68856948739036,13.684487895727145,1.6,-1439.3307790419801,True,"blue_error:RPC错误: HTTPConnectionPool(host='192.168.0.63', port=80): Max retries exceeded with url: /rpc/Light.Set (Caused by NewConnectionError('<urllib3.connection.HTTPConnection object at 0x7ffeadf2d490>: Failed to establish a new connection: [Errno 113] No route to host'))"
2025-11-26 19:15:05,2025-11-26T19:14:59.039000,30.81,504.0,1.249459961664233,35.23968065866013,9.413226886220043,27.608269072345085,29.56769092222763,9.33069188991085,1.6,-1567.2847077524352,True,"blue_error:RPC错误: HTTPConnectionPool(host='192.168.0.63', port=80): Max retries exceeded with url: /rpc/Light.Set (Caused by NewConnectionError('<urllib3.connection.HTTPConnection object at 0x7ffeadee7010>: Failed to establish a new connection: [Errno 113] No route to host'))"
2025-11-26 19:30:05,2025-11-26T19:29:56.192000,30.37,502.0,1.305931612813633,41.050630634660116,11.215189190398036,27.88699431087373,34.142161675120654,10.40310234609335,1.6,-1439.4930200726583,True,"blue_error:RPC错误: HTTPConnectionPool(host='192.168.0.63', port=80): Max retries exceeded with url: /rpc/Light.Set (Caused by NewConnectionError('<urllib3.connection.HTTPConnection object at 0x7ffeaec56f50>: Failed to establish a new connection: [Errno 113] No route to host'))"
2025-11-26 19:45:05,2025-11-26T19:44:59.114000,30.25,504.0,1.2216142901899372,33.241080780715265,8.74702692690509,27.470832123616063,27.966457587436842,8.798453951495587,1.6,-1289.1392840217695,True,"blue_error:RPC错误: HTTPConnectionPool(host='192.168.0.63', port=80): Max retries exceeded with url: /rpc/Light.Set (Caused by NewConnectionError('<urllib3.connection.HTTPConnection object at 0x7ffeadf27b50>: Failed to establish a new connection: [Errno 113] No route to host'))"
2025-11-26 20:00:05,2025-11-26T19:59:56.298000,29.99,502.0,1.4115322746835743,53.294068824811404,14.573517206202851,28.40820396331711,43.51700018317088,12.323183723022456,1.6,-1492.781708606393,True,"blue_error:RPC错误: HTTPConnectionPool(host='192.168.0.63', port=80): Max retries exceeded with url: /rpc/Light.Set (Caused by NewConnectionError('<urllib3.connection.HTTPConnection object at 0x7ffeadf3f450>: Failed to establish a new connection: [Errno 113] No route to host'))"
2025-11-26 20:15:05,2025-11-26T20:14:59.163000,30.49,503.0,1.2105441584240315,32.44653129331663,8.482177097772212,27.416193644765272,27.32988238326347,8.586981597929912,1.6,-1501.1853452707478,True,"blue_error:RPC错误: HTTPConnectionPool(host='192.168.0.63', port=80): Max retries exceeded with url: /rpc/Light.Set (Caused by NewConnectionError('<urllib3.connection.HTTPConnection object at 0x7ffeadf3e250>: Failed to establish a new connection: [Errno 113] No route to host'))"
2025-11-26 20:30:05,2025-11-26T20:29:56.419000,30.25,501.0,1.3080829613507639,41.327591432659354,11.298277429797807,27.897612649844973,34.35850907682099,10.443570161661524,1.6,-1478.7888202330687,True,"blue_error:RPC错误: HTTPConnectionPool(host='192.168.0.63', port=80): Max retries exceeded with url: /rpc/Light.Set (Caused by NewConnectionError('<urllib3.connection.HTTPConnection object at 0x7ffeadefc850>: Failed to establish a new connection: [Errno 113] No route to host'))"
2025-11-26 20:45:05,2025-11-26T20:44:59.172000,30.12,500.0,1.213727287887507,32.67499775939044,8.55833258646348,27.431904510322003,27.51292458465468,8.647765642882911,1.6,-1474.0154099562471,True,"blue_error:RPC错误: HTTPConnectionPool(host='192.168.0.63', port=80): Max retries exceeded with url: /rpc/Light.Set (Caused by NewConnectionError('<urllib3.connection.HTTPConnection object at 0x7ffeadf3d490>: Failed to establish a new connection: [Errno 113] No route to host'))"
2025-11-26 21:00:05,2025-11-26T20:59:56.421000,30.02,501.0,1.1819505207169279,30.394246761978643,7.798082253992881,27.27506498413466,25.685638109900946,8.042442843920677,1.6,-1471.3905119125059,True,"blue_error:RPC错误: HTTPConnectionPool(host='192.168.0.63', port=80): Max retries exceeded with url: /rpc/Light.Set (Caused by NewConnectionError('<urllib3.connection.HTTPConnection object at 0x7ffeadf28cd0>: Failed to establish a new connection: [Errno 113] No route to host'))"
2025-11-26 21:15:05,2025-11-26T21:14:59.236000,29.87,502.0,1.4354804411849404,56.177130231639936,15.35313906949198,28.52640412719682,45.71784486384439,12.732629240247585,1.6,-1539.24355074218,True,"blue_error:RPC错误: HTTPConnectionPool(host='192.168.0.63', port=80): Max retries exceeded with url: /rpc/Light.Set (Caused by NewConnectionError('<urllib3.connection.HTTPConnection object at 0x7ffeadf4fb90>: Failed to establish a new connection: [Errno 113] No route to host'))"
2025-11-26 21:30:05,2025-11-26T21:29:56.464000,30.37,501.0,1.418429805789457,54.02508727774037,14.756271819435092,28.442247876742975,44.06607102650891,12.442330878970587,1.6,-1384.0826969174852,True,"blue_error:RPC错误: HTTPConnectionPool(host='192.168.0.63', port=80): Max retries exceeded with url: /rpc/Light.Set (Caused by NewConnectionError('<urllib3.connection.HTTPConnection object at 0x7ffeadf26c50>: Failed to establish a new connection: [Errno 113] No route to host'))"
2025-11-26 21:45:05,2025-11-26T21:44:59.349000,30.37,502.0,1.1800468288811687,30.257610866015245,7.752536955338415,27.265668996055556,25.576168498819726,8.00631736075109,1.6,-1379.4458599315965,True,"blue_error:RPC错误: HTTPConnectionPool(host='192.168.0.63', port=80): Max retries exceeded with url: /rpc/Light.Set (Caused by NewConnectionError('<urllib3.connection.HTTPConnection object at 0x7ffeadf32f90>: Failed to establish a new connection: [Errno 113] No route to host'))"
2025-11-26 22:00:06,2025-11-26T21:59:56.523000,30.19,503.0,1.488537836629094,64.20287467905504,17.760862403716516,28.788277738112793,51.987139906509256,13.592659519366448,1.6,-1598.0160315263986,True,"blue_error:RPC错误: HTTPConnectionPool(host='192.168.0.63', port=80): Max retries exceeded with url: /rpc/Light.Set (Caused by NewConnectionError('<urllib3.connection.HTTPConnection object at 0x7ffeadf22450>: Failed to establish a new connection: [Errno 113] No route to host'))"
2025-11-26 22:15:05,2025-11-26T22:14:59.400000,30.49,504.0,1.398342190762549,51.89614910630116,14.22403727657529,28.343102107566963,42.467017168807935,12.092762746652825,1.6,-1498.6846597617725,True,"blue_error:RPC错误: HTTPConnectionPool(host='192.168.0.63', port=80): Max retries exceeded with url: /rpc/Light.Set (Caused by NewConnectionError('<urllib3.connection.HTTPConnection object at 0x7ffeadf4cbd0>: Failed to establish a new connection: [Errno 113] No route to host'))"
2025-11-26 22:30:05,2025-11-26T22:29:56.654000,30.69,506.0,1.2823954862999023,38.02063141856514,10.30618942556954,27.770827838970426,31.77528353824442,9.95815259924575,1.6,-1639.7219767911681,True,"blue_error:RPC错误: HTTPConnectionPool(host='192.168.0.63', port=80): Max retries exceeded with url: /rpc/Light.Set (Caused by NewConnectionError('<urllib3.connection.HTTPConnection object at 0x7ffeadeff710>: Failed to establish a new connection: [Errno 113] No route to host'))"
2025-11-26 22:45:06,2025-11-26T22:44:59.498000,30.25,506.0,1.4610748248090166,60.0486731246972,16.51460193740916,28.652729469831858,48.74209324677486,13.156169419383343,1.6,-1560.825247401246,True,"blue_error:RPC错误: HTTPConnectionPool(host='192.168.0.63', port=80): Max retries exceeded with url: /rpc/Light.Set (Caused by NewConnectionError('<urllib3.connection.HTTPConnection object at 0x7ffeadeff110>: Failed to establish a new connection: [Errno 113] No route to host'))"
2025-11-26 23:00:05,2025-11-26T22:59:56.696000,30.51,508.0,1.411905325226844,53.33360570066149,14.583401425165372,28.410045216397897,43.54669648656647,12.32965200053615,1.6,-1363.5511317322325,True,"blue_error:RPC错误: HTTPConnectionPool(host='192.168.0.63', port=80): Max retries exceeded with url: /rpc/Light.Set (Caused by NewConnectionError('<urllib3.connection.HTTPConnection object at 0x7ffeadf144d0>: Failed to establish a new connection: [Errno 113] No route to host'))"
2025-11-26 23:15:05,2025-11-26T23:14:59.572000,30.47,509.0,1.3091230375977279,41.461489005445664,11.3384467016337,27.902746119366807,34.463102911672586,10.463120586631822,1.6,-1487.3960886146124,True,"blue_error:RPC错误: HTTPConnectionPool(host='192.168.0.63', port=80): Max retries exceeded with url: /rpc/Light.Set (Caused by NewConnectionError('<urllib3.connection.HTTPConnection object at 0x7ffeadf25590>: Failed to establish a new connection: [Errno 113] No route to host'))"
2025-11-26 23:30:05,2025-11-26T23:29:56.857000,30.3,507.0,0.8390634573624518,19.0,4.0,25.582688781621602,16.55682351251732,2.4196073413534744,1.6,-1471.8537131352207,True,"blue_error:RPC错误: HTTPConnectionPool(host='192.168.0.63', port=80): Max retries exceeded with url: /rpc/Light.Set (Caused by NewConnectionError('<urllib3.connection.HTTPConnection object at 0x7ffeadf15410>: Failed to establish a new connection: [Errno 113] No route to host'))"
2025-11-26 23:45:06,2025-11-26T23:44:59.721000,29.74,508.0,0.9871250932845815,19.0,4.0,26.31347164256821,16.55682351251732,4.5615566787996125,1.6,-1438.8526890883702,True,"blue_error:RPC错误: HTTPConnectionPool(host='192.168.0.63', port=80): Max retries exceeded with url: /rpc/Light.Set (Caused by NewConnectionError('<urllib3.connection.HTTPConnection object at 0x7ffeadf26790>: Failed to establish a new connection: [Errno 113] No route to host'))"
2025-11-27 00:00:06,2025-11-26T23:59:56.955000,29.47,511.0,1.3207527297824009,42.95867496688362,11.787602490065087,27.96014640184858,35.632626883871005,10.68106886330941,1.6,-1507.101578956478,True,"blue_error:RPC错误: HTTPConnectionPool(host='192.168.0.63', port=80): Max retries exceeded with url: /rpc/Light.Set (Caused by NewConnectionError('<urllib3.connection.HTTPConnection object at 0x7ffeadf157d0>: Failed to establish a new connection: [Errno 113] No route to host'))"
2025-11-27 00:15:05,2025-11-27T00:14:59.746000,29.52,512.0,1.316871357074557,42.45899392313674,11.637698176941022,27.94098924048012,35.24230198491601,10.608468196218185,1.6,-1646.7392521700299,True,"blue_error:RPC错误: HTTPConnectionPool(host='192.168.0.63', port=80): Max retries exceeded with url: /rpc/Light.Set (Caused by NewConnectionError('<urllib3.connection.HTTPConnection object at 0x7ffeadf25150>: Failed to establish a new connection: [Errno 113] No route to host'))"
2025-11-27 00:30:05,2025-11-27T00:29:57.019000,29.74,511.0,1.4848758023122728,63.64893584850301,17.594680754550904,28.770203157899868,51.554431640369785,13.535598667129271,1.6,-1447.6923156057921,True,"blue_error:RPC错误: HTTPConnectionPool(host='192.168.0.63', port=80): Max retries exceeded with url: /rpc/Light.Set (Caused by NewConnectionError('<urllib3.connection.HTTPConnection object at 0x7ffeadf309d0>: Failed to establish a new connection: [Errno 113] No route to host'))"
2025-11-27 00:45:05,2025-11-27T00:44:59.851000,30.25,513.0,1.0379502669699672,20.412191681419316,4.470730560473105,26.56432775125965,17.688239770647023,5.412607857341111,1.6,-1395.239084425913,True,"blue_error:RPC错误: HTTPConnectionPool(host='192.168.0.63', port=80): Max retries exceeded with url: /rpc/Light.Set (Caused by NewConnectionError('<urllib3.connection.HTTPConnection object at 0x7ffeadf195d0>: Failed to establish a new connection: [Errno 113] No route to host'))"
2025-11-27 09:00:05,2025-11-27T07:00:03.716000,25.49,548.0,1.3385170229651697,45.245618588930775,12.473685576679232,28.04782502915772,37.41906855373654,11.011362339709535,1.6,-1664.19597670157,True,"blue_error:RPC错误: HTTPConnectionPool(host='192.168.0.63', port=80): Max retries exceeded with url: /rpc/Light.Set (Caused by NewConnectionError('<urllib3.connection.HTTPConnection object at 0x7ffeadf39e50>: Failed to establish a new connection: [Errno 113] No route to host'))"
2025-11-27 09:15:05,2025-11-27T09:14:56.239000,26.12,546.0,1.2097464703788345,32.38927789825161,8.463092632750538,27.41225652257841,27.284012249016126,8.571752799183566,1.6,-1447.9513562911175,True,"blue_error:RPC错误: HTTPConnectionPool(host='192.168.0.63', port=80): Max retries exceeded with url: /rpc/Light.Set (Caused by NewConnectionError('<urllib3.connection.HTTPConnection object at 0x7ffeadf27d10>: Failed to establish a new connection: [Errno 113] No route to host'))"
2025-11-27 09:30:05,2025-11-27T09:29:59.171000,26.44,546.0,1.20551242141096,32.085382560040145,8.361794186680047,27.39135866879704,27.040538129357866,8.490947126660881,1.6,-1386.8319265387815,True,"blue_error:RPC错误: HTTPConnectionPool(host='192.168.0.63', port=80): Max retries exceeded with url: /rpc/Light.Set (Caused by NewConnectionError('<urllib3.connection.HTTPConnection object at 0x7ffeadf2d610>: Failed to establish a new connection: [Errno 113] No route to host'))"
2025-11-27 09:45:05,2025-11-27T09:44:56.379000,26.22,549.0,1.6617289298537343,94.10155636701053,27.73046691010316,29.6430912204097,75.94332151638369,15.80728443137228,1.6,-1462.6237074849328,True,"blue_error:RPC错误: HTTPConnectionPool(host='192.168.0.63', port=80): Max retries exceeded with url: /rpc/Light.Set (Caused by NewConnectionError('<urllib3.connection.HTTPConnection object at 0x7ffeadf15d90>: Failed to establish a new connection: [Errno 113] No route to host'))"
2025-11-27 10:00:05,2025-11-27T09:59:59.285000,27.74,590.0,1.109216691225262,25.29962145936171,6.099873819787238,26.916075056240864,21.603938739836295,6.6823974768116265,1.6,-1341.969645351355,True,"blue_error:RPC错误: HTTPConnectionPool(host='192.168.0.63', port=80): Max retries exceeded with url: /rpc/Light.Set (Caused by NewConnectionError('<urllib3.connection.HTTPConnection object at 0x7ffeadf384d0>: Failed to establish a new connection: [Errno 113] No route to host'))"
2025-11-27 10:15:05,2025-11-27T10:14:56.593000,27.5,581.0,1.4709234259653217,61.53842503172811,16.961527509518433,28.701338880936245,49.90581012148266,13.314937465309576,1.6,-1476.7175476425193,True,"blue_error:RPC错误: HTTPConnectionPool(host='192.168.0.63', port=80): Max retries exceeded with url: /rpc/Light.Set (Caused by NewConnectionError('<urllib3.connection.HTTPConnection object at 0x7ffeadf17890>: Failed to establish a new connection: [Errno 113] No route to host'))"
2025-11-27 10:30:05,2025-11-27T10:29:59.492000,27.8,575.0,1.205227035046824,32.064899191447076,8.354966397149024,27.389950096871168,27.02412731448593,8.485502378580197,1.6,-1517.4540590606146,True,"blue_error:RPC错误: HTTPConnectionPool(host='192.168.0.63', port=80): Max retries exceeded with url: /rpc/Light.Set (Caused by NewConnectionError('<urllib3.connection.HTTPConnection object at 0x7ffeadf4eb50>: Failed to establish a new connection: [Errno 113] No route to host'))"
2025-11-27 10:45:05,2025-11-27T10:44:56.723000,27.62,572.0,1.1884994564755909,30.864291171574394,7.954763723858131,27.307388347172388,26.062227133938467,8.166862691183766,1.6,-1428.7235918942808,True,"blue_error:RPC错误: HTTPConnectionPool(host='192.168.0.63', port=80): Max retries exceeded with url: /rpc/Light.Set (Caused by NewConnectionError('<urllib3.connection.HTTPConnection object at 0x7ffeadf254d0>: Failed to establish a new connection: [Errno 113] No route to host'))"
2025-11-27 11:00:05,2025-11-27T10:59:59.595000,27.55,568.0,0.8872685397040025,19.0,4.0,25.820612993159102,16.55682351251732,3.05661073542388,1.6,-1400.7964159275937,True,"blue_error:RPC错误: HTTPConnectionPool(host='192.168.0.63', port=80): Max retries exceeded with url: /rpc/Light.Set (Caused by NewConnectionError('<urllib3.connection.HTTPConnection object at 0x7ffeadf4dc10>: Failed to establish a new connection: [Errno 113] No route to host'))"
2025-11-27 11:15:05,2025-11-27T11:14:56.898000,27.5,565.0,1.4007445518982253,52.150757645765516,14.287689411441379,28.35495936101971,42.65825464704755,12.134974293194594,1.6,-1614.4703155771035,True,"blue_error:RPC错误: HTTPConnectionPool(host='192.168.0.63', port=80): Max retries exceeded with url: /rpc/Light.Set (Caused by NewConnectionError('<urllib3.connection.HTTPConnection object at 0x7ffeadf4eb50>: Failed to establish a new connection: [Errno 113] No route to host'))"
2025-11-27 11:30:05,2025-11-27T11:29:59.745000,27.87,559.0,1.13598593368748,27.135447994928136,6.71181599830938,27.048199110321974,23.074761728510342,7.177247024645422,1.6,-1439.7454566357928,True,"blue_error:RPC错误: HTTPConnectionPool(host='192.168.0.63', port=80): Max retries exceeded with url: /rpc/Light.Set (Caused by NewConnectionError('<urllib3.connection.HTTPConnection object at 0x7ffeadf4fa90>: Failed to establish a new connection: [Errno 113] No route to host'))"
2025-11-27 11:45:05,2025-11-27T11:44:57.029000,27.73,556.0,1.870183246130782,95.0,28.0,30.671952212501722,76.64513905509547,16.959712179617576,1.6,-1533.3068472292205,True,"blue_error:RPC错误: HTTPConnectionPool(host='192.168.0.63', port=80): Max retries exceeded with url: /rpc/Light.Set (Caused by NewConnectionError('<urllib3.connection.HTTPConnection object at 0x7ffeb1277cd0>: Failed to establish a new connection: [Errno 113] No route to host'))"
2025-11-27 12:00:06,2025-11-27T11:59:59.874000,29.0,550.0,1.4109037975095913,53.227461164131995,14.556865291032999,28.40510200956398,43.466970906515165,12.312280446348634,1.6,-1474.4775189839374,True,"blue_error:RPC错误: HTTPConnectionPool(host='192.168.0.63', port=80): Max retries exceeded with url: /rpc/Light.Set (Caused by NewConnectionError('<urllib3.connection.HTTPConnection object at 0x7ffeadf293d0>: Failed to establish a new connection: [Errno 113] No route to host'))"
2025-11-27 12:15:06,2025-11-27T12:14:57.083000,28.94,546.0,1.4286450136631492,55.14316702972461,15.042950108917381,28.49266673635241,44.910166471075065,12.61699562798864,1.6,-1614.3300171240055,True,"blue_error:RPC错误: HTTPConnectionPool(host='192.168.0.63', port=80): Max retries exceeded with url: /rpc/Light.Set (Caused by NewConnectionError('<urllib3.connection.HTTPConnection object at 0x7ffeadf2c250>: Failed to establish a new connection: [Errno 113] No route to host'))"
2025-11-27 12:30:06,2025-11-27T12:29:59.938000,29.0,543.0,0.6574239235693651,19.0,4.0,24.68617661397183,16.55682351251732,0.5802639323014933,1.6,-1514.457487654218,True,"blue_error:RPC错误: HTTPConnectionPool(host='192.168.0.63', port=80): Max retries exceeded with url: /rpc/Light.Set (Caused by NewConnectionError('<urllib3.connection.HTTPConnection object at 0x7ffeadee6610>: Failed to establish a new connection: [Errno 113] No route to host'))"
2025-11-27 12:45:06,2025-11-27T12:44:57.235000,28.38,542.0,1.0641116617911244,22.206332209971684,5.068777403323894,26.693451672082826,19.125664866745456,5.869504241188913,1.6,-1505.2439313356192,True,"blue_error:RPC错误: HTTPConnectionPool(host='192.168.0.63', port=80): Max retries exceeded with url: /rpc/Light.Set (Caused by NewConnectionError('<urllib3.connection.HTTPConnection object at 0x7ffeadf3eb50>: Failed to establish a new connection: [Errno 113] No route to host'))"
2025-11-27 13:00:06,2025-11-27T13:00:00.130000,28.25,540.0,1.5867962003178961,79.84279874725348,22.937119498901392,29.273248255162866,64.49523252787775,14.974472537439699,1.6,-1449.8635836927606,True,"blue_error:RPC错误: HTTPConnectionPool(host='192.168.0.63', port=80): Max retries exceeded with url: /rpc/Light.Set (Caused by NewConnectionError('<urllib3.connection.HTTPConnection object at 0x7ffeadf28490>: Failed to establish a new connection: [Errno 113] No route to host'))"
2025-11-27 13:15:05,2025-11-27T13:14:57.351000,29.02,535.0,1.3117919852212496,41.80508459252545,11.441525377757637,27.915919154825225,34.73150195239392,10.513246641604855,1.6,-1702.1930117702905,True,"blue_error:RPC错误: HTTPConnectionPool(host='192.168.0.63', port=80): Max retries exceeded with url: /rpc/Light.Set (Caused by NewConnectionError('<urllib3.connection.HTTPConnection object at 0x7ffeadf3d610>: Failed to establish a new connection: [Errno 113] No route to host'))"
2025-11-27 13:30:05,2025-11-27T13:30:00.193000,29.12,533.0,1.6712523515669941,95.0,28.0,29.690095654220478,76.64513905509547,15.898004168256154,1.6,-1494.0609029732716,True,"blue_error:RPC错误: HTTPConnectionPool(host='192.168.0.63', port=80): Max retries exceeded with url: /rpc/Light.Set (Caused by NewConnectionError('<urllib3.connection.HTTPConnection object at 0x7ffeadf4f5d0>: Failed to establish a new connection: [Errno 113] No route to host'))"
2025-11-27 13:45:06,2025-11-27T13:44:57.454000,30.0,530.0,1.288545307601679,38.81234851409643,10.543704554228928,27.801181306141267,32.393731844782,10.07476931835653,1.6,-1544.2533197776372,True,"blue_error:RPC错误: HTTPConnectionPool(host='192.168.0.63', port=80): Max retries exceeded with url: /rpc/Light.Set (Caused by NewConnectionError('<urllib3.connection.HTTPConnection object at 0x7ffeadf3e550>: Failed to establish a new connection: [Errno 113] No route to host'))"
2025-11-27 14:00:05,2025-11-27T14:00:00.384000,29.49,527.0,1.0035296643364862,19.0,4.0,26.394439134864577,16.55682351251732,4.830579227509469,1.6,-1565.486843298915,True,"blue_error:RPC错误: HTTPConnectionPool(host='192.168.0.63', port=80): Max retries exceeded with url: /rpc/Light.Set (Caused by NewConnectionError('<urllib3.connection.HTTPConnection object at 0x7ffeadf17750>: Failed to establish a new connection: [Errno 113] No route to host'))"
2025-11-27 14:15:05,2025-11-27T14:14:51.993000,28.97,524.0,1.1855462249111577,30.652325435726816,7.884108478575605,27.29281218098151,25.892404947007485,8.110729206822752,1.6,-1391.327989437081,True,"blue_error:RPC错误: HTTPConnectionPool(host='192.168.0.63', port=80): Max retries exceeded with url: /rpc/Light.Set (Caused by NewConnectionError('<urllib3.connection.HTTPConnection object at 0x7ffeadf2c250>: Failed to establish a new connection: [Errno 113] No route to host'))"
2025-11-27 14:30:05,2025-11-27T14:30:00.438000,28.74,523.0,1.2218658478174234,33.25913611991059,8.75304537330353,27.472073728178664,27.980923119687468,8.803261662182408,1.6,-1535.9302541461982,True,"blue_error:RPC错误: HTTPConnectionPool(host='192.168.0.63', port=80): Max retries exceeded with url: /rpc/Light.Set (Caused by NewConnectionError('<urllib3.connection.HTTPConnection object at 0x7ffeadf2d150>: Failed to establish a new connection: [Errno 113] No route to host'))"
2025-11-27 14:45:05,2025-11-27T14:44:57.715000,29.0,520.0,1.2012409738341634,31.77880296782187,8.259600989273958,27.370276227953305,26.794913445676183,8.409480214039739,1.6,-1461.4820416220193,True,"blue_error:RPC错误: HTTPConnectionPool(host='192.168.0.63', port=80): Max retries exceeded with url: /rpc/Light.Set (Caused by NewConnectionError('<urllib3.connection.HTTPConnection object at 0x7ffeadf15450>: Failed to establish a new connection: [Errno 113] No route to host'))"
2025-11-27 15:00:05,2025-11-27T15:00:00.580000,29.05,520.0,1.009467792720871,19.0,4.0,26.423747756388195,16.55682351251732,4.929331882928922,1.6,-1494.805476280014,True,"blue_error:RPC错误: HTTPConnectionPool(host='192.168.0.63', port=80): Max retries exceeded with url: /rpc/Light.Set (Caused by NewConnectionError('<urllib3.connection.HTTPConnection object at 0x7ffeadf14e10>: Failed to establish a new connection: [Errno 113] No route to host'))"
2025-11-27 15:15:06,2025-11-27T15:14:57.827000,28.74,519.0,1.505935906893005,66.81558640870622,18.54467592261187,28.87414881121844,54.02805471533924,13.858700836960105,1.6,-1406.0762185054655,True,"blue_error:RPC错误: HTTPConnectionPool(host='192.168.0.63', port=80): Max retries exceeded with url: /rpc/Light.Set (Caused by NewConnectionError('<urllib3.connection.HTTPConnection object at 0x7ffeadf4ee90>: Failed to establish a new connection: [Errno 113] No route to host'))"
2025-11-27 15:30:05,2025-11-27T15:30:00.587000,29.44,517.0,1.4939774831795856,65.02543821815156,18.00763146544547,28.815126019532546,52.62968385389293,13.676744908080511,1.6,-1603.6233263371237,True,"blue_error:RPC错误: HTTPConnectionPool(host='192.168.0.63', port=80): Max retries exceeded with url: /rpc/Light.Set (Caused by NewConnectionError('<urllib3.connection.HTTPConnection object at 0x7ffeadf15d10>: Failed to establish a new connection: [Errno 113] No route to host'))"
2025-11-27 15:45:05,2025-11-27T15:44:57.907000,29.99,514.0,1.5598886965093772,74.89219341157917,20.967658023473753,29.140441789182287,60.337080946665566,14.626581760456673,1.6,-1511.0303182336556,True,"blue_error:RPC错误: HTTPConnectionPool(host='192.168.0.63', port=80): Max retries exceeded with url: /rpc/Light.Set (Caused by NewConnectionError('<urllib3.connection.HTTPConnection object at 0x7ffeadf28490>: Failed to establish a new connection: [Errno 113] No route to host'))"
2025-11-27 16:00:05,2025-11-27T16:00:00.725000,30.28,510.0,1.2912470761784,39.160169412525015,10.648050823757504,27.814516334879904,32.66543147944405,10.12592917179739,1.6,-1568.0599620996627,True,"blue_error:RPC错误: HTTPConnectionPool(host='192.168.0.63', port=80): Max retries exceeded with url: /rpc/Light.Set (Caused by NewConnectionError('<urllib3.connection.HTTPConnection object at 0x7ffeb12957d0>: Failed to establish a new connection: [Errno 113] No route to host'))"
2025-11-27 16:15:05,2025-11-27T16:14:57.925000,29.99,511.0,1.3766929157239267,49.601702107393116,13.650425526848279,28.23624850533833,40.743648977981586,11.707782293004193,1.6,-1629.9645009695234,True,"blue_error:RPC错误: HTTPConnectionPool(host='192.168.0.63', port=80): Max retries exceeded with url: /rpc/Light.Set (Caused by NewConnectionError('<urllib3.connection.HTTPConnection object at 0x7ffeb12956d0>: Failed to establish a new connection: [Errno 113] No route to host'))"
2025-11-27 16:30:05,2025-11-27T16:29:55.168000,30.12,509.0,1.317865623957232,42.58699407954892,11.676098223864678,27.945896610255826,35.34228906415994,10.627079576100298,1.6,-1529.0338012667135,True,"blue_error:RPC错误: HTTPConnectionPool(host='192.168.0.63', port=80): Max retries exceeded with url: /rpc/Light.Set (Caused by NewConnectionError('<urllib3.connection.HTTPConnection object at 0x7ffeadf29990>: Failed to establish a new connection: [Errno 113] No route to host'))"
2025-11-27 16:45:05,2025-11-27T16:44:58.014000,29.99,509.0,1.208736656090825,32.316799318784575,8.438933106261524,27.407272415994555,27.22594403897488,8.552476494864324,1.6,-1556.1418129391518,True,"blue_error:RPC错误: HTTPConnectionPool(host='192.168.0.63', port=80): Max retries exceeded with url: /rpc/Light.Set (Caused by NewConnectionError('<urllib3.connection.HTTPConnection object at 0x7ffeadf4d750>: Failed to establish a new connection: [Errno 113] No route to host'))"
2025-11-27 17:00:06,2025-11-27T16:59:55.240000,29.8,508.0,1.4350876400657888,56.11771304060409,15.335313912181228,28.52446539185968,45.67143123783739,12.726011977209973,1.6,-1602.139596238859,True,"blue_error:RPC错误: HTTPConnectionPool(host='192.168.0.63', port=80): Max retries exceeded with url: /rpc/Light.Set (Caused by NewConnectionError('<urllib3.connection.HTTPConnection object at 0x7ffeadf2efd0>: Failed to establish a new connection: [Errno 113] No route to host'))"
2025-11-27 17:15:06,2025-11-27T17:14:58.072000,30.06,508.0,1.3001998361842468,40.3127318693837,10.99381956081511,27.858704172800877,33.565753455117346,10.295103829516602,1.6,-1354.3703174694715,True,"blue_error:RPC错误: HTTPConnectionPool(host='192.168.0.63', port=80): Max retries exceeded with url: /rpc/Light.Set (Caused by NewConnectionError('<urllib3.connection.HTTPConnection object at 0x7ffeadf25990>: Failed to establish a new connection: [Errno 113] No route to host'))"
2025-11-27 17:30:05,2025-11-27T17:29:55.364000,29.98,506.0,1.3579503482408297,47.615315605456935,13.153828901364234,28.14374144230692,39.251666241508346,11.368405386473125,1.6,-1423.0005640032634,True,"blue_error:RPC错误: HTTPConnectionPool(host='192.168.0.63', port=80): Max retries exceeded with url: /rpc/Light.Set (Caused by NewConnectionError('<urllib3.connection.HTTPConnection object at 0x7ffeadf21650>: Failed to establish a new connection: [Errno 113] No route to host'))"
2025-11-27 17:45:06,2025-11-27T17:44:58.227000,30.12,504.0,1.4351825058188121,56.13206294007056,15.339618882021169,28.52493361758182,45.682640634570284,12.727610430597824,1.6,-1469.9380139683428,True,"blue_error:RPC错误: HTTPConnectionPool(host='192.168.0.63', port=80): Max retries exceeded with url: /rpc/Light.Set (Caused by NewConnectionError('<urllib3.connection.HTTPConnection object at 0x7ffeadf30d90>: Failed to establish a new connection: [Errno 113] No route to host'))"
2025-11-27 18:00:06,2025-11-27T17:59:55.381000,30.33,502.0,1.2562835224594648,35.72943605152571,9.576478683841906,27.641947892984383,29.96007194336345,9.460986028942024,1.6,-1410.1889498088024,True,"blue_error:RPC错误: HTTPConnectionPool(host='192.168.0.63', port=80): Max retries exceeded with url: /rpc/Light.Set (Caused by NewConnectionError('<urllib3.connection.HTTPConnection object at 0x7ffeadefee90>: Failed to establish a new connection: [Errno 113] No route to host'))"
2025-11-27 18:15:06,2025-11-27T18:14:58.307000,30.02,499.0,0.9868615530007852,19.0,4.0,26.312170895609903,16.55682351251732,4.557281239159245,1.6,-1362.8156517294676,True,"blue_error:RPC错误: HTTPConnectionPool(host='192.168.0.63', port=80): Max retries exceeded with url: /rpc/Light.Set (Caused by NewConnectionError('<urllib3.connection.HTTPConnection object at 0x7ffeadf2e350>: Failed to establish a new connection: [Errno 113] No route to host'))"
2025-11-27 18:30:05,2025-11-27T18:29:55.526000,29.5,500.0,1.592753665495263,80.96456223770628,23.385824895082507,29.30265231664842,65.43890082797634,15.048141101527396,1.6,-1506.5241264074903,True,"blue_error:RPC错误: HTTPConnectionPool(host='192.168.0.63', port=80): Max retries exceeded with url: /rpc/Light.Set (Caused by NewConnectionError('<urllib3.connection.HTTPConnection object at 0x7ffeadefd790>: Failed to establish a new connection: [Errno 113] No route to host'))"
2025-11-27 18:45:06,2025-11-27T18:44:58.380000,30.5,498.0,1.68867542616115,95.0,28.0,29.776090140362047,76.64513905509547,16.054808168044442,1.6,-1644.687374691746,True,"blue_error:RPC错误: HTTPConnectionPool(host='192.168.0.63', port=80): Max retries exceeded with url: /rpc/Light.Set (Caused by NewConnectionError('<urllib3.connection.HTTPConnection object at 0x7ffeadf31650>: Failed to establish a new connection: [Errno 113] No route to host'))"
2025-11-27 19:00:05,2025-11-27T18:59:55.581000,31.12,497.0,1.4464930919677552,57.84296248992574,15.852888746977722,28.5807588990832,47.01910657074388,12.916741059251578,1.6,-1513.6205601503643,True,"blue_error:RPC错误: HTTPConnectionPool(host='192.168.0.63', port=80): Max retries exceeded with url: /rpc/Light.Set (Caused by NewConnectionError('<urllib3.connection.HTTPConnection object at 0x7ffeadf2d910>: Failed to establish a new connection: [Errno 113] No route to host'))"
2025-11-27 19:15:06,2025-11-27T19:14:58.421000,31.0,496.0,1.4702109031276214,61.43064502932772,16.929193508798313,28.697822105813632,49.82161797716827,13.303533063113605,1.6,-1521.9441133878395,True,"blue_error:RPC错误: HTTPConnectionPool(host='192.168.0.63', port=80): Max retries exceeded with url: /rpc/Light.Set (Caused by NewConnectionError('<urllib3.connection.HTTPConnection object at 0x7ffeadf4cf90>: Failed to establish a new connection: [Errno 113] No route to host'))"
2025-11-27 19:30:06,2025-11-27T19:29:55.592000,31.0,495.0,1.3877826697305369,50.77702334811372,13.94425583702843,28.290983833025827,41.62643739768551,11.905990971526219,1.6,-1616.59630892945,True,"blue_error:RPC错误: HTTPConnectionPool(host='192.168.0.63', port=80): Max retries exceeded with url: /rpc/Light.Set (Caused by NewConnectionError('<urllib3.connection.HTTPConnection object at 0x7ffeadf1b450>: Failed to establish a new connection: [Errno 113] No route to host'))"
2025-11-27 19:45:05,2025-11-27T19:44:58.476000,30.75,496.0,0.7996102595131362,19.0,4.0,25.387960953455643,16.55682351251732,1.9444158133005507,1.6,-1446.3261030592912,True,"blue_error:RPC错误: HTTPConnectionPool(host='192.168.0.63', port=80): Max retries exceeded with url: /rpc/Light.Set (Caused by NewConnectionError('<urllib3.connection.HTTPConnection object at 0x7ffeadf28190>: Failed to establish a new connection: [Errno 113] No route to host'))"
2025-11-27 20:00:05,2025-11-27T19:59:55.694000,30.25,497.0,1.2934252965497193,39.440589642834745,10.732176892850424,27.82526730426378,32.8844812101279,10.167140756725992,1.6,-1402.760107921541,True,"blue_error:RPC错误: HTTPConnectionPool(host='192.168.0.63', port=80): Max retries exceeded with url: /rpc/Light.Set (Caused by NewConnectionError('<urllib3.connection.HTTPConnection object at 0x7ffeadf2b990>: Failed to establish a new connection: [Errno 113] No route to host'))"
2025-11-27 20:15:06,2025-11-27T20:14:58.597000,30.25,496.0,1.3627567216151255,48.12470767260979,13.281176918152447,28.16746409850594,39.63427263233292,11.455931124350029,1.6,-1429.5721494939771,True,"blue_error:RPC错误: HTTPConnectionPool(host='192.168.0.63', port=80): Max retries exceeded with url: /rpc/Light.Set (Caused by NewConnectionError('<urllib3.connection.HTTPConnection object at 0x7ffeadf27090>: Failed to establish a new connection: [Errno 113] No route to host'))"
2025-11-27 20:30:05,2025-11-27T20:29:55.794000,30.25,496.0,1.2002412047391329,31.70704537371445,8.23568179123815,27.36534170109223,26.73742287291214,8.390420681249163,1.6,-1492.3808089840923,True,"blue_error:RPC错误: HTTPConnectionPool(host='192.168.0.63', port=80): Max retries exceeded with url: /rpc/Light.Set (Caused by NewConnectionError('<urllib3.connection.HTTPConnection object at 0x7ffeadf3b150>: Failed to establish a new connection: [Errno 113] No route to host'))"
2025-11-27 20:45:06,2025-11-27T20:44:58.680000,29.99,496.0,1.0357710285312367,20.26274016971538,4.4209133899051265,26.55357175703453,17.568502576065935,5.375090874924769,1.6,-1400.043057888685,True,"blue_error:RPC错误: HTTPConnectionPool(host='192.168.0.63', port=80): Max retries exceeded with url: /rpc/Light.Set (Caused by NewConnectionError('<urllib3.connection.HTTPConnection object at 0x7ffeadf15bd0>: Failed to establish a new connection: [Errno 113] No route to host'))"
2025-11-27 21:00:06,2025-11-27T20:59:55.895000,29.61,494.0,1.3016793711795682,40.5032045826143,11.05096137478429,27.866006664158736,33.71454085355042,10.323005814721268,1.6,-1454.622712544457,True,"blue_error:RPC错误: HTTPConnectionPool(host='192.168.0.63', port=80): Max retries exceeded with url: /rpc/Light.Set (Caused by NewConnectionError('<urllib3.connection.HTTPConnection object at 0x7ffeadf16750>: Failed to establish a new connection: [Errno 113] No route to host'))"
2025-11-27 21:15:06,2025-11-27T21:14:58.695000,29.55,495.0,1.0872093118061592,23.79036204819646,5.59678734939882,26.807453970206886,20.39475399672025,6.2821370465448405,1.6,-1566.4809933505726,True,"blue_error:RPC错误: HTTPConnectionPool(host='192.168.0.63', port=80): Max retries exceeded with url: /rpc/Light.Set (Caused by NewConnectionError('<urllib3.connection.HTTPConnection object at 0x7ffeadf32ad0>: Failed to establish a new connection: [Errno 113] No route to host'))"
2025-11-27 21:30:06,2025-11-27T21:29:55.930000,29.48,494.0,1.1769777958039787,30.037333573038385,7.679111191012795,27.250521272213923,25.399687278989614,7.948120369309232,1.6,-1459.8155626797673,True,"blue_error:RPC错误: HTTPConnectionPool(host='192.168.0.63', port=80): Max retries exceeded with url: /rpc/Light.Set (Caused by NewConnectionError('<urllib3.connection.HTTPConnection object at 0x7ffebe3a3fd0>: Failed to establish a new connection: [Errno 113] No route to host'))"
2025-11-27 21:45:06,2025-11-27T21:44:58.739000,29.25,495.0,1.2952613036782168,39.67695394674205,10.803086184022616,27.834329223198587,33.0691167375183,10.201852863130645,1.6,-1363.1611661655895,True,"blue_error:RPC错误: HTTPConnectionPool(host='192.168.0.63', port=80): Max retries exceeded with url: /rpc/Light.Set (Caused by NewConnectionError('<urllib3.connection.HTTPConnection object at 0x7ffeadf28d10>: Failed to establish a new connection: [Errno 113] No route to host'))"
2025-11-27 22:00:05,2025-11-27T21:59:55.936000,29.47,495.0,1.0170387030497576,19.008832711975685,4.002944237325229,26.461115245107713,16.56390008297454,5.056263731692347,1.6,-1356.006284671342,True,"blue_error:RPC错误: HTTPConnectionPool(host='192.168.0.63', port=80): Max retries exceeded with url: /rpc/Light.Set (Caused by NewConnectionError('<urllib3.connection.HTTPConnection object at 0x7ffeadf1bf90>: Failed to establish a new connection: [Errno 113] No route to host'))"
2025-11-27 22:15:05,2025-11-27T22:14:58.840000,29.0,495.0,1.2416865291311987,34.68174901294363,9.227249670981209,27.56990200156077,29.120688618507586,9.182156054937566,1.6,-1431.472462439218,True,"blue_error:RPC错误: HTTPConnectionPool(host='192.168.0.63', port=80): Max retries exceeded with url: /rpc/Light.Set (Caused by NewConnectionError('<urllib3.connection.HTTPConnection object at 0x7ffeadf27cd0>: Failed to establish a new connection: [Errno 113] No route to host'))"
2025-11-27 22:30:06,2025-11-27T22:29:56.065000,29.05,496.0,1.1166661520133392,25.81050322262849,6.270167740876164,26.952843110526608,22.013245734451264,6.819290160384792,1.6,-1449.2205115773797,True,"blue_error:RPC错误: HTTPConnectionPool(host='192.168.0.63', port=80): Max retries exceeded with url: /rpc/Light.Set (Caused by NewConnectionError('<urllib3.connection.HTTPConnection object at 0x7ffeadf2bd10>: Failed to establish a new connection: [Errno 113] No route to host'))"
2025-11-27 22:45:06,2025-11-27T22:44:58.860000,29.0,496.0,1.5471228658252705,72.98117827716509,20.394353483149523,29.07743390593427,58.84429510142246,14.453109996668363,1.6,-1527.0662478035515,True,"blue_error:RPC错误: HTTPConnectionPool(host='192.168.0.63', port=80): Max retries exceeded with url: /rpc/Light.Set (Caused by NewConnectionError('<urllib3.connection.HTTPConnection object at 0x7ffeadf386d0>: Failed to establish a new connection: [Errno 113] No route to host'))"
2025-11-27 23:00:06,2025-11-27T22:59:56.133000,29.49,495.0,1.441714855755678,57.120181010991644,15.636054303297493,28.557175118534015,46.45450719027508,12.837195437788099,1.6,-1519.766924244092,True,"blue_error:RPC错误: HTTPConnectionPool(host='192.168.0.63', port=80): Max retries exceeded with url: /rpc/Light.Set (Caused by NewConnectionError('<urllib3.connection.HTTPConnection object at 0x7ffeadf4d310>: Failed to establish a new connection: [Errno 113] No route to host'))"
2025-11-27 23:15:05,2025-11-27T23:14:59.020000,29.55,494.0,1.1953840266111349,31.358425459027373,8.119475153009125,27.341368289570745,26.458116427070227,8.297874701027425,1.6,-1415.045401459804,True,"blue_error:RPC错误: HTTPConnectionPool(host='192.168.0.63', port=80): Max retries exceeded with url: /rpc/Light.Set (Caused by NewConnectionError('<urllib3.connection.HTTPConnection object at 0x7ffeadf29710>: Failed to establish a new connection: [Errno 113] No route to host'))"
2025-11-27 23:30:06,2025-11-27T23:29:56.175000,29.23,494.0,0.9276520087957949,19.0,4.0,26.01993232996131,16.55682351251732,3.636361452567159,1.6,-1501.9750643853172,True,"blue_error:RPC错误: HTTPConnectionPool(host='192.168.0.63', port=80): Max retries exceeded with url: /rpc/Light.Set (Caused by NewConnectionError('<urllib3.connection.HTTPConnection object at 0x7ffeadf19050>: Failed to establish a new connection: [Errno 113] No route to host'))"
2025-11-27 23:45:05,2025-11-27T23:44:59.061000,28.64,493.0,1.4352607763089225,56.14390255161088,15.343170765483263,28.52531993462022,45.69188912465406,12.728929110203813,1.6,-1442.088254075588,True,"blue_error:RPC错误: HTTPConnectionPool(host='192.168.0.63', port=80): Max retries exceeded with url: /rpc/Light.Set (Caused by NewConnectionError('<urllib3.connection.HTTPConnection object at 0x7ffeadf2abd0>: Failed to establish a new connection: [Errno 113] No route to host'))"
2025-11-28 00:00:06,2025-11-27T23:59:56.310000,29.0,494.0,1.0282525387616177,19.747124419813893,4.249041473271298,26.51646299871492,17.15540281768189,5.246327349780202,1.6,-1411.3156727619414,True,"blue_error:RPC错误: HTTPConnectionPool(host='192.168.0.63', port=80): Max retries exceeded with url: /rpc/Light.Set (Caused by NewConnectionError('<urllib3.connection.HTTPConnection object at 0x7ffeadf33e90>: Failed to establish a new connection: [Errno 113] No route to host'))"
2025-11-28 00:15:06,2025-11-28T00:14:59.115000,28.74,497.0,1.6819945470118869,95.0,28.0,29.743115548747344,76.64513905509547,15.996091420989245,1.6,-1570.6084864000215,True,"blue_error:RPC错误: HTTPConnectionPool(host='192.168.0.63', port=80): Max retries exceeded with url: /rpc/Light.Set (Caused by NewConnectionError('<urllib3.connection.HTTPConnection object at 0x7ffeadf2a950>: Failed to establish a new connection: [Errno 113] No route to host'))"
2025-11-28 00:30:06,2025-11-28T00:29:56.406000,29.62,495.0,1.3726926225602165,49.177740536954715,13.544435134238679,28.216504392256,40.425209770201214,11.6357946609998,1.6,-1487.9523530999556,True,"blue_error:RPC错误: HTTPConnectionPool(host='192.168.0.63', port=80): Max retries exceeded with url: /rpc/Light.Set (Caused by NewConnectionError('<urllib3.connection.HTTPConnection object at 0x7ffeadf1a890>: Failed to establish a new connection: [Errno 113] No route to host'))"
2025-11-28 00:45:05,2025-11-28T00:44:59.252000,29.48,494.0,1.5438640224078433,72.49333700420017,20.24800110126005,29.061349341549093,58.46321881694254,14.407984784562196,1.6,-1495.5609215744369,True,"blue_error:RPC错误: HTTPConnectionPool(host='192.168.0.63', port=80): Max retries exceeded with url: /rpc/Light.Set (Caused by NewConnectionError('<urllib3.connection.HTTPConnection object at 0x7ffeadf4fd50>: Failed to establish a new connection: [Errno 113] No route to host'))"
2025-11-28 09:00:05,2025-11-28T08:14:15.811000,24.44,539.0,1.4851265844921187,63.68687049777405,17.606061149332213,28.771440935111507,51.584064219649925,13.539517817325951,1.6,-1591.538346265841,True,"red_error:RPC错误: HTTPConnectionPool(host='192.168.0.46', port=80): Max retries exceeded with url: /rpc/Light.Set (Caused by ConnectTimeoutError(<urllib3.connection.HTTPConnection object at 0x7ffeadf28cd0>, 'Connection to 192.168.0.46 timed out. (connect timeout=5)'))|blue_error:RPC错误: HTTPConnectionPool(host='192.168.0.63', port=80): Max retries exceeded with url: /rpc/Light.Set (Caused by NewConnectionError('<urllib3.connection.HTTPConnection object at 0x7ffeadf27290>: Failed to establish a new connection: [Errno 113] No route to host'))"
2025-11-28 09:15:05,2025-11-28T09:14:59.002000,25.87,538.0,1.5031512386380916,66.39872805368455,18.41961841610537,28.860404617312714,53.7024266024889,13.816691145134014,1.6,-1503.149338516595,True,"blue_error:RPC错误: HTTPConnectionPool(host='192.168.0.63', port=80): Max retries exceeded with url: /rpc/Light.Set (Caused by NewConnectionError('<urllib3.connection.HTTPConnection object at 0x7ffeadf2ba50>: Failed to establish a new connection: [Errno 113] No route to host'))"
2025-11-28 09:30:06,2025-11-28T09:29:56.274000,26.62,536.0,1.492339966843257,64.77800516179403,17.933401548538207,28.807043784957358,52.43640199153393,13.65151779956985,1.6,-1402.2064521725033,True,"blue_error:RPC错误: HTTPConnectionPool(host='192.168.0.63', port=80): Max retries exceeded with url: /rpc/Light.Set (Caused by NewConnectionError('<urllib3.connection.HTTPConnection object at 0x7ffeadf31790>: Failed to establish a new connection: [Errno 113] No route to host'))"
2025-11-28 09:45:06,2025-11-28T09:44:59.128000,27.03,529.0,1.2049486797132778,32.04492046921859,8.348306823072864,27.388576227767658,27.00812081094723,8.480192001157993,1.6,-1445.4590586619588,True,"blue_error:RPC错误: HTTPConnectionPool(host='192.168.0.63', port=80): Max retries exceeded with url: /rpc/Light.Set (Caused by NewConnectionError('<urllib3.connection.HTTPConnection object at 0x7ffeadf3a010>: Failed to establish a new connection: [Errno 113] No route to host'))"
2025-11-28 10:00:06,2025-11-28T09:59:56.399000,26.87,530.0,1.4794217040149304,62.823919867995144,17.347175960398545,28.743283547476867,50.90997197303225,13.44994859697034,1.6,-1409.5003978560876,True,"blue_error:RPC错误: HTTPConnectionPool(host='192.168.0.63', port=80): Max retries exceeded with url: /rpc/Light.Set (Caused by NewConnectionError('<urllib3.connection.HTTPConnection object at 0x7ffeadf3a110>: Failed to establish a new connection: [Errno 113] No route to host'))"
2025-11-28 10:15:06,2025-11-28T10:14:59.210000,27.22,528.0,1.302244771929416,40.575993273133044,11.072797981939914,27.868797293716362,33.77139960100009,10.333664070481122,1.6,-1363.8006667916304,True,"blue_error:RPC错误: HTTPConnectionPool(host='192.168.0.63', port=80): Max retries exceeded with url: /rpc/Light.Set (Caused by NewConnectionError('<urllib3.connection.HTTPConnection object at 0x7ffeadf27450>: Failed to establish a new connection: [Errno 113] No route to host'))"
2025-11-28 10:30:06,2025-11-28T10:29:56.507000,27.25,525.0,1.3013708869121208,40.46349086472627,11.03904725941788,27.864484088684556,33.68351855819669,10.317189603202086,1.6,-1499.441076209145,True,"blue_error:RPC错误: HTTPConnectionPool(host='192.168.0.63', port=80): Max retries exceeded with url: /rpc/Light.Set (Caused by NewConnectionError('<urllib3.connection.HTTPConnection object at 0x7ffeadf1b090>: Failed to establish a new connection: [Errno 113] No route to host'))"
2025-11-28 10:45:06,2025-11-28T10:44:59.394000,27.22,525.0,1.4345294781227735,56.03328248992565,15.309984746977694,28.52171049063866,45.6054784734196,12.716603131163426,1.6,-1645.352087696381,True,"blue_error:RPC错误: HTTPConnectionPool(host='192.168.0.63', port=80): Max retries exceeded with url: /rpc/Light.Set (Caused by NewConnectionError('<urllib3.connection.HTTPConnection object at 0x7ffeadf4fcd0>: Failed to establish a new connection: [Errno 113] No route to host'))"
2025-11-28 11:00:06,2025-11-28T10:59:56.685000,27.5,523.0,1.6375640967886038,89.4755616792963,26.342668503788893,29.52382166262283,72.32973454596608,15.561461066315465,1.6,-1458.7781919726112,True,"blue_error:RPC错误: HTTPConnectionPool(host='192.168.0.63', port=80): Max retries exceeded with url: /rpc/Light.Set (Caused by NewConnectionError('<urllib3.connection.HTTPConnection object at 0x7ffeadf25190>: Failed to establish a new connection: [Errno 113] No route to host'))"
2025-11-28 11:15:06,2025-11-28T11:14:59.555000,28.5,521.0,1.155603401242516,28.5032042057104,7.1677347352368,27.14502438835643,24.170577285561084,7.544498034138918,1.6,-1497.7952782319223,True,"blue_error:RPC错误: HTTPConnectionPool(host='192.168.0.63', port=80): Max retries exceeded with url: /rpc/Light.Set (Caused by NewConnectionError('<urllib3.connection.HTTPConnection object at 0x7ffeadf4ee90>: Failed to establish a new connection: [Errno 113] No route to host'))"
2025-11-28 11:30:08,2025-11-28T11:29:56.898000,27.74,520.0,1.6897920678118499,95.0,28.0,29.78160151118453,76.64513905509547,16.064450176589926,1.6,-1510.5710594901843,True,"blue_error:RPC错误: HTTPConnectionPool(host='192.168.0.63', port=80): Max retries exceeded with url: /rpc/Light.Set (Caused by NewConnectionError('<urllib3.connection.HTTPConnection object at 0x7ffeadf21e50>: Failed to establish a new connection: [Errno 113] No route to host'))"
2025-11-28 11:45:06,2025-11-28T11:44:59.710000,28.73,518.0,1.3245918933969774,43.45292208676721,11.935876626030163,27.979095233208096,36.01870708351349,10.75273460942573,1.6,-1442.4994061663458,True,"blue_error:RPC错误: HTTPConnectionPool(host='192.168.0.63', port=80): Max retries exceeded with url: /rpc/Light.Set (Caused by NewConnectionError('<urllib3.connection.HTTPConnection object at 0x7ffeadf23610>: Failed to establish a new connection: [Errno 113] No route to host'))"
2025-11-28 12:00:06,2025-11-28T11:59:56.952000,28.5,517.0,1.3207933893400303,42.963909406275,11.7891728218825,27.96034708386634,35.6367157562669,10.681828625021335,1.6,-1595.9593154815468,True,"blue_error:RPC错误: HTTPConnectionPool(host='192.168.0.63', port=80): Max retries exceeded with url: /rpc/Light.Set (Caused by NewConnectionError('<urllib3.connection.HTTPConnection object at 0x7ffeadf3ea50>: Failed to establish a new connection: [Errno 113] No route to host'))"
2025-11-28 12:15:06,2025-11-28T12:14:59.842000,28.23,516.0,1.1529928635748494,28.315835038880103,7.1052783462933675,27.1321396449622,24.020461317301763,7.495433305190246,1.6,-1333.524835749985,True,"blue_error:RPC错误: HTTPConnectionPool(host='192.168.0.63', port=80): Max retries exceeded with url: /rpc/Light.Set (Caused by NewConnectionError('<urllib3.connection.HTTPConnection object at 0x7ffeadf262d0>: Failed to establish a new connection: [Errno 113] No route to host'))"
2025-11-28 12:30:06,2025-11-28T12:29:57.050000,27.94,514.0,1.07075423397779,22.66187779748346,5.220625932494486,26.726237193304332,19.490637760164613,5.987331077720183,1.6,-1532.9232130259184,True,"blue_error:RPC错误: HTTPConnectionPool(host='192.168.0.63', port=80): Max retries exceeded with url: /rpc/Light.Set (Caused by NewConnectionError('<urllib3.connection.HTTPConnection object at 0x7ffeadf1ad90>: Failed to establish a new connection: [Errno 113] No route to host'))"
2025-11-28 12:45:06,2025-11-28T12:45:00.005000,27.97,513.0,1.2722116050611025,36.872660914065456,9.957553638021817,27.72056359718436,30.875998027048894,9.764592408463347,1.6,-1582.5270449519528,True,"blue_error:RPC错误: HTTPConnectionPool(host='192.168.0.63', port=80): Max retries exceeded with url: /rpc/Light.Set (Caused by NewConnectionError('<urllib3.connection.HTTPConnection object at 0x7ffeadefd350>: Failed to establish a new connection: [Errno 113] No route to host'))"
2025-11-28 13:00:06,2025-11-28T12:59:57.236000,27.98,515.0,1.6574315696811854,93.2788912455166,27.48366737365498,29.621880883634383,75.30069821810308,15.76519955771331,1.6,-1587.7364120547468,True,"blue_error:RPC错误: HTTPConnectionPool(host='192.168.0.63', port=80): Max retries exceeded with url: /rpc/Light.Set (Caused by NewConnectionError('<urllib3.connection.HTTPConnection object at 0x7ffeadee5b10>: Failed to establish a new connection: [Errno 113] No route to host'))"
2025-11-28 13:15:06,2025-11-28T13:15:00.109000,29.08,513.0,1.1513001583526965,28.19434253138161,7.06478084379387,27.123785016450366,23.92312424894672,7.46364911703321,1.6,-1341.5799271638855,True,"blue_error:RPC错误: HTTPConnectionPool(host='192.168.0.63', port=80): Max retries exceeded with url: /rpc/Light.Set (Caused by NewConnectionError('<urllib3.connection.HTTPConnection object at 0x7ffeadf2c210>: Failed to establish a new connection: [Errno 113] No route to host'))"
2025-11-28 13:30:06,2025-11-28T13:29:57.309000,28.61,513.0,1.1026719016849302,24.850781776102224,5.950260592034074,26.883772157554183,21.244338466293268,6.562694867212564,1.6,-1396.627429896054,True,"blue_error:RPC错误: HTTPConnectionPool(host='192.168.0.63', port=80): Max retries exceeded with url: /rpc/Light.Set (Caused by NewConnectionError('<urllib3.connection.HTTPConnection object at 0x7ffeadf15ed0>: Failed to establish a new connection: [Errno 113] No route to host'))"
2025-11-28 13:45:06,2025-11-28T13:45:00.133000,28.38,513.0,1.2753460309660714,37.113097032099994,10.033929109629998,27.73603407821743,31.066364774708873,9.82422092461871,1.6,-1438.4801563412273,True,"blue_error:RPC错误: HTTPConnectionPool(host='192.168.0.63', port=80): Max retries exceeded with url: /rpc/Light.Set (Caused by NewConnectionError('<urllib3.connection.HTTPConnection object at 0x7ffeadf2b9d0>: Failed to establish a new connection: [Errno 113] No route to host'))"
2025-11-28 14:00:06,2025-11-28T13:59:57.376000,28.5,511.0,1.217347828853618,32.93485907175432,8.644953023918106,27.449774293192565,27.72111963178307,8.716926972929896,1.6,-1380.6013493864214,True,"blue_error:RPC错误: HTTPConnectionPool(host='192.168.0.63', port=80): Max retries exceeded with url: /rpc/Light.Set (Caused by NewConnectionError('<urllib3.connection.HTTPConnection object at 0x7ffeaec16c10>: Failed to establish a new connection: [Errno 113] No route to host'))"
2025-11-28 14:15:06,2025-11-28T14:15:00.251000,28.5,510.0,1.5845705570103927,79.42372027498428,22.76948810999371,29.262263221980067,64.14268845517435,14.946633691882472,1.6,-1367.0943877264617,True,"blue_error:RPC错误: HTTPConnectionPool(host='192.168.0.63', port=80): Max retries exceeded with url: /rpc/Light.Set (Caused by NewConnectionError('<urllib3.connection.HTTPConnection object at 0x7ffeadf26350>: Failed to establish a new connection: [Errno 113] No route to host'))"
2025-11-28 14:30:06,2025-11-28T14:29:57.461000,29.05,509.0,1.4025067964628564,52.33752495069588,14.33438123767397,28.3636572125368,42.7985363064437,12.16587048130462,1.6,-1414.577853553929,True,"blue_error:RPC错误: HTTPConnectionPool(host='192.168.0.63', port=80): Max retries exceeded with url: /rpc/Light.Set (Caused by NewConnectionError('<urllib3.connection.HTTPConnection object at 0x7ffeadf24990>: Failed to establish a new connection: [Errno 113] No route to host'))"
2025-11-28 14:45:06,2025-11-28T14:45:00.410000,29.37,507.0,1.527671166579476,70.06930418384316,19.52079125515295,28.981426804995642,56.569690180005246,14.178813981987005,1.6,-1406.1273606327702,True,"blue_error:RPC错误: HTTPConnectionPool(host='192.168.0.63', port=80): Max retries exceeded with url: /rpc/Light.Set (Caused by NewConnectionError('<urllib3.connection.HTTPConnection object at 0x7ffeadf229d0>: Failed to establish a new connection: [Errno 113] No route to host'))"
2025-11-28 15:00:06,2025-11-28T14:59:57.579000,29.62,509.0,1.5088825415934775,67.2566907635684,18.67700722907052,28.888692417488656,54.372622544947355,13.902911681824342,1.6,-1579.499283447219,True,"blue_error:RPC错误: HTTPConnectionPool(host='192.168.0.63', port=80): Max retries exceeded with url: /rpc/Light.Set (Caused by NewConnectionError('<urllib3.connection.HTTPConnection object at 0x7ffeadf2ba90>: Failed to establish a new connection: [Errno 113] No route to host'))"
2025-11-28 15:15:06,2025-11-28T15:15:00.464000,29.62,507.0,1.202566161615849,31.873917217129005,8.291305739043,27.376816912934665,26.871116846009013,8.43474863653552,1.6,-1473.7264863851226,True,"blue_error:RPC错误: HTTPConnectionPool(host='192.168.0.63', port=80): Max retries exceeded with url: /rpc/Light.Set (Caused by NewConnectionError('<urllib3.connection.HTTPConnection object at 0x7ffeadf2b610>: Failed to establish a new connection: [Errno 113] No route to host'))"
2025-11-28 15:30:06,2025-11-28T15:29:57.616000,29.38,506.0,1.2239294704407706,33.40725091494986,8.802416971649954,27.482259081293343,28.09958936689872,8.842703703149342,1.6,-1507.6395406588194,True,"blue_error:RPC错误: HTTPConnectionPool(host='192.168.0.63', port=80): Max retries exceeded with url: /rpc/Light.Set (Caused by NewConnectionError('<urllib3.connection.HTTPConnection object at 0x7ffeadf19d90>: Failed to establish a new connection: [Errno 113] No route to host'))"
2025-11-28 15:45:06,2025-11-28T15:45:00.444000,29.05,505.0,1.4861713169067174,63.844902291557176,17.653470687467152,28.7765973859241,51.70751045542772,13.555826397268948,1.6,-1704.1783382571657,True,"blue_error:RPC错误: HTTPConnectionPool(host='192.168.0.63', port=80): Max retries exceeded with url: /rpc/Light.Set (Caused by NewConnectionError('<urllib3.connection.HTTPConnection object at 0x7ffeadf2c210>: Failed to establish a new connection: [Errno 113] No route to host'))"
2025-11-28 16:00:06,2025-11-28T15:59:57.766000,29.55,506.0,1.377540691514438,49.69155161112084,13.67288790278021,28.240432843933352,40.81113529462328,11.723005921926175,1.6,-1607.87232773812,True,"blue_error:RPC错误: HTTPConnectionPool(host='192.168.0.63', port=80): Max retries exceeded with url: /rpc/Light.Set (Caused by NewConnectionError('<urllib3.connection.HTTPConnection object at 0x7ffeadefc990>: Failed to establish a new connection: [Errno 113] No route to host'))"
2025-11-28 16:15:06,2025-11-28T16:15:00.640000,29.62,504.0,1.1101193027326957,25.36152228300262,6.12050742766754,26.920530045648604,21.653532289480033,6.6989481953144505,1.6,-1484.4086415385611,True,"blue_error:RPC错误: HTTPConnectionPool(host='192.168.0.63', port=80): Max retries exceeded with url: /rpc/Light.Set (Caused by NewConnectionError('<urllib3.connection.HTTPConnection object at 0x7ffeadeff2d0>: Failed to establish a new connection: [Errno 113] No route to host'))"
2025-11-28 16:30:06,2025-11-28T16:29:57.879000,29.22,504.0,1.4506795412264886,58.47622711988726,16.042868135966177,28.60142181657328,47.51378003453594,12.985999776395659,1.6,-1445.8838085007014,True,"blue_error:RPC错误: HTTPConnectionPool(host='192.168.0.63', port=80): Max retries exceeded with url: /rpc/Light.Set (Caused by NewConnectionError('<urllib3.connection.HTTPConnection object at 0x7ffeadf3b5d0>: Failed to establish a new connection: [Errno 113] No route to host'))"
2025-11-28 16:45:06,2025-11-28T16:45:00.654000,29.51,505.0,1.4076569913739518,52.88335612686567,14.470839031716418,28.389076857187646,43.208512255777045,12.255829730718528,1.6,-1430.556601303585,True,"blue_error:RPC错误: HTTPConnectionPool(host='192.168.0.63', port=80): Max retries exceeded with url: /rpc/Light.Set (Caused by NewConnectionError('<urllib3.connection.HTTPConnection object at 0x7ffeadf21e90>: Failed to establish a new connection: [Errno 113] No route to host'))"
2025-11-28 17:00:06,2025-11-28T16:59:57.903000,29.62,504.0,1.560613397333319,75.0006568480443,21.000262739217717,29.144018670784007,60.421846423095054,14.636269989343845,1.6,-1614.28823412581,True,"blue_error:RPC错误: HTTPConnectionPool(host='192.168.0.63', port=80): Max retries exceeded with url: /rpc/Light.Set (Caused by NewConnectionError('<urllib3.connection.HTTPConnection object at 0x7ffeadefd1d0>: Failed to establish a new connection: [Errno 113] No route to host'))"
2025-11-28 17:15:06,2025-11-28T17:15:00.754000,30.13,502.0,1.3048449957650703,40.91074148155673,11.173222444467017,27.881631131475125,34.03288752867606,10.382648180112634,1.6,-1405.4782964711465,True,"blue_error:RPC错误: HTTPConnectionPool(host='192.168.0.63', port=80): Max retries exceeded with url: /rpc/Light.Set (Caused by NewConnectionError('<urllib3.connection.HTTPConnection object at 0x7ffeadf27b90>: Failed to establish a new connection: [Errno 113] No route to host'))"
2025-11-28 17:30:06,2025-11-28T17:29:58.061000,29.75,501.0,1.450615610259808,58.46655658109509,16.03996697432853,28.601106274640735,47.50622591151261,12.98494522559969,1.6,-1693.7468541948397,True,"blue_error:RPC错误: HTTPConnectionPool(host='192.168.0.63', port=80): Max retries exceeded with url: /rpc/Light.Set (Caused by NewConnectionError('<urllib3.connection.HTTPConnection object at 0x7ffeadee73d0>: Failed to establish a new connection: [Errno 113] No route to host'))"
2025-11-28 17:45:06,2025-11-28T17:44:55.292000,29.88,499.0,1.3903910163425701,51.05346276908346,14.013365692270865,28.303857762100098,41.834072137130974,11.952309033114096,1.6,-1515.2413197980384,True,"blue_error:RPC错误: HTTPConnectionPool(host='192.168.0.63', port=80): Max retries exceeded with url: /rpc/Light.Set (Caused by NewConnectionError('<urllib3.connection.HTTPConnection object at 0x7ffeadf15610>: Failed to establish a new connection: [Errno 113] No route to host'))"
2025-11-28 18:00:06,2025-11-28T17:59:58.105000,29.74,499.0,1.2344203242445566,34.160223209086794,9.053407736362265,27.53403843729435,28.702853857630974,9.043255848463975,1.6,-1459.1581201372726,True,"blue_error:RPC错误: HTTPConnectionPool(host='192.168.0.63', port=80): Max retries exceeded with url: /rpc/Light.Set (Caused by NewConnectionError('<urllib3.connection.HTTPConnection object at 0x7ffeadf29650>: Failed to establish a new connection: [Errno 113] No route to host'))"
2025-11-28 18:15:06,2025-11-28T18:14:55.353000,29.47,498.0,1.1476835535145768,27.937667217674605,6.9792224058915355,27.10593466099499,23.717481752386497,7.395821120821135,1.6,-1645.1165119223865,True,"blue_error:RPC错误: HTTPConnectionPool(host='192.168.0.63', port=80): Max retries exceeded with url: /rpc/Light.Set (Caused by NewConnectionError('<urllib3.connection.HTTPConnection object at 0x7ffeae4de090>: Failed to establish a new connection: [Errno 113] No route to host'))"
2025-11-28 18:30:06,2025-11-28T18:29:58.189000,29.25,498.0,1.2575907296939568,35.82325976203367,9.607753254011225,27.648399831980754,30.035241392995154,9.485933954020465,1.6,-1377.1384501347382,True,"blue_error:RPC错误: HTTPConnectionPool(host='192.168.0.63', port=80): Max retries exceeded with url: /rpc/Light.Set (Caused by NewConnectionError('<urllib3.connection.HTTPConnection object at 0x7ffeadf16090>: Failed to establish a new connection: [Errno 113] No route to host'))"
2025-11-28 18:45:06,2025-11-28T18:44:55.431000,29.25,497.0,1.5351968213924923,71.19587718954308,19.858763156862924,29.01857092758014,57.449710545232456,14.286336157675667,1.6,-1404.8334051787738,True,"blue_error:RPC错误: HTTPConnectionPool(host='192.168.0.63', port=80): Max retries exceeded with url: /rpc/Light.Set (Caused by NewConnectionError('<urllib3.connection.HTTPConnection object at 0x7ffeadf4f5d0>: Failed to establish a new connection: [Errno 113] No route to host'))"
2025-11-28 19:00:06,2025-11-28T18:59:58.204000,29.75,497.0,1.263334964280846,36.23554741524545,9.745182471748482,27.6767514583775,30.365557001001793,9.5955027510127,1.6,-1431.3274177358041,True,"blue_error:RPC错误: HTTPConnectionPool(host='192.168.0.63', port=80): Max retries exceeded with url: /rpc/Light.Set (Caused by NewConnectionError('<urllib3.connection.HTTPConnection object at 0x7ffeadf322d0>: Failed to establish a new connection: [Errno 113] No route to host'))"
2025-11-28 19:15:06,2025-11-28T19:14:55.429000,29.62,497.0,1.099740521696764,24.64974862487654,5.8832495416255135,26.869303843456933,21.0832752206217,6.509259175492488,1.6,-1427.1313483631286,True,"blue_error:RPC错误: HTTPConnectionPool(host='192.168.0.63', port=80): Max retries exceeded with url: /rpc/Light.Set (Caused by NewConnectionError('<urllib3.connection.HTTPConnection object at 0x7ffeadf28a50>: Failed to establish a new connection: [Errno 113] No route to host'))"
2025-11-28 19:30:06,2025-11-28T19:29:58.349000,29.25,497.0,1.3908906506729792,51.10641532698268,14.02660383174567,28.30632379054244,41.87384501222891,11.961167869086136,1.6,-1479.3893763692301,True,"blue_error:RPC错误: HTTPConnectionPool(host='192.168.0.63', port=80): Max retries exceeded with url: /rpc/Light.Set (Caused by NewConnectionError('<urllib3.connection.HTTPConnection object at 0x7ffeadf33390>: Failed to establish a new connection: [Errno 113] No route to host'))"
2025-11-28 19:45:06,2025-11-28T19:44:55.628000,29.44,497.0,1.3737496754550118,49.28976977755623,13.572442444389058,28.22172165285034,40.50935537469195,11.654841411545899,1.6,-1568.1661756999858,True,"blue_error:RPC错误: HTTPConnectionPool(host='192.168.0.63', port=80): Max retries exceeded with url: /rpc/Light.Set (Caused by NewConnectionError('<urllib3.connection.HTTPConnection object at 0x7ffeadf316d0>: Failed to establish a new connection: [Errno 113] No route to host'))"
2025-11-28 20:00:06,2025-11-28T19:59:58.451000,29.62,496.0,1.2790731917007019,37.59292509971351,10.177877529914054,27.75443010071102,31.44118155903718,9.895064586448138,1.6,-1390.839291406309,True,"blue_error:RPC错误: HTTPConnectionPool(host='192.168.0.63', port=80): Max retries exceeded with url: /rpc/Light.Set (Caused by NewConnectionError('<urllib3.connection.HTTPConnection object at 0x7ffeadefd1d0>: Failed to establish a new connection: [Errno 113] No route to host'))"
2025-11-28 20:15:06,2025-11-28T20:14:55.657000,29.27,495.0,1.2822248460925543,37.99866350068378,10.299599050205135,27.769985615810178,31.758123340885334,9.95491371400602,1.6,-1370.933203330817,True,"blue_error:RPC错误: HTTPConnectionPool(host='192.168.0.63', port=80): Max retries exceeded with url: /rpc/Light.Set (Caused by NewConnectionError('<urllib3.connection.HTTPConnection object at 0x7ffeadf29b50>: Failed to establish a new connection: [Errno 113] No route to host'))"
2025-11-28 20:30:06,2025-11-28T20:29:58.484000,29.38,495.0,1.2757007929319975,37.15876845887574,10.047630537662721,27.73778506497912,31.10204092305282,9.830966955817935,1.6,-1483.6438481932612,True,"blue_error:RPC错误: HTTPConnectionPool(host='192.168.0.63', port=80): Max retries exceeded with url: /rpc/Light.Set (Caused by NewConnectionError('<urllib3.connection.HTTPConnection object at 0x7ffeadf19b50>: Failed to establish a new connection: [Errno 113] No route to host'))"
2025-11-28 20:45:06,2025-11-28T20:44:55.718000,29.25,493.0,1.050241490921614,21.25512009513406,4.75170669837802,26.624993133942873,18.36357508402164,5.625801670978651,1.6,-1505.9851980748363,True,"blue_error:RPC错误: HTTPConnectionPool(host='192.168.0.63', port=80): Max retries exceeded with url: /rpc/Light.Set (Caused by NewConnectionError('<urllib3.connection.HTTPConnection object at 0x7ffeadf2ea10>: Failed to establish a new connection: [Errno 113] No route to host'))"
2025-11-28 21:00:06,2025-11-28T20:59:58.589000,28.74,495.0,0.936969381284039,19.0,4.0,26.06591977350844,16.55682351251732,3.7758535598834655,1.6,-1462.9275044007409,True,"blue_error:RPC错误: HTTPConnectionPool(host='192.168.0.63', port=80): Max retries exceeded with url: /rpc/Light.Set (Caused by NewConnectionError('<urllib3.connection.HTTPConnection object at 0x7ffeadf38510>: Failed to establish a new connection: [Errno 113] No route to host'))"
2025-11-28 21:15:06,2025-11-28T21:14:55.821000,28.75,498.0,1.4526366685053937,58.77227262419573,16.131681787258717,28.611081544180685,47.745035418347975,13.018236050020318,1.6,-1477.4728616026762,True,"blue_error:RPC错误: HTTPConnectionPool(host='192.168.0.63', port=80): Max retries exceeded with url: /rpc/Light.Set (Caused by NewConnectionError('<urllib3.connection.HTTPConnection object at 0x7ffeadf21210>: Failed to establish a new connection: [Errno 113] No route to host'))"
2025-11-28 21:30:06,2025-11-28T21:29:58.680000,29.25,498.0,1.3401561573581433,45.456637845769265,12.53699135373078,28.05591524992094,37.58390584571267,11.041660962670022,1.6,-1397.095796607936,True,"blue_error:RPC错误: HTTPConnectionPool(host='192.168.0.63', port=80): Max retries exceeded with url: /rpc/Light.Set (Caused by NewConnectionError('<urllib3.connection.HTTPConnection object at 0x7ffeadf1a690>: Failed to establish a new connection: [Errno 113] No route to host'))"
2025-11-28 21:45:06,2025-11-28T21:44:55.915000,29.25,495.0,1.4579773420478275,59.58013137168665,16.374039411505997,28.637441327837095,48.37609274567784,13.105737363022241,1.6,-1570.5202163190781,True,"blue_error:RPC错误: HTTPConnectionPool(host='192.168.0.63', port=80): Max retries exceeded with url: /rpc/Light.Set (Caused by NewConnectionError('<urllib3.connection.HTTPConnection object at 0x7ffeade92010>: Failed to establish a new connection: [Errno 113] No route to host'))"
2025-11-28 22:00:06,2025-11-28T21:59:58.732000,29.49,495.0,1.5316383184306264,70.66317758038646,19.69895327411594,29.001007343610777,57.03359325657511,14.235711699689016,1.6,-1445.0617671522007,True,"blue_error:RPC错误: HTTPConnectionPool(host='192.168.0.63', port=80): Max retries exceeded with url: /rpc/Light.Set (Caused by NewConnectionError('<urllib3.connection.HTTPConnection object at 0x7ffeadf32d90>: Failed to establish a new connection: [Errno 113] No route to host'))"
2025-11-28 22:15:06,2025-11-28T22:14:55.990000,29.87,494.0,1.1869956025348505,30.756353307508697,7.9187844358362325,27.299965825609558,25.975749741472182,8.13827295745563,1.6,-1580.4532732236835,True,"blue_error:RPC错误: HTTPConnectionPool(host='192.168.0.63', port=80): Max retries exceeded with url: /rpc/Light.Set (Caused by NewConnectionError('<urllib3.connection.HTTPConnection object at 0x7ffeadf25690>: Failed to establish a new connection: [Errno 113] No route to host'))"
2025-11-28 22:30:06,2025-11-28T22:29:58.839000,29.44,494.0,1.393220529833802,51.353342036483646,14.088335509120911,28.317823297137796,42.059312637683725,12.002420221369523,1.6,-1470.615457121367,True,"blue_error:RPC错误: HTTPConnectionPool(host='192.168.0.63', port=80): Max retries exceeded with url: /rpc/Light.Set (Caused by NewConnectionError('<urllib3.connection.HTTPConnection object at 0x7ffeadf39750>: Failed to establish a new connection: [Errno 113] No route to host'))"
2025-11-28 22:45:06,2025-11-28T22:44:56.094000,29.62,493.0,1.3574921849075903,47.56675825270098,13.141689563175245,28.141480100877313,39.21519462232944,11.3600450763911,1.6,-1476.8588883600703,True,"blue_error:RPC错误: HTTPConnectionPool(host='192.168.0.63', port=80): Max retries exceeded with url: /rpc/Light.Set (Caused by NewConnectionError('<urllib3.connection.HTTPConnection object at 0x7ffeadf235d0>: Failed to establish a new connection: [Errno 113] No route to host'))"
2025-11-28 23:00:06,2025-11-28T22:59:58.919000,29.49,492.0,1.3946351779091177,51.50327015302004,14.12581753825501,28.32480552829628,42.171924237373005,12.027420765708548,1.6,-1456.6673579025683,True,"blue_error:RPC错误: HTTPConnectionPool(host='192.168.0.63', port=80): Max retries exceeded with url: /rpc/Light.Set (Caused by NewConnectionError('<urllib3.connection.HTTPConnection object at 0x7ffeadf30510>: Failed to establish a new connection: [Errno 113] No route to host'))"
2025-11-28 23:15:05,2025-11-28T23:14:56.129000,29.62,492.0,1.3631235339581853,48.163583407626064,13.290895851906516,28.16927456191074,39.66347235024052,11.462597339252149,1.6,-1534.2009416566086,True,"blue_error:RPC错误: HTTPConnectionPool(host='192.168.0.63', port=80): Max retries exceeded with url: /rpc/Light.Set (Caused by NewConnectionError('<urllib3.connection.HTTPConnection object at 0x7ffeadf19610>: Failed to establish a new connection: [Errno 113] No route to host'))"
2025-11-28 23:30:06,2025-11-28T23:29:59.023000,29.48,494.0,1.094661724094052,24.30144622442612,5.767148741475373,26.844236592111482,20.804223160055002,6.416948658915356,1.6,-1427.4783091026989,True,"blue_error:RPC错误: HTTPConnectionPool(host='192.168.0.63', port=80): Max retries exceeded with url: /rpc/Light.Set (Caused by NewConnectionError('<urllib3.connection.HTTPConnection object at 0x7ffeadf17810>: Failed to establish a new connection: [Errno 113] No route to host'))"
2025-11-28 23:45:06,2025-11-28T23:44:56.183000,29.05,492.0,1.3428876518343618,45.80828560381821,12.642485681145462,28.069396995786832,37.858594824503975,11.092079645473078,1.6,-1547.4543273281388,True,"blue_error:RPC错误: HTTPConnectionPool(host='192.168.0.63', port=80): Max retries exceeded with url: /rpc/Light.Set (Caused by NewConnectionError('<urllib3.connection.HTTPConnection object at 0x7ffeadf21450>: Failed to establish a new connection: [Errno 113] No route to host'))"
2025-11-29 00:00:06,2025-11-28T23:59:59.009000,29.13,492.0,0.9873989959644336,19.0,4.0,26.314823534857908,16.55682351251732,4.5660018075673765,1.6,-1366.5871621288734,True,"blue_error:RPC错误: HTTPConnectionPool(host='192.168.0.63', port=80): Max retries exceeded with url: /rpc/Light.Set (Caused by NewConnectionError('<urllib3.connection.HTTPConnection object at 0x7ffeadf24550>: Failed to establish a new connection: [Errno 113] No route to host'))"
2025-11-29 00:15:06,2025-11-29T00:14:56.297000,28.74,493.0,1.1020332274950881,24.80698169371482,5.935660564571608,26.880619874731163,21.20924682400947,6.551043004119808,1.6,-1452.4188882060585,True,"blue_error:RPC错误: HTTPConnectionPool(host='192.168.0.63', port=80): Max retries exceeded with url: /rpc/Light.Set (Caused by NewConnectionError('<urllib3.connection.HTTPConnection object at 0x7ffeadf2ba10>: Failed to establish a new connection: [Errno 113] No route to host'))"
2025-11-29 00:30:06,2025-11-29T00:29:59.159000,28.62,494.0,1.3524224989702196,47.0294596289062,13.00736490722655,28.11645782167353,38.811627506739775,11.267344090031386,1.6,-1616.4775581546708,True,"blue_error:RPC错误: HTTPConnectionPool(host='192.168.0.63', port=80): Max retries exceeded with url: /rpc/Light.Set (Caused by NewConnectionError('<urllib3.connection.HTTPConnection object at 0x7ffeadf195d0>: Failed to establish a new connection: [Errno 113] No route to host'))"
2025-11-29 00:45:06,2025-11-29T00:44:56.365000,29.0,494.0,1.1492904372985695,28.05009647657955,7.016698825526517,27.113865703506857,23.807557549523807,7.425943681404979,1.6,-1400.091278265991,True,"blue_error:RPC错误: HTTPConnectionPool(host='192.168.0.63', port=80): Max retries exceeded with url: /rpc/Light.Set (Caused by NewConnectionError('<urllib3.connection.HTTPConnection object at 0x7ffeadf2bbd0>: Failed to establish a new connection: [Errno 113] No route to host'))"
2025-11-29 09:00:05,2025-11-29T05:31:42.445000,25.62,461.0,0.9491514016989931,19.0,4.0,26.12604616395054,16.55682351251732,3.9613671958248657,1.6,-1441.0343310880587,True,"red_error:RPC错误: HTTPConnectionPool(host='192.168.0.46', port=80): Max retries exceeded with url: /rpc/Light.Set (Caused by ConnectTimeoutError(<urllib3.connection.HTTPConnection object at 0x7ffeae4c4710>, 'Connection to 192.168.0.46 timed out. (connect timeout=5)'))|blue_error:RPC错误: HTTPConnectionPool(host='192.168.0.63', port=80): Max retries exceeded with url: /rpc/Light.Set (Caused by NewConnectionError('<urllib3.connection.HTTPConnection object at 0x7ffeb12ad490>: Failed to establish a new connection: [Errno 113] No route to host'))"
2025-11-29 09:15:05,2025-11-29T09:14:55.986000,25.97,461.0,1.2713057700928636,36.80764536367258,9.935881787890859,27.71609269784901,30.823909028286472,9.747351849970624,1.6,-1507.5448729895186,True,"blue_error:RPC错误: HTTPConnectionPool(host='192.168.0.63', port=80): Max retries exceeded with url: /rpc/Light.Set (Caused by NewConnectionError('<urllib3.connection.HTTPConnection object at 0x7ffeadf3f3d0>: Failed to establish a new connection: [Errno 113] No route to host'))"
2025-11-29 09:30:06,2025-11-29T09:29:58.796000,26.49,460.0,1.4586190653689992,59.67720186183334,16.403160558550002,28.640608660155568,48.45191917482133,13.116204922858788,1.6,-1424.2802144475404,True,"blue_error:RPC错误: HTTPConnectionPool(host='192.168.0.63', port=80): Max retries exceeded with url: /rpc/Light.Set (Caused by NewConnectionError('<urllib3.connection.HTTPConnection object at 0x7ffeadf1b390>: Failed to establish a new connection: [Errno 113] No route to host'))"
2025-11-29 09:45:06,2025-11-29T09:44:56.124000,27.24,456.0,1.412535590512728,53.400402870134,14.6001007175335,28.41315599567509,43.59686810402417,12.340573858100958,1.6,-1575.7169761328887,True,"blue_error:RPC错误: HTTPConnectionPool(host='192.168.0.63', port=80): Max retries exceeded with url: /rpc/Light.Set (Caused by NewConnectionError('<urllib3.connection.HTTPConnection object at 0x7ffeadf20710>: Failed to establish a new connection: [Errno 113] No route to host'))"
2025-11-29 10:00:06,2025-11-29T09:59:58.965000,27.51,453.0,1.1795467487284075,30.22171802955792,7.740572676519307,27.263200767182752,25.547411964382846,7.996830875464656,1.6,-1392.038082263117,True,"blue_error:RPC错误: HTTPConnectionPool(host='192.168.0.63', port=80): Max retries exceeded with url: /rpc/Light.Set (Caused by NewConnectionError('<urllib3.connection.HTTPConnection object at 0x7ffeadf29050>: Failed to establish a new connection: [Errno 113] No route to host'))"
2025-11-29 10:15:05,2025-11-29T10:14:56.292000,27.5,450.0,1.114123217523547,25.636109545961823,6.212036515320607,26.940292033874805,21.873525437488905,6.772485800041688,1.6,-1488.0765658178746,True,"blue_error:RPC错误: HTTPConnectionPool(host='192.168.0.63', port=80): Max retries exceeded with url: /rpc/Light.Set (Caused by NewConnectionError('<urllib3.connection.HTTPConnection object at 0x7ffeadf310d0>: Failed to establish a new connection: [Errno 113] No route to host'))"
2025-11-29 10:30:05,2025-11-29T10:29:59.133000,27.5,449.0,1.172652584219677,29.726895113960456,7.575631704653485,27.22917347015777,25.150970957847928,7.86619732478157,1.6,-1411.6119563537493,True,"blue_error:RPC错误: HTTPConnectionPool(host='192.168.0.63', port=80): Max retries exceeded with url: /rpc/Light.Set (Caused by NewConnectionError('<urllib3.connection.HTTPConnection object at 0x7ffeadf3b0d0>: Failed to establish a new connection: [Errno 113] No route to host'))"
2025-11-29 10:45:06,2025-11-29T10:44:56.400000,27.5,442.0,1.4135317191543817,53.505975198458685,14.626493799614671,28.418072554472275,43.6761638962359,12.357819726705056,1.6,-1523.1792570547339,True,"blue_error:RPC错误: HTTPConnectionPool(host='192.168.0.63', port=80): Max retries exceeded with url: /rpc/Light.Set (Caused by NewConnectionError('<urllib3.connection.HTTPConnection object at 0x7ffeadf21390>: Failed to establish a new connection: [Errno 113] No route to host'))"
2025-11-29 11:00:06,2025-11-29T10:59:59.308000,27.99,445.0,1.2581036000952106,35.8600706079238,9.620023535974601,27.650931189254965,30.064733415971624,9.495720758455708,1.6,-1363.6872571988538,True,"blue_error:RPC错误: HTTPConnectionPool(host='192.168.0.63', port=80): Max retries exceeded with url: /rpc/Light.Set (Caused by NewConnectionError('<urllib3.connection.HTTPConnection object at 0x7ffeadf33090>: Failed to establish a new connection: [Errno 113] No route to host'))"
2025-11-29 11:15:06,2025-11-29T11:14:56.526000,28.01,438.0,1.2909983446520075,39.12814815662515,10.638444446987545,27.813288679009887,32.6404181361725,10.121221222579845,1.6,-1471.9138550994517,True,"blue_error:RPC错误: HTTPConnectionPool(host='192.168.0.63', port=80): Max retries exceeded with url: /rpc/Light.Set (Caused by NewConnectionError('<urllib3.connection.HTTPConnection object at 0x7ffeadf1a0d0>: Failed to establish a new connection: [Errno 113] No route to host'))"
2025-11-29 11:30:06,2025-11-29T11:29:59.445000,28.12,437.0,1.2855050134708277,38.42094643577212,10.426283930731637,27.78617542815521,32.08798885415917,10.017145128914851,1.6,-1533.4482750078862,True,"blue_error:RPC错误: HTTPConnectionPool(host='192.168.0.63', port=80): Max retries exceeded with url: /rpc/Light.Set (Caused by NewConnectionError('<urllib3.connection.HTTPConnection object at 0x7ffeadf21f90>: Failed to establish a new connection: [Errno 113] No route to host'))"
2025-11-29 11:45:06,2025-11-29T11:44:56.673000,28.38,435.0,0.9530233424188395,19.0,4.0,26.145156772171518,16.55682351251732,4.021063196293467,1.6,-1574.0510857644929,True,"blue_error:RPC错误: HTTPConnectionPool(host='192.168.0.63', port=80): Max retries exceeded with url: /rpc/Light.Set (Caused by NewConnectionError('<urllib3.connection.HTTPConnection object at 0x7ffeadf3d610>: Failed to establish a new connection: [Errno 113] No route to host'))"
2025-11-29 12:00:06,2025-11-29T11:59:59.585000,27.97,435.0,1.177129442946839,30.04821792041321,7.682739306804404,27.25126975194146,25.40840757365006,7.950994728185588,1.6,-1364.2419172917237,True,"blue_error:RPC错误: HTTPConnectionPool(host='192.168.0.63', port=80): Max retries exceeded with url: /rpc/Light.Set (Caused by NewConnectionError('<urllib3.connection.HTTPConnection object at 0x7ffeadf32a10>: Failed to establish a new connection: [Errno 113] No route to host'))"
2025-11-29 12:15:06,2025-11-29T12:14:56.907000,28.12,434.0,1.4651833979581292,60.67015779921345,16.701047339764035,28.673008016814116,49.227564820728574,13.222698730067167,1.6,-1732.3498497081089,True,"blue_error:RPC错误: HTTPConnectionPool(host='192.168.0.63', port=80): Max retries exceeded with url: /rpc/Light.Set (Caused by NewConnectionError('<urllib3.connection.HTTPConnection object at 0x7ffeadf28490>: Failed to establish a new connection: [Errno 113] No route to host'))"
2025-11-29 12:30:06,2025-11-29T12:29:59.709000,28.74,432.0,1.1137174852850869,25.6082845520065,6.2027615173354995,26.938289474844886,21.851232677265468,6.765025137523493,1.6,-1495.2707275726716,True,"blue_error:RPC错误: HTTPConnectionPool(host='192.168.0.63', port=80): Max retries exceeded with url: /rpc/Light.Set (Caused by NewConnectionError('<urllib3.connection.HTTPConnection object at 0x7ffeadf2a710>: Failed to establish a new connection: [Errno 113] No route to host'))"
2025-11-29 12:45:06,2025-11-29T12:44:57.065000,28.55,431.0,1.6737948503969864,95.0,28.0,29.70264458060079,76.64513905509547,15.921627571396344,1.6,-1598.3186907037998,True,"blue_error:RPC错误: HTTPConnectionPool(host='192.168.0.63', port=80): Max retries exceeded with url: /rpc/Light.Set (Caused by NewConnectionError('<urllib3.connection.HTTPConnection object at 0x7ffeadf22c50>: Failed to establish a new connection: [Errno 113] No route to host'))"
2025-11-29 13:00:06,2025-11-29T12:59:59.905000,29.5,431.0,1.621567185270772,86.41319300901124,25.42395790270337,29.44486624184483,69.93757107138474,15.386626365274928,1.6,-1333.7508089104206,True,"blue_error:RPC错误: HTTPConnectionPool(host='192.168.0.63', port=80): Max retries exceeded with url: /rpc/Light.Set (Caused by NewConnectionError('<urllib3.connection.HTTPConnection object at 0x7ffeadf22cd0>: Failed to establish a new connection: [Errno 113] No route to host'))"
2025-11-29 13:15:06,2025-11-29T13:14:57.123000,30.25,428.0,1.4830806945985435,63.37739828723808,17.513219486171423,28.761343104837668,51.342320589751445,13.50749606131911,1.6,-1495.8978456341947,True,"blue_error:RPC错误: HTTPConnectionPool(host='192.168.0.63', port=80): Max retries exceeded with url: /rpc/Light.Set (Caused by NewConnectionError('<urllib3.connection.HTTPConnection object at 0x7ffeadf21bd0>: Failed to establish a new connection: [Errno 113] No route to host'))"
2025-11-29 13:30:06,2025-11-29T13:29:59.937000,30.25,425.0,1.5932940621134128,81.06631645339311,23.426526581357244,29.305319534150087,65.52450017985603,15.054762061349997,1.6,-1879.133658082433,True,"blue_error:RPC错误: HTTPConnectionPool(host='192.168.0.63', port=80): Max retries exceeded with url: /rpc/Light.Set (Caused by NewConnectionError('<urllib3.connection.HTTPConnection object at 0x7ffeadf30c10>: Failed to establish a new connection: [Errno 113] No route to host'))"
2025-11-29 13:45:06,2025-11-29T13:44:57.233000,30.44,423.0,1.4224263576912792,54.44865233942291,14.862163084855727,28.46197352420422,44.384212414998814,12.510925270206624,1.6,-1589.8840938835046,True,"blue_error:RPC错误: HTTPConnectionPool(host='192.168.0.63', port=80): Max retries exceeded with url: /rpc/Light.Set (Caused by NewConnectionError('<urllib3.connection.HTTPConnection object at 0x7ffeadf21390>: Failed to establish a new connection: [Errno 113] No route to host'))"
2025-11-29 14:00:06,2025-11-29T14:00:00.110000,30.12,420.0,1.2194966660813964,33.08909007405303,8.696363358017678,27.46038023717829,27.844686046884043,8.757985508722356,1.6,-1484.5004753938267,True,"blue_error:RPC错误: HTTPConnectionPool(host='192.168.0.63', port=80): Max retries exceeded with url: /rpc/Light.Set (Caused by NewConnectionError('<urllib3.connection.HTTPConnection object at 0x7ffeadf22190>: Failed to establish a new connection: [Errno 113] No route to host'))"
2025-11-29 14:15:06,2025-11-29T14:14:57.288000,29.97,420.0,1.3642440062675685,48.28233400426439,13.320583501066098,28.17480483958708,39.75266639176144,11.482947987601971,1.6,-1555.2337589350573,True,"blue_error:RPC错误: HTTPConnectionPool(host='192.168.0.63', port=80): Max retries exceeded with url: /rpc/Light.Set (Caused by NewConnectionError('<urllib3.connection.HTTPConnection object at 0x7ffeadf38410>: Failed to establish a new connection: [Errno 113] No route to host'))"
2025-11-29 14:30:06,2025-11-29T14:30:00.191000,29.98,419.0,1.3597568964086904,47.806778322556504,13.201694580639126,28.152657961635676,39.39547464350482,11.401341669852304,1.6,-1476.8098766138662,True,"blue_error:RPC错误: HTTPConnectionPool(host='192.168.0.63', port=80): Max retries exceeded with url: /rpc/Light.Set (Caused by NewConnectionError('<urllib3.connection.HTTPConnection object at 0x7ffeadf22cd0>: Failed to establish a new connection: [Errno 113] No route to host'))"
2025-11-29 14:45:06,2025-11-29T14:44:57.398000,30.16,418.0,1.4972709472325336,65.51846211965672,18.155538635897017,28.831381459829746,53.014808538820695,13.72725817514316,1.6,-1558.380897702657,True,"blue_error:RPC错误: HTTPConnectionPool(host='192.168.0.63', port=80): Max retries exceeded with url: /rpc/Light.Set (Caused by NewConnectionError('<urllib3.connection.HTTPConnection object at 0x7ffeadf3bd90>: Failed to establish a new connection: [Errno 113] No route to host'))"
2025-11-29 15:00:06,2025-11-29T15:00:00.259000,30.44,416.0,1.292479148263377,39.318784189237526,10.695635256771258,27.820597431833512,32.78933311123067,10.149243652110327,1.6,-1386.0609987930814,True,"blue_error:RPC错误: HTTPConnectionPool(host='192.168.0.63', port=80): Max retries exceeded with url: /rpc/Light.Set (Caused by NewConnectionError('<urllib3.connection.HTTPConnection object at 0x7ffeadf29690>: Failed to establish a new connection: [Errno 113] No route to host'))"
2025-11-29 15:15:06,2025-11-29T15:14:57.478000,30.25,414.0,1.1125727173304936,25.529776712605567,6.176592237535189,26.932639281965635,21.788333959578946,6.743985627905103,1.6,-1383.552411522304,True,"blue_error:RPC错误: HTTPConnectionPool(host='192.168.0.63', port=80): Max retries exceeded with url: /rpc/Light.Set (Caused by NewConnectionError('<urllib3.connection.HTTPConnection object at 0x7ffeadefd150>: Failed to establish a new connection: [Errno 113] No route to host'))"
2025-11-29 15:30:06,2025-11-29T15:30:00.349000,29.94,416.0,1.2356292110131777,34.2469900500461,9.082330016682034,27.540005099258003,28.77236950187358,9.066366774861903,1.6,-1433.4331105320796,True,"blue_error:RPC错误: HTTPConnectionPool(host='192.168.0.63', port=80): Max retries exceeded with url: /rpc/Light.Set (Caused by NewConnectionError('<urllib3.connection.HTTPConnection object at 0x7ffeadf32f10>: Failed to establish a new connection: [Errno 113] No route to host'))"
2025-11-29 15:45:06,2025-11-29T15:44:57.626000,29.87,416.0,1.4242666631748306,54.64369274545385,14.910923186363462,28.47105665838621,44.53070803326306,12.54239986886444,1.6,-1510.6518989630465,True,"blue_error:RPC错误: HTTPConnectionPool(host='192.168.0.63', port=80): Max retries exceeded with url: /rpc/Light.Set (Caused by NewConnectionError('<urllib3.connection.HTTPConnection object at 0x7ffeadf39590>: Failed to establish a new connection: [Errno 113] No route to host'))"
2025-11-29 16:00:06,2025-11-29T16:00:00.509000,30.06,416.0,1.6412315868967036,90.17764762839377,26.55329428851813,29.541923170802168,72.878167652582,15.600197042657127,1.6,-1428.3567277674556,True,"blue_error:RPC错误: HTTPConnectionPool(host='192.168.0.63', port=80): Max retries exceeded with url: /rpc/Light.Set (Caused by NewConnectionError('<urllib3.connection.HTTPConnection object at 0x7ffeadf31f90>: Failed to establish a new connection: [Errno 113] No route to host'))"
2025-11-29 16:15:06,2025-11-29T16:14:57.647000,31.0,414.0,1.280210788613914,37.73937731024416,10.221813193073247,27.760044899721333,31.55558242533473,9.916673355513502,1.6,-1499.2579288562447,True,"blue_error:RPC错误: HTTPConnectionPool(host='192.168.0.63', port=80): Max retries exceeded with url: /rpc/Light.Set (Caused by NewConnectionError('<urllib3.connection.HTTPConnection object at 0x7ffeadf22f10>: Failed to establish a new connection: [Errno 113] No route to host'))"
2025-11-29 16:30:06,2025-11-29T16:30:00.516000,30.56,414.0,1.2973522574339358,39.94613962761538,10.883841888284616,27.844649473668568,33.27939062123248,10.241356438975545,1.6,-1565.3139797657832,True,"blue_error:RPC错误: HTTPConnectionPool(host='192.168.0.63', port=80): Max retries exceeded with url: /rpc/Light.Set (Caused by NewConnectionError('<urllib3.connection.HTTPConnection object at 0x7ffeadf33b90>: Failed to establish a new connection: [Errno 113] No route to host'))"
2025-11-29 16:45:06,2025-11-29T16:44:57.750000,30.25,414.0,1.289083567663471,38.88164316053427,10.564492948160279,27.80383797831323,32.447861226329394,10.08496533209149,1.6,-1411.8141236464046,True,"blue_error:RPC错误: HTTPConnectionPool(host='192.168.0.63', port=80): Max retries exceeded with url: /rpc/Light.Set (Caused by NewConnectionError('<urllib3.connection.HTTPConnection object at 0x7ffeadf29c10>: Failed to establish a new connection: [Errno 113] No route to host'))"
2025-11-29 17:00:06,2025-11-29T17:00:00.630000,30.02,413.0,1.2816534113981335,37.9250980108342,10.277529403250258,27.767165204714267,31.70065779811269,9.944066269978952,1.6,-1422.735722802133,True,"blue_error:RPC错误: HTTPConnectionPool(host='192.168.0.63', port=80): Max retries exceeded with url: /rpc/Light.Set (Caused by NewConnectionError('<urllib3.connection.HTTPConnection object at 0x7ffeadf30190>: Failed to establish a new connection: [Errno 113] No route to host'))"
2025-11-29 17:15:06,2025-11-29T17:14:57.927000,29.94,415.0,1.4590829999893942,59.74737908543108,16.424213725629325,28.642898486734026,48.50673797984209,13.123766204487435,1.6,-1563.294370040503,True,"blue_error:RPC错误: HTTPConnectionPool(host='192.168.0.63', port=80): Max retries exceeded with url: /rpc/Light.Set (Caused by NewConnectionError('<urllib3.connection.HTTPConnection object at 0x7ffeadf22cd0>: Failed to establish a new connection: [Errno 113] No route to host'))"
2025-11-29 17:30:06,2025-11-29T17:30:00.663000,30.3,415.0,0.8180475628839684,19.0,4.0,25.478961334625033,16.55682351251732,2.1612489306980684,1.6,-1451.2198273465108,True,"blue_error:RPC错误: HTTPConnectionPool(host='192.168.0.63', port=80): Max retries exceeded with url: /rpc/Light.Set (Caused by NewConnectionError('<urllib3.connection.HTTPConnection object at 0x7ffeadf23790>: Failed to establish a new connection: [Errno 113] No route to host'))"
2025-11-29 17:45:06,2025-11-29T17:44:58,29.74,414.0,1.3294245328977867,44.075067531582846,12.122520259474854,28.00294753024865,36.504694816932464,10.84273023008695,1.6,-1558.6880552953712,True,"blue_error:RPC错误: HTTPConnectionPool(host='192.168.0.63', port=80): Max retries exceeded with url: /rpc/Light.Set (Caused by NewConnectionError('<urllib3.connection.HTTPConnection object at 0x7ffeadf218d0>: Failed to establish a new connection: [Errno 113] No route to host'))"
2025-11-29 18:00:06,2025-11-29T18:00:00.773000,29.94,411.0,1.1863394800718037,30.70926066419526,7.903086888065086,27.296727423928456,25.93802017332349,8.125802830430647,1.6,-1469.4431437107899,True,"blue_error:RPC错误: HTTPConnectionPool(host='192.168.0.63', port=80): Max retries exceeded with url: /rpc/Light.Set (Caused by NewConnectionError('<urllib3.connection.HTTPConnection object at 0x7ffeadf33910>: Failed to establish a new connection: [Errno 113] No route to host'))"
2025-11-29 18:15:06,2025-11-29T18:14:58.029000,29.74,414.0,1.3855148347444086,50.53667224311562,13.884168060778904,28.279790555786953,41.445908734708844,11.86562460293065,1.6,-1777.2255544905986,True,"blue_error:RPC错误: HTTPConnectionPool(host='192.168.0.63', port=80): Max retries exceeded with url: /rpc/Light.Set (Caused by NewConnectionError('<urllib3.connection.HTTPConnection object at 0x7ffeadf3f910>: Failed to establish a new connection: [Errno 113] No route to host'))"
2025-11-29 18:30:06,2025-11-29T18:29:55.299000,29.99,413.0,1.0327266531527997,20.05395782886849,4.351319276289497,26.538545735371365,17.401230853712256,5.322825752984993,1.6,-1499.4475052065668,True,"blue_error:RPC错误: HTTPConnectionPool(host='192.168.0.63', port=80): Max retries exceeded with url: /rpc/Light.Set (Caused by NewConnectionError('<urllib3.connection.HTTPConnection object at 0x7ffeadf17d50>: Failed to establish a new connection: [Errno 113] No route to host'))"
2025-11-29 18:45:06,2025-11-29T18:44:58.037000,29.5,415.0,1.1801456980921463,30.264707121286904,7.754902373762301,27.266156981511124,25.581853859165513,8.008193067386074,1.6,-1645.3070973545748,True,"blue_error:RPC错误: HTTPConnectionPool(host='192.168.0.63', port=80): Max retries exceeded with url: /rpc/Light.Set (Caused by NewConnectionError('<urllib3.connection.HTTPConnection object at 0x7ffeadf29c10>: Failed to establish a new connection: [Errno 113] No route to host'))"
2025-11-29 19:00:06,2025-11-29T18:59:55.356000,29.52,415.0,1.407983770650788,52.91798905243498,14.479497263108746,28.390689730727352,43.234525182774185,12.261520542802806,1.6,-1457.7054937717307,True,"blue_error:RPC错误: HTTPConnectionPool(host='192.168.0.63', port=80): Max retries exceeded with url: /rpc/Light.Set (Caused by NewConnectionError('<urllib3.connection.HTTPConnection object at 0x7ffeadf3f5d0>: Failed to establish a new connection: [Errno 113] No route to host'))"
2025-11-29 19:15:06,2025-11-29T19:14:58.148000,29.75,414.0,1.3363718520982237,44.969453093242926,12.390835927972878,28.037237181106452,37.203342400927305,10.971662094719875,1.6,-1606.7501566908581,True,"blue_error:RPC错误: HTTPConnectionPool(host='192.168.0.63', port=80): Max retries exceeded with url: /rpc/Light.Set (Caused by NewConnectionError('<urllib3.connection.HTTPConnection object at 0x7ffeadf39b90>: Failed to establish a new connection: [Errno 113] No route to host'))"
2025-11-29 19:30:06,2025-11-29T19:29:55.396000,29.74,413.0,1.0726064226387024,22.788900334537967,5.262966778179322,26.735378978887102,19.592405363998616,6.020309584815109,1.6,-1377.583151109077,True,"blue_error:RPC错误: HTTPConnectionPool(host='192.168.0.63', port=80): Max retries exceeded with url: /rpc/Light.Set (Caused by NewConnectionError('<urllib3.connection.HTTPConnection object at 0x7ffeadf39390>: Failed to establish a new connection: [Errno 113] No route to host'))"
2025-11-29 19:45:06,2025-11-29T19:44:58.250000,29.63,413.0,1.4736722651351923,61.95422909673632,17.086268729020894,28.71490623442609,50.23061467768996,13.35881260852916,1.6,-1764.0448289615565,True,"blue_error:RPC错误: HTTPConnectionPool(host='192.168.0.63', port=80): Max retries exceeded with url: /rpc/Light.Set (Caused by NewConnectionError('<urllib3.connection.HTTPConnection object at 0x7ffeadf30410>: Failed to establish a new connection: [Errno 113] No route to host'))"
2025-11-29 20:00:06,2025-11-29T19:59:55.535000,29.99,416.0,1.4633144411833436,60.38744943533451,16.61623483060035,28.663783469412913,49.00672771884989,13.192487033205353,1.6,-1578.5211284819054,True,"blue_error:RPC错误: HTTPConnectionPool(host='192.168.0.63', port=80): Max retries exceeded with url: /rpc/Light.Set (Caused by NewConnectionError('<urllib3.connection.HTTPConnection object at 0x7ffeadf38910>: Failed to establish a new connection: [Errno 113] No route to host'))"
2025-11-29 20:15:06,2025-11-29T20:14:58.373000,30.25,412.0,1.5029447971795937,66.36782424794545,18.410347274383636,28.859385691115392,53.67828615328958,13.813567949077012,1.6,-1682.7206855196719,True,"blue_error:RPC错误: HTTPConnectionPool(host='192.168.0.63', port=80): Max retries exceeded with url: /rpc/Light.Set (Caused by NewConnectionError('<urllib3.connection.HTTPConnection object at 0x7ffeadf21410>: Failed to establish a new connection: [Errno 113] No route to host'))"
2025-11-29 20:30:06,2025-11-29T20:29:55.579000,30.49,412.0,1.171241339710018,29.625604214678013,7.541868071559338,27.222208037864384,25.069818964278927,7.839492309968663,1.6,-1447.3107694674914,True,"blue_error:RPC错误: HTTPConnectionPool(host='192.168.0.63', port=80): Max retries exceeded with url: /rpc/Light.Set (Caused by NewConnectionError('<urllib3.connection.HTTPConnection object at 0x7ffeadf325d0>: Failed to establish a new connection: [Errno 113] No route to host'))"
2025-11-29 20:45:06,2025-11-29T20:44:58.391000,29.99,412.0,1.1831183525391817,30.47806691835632,7.826022306118772,27.280829012573598,25.752792936637615,8.064613894569153,1.6,-1512.1658567970292,True,"blue_error:RPC错误: HTTPConnectionPool(host='192.168.0.63', port=80): Max retries exceeded with url: /rpc/Light.Set (Caused by NewConnectionError('<urllib3.connection.HTTPConnection object at 0x7ffeadf27cd0>: Failed to establish a new connection: [Errno 113] No route to host'))"
2025-11-29 21:00:06,2025-11-29T20:59:50.060000,29.55,413.0,1.4721131168487913,61.71838401618669,17.01551520485601,28.707210798412028,50.04638474063995,13.333950331200203,1.6,-1474.8909444838523,True,"blue_error:RPC错误: HTTPConnectionPool(host='192.168.0.63', port=80): Max retries exceeded with url: /rpc/Light.Set (Caused by NewConnectionError('<urllib3.connection.HTTPConnection object at 0x7ffeadf3d950>: Failed to establish a new connection: [Errno 113] No route to host'))"
2025-11-29 21:15:06,2025-11-29T21:14:58.465000,29.94,413.0,0.9927221873828838,19.0,4.0,26.34109703258008,16.55682351251732,4.652709034569689,1.6,-1437.1008337134977,True,"blue_error:RPC错误: HTTPConnectionPool(host='192.168.0.63', port=80): Max retries exceeded with url: /rpc/Light.Set (Caused by NewConnectionError('<urllib3.connection.HTTPConnection object at 0x7ffeadf14f50>: Failed to establish a new connection: [Errno 113] No route to host'))"
2025-11-29 21:30:06,2025-11-29T21:29:55.712000,29.25,412.0,1.0169261989810867,19.00688015092748,4.002293383642494,26.460559962541375,16.562335734916132,5.05436922568568,1.6,-1546.8027134887614,True,"blue_error:RPC错误: HTTPConnectionPool(host='192.168.0.63', port=80): Max retries exceeded with url: /rpc/Light.Set (Caused by NewConnectionError('<urllib3.connection.HTTPConnection object at 0x7ffeadf18f50>: Failed to establish a new connection: [Errno 113] No route to host'))"
2025-11-29 21:45:06,2025-11-29T21:44:58.574000,29.02,413.0,1.5153516064903922,68.22509471858108,18.96752841557432,28.920621564587254,55.129089456426634,13.999088138894528,1.6,-1570.1511815843946,True,"blue_error:RPC错误: HTTPConnectionPool(host='192.168.0.63', port=80): Max retries exceeded with url: /rpc/Light.Set (Caused by NewConnectionError('<urllib3.connection.HTTPConnection object at 0x7ffeadf38f90>: Failed to establish a new connection: [Errno 113] No route to host'))"
2025-11-29 22:00:06,2025-11-29T21:59:55.788000,29.74,421.0,1.501946317814295,66.21835421143138,18.365506263429413,28.85445752993019,53.56152791795273,13.798445140269784,1.6,-1383.1493529537083,True,"blue_error:RPC错误: HTTPConnectionPool(host='192.168.0.63', port=80): Max retries exceeded with url: /rpc/Light.Set (Caused by NewConnectionError('<urllib3.connection.HTTPConnection object at 0x7ffeadf2af90>: Failed to establish a new connection: [Errno 113] No route to host'))"
2025-11-29 22:15:06,2025-11-29T22:14:58.641000,29.94,415.0,1.5260712924307176,69.82980674829896,19.44894202448969,28.973530359705798,56.3826072127832,14.15573219610074,1.6,-1564.0206435867985,True,"blue_error:RPC错误: HTTPConnectionPool(host='192.168.0.63', port=80): Max retries exceeded with url: /rpc/Light.Set (Caused by NewConnectionError('<urllib3.connection.HTTPConnection object at 0x7ffeadf23890>: Failed to establish a new connection: [Errno 113] No route to host'))"
2025-11-29 22:30:06,2025-11-29T22:29:55.898000,29.99,411.0,1.421986781918127,54.40206494507819,14.850516236269547,28.459803924772835,44.34922043935266,12.503396796784948,1.6,-1432.9646682551972,True,"blue_error:RPC错误: HTTPConnectionPool(host='192.168.0.63', port=80): Max retries exceeded with url: /rpc/Light.Set (Caused by NewConnectionError('<urllib3.connection.HTTPConnection object at 0x7ffeadf20850>: Failed to establish a new connection: [Errno 113] No route to host'))"
2025-11-29 22:45:06,2025-11-29T22:44:58.765000,29.87,410.0,1.6883215046659714,95.0,28.0,29.77434330188369,76.64513905509547,16.05174182431222,1.6,-1538.9578271731054,True,"blue_error:RPC错误: HTTPConnectionPool(host='192.168.0.63', port=80): Max retries exceeded with url: /rpc/Light.Set (Caused by NewConnectionError('<urllib3.connection.HTTPConnection object at 0x7ffeadf23790>: Failed to establish a new connection: [Errno 113] No route to host'))"
2025-11-29 23:00:06,2025-11-29T22:59:55.914000,30.49,410.0,1.3267802421942,43.734646232677925,12.020393869803378,27.98989619312471,36.2387753653943,10.793517425339802,1.6,-1537.3161023001787,True,"blue_error:RPC错误: HTTPConnectionPool(host='192.168.0.63', port=80): Max retries exceeded with url: /rpc/Light.Set (Caused by NewConnectionError('<urllib3.connection.HTTPConnection object at 0x7ffeadefd150>: Failed to establish a new connection: [Errno 113] No route to host'))"
2025-11-29 23:15:06,2025-11-29T23:14:58.824000,29.96,409.0,1.3254114843866078,43.55843477827361,11.967530433482082,27.98314046102473,36.10112812222627,10.768014594101599,1.6,-1479.1435503381965,True,"blue_error:RPC错误: HTTPConnectionPool(host='192.168.0.63', port=80): Max retries exceeded with url: /rpc/Light.Set (Caused by NewConnectionError('<urllib3.connection.HTTPConnection object at 0x7ffeadf39350>: Failed to establish a new connection: [Errno 113] No route to host'))"
2025-11-29 23:30:06,2025-11-29T23:29:56.044000,29.55,412.0,1.1329950896801186,26.93033681928679,6.64344560642893,27.033437301655386,22.910431261267053,7.121573627127069,1.6,-1461.0667715779646,True,"blue_error:RPC错误: HTTPConnectionPool(host='192.168.0.63', port=80): Max retries exceeded with url: /rpc/Light.Set (Caused by NewConnectionError('<urllib3.connection.HTTPConnection object at 0x7ffeadf3b590>: Failed to establish a new connection: [Errno 113] No route to host'))"
2025-11-29 23:45:06,2025-11-29T23:44:58.843000,29.12,412.0,1.4101867282092324,53.15146427734099,14.537866069335248,28.40156279461779,43.40988934509327,12.299830752339032,1.6,-1524.5880901053647,True,"blue_error:RPC错误: HTTPConnectionPool(host='192.168.0.63', port=80): Max retries exceeded with url: /rpc/Light.Set (Caused by NewConnectionError('<urllib3.connection.HTTPConnection object at 0x7ffeb12a8e10>: Failed to establish a new connection: [Errno 113] No route to host'))"
2025-11-30 00:00:06,2025-11-29T23:59:56.111000,29.12,412.0,1.1793510311839432,30.207670565813366,7.735890188604455,27.26223477064901,25.536157451928773,7.993118507946962,1.6,-1413.8795376101864,True,"blue_error:RPC错误: HTTPConnectionPool(host='192.168.0.63', port=80): Max retries exceeded with url: /rpc/Light.Set (Caused by NewConnectionError('<urllib3.connection.HTTPConnection object at 0x7ffeadf27cd0>: Failed to establish a new connection: [Errno 113] No route to host'))"
2025-11-30 00:15:06,2025-11-30T00:14:58.876000,29.0,413.0,1.1915660814116371,31.08439562222635,8.028131874075449,27.322524185232375,26.23856987637981,8.225194611881165,1.6,-1556.0941327168782,True,"blue_error:RPC错误: HTTPConnectionPool(host='192.168.0.63', port=80): Max retries exceeded with url: /rpc/Light.Set (Caused by NewConnectionError('<urllib3.connection.HTTPConnection object at 0x7ffeadf31e10>: Failed to establish a new connection: [Errno 113] No route to host'))"
2025-11-30 00:30:06,2025-11-30T00:29:56.200000,28.74,411.0,1.4453817312770447,57.67485214794837,15.802455644384512,28.575273593318183,46.887787496172685,12.89828659341438,1.6,-1559.0751037362902,True,"blue_error:RPC错误: HTTPConnectionPool(host='192.168.0.63', port=80): Max retries exceeded with url: /rpc/Light.Set (Caused by NewConnectionError('<urllib3.connection.HTTPConnection object at 0x7ffeadf27cd0>: Failed to establish a new connection: [Errno 113] No route to host'))"
2025-11-30 00:45:06,2025-11-30T00:44:59,29.02,412.0,1.5165029962074574,68.39745507877758,19.019236523633275,28.926304440277917,55.26372842466339,14.016077310654708,1.6,-1454.6723515961062,True,"blue_error:RPC错误: HTTPConnectionPool(host='192.168.0.63', port=80): Max retries exceeded with url: /rpc/Light.Set (Caused by NewConnectionError('<urllib3.connection.HTTPConnection object at 0x7ffeadf324d0>: Failed to establish a new connection: [Errno 113] No route to host'))"
2025-11-30 09:00:06,2025-11-30T08:15:41.909000,24.25,449.0,1.458824758587044,59.70831611440405,16.412494834321215,28.641623893287527,48.476224014163755,13.11955799249689,1.6,-1579.802847350968,True,"blue_error:RPC错误: HTTPConnectionPool(host='192.168.0.63', port=80): Max retries exceeded with url: /rpc/Light.Set (Caused by NewConnectionError('<urllib3.connection.HTTPConnection object at 0x7ffeae4c4710>: Failed to establish a new connection: [Errno 113] No route to host'))"
2025-11-30 09:15:05,2025-11-30T09:14:55.285000,25.47,449.0,1.4315001080343366,55.57504382285747,15.172513146857241,28.50675853008314,45.24752620835176,12.66541831684416,1.6,-1487.0791453585575,True,"blue_error:RPC错误: HTTPConnectionPool(host='192.168.0.63', port=80): Max retries exceeded with url: /rpc/Light.Set (Caused by NewConnectionError('<urllib3.connection.HTTPConnection object at 0x7ffeadf381d0>: Failed to establish a new connection: [Errno 113] No route to host'))"
2025-11-30 09:30:06,2025-11-30T09:29:58.206000,26.05,444.0,1.319221965236355,42.76160705208299,11.728482115624896,27.952591058511814,35.478687656248844,10.65245336611026,1.6,-1510.4543918210397,True,"blue_error:RPC错误: HTTPConnectionPool(host='192.168.0.63', port=80): Max retries exceeded with url: /rpc/Light.Set (Caused by NewConnectionError('<urllib3.connection.HTTPConnection object at 0x7ffeadf21250>: Failed to establish a new connection: [Errno 113] No route to host'))"
2025-11-30 09:45:06,2025-11-30T09:44:55.455000,26.25,440.0,1.0230059945880239,19.38731801036846,4.129106003456153,26.49056780623388,16.867134003481898,5.1571027569454415,1.6,-1435.5476196839895,True,"blue_error:RPC错误: HTTPConnectionPool(host='192.168.0.63', port=80): Max retries exceeded with url: /rpc/Light.Set (Caused by NewConnectionError('<urllib3.connection.HTTPConnection object at 0x7ffeadf23f10>: Failed to establish a new connection: [Errno 113] No route to host'))"
2025-11-30 10:00:06,2025-11-30T09:59:58.402000,25.99,439.0,1.2860176517202815,38.48694257549712,10.446082772649135,27.788705639605556,32.139541613448216,10.02686530458999,1.6,-1613.7449847537252,True,"blue_error:RPC错误: HTTPConnectionPool(host='192.168.0.63', port=80): Max retries exceeded with url: /rpc/Light.Set (Caused by NewConnectionError('<urllib3.connection.HTTPConnection object at 0x7ffeadf4d890>: Failed to establish a new connection: [Errno 113] No route to host'))"
2025-11-30 10:15:06,2025-11-30T10:14:55.665000,26.25,437.0,1.2648458253600958,36.34398821084155,9.78132940361385,27.684208564839352,30.452437330914684,9.624303974430324,1.6,-1417.6004946473895,True,"blue_error:RPC错误: HTTPConnectionPool(host='192.168.0.63', port=80): Max retries exceeded with url: /rpc/Light.Set (Caused by NewConnectionError('<urllib3.connection.HTTPConnection object at 0x7ffeadf22010>: Failed to establish a new connection: [Errno 113] No route to host'))"
2025-11-30 10:30:06,2025-11-30T10:29:58.571000,26.44,434.0,1.6151957626472337,85.1934797533794,25.05804392601382,29.41341902444695,68.98479437669842,15.314360360309369,1.6,-1596.2976878565473,True,"blue_error:RPC错误: HTTPConnectionPool(host='192.168.0.63', port=80): Max retries exceeded with url: /rpc/Light.Set (Caused by NewConnectionError('<urllib3.connection.HTTPConnection object at 0x7ffeb12a84d0>: Failed to establish a new connection: [Errno 113] No route to host'))"
2025-11-30 10:45:06,2025-11-30T10:44:55.880000,27.25,431.0,1.1321377037769604,26.871537553881357,6.623845851293786,27.029205530749014,22.86332261042234,7.105630425841892,1.6,-1488.178165212711,True,"blue_error:RPC错误: HTTPConnectionPool(host='192.168.0.63', port=80): Max retries exceeded with url: /rpc/Light.Set (Caused by NewConnectionError('<urllib3.connection.HTTPConnection object at 0x7ffeadf26e90>: Failed to establish a new connection: [Errno 113] No route to host'))"
2025-11-30 11:00:06,2025-11-30T10:59:58.781000,27.1,430.0,1.313299953202673,41.99921771799721,11.499765315399163,27.923361981920966,34.8831486749019,10.541540482768587,1.6,-1448.4773064231165,True,"blue_error:RPC错误: HTTPConnectionPool(host='192.168.0.63', port=80): Max retries exceeded with url: /rpc/Light.Set (Caused by NewConnectionError('<urllib3.connection.HTTPConnection object at 0x7ffeadf24890>: Failed to establish a new connection: [Errno 113] No route to host'))"
2025-11-30 11:15:06,2025-11-30T11:14:56.025000,27.0,429.0,1.1319400005321274,26.857979125265217,6.619326375088406,27.02822973346042,22.8524599019297,7.101955177870021,1.6,-1590.590240542155,True,"blue_error:RPC错误: HTTPConnectionPool(host='192.168.0.63', port=80): Max retries exceeded with url: /rpc/Light.Set (Caused by NewConnectionError('<urllib3.connection.HTTPConnection object at 0x7ffeadf4ead0>: Failed to establish a new connection: [Errno 113] No route to host'))"
2025-11-30 11:30:06,2025-11-30T11:29:58.854000,27.0,428.0,1.2419051612613834,34.69744115199315,9.232480383997718,27.57098109684832,29.13326080787753,9.186334788760346,1.6,-1365.3094547413762,True,"blue_error:RPC错误: HTTPConnectionPool(host='192.168.0.63', port=80): Max retries exceeded with url: /rpc/Light.Set (Caused by NewConnectionError('<urllib3.connection.HTTPConnection object at 0x7ffeadf39ed0>: Failed to establish a new connection: [Errno 113] No route to host'))"
2025-11-30 11:45:06,2025-11-30T11:44:56.157000,27.0,426.0,0.9285780769466662,19.0,4.0,26.024503093538996,16.55682351251732,3.650131657732655,1.6,-1343.025747274867,True,"blue_error:RPC错误: HTTPConnectionPool(host='192.168.0.63', port=80): Max retries exceeded with url: /rpc/Light.Set (Caused by NewConnectionError('<urllib3.connection.HTTPConnection object at 0x7ffeadf31050>: Failed to establish a new connection: [Errno 113] No route to host'))"
2025-11-30 12:00:06,2025-11-30T11:59:59.047000,27.0,424.0,1.3101259289238212,41.590599457419074,11.377179837225723,27.907696056519242,34.563957296186885,10.481963322213629,1.6,-1641.1326233241941,True,"blue_error:RPC错误: HTTPConnectionPool(host='192.168.0.63', port=80): Max retries exceeded with url: /rpc/Light.Set (Caused by NewConnectionError('<urllib3.connection.HTTPConnection object at 0x7ffeadf29690>: Failed to establish a new connection: [Errno 113] No route to host'))"
2025-11-30 12:15:06,2025-11-30T12:14:56.311000,27.12,421.0,1.2903908358699063,39.04993855265896,10.614981565797686,27.810290218246777,32.57932485247195,10.109720713054307,1.6,-1375.6208613831739,True,"blue_error:RPC错误: HTTPConnectionPool(host='192.168.0.63', port=80): Max retries exceeded with url: /rpc/Light.Set (Caused by NewConnectionError('<urllib3.connection.HTTPConnection object at 0x7ffeadf3d050>: Failed to establish a new connection: [Errno 113] No route to host'))"
2025-11-30 12:30:06,2025-11-30T12:29:59.262000,27.25,420.0,1.0414693033907294,20.653526132701533,4.551175377567178,26.581696541542993,17.88159151277957,5.473372001837888,1.6,-1554.1763298616422,True,"blue_error:RPC错误: HTTPConnectionPool(host='192.168.0.63', port=80): Max retries exceeded with url: /rpc/Light.Set (Caused by NewConnectionError('<urllib3.connection.HTTPConnection object at 0x7ffeae4c4f90>: Failed to establish a new connection: [Errno 113] No route to host'))"
2025-11-30 12:45:06,2025-11-30T12:44:56.520000,27.06,422.0,1.1418609042822974,27.538351697894733,6.846117232631578,27.07719600605745,23.39755912633874,7.286862993647434,1.6,-1466.638092421821,True,"blue_error:RPC错误: HTTPConnectionPool(host='192.168.0.63', port=80): Max retries exceeded with url: /rpc/Light.Set (Caused by NewConnectionError('<urllib3.connection.HTTPConnection object at 0x7ffeadf3d310>: Failed to establish a new connection: [Errno 113] No route to host'))"
2025-11-30 13:00:06,2025-11-30T12:59:59.332000,27.25,421.0,1.0196889367374773,19.15983518822147,4.053278396073824,26.474195914819532,16.684879875512774,5.100963736814606,1.6,-1448.324269812401,True,"blue_error:RPC错误: HTTPConnectionPool(host='192.168.0.63', port=80): Max retries exceeded with url: /rpc/Light.Set (Caused by NewConnectionError('<urllib3.connection.HTTPConnection object at 0x7ffeadf20590>: Failed to establish a new connection: [Errno 113] No route to host'))"
2025-11-30 13:15:06,2025-11-30T13:14:56.651000,27.0,421.0,1.1467913276090325,27.87647863546388,6.958826211821293,27.1015309314549,23.66845883458008,7.379105267937433,1.6,-1513.2554112169682,True,"blue_error:RPC错误: HTTPConnectionPool(host='192.168.0.63', port=80): Max retries exceeded with url: /rpc/Light.Set (Caused by NewConnectionError('<urllib3.connection.HTTPConnection object at 0x7ffeadf3a190>: Failed to establish a new connection: [Errno 113] No route to host'))"
2025-11-30 13:30:06,2025-11-30T13:29:59.520000,27.25,421.0,1.23376243618252,34.1130038413764,9.037667947125465,27.530791321205406,28.665022760741593,9.03067850666739,1.6,-1460.2416629811244,True,"blue_error:RPC错误: HTTPConnectionPool(host='192.168.0.63', port=80): Max retries exceeded with url: /rpc/Light.Set (Caused by NewConnectionError('<urllib3.connection.HTTPConnection object at 0x7ffeadf2ef10>: Failed to establish a new connection: [Errno 113] No route to host'))"
2025-11-30 13:45:06,2025-11-30T13:44:56.813000,27.15,419.0,1.1991408378877573,31.628067459431293,8.209355819810431,27.35991065725207,26.674147541787598,8.369447345638758,1.6,-1420.8162326878828,True,"blue_error:RPC错误: HTTPConnectionPool(host='192.168.0.63', port=80): Max retries exceeded with url: /rpc/Light.Set (Caused by NewConnectionError('<urllib3.connection.HTTPConnection object at 0x7ffeadf4c8d0>: Failed to establish a new connection: [Errno 113] No route to host'))"
2025-11-30 14:00:06,2025-11-30T13:59:59.658000,27.39,419.0,1.4781468192676521,62.6310740055869,17.28932220167607,28.736991141498837,50.75933079362317,13.429814544688368,1.6,-1629.804804884448,True,"blue_error:RPC错误: HTTPConnectionPool(host='192.168.0.63', port=80): Max retries exceeded with url: /rpc/Light.Set (Caused by NewConnectionError('<urllib3.connection.HTTPConnection object at 0x7ffeadf4c9d0>: Failed to establish a new connection: [Errno 113] No route to host'))"
2025-11-30 14:15:06,2025-11-30T14:14:56.929000,28.12,417.0,1.3956569621156976,51.6115615254626,14.15289038136565,28.329848714406605,42.25326231434635,12.045456114324024,1.6,-1427.9595539834497,True,"blue_error:RPC错误: HTTPConnectionPool(host='192.168.0.63', port=80): Max retries exceeded with url: /rpc/Light.Set (Caused by NewConnectionError('<urllib3.connection.HTTPConnection object at 0x7ffeadf30650>: Failed to establish a new connection: [Errno 113] No route to host'))"
2025-11-30 14:30:06,2025-11-30T14:29:59.779000,28.22,422.0,1.309345193279507,41.49008893420834,11.3470266802625,27.903842605730038,34.48544369174441,10.467295281440284,1.6,-1741.5642519165183,True,"blue_error:RPC错误: HTTPConnectionPool(host='192.168.0.63', port=80): Max retries exceeded with url: /rpc/Light.Set (Caused by NewConnectionError('<urllib3.connection.HTTPConnection object at 0x7ffeadefdad0>: Failed to establish a new connection: [Errno 113] No route to host'))"
2025-11-30 14:45:06,2025-11-30T14:44:57.083000,28.25,416.0,1.1766045643233651,30.010545194374657,7.670181731458219,27.248679126086742,25.37822503165601,7.941046618919297,1.6,-1462.3155375191263,True,"blue_error:RPC错误: HTTPConnectionPool(host='192.168.0.63', port=80): Max retries exceeded with url: /rpc/Light.Set (Caused by NewConnectionError('<urllib3.connection.HTTPConnection object at 0x7ffeadf39ed0>: Failed to establish a new connection: [Errno 113] No route to host'))"
2025-11-30 15:00:06,2025-11-30T14:59:59.937000,27.97,415.0,1.375697815924412,49.496238818459084,13.624059704614771,28.231337024562855,40.66443508568626,11.689898503104354,1.6,-1411.8430538652217,True,"blue_error:RPC错误: HTTPConnectionPool(host='192.168.0.63', port=80): Max retries exceeded with url: /rpc/Light.Set (Caused by NewConnectionError('<urllib3.connection.HTTPConnection object at 0x7ffeadf21c90>: Failed to establish a new connection: [Errno 113] No route to host'))"
2025-11-30 15:15:06,2025-11-30T15:14:57.148000,28.12,416.0,1.3400443199159804,45.442240091666186,12.532672027499856,28.055363257600742,37.57265906742121,11.03959471738818,1.6,-1377.065426377438,True,"blue_error:RPC错误: HTTPConnectionPool(host='192.168.0.63', port=80): Max retries exceeded with url: /rpc/Light.Set (Caused by NewConnectionError('<urllib3.connection.HTTPConnection object at 0x7ffeadf39910>: Failed to establish a new connection: [Errno 113] No route to host'))"
2025-11-30 15:30:06,2025-11-30T15:29:59.997000,28.25,413.0,1.1542663175725902,28.407236138932678,7.135745379644226,27.138424989237624,24.09368982584707,7.519360785046482,1.6,-1437.6361001745547,True,"blue_error:RPC错误: HTTPConnectionPool(host='192.168.0.63', port=80): Max retries exceeded with url: /rpc/Light.Set (Caused by NewConnectionError('<urllib3.connection.HTTPConnection object at 0x7ffeadf3af90>: Failed to establish a new connection: [Errno 113] No route to host'))"
2025-11-30 15:45:06,2025-11-30T15:44:57.340000,28.19,411.0,1.0687773211008897,22.526301711494515,5.175433903831506,26.716479810583103,19.3820172450322,5.952191089127781,1.6,-1440.9146678054976,True,"blue_error:RPC错误: HTTPConnectionPool(host='192.168.0.63', port=80): Max retries exceeded with url: /rpc/Light.Set (Caused by NewConnectionError('<urllib3.connection.HTTPConnection object at 0x7ffeadf3ff50>: Failed to establish a new connection: [Errno 113] No route to host'))"
2025-11-30 16:00:06,2025-11-30T16:00:00.139000,27.87,412.0,1.2998868476799168,40.272438284021916,10.981731485206575,27.857159365915468,33.53427819738706,10.289199178320976,1.6,-1392.0832645080884,True,"blue_error:RPC错误: HTTPConnectionPool(host='192.168.0.63', port=80): Max retries exceeded with url: /rpc/Light.Set (Caused by NewConnectionError('<urllib3.connection.HTTPConnection object at 0x7ffeadefda10>: Failed to establish a new connection: [Errno 113] No route to host'))"
2025-11-30 16:15:06,2025-11-30T16:14:57.460000,28.09,411.0,1.0990083897947893,24.599539240913707,5.866513080304569,26.86569028453208,21.043048589864934,6.4959308919274505,1.6,-1478.2992283583553,True,"blue_error:RPC错误: HTTPConnectionPool(host='192.168.0.63', port=80): Max retries exceeded with url: /rpc/Light.Set (Caused by NewConnectionError('<urllib3.connection.HTTPConnection object at 0x7ffeadf31ad0>: Failed to establish a new connection: [Errno 113] No route to host'))"
2025-11-30 16:30:06,2025-11-30T16:30:00.320000,27.98,411.0,0.887775731197434,19.0,4.0,25.823116321238043,16.55682351251732,3.0636359652966894,1.6,-1558.7614362993156,True,"blue_error:RPC错误: HTTPConnectionPool(host='192.168.0.63', port=80): Max retries exceeded with url: /rpc/Light.Set (Caused by NewConnectionError('<urllib3.connection.HTTPConnection object at 0x7ffeadf3cc50>: Failed to establish a new connection: [Errno 113] No route to host'))"
2025-11-30 16:45:06,2025-11-30T16:44:57.536000,27.98,413.0,1.5790431671730292,78.3829380072825,22.353175202913,29.234981868955977,63.26714450879536,14.876756005729115,1.6,-1490.2618663947237,True,"blue_error:RPC错误: HTTPConnectionPool(host='192.168.0.63', port=80): Max retries exceeded with url: /rpc/Light.Set (Caused by NewConnectionError('<urllib3.connection.HTTPConnection object at 0x7ffeadf3d210>: Failed to establish a new connection: [Errno 113] No route to host'))"
2025-11-30 17:00:06,2025-11-30T17:00:00.438000,28.71,412.0,1.5075802093401087,67.06173465708316,18.61852039712495,28.88226453977346,54.22033295238268,13.883402549926284,1.6,-1481.084955963483,True,"blue_error:RPC错误: HTTPConnectionPool(host='192.168.0.63', port=80): Max retries exceeded with url: /rpc/Light.Set (Caused by NewConnectionError('<urllib3.connection.HTTPConnection object at 0x7ffeadf320d0>: Failed to establish a new connection: [Errno 113] No route to host'))"
2025-11-30 17:15:06,2025-11-30T17:14:57.653000,29.02,410.0,1.143415731361969,27.64498126782399,6.881660422607997,27.084870114036086,23.482988342926454,7.3159279497150225,1.6,-1566.4127468184656,True,"blue_error:RPC错误: HTTPConnectionPool(host='192.168.0.63', port=80): Max retries exceeded with url: /rpc/Light.Set (Caused by NewConnectionError('<urllib3.connection.HTTPConnection object at 0x7ffeadf31590>: Failed to establish a new connection: [Errno 113] No route to host'))"
2025-11-30 17:30:06,2025-11-30T17:30:00.521000,28.74,410.0,1.0426059552118443,20.731477370128133,4.5771591233760445,26.587306675893874,17.94404429346522,5.493046383985179,1.6,-1493.3346212964902,True,"blue_error:RPC错误: HTTPConnectionPool(host='192.168.0.63', port=80): Max retries exceeded with url: /rpc/Light.Set (Caused by NewConnectionError('<urllib3.connection.HTTPConnection object at 0x7ffeadf28290>: Failed to establish a new connection: [Errno 113] No route to host'))"
2025-11-30 17:45:06,2025-11-30T17:44:57.736000,28.38,411.0,1.3190878378451543,42.744339729443546,11.723301918833064,27.951929050436174,35.465199319941505,10.649944960197908,1.6,-1441.6604938925873,True,"blue_error:RPC错误: HTTPConnectionPool(host='192.168.0.63', port=80): Max retries exceeded with url: /rpc/Light.Set (Caused by NewConnectionError('<urllib3.connection.HTTPConnection object at 0x7ffeadf30c50>: Failed to establish a new connection: [Errno 113] No route to host'))"
2025-11-30 18:00:06,2025-11-30T18:00:00.606000,28.5,410.0,1.4707902568350593,61.51828115925146,16.95548434777544,28.700681602517044,49.890074773729516,13.31280698939877,1.6,-1385.3689717348814,True,"blue_error:RPC错误: HTTPConnectionPool(host='192.168.0.63', port=80): Max retries exceeded with url: /rpc/Light.Set (Caused by NewConnectionError('<urllib3.connection.HTTPConnection object at 0x7ffeae4c4f90>: Failed to establish a new connection: [Errno 113] No route to host'))"
2025-11-30 18:15:06,2025-11-30T18:14:57.948000,28.94,408.0,1.043686430048394,20.805576006977837,4.601858668992612,26.592639539382226,18.003410457095885,5.511769735313031,1.6,-1479.7303733679107,True,"blue_error:RPC错误: HTTPConnectionPool(host='192.168.0.63', port=80): Max retries exceeded with url: /rpc/Light.Set (Caused by NewConnectionError('<urllib3.connection.HTTPConnection object at 0x7ffeadf3ce90>: Failed to establish a new connection: [Errno 113] No route to host'))"
2025-11-30 18:30:06,2025-11-30T18:30:00.781000,28.5,410.0,1.2940804248712157,39.52492970191022,10.757478910573065,27.8285007991937,32.95036328720179,10.179529461175669,1.6,-1516.370769746104,True,"blue_error:RPC错误: HTTPConnectionPool(host='192.168.0.63', port=80): Max retries exceeded with url: /rpc/Light.Set (Caused by NewConnectionError('<urllib3.connection.HTTPConnection object at 0x7ffeadefe350>: Failed to establish a new connection: [Errno 113] No route to host'))"
2025-11-30 18:45:06,2025-11-30T18:44:58.024000,28.5,408.0,1.0452387370108054,20.912032748029127,4.637344249343042,26.600301208902444,18.088701207068212,5.538705598439866,1.6,-1419.5982698115592,True,"blue_error:RPC错误: HTTPConnectionPool(host='192.168.0.63', port=80): Max retries exceeded with url: /rpc/Light.Set (Caused by NewConnectionError('<urllib3.connection.HTTPConnection object at 0x7ffeae4c4990>: Failed to establish a new connection: [Errno 113] No route to host'))"
2025-11-30 19:00:06,2025-11-30T18:59:55.265000,28.25,408.0,1.1864268634931296,30.715532536480957,7.90517751216032,27.29715871935646,25.943045056536103,8.127463500459548,1.6,-1425.9340049263255,True,"blue_error:RPC错误: HTTPConnectionPool(host='192.168.0.63', port=80): Max retries exceeded with url: /rpc/Light.Set (Caused by NewConnectionError('<urllib3.connection.HTTPConnection object at 0x7ffeae4c4f90>: Failed to establish a new connection: [Errno 113] No route to host'))"
2025-11-30 19:15:06,2025-11-30T19:14:58.173000,28.38,409.0,1.5900363775588386,80.45290932671504,23.181163730686016,29.289240689525506,65.00847976608146,15.01469357023459,1.6,-1587.5255653996771,True,"blue_error:RPC错误: HTTPConnectionPool(host='192.168.0.63', port=80): Max retries exceeded with url: /rpc/Light.Set (Caused by NewConnectionError('<urllib3.connection.HTTPConnection object at 0x7ffeadf1a790>: Failed to establish a new connection: [Errno 113] No route to host'))"
2025-11-30 19:30:06,2025-11-30T19:29:55.413000,29.0,410.0,0.9742021882280004,19.0,4.0,26.249688492597095,16.55682351251732,4.353682319317716,1.6,-1489.3417730979484,True,"blue_error:RPC错误: HTTPConnectionPool(host='192.168.0.63', port=80): Max retries exceeded with url: /rpc/Light.Set (Caused by NewConnectionError('<urllib3.connection.HTTPConnection object at 0x7ffeadf2d4d0>: Failed to establish a new connection: [Errno 113] No route to host'))"
2025-11-30 19:45:06,2025-11-30T19:44:58.331000,28.47,409.0,0.8549332535486758,19.0,4.0,25.66101680351181,16.55682351251732,2.622546233955447,1.6,-1575.7799914168259,True,"blue_error:RPC错误: HTTPConnectionPool(host='192.168.0.63', port=80): Max retries exceeded with url: /rpc/Light.Set (Caused by NewConnectionError('<urllib3.connection.HTTPConnection object at 0x7ffeadf17f10>: Failed to establish a new connection: [Errno 113] No route to host'))"
2025-11-30 20:00:06,2025-11-30T19:59:55.600000,28.18,411.0,1.2924054336043622,39.30929429467483,10.692788288402449,27.820233600858167,32.78192009810433,10.147849032746914,1.6,-1435.8021907796365,True,"blue_error:RPC错误: HTTPConnectionPool(host='192.168.0.63', port=80): Max retries exceeded with url: /rpc/Light.Set (Caused by NewConnectionError('<urllib3.connection.HTTPConnection object at 0x7ffeadf4db50>: Failed to establish a new connection: [Errno 113] No route to host'))"
2025-11-30 20:15:06,2025-11-30T20:14:58.447000,28.38,413.0,1.4202762384572616,54.2207770588426,14.80519426471065,28.45136125266321,44.213054392950525,12.47406278965067,1.6,-1588.3974901798153,True,"blue_error:RPC错误: HTTPConnectionPool(host='192.168.0.63', port=80): Max retries exceeded with url: /rpc/Light.Set (Caused by NewConnectionError('<urllib3.connection.HTTPConnection object at 0x7ffeadefc450>: Failed to establish a new connection: [Errno 113] No route to host'))"
2025-11-30 20:30:06,2025-11-30T20:29:55.676000,28.55,410.0,1.3129890866558336,41.95919730968218,11.487759192904655,27.92182764831012,34.85188680890321,10.535709385578143,1.6,-1457.4009803224396,True,"blue_error:RPC错误: HTTPConnectionPool(host='192.168.0.63', port=80): Max retries exceeded with url: /rpc/Light.Set (Caused by NewConnectionError('<urllib3.connection.HTTPConnection object at 0x7ffeadf30490>: Failed to establish a new connection: [Errno 113] No route to host'))"
2025-11-30 20:45:06,2025-11-30T20:44:58.550000,28.57,411.0,1.2058709461327606,32.111115373339054,8.370371791113017,27.39312822726697,27.061154681428576,8.497787579193517,1.6,-1419.9849522783848,True,"blue_error:RPC错误: HTTPConnectionPool(host='192.168.0.63', port=80): Max retries exceeded with url: /rpc/Light.Set (Caused by NewConnectionError('<urllib3.connection.HTTPConnection object at 0x7ffeadf18550>: Failed to establish a new connection: [Errno 113] No route to host'))"
2025-11-30 21:00:06,2025-11-30T20:59:55.788000,28.38,411.0,1.2771297554029215,37.342730554941255,10.102819166482377,27.744837947220923,31.245742565244186,9.858133471577096,1.6,-1404.270912342218,True,"blue_error:RPC错误: HTTPConnectionPool(host='192.168.0.63', port=80): Max retries exceeded with url: /rpc/Light.Set (Caused by NewConnectionError('<urllib3.connection.HTTPConnection object at 0x7ffeadeff5d0>: Failed to establish a new connection: [Errno 113] No route to host'))"
2025-11-30 21:15:06,2025-11-30T21:14:58.628000,28.5,410.0,1.2348199815117658,34.188908276573905,9.062969425524635,27.536011012291986,28.725835689451316,9.050896352695105,1.6,-1487.8703480939314,True,"blue_error:RPC错误: HTTPConnectionPool(host='192.168.0.63', port=80): Max retries exceeded with url: /rpc/Light.Set (Caused by NewConnectionError('<urllib3.connection.HTTPConnection object at 0x7ffeadf32250>: Failed to establish a new connection: [Errno 113] No route to host'))"
2025-11-30 21:30:06,2025-11-30T21:29:55.924000,28.25,411.0,0.9476007354372118,19.0,4.0,26.118392592381507,16.55682351251732,3.9375580262101355,1.6,-1379.4339633329748,True,"blue_error:RPC错误: HTTPConnectionPool(host='192.168.0.63', port=80): Max retries exceeded with url: /rpc/Light.Set (Caused by NewConnectionError('<urllib3.connection.HTTPConnection object at 0x7ffeadf3c110>: Failed to establish a new connection: [Errno 113] No route to host'))"
2025-11-30 21:45:06,2025-11-30T21:44:58.730000,27.98,411.0,1.139078253066005,27.3475183207715,6.782506106923833,27.06346176758174,23.244667710596918,7.234902516449634,1.6,-1403.9898996931897,True,"blue_error:RPC错误: HTTPConnectionPool(host='192.168.0.63', port=80): Max retries exceeded with url: /rpc/Light.Set (Caused by NewConnectionError('<urllib3.connection.HTTPConnection object at 0x7ffeadf2bb90>: Failed to establish a new connection: [Errno 113] No route to host'))"
2025-11-30 22:00:06,2025-11-30T21:59:56.042000,27.94,412.0,1.1868624669734407,30.746797613474545,7.915599204491515,27.29930871287502,25.968093934027486,8.13574244153973,1.6,-1489.1464539544925,True,"blue_error:RPC错误: HTTPConnectionPool(host='192.168.0.63', port=80): Max retries exceeded with url: /rpc/Light.Set (Caused by NewConnectionError('<urllib3.connection.HTTPConnection object at 0x7ffeadf28050>: Failed to establish a new connection: [Errno 113] No route to host'))"
2025-11-30 22:15:06,2025-11-30T22:14:58.922000,27.87,411.0,1.6203725920905299,86.18450606998356,25.355351820995065,29.438970128266945,69.75893270299883,15.373190285204304,1.6,-1475.2117001545096,True,"blue_error:RPC错误: HTTPConnectionPool(host='192.168.0.63', port=80): Max retries exceeded with url: /rpc/Light.Set (Caused by NewConnectionError('<urllib3.connection.HTTPConnection object at 0x7ffeadf39c10>: Failed to establish a new connection: [Errno 113] No route to host'))"
2025-11-30 22:30:06,2025-11-30T22:29:56.135000,28.52,410.0,1.344174000238469,45.97388781766577,12.69216634529973,28.0757459825522,37.98795467954686,11.115791841615403,1.6,-1447.1604072510288,True,"blue_error:RPC错误: HTTPConnectionPool(host='192.168.0.63', port=80): Max retries exceeded with url: /rpc/Light.Set (Caused by NewConnectionError('<urllib3.connection.HTTPConnection object at 0x7ffeadf24cd0>: Failed to establish a new connection: [Errno 113] No route to host'))"
2025-11-30 22:45:06,2025-11-30T22:44:58.975000,28.51,412.0,1.2795933570619271,37.65989026646823,10.197967079940469,27.756997463475006,31.493491271951324,9.904946018140214,1.6,-1432.800492159944,True,"blue_error:RPC错误: HTTPConnectionPool(host='192.168.0.63', port=80): Max retries exceeded with url: /rpc/Light.Set (Caused by NewConnectionError('<urllib3.connection.HTTPConnection object at 0x7ffeadf3b010>: Failed to establish a new connection: [Errno 113] No route to host'))"
2025-11-30 23:00:06,2025-11-30T22:59:56.207000,28.05,410.0,1.467043764118085,60.95156670090254,16.78547001027076,28.682190163805224,49.447386850183975,13.25268479788745,1.6,-1528.167449367918,True,"blue_error:RPC错误: HTTPConnectionPool(host='192.168.0.63', port=80): Max retries exceeded with url: /rpc/Light.Set (Caused by NewConnectionError('<urllib3.connection.HTTPConnection object at 0x7ffeadf19750>: Failed to establish a new connection: [Errno 113] No route to host'))"
2025-11-30 23:15:06,2025-11-30T23:14:59.093000,28.5,412.0,1.3809946101749517,50.057606977453,13.76440174436325,28.25748023466686,41.08608092410103,11.784908371057195,1.6,-1390.4943445669844,True,"blue_error:RPC错误: HTTPConnectionPool(host='192.168.0.63', port=80): Max retries exceeded with url: /rpc/Light.Set (Caused by NewConnectionError('<urllib3.connection.HTTPConnection object at 0x7ffeadf25e90>: Failed to establish a new connection: [Errno 113] No route to host'))"
2025-11-30 23:30:06,2025-11-30T23:29:56.324000,28.5,409.0,1.7008256528873598,95.0,28.0,29.836059607758713,76.64513905509547,16.1570639830681,1.6,-1611.2780223791563,True,"blue_error:RPC错误: HTTPConnectionPool(host='192.168.0.63', port=80): Max retries exceeded with url: /rpc/Light.Set (Caused by NewConnectionError('<urllib3.connection.HTTPConnection object at 0x7ffeadf3be10>: Failed to establish a new connection: [Errno 113] No route to host'))"
2025-11-30 23:45:06,2025-11-30T23:44:59.247000,29.05,400.0,1.6324321211778254,88.49312195587869,26.047936586763605,29.498491942362783,71.56230362063643,15.506409752157206,1.6,-1631.13387220133,True,"blue_error:RPC错误: HTTPConnectionPool(host='192.168.0.63', port=80): Max retries exceeded with url: /rpc/Light.Set (Caused by NewConnectionError('<urllib3.connection.HTTPConnection object at 0x7ffeadf2af90>: Failed to establish a new connection: [Errno 113] No route to host'))"
2025-12-01 00:00:06,2025-11-30T23:59:56.455000,29.44,410.0,1.3552353733748377,47.32757544222869,13.081893860557173,28.130341231728323,39.035543469979196,11.318821701159825,1.6,-1365.0542133411511,True,"blue_error:RPC错误: HTTPConnectionPool(host='192.168.0.63', port=80): Max retries exceeded with url: /rpc/Light.Set (Caused by NewConnectionError('<urllib3.connection.HTTPConnection object at 0x7ffeadf31590>: Failed to establish a new connection: [Errno 113] No route to host'))"
2025-12-01 00:15:06,2025-12-01T00:14:59.297000,28.88,409.0,1.7698957983926351,95.0,28.0,30.1769668132207,76.64513905509547,16.625401311097868,1.6,-1396.6515957170752,True,"blue_error:RPC错误: HTTPConnectionPool(host='192.168.0.63', port=80): Max retries exceeded with url: /rpc/Light.Set (Caused by NewConnectionError('<urllib3.connection.HTTPConnection object at 0x7ffeadf3dad0>: Failed to establish a new connection: [Errno 113] No route to host'))"
2025-12-01 00:30:06,2025-12-01T00:29:56.524000,29.44,410.0,1.1873944845246307,30.784982730104055,7.928327576701352,27.301934574096336,25.998686991855006,8.145855043925364,1.6,-1565.6822953796373,True,"blue_error:RPC错误: HTTPConnectionPool(host='192.168.0.63', port=80): Max retries exceeded with url: /rpc/Light.Set (Caused by NewConnectionError('<urllib3.connection.HTTPConnection object at 0x7ffeadf25610>: Failed to establish a new connection: [Errno 113] No route to host'))"
2025-12-01 00:45:06,2025-12-01T00:44:59.406000,28.5,410.0,1.3453566431211235,46.126139166470885,12.737841749941264,28.081583113446246,38.10688553170106,11.137574237019082,1.6,-1443.3904782061159,True,"blue_error:RPC错误: HTTPConnectionPool(host='192.168.0.63', port=80): Max retries exceeded with url: /rpc/Light.Set (Caused by NewConnectionError('<urllib3.connection.HTTPConnection object at 0x7ffeadf38590>: Failed to establish a new connection: [Errno 113] No route to host'))"
2025-12-01 09:00:06,2025-12-01T07:37:17.329000,23.48,455.0,1.6680614034340802,95.0,28.0,29.674346198318684,76.64513905509547,15.867999402674732,1.6,-1402.6533583552387,True,"blue_error:RPC错误: HTTPConnectionPool(host='192.168.0.63', port=80): Max retries exceeded with url: /rpc/Light.Set (Caused by NewConnectionError('<urllib3.connection.HTTPConnection object at 0x7ffeadf22010>: Failed to establish a new connection: [Errno 113] No route to host'))"
2025-12-01 09:15:06,2025-12-01T09:14:58.620000,25.06,454.0,1.3515644849782076,46.92532572546704,12.977597717640112,28.112222950730022,38.73116859544759,11.251620721436446,1.6,-1607.9574082872457,True,"blue_error:RPC错误: HTTPConnectionPool(host='192.168.0.63', port=80): Max retries exceeded with url: /rpc/Light.Set (Caused by NewConnectionError('<urllib3.connection.HTTPConnection object at 0x7ffeadefd050>: Failed to establish a new connection: [Errno 113] No route to host'))"
2025-12-01 09:30:06,2025-12-01T09:29:55.906000,25.5,451.0,1.3044482767198409,40.8596685747488,11.15790057242464,27.879673058561373,33.992992024456704,10.375178083333164,1.6,-1372.6986062133706,True,"blue_error:RPC错误: HTTPConnectionPool(host='192.168.0.63', port=80): Max retries exceeded with url: /rpc/Light.Set (Caused by NewConnectionError('<urllib3.connection.HTTPConnection object at 0x7ffeadf4d910>: Failed to establish a new connection: [Errno 113] No route to host'))"
2025-12-01 09:45:06,2025-12-01T09:44:58.779000,25.38,447.0,1.5880710633488966,80.08284963482517,23.033139853930063,29.27954055395659,64.6971720765793,14.990341334517343,1.6,-1449.8911756846157,True,"blue_error:RPC错误: HTTPConnectionPool(host='192.168.0.63', port=80): Max retries exceeded with url: /rpc/Light.Set (Caused by NewConnectionError('<urllib3.connection.HTTPConnection object at 0x7ffeadf4fd50>: Failed to establish a new connection: [Errno 113] No route to host'))"
2025-12-01 10:00:06,2025-12-01T09:59:55.989000,26.25,445.0,1.4177017563660697,53.947926688687495,14.736981672171874,28.438654467571045,44.00811540372816,12.429799829165278,1.6,-1526.806150882145,True,"blue_error:RPC错误: HTTPConnectionPool(host='192.168.0.63', port=80): Max retries exceeded with url: /rpc/Light.Set (Caused by NewConnectionError('<urllib3.connection.HTTPConnection object at 0x7ffeadf19910>: Failed to establish a new connection: [Errno 113] No route to host'))"
2025-12-01 10:15:06,2025-12-01T10:14:58.948000,26.25,440.0,1.83504602726414,95.0,28.0,30.49852661734906,76.64513905509547,16.888929811316366,1.6,-1472.3400129363606,True,"blue_error:RPC错误: HTTPConnectionPool(host='192.168.0.63', port=80): Max retries exceeded with url: /rpc/Light.Set (Caused by NewConnectionError('<urllib3.connection.HTTPConnection object at 0x7ffeb1276ed0>: Failed to establish a new connection: [Errno 113] No route to host'))"
2025-12-01 10:30:06,2025-12-01T10:29:56.146000,27.03,439.0,1.10350667445326,24.9080302395741,5.969343413191366,26.88789231756782,21.290204649458946,6.577932286764302,1.6,-1561.1345863047998,True,"blue_error:RPC错误: HTTPConnectionPool(host='192.168.0.63', port=80): Max retries exceeded with url: /rpc/Light.Set (Caused by NewConnectionError('<urllib3.connection.HTTPConnection object at 0x7ffeadf27990>: Failed to establish a new connection: [Errno 113] No route to host'))"
2025-12-01 10:45:06,2025-12-01T10:44:59.055000,26.49,435.0,1.2736484751295882,36.97579106648965,9.99193035549655,27.727655508690788,30.958623588926486,9.79193261861569,1.6,-1495.287093415213,True,"blue_error:RPC错误: HTTPConnectionPool(host='192.168.0.63', port=80): Max retries exceeded with url: /rpc/Light.Set (Caused by NewConnectionError('<urllib3.connection.HTTPConnection object at 0x7ffeadf264d0>: Failed to establish a new connection: [Errno 113] No route to host'))"
2025-12-01 11:00:06,2025-12-01T10:59:56.331000,26.37,434.0,1.276935166224382,37.31767948895164,10.095303846685491,27.74387751992511,31.22617397259198,9.854434653091836,1.6,-1524.0786155892517,True,"blue_error:RPC错误: HTTPConnectionPool(host='192.168.0.63', port=80): Max retries exceeded with url: /rpc/Light.Set (Caused by NewConnectionError('<urllib3.connection.HTTPConnection object at 0x7ffeadf28a10>: Failed to establish a new connection: [Errno 113] No route to host'))"
2025-12-01 11:15:06,2025-12-01T11:14:59.194000,26.25,432.0,1.4941788664155389,65.05558481975135,18.016675445925404,28.816119980030148,52.65323281451595,13.679842249088313,1.6,-1389.6752502269794,True,"blue_error:RPC错误: HTTPConnectionPool(host='192.168.0.63', port=80): Max retries exceeded with url: /rpc/Light.Set (Caused by NewConnectionError('<urllib3.connection.HTTPConnection object at 0x7ffeadf2b5d0>: Failed to establish a new connection: [Errno 113] No route to host'))"
2025-12-01 11:30:06,2025-12-01T11:29:56.497000,26.76,430.0,1.48573989674577,63.77964337840773,17.633893013522318,28.774468039874908,51.656533579278964,13.54909536151693,1.6,-1475.2108773045663,True,"blue_error:RPC错误: HTTPConnectionPool(host='192.168.0.63', port=80): Max retries exceeded with url: /rpc/Light.Set (Caused by NewConnectionError('<urllib3.connection.HTTPConnection object at 0x7ffeb1277cd0>: Failed to establish a new connection: [Errno 113] No route to host'))"
2025-12-01 11:45:06,2025-12-01T11:44:59.392000,27.12,429.0,1.6553516800068873,92.88072757691594,27.364218273074783,29.61161524178077,74.98967342406901,15.744575720051722,1.6,-1453.113115797851,True,"blue_error:RPC错误: HTTPConnectionPool(host='192.168.0.63', port=80): Max retries exceeded with url: /rpc/Light.Set (Caused by NewConnectionError('<urllib3.connection.HTTPConnection object at 0x7ffeb1289f50>: Failed to establish a new connection: [Errno 113] No route to host'))"
2025-12-01 12:00:06,2025-12-01T11:59:56.636000,27.87,428.0,1.5157650943179055,68.28699288375553,18.98609786512666,28.92266240261849,55.177441090673256,14.005193805835017,1.6,-1501.2956260099827,True,"blue_error:RPC错误: HTTPConnectionPool(host='192.168.0.63', port=80): Max retries exceeded with url: /rpc/Light.Set (Caused by NewConnectionError('<urllib3.connection.HTTPConnection object at 0x7ffeadf3f5d0>: Failed to establish a new connection: [Errno 113] No route to host'))"
2025-12-01 12:15:06,2025-12-01T12:14:59.484000,27.62,424.0,1.2770088036978866,37.32715944678854,10.098147834036563,27.744240969938517,31.233579223663824,9.855834401626785,1.6,-1410.669650032615,True,"blue_error:RPC错误: HTTPConnectionPool(host='192.168.0.63', port=80): Max retries exceeded with url: /rpc/Light.Set (Caused by NewConnectionError('<urllib3.connection.HTTPConnection object at 0x7ffeadf29cd0>: Failed to establish a new connection: [Errno 113] No route to host'))"
2025-12-01 12:30:06,2025-12-01T12:29:56.808000,27.37,421.0,1.4843063926252706,63.56280390411512,17.568841171234535,28.767392741565303,51.487149835485006,13.52669383600522,1.6,-1429.2073170916872,True,"blue_error:RPC错误: HTTPConnectionPool(host='192.168.0.63', port=80): Max retries exceeded with url: /rpc/Light.Set (Caused by NewConnectionError('<urllib3.connection.HTTPConnection object at 0x7ffeadefe5d0>: Failed to establish a new connection: [Errno 113] No route to host'))"
2025-12-01 12:45:06,2025-12-01T12:44:59.635000,27.62,419.0,1.8634804508581537,95.0,28.0,30.638869450210436,76.64513905509547,16.950015832529356,1.6,-1574.9321127438259,True,"blue_error:RPC错误: HTTPConnectionPool(host='192.168.0.63', port=80): Max retries exceeded with url: /rpc/Light.Set (Caused by NewConnectionError('<urllib3.connection.HTTPConnection object at 0x7ffeadf2c210>: Failed to establish a new connection: [Errno 113] No route to host'))"
2025-12-01 13:00:06,2025-12-01T12:59:56.969000,28.25,417.0,1.475754361154552,62.26917803884845,17.180753411654536,28.72518276606318,50.47663644606462,13.391915954871486,1.6,-1507.3636612215078,True,"blue_error:RPC错误: HTTPConnectionPool(host='192.168.0.63', port=80): Max retries exceeded with url: /rpc/Light.Set (Caused by NewConnectionError('<urllib3.connection.HTTPConnection object at 0x7ffeadf21b90>: Failed to establish a new connection: [Errno 113] No route to host'))"
2025-12-01 13:15:06,2025-12-01T13:14:59.800000,28.22,417.0,1.2140782113596678,32.7001849993274,8.566728333109133,27.43363655155849,27.53310403560106,8.65446807922124,1.6,-1495.1205482764442,True,"blue_error:RPC错误: HTTPConnectionPool(host='192.168.0.63', port=80): Max retries exceeded with url: /rpc/Light.Set (Caused by NewConnectionError('<urllib3.connection.HTTPConnection object at 0x7ffeadf29110>: Failed to establish a new connection: [Errno 113] No route to host'))"
2025-12-01 13:30:06,2025-12-01T13:29:57.082000,27.62,417.0,0.9676178637492713,19.0,4.0,26.217190462638158,16.55682351251732,4.249185180102775,1.6,-1495.572364449191,True,"blue_error:RPC错误: HTTPConnectionPool(host='192.168.0.63', port=80): Max retries exceeded with url: /rpc/Light.Set (Caused by NewConnectionError('<urllib3.connection.HTTPConnection object at 0x7ffeadf32250>: Failed to establish a new connection: [Errno 113] No route to host'))"
2025-12-01 13:45:06,2025-12-01T13:44:59.935000,27.25,417.0,1.1487233192604391,28.009392051734416,7.003130683911472,27.111066597986927,23.77494607853616,7.415309951207491,1.6,-1623.7582266687607,True,"blue_error:RPC错误: HTTPConnectionPool(host='192.168.0.63', port=80): Max retries exceeded with url: /rpc/Light.Set (Caused by NewConnectionError('<urllib3.connection.HTTPConnection object at 0x7ffeadf21cd0>: Failed to establish a new connection: [Errno 113] No route to host'))"
2025-12-01 14:00:06,2025-12-01T13:59:57.235000,27.06,417.0,0.8128220180490332,19.0,4.0,25.45316978787698,16.55682351251732,2.0988583655602664,1.6,-1624.9785162971302,True,"blue_error:RPC错误: HTTPConnectionPool(host='192.168.0.63', port=80): Max retries exceeded with url: /rpc/Light.Set (Caused by NewConnectionError('<urllib3.connection.HTTPConnection object at 0x7ffeadf32010>: Failed to establish a new connection: [Errno 113] No route to host'))"
2025-12-01 14:15:06,2025-12-01T14:15:00.163000,26.87,416.0,1.2900827519753455,39.01027637806679,10.603082913420037,27.80876961887965,32.54834282006596,10.103887591238953,1.6,-1361.0079139761733,True,"blue_error:RPC错误: HTTPConnectionPool(host='192.168.0.63', port=80): Max retries exceeded with url: /rpc/Light.Set (Caused by NewConnectionError('<urllib3.connection.HTTPConnection object at 0x7ffeadf3e950>: Failed to establish a new connection: [Errno 113] No route to host'))"
2025-12-01 14:30:06,2025-12-01T14:29:57.342000,27.11,416.0,1.480087839267438,62.924683036998914,17.377404911099674,28.74657136894779,50.98868293125644,13.460451750168719,1.6,-1466.9286644965437,True,"blue_error:RPC错误: HTTPConnectionPool(host='192.168.0.63', port=80): Max retries exceeded with url: /rpc/Light.Set (Caused by NewConnectionError('<urllib3.connection.HTTPConnection object at 0x7ffeadeffb90>: Failed to establish a new connection: [Errno 113] No route to host'))"
2025-12-01 14:45:06,2025-12-01T14:45:00.242000,27.62,415.0,0.8422789219794646,19.0,4.0,25.59855924271342,16.55682351251732,2.4601830302829235,1.6,-1507.1363068228286,True,"blue_error:RPC错误: HTTPConnectionPool(host='192.168.0.63', port=80): Max retries exceeded with url: /rpc/Light.Set (Caused by NewConnectionError('<urllib3.connection.HTTPConnection object at 0x7ffeade91bd0>: Failed to establish a new connection: [Errno 113] No route to host'))"
2025-12-01 15:00:06,2025-12-01T14:59:57.579000,27.25,415.0,1.3903019294538383,51.04402110675861,14.011005276689653,28.303418058925033,41.8269804673182,11.950729007774228,1.6,-1295.0985522110054,True,"blue_error:RPC错误: HTTPConnectionPool(host='192.168.0.63', port=80): Max retries exceeded with url: /rpc/Light.Set (Caused by NewConnectionError('<urllib3.connection.HTTPConnection object at 0x7ffeadf3ce10>: Failed to establish a new connection: [Errno 113] No route to host'))"
2025-12-01 15:15:06,2025-12-01T15:15:00.384000,27.5,417.0,1.679343180119166,95.0,28.0,29.730029285913528,76.64513905509547,15.972302004810771,1.6,-1426.8365746005697,True,"blue_error:RPC错误: HTTPConnectionPool(host='192.168.0.63', port=80): Max retries exceeded with url: /rpc/Light.Set (Caused by NewConnectionError('<urllib3.connection.HTTPConnection object at 0x7ffeadf2bb90>: Failed to establish a new connection: [Errno 113] No route to host'))"
2025-12-01 15:30:06,2025-12-01T15:29:57.696000,28.44,417.0,1.337105839943282,45.06394538762503,12.41918361628751,28.04085990034747,37.277154877342575,10.98525189749374,1.6,-1516.9740326959882,True,"blue_error:RPC错误: HTTPConnectionPool(host='192.168.0.63', port=80): Max retries exceeded with url: /rpc/Light.Set (Caused by NewConnectionError('<urllib3.connection.HTTPConnection object at 0x7ffeadefcb90>: Failed to establish a new connection: [Errno 113] No route to host'))"
2025-12-01 15:45:06,2025-12-01T15:45:00.503000,28.12,414.0,1.1971575109721893,31.485715821941135,8.161905273980379,27.35012161697486,26.560098606967447,8.331655503734112,1.6,-1353.4022047571846,True,"blue_error:RPC错误: HTTPConnectionPool(host='192.168.0.63', port=80): Max retries exceeded with url: /rpc/Light.Set (Caused by NewConnectionError('<urllib3.connection.HTTPConnection object at 0x7ffeadf3d490>: Failed to establish a new connection: [Errno 113] No route to host'))"
2025-12-01 16:00:06,2025-12-01T15:59:57.806000,27.87,411.0,1.2352475749906897,34.21959844238931,9.073199480796436,27.538121471114785,28.750423961018914,9.059070884286895,1.6,-1674.845591349536,True,"blue_error:RPC错误: HTTPConnectionPool(host='192.168.0.63', port=80): Max retries exceeded with url: /rpc/Light.Set (Caused by NewConnectionError('<urllib3.connection.HTTPConnection object at 0x7ffeadf2b490>: Failed to establish a new connection: [Errno 113] No route to host'))"
2025-12-01 16:15:06,2025-12-01T16:15:00.690000,27.55,410.0,1.1721626209657834,29.691728409493177,7.563909469831058,27.226755174924108,25.12279618405296,7.8569243010837795,1.6,-1459.309906390289,True,"blue_error:RPC错误: HTTPConnectionPool(host='192.168.0.63', port=80): Max retries exceeded with url: /rpc/Light.Set (Caused by NewConnectionError('<urllib3.connection.HTTPConnection object at 0x7ffeadefe410>: Failed to establish a new connection: [Errno 113] No route to host'))"
2025-12-01 16:30:06,2025-12-01T16:29:57.950000,27.5,410.0,1.098808357664645,24.585821098048697,5.861940366016232,26.8647029926422,21.032057921903192,6.492290592401796,1.6,-1530.9283232790433,True,"blue_error:RPC错误: HTTPConnectionPool(host='192.168.0.63', port=80): Max retries exceeded with url: /rpc/Light.Set (Caused by NewConnectionError('<urllib3.connection.HTTPConnection object at 0x7ffeadf1b410>: Failed to establish a new connection: [Errno 113] No route to host'))"
2025-12-01 16:45:06,2025-12-01T16:45:00.849000,27.37,412.0,1.3956289692884813,51.60859477215179,14.152148693037947,28.329710551146206,42.25103397423289,12.044962267364575,1.6,-1569.6681731156234,True,"blue_error:RPC错误: HTTPConnectionPool(host='192.168.0.63', port=80): Max retries exceeded with url: /rpc/Light.Set (Caused by NewConnectionError('<urllib3.connection.HTTPConnection object at 0x7ffeadf16c10>: Failed to establish a new connection: [Errno 113] No route to host'))"
2025-12-01 17:00:06,2025-12-01T16:59:58.109000,27.62,412.0,1.3325650776867635,44.479375701967605,12.243812710590282,28.01844821205272,36.82051937687325,10.901080719606746,1.6,-1543.2520099846301,True,"blue_error:RPC错误: HTTPConnectionPool(host='192.168.0.63', port=80): Max retries exceeded with url: /rpc/Light.Set (Caused by NewConnectionError('<urllib3.connection.HTTPConnection object at 0x7ffeadf38f50>: Failed to establish a new connection: [Errno 113] No route to host'))"
2025-12-01 17:15:06,2025-12-01T17:14:55.331000,27.74,410.0,1.5799825952915372,78.5598280324648,22.423931212985917,29.239618572878783,63.415950839888204,14.888706422941032,1.6,-1375.4049803439789,True,"blue_error:RPC错误: HTTPConnectionPool(host='192.168.0.63', port=80): Max retries exceeded with url: /rpc/Light.Set (Caused by NewConnectionError('<urllib3.connection.HTTPConnection object at 0x7ffeadf3bf90>: Failed to establish a new connection: [Errno 113] No route to host'))"
2025-12-01 17:30:06,2025-12-01T17:29:58.194000,28.25,410.0,1.214200135747002,32.70893602067984,8.569645340226614,27.43423832967637,27.540115157365666,8.65679682205116,1.6,-1653.6733518093538,True,"blue_error:RPC错误: HTTPConnectionPool(host='192.168.0.63', port=80): Max retries exceeded with url: /rpc/Light.Set (Caused by NewConnectionError('<urllib3.connection.HTTPConnection object at 0x7ffeadf18590>: Failed to establish a new connection: [Errno 113] No route to host'))"
2025-12-01 17:45:06,2025-12-01T17:44:55.506000,27.97,410.0,1.7630897584936613,95.0,28.0,30.14337446988266,76.64513905509547,16.587869654753646,1.6,-1470.4899471544275,True,"blue_error:RPC错误: HTTPConnectionPool(host='192.168.0.63', port=80): Max retries exceeded with url: /rpc/Light.Set (Caused by NewConnectionError('<urllib3.connection.HTTPConnection object at 0x7ffeadf29350>: Failed to establish a new connection: [Errno 113] No route to host'))"
2025-12-01 18:00:06,2025-12-01T17:59:58.289000,28.74,411.0,1.3501108508504627,46.7381874440261,12.92145623320783,28.105048297417387,38.58498588207844,11.224960237314441,1.6,-1438.8092222151304,True,"blue_error:RPC错误: HTTPConnectionPool(host='192.168.0.63', port=80): Max retries exceeded with url: /rpc/Light.Set (Caused by NewConnectionError('<urllib3.connection.HTTPConnection object at 0x7ffeadefcb90>: Failed to establish a new connection: [Errno 113] No route to host'))"
2025-12-01 18:15:06,2025-12-01T18:14:55.584000,28.5,407.0,1.6276775521964502,87.58293106852882,25.774879320558647,29.475024975372058,70.85130973647667,15.454529911793378,1.6,-1526.4152348429113,True,"blue_error:RPC错误: HTTPConnectionPool(host='192.168.0.63', port=80): Max retries exceeded with url: /rpc/Light.Set (Caused by NewConnectionError('<urllib3.connection.HTTPConnection object at 0x7ffeb1275c50>: Failed to establish a new connection: [Errno 113] No route to host'))"
2025-12-01 18:30:06,2025-12-01T18:29:58.472000,29.0,406.0,1.4414724180445353,57.083508590535274,15.625052577160583,28.555978526837276,46.425860598637875,12.833145530584424,1.6,-1426.2177648843553,True,"blue_error:RPC错误: HTTPConnectionPool(host='192.168.0.63', port=80): Max retries exceeded with url: /rpc/Light.Set (Caused by NewConnectionError('<urllib3.connection.HTTPConnection object at 0x7ffeadf2bd50>: Failed to establish a new connection: [Errno 113] No route to host'))"
2025-12-01 18:45:06,2025-12-01T18:44:55.680000,28.72,404.0,1.1981018559251193,31.553495394410994,8.184498464803664,27.35478258875276,26.614402078139573,8.34964798179867,1.6,-1541.3523888920386,True,"blue_error:RPC错误: HTTPConnectionPool(host='192.168.0.63', port=80): Max retries exceeded with url: /rpc/Light.Set (Caused by NewConnectionError('<urllib3.connection.HTTPConnection object at 0x7ffeadf17d50>: Failed to establish a new connection: [Errno 113] No route to host'))"
2025-12-01 19:00:06,2025-12-01T18:59:58.545000,28.25,405.0,1.2068311102332057,32.180030351946336,8.393343450648779,27.397867277081808,27.116367814497437,8.516108768334746,1.6,-1413.5891666358557,True,"blue_error:RPC错误: HTTPConnectionPool(host='192.168.0.63', port=80): Max retries exceeded with url: /rpc/Light.Set (Caused by NewConnectionError('<urllib3.connection.HTTPConnection object at 0x7ffeaec313d0>: Failed to establish a new connection: [Errno 113] No route to host'))"
2025-12-01 19:15:06,2025-12-01T19:14:55.843000,27.87,406.0,0.9731834959226234,19.0,4.0,26.244660567080054,16.55682351251732,4.3374518235708885,1.6,-1487.9606043554693,True,"blue_error:RPC错误: HTTPConnectionPool(host='192.168.0.63', port=80): Max retries exceeded with url: /rpc/Light.Set (Caused by NewConnectionError('<urllib3.connection.HTTPConnection object at 0x7ffeadf21450>: Failed to establish a new connection: [Errno 113] No route to host'))"
2025-12-01 19:30:06,2025-12-01T19:29:58.711000,27.5,408.0,1.2196331735439834,33.09888778348578,8.699629261161927,27.461053992492612,27.852535751630572,8.760594030298455,1.6,-1378.3135940793736,True,"blue_error:RPC错误: HTTPConnectionPool(host='192.168.0.63', port=80): Max retries exceeded with url: /rpc/Light.Set (Caused by NewConnectionError('<urllib3.connection.HTTPConnection object at 0x7ffeadf28910>: Failed to establish a new connection: [Errno 113] No route to host'))"
2025-12-01 19:45:06,2025-12-01T19:44:55.926000,27.5,411.0,1.3801919500588253,49.97253895132723,13.743134737831808,28.253518571995922,41.02218599414567,11.770540118959117,1.6,-1503.5471809862465,True,"blue_error:RPC错误: HTTPConnectionPool(host='192.168.0.63', port=80): Max retries exceeded with url: /rpc/Light.Set (Caused by NewConnectionError('<urllib3.connection.HTTPConnection object at 0x7ffeadf3ef50>: Failed to establish a new connection: [Errno 113] No route to host'))"
2025-12-01 20:00:06,2025-12-01T19:59:58.773000,27.72,410.0,1.463831463431597,60.465656976495794,16.639697092948737,28.666335318819403,49.06781939119429,13.200853406410477,1.6,-1504.4101144739745,True,"blue_error:RPC错误: HTTPConnectionPool(host='192.168.0.63', port=80): Max retries exceeded with url: /rpc/Light.Set (Caused by NewConnectionError('<urllib3.connection.HTTPConnection object at 0x7ffeadefd490>: Failed to establish a new connection: [Errno 113] No route to host'))"
2025-12-01 20:15:06,2025-12-01T20:14:56.128000,27.87,410.0,1.3137013525356147,42.05089315675068,11.515267947025205,27.925343155174133,34.923514845806956,10.549068469640682,1.6,-1507.9644163666658,True,"blue_error:RPC错误: HTTPConnectionPool(host='192.168.0.63', port=80): Max retries exceeded with url: /rpc/Light.Set (Caused by NewConnectionError('<urllib3.connection.HTTPConnection object at 0x7ffeadf33a10>: Failed to establish a new connection: [Errno 113] No route to host'))"
2025-12-01 20:30:06,2025-12-01T20:29:58.973000,27.73,409.0,1.387372995947655,50.73360504519191,13.933401261297977,28.288961819847028,41.59382573910689,11.898705473689905,1.6,-1436.2048896264082,True,"blue_error:RPC错误: HTTPConnectionPool(host='192.168.0.63', port=80): Max retries exceeded with url: /rpc/Light.Set (Caused by NewConnectionError('<urllib3.connection.HTTPConnection object at 0x7ffeadf1a0d0>: Failed to establish a new connection: [Errno 113] No route to host'))"
2025-12-01 20:45:06,2025-12-01T20:44:56.220000,27.74,409.0,1.330893453518045,44.264173768978864,12.17925213069366,28.01019763259076,36.65241479536085,10.870035829774947,1.6,-1688.80161364233,True,"blue_error:RPC错误: HTTPConnectionPool(host='192.168.0.63', port=80): Max retries exceeded with url: /rpc/Light.Set (Caused by NewConnectionError('<urllib3.connection.HTTPConnection object at 0x7ffeadf2f190>: Failed to establish a new connection: [Errno 113] No route to host'))"
2025-12-01 21:00:06,2025-12-01T20:59:59.062000,27.53,410.0,1.6027505405325635,82.84692816039205,24.13877126415682,29.351993558184656,67.0224155933815,15.168953357997658,1.6,-1597.004072100971,True,"blue_error:RPC错误: HTTPConnectionPool(host='192.168.0.63', port=80): Max retries exceeded with url: /rpc/Light.Set (Caused by NewConnectionError('<urllib3.connection.HTTPConnection object at 0x7ffeadf19350>: Failed to establish a new connection: [Errno 113] No route to host'))"
2025-12-01 21:15:06,2025-12-01T21:14:56.377000,28.25,408.0,1.547856341668799,73.09097790340132,20.427293371020397,29.081054098106478,58.93006487106309,14.46321968315874,1.6,-1455.0905228132813,True,"blue_error:RPC错误: HTTPConnectionPool(host='192.168.0.63', port=80): Max retries exceeded with url: /rpc/Light.Set (Caused by NewConnectionError('<urllib3.connection.HTTPConnection object at 0x7ffeadf2bed0>: Failed to establish a new connection: [Errno 113] No route to host'))"
2025-12-01 21:30:06,2025-12-01T21:29:59.210000,28.25,408.0,1.368017855356967,48.68229643728144,13.42057410932036,28.193431300230685,40.05307975276526,11.551354823996528,1.6,-1514.4750106493586,True,"blue_error:RPC错误: HTTPConnectionPool(host='192.168.0.63', port=80): Max retries exceeded with url: /rpc/Light.Set (Caused by NewConnectionError('<urllib3.connection.HTTPConnection object at 0x7ffeadf2b310>: Failed to establish a new connection: [Errno 113] No route to host'))"
2025-12-01 21:45:06,2025-12-01T21:44:56.476000,27.94,417.0,1.4677658548028942,61.06079398685627,16.818238196056882,28.685754162630587,49.53270953729918,13.264300271312804,1.6,-1530.6646287460876,True,"blue_error:RPC错误: HTTPConnectionPool(host='192.168.0.63', port=80): Max retries exceeded with url: /rpc/Light.Set (Caused by NewConnectionError('<urllib3.connection.HTTPConnection object at 0x7ffeadf30e10>: Failed to establish a new connection: [Errno 113] No route to host'))"
2025-12-01 22:00:06,2025-12-01T21:59:59.332000,28.09,410.0,1.3770017182567813,49.634429810445496,13.658607452611374,28.23777265166443,40.768230884831524,11.713328836335833,1.6,-1409.699715628337,True,"blue_error:RPC错误: HTTPConnectionPool(host='192.168.0.63', port=80): Max retries exceeded with url: /rpc/Light.Set (Caused by NewConnectionError('<urllib3.connection.HTTPConnection object at 0x7ffeadefea10>: Failed to establish a new connection: [Errno 113] No route to host'))"
2025-12-01 22:15:06,2025-12-01T22:14:56.646000,27.87,409.0,0.9525575190317436,19.0,4.0,26.14285762327047,16.55682351251732,4.013862821633243,1.6,-1358.9257446557701,True,"blue_error:RPC错误: HTTPConnectionPool(host='192.168.0.63', port=80): Max retries exceeded with url: /rpc/Light.Set (Caused by NewConnectionError('<urllib3.connection.HTTPConnection object at 0x7ffeb1277f10>: Failed to establish a new connection: [Errno 113] No route to host'))"
2025-12-01 22:30:06,2025-12-01T22:29:59.484000,27.12,409.0,1.4952959454786925,65.22280895493289,18.066842686479866,28.82163350977464,52.783859630330554,13.697002902370116,1.6,-1416.9262994476362,True,"blue_error:RPC错误: HTTPConnectionPool(host='192.168.0.63', port=80): Max retries exceeded with url: /rpc/Light.Set (Caused by NewConnectionError('<urllib3.connection.HTTPConnection object at 0x7ffeadf3ac50>: Failed to establish a new connection: [Errno 113] No route to host'))"
2025-12-01 22:45:06,2025-12-01T22:44:56.795000,27.62,408.0,1.3787970924875164,49.824708284356426,13.706177071089106,28.246634020165697,40.91114979709803,11.745546033541409,1.6,-1517.5731446957527,True,"blue_error:RPC错误: HTTPConnectionPool(host='192.168.0.63', port=80): Max retries exceeded with url: /rpc/Light.Set (Caused by NewConnectionError('<urllib3.connection.HTTPConnection object at 0x7ffeadf3ac50>: Failed to establish a new connection: [Errno 113] No route to host'))"
2025-12-01 23:00:06,2025-12-01T22:59:59.621000,27.61,408.0,1.2802601066402985,37.745726425558324,10.223717927667497,27.760288317053533,31.560542024712113,9.917610003025091,1.6,-1411.8653045266294,True,"blue_error:RPC错误: HTTPConnectionPool(host='192.168.0.63', port=80): Max retries exceeded with url: /rpc/Light.Set (Caused by NewConnectionError('<urllib3.connection.HTTPConnection object at 0x7ffeadf20f50>: Failed to establish a new connection: [Errno 113] No route to host'))"
2025-12-01 23:15:06,2025-12-01T23:14:56.906000,27.25,409.0,1.3008900103110053,40.40158366331959,11.020475098995878,27.862110642138884,33.63515986531442,10.308121629051858,1.6,-1411.2615159936818,True,"blue_error:RPC错误: HTTPConnectionPool(host='192.168.0.63', port=80): Max retries exceeded with url: /rpc/Light.Set (Caused by NewConnectionError('<urllib3.connection.HTTPConnection object at 0x7ffeadf33810>: Failed to establish a new connection: [Errno 113] No route to host'))"
2025-12-01 23:30:06,2025-12-01T23:29:59.735000,27.25,409.0,1.5387298048263975,71.72475658477373,20.017426975432116,29.036008555669458,57.86284368103209,14.33620817898802,1.6,-1436.7249741132684,True,"blue_error:RPC错误: HTTPConnectionPool(host='192.168.0.63', port=80): Max retries exceeded with url: /rpc/Light.Set (Caused by NewConnectionError('<urllib3.connection.HTTPConnection object at 0x7ffeadf39710>: Failed to establish a new connection: [Errno 113] No route to host'))"
2025-12-01 23:45:06,2025-12-01T23:44:57.069000,27.62,408.0,1.3242814422692637,43.41295515877422,11.923886547632264,27.977562949967528,35.987486993566854,10.746944936828173,1.6,-1396.921804822476,True,"blue_error:RPC错误: HTTPConnectionPool(host='192.168.0.63', port=80): Max retries exceeded with url: /rpc/Light.Set (Caused by NewConnectionError('<urllib3.connection.HTTPConnection object at 0x7ffeadf32450>: Failed to establish a new connection: [Errno 113] No route to host'))"
2025-12-02 00:00:06,2025-12-01T23:59:59.937000,27.53,408.0,1.610140626744164,84.23844765008484,24.695379060033936,29.38846855936049,68.1930124639058,15.255971523503064,1.6,-1627.1930731332625,True,"blue_error:RPC错误: HTTPConnectionPool(host='192.168.0.63', port=80): Max retries exceeded with url: /rpc/Light.Set (Caused by NewConnectionError('<urllib3.connection.HTTPConnection object at 0x7ffeadf32710>: Failed to establish a new connection: [Errno 113] No route to host'))"
2025-12-02 00:15:06,2025-12-02T00:14:57.174000,27.99,410.0,1.2975527780984761,39.97195430260082,10.891586290780246,27.845639176801313,33.29955570560249,10.245143160491194,1.6,-1415.20811779732,True,"blue_error:RPC错误: HTTPConnectionPool(host='192.168.0.63', port=80): Max retries exceeded with url: /rpc/Light.Set (Caused by NewConnectionError('<urllib3.connection.HTTPConnection object at 0x7ffeadf31dd0>: Failed to establish a new connection: [Errno 113] No route to host'))"
2025-12-02 00:30:06,2025-12-02T00:30:00.029000,27.5,408.0,1.2121805191726158,32.56397972315296,8.521326574384322,27.42427017574471,27.42397942742328,8.618226269086806,1.6,-1454.2753880257223,True,"blue_error:RPC错误: HTTPConnectionPool(host='192.168.0.63', port=80): Max retries exceeded with url: /rpc/Light.Set (Caused by NewConnectionError('<urllib3.connection.HTTPConnection object at 0x7ffeadf3acd0>: Failed to establish a new connection: [Errno 113] No route to host'))"
2025-12-02 00:45:06,2025-12-02T00:44:57.326000,27.0,409.0,1.0671349607245357,22.413669134605982,5.137889711535328,26.708373667441688,19.29177855409284,5.923044795166024,1.6,-1430.7937713757883,True,"blue_error:RPC错误: HTTPConnectionPool(host='192.168.0.63', port=80): Max retries exceeded with url: /rpc/Light.Set (Caused by NewConnectionError('<urllib3.connection.HTTPConnection object at 0x7ffeadeff950>: Failed to establish a new connection: [Errno 113] No route to host'))"
2025-12-02 09:00:06,2025-12-02T06:31:45.969000,22.19,445.0,1.3444363551348388,46.00766292207284,12.702298876621851,28.077040878833454,38.0143380382511,11.120625505615982,1.6,-1406.1440462971548,True,"blue_error:RPC错误: HTTPConnectionPool(host='192.168.0.63', port=80): Max retries exceeded with url: /rpc/Light.Set (Caused by NewConnectionError('<urllib3.connection.HTTPConnection object at 0x7ffeadf2b1d0>: Failed to establish a new connection: [Errno 113] No route to host'))"
2025-12-02 09:15:06,2025-12-02T09:14:59.508000,22.69,444.0,1.2157098044755257,32.81729123629566,8.605763745431886,27.441689551092647,27.62692692252043,8.685633691262398,1.6,-1370.2116141687786,True,"blue_error:RPC错误: HTTPConnectionPool(host='192.168.0.63', port=80): Max retries exceeded with url: /rpc/Light.Set (Caused by NewConnectionError('<urllib3.connection.HTTPConnection object at 0x7ffeadf19290>: Failed to establish a new connection: [Errno 113] No route to host'))"
2025-12-02 09:30:06,2025-12-02T09:29:56.911000,23.05,444.0,1.2386991750430183,34.46733416137408,9.155778053791362,27.555157417971476,28.948904255065912,9.125054130062022,1.6,-1454.5041603195311,True,"blue_error:RPC错误: HTTPConnectionPool(host='192.168.0.63', port=80): Max retries exceeded with url: /rpc/Light.Set (Caused by NewConnectionError('<urllib3.connection.HTTPConnection object at 0x7ffeadf21b90>: Failed to establish a new connection: [Errno 113] No route to host'))"
2025-12-02 09:45:06,2025-12-02T09:44:59.810000,23.26,440.0,1.173063713339737,29.756403564131237,7.585467854710413,27.231202666395575,25.17461246538172,7.873979504893632,1.6,-1450.2308474348654,True,"blue_error:RPC错误: HTTPConnectionPool(host='192.168.0.63', port=80): Max retries exceeded with url: /rpc/Light.Set (Caused by NewConnectionError('<urllib3.connection.HTTPConnection object at 0x7ffeadf391d0>: Failed to establish a new connection: [Errno 113] No route to host'))"
2025-12-02 10:00:06,2025-12-02T09:59:57.079000,23.44,438.0,1.5365803369602338,71.40298624919426,19.92089587475828,29.025399499062964,57.61149339409706,14.305912440503334,1.6,-1446.0939641097573,True,"blue_error:RPC错误: HTTPConnectionPool(host='192.168.0.63', port=80): Max retries exceeded with url: /rpc/Light.Set (Caused by NewConnectionError('<urllib3.connection.HTTPConnection object at 0x7ffeadf2a190>: Failed to establish a new connection: [Errno 113] No route to host'))"
2025-12-02 10:15:06,2025-12-02T10:15:00.078000,24.25,434.0,1.216732631696147,32.8907038081627,8.630234602720899,27.446737885172467,27.685743426295613,8.705173535279831,1.6,-1252.0163125309589,True,"blue_error:RPC错误: HTTPConnectionPool(host='192.168.0.63', port=80): Max retries exceeded with url: /rpc/Light.Set (Caused by NewConnectionError('<urllib3.connection.HTTPConnection object at 0x7ffeadf2fb10>: Failed to establish a new connection: [Errno 113] No route to host'))"
2025-12-02 10:30:06,2025-12-02T10:29:57.312000,23.74,433.0,1.385697040197886,50.55598285537262,13.888995713843155,28.280689861145447,41.460413011741586,11.8688710044751,1.6,-1494.7897215036671,True,"blue_error:RPC错误: HTTPConnectionPool(host='192.168.0.63', port=80): Max retries exceeded with url: /rpc/Light.Set (Caused by NewConnectionError('<urllib3.connection.HTTPConnection object at 0x7ffeadf23650>: Failed to establish a new connection: [Errno 113] No route to host'))"
2025-12-02 10:45:06,2025-12-02T10:45:00.301000,24.25,431.0,1.2899001152230865,38.98676404625415,10.596029213876246,27.807868184774193,32.52997620669567,10.100429342842684,1.6,-1452.0883818749942,True,"blue_error:RPC错误: HTTPConnectionPool(host='192.168.0.63', port=80): Max retries exceeded with url: /rpc/Light.Set (Caused by NewConnectionError('<urllib3.connection.HTTPConnection object at 0x7ffeadf22d90>: Failed to establish a new connection: [Errno 113] No route to host'))"
2025-12-02 11:00:06,2025-12-02T10:59:57.573000,24.25,429.0,1.0305742668381657,19.90634782769748,4.302115942565826,26.527922274276435,17.282969036010872,5.285977578734054,1.6,-1463.985595066968,True,"blue_error:RPC错误: HTTPConnectionPool(host='192.168.0.63', port=80): Max retries exceeded with url: /rpc/Light.Set (Caused by NewConnectionError('<urllib3.connection.HTTPConnection object at 0x7ffeadf335d0>: Failed to establish a new connection: [Errno 113] No route to host'))"
2025-12-02 11:15:06,2025-12-02T11:15:00.445000,23.87,426.0,1.581599121473338,78.86421253126042,22.54568501250417,29.247597207050788,63.672010165226816,14.909199273272282,1.6,-1357.1036201436584,True,"blue_error:RPC错误: HTTPConnectionPool(host='192.168.0.63', port=80): Max retries exceeded with url: /rpc/Light.Set (Caused by NewConnectionError('<urllib3.connection.HTTPConnection object at 0x7ffeadf210d0>: Failed to establish a new connection: [Errno 113] No route to host'))"
2025-12-02 11:30:06,2025-12-02T11:29:57.742000,24.73,424.0,1.2434321625233375,34.807040395760005,9.269013465253336,27.57851786586975,29.221069260446743,9.215519039207754,1.6,-1406.5886055147698,True,"blue_error:RPC错误: HTTPConnectionPool(host='192.168.0.63', port=80): Max retries exceeded with url: /rpc/Light.Set (Caused by NewConnectionError('<urllib3.connection.HTTPConnection object at 0x7ffeadf23d10>: Failed to establish a new connection: [Errno 113] No route to host'))"
2025-12-02 11:45:06,2025-12-02T11:45:00.707000,24.5,421.0,1.6324752263591942,88.50137379604193,26.05041213881258,29.498704695163777,71.56874952991838,15.506876247779344,1.6,-1603.761525184551,True,"blue_error:RPC错误: HTTPConnectionPool(host='192.168.0.63', port=80): Max retries exceeded with url: /rpc/Light.Set (Caused by NewConnectionError('<urllib3.connection.HTTPConnection object at 0x7ffeadf3f450>: Failed to establish a new connection: [Errno 113] No route to host'))"
2025-12-02 12:00:06,2025-12-02T11:59:57.969000,25.3,421.0,1.3578204999679908,47.60155394464394,13.150388486160985,28.14310055453256,39.24132980379183,11.366036283842764,1.6,-1434.5518030065714,True,"blue_error:RPC错误: HTTPConnectionPool(host='192.168.0.63', port=80): Max retries exceeded with url: /rpc/Light.Set (Caused by NewConnectionError('<urllib3.connection.HTTPConnection object at 0x7ffeadf2d590>: Failed to establish a new connection: [Errno 113] No route to host'))"
2025-12-02 12:15:06,2025-12-02T12:14:55.325000,25.12,421.0,0.9663029017159942,19.0,4.0,26.210700248540974,16.55682351251732,4.2284324487500395,1.6,-1383.5333646521942,True,"blue_error:RPC错误: HTTPConnectionPool(host='192.168.0.63', port=80): Max retries exceeded with url: /rpc/Light.Set (Caused by NewConnectionError('<urllib3.connection.HTTPConnection object at 0x7ffeadf19390>: Failed to establish a new connection: [Errno 113] No route to host'))"
2025-12-02 12:30:06,2025-12-02T12:29:58.227000,24.52,419.0,1.3801074489392495,49.963583300855376,13.740895825213844,28.2531015026482,41.01545936975264,11.769026868048563,1.6,-1376.783951272977,True,"blue_error:RPC错误: HTTPConnectionPool(host='192.168.0.63', port=80): Max retries exceeded with url: /rpc/Light.Set (Caused by NewConnectionError('<urllib3.connection.HTTPConnection object at 0x7ffeae4c4a10>: Failed to establish a new connection: [Errno 113] No route to host'))"
2025-12-02 12:45:06,2025-12-02T12:44:55.508000,24.87,417.0,1.423625239491077,54.57571297968381,14.893928244920952,28.46789080497811,44.4796481630618,12.531437685708681,1.6,-1416.5181017971117,True,"blue_error:RPC错误: HTTPConnectionPool(host='192.168.0.63', port=80): Max retries exceeded with url: /rpc/Light.Set (Caused by NewConnectionError('<urllib3.connection.HTTPConnection object at 0x7ffeadf1a8d0>: Failed to establish a new connection: [Errno 113] No route to host'))"
2025-12-02 13:00:06,2025-12-02T12:59:58.495000,25.06,416.0,1.0196693458999277,19.15849165451938,4.05283055150646,26.474099220978324,16.683803466485664,5.100632807151556,1.6,-1469.4686723375871,True,"blue_error:RPC错误: HTTPConnectionPool(host='192.168.0.63', port=80): Max retries exceeded with url: /rpc/Light.Set (Caused by NewConnectionError('<urllib3.connection.HTTPConnection object at 0x7ffeadefe350>: Failed to establish a new connection: [Errno 113] No route to host'))"
2025-12-02 13:15:06,2025-12-02T13:14:55.804000,24.52,417.0,1.278356707304147,37.50068616827171,10.150205850481514,27.750893772654955,31.36912929280597,9.881451457865625,1.6,-1395.3781721516252,True,"blue_error:RPC错误: HTTPConnectionPool(host='192.168.0.63', port=80): Max retries exceeded with url: /rpc/Light.Set (Caused by NewConnectionError('<urllib3.connection.HTTPConnection object at 0x7ffeb12abb10>: Failed to establish a new connection: [Errno 113] No route to host'))"
2025-12-02 13:30:06,2025-12-02T13:29:58.651000,24.5,417.0,1.4821481079276206,63.236330256415286,17.470899076924585,28.75674016801873,51.23212556521379,13.492862359058284,1.6,-1402.824875994474,True,"blue_error:RPC错误: HTTPConnectionPool(host='192.168.0.63', port=80): Max retries exceeded with url: /rpc/Light.Set (Caused by NewConnectionError('<urllib3.connection.HTTPConnection object at 0x7ffeadf33950>: Failed to establish a new connection: [Errno 113] No route to host'))"
2025-12-02 13:45:06,2025-12-02T13:44:55.941000,25.02,417.0,1.3744218027940487,49.36100359731167,13.590250899327918,28.2250390492622,40.56285937767655,11.666943202287298,1.6,-1442.043297642378,True,"blue_error:RPC错误: HTTPConnectionPool(host='192.168.0.63', port=80): Max retries exceeded with url: /rpc/Light.Set (Caused by NewConnectionError('<urllib3.connection.HTTPConnection object at 0x7ffeadf39ed0>: Failed to establish a new connection: [Errno 113] No route to host'))"
2025-12-02 14:00:06,2025-12-02T13:59:58.847000,25.02,413.0,1.1519733783820427,28.24266233827596,7.080887446091986,27.12710780601721,23.96183699299504,7.476287406811965,1.6,-1627.3772768231424,True,"blue_error:RPC错误: HTTPConnectionPool(host='192.168.0.63', port=80): Max retries exceeded with url: /rpc/Light.Set (Caused by NewConnectionError('<urllib3.connection.HTTPConnection object at 0x7ffeadf4f790>: Failed to establish a new connection: [Errno 113] No route to host'))"
2025-12-02 14:15:06,2025-12-02T14:14:56.165000,24.52,411.0,1.2329704989926973,34.05616320916609,9.018721069722028,27.52688258332294,28.619483322823022,9.015538363322504,1.6,-1440.044978169626,True,"blue_error:RPC错误: HTTPConnectionPool(host='192.168.0.63', port=80): Max retries exceeded with url: /rpc/Light.Set (Caused by NewConnectionError('<urllib3.connection.HTTPConnection object at 0x7ffeadf2ddd0>: Failed to establish a new connection: [Errno 113] No route to host'))"
2025-12-02 14:30:06,2025-12-02T14:29:58.989000,24.5,411.0,1.476609575649839,62.398542341966625,17.219562702589986,28.729403819624398,50.57768912591885,13.405480442951102,1.6,-1617.2601507905456,True,"blue_error:RPC错误: HTTPConnectionPool(host='192.168.0.63', port=80): Max retries exceeded with url: /rpc/Light.Set (Caused by NewConnectionError('<urllib3.connection.HTTPConnection object at 0x7ffeadf390d0>: Failed to establish a new connection: [Errno 113] No route to host'))"
2025-12-02 14:45:06,2025-12-02T14:44:56.290000,25.0,414.0,1.6189054683887842,85.9036472520392,25.27109417561176,29.431728894915395,69.53954037041662,15.356617304158561,1.6,-1479.7328867767014,True,"blue_error:RPC错误: HTTPConnectionPool(host='192.168.0.63', port=80): Max retries exceeded with url: /rpc/Light.Set (Caused by NewConnectionError('<urllib3.connection.HTTPConnection object at 0x7ffeadf211d0>: Failed to establish a new connection: [Errno 113] No route to host'))"
2025-12-02 15:00:06,2025-12-02T14:59:59.205000,25.74,412.0,1.7805914612980343,95.0,28.0,30.229757038649787,76.64513905509547,16.680554653460728,1.6,-1471.9776040175645,True,"blue_error:RPC错误: HTTPConnectionPool(host='192.168.0.63', port=80): Max retries exceeded with url: /rpc/Light.Set (Caused by NewConnectionError('<urllib3.connection.HTTPConnection object at 0x7ffeadf1a790>: Failed to establish a new connection: [Errno 113] No route to host'))"
2025-12-02 15:15:06,2025-12-02T15:14:56.479000,26.25,409.0,0.8780686733783715,19.0,4.0,25.775205520845972,16.55682351251732,2.9303345577890525,1.6,-1434.2142719624444,True,"blue_error:RPC错误: HTTPConnectionPool(host='192.168.0.63', port=80): Max retries exceeded with url: /rpc/Light.Set (Caused by NewConnectionError('<urllib3.connection.HTTPConnection object at 0x7ffeadf192d0>: Failed to establish a new connection: [Errno 113] No route to host'))"
2025-12-02 15:30:06,2025-12-02T15:29:59.456000,25.25,409.0,1.285460189521861,38.41517588002021,10.424552764006062,27.78595419209051,32.08348119548577,10.016295144764356,1.6,-1474.4819932243456,True,"blue_error:RPC错误: HTTPConnectionPool(host='192.168.0.63', port=80): Max retries exceeded with url: /rpc/Light.Set (Caused by NewConnectionError('<urllib3.connection.HTTPConnection object at 0x7ffeadf1add0>: Failed to establish a new connection: [Errno 113] No route to host'))"
2025-12-02 15:45:06,2025-12-02T15:44:56.688000,25.25,410.0,1.4696510476804872,61.34595831018935,16.903787493056804,28.69505884602101,49.7554651072442,13.29456312551724,1.6,-1407.7733827515005,True,"blue_error:RPC错误: HTTPConnectionPool(host='192.168.0.63', port=80): Max retries exceeded with url: /rpc/Light.Set (Caused by NewConnectionError('<urllib3.connection.HTTPConnection object at 0x7ffeadf2cbd0>: Failed to establish a new connection: [Errno 113] No route to host'))"
2025-12-02 16:00:06,2025-12-02T15:59:59.653000,25.49,412.0,1.2727294026634284,36.90982540570876,9.96994180190292,27.723119273479995,30.905773383060126,9.774445923784903,1.6,-1426.6848288734661,True,"blue_error:RPC错误: HTTPConnectionPool(host='192.168.0.63', port=80): Max retries exceeded with url: /rpc/Light.Set (Caused by NewConnectionError('<urllib3.connection.HTTPConnection object at 0x7ffeadf4d1d0>: Failed to establish a new connection: [Errno 113] No route to host'))"
2025-12-02 16:15:06,2025-12-02T16:14:56.931000,25.25,410.0,1.099554729699916,24.637007066037476,5.879002355345826,26.868386836116365,21.073066969848018,6.505876205079314,1.6,-1520.8497881705168,True,"blue_error:RPC错误: HTTPConnectionPool(host='192.168.0.63', port=80): Max retries exceeded with url: /rpc/Light.Set (Caused by NewConnectionError('<urllib3.connection.HTTPConnection object at 0x7ffeadefd490>: Failed to establish a new connection: [Errno 113] No route to host'))"
2025-12-02 16:30:06,2025-12-02T16:29:59.855000,24.94,409.0,1.2829789191943464,38.09574153542223,10.328722460626668,27.77370746918062,31.833955663472356,9.96922539512985,1.6,-1340.0885825638547,True,"blue_error:RPC错误: HTTPConnectionPool(host='192.168.0.63', port=80): Max retries exceeded with url: /rpc/Light.Set (Caused by NewConnectionError('<urllib3.connection.HTTPConnection object at 0x7ffeadf33190>: Failed to establish a new connection: [Errno 113] No route to host'))"
2025-12-02 16:45:06,2025-12-02T16:44:57.185000,25.02,410.0,1.2788029878960598,37.558139540765495,10.16744186222965,27.753096464835895,31.414008885686066,9.88993105104416,1.6,-1469.6126875478888,True,"blue_error:RPC错误: HTTPConnectionPool(host='192.168.0.63', port=80): Max retries exceeded with url: /rpc/Light.Set (Caused by NewConnectionError('<urllib3.connection.HTTPConnection object at 0x7ffeadf39050>: Failed to establish a new connection: [Errno 113] No route to host'))"
2025-12-02 17:00:06,2025-12-02T16:59:59.981000,25.0,409.0,1.332850284622333,44.51609273740231,12.254827821220694,28.01985589837902,36.849200819416104,10.9063744039726,1.6,-1547.5763951327754,True,"blue_error:RPC错误: HTTPConnectionPool(host='192.168.0.63', port=80): Max retries exceeded with url: /rpc/Light.Set (Caused by NewConnectionError('<urllib3.connection.HTTPConnection object at 0x7ffeadf3d150>: Failed to establish a new connection: [Errno 113] No route to host'))"
2025-12-02 17:15:06,2025-12-02T17:14:57.313000,25.12,410.0,1.3248184022462495,43.482082434598134,11.94462473037944,27.980213205354424,36.04148563387684,10.756958201079938,1.6,-1476.1681221259669,True,"blue_error:RPC错误: HTTPConnectionPool(host='192.168.0.63', port=80): Max retries exceeded with url: /rpc/Light.Set (Caused by NewConnectionError('<urllib3.connection.HTTPConnection object at 0x7ffeadf14350>: Failed to establish a new connection: [Errno 113] No route to host'))"
2025-12-02 17:30:06,2025-12-02T17:30:00.192000,25.25,411.0,1.2968958220118807,39.887378940285714,10.866213682085714,27.842396660632367,33.23348982184955,10.232735831545234,1.6,-1448.3637650332225,True,"blue_error:RPC错误: HTTPConnectionPool(host='192.168.0.63', port=80): Max retries exceeded with url: /rpc/Light.Set (Caused by NewConnectionError('<urllib3.connection.HTTPConnection object at 0x7ffeadf165d0>: Failed to establish a new connection: [Errno 113] No route to host'))"
2025-12-02 17:45:06,2025-12-02T17:44:57.559000,25.25,410.0,0.9656754354084226,19.0,4.0,26.20760328408736,16.55682351251732,4.218543535137402,1.6,-1474.5973129230788,True,"blue_error:RPC错误: HTTPConnectionPool(host='192.168.0.63', port=80): Max retries exceeded with url: /rpc/Light.Set (Caused by NewConnectionError('<urllib3.connection.HTTPConnection object at 0x7ffeadf33c10>: Failed to establish a new connection: [Errno 113] No route to host'))"
2025-12-02 18:00:06,2025-12-02T18:00:00.385000,24.77,413.0,1.0545421857364756,21.55006044219989,4.850020147399963,26.64621992940065,18.599874665898028,5.701020571965229,1.6,-1489.9417862998994,True,"blue_error:RPC错误: HTTPConnectionPool(host='192.168.0.63', port=80): Max retries exceeded with url: /rpc/Light.Set (Caused by NewConnectionError('<urllib3.connection.HTTPConnection object at 0x7ffeadefc890>: Failed to establish a new connection: [Errno 113] No route to host'))"
2025-12-02 18:15:06,2025-12-02T18:14:57.701000,24.73,411.0,1.449401936632348,58.28296983894501,15.984890951683502,28.59511598633812,47.362817476319876,12.964907221578587,1.6,-1452.4891101192436,True,"blue_error:RPC错误: HTTPConnectionPool(host='192.168.0.63', port=80): Max retries exceeded with url: /rpc/Light.Set (Caused by NewConnectionError('<urllib3.connection.HTTPConnection object at 0x7ffeadf29790>: Failed to establish a new connection: [Errno 113] No route to host'))"
2025-12-02 18:30:06,2025-12-02T18:30:00.531000,25.06,410.0,1.421300570017351,54.32933840649702,14.832334601624256,28.456417011660996,44.29459524937036,12.491636253859681,1.6,-1436.6818924015452,True,"blue_error:RPC错误: HTTPConnectionPool(host='192.168.0.63', port=80): Max retries exceeded with url: /rpc/Light.Set (Caused by NewConnectionError('<urllib3.connection.HTTPConnection object at 0x7ffeadf2f490>: Failed to establish a new connection: [Errno 113] No route to host'))"
2025-12-02 18:45:06,2025-12-02T18:44:57.841000,25.25,412.0,1.2435940327293507,34.818658494978024,9.272886164992673,27.579316803227936,29.230377420604302,9.218612565810645,1.6,-1392.02078191424,True,"red_retry:1|blue_error:RPC错误: HTTPConnectionPool(host='192.168.0.63', port=80): Max retries exceeded with url: /rpc/Light.Set (Caused by NewConnectionError('<urllib3.connection.HTTPConnection object at 0x7ffeadeff490>: Failed to establish a new connection: [Errno 113] No route to host'))"
2025-12-02 19:00:06,2025-12-02T19:00:00.771000,25.21,410.0,1.1704149654027345,29.566291887043953,7.522097295681317,27.218129329853845,25.02229925949973,7.823860749273445,1.6,-1488.317203673317,True,"blue_error:RPC错误: HTTPConnectionPool(host='192.168.0.63', port=80): Max retries exceeded with url: /rpc/Light.Set (Caused by NewConnectionError('<urllib3.connection.HTTPConnection object at 0x7ffeadf26c10>: Failed to establish a new connection: [Errno 113] No route to host'))"
2025-12-02 19:15:06,2025-12-02T19:14:57.997000,25.12,411.0,1.3270887638202034,43.77436476004023,12.032309428012068,27.991418952988266,36.26980141765972,10.799263128237765,1.6,-1498.1284586125291,True,"blue_error:RPC错误: HTTPConnectionPool(host='192.168.0.63', port=80): Max retries exceeded with url: /rpc/Light.Set (Caused by NewConnectionError('<urllib3.connection.HTTPConnection object at 0x7ffeaf3a8290>: Failed to establish a new connection: [Errno 113] No route to host'))"
2025-12-02 19:30:06,2025-12-02T19:29:55.326000,25.25,410.0,1.4184000386751288,54.02193248082385,14.755483120205962,28.44210095619306,44.06370144610151,12.44181874457991,1.6,-1375.1052996937758,True,"blue_error:RPC错误: HTTPConnectionPool(host='192.168.0.63', port=80): Max retries exceeded with url: /rpc/Light.Set (Caused by NewConnectionError('<urllib3.connection.HTTPConnection object at 0x7ffeb1277cd0>: Failed to establish a new connection: [Errno 113] No route to host'))"
2025-12-02 19:45:06,2025-12-02T19:44:58.150000,25.25,410.0,1.1629717718166328,29.032062866693888,7.34402095556463,27.181392208387138,24.594286966875764,7.683274301161252,1.6,-1599.128128959043,True,"blue_error:RPC错误: HTTPConnectionPool(host='192.168.0.63', port=80): Max retries exceeded with url: /rpc/Light.Set (Caused by NewConnectionError('<urllib3.connection.HTTPConnection object at 0x7ffeb12adbd0>: Failed to establish a new connection: [Errno 113] No route to host'))"
2025-12-02 20:00:06,2025-12-02T19:59:55.473000,25.25,407.0,1.038189636038071,20.428607539568418,4.476202513189472,26.56550919715765,17.701391787505226,5.416734017065515,1.6,-1644.1322023286446,True,"blue_error:RPC错误: HTTPConnectionPool(host='192.168.0.63', port=80): Max retries exceeded with url: /rpc/Light.Set (Caused by NewConnectionError('<urllib3.connection.HTTPConnection object at 0x7ffeadf16350>: Failed to establish a new connection: [Errno 113] No route to host'))"
2025-12-02 20:15:06,2025-12-02T20:14:58.368000,24.87,409.0,1.0983651927776394,24.555428984400187,5.85180966146673,26.86251567854169,21.007708443037625,6.484227519852207,1.6,-1435.2023330810637,True,"blue_error:RPC错误: HTTPConnectionPool(host='192.168.0.63', port=80): Max retries exceeded with url: /rpc/Light.Set (Caused by NewConnectionError('<urllib3.connection.HTTPConnection object at 0x7ffeadf27fd0>: Failed to establish a new connection: [Errno 113] No route to host'))"
2025-12-02 20:30:06,2025-12-02T20:29:55.620000,24.74,410.0,1.3290273077911727,44.02392947532913,12.107178842598739,28.00098695958466,36.46474842134717,10.835342247438781,1.6,-1435.002376770669,True,"blue_error:RPC错误: HTTPConnectionPool(host='192.168.0.63', port=80): Max retries exceeded with url: /rpc/Light.Set (Caused by NewConnectionError('<urllib3.connection.HTTPConnection object at 0x7ffeadf233d0>: Failed to establish a new connection: [Errno 113] No route to host'))"
2025-12-02 20:45:06,2025-12-02T20:44:58.531000,25.0,409.0,1.508771328162068,67.24004237179253,18.672012711537757,28.88814350507745,54.359617685309395,13.901247602126931,1.6,-1421.8218763423467,True,"blue_error:RPC错误: HTTPConnectionPool(host='192.168.0.63', port=80): Max retries exceeded with url: /rpc/Light.Set (Caused by NewConnectionError('<urllib3.connection.HTTPConnection object at 0x7ffeadf26e10>: Failed to establish a new connection: [Errno 113] No route to host'))"
2025-12-02 21:00:06,2025-12-02T20:59:55.867000,25.44,409.0,1.3933343314859064,51.36540303430808,14.09135075857702,28.31838498414326,42.06837170072163,12.004432712853669,1.6,-1570.8616524213446,True,"blue_error:RPC错误: HTTPConnectionPool(host='192.168.0.63', port=80): Max retries exceeded with url: /rpc/Light.Set (Caused by NewConnectionError('<urllib3.connection.HTTPConnection object at 0x7ffeae4d0490>: Failed to establish a new connection: [Errno 113] No route to host'))"
2025-12-02 21:15:06,2025-12-02T21:14:58.654000,25.62,411.0,1.1924851884551515,31.15036376476806,8.050121254922686,27.327060591105457,26.291422070577198,8.242685555855756,1.6,-1666.9176839370998,True,"blue_error:RPC错误: HTTPConnectionPool(host='192.168.0.63', port=80): Max retries exceeded with url: /rpc/Light.Set (Caused by NewConnectionError('<urllib3.connection.HTTPConnection object at 0x7ffeadf14a10>: Failed to establish a new connection: [Errno 113] No route to host'))"
2025-12-02 21:30:06,2025-12-02T21:29:55.942000,25.25,409.0,1.1410539472255123,27.483010827490965,6.827670275830322,27.07321313512032,23.353221263895772,7.271787132499019,1.6,-1498.0542983236132,True,"blue_error:RPC错误: HTTPConnectionPool(host='192.168.0.63', port=80): Max retries exceeded with url: /rpc/Light.Set (Caused by NewConnectionError('<urllib3.connection.HTTPConnection object at 0x7ffeadf16590>: Failed to establish a new connection: [Errno 113] No route to host'))"
2025-12-02 21:45:06,2025-12-02T21:44:58.883000,25.0,410.0,1.0412162999137717,20.636175230925176,4.5453917436417255,26.580447800749543,17.867690359967753,5.468995890429021,1.6,-1520.7872357797737,True,"blue_error:RPC错误: HTTPConnectionPool(host='192.168.0.63', port=80): Max retries exceeded with url: /rpc/Light.Set (Caused by NewConnectionError('<urllib3.connection.HTTPConnection object at 0x7ffeadefcf90>: Failed to establish a new connection: [Errno 113] No route to host'))"
2025-12-02 22:00:06,2025-12-02T21:59:56.119000,24.74,411.0,1.4309114457854482,55.48599963333648,15.145799890000944,28.503853089523233,45.17796950870855,12.655448954707193,1.6,-1430.1286398047002,True,"blue_error:RPC错误: HTTPConnectionPool(host='192.168.0.63', port=80): Max retries exceeded with url: /rpc/Light.Set (Caused by NewConnectionError('<urllib3.connection.HTTPConnection object at 0x7ffeadefe350>: Failed to establish a new connection: [Errno 113] No route to host'))"
2025-12-02 22:15:06,2025-12-02T22:14:59.029000,25.25,413.0,1.6987686221399667,95.0,28.0,29.82590678994556,76.64513905509547,16.140164823766895,1.6,-1531.589425437846,True,"blue_error:RPC错误: HTTPConnectionPool(host='192.168.0.63', port=80): Max retries exceeded with url: /rpc/Light.Set (Caused by NewConnectionError('<urllib3.connection.HTTPConnection object at 0x7ffeadf15990>: Failed to establish a new connection: [Errno 113] No route to host'))"
2025-12-02 22:30:06,2025-12-02T22:29:56.275000,25.99,411.0,1.2027947711722211,31.890325477633123,8.296775159211041,27.37794525347072,26.8842627758047,8.43910829440547,1.6,-1329.897466843956,True,"blue_error:RPC错误: HTTPConnectionPool(host='192.168.0.63', port=80): Max retries exceeded with url: /rpc/Light.Set (Caused by NewConnectionError('<urllib3.connection.HTTPConnection object at 0x7ffeadee6110>: Failed to establish a new connection: [Errno 113] No route to host'))"
2025-12-02 22:45:06,2025-12-02T22:44:59.216000,25.62,411.0,1.3969390581308845,51.74744142671147,14.186860356677867,28.3361767127983,42.35532224412305,12.068059579152534,1.6,-1534.2958593529684,True,"blue_error:RPC错误: HTTPConnectionPool(host='192.168.0.63', port=80): Max retries exceeded with url: /rpc/Light.Set (Caused by NewConnectionError('<urllib3.connection.HTTPConnection object at 0x7ffeae4c4f90>: Failed to establish a new connection: [Errno 113] No route to host'))"
2025-12-02 23:00:06,2025-12-02T22:59:56.462000,25.55,411.0,1.5546720120254927,74.11126788884151,20.733380366652455,29.11469397417237,59.7270624567339,14.556333384907592,1.6,-1611.086045570327,True,"blue_error:RPC错误: HTTPConnectionPool(host='192.168.0.63', port=80): Max retries exceeded with url: /rpc/Light.Set (Caused by NewConnectionError('<urllib3.connection.HTTPConnection object at 0x7ffeadf3cf90>: Failed to establish a new connection: [Errno 113] No route to host'))"
2025-12-02 23:15:06,2025-12-02T23:14:59.343000,26.05,406.0,1.0339858478203379,20.14031301756586,4.38010433918862,26.54476070034795,17.470416691408076,5.344422604124248,1.6,-1683.3182960576157,True,"blue_error:RPC错误: HTTPConnectionPool(host='192.168.0.63', port=80): Max retries exceeded with url: /rpc/Light.Set (Caused by NewConnectionError('<urllib3.connection.HTTPConnection object at 0x7ffeae4c4210>: Failed to establish a new connection: [Errno 113] No route to host'))"
2025-12-02 23:30:06,2025-12-02T23:29:56.598000,25.47,407.0,1.336399630375138,44.97302921938355,12.391908765815064,28.037374285418103,37.20613588507475,10.972176523771799,1.6,-1436.5951208346037,True,"blue_error:RPC错误: HTTPConnectionPool(host='192.168.0.63', port=80): Max retries exceeded with url: /rpc/Light.Set (Caused by NewConnectionError('<urllib3.connection.HTTPConnection object at 0x7ffeadee78d0>: Failed to establish a new connection: [Errno 113] No route to host'))"
2025-12-02 23:45:06,2025-12-02T23:44:59.490000,25.48,409.0,1.1228924192943235,26.237498745870983,6.412499581956994,26.98357388955845,22.35534495759611,6.934205197173656,1.6,-1492.6239321232663,True,"blue_error:RPC错误: HTTPConnectionPool(host='192.168.0.63', port=80): Max retries exceeded with url: /rpc/Light.Set (Caused by NewConnectionError('<urllib3.connection.HTTPConnection object at 0x7ffeadf24850>: Failed to establish a new connection: [Errno 113] No route to host'))"
2025-12-03 00:00:06,2025-12-02T23:59:56.765000,25.12,410.0,1.2310052089454078,33.91510615287406,8.971702050958019,27.517182567012817,28.506471577383255,8.977966168174817,1.6,-1446.7977270423223,True,"blue_error:RPC错误: HTTPConnectionPool(host='192.168.0.63', port=80): Max retries exceeded with url: /rpc/Light.Set (Caused by NewConnectionError('<urllib3.connection.HTTPConnection object at 0x7ffeae4c4710>: Failed to establish a new connection: [Errno 113] No route to host'))"
2025-12-03 00:15:06,2025-12-03T00:14:59.623000,25.12,411.0,1.0955172857272162,24.360120381948217,5.78670679398274,26.848459359029505,20.851231577273442,6.432474692240301,1.6,-1513.1610670354103,True,"blue_error:RPC错误: HTTPConnectionPool(host='192.168.0.63', port=80): Max retries exceeded with url: /rpc/Light.Set (Caused by NewConnectionError('<urllib3.connection.HTTPConnection object at 0x7ffeadefcf90>: Failed to establish a new connection: [Errno 113] No route to host'))"
2025-12-03 00:30:06,2025-12-03T00:29:56.921000,24.8,413.0,1.0122325462142643,19.0,4.0,26.43739365767201,16.55682351251732,4.975552991511293,1.6,-1480.4066265115966,True,"blue_error:RPC错误: HTTPConnectionPool(host='192.168.0.63', port=80): Max retries exceeded with url: /rpc/Light.Set (Caused by NewConnectionError('<urllib3.connection.HTTPConnection object at 0x7ffeadf246d0>: Failed to establish a new connection: [Errno 113] No route to host'))"
2025-12-03 00:45:06,2025-12-03T00:44:59.780000,24.62,412.0,1.0775272433648662,23.12636872867003,5.37545624289001,26.7596665090503,19.862777462028678,6.108182513252861,1.6,-1454.9563005624482,True,"blue_error:RPC错误: HTTPConnectionPool(host='192.168.0.63', port=80): Max retries exceeded with url: /rpc/Light.Set (Caused by NewConnectionError('<urllib3.connection.HTTPConnection object at 0x7ffeadf26e10>: Failed to establish a new connection: [Errno 113] No route to host'))"
2025-12-03 09:00:06,2025-12-03T03:19:02.002000,22.74,465.0,1.2022169167629797,31.848850458693615,8.282950152897872,27.375093156803235,26.851033922135745,8.428088748138459,1.6,-1379.7984021939947,True,"red_error:RPC错误: HTTPConnectionPool(host='192.168.0.46', port=80): Max retries exceeded with url: /rpc/Light.Set (Caused by ConnectTimeoutError(<urllib3.connection.HTTPConnection object at 0x7ffeadf3c710>, 'Connection to 192.168.0.46 timed out. (connect timeout=5)'))|blue_error:RPC错误: HTTPConnectionPool(host='192.168.0.63', port=80): Max retries exceeded with url: /rpc/Light.Set (Caused by NewConnectionError('<urllib3.connection.HTTPConnection object at 0x7ffeadf19910>: Failed to establish a new connection: [Errno 113] No route to host'))"
2025-12-03 09:15:06,2025-12-03T03:19:02.002000,22.74,463.0,1.3478781623764375,46.45075508670368,12.835226526011102,28.094028491641982,38.36045864168726,11.183957775022954,1.6,-1485.6860714324453,True,"blue_error:RPC错误: HTTPConnectionPool(host='192.168.0.63', port=80): Max retries exceeded with url: /rpc/Light.Set (Caused by NewConnectionError('<urllib3.connection.HTTPConnection object at 0x7ffeadf14f10>: Failed to establish a new connection: [Errno 113] No route to host'))"
2025-12-03 09:30:06,2025-12-03T03:19:02.002000,22.74,460.0,1.281150129885894,37.860306440875945,10.258091932262783,27.764681174998636,31.65004598621074,9.934511093036624,1.6,-1677.5452072118085,True,"blue_error:RPC错误: HTTPConnectionPool(host='192.168.0.63', port=80): Max retries exceeded with url: /rpc/Light.Set (Caused by NewConnectionError('<urllib3.connection.HTTPConnection object at 0x7ffeadf26550>: Failed to establish a new connection: [Errno 113] No route to host'))"
2025-12-03 09:45:06,2025-12-03T09:45:00.851000,23.0,458.0,1.4884515034904897,64.1898154683271,17.756944640498126,28.787851626530067,51.9769387288348,13.591318474646275,1.6,-1520.052820960709,True,"blue_error:RPC错误: HTTPConnectionPool(host='192.168.0.63', port=80): Max retries exceeded with url: /rpc/Light.Set (Caused by NewConnectionError('<urllib3.connection.HTTPConnection object at 0x7ffeadee6110>: Failed to establish a new connection: [Errno 113] No route to host'))"
2025-12-03 10:00:06,2025-12-03T09:59:58.199000,23.62,453.0,1.327820328759317,43.868545133804965,12.060563540141489,27.995029713573505,36.343370237876734,10.812883302309569,1.6,-1596.3505043804525,True,"blue_error:RPC错误: HTTPConnectionPool(host='192.168.0.63', port=80): Max retries exceeded with url: /rpc/Light.Set (Caused by NewConnectionError('<urllib3.connection.HTTPConnection object at 0x7ffeadf17fd0>: Failed to establish a new connection: [Errno 113] No route to host'))"
2025-12-03 10:15:06,2025-12-03T10:14:55.463000,23.94,452.0,1.1960564326135703,31.40668683981819,8.135562279939396,27.344687061372213,26.496782361436612,8.310681057477616,1.6,-1468.045813597549,True,"blue_error:RPC错误: HTTPConnectionPool(host='192.168.0.63', port=80): Max retries exceeded with url: /rpc/Light.Set (Caused by NewConnectionError('<urllib3.connection.HTTPConnection object at 0x7ffeadf3f650>: Failed to establish a new connection: [Errno 113] No route to host'))"
2025-12-03 10:30:06,2025-12-03T10:29:58.368000,23.77,449.0,1.3063726848542223,41.10741346748725,11.232224040246175,27.88917129538223,34.18651747721279,10.411402218934153,1.6,-1409.5124858178533,True,"blue_error:RPC错误: HTTPConnectionPool(host='192.168.0.63', port=80): Max retries exceeded with url: /rpc/Light.Set (Caused by NewConnectionError('<urllib3.connection.HTTPConnection object at 0x7ffeadf3a310>: Failed to establish a new connection: [Errno 113] No route to host'))"
2025-12-03 10:45:06,2025-12-03T10:44:55.662000,23.97,448.0,1.22028878735224,33.1459439185253,8.715314639508431,27.464289883623287,27.89023607017015,8.773122510392458,1.6,-1526.8474830295602,True,"blue_error:RPC错误: HTTPConnectionPool(host='192.168.0.63', port=80): Max retries exceeded with url: /rpc/Light.Set (Caused by NewConnectionError('<urllib3.connection.HTTPConnection object at 0x7ffeb1289f50>: Failed to establish a new connection: [Errno 113] No route to host'))"
2025-12-03 11:00:06,2025-12-03T10:59:58.596000,23.99,447.0,1.420228948436863,54.21576513834235,14.803941284585587,28.45112784489228,44.20928991969436,12.473250958416635,1.6,-1439.7049549309615,True,"blue_error:RPC错误: HTTPConnectionPool(host='192.168.0.63', port=80): Max retries exceeded with url: /rpc/Light.Set (Caused by NewConnectionError('<urllib3.connection.HTTPConnection object at 0x7ffeadf27f10>: Failed to establish a new connection: [Errno 113] No route to host'))"
2025-12-03 11:15:06,2025-12-03T11:14:55.843000,24.42,444.0,1.2870352187003178,38.61794234515061,10.485382703545183,27.793728010891975,32.24187183488249,10.046154843353774,1.6,-1344.7016726502202,True,"blue_error:RPC错误: HTTPConnectionPool(host='192.168.0.63', port=80): Max retries exceeded with url: /rpc/Light.Set (Caused by NewConnectionError('<urllib3.connection.HTTPConnection object at 0x7ffeadf4c6d0>: Failed to establish a new connection: [Errno 113] No route to host'))"
2025-12-03 11:30:06,2025-12-03T11:29:58.770000,24.56,441.0,1.7505374863943512,95.0,28.0,30.081420640594033,76.64513905509547,16.513687389304803,1.6,-1447.7294323747,True,"blue_error:RPC错误: HTTPConnectionPool(host='192.168.0.63', port=80): Max retries exceeded with url: /rpc/Light.Set (Caused by NewConnectionError('<urllib3.connection.HTTPConnection object at 0x7ffeadf32c90>: Failed to establish a new connection: [Errno 113] No route to host'))"
2025-12-03 11:45:06,2025-12-03T11:44:56.009000,25.49,440.0,1.390104330353102,51.0230790353561,14.005769758839024,28.30244277565697,41.811250794886334,11.947223940100994,1.6,-1311.0836992777827,True,"blue_error:RPC错误: HTTPConnectionPool(host='192.168.0.63', port=80): Max retries exceeded with url: /rpc/Light.Set (Caused by NewConnectionError('<urllib3.connection.HTTPConnection object at 0x7ffeadf4c6d0>: Failed to establish a new connection: [Errno 113] No route to host'))"
2025-12-03 12:00:06,2025-12-03T11:59:58.897000,25.44,440.0,1.1996815486679573,31.666876525332572,8.222292175110857,27.362579425352855,26.70524049375811,8.379752931582821,1.6,-1545.3659540789297,True,"blue_error:RPC错误: HTTPConnectionPool(host='192.168.0.63', port=80): Max retries exceeded with url: /rpc/Light.Set (Caused by NewConnectionError('<urllib3.connection.HTTPConnection object at 0x7ffeadf4d590>: Failed to establish a new connection: [Errno 113] No route to host'))"
2025-12-03 12:15:06,2025-12-03T12:14:56.236000,25.25,438.0,1.315556240608757,42.289688160010314,11.586906448003095,27.9344982641555,35.110049109383084,10.58383670515678,1.6,-1569.9255113144368,True,"blue_error:RPC错误: HTTPConnectionPool(host='192.168.0.63', port=80): Max retries exceeded with url: /rpc/Light.Set (Caused by NewConnectionError('<urllib3.connection.HTTPConnection object at 0x7ffeadf31250>: Failed to establish a new connection: [Errno 113] No route to host'))"
2025-12-03 12:30:06,2025-12-03T12:29:59.123000,25.25,437.0,1.6265040880005013,87.35828895649554,25.707486686948663,29.46923314741478,70.67583097702057,15.441596415518616,1.6,-1499.2510236821165,True,"blue_error:RPC错误: HTTPConnectionPool(host='192.168.0.63', port=80): Max retries exceeded with url: /rpc/Light.Set (Caused by NewConnectionError('<urllib3.connection.HTTPConnection object at 0x7ffeadf18550>: Failed to establish a new connection: [Errno 113] No route to host'))"
2025-12-03 12:45:06,2025-12-03T12:44:56.384000,26.12,435.0,1.4095042507962832,53.07913352958291,14.519783382395728,28.398194313692528,43.35556143515929,12.287972311163921,1.6,-1630.8842225751457,True,"blue_error:RPC错误: HTTPConnectionPool(host='192.168.0.63', port=80): Max retries exceeded with url: /rpc/Light.Set (Caused by NewConnectionError('<urllib3.connection.HTTPConnection object at 0x7ffeadf17ed0>: Failed to establish a new connection: [Errno 113] No route to host'))"
2025-12-03 13:00:06,2025-12-03T12:59:59.256000,26.05,435.0,0.9818720239004491,19.0,4.0,26.287544243823902,16.55682351251732,4.476618144414691,1.6,-1349.517881315021,True,"blue_error:RPC错误: HTTPConnectionPool(host='192.168.0.63', port=80): Max retries exceeded with url: /rpc/Light.Set (Caused by NewConnectionError('<urllib3.connection.HTTPConnection object at 0x7ffeadefd5d0>: Failed to establish a new connection: [Errno 113] No route to host'))"
2025-12-03 13:15:06,2025-12-03T13:14:56.564000,25.44,435.0,1.7745450492084993,95.0,28.0,30.19991396486681,76.64513905509547,16.649950584900658,1.6,-1447.8265835482414,True,"blue_error:RPC错误: HTTPConnectionPool(host='192.168.0.63', port=80): Max retries exceeded with url: /rpc/Light.Set (Caused by NewConnectionError('<urllib3.connection.HTTPConnection object at 0x7ffeadf1b510>: Failed to establish a new connection: [Errno 113] No route to host'))"
2025-12-03 13:30:06,2025-12-03T13:29:59.464000,26.49,433.0,1.1891691695754536,30.912359271525915,7.970786423841972,27.310693827704757,26.100738216037392,8.179598015589269,1.6,-1504.1700013623497,True,"blue_error:RPC错误: HTTPConnectionPool(host='192.168.0.63', port=80): Max retries exceeded with url: /rpc/Light.Set (Caused by NewConnectionError('<urllib3.connection.HTTPConnection object at 0x7ffeb12b8410>: Failed to establish a new connection: [Errno 113] No route to host'))"
2025-12-03 13:45:06,2025-12-03T13:44:56.745000,26.0,431.0,1.3329723659274626,44.53180926826931,12.259542780480793,28.020458450990812,36.861477757673725,10.908640059978561,1.6,-1387.2844072072853,True,"blue_error:RPC错误: HTTPConnectionPool(host='192.168.0.63', port=80): Max retries exceeded with url: /rpc/Light.Set (Caused by NewConnectionError('<urllib3.connection.HTTPConnection object at 0x7ffeadf27650>: Failed to establish a new connection: [Errno 113] No route to host'))"
2025-12-03 14:00:06,2025-12-03T13:59:59.671000,26.25,430.0,0.8920473724705543,19.0,4.0,25.84419971810224,16.55682351251732,3.1230657893154845,1.6,-1493.8733157321728,True,"blue_error:RPC错误: HTTPConnectionPool(host='192.168.0.63', port=80): Max retries exceeded with url: /rpc/Light.Set (Caused by NewConnectionError('<urllib3.connection.HTTPConnection object at 0x7ffeadf1b9d0>: Failed to establish a new connection: [Errno 113] No route to host'))"
2025-12-03 14:15:06,2025-12-03T14:14:56.932000,25.62,430.0,1.6169976214473478,85.53841858307763,25.16152557492329,29.422312398620267,69.25424268884174,15.334947946709473,1.6,-1662.8438130379022,True,"blue_error:RPC错误: HTTPConnectionPool(host='192.168.0.63', port=80): Max retries exceeded with url: /rpc/Light.Set (Caused by NewConnectionError('<urllib3.connection.HTTPConnection object at 0x7ffeadf33ad0>: Failed to establish a new connection: [Errno 113] No route to host'))"
2025-12-03 14:30:06,2025-12-03T14:29:59.840000,26.74,429.0,1.4300406155300796,55.35427320711147,15.106281962133442,28.499554961777626,45.07507166087258,12.640687145058783,1.6,-1523.4790755603651,True,"blue_error:RPC错误: HTTPConnectionPool(host='192.168.0.63', port=80): Max retries exceeded with url: /rpc/Light.Set (Caused by NewConnectionError('<urllib3.connection.HTTPConnection object at 0x7ffeade91f10>: Failed to establish a new connection: [Errno 113] No route to host'))"
2025-12-03 14:45:06,2025-12-03T14:44:57.065000,26.74,429.0,1.1379068052935657,27.26718078754807,6.755726929182691,27.057679892018488,23.180303083313696,7.213050207093023,1.6,-1601.6311675241411,True,"blue_error:RPC错误: HTTPConnectionPool(host='192.168.0.63', port=80): Max retries exceeded with url: /rpc/Light.Set (Caused by NewConnectionError('<urllib3.connection.HTTPConnection object at 0x7ffeadee5dd0>: Failed to establish a new connection: [Errno 113] No route to host'))"
2025-12-03 15:00:06,2025-12-03T15:00:00.026000,26.37,428.0,1.2101752251167242,32.42005141246208,8.473350470820694,27.41437271298822,27.308667297445897,8.57993803967398,1.6,-1303.7753315180535,True,"blue_error:RPC错误: HTTPConnectionPool(host='192.168.0.63', port=80): Max retries exceeded with url: /rpc/Light.Set (Caused by NewConnectionError('<urllib3.connection.HTTPConnection object at 0x7ffeadefea90>: Failed to establish a new connection: [Errno 113] No route to host'))"
2025-12-03 15:15:06,2025-12-03T15:14:57.216000,26.05,427.0,1.2851260860573765,38.3721639921086,10.41164919763258,27.784305168802963,32.04988254087788,10.00995926237021,1.6,-1522.9459469163576,True,"blue_error:RPC错误: HTTPConnectionPool(host='192.168.0.63', port=80): Max retries exceeded with url: /rpc/Light.Set (Caused by NewConnectionError('<urllib3.connection.HTTPConnection object at 0x7ffeadf2b510>: Failed to establish a new connection: [Errno 113] No route to host'))"
2025-12-03 15:30:06,2025-12-03T15:30:00.161000,26.25,428.0,1.3407384348880849,45.53159922304786,12.559479766914361,28.058789177637227,37.642461783301165,11.05241637004866,1.6,-1609.5826231896895,True,"blue_error:RPC错误: HTTPConnectionPool(host='192.168.0.63', port=80): Max retries exceeded with url: /rpc/Light.Set (Caused by NewConnectionError('<urllib3.connection.HTTPConnection object at 0x7ffeae40e250>: Failed to establish a new connection: [Errno 113] No route to host'))"
2025-12-03 15:45:06,2025-12-03T15:44:57.428000,26.47,425.0,1.5070109432225687,66.9765168445453,18.592955053363593,28.87945483204988,54.153765219857576,13.874859489645166,1.6,-1386.7566746954367,True,"blue_error:RPC错误: HTTPConnectionPool(host='192.168.0.63', port=80): Max retries exceeded with url: /rpc/Light.Set (Caused by NewConnectionError('<urllib3.connection.HTTPConnection object at 0x7ffeadf29b50>: Failed to establish a new connection: [Errno 113] No route to host'))"
2025-12-03 16:00:06,2025-12-03T16:00:00.328000,26.97,425.0,1.4191968611504027,54.106381818448,14.776595454612,28.44603380621542,44.12713167668302,12.455521602059846,1.6,-1431.3265371061534,True,"blue_error:RPC错误: HTTPConnectionPool(host='192.168.0.63', port=80): Max retries exceeded with url: /rpc/Light.Set (Caused by NewConnectionError('<urllib3.connection.HTTPConnection object at 0x7ffeadf26850>: Failed to establish a new connection: [Errno 113] No route to host'))"
2025-12-03 16:15:06,2025-12-03T16:14:57.549000,27.09,425.0,1.436436279894497,56.32171548976709,15.396514646930125,28.53112182832462,45.83078736381534,12.748717361820798,1.6,-1559.805087425584,True,"blue_error:RPC错误: HTTPConnectionPool(host='192.168.0.63', port=80): Max retries exceeded with url: /rpc/Light.Set (Caused by NewConnectionError('<urllib3.connection.HTTPConnection object at 0x7ffeb12886d0>: Failed to establish a new connection: [Errno 113] No route to host'))"
2025-12-03 16:30:06,2025-12-03T16:30:00.517000,27.13,423.0,1.257655132645111,35.8278822302128,9.6092940767376,27.648717703471263,30.038944810682256,9.48716295796286,1.6,-1578.892584626803,True,"blue_error:RPC错误: HTTPConnectionPool(host='192.168.0.63', port=80): Max retries exceeded with url: /rpc/Light.Set (Caused by NewConnectionError('<urllib3.connection.HTTPConnection object at 0x7ffeadf16f50>: Failed to establish a new connection: [Errno 113] No route to host'))"
2025-12-03 16:45:06,2025-12-03T16:44:57.763000,26.97,422.0,1.89611899913647,95.0,28.0,30.79996244056829,76.64513905509547,16.980560548372768,1.6,-1557.329660733227,True,"blue_error:RPC错误: HTTPConnectionPool(host='192.168.0.63', port=80): Max retries exceeded with url: /rpc/Light.Set (Caused by NewConnectionError('<urllib3.connection.HTTPConnection object at 0x7ffeadf38e10>: Failed to establish a new connection: [Errno 113] No route to host'))"
2025-12-03 17:00:06,2025-12-03T17:00:00.681000,27.99,422.0,1.4807838197924341,63.02996076100399,17.408988228301197,28.750006496731245,51.07092042555152,13.471412969207236,1.6,-1399.3850702488817,True,"blue_error:RPC错误: HTTPConnectionPool(host='192.168.0.63', port=80): Max retries exceeded with url: /rpc/Light.Set (Caused by NewConnectionError('<urllib3.connection.HTTPConnection object at 0x7ffeadf28e10>: Failed to establish a new connection: [Errno 113] No route to host'))"
2025-12-03 17:15:06,2025-12-03T17:14:57.857000,27.76,422.0,0.988615416807563,19.0,4.0,26.32082738250096,16.55682351251732,4.585762347865933,1.6,-1483.808963142218,True,"blue_error:RPC错误: HTTPConnectionPool(host='192.168.0.63', port=80): Max retries exceeded with url: /rpc/Light.Set (Caused by NewConnectionError('<urllib3.connection.HTTPConnection object at 0x7ffeadf39c90>: Failed to establish a new connection: [Errno 113] No route to host'))"
2025-12-03 17:30:06,2025-12-03T17:30:00.826000,27.0,422.0,0.901081005911201,19.0,4.0,25.888786720328604,16.55682351251732,3.2502837540347116,1.6,-1395.9632890704602,True,"blue_error:RPC错误: HTTPConnectionPool(host='192.168.0.63', port=80): Max retries exceeded with url: /rpc/Light.Set (Caused by NewConnectionError('<urllib3.connection.HTTPConnection object at 0x7ffeae4c7cd0>: Failed to establish a new connection: [Errno 113] No route to host'))"
2025-12-03 17:45:06,2025-12-03T17:44:58.071000,26.62,422.0,1.528126930262515,70.13753094617113,19.54125928385134,28.983676302552066,56.62298538590698,14.185375130830078,1.6,-1432.4695545439588,True,"blue_error:RPC错误: HTTPConnectionPool(host='192.168.0.63', port=80): Max retries exceeded with url: /rpc/Light.Set (Caused by NewConnectionError('<urllib3.connection.HTTPConnection object at 0x7ffeadf2a9d0>: Failed to establish a new connection: [Errno 113] No route to host'))"
2025-12-03 18:00:06,2025-12-03T17:59:55.305000,27.36,422.0,1.546812370516447,72.93469785227076,20.380409355681227,29.07590140463048,58.807987005733615,14.448825172275429,1.6,-1507.486609518427,True,"blue_error:RPC错误: HTTPConnectionPool(host='192.168.0.63', port=80): Max retries exceeded with url: /rpc/Light.Set (Caused by NewConnectionError('<urllib3.connection.HTTPConnection object at 0x7ffeadf3b850>: Failed to establish a new connection: [Errno 113] No route to host'))"
2025-12-03 18:15:06,2025-12-03T18:14:58.127000,27.76,422.0,1.2496741675207432,35.255055105603226,9.418351701867742,27.609326321021808,29.580008583817087,9.33478360259337,1.6,-1467.5380960078362,True,"blue_error:RPC错误: HTTPConnectionPool(host='192.168.0.63', port=80): Max retries exceeded with url: /rpc/Light.Set (Caused by NewConnectionError('<urllib3.connection.HTTPConnection object at 0x7ffeadf29450>: Failed to establish a new connection: [Errno 113] No route to host'))"
2025-12-03 18:30:06,2025-12-03T18:29:55.437000,27.03,444.0,0.864564585142587,19.0,4.0,25.70855384450888,16.55682351251732,2.7489697841637106,1.6,-1492.7393352098393,True,"blue_error:RPC错误: HTTPConnectionPool(host='192.168.0.63', port=80): Max retries exceeded with url: /rpc/Light.Set (Caused by NewConnectionError('<urllib3.connection.HTTPConnection object at 0x7ffeadf3bc90>: Failed to establish a new connection: [Errno 113] No route to host'))"
2025-12-03 18:45:06,2025-12-03T18:44:58.337000,26.47,470.0,1.3728167832559244,49.190899413413206,13.547724853353301,28.21711720804627,40.435093454211504,11.638032781611187,1.6,-1394.8396536726514,True,"blue_error:RPC错误: HTTPConnectionPool(host='192.168.0.63', port=80): Max retries exceeded with url: /rpc/Light.Set (Caused by NewConnectionError('<urllib3.connection.HTTPConnection object at 0x7ffeadf3fa90>: Failed to establish a new connection: [Errno 113] No route to host'))"
2025-12-03 19:00:06,2025-12-03T18:59:55.618000,26.74,441.0,1.4324909103341645,55.72491786001597,15.21747535800479,28.511648799833242,45.364600028025215,12.682181168765611,1.6,-1497.2429718970334,True,"blue_error:RPC错误: HTTPConnectionPool(host='192.168.0.63', port=80): Max retries exceeded with url: /rpc/Light.Set (Caused by NewConnectionError('<urllib3.connection.HTTPConnection object at 0x7ffeadf14f90>: Failed to establish a new connection: [Errno 113] No route to host'))"
2025-12-03 19:15:06,2025-12-03T19:14:58.487000,26.94,430.0,1.356025431779454,47.41130790588857,13.102826976472143,28.134240696553526,39.098435253698604,11.33326103279878,1.6,-1431.5418378159393,True,"blue_error:RPC错误: HTTPConnectionPool(host='192.168.0.63', port=80): Max retries exceeded with url: /rpc/Light.Set (Caused by NewConnectionError('<urllib3.connection.HTTPConnection object at 0x7ffeadf18a90>: Failed to establish a new connection: [Errno 113] No route to host'))"
2025-12-03 19:30:06,2025-12-03T19:29:55.763000,26.74,422.0,1.1699340740974542,29.531776314132557,7.510592104710852,27.21575581073332,24.994646157683288,7.814766336870493,1.6,-1570.9804859473427,True,"blue_error:RPC错误: HTTPConnectionPool(host='192.168.0.63', port=80): Max retries exceeded with url: /rpc/Light.Set (Caused by NewConnectionError('<urllib3.connection.HTTPConnection object at 0x7ffeadf3a4d0>: Failed to establish a new connection: [Errno 113] No route to host'))"
2025-12-03 19:45:06,2025-12-03T19:44:58.760000,26.48,419.0,1.0324064534660347,20.03199863138754,4.343999543795848,26.53696533649416,17.38363763788163,5.317338584319822,1.6,-1475.947168234918,True,"blue_error:RPC错误: HTTPConnectionPool(host='192.168.0.63', port=80): Max retries exceeded with url: /rpc/Light.Set (Caused by NewConnectionError('<urllib3.connection.HTTPConnection object at 0x7ffeadf21250>: Failed to establish a new connection: [Errno 113] No route to host'))"
2025-12-03 20:00:06,2025-12-03T19:59:55.969000,25.99,422.0,1.2605462574103217,36.035390302273726,9.678463434091244,27.66298733121187,30.20519561750398,9.54232209975323,1.6,-1410.6636341925455,True,"blue_error:RPC错误: HTTPConnectionPool(host='192.168.0.63', port=80): Max retries exceeded with url: /rpc/Light.Set (Caused by NewConnectionError('<urllib3.connection.HTTPConnection object at 0x7ffeadf20750>: Failed to establish a new connection: [Errno 113] No route to host'))"
2025-12-03 20:15:06,2025-12-03T20:14:58.921000,26.22,422.0,1.3321498700890548,44.42592261167937,12.22777678350381,28.01639888580929,36.7787645968457,10.893372494401774,1.6,-1356.1065804080365,True,"blue_error:RPC错误: HTTPConnectionPool(host='192.168.0.63', port=80): Max retries exceeded with url: /rpc/Light.Set (Caused by NewConnectionError('<urllib3.connection.HTTPConnection object at 0x7ffeadf33790>: Failed to establish a new connection: [Errno 113] No route to host'))"
2025-12-03 20:30:06,2025-12-03T20:29:56.204000,26.12,424.0,1.0487687831552652,21.154122242826,4.718040747608666,26.617724339510556,18.282657873106846,5.600117124427217,1.6,-1308.9199424568421,True,"blue_error:RPC错误: HTTPConnectionPool(host='192.168.0.63', port=80): Max retries exceeded with url: /rpc/Light.Set (Caused by NewConnectionError('<urllib3.connection.HTTPConnection object at 0x7ffeadf21290>: Failed to establish a new connection: [Errno 113] No route to host'))"
2025-12-03 20:45:06,2025-12-03T20:44:59.137000,25.87,422.0,1.522384044582131,69.2778343293198,19.28335029879594,28.95533133390801,55.951435005311744,14.102239952016525,1.6,-1433.588833415146,True,"blue_error:RPC错误: HTTPConnectionPool(host='192.168.0.63', port=80): Max retries exceeded with url: /rpc/Light.Set (Caused by NewConnectionError('<urllib3.connection.HTTPConnection object at 0x7ffeae4a3cd0>: Failed to establish a new connection: [Errno 113] No route to host'))"
2025-12-03 21:00:06,2025-12-03T20:59:50.850000,26.49,422.0,1.0515452270403818,21.344529923058342,4.7815099743527805,26.631427940669536,18.4352082300606,5.6485705176102,1.6,-1449.2966476871754,True,"blue_error:RPC错误: HTTPConnectionPool(host='192.168.0.63', port=80): Max retries exceeded with url: /rpc/Light.Set (Caused by NewConnectionError('<urllib3.connection.HTTPConnection object at 0x7ffeadf164d0>: Failed to establish a new connection: [Errno 113] No route to host'))"
2025-12-03 21:15:06,2025-12-03T21:14:59.374000,26.01,422.0,1.176070848861134,29.97223821159433,7.65741273719811,27.246044884542727,25.3475343374055,7.930932690408614,1.6,-1401.0487043939454,True,"blue_error:RPC错误: HTTPConnectionPool(host='192.168.0.63', port=80): Max retries exceeded with url: /rpc/Light.Set (Caused by NewConnectionError('<urllib3.connection.HTTPConnection object at 0x7ffeadf26c50>: Failed to establish a new connection: [Errno 113] No route to host'))"
2025-12-03 21:30:06,2025-12-03T21:29:56.668000,25.97,424.0,0.8897430778050729,19.0,4.0,25.83282648804425,16.55682351251732,3.0909487602249195,1.6,-1425.408783437476,True,"blue_error:RPC错误: HTTPConnectionPool(host='192.168.0.63', port=80): Max retries exceeded with url: /rpc/Light.Set (Caused by NewConnectionError('<urllib3.connection.HTTPConnection object at 0x7ffeadf17d50>: Failed to establish a new connection: [Errno 113] No route to host'))"
2025-12-03 21:45:06,2025-12-03T21:44:59.577000,25.62,423.0,1.553352486794029,73.91373803356089,20.674121410068267,29.108181237650616,59.572762385182536,14.538423741471924,1.6,-1506.2656323641247,True,"blue_error:RPC错误: HTTPConnectionPool(host='192.168.0.63', port=80): Max retries exceeded with url: /rpc/Light.Set (Caused by NewConnectionError('<urllib3.connection.HTTPConnection object at 0x7ffeadf2da10>: Failed to establish a new connection: [Errno 113] No route to host'))"
2025-12-03 22:00:06,2025-12-03T21:59:56.851000,26.49,422.0,1.10616001963338,25.089995847923184,6.029998615974395,26.900988344568542,21.435991408023973,6.6264241784371265,1.6,-1450.3049444568042,True,"blue_error:RPC错误: HTTPConnectionPool(host='192.168.0.63', port=80): Max retries exceeded with url: /rpc/Light.Set (Caused by NewConnectionError('<urllib3.connection.HTTPConnection object at 0x7ffeadf237d0>: Failed to establish a new connection: [Errno 113] No route to host'))"
2025-12-03 22:15:06,2025-12-03T22:14:59.786000,25.99,419.0,1.6349015392340078,88.96585498816805,26.189756496450414,29.51068016641374,71.93157813158726,15.533022551584398,1.6,-1438.2356205613085,True,"blue_error:RPC错误: HTTPConnectionPool(host='192.168.0.63', port=80): Max retries exceeded with url: /rpc/Light.Set (Caused by NewConnectionError('<urllib3.connection.HTTPConnection object at 0x7ffeadf31f10>: Failed to establish a new connection: [Errno 113] No route to host'))"
2025-12-03 22:30:06,2025-12-03T22:29:57.037000,26.92,420.0,1.6793435155801988,95.0,28.0,29.73003094163732,76.64513905509547,15.972305032202733,1.6,-1525.768732264435,True,"blue_error:RPC错误: HTTPConnectionPool(host='192.168.0.63', port=80): Max retries exceeded with url: /rpc/Light.Set (Caused by NewConnectionError('<urllib3.connection.HTTPConnection object at 0x7ffeadf3b790>: Failed to establish a new connection: [Errno 113] No route to host'))"
2025-12-03 22:45:06,2025-12-03T22:44:59.996000,27.55,418.0,1.3813024987105265,50.09023781267438,13.772559453168595,28.258999869807177,41.11059007314104,11.79041701238387,1.6,-1480.7507428625177,True,"blue_error:RPC错误: HTTPConnectionPool(host='192.168.0.63', port=80): Max retries exceeded with url: /rpc/Light.Set (Caused by NewConnectionError('<urllib3.connection.HTTPConnection object at 0x7ffeadf14e50>: Failed to establish a new connection: [Errno 113] No route to host'))"
2025-12-03 23:00:06,2025-12-03T22:59:57.204000,27.06,418.0,1.4221851969380364,54.423093489736466,14.855773372434117,28.460783235145847,44.365015062188014,12.506795484209666,1.6,-1473.1076859177408,True,"blue_error:RPC错误: HTTPConnectionPool(host='192.168.0.63', port=80): Max retries exceeded with url: /rpc/Light.Set (Caused by NewConnectionError('<urllib3.connection.HTTPConnection object at 0x7ffeadf173d0>: Failed to establish a new connection: [Errno 113] No route to host'))"
2025-12-03 23:15:06,2025-12-03T23:15:00.102000,27.0,418.0,0.8393441937055859,19.0,4.0,25.584074402594446,16.55682351251732,2.423138904739621,1.6,-1491.997196053223,True,"blue_error:RPC错误: HTTPConnectionPool(host='192.168.0.63', port=80): Max retries exceeded with url: /rpc/Light.Set (Caused by NewConnectionError('<urllib3.connection.HTTPConnection object at 0x7ffeadf38050>: Failed to establish a new connection: [Errno 113] No route to host'))"
2025-12-03 23:30:06,2025-12-03T23:29:57.405000,26.12,419.0,1.582273591673525,78.99121219025005,22.596484876100025,29.250926167044014,63.778846903391184,14.917723025320356,1.6,-1424.4160527540753,True,"blue_error:RPC错误: HTTPConnectionPool(host='192.168.0.63', port=80): Max retries exceeded with url: /rpc/Light.Set (Caused by NewConnectionError('<urllib3.connection.HTTPConnection object at 0x7ffeadf31290>: Failed to establish a new connection: [Errno 113] No route to host'))"
2025-12-03 23:45:06,2025-12-03T23:45:00.350000,26.97,420.0,1.0093611823368158,19.0,4.0,26.423221563083754,16.55682351251732,4.927552638539745,1.6,-1583.832602190776,True,"blue_error:RPC错误: HTTPConnectionPool(host='192.168.0.63', port=80): Max retries exceeded with url: /rpc/Light.Set (Caused by NewConnectionError('<urllib3.connection.HTTPConnection object at 0x7ffeadf3ff10>: Failed to establish a new connection: [Errno 113] No route to host'))"
2025-12-04 00:00:06,2025-12-03T23:59:57.549000,26.37,419.0,1.3537562889112962,47.170818188119725,13.042704547029931,28.123040964045092,38.9178024781231,11.291766693759545,1.6,-1400.9577733053843,True,"blue_error:RPC错误: HTTPConnectionPool(host='192.168.0.63', port=80): Max retries exceeded with url: /rpc/Light.Set (Caused by NewConnectionError('<urllib3.connection.HTTPConnection object at 0x7ffeadf39510>: Failed to establish a new connection: [Errno 113] No route to host'))"
2025-12-04 00:15:06,2025-12-04T00:15:00.493000,26.47,419.0,1.3491720812509478,46.617331909494354,12.885199572848306,28.100414843724735,38.49057981065631,11.207727964034017,1.6,-1597.5213941462134,True,"blue_error:RPC错误: HTTPConnectionPool(host='192.168.0.63', port=80): Max retries exceeded with url: /rpc/Light.Set (Caused by NewConnectionError('<urllib3.connection.HTTPConnection object at 0x7ffeadf1acd0>: Failed to establish a new connection: [Errno 113] No route to host'))"
2025-12-04 00:30:06,2025-12-04T00:29:57.751000,26.37,420.0,1.326079270593783,43.64440439111875,11.993321317335624,27.98643643105735,36.168283122134525,10.780459288930565,1.6,-1530.2511255241259,True,"blue_error:RPC错误: HTTPConnectionPool(host='192.168.0.63', port=80): Max retries exceeded with url: /rpc/Light.Set (Caused by NewConnectionError('<urllib3.connection.HTTPConnection object at 0x7ffeadf27f10>: Failed to establish a new connection: [Errno 113] No route to host'))"
2025-12-04 00:45:06,2025-12-04T00:45:00.672000,26.44,420.0,1.6134422819241219,84.86013424474791,24.944053697899164,29.404764428329123,68.71599786766768,15.294212012349647,1.6,-1376.8076300834782,True,"blue_error:RPC错误: HTTPConnectionPool(host='192.168.0.63', port=80): Max retries exceeded with url: /rpc/Light.Set (Caused by NewConnectionError('<urllib3.connection.HTTPConnection object at 0x7ffeadf32cd0>: Failed to establish a new connection: [Errno 113] No route to host'))"
2025-12-04 09:00:06,2025-12-04T08:21:44.557000,22.74,459.0,1.546257271523877,72.85160082535968,20.355480247607908,29.073161621111456,58.74307592087574,14.441157145571275,1.6,-1349.6354790514308,True,"red_error:RPC错误: HTTPConnectionPool(host='192.168.0.46', port=80): Max retries exceeded with url: /rpc/Light.Set (Caused by ConnectTimeoutError(<urllib3.connection.HTTPConnection object at 0x7ffeadf4c710>, 'Connection to 192.168.0.46 timed out. (connect timeout=5)'))|blue_error:RPC错误: HTTPConnectionPool(host='192.168.0.63', port=80): Max retries exceeded with url: /rpc/Light.Set (Caused by NewConnectionError('<urllib3.connection.HTTPConnection object at 0x7ffeadf2acd0>: Failed to establish a new connection: [Errno 113] No route to host'))"
2025-12-04 09:15:06,2025-12-04T09:14:56.579000,24.52,455.0,1.0714555808095052,22.709975950657398,5.236658650219133,26.729698807388257,19.529172920230362,5.99981237823012,1.6,-1385.9213025328613,True,"blue_error:RPC错误: HTTPConnectionPool(host='192.168.0.63', port=80): Max retries exceeded with url: /rpc/Light.Set (Caused by NewConnectionError('<urllib3.connection.HTTPConnection object at 0x7ffeadf2c210>: Failed to establish a new connection: [Errno 113] No route to host'))"
2025-12-04 09:30:06,2025-12-04T09:29:59.474000,24.27,456.0,1.6433879846652344,90.59045762360192,26.677137287080576,29.55256643109584,73.20063339684756,15.622736127083737,1.6,-1514.8033344850405,True,"blue_error:RPC错误: HTTPConnectionPool(host='192.168.0.63', port=80): Max retries exceeded with url: /rpc/Light.Set (Caused by NewConnectionError('<urllib3.connection.HTTPConnection object at 0x7ffeadf3b010>: Failed to establish a new connection: [Errno 113] No route to host'))"
2025-12-04 09:45:06,2025-12-04T09:44:56.773000,25.55,455.0,1.4393909417721056,56.76865339464722,15.530596018394164,28.545705054064364,46.17991205994823,12.79831980986196,1.6,-1487.5412963514448,True,"blue_error:RPC错误: HTTPConnectionPool(host='192.168.0.63', port=80): Max retries exceeded with url: /rpc/Light.Set (Caused by NewConnectionError('<urllib3.connection.HTTPConnection object at 0x7ffeadf3b990>: Failed to establish a new connection: [Errno 113] No route to host'))"
2025-12-04 10:00:06,2025-12-04T09:59:59.568000,25.62,452.0,1.56192701117048,75.19076378301253,21.07630551320501,29.150502230634746,60.5817713000279,14.653786982139401,1.6,-1418.6536981017464,True,"blue_error:RPC错误: HTTPConnectionPool(host='192.168.0.63', port=80): Max retries exceeded with url: /rpc/Light.Set (Caused by NewConnectionError('<urllib3.connection.HTTPConnection object at 0x7ffeadf1b510>: Failed to establish a new connection: [Errno 113] No route to host'))"
2025-12-04 10:15:06,2025-12-04T10:14:56.887000,26.05,447.0,1.5011353195697694,66.09694966223887,18.329084898671663,28.850454713037983,53.46669298477035,13.78614108855265,1.6,-1747.7911816038961,True,"blue_error:RPC错误: HTTPConnectionPool(host='192.168.0.63', port=80): Max retries exceeded with url: /rpc/Light.Set (Caused by NewConnectionError('<urllib3.connection.HTTPConnection object at 0x7ffeadf28e50>: Failed to establish a new connection: [Errno 113] No route to host'))"
2025-12-04 10:30:06,2025-12-04T10:29:59.814000,26.25,759.0,1.6141558521438508,84.99449625888226,24.997798503552907,29.40828637298016,68.82902808709905,15.302424774480368,1.6,-1600.4808380336863,True,"blue_error:RPC错误: HTTPConnectionPool(host='192.168.0.63', port=80): Max retries exceeded with url: /rpc/Light.Set (Caused by NewConnectionError('<urllib3.connection.HTTPConnection object at 0x7ffeadefd150>: Failed to establish a new connection: [Errno 113] No route to host'))"
2025-12-04 10:45:06,2025-12-04T10:44:57.129000,26.75,842.0,1.1922781558518003,31.13550417209599,8.04516805736533,27.32603874721427,26.279516898666355,8.238745332620267,1.6,-1565.1629690539412,True,"blue_error:RPC错误: HTTPConnectionPool(host='192.168.0.63', port=80): Max retries exceeded with url: /rpc/Light.Set (Caused by NewConnectionError('<urllib3.connection.HTTPConnection object at 0x7ffeadefff10>: Failed to establish a new connection: [Errno 113] No route to host'))"
2025-12-04 11:00:06,2025-12-04T10:59:59.991000,26.12,770.0,1.2230381400763999,33.34327642041902,8.781092140139673,27.47785977184585,28.048334438711436,8.825667161873017,1.6,-1377.0146674429614,True,"blue_error:RPC错误: HTTPConnectionPool(host='192.168.0.63', port=80): Max retries exceeded with url: /rpc/Light.Set (Caused by NewConnectionError('<urllib3.connection.HTTPConnection object at 0x7ffeadf17d10>: Failed to establish a new connection: [Errno 113] No route to host'))"
2025-12-04 11:15:06,2025-12-04T11:14:57.219000,25.87,701.0,0.9124467158756316,19.0,4.0,25.944884074601145,16.55682351251732,3.4132769294164387,1.6,-1469.7624735387358,True,"blue_error:RPC错误: HTTPConnectionPool(host='192.168.0.63', port=80): Max retries exceeded with url: /rpc/Light.Set (Caused by NewConnectionError('<urllib3.connection.HTTPConnection object at 0x7ffeadefead0>: Failed to establish a new connection: [Errno 113] No route to host'))"
2025-12-04 11:30:06,2025-12-04T11:30:00.179000,25.74,615.0,1.4054251578514547,52.64682055148865,14.411705137872163,28.378061271167883,43.0308494521483,12.2169078605211,1.6,-1620.6922769783903,True,"blue_error:RPC错误: HTTPConnectionPool(host='192.168.0.63', port=80): Max retries exceeded with url: /rpc/Light.Set (Caused by NewConnectionError('<urllib3.connection.HTTPConnection object at 0x7ffeadefeb90>: Failed to establish a new connection: [Errno 113] No route to host'))"
2025-12-04 11:45:06,2025-12-04T11:44:57.451000,26.12,556.0,0.7884415450516797,19.0,4.0,25.33283590329389,16.55682351251732,1.8175520077007787,1.6,-1448.730225716818,True,"blue_error:RPC错误: HTTPConnectionPool(host='192.168.0.63', port=80): Max retries exceeded with url: /rpc/Light.Set (Caused by NewConnectionError('<urllib3.connection.HTTPConnection object at 0x7ffeadf3a610>: Failed to establish a new connection: [Errno 113] No route to host'))"
2025-12-04 12:00:06,2025-12-04T12:00:00.310000,25.94,509.0,1.469155545938973,61.27100607558845,16.881301822676534,28.692613214659364,49.69691631144103,13.286617605244832,1.6,-1355.1481626352818,True,"blue_error:RPC错误: HTTPConnectionPool(host='192.168.0.63', port=80): Max retries exceeded with url: /rpc/Light.Set (Caused by NewConnectionError('<urllib3.connection.HTTPConnection object at 0x7ffeadf38e50>: Failed to establish a new connection: [Errno 113] No route to host'))"
2025-12-04 12:15:06,2025-12-04T12:14:57.537000,26.49,485.0,1.3659548576531417,48.46365452516882,13.365913631292205,28.183249031510375,39.88885695019206,11.51398596519933,1.6,-1342.7833920204314,True,"blue_error:RPC错误: HTTPConnectionPool(host='192.168.0.63', port=80): Max retries exceeded with url: /rpc/Light.Set (Caused by NewConnectionError('<urllib3.connection.HTTPConnection object at 0x7ffeadefd5d0>: Failed to establish a new connection: [Errno 113] No route to host'))"
2025-12-04 12:30:06,2025-12-04T12:30:00.495000,26.73,465.0,1.687153820478029,95.0,28.0,29.76858000211848,76.64513905509547,16.04159000168851,1.6,-1512.760582456741,True,"blue_error:RPC错误: HTTPConnectionPool(host='192.168.0.63', port=80): Max retries exceeded with url: /rpc/Light.Set (Caused by NewConnectionError('<urllib3.connection.HTTPConnection object at 0x7ffeadefd5d0>: Failed to establish a new connection: [Errno 113] No route to host'))"
2025-12-04 12:45:06,2025-12-04T12:44:57.671000,27.5,455.0,1.396257073052076,51.675162857818016,14.168790714454504,28.33281066187018,42.30103352594011,12.056039820690444,1.6,-1390.803416590259,True,"blue_error:RPC错误: HTTPConnectionPool(host='192.168.0.63', port=80): Max retries exceeded with url: /rpc/Light.Set (Caused by NewConnectionError('<urllib3.connection.HTTPConnection object at 0x7ffeadefff10>: Failed to establish a new connection: [Errno 113] No route to host'))"
2025-12-04 13:00:06,2025-12-04T13:00:00.530000,27.5,444.0,0.9454162946325568,19.0,4.0,26.107610921013013,16.55682351251732,3.9041137152409897,1.6,-1476.2040973411124,True,"blue_error:RPC错误: HTTPConnectionPool(host='192.168.0.63', port=80): Max retries exceeded with url: /rpc/Light.Set (Caused by NewConnectionError('<urllib3.connection.HTTPConnection object at 0x7ffeadf2af90>: Failed to establish a new connection: [Errno 113] No route to host'))"
2025-12-04 13:15:06,2025-12-04T13:14:57.798000,26.87,443.0,1.3556151447934524,47.36782461409043,13.091956153522608,28.13221565680861,39.065774781718645,11.325763577051617,1.6,-1433.6381661672324,True,"blue_error:RPC错误: HTTPConnectionPool(host='192.168.0.63', port=80): Max retries exceeded with url: /rpc/Light.Set (Caused by NewConnectionError('<urllib3.connection.HTTPConnection object at 0x7ffeadf20310>: Failed to establish a new connection: [Errno 113] No route to host'))"
2025-12-04 13:30:06,2025-12-04T13:30:00.697000,27.0,440.0,1.5821643801025331,78.9706481501044,22.58825926004176,29.25038713514827,63.76154768392775,14.91634390514379,1.6,-1380.2101858290512,True,"blue_error:RPC错误: HTTPConnectionPool(host='192.168.0.63', port=80): Max retries exceeded with url: /rpc/Light.Set (Caused by NewConnectionError('<urllib3.connection.HTTPConnection object at 0x7ffeadf28210>: Failed to establish a new connection: [Errno 113] No route to host'))"
2025-12-04 13:45:06,2025-12-04T13:44:57.931000,27.94,437.0,1.642116889585406,90.34712554383883,26.60413766315165,29.546292729652606,73.01055500457188,15.609471650551669,1.6,-1476.7383103376058,True,"blue_error:RPC错误: HTTPConnectionPool(host='192.168.0.63', port=80): Max retries exceeded with url: /rpc/Light.Set (Caused by NewConnectionError('<urllib3.connection.HTTPConnection object at 0x7ffeadf19ed0>: Failed to establish a new connection: [Errno 113] No route to host'))"
2025-12-04 14:00:06,2025-12-04T14:00:00.831000,28.38,443.0,1.3059715371594818,41.055770424189824,11.216731127256947,27.88719136413131,34.14617661195674,10.403853687908454,1.6,-1440.702705927139,True,"blue_error:RPC错误: HTTPConnectionPool(host='192.168.0.63', port=80): Max retries exceeded with url: /rpc/Light.Set (Caused by NewConnectionError('<urllib3.connection.HTTPConnection object at 0x7ffeadefec10>: Failed to establish a new connection: [Errno 113] No route to host'))"
2025-12-04 14:15:06,2025-12-04T14:14:58.087000,27.53,471.0,1.4100159004752566,53.1333595056638,14.53333987641595,28.400719645888636,43.39629077967619,12.296863373584998,1.6,-1621.5091443091976,True,"blue_error:RPC错误: HTTPConnectionPool(host='192.168.0.63', port=80): Max retries exceeded with url: /rpc/Light.Set (Caused by NewConnectionError('<urllib3.connection.HTTPConnection object at 0x7ffeadf3b250>: Failed to establish a new connection: [Errno 113] No route to host'))"
2025-12-04 14:30:11,2025-12-04T14:30:04.455000,26.55,476.0,1.8155215149075885,95.0,28.0,30.40216013517665,76.64513905509547,16.82810423495083,1.6,-1618.3524111348036,True,"red_error:RPC错误: HTTPConnectionPool(host='192.168.0.46', port=80): Max retries exceeded with url: /rpc/Light.Set (Caused by NewConnectionError('<urllib3.connection.HTTPConnection object at 0x7ffeadf4c710>: Failed to establish a new connection: [Errno 113] No route to host'))|blue_error:RPC错误: HTTPConnectionPool(host='192.168.0.63', port=80): Max retries exceeded with url: /rpc/Light.Set (Caused by NewConnectionError('<urllib3.connection.HTTPConnection object at 0x7ffeadf29110>: Failed to establish a new connection: [Errno 113] No route to host'))"
2025-12-04 14:45:06,2025-12-04T14:44:56.519000,27.74,609.0,1.1943319194641704,31.282911344833757,8.094303781611252,27.33617543953844,26.397616214782435,8.277840320967154,1.6,-1496.4581200346022,True,"blue_error:RPC错误: HTTPConnectionPool(host='192.168.0.63', port=80): Max retries exceeded with url: /rpc/Light.Set (Caused by NewConnectionError('<urllib3.connection.HTTPConnection object at 0x7ffeadefd490>: Failed to establish a new connection: [Errno 113] No route to host'))"
2025-12-04 15:00:06,2025-12-04T14:59:59.329000,27.44,502.0,1.4782639302317695,62.64878883425741,17.294636650277223,28.737569162164846,50.773168698417344,13.431665840032077,1.6,-1560.5516722806249,True,"blue_error:RPC错误: HTTPConnectionPool(host='192.168.0.63', port=80): Max retries exceeded with url: /rpc/Light.Set (Caused by NewConnectionError('<urllib3.connection.HTTPConnection object at 0x7ffeadf38910>: Failed to establish a new connection: [Errno 113] No route to host'))"
2025-12-04 15:15:06,2025-12-04T15:14:56.602000,27.87,500.0,1.1971454193307653,31.48484795444883,8.161615984816276,27.35006193666498,26.55940329102442,8.331425144922536,1.6,-1655.8504474002264,True,"blue_error:RPC错误: HTTPConnectionPool(host='192.168.0.63', port=80): Max retries exceeded with url: /rpc/Light.Set (Caused by NewConnectionError('<urllib3.connection.HTTPConnection object at 0x7ffeadf2ae90>: Failed to establish a new connection: [Errno 113] No route to host'))"
2025-12-04 15:30:06,2025-12-04T15:29:48.310000,27.73,499.0,1.2139993291459823,32.6945232941396,8.564841098046532,27.43324721525651,27.528568004563276,8.65296145297104,1.6,-1344.397063044557,True,"blue_error:RPC错误: HTTPConnectionPool(host='192.168.0.63', port=80): Max retries exceeded with url: /rpc/Light.Set (Caused by NewConnectionError('<urllib3.connection.HTTPConnection object at 0x7ffeadf38950>: Failed to establish a new connection: [Errno 113] No route to host'))"
2025-12-04 15:45:06,2025-12-04T15:44:51.166000,27.72,495.0,1.2859408155560048,38.47705082387902,10.443115247163705,27.788326401921164,32.13181469044575,10.025408506734934,1.6,-1532.111579529033,True,"blue_error:RPC错误: HTTPConnectionPool(host='192.168.0.63', port=80): Max retries exceeded with url: /rpc/Light.Set (Caused by NewConnectionError('<urllib3.connection.HTTPConnection object at 0x7ffeadf339d0>: Failed to establish a new connection: [Errno 113] No route to host'))"
2025-12-04 16:00:06,2025-12-04T15:59:59.672000,27.74,493.0,0.9327813377105498,19.0,4.0,26.045248987012382,16.55682351251732,3.7128939882061385,1.6,-1455.424180812547,True,"blue_error:RPC错误: HTTPConnectionPool(host='192.168.0.63', port=80): Max retries exceeded with url: /rpc/Light.Set (Caused by NewConnectionError('<urllib3.connection.HTTPConnection object at 0x7ffeadf2bed0>: Failed to establish a new connection: [Errno 113] No route to host'))"
2025-12-04 16:15:06,2025-12-04T16:14:56.857000,27.5,490.0,0.9434685165148358,19.0,4.0,26.097997337747554,16.55682351251732,3.8743877475939765,1.6,-1313.6972184610313,True,"blue_error:RPC错误: HTTPConnectionPool(host='192.168.0.63', port=80): Max retries exceeded with url: /rpc/Light.Set (Caused by NewConnectionError('<urllib3.connection.HTTPConnection object at 0x7ffeb1291450>: Failed to establish a new connection: [Errno 113] No route to host'))"
2025-12-04 16:30:06,2025-12-04T16:29:59.747000,27.5,486.0,1.3591702506430416,47.744604064341694,13.186151016085423,28.149762473764607,39.348775312926854,11.390651197896753,1.6,-1533.216701891338,True,"blue_error:RPC错误: HTTPConnectionPool(host='192.168.0.63', port=80): Max retries exceeded with url: /rpc/Light.Set (Caused by NewConnectionError('<urllib3.connection.HTTPConnection object at 0x7ffeadefc990>: Failed to establish a new connection: [Errno 113] No route to host'))"
2025-12-04 16:45:06,2025-12-04T16:44:56.971000,27.97,481.0,1.4489706844112207,58.2177363292679,15.96532089878037,28.592987469183882,47.311860444045315,12.957778815843653,1.6,-1356.0261509388474,True,"blue_error:RPC错误: HTTPConnectionPool(host='192.168.0.63', port=80): Max retries exceeded with url: /rpc/Light.Set (Caused by NewConnectionError('<urllib3.connection.HTTPConnection object at 0x7ffeade92250>: Failed to establish a new connection: [Errno 113] No route to host'))"
2025-12-04 17:00:06,2025-12-04T16:59:59.850000,28.05,479.0,1.6062525176188025,83.50633445531588,24.402533782126348,29.36927814928155,67.57713218266352,15.21043365852233,1.6,-1560.0155381270793,True,"blue_error:RPC错误: HTTPConnectionPool(host='192.168.0.63', port=80): Max retries exceeded with url: /rpc/Light.Set (Caused by NewConnectionError('<urllib3.connection.HTTPConnection object at 0x7ffeadf2f390>: Failed to establish a new connection: [Errno 113] No route to host'))"
2025-12-04 17:15:06,2025-12-04T17:14:57.163000,28.74,474.0,1.3283190145869093,43.9327450634663,12.079823519039891,27.99749106052224,36.393519891083656,10.822164516394263,1.6,-1615.3674812652207,True,"blue_error:RPC错误: HTTPConnectionPool(host='192.168.0.63', port=80): Max retries exceeded with url: /rpc/Light.Set (Caused by NewConnectionError('<urllib3.connection.HTTPConnection object at 0x7ffeadf31710>: Failed to establish a new connection: [Errno 113] No route to host'))"
2025-12-04 17:30:06,2025-12-04T17:29:59.932000,28.5,470.0,1.5810427540027965,78.75945107699289,22.503780430797157,29.244851162747498,63.58388101473664,14.90215628576972,1.6,-1458.69725320892,True,"blue_error:RPC错误: HTTPConnectionPool(host='192.168.0.63', port=80): Max retries exceeded with url: /rpc/Light.Set (Caused by NewConnectionError('<urllib3.connection.HTTPConnection object at 0x7ffeadf24350>: Failed to establish a new connection: [Errno 113] No route to host'))"
2025-12-04 17:45:06,2025-12-04T17:44:57.200000,29.05,466.0,1.6019100721302473,82.68867179790766,24.075468719163062,29.347845286420977,66.88928457794334,15.158932892241129,1.6,-1477.2378377051991,True,"blue_error:RPC错误: HTTPConnectionPool(host='192.168.0.63', port=80): Max retries exceeded with url: /rpc/Light.Set (Caused by NewConnectionError('<urllib3.connection.HTTPConnection object at 0x7ffeadf29710>: Failed to establish a new connection: [Errno 113] No route to host'))"
2025-12-04 18:00:06,2025-12-04T18:00:00.016000,29.27,462.0,1.3265609478638498,43.70641466922725,12.011924400768176,27.988813829437962,36.216722333186794,10.78943282565133,1.6,-1671.800431033659,True,"blue_error:RPC错误: HTTPConnectionPool(host='192.168.0.63', port=80): Max retries exceeded with url: /rpc/Light.Set (Caused by NewConnectionError('<urllib3.connection.HTTPConnection object at 0x7ffeadf28550>: Failed to establish a new connection: [Errno 113] No route to host'))"
2025-12-04 18:15:06,2025-12-04T18:14:57.297000,29.0,457.0,1.547422081598655,73.02597018186307,20.407791054558924,29.078910735212514,58.87928421276466,14.457236245217366,1.6,-1464.6865602834039,True,"blue_error:RPC错误: HTTPConnectionPool(host='192.168.0.63', port=80): Max retries exceeded with url: /rpc/Light.Set (Caused by NewConnectionError('<urllib3.connection.HTTPConnection object at 0x7ffeadf14b90>: Failed to establish a new connection: [Errno 113] No route to host'))"
2025-12-04 18:30:06,2025-12-04T18:30:00.028000,29.25,450.0,0.8997649148774906,19.0,4.0,25.88229093386176,16.55682351251732,3.231620439660224,1.6,-1683.145206873489,True,"blue_error:RPC错误: HTTPConnectionPool(host='192.168.0.63', port=80): Max retries exceeded with url: /rpc/Light.Set (Caused by NewConnectionError('<urllib3.connection.HTTPConnection object at 0x7ffeadefca50>: Failed to establish a new connection: [Errno 113] No route to host'))"
2025-12-04 18:45:06,2025-12-04T18:44:57.312000,28.73,451.0,1.2564735500758304,35.743075125420006,9.58102504180667,27.642885805930447,29.9709992630417,9.464612972132555,1.6,-1628.4629646547673,True,"blue_error:RPC错误: HTTPConnectionPool(host='192.168.0.63', port=80): Max retries exceeded with url: /rpc/Light.Set (Caused by NewConnectionError('<urllib3.connection.HTTPConnection object at 0x7ffeadf17d10>: Failed to establish a new connection: [Errno 113] No route to host'))"
2025-12-04 19:00:06,2025-12-04T19:00:00.149000,28.55,448.0,1.1678538938220213,29.382473107405392,7.46082436913513,27.20548873456941,24.875027781718746,7.775444514134658,1.6,-1401.6705867905257,True,"blue_error:RPC错误: HTTPConnectionPool(host='192.168.0.63', port=80): Max retries exceeded with url: /rpc/Light.Set (Caused by NewConnectionError('<urllib3.connection.HTTPConnection object at 0x7ffeadf28f10>: Failed to establish a new connection: [Errno 113] No route to host'))"
2025-12-04 19:15:06,2025-12-04T19:14:57.382000,28.37,446.0,1.2806436928279712,37.79510863155874,10.238532589467622,27.762181570561786,31.599116841204555,9.924894628374332,1.6,-1489.313904297508,True,"blue_error:RPC错误: HTTPConnectionPool(host='192.168.0.63', port=80): Max retries exceeded with url: /rpc/Light.Set (Caused by NewConnectionError('<urllib3.connection.HTTPConnection object at 0x7ffeadf3dd90>: Failed to establish a new connection: [Errno 113] No route to host'))"
2025-12-04 19:30:06,2025-12-04T19:30:00.127000,28.5,445.0,1.1992271734894269,31.63426412533387,8.211421375111291,27.360336780991663,26.679112171335145,8.371092775040896,1.6,-1530.081985797765,True,"blue_error:RPC错误: HTTPConnectionPool(host='192.168.0.63', port=80): Max retries exceeded with url: /rpc/Light.Set (Caused by NewConnectionError('<urllib3.connection.HTTPConnection object at 0x7ffeb12a81d0>: Failed to establish a new connection: [Errno 113] No route to host'))"
2025-12-04 19:45:06,2025-12-04T19:44:51.813000,28.38,440.0,1.4280501196835378,55.05600980187307,15.016802940561922,28.489730538047745,44.84208376795859,12.606884099161952,1.6,-1419.0189452548595,True,"blue_error:RPC错误: HTTPConnectionPool(host='192.168.0.63', port=80): Max retries exceeded with url: /rpc/Light.Set (Caused by NewConnectionError('<urllib3.connection.HTTPConnection object at 0x7ffeadf3bad0>: Failed to establish a new connection: [Errno 113] No route to host'))"
2025-12-04 20:00:06,2025-12-04T20:00:00.250000,28.55,438.0,1.5085812189146965,67.21158346003747,18.663475038011242,28.887205189227966,54.337387060405426,13.898402180658216,1.6,-1646.8592589903021,True,"blue_error:RPC错误: HTTPConnectionPool(host='192.168.0.63', port=80): Max retries exceeded with url: /rpc/Light.Set (Caused by NewConnectionError('<urllib3.connection.HTTPConnection object at 0x7ffeadf1bd50>: Failed to establish a new connection: [Errno 113] No route to host'))"
2025-12-04 20:15:06,2025-12-04T20:14:57.400000,28.74,435.0,1.2380474835395556,34.42055954649433,9.14018651549811,27.551940886029296,28.911429484155548,9.112596423168918,1.6,-1637.5742150501578,True,"blue_error:RPC错误: HTTPConnectionPool(host='192.168.0.63', port=80): Max retries exceeded with url: /rpc/Light.Set (Caused by NewConnectionError('<urllib3.connection.HTTPConnection object at 0x7ffeadf29b50>: Failed to establish a new connection: [Errno 113] No route to host'))"
2025-12-04 20:30:06,2025-12-04T20:30:00.223000,28.55,432.0,1.2259354219695069,33.551226415206564,8.850408805068856,27.492159789116542,28.214939304096394,8.881047226805283,1.6,-1339.0354132108516,True,"blue_error:RPC错误: HTTPConnectionPool(host='192.168.0.63', port=80): Max retries exceeded with url: /rpc/Light.Set (Caused by NewConnectionError('<urllib3.connection.HTTPConnection object at 0x7ffeadf18fd0>: Failed to establish a new connection: [Errno 113] No route to host'))"
2025-12-04 20:45:06,2025-12-04T20:44:57.447000,28.5,432.0,1.1418124968638808,27.53503193180972,6.845010643936573,27.076957083182517,23.39489940431149,7.2859584567730895,1.6,-1384.2921182996292,True,"blue_error:RPC错误: HTTPConnectionPool(host='192.168.0.63', port=80): Max retries exceeded with url: /rpc/Light.Set (Caused by NewConnectionError('<urllib3.connection.HTTPConnection object at 0x7ffeae4a3fd0>: Failed to establish a new connection: [Errno 113] No route to host'))"
2025-12-04 21:00:06,2025-12-04T21:00:00.315000,28.26,430.0,1.0016722381181147,19.0,4.0,26.38527149844475,16.55682351251732,4.799837294314237,1.6,-1470.380737289352,True,"blue_error:RPC错误: HTTPConnectionPool(host='192.168.0.63', port=80): Max retries exceeded with url: /rpc/Light.Set (Caused by NewConnectionError('<urllib3.connection.HTTPConnection object at 0x7ffeb1291190>: Failed to establish a new connection: [Errno 113] No route to host'))"
2025-12-04 21:15:06,2025-12-04T21:14:57.556000,27.96,429.0,1.2181607977707305,32.99320923867394,8.66440307955798,27.453786836667504,27.767868475007443,8.7324598106666,1.6,-1457.954120014053,True,"blue_error:RPC错误: HTTPConnectionPool(host='192.168.0.63', port=80): Max retries exceeded with url: /rpc/Light.Set (Caused by NewConnectionError('<urllib3.connection.HTTPConnection object at 0x7ffeadf33650>: Failed to establish a new connection: [Errno 113] No route to host'))"
2025-12-04 21:30:06,2025-12-04T21:30:00.329000,28.06,429.0,1.0696055034756733,22.583098207774228,5.194366069258076,26.72056744261189,19.42752132223444,5.966904697581514,1.6,-1502.1480183684323,True,"blue_error:RPC错误: HTTPConnectionPool(host='192.168.0.63', port=80): Max retries exceeded with url: /rpc/Light.Set (Caused by NewConnectionError('<urllib3.connection.HTTPConnection object at 0x7ffeadf38c90>: Failed to establish a new connection: [Errno 113] No route to host'))"
2025-12-04 21:45:06,2025-12-04T21:44:57.574000,27.97,429.0,1.2227210194954177,33.32051535484264,8.77350511828088,27.476294570408005,28.030098784172253,8.819606032834029,1.6,-1463.5639492841576,True,"blue_error:RPC错误: HTTPConnectionPool(host='192.168.0.63', port=80): Max retries exceeded with url: /rpc/Light.Set (Caused by NewConnectionError('<urllib3.connection.HTTPConnection object at 0x7ffeadf27710>: Failed to establish a new connection: [Errno 113] No route to host'))"
2025-12-04 22:00:06,2025-12-04T22:00:00.401000,27.94,430.0,1.3734155252416784,49.25435566078791,13.563588915196977,28.220072398826066,40.482755691903996,11.648822334043377,1.6,-1452.6646062436694,True,"blue_error:RPC错误: HTTPConnectionPool(host='192.168.0.63', port=80): Max retries exceeded with url: /rpc/Light.Set (Caused by NewConnectionError('<urllib3.connection.HTTPConnection object at 0x7ffeadf33a50>: Failed to establish a new connection: [Errno 113] No route to host'))"
2025-12-04 22:15:06,2025-12-04T22:14:57.593000,28.38,427.0,1.4732978217818615,61.89758879921117,17.069276639763352,28.713058106899297,50.18637021677844,13.352847421904691,1.6,-1406.2930981152836,True,"blue_error:RPC错误: HTTPConnectionPool(host='192.168.0.63', port=80): Max retries exceeded with url: /rpc/Light.Set (Caused by NewConnectionError('<urllib3.connection.HTTPConnection object at 0x7ffeadf39090>: Failed to establish a new connection: [Errno 113] No route to host'))"
2025-12-04 22:30:06,2025-12-04T22:30:00.427000,28.55,427.0,1.3007708699584417,40.38624574547393,11.015873723642178,27.861522605088243,33.62317867989983,10.305874706706497,1.6,-1420.8224527997463,True,"blue_error:RPC错误: HTTPConnectionPool(host='192.168.0.63', port=80): Max retries exceeded with url: /rpc/Light.Set (Caused by NewConnectionError('<urllib3.connection.HTTPConnection object at 0x7ffeadf2b290>: Failed to establish a new connection: [Errno 113] No route to host'))"
2025-12-04 22:45:06,2025-12-04T22:44:57.668000,28.48,426.0,1.568004218314423,76.30435434226925,21.5217417369077,29.180497298537087,61.51856423276586,14.734081037569528,1.6,-1677.1864580316378,True,"blue_error:RPC错误: HTTPConnectionPool(host='192.168.0.63', port=80): Max retries exceeded with url: /rpc/Light.Set (Caused by NewConnectionError('<urllib3.connection.HTTPConnection object at 0x7ffeadf320d0>: Failed to establish a new connection: [Errno 113] No route to host'))"
2025-12-04 23:00:06,2025-12-04T23:00:00.536000,28.94,426.0,1.2036722022634025,31.95330236340724,8.317767454469081,27.382275960740728,26.934718442261822,8.455842718339104,1.6,-1382.8736201579711,True,"blue_error:RPC错误: HTTPConnectionPool(host='192.168.0.63', port=80): Max retries exceeded with url: /rpc/Light.Set (Caused by NewConnectionError('<urllib3.connection.HTTPConnection object at 0x7ffeadf25f90>: Failed to establish a new connection: [Errno 113] No route to host'))"
2025-12-04 23:15:06,2025-12-04T23:14:57.775000,28.55,425.0,1.2218300360453682,33.25656575979828,8.752188586599425,27.471896973213916,27.97886380489431,8.802577231507327,1.6,-1329.673935286042,True,"blue_error:RPC错误: HTTPConnectionPool(host='192.168.0.63', port=80): Max retries exceeded with url: /rpc/Light.Set (Caused by NewConnectionError('<urllib3.connection.HTTPConnection object at 0x7ffeadf3f910>: Failed to establish a new connection: [Errno 113] No route to host'))"
2025-12-04 23:30:06,2025-12-04T23:30:00.581000,28.38,422.0,1.1826157107851487,30.441990225101215,7.8139967417004055,27.278348140491133,25.723889100263676,8.0550704584523,1.6,-1485.9513439607451,True,"blue_error:RPC错误: HTTPConnectionPool(host='192.168.0.63', port=80): Max retries exceeded with url: /rpc/Light.Set (Caused by NewConnectionError('<urllib3.connection.HTTPConnection object at 0x7ffeadf2f5d0>: Failed to establish a new connection: [Errno 113] No route to host'))"
2025-12-04 23:45:06,2025-12-04T23:44:57.808000,28.25,422.0,1.0740149081207584,22.885493842051968,5.295164614017323,26.742330793540294,19.669793912783494,6.04542351314137,1.6,-1530.5633644705317,True,"blue_error:RPC错误: HTTPConnectionPool(host='192.168.0.63', port=80): Max retries exceeded with url: /rpc/Light.Set (Caused by NewConnectionError('<urllib3.connection.HTTPConnection object at 0x7ffeadf2aad0>: Failed to establish a new connection: [Errno 113] No route to host'))"
2025-12-05 00:00:06,2025-12-05T00:00:00.668000,27.99,422.0,1.454236351852563,59.01424925410171,16.204274776230513,28.618977047737513,47.93405500354034,13.04451708701205,1.6,-1480.3167951064383,True,"blue_error:RPC错误: HTTPConnectionPool(host='192.168.0.63', port=80): Max retries exceeded with url: /rpc/Light.Set (Caused by NewConnectionError('<urllib3.connection.HTTPConnection object at 0x7ffeadf211d0>: Failed to establish a new connection: [Errno 113] No route to host'))"
2025-12-05 00:15:06,2025-12-05T00:14:57.919000,28.44,424.0,1.663947721319446,94.52631069930257,27.85789320979077,29.654042435186295,76.27511755689262,15.828734612018238,1.6,-1825.0896174128764,True,"blue_error:RPC错误: HTTPConnectionPool(host='192.168.0.63', port=80): Max retries exceeded with url: /rpc/Light.Set (Caused by NewConnectionError('<urllib3.connection.HTTPConnection object at 0x7ffeadf30810>: Failed to establish a new connection: [Errno 113] No route to host'))"
2025-12-05 00:30:06,2025-12-05T00:30:00.727000,29.25,424.0,1.1751514370814384,29.90624819686702,7.635416065622339,27.241506974593474,25.294664619704243,7.913513788248354,1.6,-1460.7958272151386,True,"blue_error:RPC错误: HTTPConnectionPool(host='192.168.0.63', port=80): Max retries exceeded with url: /rpc/Light.Set (Caused by NewConnectionError('<urllib3.connection.HTTPConnection object at 0x7ffeadf21090>: Failed to establish a new connection: [Errno 113] No route to host'))"
2025-12-05 00:45:06,2025-12-05T00:44:57.979000,28.73,424.0,1.2428024812776879,34.76184554880287,9.253948516267622,27.5754099692204,29.184860164115285,9.203484806650241,1.6,-1373.4225147306763,True,"blue_error:RPC错误: HTTPConnectionPool(host='192.168.0.63', port=80): Max retries exceeded with url: /rpc/Light.Set (Caused by NewConnectionError('<urllib3.connection.HTTPConnection object at 0x7ffeadf256d0>: Failed to establish a new connection: [Errno 113] No route to host'))"
2025-12-05 09:00:06,2025-12-05T07:12:46.557000,24.63,480.0,1.2552405654314212,35.654578679496666,9.55152622649889,27.636800204887795,29.90009789814786,9.441078066974372,1.6,-1479.937352025149,True,"blue_error:RPC错误: HTTPConnectionPool(host='192.168.0.63', port=80): Max retries exceeded with url: /rpc/Light.Set (Caused by NewConnectionError('<urllib3.connection.HTTPConnection object at 0x7ffeadf3b850>: Failed to establish a new connection: [Errno 113] No route to host'))"
2025-12-05 09:15:06,2025-12-05T09:15:00.197000,25.44,480.0,1.5050478982213815,66.68265357785832,18.504796073357493,28.869765896538667,53.92421448682179,13.845328349516553,1.6,-1465.6974433689093,True,"blue_error:RPC错误: HTTPConnectionPool(host='192.168.0.63', port=80): Max retries exceeded with url: /rpc/Light.Set (Caused by NewConnectionError('<urllib3.connection.HTTPConnection object at 0x7ffeadf19790>: Failed to establish a new connection: [Errno 113] No route to host'))"
2025-12-05 09:30:06,2025-12-05T09:29:57.429000,25.99,478.0,1.2957184101446733,39.73580102313872,10.820740306941616,27.836585348286185,33.11508501955695,10.21049143361344,1.6,-1598.1045196779748,True,"blue_error:RPC错误: HTTPConnectionPool(host='192.168.0.63', port=80): Max retries exceeded with url: /rpc/Light.Set (Caused by NewConnectionError('<urllib3.connection.HTTPConnection object at 0x7ffeadf1abd0>: Failed to establish a new connection: [Errno 113] No route to host'))"
2025-12-05 09:45:06,2025-12-05T09:45:00.317000,26.22,478.0,1.4580925493023078,59.597558235090084,16.379267470527026,28.63800995242716,48.389705706950174,13.107617320757829,1.6,-1502.9640590715403,True,"blue_error:RPC错误: HTTPConnectionPool(host='192.168.0.63', port=80): Max retries exceeded with url: /rpc/Light.Set (Caused by NewConnectionError('<urllib3.connection.HTTPConnection object at 0x7ffeadf4ff10>: Failed to establish a new connection: [Errno 113] No route to host'))"
2025-12-05 10:00:06,2025-12-05T09:59:57.587000,26.74,476.0,1.0583113752096525,21.808550314007128,4.9361834380023755,26.664823391732423,18.806970945654214,5.767201046419539,1.6,-1481.4934382050415,True,"blue_error:RPC错误: HTTPConnectionPool(host='192.168.0.63', port=80): Max retries exceeded with url: /rpc/Light.Set (Caused by NewConnectionError('<urllib3.connection.HTTPConnection object at 0x7ffeadf17b50>: Failed to establish a new connection: [Errno 113] No route to host'))"
2025-12-05 10:15:06,2025-12-05T10:15:00.503000,26.5,473.0,1.2457983595126874,34.97687221391075,9.325624071303583,27.590196625155848,29.357134698822897,9.260736406530082,1.6,-1469.5842289446784,True,"blue_error:RPC错误: HTTPConnectionPool(host='192.168.0.63', port=80): Max retries exceeded with url: /rpc/Light.Set (Caused by NewConnectionError('<urllib3.connection.HTTPConnection object at 0x7ffeadf1bbd0>: Failed to establish a new connection: [Errno 113] No route to host'))"
2025-12-05 10:30:06,2025-12-05T10:29:57.778000,26.62,471.0,1.1250432920549533,26.385004947967076,6.461668315989025,26.99418988025554,22.473523613809938,6.974004211861992,1.6,-1467.0483863083384,True,"blue_error:RPC错误: HTTPConnectionPool(host='192.168.0.63', port=80): Max retries exceeded with url: /rpc/Light.Set (Caused by NewConnectionError('<urllib3.connection.HTTPConnection object at 0x7ffeadee1490>: Failed to establish a new connection: [Errno 113] No route to host'))"
2025-12-05 10:45:06,2025-12-05T10:45:00.662000,26.69,469.0,1.0875520455605732,23.813866625207766,5.6046222084025885,26.809145589727592,20.413585335922253,6.288319836639218,1.6,-1496.3124114925638,True,"blue_error:RPC错误: HTTPConnectionPool(host='192.168.0.63', port=80): Max retries exceeded with url: /rpc/Light.Set (Caused by NewConnectionError('<urllib3.connection.HTTPConnection object at 0x7ffeadf3abd0>: Failed to establish a new connection: [Errno 113] No route to host'))"
2025-12-05 11:00:06,2025-12-05T10:59:57.875000,26.73,468.0,0.6600173238211289,19.0,4.0,24.698976772795962,16.55682351251732,0.6003637951019538,1.6,-1440.1538431130584,True,"blue_error:RPC错误: HTTPConnectionPool(host='192.168.0.63', port=80): Max retries exceeded with url: /rpc/Light.Set (Caused by NewConnectionError('<urllib3.connection.HTTPConnection object at 0x7ffece35b9d0>: Failed to establish a new connection: [Errno 113] No route to host'))"
2025-12-05 11:15:06,2025-12-05T11:15:00.769000,26.55,466.0,1.3563811131424033,47.449003950413406,13.112250987603352,28.135996221152336,39.126748901425046,11.3397587735106,1.6,-1383.055491775925,True,"blue_error:RPC错误: HTTPConnectionPool(host='192.168.0.63', port=80): Max retries exceeded with url: /rpc/Light.Set (Caused by NewConnectionError('<urllib3.connection.HTTPConnection object at 0x7ffeadf23a90>: Failed to establish a new connection: [Errno 113] No route to host'))"
2025-12-05 11:30:06,2025-12-05T11:29:58.037000,27.12,463.0,1.6141185374456317,84.98747007159065,24.99498802863626,29.408102200073046,68.82311740247249,15.301995763431199,1.6,-1369.234487419415,True,"blue_error:RPC错误: HTTPConnectionPool(host='192.168.0.63', port=80): Max retries exceeded with url: /rpc/Light.Set (Caused by NewConnectionError('<urllib3.connection.HTTPConnection object at 0x7ffeadf38cd0>: Failed to establish a new connection: [Errno 113] No route to host'))"
2025-12-05 11:45:09,2025-12-05T11:45:00.919000,27.99,460.0,1.3728857363144682,49.19820723956254,13.549551809890636,28.217457537349535,40.440582391256406,11.639275625840806,1.6,-1409.1583816966386,True,"blue_error:RPC错误: HTTPConnectionPool(host='192.168.0.63', port=80): Max retries exceeded with url: /rpc/Light.Set (Caused by NewConnectionError('<urllib3.connection.HTTPConnection object at 0x7ffeadf2f090>: Failed to establish a new connection: [Errno 113] No route to host'))"
2025-12-05 12:00:06,2025-12-05T11:59:58.140000,27.99,459.0,1.0868373400333506,23.764852336744315,5.588284112248106,26.805618041577358,20.37431618883843,6.275428713649823,1.6,-1339.7758130751592,True,"blue_error:RPC错误: HTTPConnectionPool(host='192.168.0.63', port=80): Max retries exceeded with url: /rpc/Light.Set (Caused by NewConnectionError('<urllib3.connection.HTTPConnection object at 0x7ffeadf31d90>: Failed to establish a new connection: [Errno 113] No route to host'))"
2025-12-05 12:15:06,2025-12-05T12:14:55.451000,27.74,458.0,1.270764512402119,36.76879704372247,9.92293234790749,27.713421230380153,30.792784626853663,9.737048525608543,1.6,-1395.0208175556709,True,"blue_error:RPC错误: HTTPConnectionPool(host='192.168.0.63', port=80): Max retries exceeded with url: /rpc/Light.Set (Caused by NewConnectionError('<urllib3.connection.HTTPConnection object at 0x7ffeadf19010>: Failed to establish a new connection: [Errno 113] No route to host'))"
2025-12-05 12:30:06,2025-12-05T12:29:58.296000,27.94,457.0,1.4149627989019344,53.65764478675265,14.664411196688162,28.425135886885467,43.79008352223115,12.382561306200977,1.6,-1737.5564329988251,True,"blue_error:RPC错误: HTTPConnectionPool(host='192.168.0.63', port=80): Max retries exceeded with url: /rpc/Light.Set (Caused by NewConnectionError('<urllib3.connection.HTTPConnection object at 0x7ffeadf4d5d0>: Failed to establish a new connection: [Errno 113] No route to host'))"
2025-12-05 12:45:06,2025-12-05T12:44:49.995000,28.25,456.0,1.5437631027509444,72.4782295665045,20.24346886995135,29.060851235776216,58.45141767065969,14.406581953448237,1.6,-1606.8741509332713,True,"blue_error:RPC错误: HTTPConnectionPool(host='192.168.0.63', port=80): Max retries exceeded with url: /rpc/Light.Set (Caused by NewConnectionError('<urllib3.connection.HTTPConnection object at 0x7ffeadf3b8d0>: Failed to establish a new connection: [Errno 113] No route to host'))"
2025-12-05 13:00:06,2025-12-05T12:59:58.433000,28.74,453.0,1.1962232331850948,31.418658811914387,8.139552937304796,27.345510333370438,26.50637403659639,8.313858142895697,1.6,-1427.5861151615468,True,"blue_error:RPC错误: HTTPConnectionPool(host='192.168.0.63', port=80): Max retries exceeded with url: /rpc/Light.Set (Caused by NewConnectionError('<urllib3.connection.HTTPConnection object at 0x7ffeadf19c10>: Failed to establish a new connection: [Errno 113] No route to host'))"
2025-12-05 13:15:06,2025-12-05T13:14:55.741000,28.62,451.0,1.3719629891214087,49.10041206978946,13.525103017447366,28.212903164912174,40.36712805350809,11.62263745497372,1.6,-1530.175753372755,True,"blue_error:RPC错误: HTTPConnectionPool(host='192.168.0.63', port=80): Max retries exceeded with url: /rpc/Light.Set (Caused by NewConnectionError('<urllib3.connection.HTTPConnection object at 0x7ffeadf16f10>: Failed to establish a new connection: [Errno 113] No route to host'))"
2025-12-05 13:30:06,2025-12-05T13:29:58.555000,28.74,452.0,1.2573244877045762,35.804150464993704,9.601383488331233,27.64708575030462,30.01993145339069,9.480853126611393,1.6,-1660.6822570535473,True,"blue_error:RPC错误: HTTPConnectionPool(host='192.168.0.63', port=80): Max retries exceeded with url: /rpc/Light.Set (Caused by NewConnectionError('<urllib3.connection.HTTPConnection object at 0x7ffeadeff4d0>: Failed to establish a new connection: [Errno 113] No route to host'))"
2025-12-05 13:45:06,2025-12-05T13:44:55.817000,28.72,450.0,1.4649424822949046,60.63371561183816,16.69011468355145,28.671818937438346,49.19909807522569,13.218809218903473,1.6,-1603.113935225824,True,"blue_error:RPC错误: HTTPConnectionPool(host='192.168.0.63', port=80): Max retries exceeded with url: /rpc/Light.Set (Caused by NewConnectionError('<urllib3.connection.HTTPConnection object at 0x7ffeadefed50>: Failed to establish a new connection: [Errno 113] No route to host'))"
2025-12-05 14:00:06,2025-12-05T13:59:58.683000,29.25,448.0,1.429399921189119,55.25735836599632,15.077207509798896,28.496392708162343,44.999366816674666,12.629816018435891,1.6,-1377.9046478730595,True,"blue_error:RPC错误: HTTPConnectionPool(host='192.168.0.63', port=80): Max retries exceeded with url: /rpc/Light.Set (Caused by NewConnectionError('<urllib3.connection.HTTPConnection object at 0x7ffeadf2bcd0>: Failed to establish a new connection: [Errno 113] No route to host'))"
2025-12-05 14:15:06,2025-12-05T14:14:55.890000,29.38,448.0,1.2594298554352168,35.955261480340255,9.651753826780086,27.6574771433482,30.140998205018732,9.521025428314976,1.6,-1328.4312679518098,True,"blue_error:RPC错误: HTTPConnectionPool(host='192.168.0.63', port=80): Max retries exceeded with url: /rpc/Light.Set (Caused by NewConnectionError('<urllib3.connection.HTTPConnection object at 0x7ffeadf19d50>: Failed to establish a new connection: [Errno 113] No route to host'))"
2025-12-05 14:30:06,2025-12-05T14:29:58.726000,29.16,448.0,1.3055359267894946,40.999690717156724,11.199907215147018,27.885041336607607,34.102370055244116,10.395655173948294,1.6,-1446.748352749694,True,"blue_error:RPC错误: HTTPConnectionPool(host='192.168.0.63', port=80): Max retries exceeded with url: /rpc/Light.Set (Caused by NewConnectionError('<urllib3.connection.HTTPConnection object at 0x7ffeadeff9d0>: Failed to establish a new connection: [Errno 113] No route to host'))"
2025-12-05 14:45:06,2025-12-05T14:44:56.081000,29.25,445.0,1.6429809948421275,90.51254552900679,26.653763658702033,29.55055766504747,73.13977251202756,15.618495643346309,1.6,-1636.9852407409742,True,"blue_error:RPC错误: HTTPConnectionPool(host='192.168.0.63', port=80): Max retries exceeded with url: /rpc/Light.Set (Caused by NewConnectionError('<urllib3.connection.HTTPConnection object at 0x7ffeadf3f110>: Failed to establish a new connection: [Errno 113] No route to host'))"
2025-12-05 15:00:06,2025-12-05T14:59:58.905000,30.0,445.0,1.1591269181555386,28.756101697473312,7.252033899157771,27.162415292855464,24.373193076027437,7.610808317078105,1.6,-1569.4566440143929,True,"blue_error:RPC错误: HTTPConnectionPool(host='192.168.0.63', port=80): Max retries exceeded with url: /rpc/Light.Set (Caused by NewConnectionError('<urllib3.connection.HTTPConnection object at 0x7ffeadf21450>: Failed to establish a new connection: [Errno 113] No route to host'))"
2025-12-05 15:15:06,2025-12-05T15:14:56.157000,29.74,442.0,1.38291949065789,50.261610863932134,13.815402715983033,28.26698080284268,41.23930904788441,11.819321997264542,1.6,-1498.2484842346755,True,"blue_error:RPC错误: HTTPConnectionPool(host='192.168.0.63', port=80): Max retries exceeded with url: /rpc/Light.Set (Caused by NewConnectionError('<urllib3.connection.HTTPConnection object at 0x7ffeadf3e5d0>: Failed to establish a new connection: [Errno 113] No route to host'))"
2025-12-05 15:30:06,2025-12-05T15:29:59.009000,29.74,442.0,0.47912897936218246,19.0,4.0,23.806172225201156,16.55682351251732,0.0,1.6,-1476.144454906181,True,"blue_error:RPC错误: HTTPConnectionPool(host='192.168.0.63', port=80): Max retries exceeded with url: /rpc/Light.Set (Caused by NewConnectionError('<urllib3.connection.HTTPConnection object at 0x7ffeadf2aad0>: Failed to establish a new connection: [Errno 113] No route to host'))"
2025-12-05 15:45:06,2025-12-05T15:44:56.245000,29.48,440.0,1.14670414590147,27.870499740379902,6.956833246793301,27.101100631618767,23.663668678121386,7.377472296223626,1.6,-1466.634545269465,True,"blue_error:RPC错误: HTTPConnectionPool(host='192.168.0.63', port=80): Max retries exceeded with url: /rpc/Light.Set (Caused by NewConnectionError('<urllib3.connection.HTTPConnection object at 0x7ffeadee7e50>: Failed to establish a new connection: [Errno 113] No route to host'))"
2025-12-05 16:00:06,2025-12-05T15:59:59.106000,29.27,441.0,1.4866431850296367,63.9162795790348,17.674883873710442,28.778926369625438,51.7632666880706,13.563182759830735,1.6,-1536.5776577689994,True,"blue_error:RPC错误: HTTPConnectionPool(host='192.168.0.63', port=80): Max retries exceeded with url: /rpc/Light.Set (Caused by NewConnectionError('<urllib3.connection.HTTPConnection object at 0x7ffeaec17910>: Failed to establish a new connection: [Errno 113] No route to host'))"
2025-12-05 16:15:06,2025-12-05T16:14:56.301000,29.87,440.0,1.5381242984892851,71.63411369573353,19.99023410872006,29.03301997830706,57.79203816029369,14.327688477192876,1.6,-1519.462827824019,True,"blue_error:RPC错误: HTTPConnectionPool(host='192.168.0.63', port=80): Max retries exceeded with url: /rpc/Light.Set (Caused by NewConnectionError('<urllib3.connection.HTTPConnection object at 0x7ffeadeff110>: Failed to establish a new connection: [Errno 113] No route to host'))"
2025-12-05 16:30:06,2025-12-05T16:29:59.142000,30.37,439.0,1.3578702760456811,47.60682934402199,13.151707336005497,28.143346232653258,39.24529217707234,11.366944484141666,1.6,-1640.6215951503264,True,"blue_error:RPC错误: HTTPConnectionPool(host='192.168.0.63', port=80): Max retries exceeded with url: /rpc/Light.Set (Caused by NewConnectionError('<urllib3.connection.HTTPConnection object at 0x7ffeadf19350>: Failed to establish a new connection: [Errno 113] No route to host'))"
2025-12-05 16:45:06,2025-12-05T16:44:56.386000,30.37,436.0,1.279321762997776,37.624925727974876,10.187477718392461,27.755656965742556,31.466178789068064,9.899786798836715,1.6,-1512.5297149397886,True,"blue_error:RPC错误: HTTPConnectionPool(host='192.168.0.63', port=80): Max retries exceeded with url: /rpc/Light.Set (Caused by NewConnectionError('<urllib3.connection.HTTPConnection object at 0x7ffeadf1add0>: Failed to establish a new connection: [Errno 113] No route to host'))"
2025-12-05 17:00:06,2025-12-05T16:59:59.292000,30.06,435.0,1.2147828681646378,32.75076115460906,8.583587051536352,27.437114502566626,27.57362451530099,8.667927348980939,1.6,-1567.9398961671404,True,"blue_error:RPC错误: HTTPConnectionPool(host='192.168.0.63', port=80): Max retries exceeded with url: /rpc/Light.Set (Caused by NewConnectionError('<urllib3.connection.HTTPConnection object at 0x7ffeadf22ad0>: Failed to establish a new connection: [Errno 113] No route to host'))"
2025-12-05 17:15:06,2025-12-05T17:14:56.455000,29.97,434.0,1.6124217890017865,84.66798008715578,24.867192034862317,29.399727615567226,68.55435079250867,15.282434623903292,1.6,-1707.2287047627442,True,"blue_error:RPC错误: HTTPConnectionPool(host='192.168.0.63', port=80): Max retries exceeded with url: /rpc/Light.Set (Caused by NewConnectionError('<urllib3.connection.HTTPConnection object at 0x7ffeadf20150>: Failed to establish a new connection: [Errno 113] No route to host'))"
2025-12-05 17:30:06,2025-12-05T17:29:59.362000,30.73,434.0,0.9875987801599014,19.0,4.0,26.315809603024903,16.55682351251732,4.569245092087911,1.6,-1433.9839262486678,True,"blue_error:RPC错误: HTTPConnectionPool(host='192.168.0.63', port=80): Max retries exceeded with url: /rpc/Light.Set (Caused by NewConnectionError('<urllib3.connection.HTTPConnection object at 0x7ffeadf30d90>: Failed to establish a new connection: [Errno 113] No route to host'))"
2025-12-05 17:45:06,2025-12-05T17:44:56.551000,29.99,434.0,1.5618298377286373,75.17670078773459,21.070680315093835,29.15002261493014,60.569940996259625,14.65249313064513,1.6,-1431.2529361462161,True,"blue_error:RPC错误: HTTPConnectionPool(host='192.168.0.63', port=80): Max retries exceeded with url: /rpc/Light.Set (Caused by NewConnectionError('<urllib3.connection.HTTPConnection object at 0x7ffeadf3e250>: Failed to establish a new connection: [Errno 113] No route to host'))"
2025-12-05 18:00:06,2025-12-05T17:59:59.429000,30.62,433.0,1.2245407161686472,33.45112256797343,8.817040855991143,27.485275986374642,28.13473834996878,8.854387241519607,1.6,-1552.2614024159473,True,"blue_error:RPC错误: HTTPConnectionPool(host='192.168.0.63', port=80): Max retries exceeded with url: /rpc/Light.Set (Caused by NewConnectionError('<urllib3.connection.HTTPConnection object at 0x7ffeadf1b990>: Failed to establish a new connection: [Errno 113] No route to host'))"
2025-12-05 18:15:06,2025-12-05T18:14:56.621000,30.49,430.0,1.6154444798688787,85.24109293336586,25.07232788000976,29.414646609713508,69.02198732187757,15.317209181797509,1.6,-1432.6818559695707,True,"blue_error:RPC错误: HTTPConnectionPool(host='192.168.0.63', port=80): Max retries exceeded with url: /rpc/Light.Set (Caused by NewConnectionError('<urllib3.connection.HTTPConnection object at 0x7ffeb12b8e10>: Failed to establish a new connection: [Errno 113] No route to host'))"
2025-12-05 18:30:06,2025-12-05T18:29:59.455000,30.88,428.0,0.8277540978964815,19.0,4.0,25.526869554618315,16.55682351251732,2.2790982786950336,1.6,-1397.1055639972208,True,"blue_error:RPC错误: HTTPConnectionPool(host='192.168.0.63', port=80): Max retries exceeded with url: /rpc/Light.Set (Caused by NewConnectionError('<urllib3.connection.HTTPConnection object at 0x7ffeaec56f50>: Failed to establish a new connection: [Errno 113] No route to host'))"
2025-12-05 18:45:06,2025-12-05T18:44:56.675000,30.22,429.0,1.2687650650406799,36.62528837465633,9.875096124885442,27.703552624957794,30.6778087043211,9.698976650372297,1.6,-1407.7236219421245,True,"blue_error:RPC错误: HTTPConnectionPool(host='192.168.0.63', port=80): Max retries exceeded with url: /rpc/Light.Set (Caused by NewConnectionError('<urllib3.connection.HTTPConnection object at 0x7ffeadee74d0>: Failed to establish a new connection: [Errno 113] No route to host'))"
2025-12-05 19:00:06,2025-12-05T18:59:59.503000,30.3,429.0,1.4120471577502478,53.34863748380852,14.58715937095213,28.41074525443667,43.5579869181778,12.332110497825795,1.6,-1330.2351191915975,True,"blue_error:RPC错误: HTTPConnectionPool(host='192.168.0.63', port=80): Max retries exceeded with url: /rpc/Light.Set (Caused by NewConnectionError('<urllib3.connection.HTTPConnection object at 0x7ffeadf397d0>: Failed to establish a new connection: [Errno 113] No route to host'))"
2025-12-05 19:15:06,2025-12-05T19:14:56.807000,30.44,428.0,0.9012956996053816,19.0,4.0,25.889846376809388,16.55682351251732,3.25333246156727,1.6,-1396.8621189912865,True,"blue_error:RPC错误: HTTPConnectionPool(host='192.168.0.63', port=80): Max retries exceeded with url: /rpc/Light.Set (Caused by NewConnectionError('<urllib3.connection.HTTPConnection object at 0x7ffeadf3e250>: Failed to establish a new connection: [Errno 113] No route to host'))"
2025-12-05 19:30:06,2025-12-05T19:29:59.646000,29.99,427.0,1.2376740395890746,34.393755917982816,9.13125197266094,27.5500976912217,28.889955018986402,9.105457564409228,1.6,-1381.483402244151,True,"blue_error:RPC错误: HTTPConnectionPool(host='192.168.0.63', port=80): Max retries exceeded with url: /rpc/Light.Set (Caused by NewConnectionError('<urllib3.connection.HTTPConnection object at 0x7ffeb12a8e10>: Failed to establish a new connection: [Errno 113] No route to host'))"
2025-12-05 19:45:06,2025-12-05T19:44:56.807000,29.99,428.0,1.456272818473231,59.32229605014876,16.29668881504463,28.62902836787865,48.174685173616155,13.077885217138789,1.6,-1388.3719581884825,True,"blue_error:RPC错误: HTTPConnectionPool(host='192.168.0.63', port=80): Max retries exceeded with url: /rpc/Light.Set (Caused by NewConnectionError('<urllib3.connection.HTTPConnection object at 0x7ffeadf2c650>: Failed to establish a new connection: [Errno 113] No route to host'))"
2025-12-05 20:00:06,2025-12-05T19:59:59.728000,30.37,428.0,1.554630338552139,74.10502946689678,20.731508840069033,29.114488287804704,59.72218932527197,14.555768625373084,1.6,-1434.0687188838397,True,"blue_error:RPC错误: HTTPConnectionPool(host='192.168.0.63', port=80): Max retries exceeded with url: /rpc/Light.Set (Caused by NewConnectionError('<urllib3.connection.HTTPConnection object at 0x7ffeadf2f090>: Failed to establish a new connection: [Errno 113] No route to host'))"
2025-12-05 20:15:06,2025-12-05T20:14:56.961000,30.72,427.0,1.2829243473496055,38.0887160528438,10.32661481585314,27.773438120753,31.828467721090206,9.968189772985905,1.6,-1561.3024706052727,True,"blue_error:RPC错误: HTTPConnectionPool(host='192.168.0.63', port=80): Max retries exceeded with url: /rpc/Light.Set (Caused by NewConnectionError('<urllib3.connection.HTTPConnection object at 0x7ffeadf1a8d0>: Failed to establish a new connection: [Errno 113] No route to host'))"
2025-12-05 20:30:06,2025-12-05T20:29:59.786000,30.5,424.0,1.2359793640166665,34.27212199023583,9.09070733007861,27.541733337718057,28.79250464790448,9.073060746640015,1.6,-1408.698854093415,True,"blue_error:RPC错误: HTTPConnectionPool(host='192.168.0.63', port=80): Max retries exceeded with url: /rpc/Light.Set (Caused by NewConnectionError('<urllib3.connection.HTTPConnection object at 0x7ffeadf39210>: Failed to establish a new connection: [Errno 113] No route to host'))"
2025-12-05 20:45:06,2025-12-05T20:44:57.030000,30.25,424.0,1.3907372545537149,51.09015800359137,14.022539500897842,28.3055666784506,41.86163407250622,11.958448521944185,1.6,-1456.4054052669917,True,"blue_error:RPC错误: HTTPConnectionPool(host='192.168.0.63', port=80): Max retries exceeded with url: /rpc/Light.Set (Caused by NewConnectionError('<urllib3.connection.HTTPConnection object at 0x7ffeadf1bb50>: Failed to establish a new connection: [Errno 113] No route to host'))"
2025-12-05 21:00:06,2025-12-05T20:59:59.815000,30.44,422.0,1.4219309181356126,54.39614435476236,14.84903608869059,28.45952819977118,44.344773460613965,12.502439748355924,1.6,-1522.3887271166452,True,"blue_error:RPC错误: HTTPConnectionPool(host='192.168.0.63', port=80): Max retries exceeded with url: /rpc/Light.Set (Caused by NewConnectionError('<urllib3.connection.HTTPConnection object at 0x7ffeadf23ad0>: Failed to establish a new connection: [Errno 113] No route to host'))"
2025-12-05 21:15:06,2025-12-05T21:14:57.042000,30.44,423.0,1.3762403987431826,49.55374316989655,13.638435792474137,28.23401503242176,40.70762683086433,11.699651677935424,1.6,-1468.4659300351157,True,"blue_error:RPC错误: HTTPConnectionPool(host='192.168.0.63', port=80): Max retries exceeded with url: /rpc/Light.Set (Caused by NewConnectionError('<urllib3.connection.HTTPConnection object at 0x7ffeadf19f10>: Failed to establish a new connection: [Errno 113] No route to host'))"
2025-12-05 21:30:06,2025-12-05T21:29:59.919000,30.42,420.0,1.2997288389466661,40.25209651973006,10.975628955919017,27.856379487499154,33.51838826681806,10.286218002855154,1.6,-1382.8538585944598,True,"blue_error:RPC错误: HTTPConnectionPool(host='192.168.0.63', port=80): Max retries exceeded with url: /rpc/Light.Set (Caused by NewConnectionError('<urllib3.connection.HTTPConnection object at 0x7ffeadf19350>: Failed to establish a new connection: [Errno 113] No route to host'))"
2025-12-05 21:45:06,2025-12-05T21:44:57.134000,30.37,420.0,1.1579982341403212,28.675091342340234,7.225030447446745,27.156844484937476,24.308289398941398,7.589556661959405,1.6,-1568.0404905654848,True,"blue_error:RPC错误: HTTPConnectionPool(host='192.168.0.63', port=80): Max retries exceeded with url: /rpc/Light.Set (Caused by NewConnectionError('<urllib3.connection.HTTPConnection object at 0x7ffeadf1a310>: Failed to establish a new connection: [Errno 113] No route to host'))"
2025-12-05 22:00:06,2025-12-05T21:59:59.999000,30.12,422.0,0.7165973117830275,19.0,4.0,24.978236725704132,16.55682351251732,1.0823681887151224,1.6,-1421.4934624806092,True,"blue_error:RPC错误: HTTPConnectionPool(host='192.168.0.63', port=80): Max retries exceeded with url: /rpc/Light.Set (Caused by NewConnectionError('<urllib3.connection.HTTPConnection object at 0x7ffeadf14210>: Failed to establish a new connection: [Errno 113] No route to host'))"
2025-12-05 22:15:06,2025-12-05T22:14:57.169000,29.97,422.0,1.3364223070646262,44.97594857620009,12.392784572860027,28.037486209995446,37.20841633511122,10.972596469339532,1.6,-1556.0661731210307,True,"blue_error:RPC错误: HTTPConnectionPool(host='192.168.0.63', port=80): Max retries exceeded with url: /rpc/Light.Set (Caused by NewConnectionError('<urllib3.connection.HTTPConnection object at 0x7ffeadf18f50>: Failed to establish a new connection: [Errno 113] No route to host'))"
2025-12-05 22:30:06,2025-12-05T22:29:59.956000,29.94,421.0,1.270626635301794,36.75890102968183,9.919633676560611,27.712740714990687,30.78485616266316,9.734423712930282,1.6,-1508.2750297952412,True,"blue_error:RPC错误: HTTPConnectionPool(host='192.168.0.63', port=80): Max retries exceeded with url: /rpc/Light.Set (Caused by NewConnectionError('<urllib3.connection.HTTPConnection object at 0x7ffeadf14210>: Failed to establish a new connection: [Errno 113] No route to host'))"
2025-12-05 22:45:06,2025-12-05T22:44:57.269000,30.02,420.0,1.2850830887187925,38.36662859094019,10.409988577282055,27.78409294827799,32.045558572761074,10.009143820649967,1.6,-1441.2885335299022,True,"blue_error:RPC错误: HTTPConnectionPool(host='192.168.0.63', port=80): Max retries exceeded with url: /rpc/Light.Set (Caused by NewConnectionError('<urllib3.connection.HTTPConnection object at 0x7ffeadf3f490>: Failed to establish a new connection: [Errno 113] No route to host'))"
2025-12-05 23:00:06,2025-12-05T23:00:00.057000,30.12,420.0,1.2388277902439695,34.476565410301234,9.158855136767079,27.555792219714192,28.956300124377734,9.127512699123328,1.6,-1412.3791878189106,True,"blue_error:RPC错误: HTTPConnectionPool(host='192.168.0.63', port=80): Max retries exceeded with url: /rpc/Light.Set (Caused by NewConnectionError('<urllib3.connection.HTTPConnection object at 0x7ffeadf30bd0>: Failed to establish a new connection: [Errno 113] No route to host'))"
2025-12-05 23:15:06,2025-12-05T23:14:57.367000,29.97,418.0,1.1890911410816665,30.906758841372774,7.968919613790925,27.310308705079507,26.09625127718118,8.178114111840223,1.6,-1592.1314399056455,True,"blue_error:RPC错误: HTTPConnectionPool(host='192.168.0.63', port=80): Max retries exceeded with url: /rpc/Light.Set (Caused by NewConnectionError('<urllib3.connection.HTTPConnection object at 0x7ffeb12900d0>: Failed to establish a new connection: [Errno 113] No route to host'))"
2025-12-05 23:30:06,2025-12-05T23:30:00.146000,29.97,418.0,1.3154613648152074,42.27747401848986,11.58324220554696,27.934029988876674,35.10050805591617,10.582059107152547,1.6,-1589.8149125351506,True,"blue_error:RPC错误: HTTPConnectionPool(host='192.168.0.63', port=80): Max retries exceeded with url: /rpc/Light.Set (Caused by NewConnectionError('<urllib3.connection.HTTPConnection object at 0x7ffeadf3bf10>: Failed to establish a new connection: [Errno 113] No route to host'))"
2025-12-05 23:45:06,2025-12-05T23:44:57.441000,30.06,422.0,1.2389327906570087,34.4841017274943,9.1613672424981,27.55631046673857,28.96233805245141,9.129519846470226,1.6,-1440.2810434963756,True,"blue_error:RPC错误: HTTPConnectionPool(host='192.168.0.63', port=80): Max retries exceeded with url: /rpc/Light.Set (Caused by NewConnectionError('<urllib3.connection.HTTPConnection object at 0x7ffeadf2c910>: Failed to establish a new connection: [Errno 113] No route to host'))"
2025-12-06 00:00:06,2025-12-06T00:00:00.243000,29.98,421.0,1.1052698601745063,25.028948981998894,6.009649660666298,26.89659481432012,21.387082030123384,6.6101458291273865,1.6,-1504.4764036000802,True,"blue_error:RPC错误: HTTPConnectionPool(host='192.168.0.63', port=80): Max retries exceeded with url: /rpc/Light.Set (Caused by NewConnectionError('<urllib3.connection.HTTPConnection object at 0x7ffeadf18710>: Failed to establish a new connection: [Errno 113] No route to host'))"
2025-12-06 00:15:06,2025-12-06T00:14:57.466000,29.87,421.0,1.1115901357604538,25.462391566306287,6.154130522102096,26.927789586996408,21.734346493796092,6.725939535042878,1.6,-1454.7542024404688,True,"blue_error:RPC错误: HTTPConnectionPool(host='192.168.0.63', port=80): Max retries exceeded with url: /rpc/Light.Set (Caused by NewConnectionError('<urllib3.connection.HTTPConnection object at 0x7ffeadf39d10>: Failed to establish a new connection: [Errno 113] No route to host'))"
2025-12-06 00:30:06,2025-12-06T00:30:00.275000,29.74,422.0,1.214935472936709,32.7617142350229,8.587238078340967,27.43786770883261,27.58239987732859,8.670842296100282,1.6,-1395.7804091481448,True,"blue_error:RPC错误: HTTPConnectionPool(host='192.168.0.63', port=80): Max retries exceeded with url: /rpc/Light.Set (Caused by NewConnectionError('<urllib3.connection.HTTPConnection object at 0x7ffeadf14210>: Failed to establish a new connection: [Errno 113] No route to host'))"
2025-12-06 00:45:06,2025-12-06T00:44:57.597000,29.72,423.0,1.3028215357963722,40.650244831210365,11.09507344936311,27.871644007830792,33.829401064666705,10.344533979000307,1.6,-1400.357766013932,True,"blue_error:RPC错误: HTTPConnectionPool(host='192.168.0.63', port=80): Max retries exceeded with url: /rpc/Light.Set (Caused by NewConnectionError('<urllib3.connection.HTTPConnection object at 0x7ffeadf19250>: Failed to establish a new connection: [Errno 113] No route to host'))"
2025-12-06 09:00:06,2025-12-06T04:02:07.067000,27.37,473.0,1.6297047937250966,87.97101603965011,25.891304811895033,29.485030763535256,71.15446157510355,15.47675311091327,1.6,-1492.7718891550264,True,"blue_error:RPC错误: HTTPConnectionPool(host='192.168.0.63', port=80): Max retries exceeded with url: /rpc/Light.Set (Caused by NewConnectionError('<urllib3.connection.HTTPConnection object at 0x7ffeadf39ad0>: Failed to establish a new connection: [Errno 113] No route to host'))"
2025-12-06 09:15:06,2025-12-06T09:14:59.168000,27.99,471.0,1.2429125725943502,34.769747261363364,9.256582420454455,27.575953343247402,29.191190838750778,9.205588864068304,1.6,-1423.9265543143,True,"blue_error:RPC错误: HTTPConnectionPool(host='192.168.0.63', port=80): Max retries exceeded with url: /rpc/Light.Set (Caused by NewConnectionError('<urllib3.connection.HTTPConnection object at 0x7ffeadf38510>: Failed to establish a new connection: [Errno 113] No route to host'))"
2025-12-06 09:30:06,2025-12-06T09:29:56.489000,27.99,470.0,1.061915408688962,22.05571383780592,5.01857127926864,26.68261169915287,19.00499280976938,5.8307027200902475,1.6,-1480.991970547003,True,"blue_error:RPC错误: HTTPConnectionPool(host='192.168.0.63', port=80): Max retries exceeded with url: /rpc/Light.Set (Caused by NewConnectionError('<urllib3.connection.HTTPConnection object at 0x7ffeadf3c990>: Failed to establish a new connection: [Errno 113] No route to host'))"
2025-12-06 09:45:06,2025-12-06T09:44:59.370000,27.99,467.0,1.3878855199020608,50.78792367927812,13.94698091981953,28.291491467175124,41.63462467941708,11.907819571468886,1.6,-1542.0020682526253,True,"blue_error:RPC错误: HTTPConnectionPool(host='192.168.0.63', port=80): Max retries exceeded with url: /rpc/Light.Set (Caused by NewConnectionError('<urllib3.connection.HTTPConnection object at 0x7ffeadefca10>: Failed to establish a new connection: [Errno 113] No route to host'))"
2025-12-06 10:00:06,2025-12-06T09:59:56.620000,28.44,468.0,1.3678062892713765,48.65987410816012,13.41496852704003,28.19238708058294,40.03623825292224,11.54752547304527,1.6,-1540.4378027465684,True,"blue_error:RPC错误: HTTPConnectionPool(host='192.168.0.63', port=80): Max retries exceeded with url: /rpc/Light.Set (Caused by NewConnectionError('<urllib3.connection.HTTPConnection object at 0x7ffeadf30590>: Failed to establish a new connection: [Errno 113] No route to host'))"
2025-12-06 10:15:06,2025-12-06T10:14:59.537000,28.56,465.0,1.5409598493520615,72.05858905869702,20.117576717609104,29.047015311797427,58.123616284441106,14.367486464471963,1.6,-1376.270888851116,True,"blue_error:RPC错误: HTTPConnectionPool(host='192.168.0.63', port=80): Max retries exceeded with url: /rpc/Light.Set (Caused by NewConnectionError('<urllib3.connection.HTTPConnection object at 0x7ffeadee5d10>: Failed to establish a new connection: [Errno 113] No route to host'))"
2025-12-06 10:30:06,2025-12-06T10:29:56.736000,29.25,463.0,1.2108282128951955,32.46691906640093,8.488973022133646,27.41759564291158,27.346216609160805,8.592404894831422,1.6,-1408.2025167320987,True,"blue_error:RPC错误: HTTPConnectionPool(host='192.168.0.63', port=80): Max retries exceeded with url: /rpc/Light.Set (Caused by NewConnectionError('<urllib3.connection.HTTPConnection object at 0x7ffeadf18090>: Failed to establish a new connection: [Errno 113] No route to host'))"
2025-12-06 10:45:06,2025-12-06T10:44:59.645000,29.02,464.0,1.1044758227536584,24.974494136312362,5.991498045437455,26.89267571039768,21.343454030784255,6.5956337750097624,1.6,-1545.2077957948816,True,"blue_error:RPC错误: HTTPConnectionPool(host='192.168.0.63', port=80): Max retries exceeded with url: /rpc/Light.Set (Caused by NewConnectionError('<urllib3.connection.HTTPConnection object at 0x7ffeadf1aed0>: Failed to establish a new connection: [Errno 113] No route to host'))"
2025-12-06 11:00:06,2025-12-06T10:59:56.871000,28.74,462.0,0.948577106345614,19.0,4.0,26.123211633595954,16.55682351251732,3.952542797040633,1.6,-1496.1746757412811,True,"blue_error:RPC错误: HTTPConnectionPool(host='192.168.0.63', port=80): Max retries exceeded with url: /rpc/Light.Set (Caused by NewConnectionError('<urllib3.connection.HTTPConnection object at 0x7ffeadf33810>: Failed to establish a new connection: [Errno 113] No route to host'))"
2025-12-06 11:15:06,2025-12-06T11:14:59.725000,28.77,460.0,1.3051907661035689,40.95525534215262,11.186576602645786,27.883337738562265,34.06765944639562,10.389157897288227,1.6,-1558.5964099555747,True,"blue_error:RPC错误: HTTPConnectionPool(host='192.168.0.63', port=80): Max retries exceeded with url: /rpc/Light.Set (Caused by NewConnectionError('<urllib3.connection.HTTPConnection object at 0x7ffeadf3a290>: Failed to establish a new connection: [Errno 113] No route to host'))"
2025-12-06 11:30:06,2025-12-06T11:29:57.017000,29.02,452.0,1.2397845567796073,34.545236531524246,9.181745510508083,27.560514500282125,29.011317884387214,9.145801576489696,1.6,-1564.611868742412,True,"blue_error:RPC错误: HTTPConnectionPool(host='192.168.0.63', port=80): Max retries exceeded with url: /rpc/Light.Set (Caused by NewConnectionError('<urllib3.connection.HTTPConnection object at 0x7ffeadf21c10>: Failed to establish a new connection: [Errno 113] No route to host'))"
2025-12-06 11:45:06,2025-12-06T11:44:59.837000,29.25,452.0,1.6009883525320032,82.51511620623201,24.006046482492806,29.343295985848954,66.74328329374833,15.14791474843599,1.6,-1714.8212221631734,True,"blue_error:RPC错误: HTTPConnectionPool(host='192.168.0.63', port=80): Max retries exceeded with url: /rpc/Light.Set (Caused by NewConnectionError('<urllib3.connection.HTTPConnection object at 0x7ffeadf2cf90>: Failed to establish a new connection: [Errno 113] No route to host'))"
2025-12-06 12:00:06,2025-12-06T11:59:57.103000,29.94,450.0,1.056711253841587,21.698814475506378,4.899604825168793,26.656925726250517,18.719053056452047,5.739076567048746,1.6,-1370.8069936608083,True,"blue_error:RPC错误: HTTPConnectionPool(host='192.168.0.63', port=80): Max retries exceeded with url: /rpc/Light.Set (Caused by NewConnectionError('<urllib3.connection.HTTPConnection object at 0x7ffeadf4c2d0>: Failed to establish a new connection: [Errno 113] No route to host'))"
2025-12-06 12:15:06,2025-12-06T12:14:59.916000,29.62,448.0,1.067306512138184,22.42543407856485,5.141811359521617,26.709220388012376,19.30120436295872,5.926087242461811,1.6,-1411.8543248838334,True,"blue_error:RPC错误: HTTPConnectionPool(host='192.168.0.63', port=80): Max retries exceeded with url: /rpc/Light.Set (Caused by NewConnectionError('<urllib3.connection.HTTPConnection object at 0x7ffeadf3fd50>: Failed to establish a new connection: [Errno 113] No route to host'))"
2025-12-06 12:30:06,2025-12-06T12:29:57.225000,29.47,447.0,1.474395746037872,62.06366667445542,17.119100002336626,28.718477094903267,50.31610163381857,13.37032799273372,1.6,-1323.4469805356016,True,"blue_error:RPC错误: HTTPConnectionPool(host='192.168.0.63', port=80): Max retries exceeded with url: /rpc/Light.Set (Caused by NewConnectionError('<urllib3.connection.HTTPConnection object at 0x7ffeadf395d0>: Failed to establish a new connection: [Errno 113] No route to host'))"
2025-12-06 12:45:06,2025-12-06T12:45:00.002000,29.99,447.0,1.5253028901085453,69.71477870951897,19.41443361285569,28.969737782081904,56.29275327860727,14.144618617433078,1.6,-1541.7817178731325,True,"blue_error:RPC错误: HTTPConnectionPool(host='192.168.0.63', port=80): Max retries exceeded with url: /rpc/Light.Set (Caused by NewConnectionError('<urllib3.connection.HTTPConnection object at 0x7ffeadf2ac50>: Failed to establish a new connection: [Errno 113] No route to host'))"
2025-12-06 13:00:06,2025-12-06T12:59:57.324000,30.37,445.0,1.3578315048645362,47.60272027246817,13.150680068117042,28.143154871032113,39.24220583722093,11.366237079057024,1.6,-1434.4877736499325,True,"blue_error:RPC错误: HTTPConnectionPool(host='192.168.0.63', port=80): Max retries exceeded with url: /rpc/Light.Set (Caused by NewConnectionError('<urllib3.connection.HTTPConnection object at 0x7ffeadf19490>: Failed to establish a new connection: [Errno 113] No route to host'))"
2025-12-06 13:15:06,2025-12-06T13:15:00.176000,30.48,442.0,1.2274067005043297,33.656826206643956,8.885608735547986,27.49942152933865,28.299543485284666,8.909172379926927,1.6,-1600.4710398337534,True,"blue_error:RPC错误: HTTPConnectionPool(host='192.168.0.63', port=80): Max retries exceeded with url: /rpc/Light.Set (Caused by NewConnectionError('<urllib3.connection.HTTPConnection object at 0x7ffeadf3fcd0>: Failed to establish a new connection: [Errno 113] No route to host'))"
2025-12-06 13:30:06,2025-12-06T13:29:57.432000,30.44,440.0,1.4928023826537296,64.84795264210716,17.95438579263215,28.809326115196512,52.491041333023965,13.658649134609668,1.6,-1544.6358847008266,True,"blue_error:RPC错误: HTTPConnectionPool(host='192.168.0.63', port=80): Max retries exceeded with url: /rpc/Light.Set (Caused by NewConnectionError('<urllib3.connection.HTTPConnection object at 0x7ffeadf1b390>: Failed to establish a new connection: [Errno 113] No route to host'))"
2025-12-06 13:45:06,2025-12-06T13:45:00.262000,30.74,436.0,1.2049767860770728,32.04693778007072,8.348979260023574,27.38871495140675,27.0097370350943,8.480728195387233,1.6,-1711.839025034728,True,"blue_error:RPC错误: HTTPConnectionPool(host='192.168.0.63', port=80): Max retries exceeded with url: /rpc/Light.Set (Caused by NewConnectionError('<urllib3.connection.HTTPConnection object at 0x7ffeadf38f50>: Failed to establish a new connection: [Errno 113] No route to host'))"
2025-12-06 14:00:06,2025-12-06T13:59:57.512000,30.56,436.0,1.3084569042973688,41.37573218489471,11.312719655468412,27.899458307531038,34.39611413406106,10.450600259865976,1.6,-1451.2334213697618,True,"blue_error:RPC错误: HTTPConnectionPool(host='192.168.0.63', port=80): Max retries exceeded with url: /rpc/Light.Set (Caused by NewConnectionError('<urllib3.connection.HTTPConnection object at 0x7ffeadf2a6d0>: Failed to establish a new connection: [Errno 113] No route to host'))"
2025-12-06 14:15:06,2025-12-06T14:15:00.414000,30.62,434.0,0.8664606321331181,19.0,4.0,25.71791210018126,16.55682351251732,2.7741460368988404,1.6,-1437.466429383914,True,"blue_error:RPC错误: HTTPConnectionPool(host='192.168.0.63', port=80): Max retries exceeded with url: /rpc/Light.Set (Caused by NewConnectionError('<urllib3.connection.HTTPConnection object at 0x7ffeadf3af50>: Failed to establish a new connection: [Errno 113] No route to host'))"
2025-12-06 14:30:06,2025-12-06T14:29:57.606000,30.47,432.0,1.358150826271336,47.63656279339378,13.159140698348445,28.144730935012287,39.26762508817261,11.372062678942836,1.6,-1413.4953974851942,True,"blue_error:RPC错误: HTTPConnectionPool(host='192.168.0.63', port=80): Max retries exceeded with url: /rpc/Light.Set (Caused by NewConnectionError('<urllib3.connection.HTTPConnection object at 0x7ffeadf3c6d0>: Failed to establish a new connection: [Errno 113] No route to host'))"
2025-12-06 14:45:06,2025-12-06T14:45:00.424000,30.72,432.0,1.3084522202465005,41.375129168487106,11.312538750546132,27.899435188617936,34.395643088938755,10.450512207361623,1.6,-1423.9614084978766,True,"blue_error:RPC错误: HTTPConnectionPool(host='192.168.0.63', port=80): Max retries exceeded with url: /rpc/Light.Set (Caused by NewConnectionError('<urllib3.connection.HTTPConnection object at 0x7ffeadf32cd0>: Failed to establish a new connection: [Errno 113] No route to host'))"
2025-12-06 15:00:06,2025-12-06T14:59:57.736000,30.62,430.0,1.1664482409845134,29.281583545734396,7.427194515244799,27.19855090090511,24.794197330830222,7.748889913505322,1.6,-1380.4741105673784,True,"blue_error:RPC错误: HTTPConnectionPool(host='192.168.0.63', port=80): Max retries exceeded with url: /rpc/Light.Set (Caused by NewConnectionError('<urllib3.connection.HTTPConnection object at 0x7ffeadf29090>: Failed to establish a new connection: [Errno 113] No route to host'))"
2025-12-06 15:15:06,2025-12-06T15:15:00.516000,30.88,430.0,1.6827484965160484,95.0,28.0,29.7468367920811,76.64513905509547,16.002805774067813,1.6,-1468.0277755603076,True,"blue_error:RPC错误: HTTPConnectionPool(host='192.168.0.63', port=80): Max retries exceeded with url: /rpc/Light.Set (Caused by NewConnectionError('<urllib3.connection.HTTPConnection object at 0x7ffeadf2b290>: Failed to establish a new connection: [Errno 113] No route to host'))"
2025-12-06 15:30:06,2025-12-06T15:29:57.835000,31.55,428.0,1.3906030626590369,51.075935994333676,14.018983998583419,28.304904352007306,41.85095186525716,11.956069282520374,1.6,-1354.4649763340774,True,"blue_error:RPC错误: HTTPConnectionPool(host='192.168.0.63', port=80): Max retries exceeded with url: /rpc/Light.Set (Caused by NewConnectionError('<urllib3.connection.HTTPConnection object at 0x7ffeadf3a010>: Failed to establish a new connection: [Errno 113] No route to host'))"
2025-12-06 15:45:06,2025-12-06T15:45:00.659000,31.49,427.0,1.2683747217514658,36.59727181018239,9.865757270060797,27.701626020649616,30.65536246210072,9.691542149213019,1.6,-1445.3929213825695,True,"blue_error:RPC错误: HTTPConnectionPool(host='192.168.0.63', port=80): Max retries exceeded with url: /rpc/Light.Set (Caused by NewConnectionError('<urllib3.connection.HTTPConnection object at 0x7ffeadee7b50>: Failed to establish a new connection: [Errno 113] No route to host'))"
2025-12-06 16:00:06,2025-12-06T15:59:57.796000,31.25,426.0,1.5087934471484175,67.24335353255579,18.673006059766735,28.888252677018077,54.362204192255206,13.901578595661642,1.6,-1518.9521689953806,True,"blue_error:RPC错误: HTTPConnectionPool(host='192.168.0.63', port=80): Max retries exceeded with url: /rpc/Light.Set (Caused by NewConnectionError('<urllib3.connection.HTTPConnection object at 0x7ffeadf3c550>: Failed to establish a new connection: [Errno 113] No route to host'))"
2025-12-06 16:15:06,2025-12-06T16:15:00.682000,31.74,424.0,1.6228221843118869,86.65344374368985,25.496033123106958,29.451060498608502,70.1252424767959,15.400685352376879,1.6,-1383.482763114907,True,"blue_error:RPC错误: HTTPConnectionPool(host='192.168.0.63', port=80): Max retries exceeded with url: /rpc/Light.Set (Caused by NewConnectionError('<urllib3.connection.HTTPConnection object at 0x7ffeadf24f90>: Failed to establish a new connection: [Errno 113] No route to host'))"
2025-12-06 16:30:06,2025-12-06T16:29:57.885000,32.25,424.0,1.022677719123759,19.36480497851396,4.121601659504653,26.488947548011957,16.849097067989987,5.1515374524839155,1.6,-1437.5342680104116,True,"blue_error:RPC错误: HTTPConnectionPool(host='192.168.0.63', port=80): Max retries exceeded with url: /rpc/Light.Set (Caused by NewConnectionError('<urllib3.connection.HTTPConnection object at 0x7ffeadf22310>: Failed to establish a new connection: [Errno 113] No route to host'))"
2025-12-06 16:45:06,2025-12-06T16:45:00.707000,31.53,422.0,0.9817086896832209,19.0,4.0,26.286738080594564,16.55682351251732,4.4739867212218405,1.6,-1469.0755846279474,True,"blue_error:RPC错误: HTTPConnectionPool(host='192.168.0.63', port=80): Max retries exceeded with url: /rpc/Light.Set (Caused by NewConnectionError('<urllib3.connection.HTTPConnection object at 0x7ffeadf28450>: Failed to establish a new connection: [Errno 113] No route to host'))"
2025-12-06 17:00:06,2025-12-06T16:59:57.884000,31.0,424.0,1.1541123088852425,28.39618229366916,7.132060764556387,27.137664853714,24.08483373328503,7.516466343207508,1.6,-1454.8090493989203,True,"blue_error:RPC错误: HTTPConnectionPool(host='192.168.0.63', port=80): Max retries exceeded with url: /rpc/Light.Set (Caused by NewConnectionError('<urllib3.connection.HTTPConnection object at 0x7ffeadf3bf10>: Failed to establish a new connection: [Errno 113] No route to host'))"
2025-12-06 17:15:06,2025-12-06T17:15:00.811000,30.94,423.0,1.1357588039054554,27.11987150330919,6.706623834436398,27.047078073458643,23.0622821932644,7.173015950073754,1.6,-1307.0633140992325,True,"blue_error:RPC错误: HTTPConnectionPool(host='192.168.0.63', port=80): Max retries exceeded with url: /rpc/Light.Set (Caused by NewConnectionError('<urllib3.connection.HTTPConnection object at 0x7ffeadf150d0>: Failed to establish a new connection: [Errno 113] No route to host'))"
2025-12-06 17:30:06,2025-12-06T17:29:57.962000,30.88,422.0,1.401562448074466,52.23744042953752,14.30936010738438,28.358996223802617,42.723362427840065,12.149321084668404,1.6,-1567.3974038419378,True,"blue_error:RPC错误: HTTPConnectionPool(host='192.168.0.63', port=80): Max retries exceeded with url: /rpc/Light.Set (Caused by NewConnectionError('<urllib3.connection.HTTPConnection object at 0x7ffeaec17910>: Failed to establish a new connection: [Errno 113] No route to host'))"
2025-12-06 17:45:06,2025-12-06T17:45:00.859000,31.25,420.0,1.411744896783258,53.31660307307839,14.579150768269598,28.40925339509827,43.53392574592564,12.326870687322685,1.6,-1537.8900411912543,True,"blue_error:RPC错误: HTTPConnectionPool(host='192.168.0.63', port=80): Max retries exceeded with url: /rpc/Light.Set (Caused by NewConnectionError('<urllib3.connection.HTTPConnection object at 0x7ffeadf3d490>: Failed to establish a new connection: [Errno 113] No route to host'))"
2025-12-06 18:00:06,2025-12-06T17:59:58.027000,31.44,418.0,1.0108203346587457,19.0,4.0,26.430423452362742,16.55682351251732,4.951924555492844,1.6,-1445.6327297000496,True,"blue_error:RPC错误: HTTPConnectionPool(host='192.168.0.63', port=80): Max retries exceeded with url: /rpc/Light.Set (Caused by NewConnectionError('<urllib3.connection.HTTPConnection object at 0x7ffeadf25150>: Failed to establish a new connection: [Errno 113] No route to host'))"
2025-12-06 18:15:06,2025-12-06T18:15:00.835000,31.02,419.0,1.359069273841882,47.73390227788617,13.183475569471543,28.149264085946715,39.34073715890924,11.388810604149183,1.6,-1403.9691805476577,True,"blue_error:RPC错误: HTTPConnectionPool(host='192.168.0.63', port=80): Max retries exceeded with url: /rpc/Light.Set (Caused by NewConnectionError('<urllib3.connection.HTTPConnection object at 0x7ffeadee5d50>: Failed to establish a new connection: [Errno 113] No route to host'))"
2025-12-06 18:30:06,2025-12-06T18:29:58.114000,31.12,419.0,1.3244761441370159,43.43802073217336,11.931406219652006,27.978523933459716,36.00706691865447,10.750576090777695,1.6,-1584.7434600577328,True,"blue_error:RPC错误: HTTPConnectionPool(host='192.168.0.63', port=80): Max retries exceeded with url: /rpc/Light.Set (Caused by NewConnectionError('<urllib3.connection.HTTPConnection object at 0x7ffeadf3ef10>: Failed to establish a new connection: [Errno 113] No route to host'))"
2025-12-06 18:45:06,2025-12-06T18:45:00.886000,31.38,418.0,1.5218150549741458,69.19265790961859,19.257797372885577,28.952522990943386,55.88489960672243,14.093948909051347,1.6,-1544.840413600908,True,"blue_error:RPC错误: HTTPConnectionPool(host='192.168.0.63', port=80): Max retries exceeded with url: /rpc/Light.Set (Caused by NewConnectionError('<urllib3.connection.HTTPConnection object at 0x7ffeadf250d0>: Failed to establish a new connection: [Errno 113] No route to host'))"
2025-12-06 19:00:06,2025-12-06T18:59:58.113000,31.55,414.0,1.4006893036580856,52.144902292246414,14.286225573061603,28.354686674129955,42.65385666792418,12.134004730874207,1.6,-1431.1350777871828,True,"blue_error:RPC错误: HTTPConnectionPool(host='192.168.0.63', port=80): Max retries exceeded with url: /rpc/Light.Set (Caused by NewConnectionError('<urllib3.connection.HTTPConnection object at 0x7ffeb0a117d0>: Failed to establish a new connection: [Errno 113] No route to host'))"
2025-12-06 19:15:06,2025-12-06T19:15:00.919000,31.55,415.0,1.0400586329673174,20.556782782571485,4.518927594190495,26.57473394274788,17.804082913456092,5.448986783576599,1.6,-1366.9490092969972,True,"blue_error:RPC错误: HTTPConnectionPool(host='192.168.0.63', port=80): Max retries exceeded with url: /rpc/Light.Set (Caused by NewConnectionError('<urllib3.connection.HTTPConnection object at 0x7ffeadf2c510>: Failed to establish a new connection: [Errno 113] No route to host'))"
2025-12-06 19:30:06,2025-12-06T19:29:58.177000,31.26,415.0,1.1419134575469048,27.54195578485509,6.847318594951697,27.07745539144667,23.40044663986563,7.28784502424737,1.6,-1484.4461846870227,True,"blue_error:RPC错误: HTTPConnectionPool(host='192.168.0.63', port=80): Max retries exceeded with url: /rpc/Light.Set (Caused by NewConnectionError('<urllib3.connection.HTTPConnection object at 0x7ffeadf3cc90>: Failed to establish a new connection: [Errno 113] No route to host'))"
2025-12-06 19:45:06,2025-12-06T19:45:00.990000,31.01,415.0,1.6379048941236147,89.54080221528919,26.362240664586757,29.5255037246231,72.38069706683387,15.565081887731363,1.6,-1383.9768636129602,True,"blue_error:RPC错误: HTTPConnectionPool(host='192.168.0.63', port=80): Max retries exceeded with url: /rpc/Light.Set (Caused by NewConnectionError('<urllib3.connection.HTTPConnection object at 0x7ffeadf29cd0>: Failed to establish a new connection: [Errno 113] No route to host'))"
2025-12-06 20:00:06,2025-12-06T19:59:58.286000,31.74,415.0,1.5045935471868472,66.61463828572283,18.48439148571685,28.867523371344188,53.87108447045954,13.838477566113067,1.6,-1366.782166565748,True,"blue_error:RPC错误: HTTPConnectionPool(host='192.168.0.63', port=80): Max retries exceeded with url: /rpc/Light.Set (Caused by NewConnectionError('<urllib3.connection.HTTPConnection object at 0x7ffeadf3ba90>: Failed to establish a new connection: [Errno 113] No route to host'))"
2025-12-06 20:15:06,2025-12-06T20:14:55.471000,32.05,414.0,1.101889347890524,24.79711447403692,5.9323714913456405,26.879909732982423,21.201341429215685,6.548418821136433,1.6,-1421.4104415255397,True,"blue_error:RPC错误: HTTPConnectionPool(host='192.168.0.63', port=80): Max retries exceeded with url: /rpc/Light.Set (Caused by NewConnectionError('<urllib3.connection.HTTPConnection object at 0x7ffeadf239d0>: Failed to establish a new connection: [Errno 113] No route to host'))"
2025-12-06 20:30:06,2025-12-06T20:29:58.324000,31.44,413.0,1.2954619268361944,39.70278181655097,10.81083454496529,27.835319432204763,33.08929212899962,10.205644495064389,1.6,-1408.4297888031547,True,"blue_error:RPC错误: HTTPConnectionPool(host='192.168.0.63', port=80): Max retries exceeded with url: /rpc/Light.Set (Caused by NewConnectionError('<urllib3.connection.HTTPConnection object at 0x7ffeadf2f0d0>: Failed to establish a new connection: [Errno 113] No route to host'))"
2025-12-06 20:45:06,2025-12-06T20:44:55.500000,31.47,414.0,1.4706854198432946,61.502422957063146,16.950726887118943,28.70016416208558,49.877687169188135,13.311129460104741,1.6,-1712.2636448471244,True,"blue_error:RPC错误: HTTPConnectionPool(host='192.168.0.63', port=80): Max retries exceeded with url: /rpc/Light.Set (Caused by NewConnectionError('<urllib3.connection.HTTPConnection object at 0x7ffeadf3c490>: Failed to establish a new connection: [Errno 113] No route to host'))"
2025-12-06 21:00:06,2025-12-06T20:59:58.398000,31.94,413.0,1.216239698824395,32.85532396184698,8.61844132061566,27.44430493289533,27.657397888038723,8.695756436783816,1.6,-1519.1879439380975,True,"blue_error:RPC错误: HTTPConnectionPool(host='192.168.0.63', port=80): Max retries exceeded with url: /rpc/Light.Set (Caused by NewConnectionError('<urllib3.connection.HTTPConnection object at 0x7ffeadf4fb10>: Failed to establish a new connection: [Errno 113] No route to host'))"
2025-12-06 21:15:06,2025-12-06T21:14:55.559000,31.47,414.0,1.689805095876531,95.0,28.0,29.78166581336734,76.64513905509547,16.064562380530838,1.6,-1591.249772003677,True,"blue_error:RPC错误: HTTPConnectionPool(host='192.168.0.63', port=80): Max retries exceeded with url: /rpc/Light.Set (Caused by NewConnectionError('<urllib3.connection.HTTPConnection object at 0x7ffeadf2e4d0>: Failed to establish a new connection: [Errno 113] No route to host'))"
2025-12-06 21:30:06,2025-12-06T21:29:58.422000,32.25,413.0,0.8833903649344816,19.0,4.0,25.801471615747793,16.55682351251732,3.0031124499314172,1.6,-1593.5291797282398,True,"blue_error:RPC错误: HTTPConnectionPool(host='192.168.0.63', port=80): Max retries exceeded with url: /rpc/Light.Set (Caused by NewConnectionError('<urllib3.connection.HTTPConnection object at 0x7ffeadf149d0>: Failed to establish a new connection: [Errno 113] No route to host'))"
2025-12-06 21:45:06,2025-12-06T21:44:55.606000,31.55,413.0,1.35769347965405,47.588091998338506,13.147022999584626,28.142473624620283,39.2312184828241,11.363718550697428,1.6,-1521.5066507583958,True,"blue_error:RPC错误: HTTPConnectionPool(host='192.168.0.63', port=80): Max retries exceeded with url: /rpc/Light.Set (Caused by NewConnectionError('<urllib3.connection.HTTPConnection object at 0x7ffeadf25a10>: Failed to establish a new connection: [Errno 113] No route to host'))"
2025-12-06 22:00:06,2025-12-06T21:59:58.487000,31.62,415.0,1.5492212140644173,73.29529612358718,20.48858883707615,29.08779065310862,59.08966766097622,14.481986150854505,1.6,-1549.3262937329293,True,"blue_error:RPC错误: HTTPConnectionPool(host='192.168.0.63', port=80): Max retries exceeded with url: /rpc/Light.Set (Caused by NewConnectionError('<urllib3.connection.HTTPConnection object at 0x7ffeadf25550>: Failed to establish a new connection: [Errno 113] No route to host'))"
2025-12-06 22:15:06,2025-12-06T22:14:50.115000,32.12,416.0,1.6254456633853605,87.15566944599486,25.64670083379846,29.464009116466237,70.51755513095395,15.429887123807575,1.6,-1456.9367914642098,True,"blue_error:RPC错误: HTTPConnectionPool(host='192.168.0.63', port=80): Max retries exceeded with url: /rpc/Light.Set (Caused by NewConnectionError('<urllib3.connection.HTTPConnection object at 0x7ffeadf3cc90>: Failed to establish a new connection: [Errno 113] No route to host'))"
2025-12-06 22:30:06,2025-12-06T22:29:58.491000,32.5,415.0,1.1756810736585697,29.944262421066522,7.648087473688841,27.244121084120817,25.32512076235499,7.923547506125433,1.6,-1421.4085855375088,True,"blue_error:RPC错误: HTTPConnectionPool(host='192.168.0.63', port=80): Max retries exceeded with url: /rpc/Light.Set (Caused by NewConnectionError('<urllib3.connection.HTTPConnection object at 0x7ffeadf3f290>: Failed to establish a new connection: [Errno 113] No route to host'))"
2025-12-06 22:45:06,2025-12-06T22:44:55.758000,31.97,415.0,1.1244651778480703,26.34535805085814,6.44845268361938,26.991336501313526,22.441759410293063,6.963301973549534,1.6,-1551.379685130893,True,"blue_error:RPC错误: HTTPConnectionPool(host='192.168.0.63', port=80): Max retries exceeded with url: /rpc/Light.Set (Caused by NewConnectionError('<urllib3.connection.HTTPConnection object at 0x7ffeadf26ed0>: Failed to establish a new connection: [Errno 113] No route to host'))"
2025-12-06 23:00:06,2025-12-06T22:59:58.619000,31.73,415.0,1.5134812741844534,67.94511032653658,18.883533097960974,28.911390228022977,54.91038017997647,13.971407451738113,1.6,-1624.022362396272,True,"blue_error:RPC错误: HTTPConnectionPool(host='192.168.0.63', port=80): Max retries exceeded with url: /rpc/Light.Set (Caused by NewConnectionError('<urllib3.connection.HTTPConnection object at 0x7ffeadf260d0>: Failed to establish a new connection: [Errno 113] No route to host'))"
2025-12-06 23:15:06,2025-12-06T23:14:55.871000,32.12,417.0,1.524178063753137,69.54639482272269,19.363918446816808,28.964186014286323,56.16122052501997,14.12831774495725,1.6,-1658.7472965763923,True,"blue_error:RPC错误: HTTPConnectionPool(host='192.168.0.63', port=80): Max retries exceeded with url: /rpc/Light.Set (Caused by NewConnectionError('<urllib3.connection.HTTPConnection object at 0x7ffeadf3dd10>: Failed to establish a new connection: [Errno 113] No route to host'))"
2025-12-06 23:30:06,2025-12-06T23:29:58.648000,32.37,417.0,1.4971168972236382,65.49540119195521,18.148620357586566,28.830621120356742,52.99679453891507,13.724902175653199,1.6,-1472.1047002905761,True,"blue_error:RPC错误: HTTPConnectionPool(host='192.168.0.63', port=80): Max retries exceeded with url: /rpc/Light.Set (Caused by NewConnectionError('<urllib3.connection.HTTPConnection object at 0x7ffeadf24d10>: Failed to establish a new connection: [Errno 113] No route to host'))"
2025-12-06 23:45:06,2025-12-06T23:44:55.899000,32.3,418.0,1.439949659476259,56.8531680127178,15.555950403815341,28.548462698337033,46.24593049344985,12.80767747235899,1.6,-1375.778683521779,True,"blue_error:RPC错误: HTTPConnectionPool(host='192.168.0.63', port=80): Max retries exceeded with url: /rpc/Light.Set (Caused by NewConnectionError('<urllib3.connection.HTTPConnection object at 0x7ffeadefc9d0>: Failed to establish a new connection: [Errno 113] No route to host'))"
2025-12-07 00:00:06,2025-12-06T23:59:58.759000,32.37,415.0,1.4454649681134375,57.68744299549954,15.806232898649862,28.575684422585717,46.89762281284053,12.899669755230672,1.6,-1670.6099382905345,True,"blue_error:RPC错误: HTTPConnectionPool(host='192.168.0.63', port=80): Max retries exceeded with url: /rpc/Light.Set (Caused by NewConnectionError('<urllib3.connection.HTTPConnection object at 0x7ffeadf26ed0>: Failed to establish a new connection: [Errno 113] No route to host'))"
2025-12-07 00:15:06,2025-12-07T00:14:55.999000,32.37,417.0,1.117901838811129,25.895246248742637,6.298415416247545,26.958942048497263,22.081139943693664,6.842061203013603,1.6,-1359.4145568381493,True,"blue_error:RPC错误: HTTPConnectionPool(host='192.168.0.63', port=80): Max retries exceeded with url: /rpc/Light.Set (Caused by NewConnectionError('<urllib3.connection.HTTPConnection object at 0x7ffeadf2f090>: Failed to establish a new connection: [Errno 113] No route to host'))"
2025-12-07 00:30:06,2025-12-07T00:29:58.835000,31.74,417.0,1.2627334909585448,36.19237716849281,9.730792389497603,27.673782786631328,30.330969968882815,9.58403480910046,1.6,-1618.5998265468709,True,"blue_error:RPC错误: HTTPConnectionPool(host='192.168.0.63', port=80): Max retries exceeded with url: /rpc/Light.Set (Caused by NewConnectionError('<urllib3.connection.HTTPConnection object at 0x7ffeadf4d610>: Failed to establish a new connection: [Errno 113] No route to host'))"
2025-12-07 00:45:06,2025-12-07T00:44:56.048000,31.69,419.0,1.38252771519432,50.22008947187487,13.805022367968718,28.26504712979947,41.20812216653812,11.81232268492708,1.6,-1423.0128065579077,True,"blue_error:RPC错误: HTTPConnectionPool(host='192.168.0.63', port=80): Max retries exceeded with url: /rpc/Light.Set (Caused by NewConnectionError('<urllib3.connection.HTTPConnection object at 0x7ffeadf2b5d0>: Failed to establish a new connection: [Errno 113] No route to host'))"
2025-12-07 09:00:06,2025-12-07T07:23:25.652000,27.55,450.0,1.4788989435098938,62.74484432752612,17.323453298257835,28.740703375948428,50.84820226467601,13.441697890287827,1.6,-1421.3145223223723,True,"blue_error:RPC错误: HTTPConnectionPool(host='192.168.0.63', port=80): Max retries exceeded with url: /rpc/Light.Set (Caused by NewConnectionError('<urllib3.connection.HTTPConnection object at 0x7ffeadf4e6d0>: Failed to establish a new connection: [Errno 113] No route to host'))"
2025-12-07 09:15:06,2025-12-07T09:14:57.381000,27.62,446.0,1.357579155549488,47.57597562963113,13.143993907407783,28.14190935896371,39.222117830497616,11.36163229278925,1.6,-1537.3419705835252,True,"blue_error:RPC错误: HTTPConnectionPool(host='192.168.0.63', port=80): Max retries exceeded with url: /rpc/Light.Set (Caused by NewConnectionError('<urllib3.connection.HTTPConnection object at 0x7ffeadf26dd0>: Failed to establish a new connection: [Errno 113] No route to host'))"
2025-12-07 09:30:06,2025-12-07T09:30:00.330000,27.97,444.0,1.2758600768082813,37.179274382821845,10.053782314846554,27.738571237076226,31.11805908662418,9.83399564771207,1.6,-1460.0118361580728,True,"blue_error:RPC错误: HTTPConnectionPool(host='192.168.0.63', port=80): Max retries exceeded with url: /rpc/Light.Set (Caused by NewConnectionError('<urllib3.connection.HTTPConnection object at 0x7ffeadf3e410>: Failed to establish a new connection: [Errno 113] No route to host'))"
2025-12-07 09:45:06,2025-12-07T09:44:57.512000,28.12,441.0,1.4324186977442794,55.71399459875424,15.214198379626271,28.51129238257023,45.35606734322238,12.680960165123942,1.6,-1528.9601963412156,True,"blue_error:RPC错误: HTTPConnectionPool(host='192.168.0.63', port=80): Max retries exceeded with url: /rpc/Light.Set (Caused by NewConnectionError('<urllib3.connection.HTTPConnection object at 0x7ffeadf17350>: Failed to establish a new connection: [Errno 113] No route to host'))"
2025-12-07 10:00:06,2025-12-07T10:00:00.447000,28.38,438.0,1.2879603473351264,38.737041766060926,10.521112529818277,27.798294137331673,32.33490612148225,10.06368664355756,1.6,-1621.5974447091428,True,"blue_error:RPC错误: HTTPConnectionPool(host='192.168.0.63', port=80): Max retries exceeded with url: /rpc/Light.Set (Caused by NewConnectionError('<urllib3.connection.HTTPConnection object at 0x7ffeadee5d10>: Failed to establish a new connection: [Errno 113] No route to host'))"
2025-12-07 10:15:06,2025-12-07T10:14:57.665000,28.25,432.0,1.2278900949470677,33.691521440161566,8.89717381338719,27.50180740311095,28.327340527143726,8.918413283654598,1.6,-1461.5582737578384,True,"blue_error:RPC错误: HTTPConnectionPool(host='192.168.0.63', port=80): Max retries exceeded with url: /rpc/Light.Set (Caused by NewConnectionError('<urllib3.connection.HTTPConnection object at 0x7ffeadee5d50>: Failed to establish a new connection: [Errno 113] No route to host'))"
2025-12-07 10:30:06,2025-12-07T10:30:00.544000,28.05,430.0,1.6222312494278421,86.54031812734449,25.46209543820335,29.44814384107932,70.03687461629409,15.39407268887734,1.6,-1459.635890262309,True,"blue_error:RPC错误: HTTPConnectionPool(host='192.168.0.63', port=80): Max retries exceeded with url: /rpc/Light.Set (Caused by NewConnectionError('<urllib3.connection.HTTPConnection object at 0x7ffeadf2cb50>: Failed to establish a new connection: [Errno 113] No route to host'))"
2025-12-07 10:45:06,2025-12-07T10:44:57.788000,28.94,429.0,1.0880960736926535,23.851175909636613,5.617058636545538,26.811830731171025,20.4434766966613,6.298137342501532,1.6,-1558.0292647539925,True,"blue_error:RPC错误: HTTPConnectionPool(host='192.168.0.63', port=80): Max retries exceeded with url: /rpc/Light.Set (Caused by NewConnectionError('<urllib3.connection.HTTPConnection object at 0x7ffeadf16190>: Failed to establish a new connection: [Errno 113] No route to host'))"
2025-12-07 11:00:06,2025-12-07T11:00:00.634000,28.38,428.0,1.1205562951230914,26.077288058176734,6.359096019392245,26.97204355967423,22.22698775285657,6.8910367496333675,1.6,-1459.628910435725,True,"blue_error:RPC错误: HTTPConnectionPool(host='192.168.0.63', port=80): Max retries exceeded with url: /rpc/Light.Set (Caused by NewConnectionError('<urllib3.connection.HTTPConnection object at 0x7ffeadf3c9d0>: Failed to establish a new connection: [Errno 113] No route to host'))"
2025-12-07 11:15:06,2025-12-07T11:14:57.935000,28.25,426.0,1.4256461126331021,54.78989042015796,14.94747260503949,28.47786516090861,44.640517683378214,12.565945921616102,1.6,-1400.2438265684743,True,"blue_error:RPC错误: HTTPConnectionPool(host='192.168.0.63', port=80): Max retries exceeded with url: /rpc/Light.Set (Caused by NewConnectionError('<urllib3.connection.HTTPConnection object at 0x7ffeadf16190>: Failed to establish a new connection: [Errno 113] No route to host'))"
2025-12-07 11:30:06,2025-12-07T11:30:00.806000,28.52,424.0,1.1897749079718052,30.955835640416225,7.985278546805408,27.313683550434174,26.135570506337746,8.191118571189497,1.6,-1443.090241152296,True,"blue_error:RPC错误: HTTPConnectionPool(host='192.168.0.63', port=80): Max retries exceeded with url: /rpc/Light.Set (Caused by NewConnectionError('<urllib3.connection.HTTPConnection object at 0x7ffeadf26450>: Failed to establish a new connection: [Errno 113] No route to host'))"
2025-12-07 11:45:06,2025-12-07T11:44:58.094000,28.38,423.0,1.5466995868744677,72.91781440362804,20.375344321088413,29.075344742183518,58.79479853187024,14.447267998653018,1.6,-1538.7455850164267,True,"blue_error:RPC错误: HTTPConnectionPool(host='192.168.0.63', port=80): Max retries exceeded with url: /rpc/Light.Set (Caused by NewConnectionError('<urllib3.connection.HTTPConnection object at 0x7ffeadf4d210>: Failed to establish a new connection: [Errno 113] No route to host'))"
2025-12-07 12:00:06,2025-12-07T12:00:00.980000,28.75,421.0,1.3237983792522992,43.350766482065964,11.905229944619789,27.97517871200233,35.93890842678699,10.737934231545774,1.6,-1513.6031169853059,True,"blue_error:RPC错误: HTTPConnectionPool(host='192.168.0.63', port=80): Max retries exceeded with url: /rpc/Light.Set (Caused by NewConnectionError('<urllib3.connection.HTTPConnection object at 0x7ffeadf4cf90>: Failed to establish a new connection: [Errno 113] No route to host'))"
2025-12-07 12:15:06,2025-12-07T12:14:58.231000,28.69,419.0,1.357125931787264,47.52794178557798,13.131985446394495,28.139672397609445,39.18603942077026,11.353359796308848,1.6,-1516.7632348082968,True,"blue_error:RPC错误: HTTPConnectionPool(host='192.168.0.63', port=80): Max retries exceeded with url: /rpc/Light.Set (Caused by NewConnectionError('<urllib3.connection.HTTPConnection object at 0x7ffeadf3c890>: Failed to establish a new connection: [Errno 113] No route to host'))"
2025-12-07 12:30:06,2025-12-07T12:29:55.505000,28.74,416.0,1.396347589674258,51.68475604704705,14.171189011761763,28.33325742173278,42.30823900820828,12.057635630236359,1.6,-1517.3491321077236,True,"blue_error:RPC错误: HTTPConnectionPool(host='192.168.0.63', port=80): Max retries exceeded with url: /rpc/Light.Set (Caused by NewConnectionError('<urllib3.connection.HTTPConnection object at 0x7ffeadf27250>: Failed to establish a new connection: [Errno 113] No route to host'))"
2025-12-07 12:45:06,2025-12-07T12:44:58.370000,28.74,415.0,0.9925577090460471,19.0,4.0,26.34028522235788,16.55682351251732,4.650020908102539,1.6,-1411.5103370306094,True,"blue_error:RPC错误: HTTPConnectionPool(host='192.168.0.63', port=80): Max retries exceeded with url: /rpc/Light.Set (Caused by NewConnectionError('<urllib3.connection.HTTPConnection object at 0x7ffeadf24bd0>: Failed to establish a new connection: [Errno 113] No route to host'))"
2025-12-07 13:00:06,2025-12-07T12:59:55.701000,28.25,414.0,1.3669889060072722,48.57324568416273,13.393311421040682,28.188352749363297,39.97117130197085,11.532724514190647,1.6,-1614.599535569543,True,"blue_error:RPC错误: HTTPConnectionPool(host='192.168.0.63', port=80): Max retries exceeded with url: /rpc/Light.Set (Caused by NewConnectionError('<urllib3.connection.HTTPConnection object at 0x7ffeae4c5010>: Failed to establish a new connection: [Errno 113] No route to host'))"
2025-12-07 13:15:06,2025-12-07T13:14:58.496000,28.5,415.0,1.1173985836523757,25.860733162468186,6.286911054156063,26.95645814885365,22.0534888341149,6.83278514915261,1.6,-1390.709072773411,True,"blue_error:RPC错误: HTTPConnectionPool(host='192.168.0.63', port=80): Max retries exceeded with url: /rpc/Light.Set (Caused by NewConnectionError('<urllib3.connection.HTTPConnection object at 0x7ffeadf2cb10>: Failed to establish a new connection: [Errno 113] No route to host'))"
2025-12-07 13:30:06,2025-12-07T13:29:55.836000,28.25,415.0,1.2526248521850776,35.466838039817475,9.488946013272493,27.62388991656311,29.749684314185075,9.391137613749812,1.6,-1330.5397636315515,True,"blue_error:RPC错误: HTTPConnectionPool(host='192.168.0.63', port=80): Max retries exceeded with url: /rpc/Light.Set (Caused by NewConnectionError('<urllib3.connection.HTTPConnection object at 0x7ffeadf3c710>: Failed to establish a new connection: [Errno 113] No route to host'))"
2025-12-07 13:45:06,2025-12-07T13:44:58.598000,28.25,414.0,1.444683273635282,57.56919972205738,15.770759916617212,28.57182623931241,46.805257304210585,12.886673894014198,1.6,-1866.0423324819146,True,"blue_error:RPC错误: HTTPConnectionPool(host='192.168.0.63', port=80): Max retries exceeded with url: /rpc/Light.Set (Caused by NewConnectionError('<urllib3.connection.HTTPConnection object at 0x7ffeadf16fd0>: Failed to establish a new connection: [Errno 113] No route to host'))"
2025-12-07 14:00:06,2025-12-07T13:59:55.875000,28.42,412.0,1.4555663971491215,59.21543899521709,16.26463169856513,28.625541707792458,48.09121398796526,13.066321595745324,1.6,-1463.5915830744493,True,"blue_error:RPC错误: HTTPConnectionPool(host='192.168.0.63', port=80): Max retries exceeded with url: /rpc/Light.Set (Caused by NewConnectionError('<urllib3.connection.HTTPConnection object at 0x7ffeadf14f90>: Failed to establish a new connection: [Errno 113] No route to host'))"
2025-12-07 14:15:06,2025-12-07T14:14:58.737000,28.62,410.0,1.1108620673202292,25.41246085331882,6.137486951106274,26.92419608396371,21.694343127966004,6.7125754023868085,1.6,-1490.482761033056,True,"blue_error:RPC错误: HTTPConnectionPool(host='192.168.0.63', port=80): Max retries exceeded with url: /rpc/Light.Set (Caused by NewConnectionError('<urllib3.connection.HTTPConnection object at 0x7ffeadf18210>: Failed to establish a new connection: [Errno 113] No route to host'))"
2025-12-07 14:30:06,2025-12-07T14:29:50.445000,28.26,412.0,1.152374159836638,28.271428093376386,7.090476031125462,27.129085929628904,23.984883469918973,7.48381303788682,1.6,-1444.6935743019906,True,"blue_error:RPC错误: HTTPConnectionPool(host='192.168.0.63', port=80): Max retries exceeded with url: /rpc/Light.Set (Caused by NewConnectionError('<urllib3.connection.HTTPConnection object at 0x7ffeadf19e50>: Failed to establish a new connection: [Errno 113] No route to host'))"
2025-12-07 14:45:06,2025-12-07T14:44:58.942000,28.05,412.0,1.2804893246314661,37.77523554351567,10.2325706630547,27.761419660620845,31.583593016197767,9.921963140030018,1.6,-1528.487117706741,True,"blue_error:RPC错误: HTTPConnectionPool(host='192.168.0.63', port=80): Max retries exceeded with url: /rpc/Light.Set (Caused by NewConnectionError('<urllib3.connection.HTTPConnection object at 0x7ffeadf230d0>: Failed to establish a new connection: [Errno 113] No route to host'))"
2025-12-07 15:00:06,2025-12-07T14:59:56.149000,28.25,410.0,1.0351617458206017,20.22095574606483,4.406985248688277,26.55056454075173,17.53502583429155,5.364617205655961,1.6,-1496.160451706172,True,"blue_error:RPC错误: HTTPConnectionPool(host='192.168.0.63', port=80): Max retries exceeded with url: /rpc/Light.Set (Caused by NewConnectionError('<urllib3.connection.HTTPConnection object at 0x7ffeadf836d0>: Failed to establish a new connection: [Errno 113] No route to host'))"
2025-12-07 15:15:06,2025-12-07T15:14:59.051000,27.87,410.0,1.27220437305982,36.8721418431968,9.957380614398934,27.720527902437677,30.875582159126967,9.764454777524024,1.6,-1532.7244249337696,True,"blue_error:RPC错误: HTTPConnectionPool(host='192.168.0.63', port=80): Max retries exceeded with url: /rpc/Light.Set (Caused by NewConnectionError('<urllib3.connection.HTTPConnection object at 0x7ffeadefd550>: Failed to establish a new connection: [Errno 113] No route to host'))"
2025-12-07 15:30:06,2025-12-07T15:29:56.388000,28.01,411.0,1.27108573886219,36.79185280535074,9.930617601783581,27.715006697068,30.811256385250914,9.743163509256838,1.6,-1530.7646912970843,True,"blue_error:RPC错误: HTTPConnectionPool(host='192.168.0.63', port=80): Max retries exceeded with url: /rpc/Light.Set (Caused by NewConnectionError('<urllib3.connection.HTTPConnection object at 0x7ffeadf33d90>: Failed to establish a new connection: [Errno 113] No route to host'))"
2025-12-07 15:45:06,2025-12-07T15:44:59.273000,28.01,414.0,1.1689753551452227,29.46296505983466,7.487655019944886,27.211023893688154,24.93951612620152,7.7966400008959305,1.6,-1445.4984270017248,True,"blue_error:RPC错误: HTTPConnectionPool(host='192.168.0.63', port=80): Max retries exceeded with url: /rpc/Light.Set (Caused by NewConnectionError('<urllib3.connection.HTTPConnection object at 0x7ffeadf17350>: Failed to establish a new connection: [Errno 113] No route to host'))"
2025-12-07 16:00:06,2025-12-07T15:59:56.484000,27.94,410.0,1.2671270999293651,36.50772479302127,9.835908264340421,27.695468175378924,30.58361940312639,9.667775853137186,1.6,-1497.9016317326082,True,"blue_error:RPC错误: HTTPConnectionPool(host='192.168.0.63', port=80): Max retries exceeded with url: /rpc/Light.Set (Caused by NewConnectionError('<urllib3.connection.HTTPConnection object at 0x7ffeadf28350>: Failed to establish a new connection: [Errno 113] No route to host'))"
2025-12-07 16:15:06,2025-12-07T16:14:59.311000,27.88,408.0,1.3965697686613483,51.70830315932864,14.17707578983216,28.334354023123257,42.32592533711945,12.061552021294222,1.6,-1404.3322981720848,True,"blue_error:RPC错误: HTTPConnectionPool(host='192.168.0.63', port=80): Max retries exceeded with url: /rpc/Light.Set (Caused by NewConnectionError('<urllib3.connection.HTTPConnection object at 0x7ffeadf3d490>: Failed to establish a new connection: [Errno 113] No route to host'))"
2025-12-07 16:30:06,2025-12-07T16:29:56.645000,28.05,408.0,1.4845096879953807,63.59355544542596,17.578066633627788,28.768396139719464,51.51117134361519,13.52987411026355,1.6,-1629.9637020195103,True,"blue_error:RPC错误: HTTPConnectionPool(host='192.168.0.63', port=80): Max retries exceeded with url: /rpc/Light.Set (Caused by NewConnectionError('<urllib3.connection.HTTPConnection object at 0x7ffeadf4ee90>: Failed to establish a new connection: [Errno 113] No route to host'))"
2025-12-07 16:45:06,2025-12-07T16:44:59.455000,28.51,407.0,1.2535872089028148,35.53591039170472,9.511970130568239,27.628639788405735,29.80502353119132,9.409513260411526,1.6,-1416.4348390126972,True,"blue_error:RPC错误: HTTPConnectionPool(host='192.168.0.63', port=80): Max retries exceeded with url: /rpc/Light.Set (Caused by NewConnectionError('<urllib3.connection.HTTPConnection object at 0x7ffeadf24c90>: Failed to establish a new connection: [Errno 113] No route to host'))"
2025-12-07 17:00:06,2025-12-07T16:59:56.803000,28.26,407.0,1.100682723567041,24.71436454360328,5.904788181201093,26.87395423769351,21.13504404346871,6.526422153122817,1.6,-1455.0021457525459,True,"blue_error:RPC错误: HTTPConnectionPool(host='192.168.0.63', port=80): Max retries exceeded with url: /rpc/Light.Set (Caused by NewConnectionError('<urllib3.connection.HTTPConnection object at 0x7ffeadf221d0>: Failed to establish a new connection: [Errno 113] No route to host'))"
2025-12-07 17:15:06,2025-12-07T17:14:59.588000,27.99,409.0,1.2869062948219405,38.60134491353028,10.480403474059084,27.79309168562042,32.228906782673306,10.043711237798382,1.6,-1402.1963671667258,True,"blue_error:RPC错误: HTTPConnectionPool(host='192.168.0.63', port=80): Max retries exceeded with url: /rpc/Light.Set (Caused by NewConnectionError('<urllib3.connection.HTTPConnection object at 0x7ffeadf25710>: Failed to establish a new connection: [Errno 113] No route to host'))"
2025-12-07 17:30:06,2025-12-07T17:29:56.840000,27.99,408.0,1.1737522284332091,29.80582116151426,7.601940387171419,27.234600947298517,25.214204734513814,7.887014634527443,1.6,-1481.1329471714132,True,"blue_error:RPC错误: HTTPConnectionPool(host='192.168.0.63', port=80): Max retries exceeded with url: /rpc/Light.Set (Caused by NewConnectionError('<urllib3.connection.HTTPConnection object at 0x7ffeb1277450>: Failed to establish a new connection: [Errno 113] No route to host'))"
2025-12-07 17:45:06,2025-12-07T17:44:59.687000,28.02,409.0,0.9111665551174296,19.0,4.0,25.93856562799258,16.55682351251732,3.394756447420506,1.6,-1331.3500468368989,True,"blue_error:RPC错误: HTTPConnectionPool(host='192.168.0.63', port=80): Max retries exceeded with url: /rpc/Light.Set (Caused by NewConnectionError('<urllib3.connection.HTTPConnection object at 0x7ffeadeff910>: Failed to establish a new connection: [Errno 113] No route to host'))"
2025-12-07 18:00:06,2025-12-07T17:59:57.010000,27.78,409.0,1.0047244479836575,19.0,4.0,26.400336188523713,16.55682351251732,4.850391224633487,1.6,-1397.8928293240372,True,"blue_error:RPC错误: HTTPConnectionPool(host='192.168.0.63', port=80): Max retries exceeded with url: /rpc/Light.Set (Caused by NewConnectionError('<urllib3.connection.HTTPConnection object at 0x7ffeadf20cd0>: Failed to establish a new connection: [Errno 113] No route to host'))"
2025-12-07 18:15:06,2025-12-07T18:14:59.869000,27.55,410.0,1.0305696503026927,19.906031227093795,4.302010409031265,26.52789948859681,17.282715382717868,5.285898637843678,1.6,-1629.961269163114,True,"blue_error:RPC错误: HTTPConnectionPool(host='192.168.0.63', port=80): Max retries exceeded with url: /rpc/Light.Set (Caused by NewConnectionError('<urllib3.connection.HTTPConnection object at 0x7ffeadf32f90>: Failed to establish a new connection: [Errno 113] No route to host'))"
2025-12-07 18:30:06,2025-12-07T18:29:57.067000,27.47,411.0,1.4412029373410147,57.04274550290422,15.612823650871265,28.554648459948158,46.394018590101034,12.828642305245484,1.6,-1594.6139025109833,True,"blue_error:RPC错误: HTTPConnectionPool(host='192.168.0.63', port=80): Max retries exceeded with url: /rpc/Light.Set (Caused by NewConnectionError('<urllib3.connection.HTTPConnection object at 0x7ffeadeff110>: Failed to establish a new connection: [Errno 113] No route to host'))"
2025-12-07 18:45:06,2025-12-07T18:45:00.006000,27.87,411.0,1.2473870800440445,35.09090130683422,9.36363376894474,27.598038019909588,29.44849224704449,9.29109189439778,1.6,-1460.8933481818385,True,"blue_error:RPC错误: HTTPConnectionPool(host='192.168.0.63', port=80): Max retries exceeded with url: /rpc/Light.Set (Caused by NewConnectionError('<urllib3.connection.HTTPConnection object at 0x7ffeadf31f90>: Failed to establish a new connection: [Errno 113] No route to host'))"
2025-12-07 19:00:06,2025-12-07T18:59:57.194000,27.87,409.0,1.3356741462466812,44.87963167840624,12.363889503521872,28.033793537686506,37.13317857320387,10.958738283870614,1.6,-1406.2513857761985,True,"blue_error:RPC错误: HTTPConnectionPool(host='192.168.0.63', port=80): Max retries exceeded with url: /rpc/Light.Set (Caused by NewConnectionError('<urllib3.connection.HTTPConnection object at 0x7ffeadf19e50>: Failed to establish a new connection: [Errno 113] No route to host'))"
2025-12-07 19:15:06,2025-12-07T19:14:54.450000,27.97,412.0,1.2330038200273068,34.05855479867274,9.019518266224246,27.52704704483824,28.62139941062201,9.0161753913413,1.6,-1329.0121142866328,True,"blue_error:RPC错误: HTTPConnectionPool(host='192.168.0.63', port=80): Max retries exceeded with url: /rpc/Light.Set (Caused by NewConnectionError('<urllib3.connection.HTTPConnection object at 0x7ffeadf20890>: Failed to establish a new connection: [Errno 113] No route to host'))"
2025-12-07 19:30:06,2025-12-07T19:29:57.351000,27.74,413.0,1.2636795265217033,36.26027808310374,9.753426027701245,27.67845210269755,30.385370656653098,9.602071765521949,1.6,-1543.607756313616,True,"blue_error:RPC错误: HTTPConnectionPool(host='192.168.0.63', port=80): Max retries exceeded with url: /rpc/Light.Set (Caused by NewConnectionError('<urllib3.connection.HTTPConnection object at 0x7ffeadf24e10>: Failed to establish a new connection: [Errno 113] No route to host'))"
2025-12-07 19:45:06,2025-12-07T19:45:00.205000,27.87,411.0,1.6256889926017433,87.20225117322296,25.660675351966887,29.465210108335555,70.55394235876857,15.432582728534378,1.6,-1491.8027078439318,True,"blue_error:RPC错误: HTTPConnectionPool(host='192.168.0.63', port=80): Max retries exceeded with url: /rpc/Light.Set (Caused by NewConnectionError('<urllib3.connection.HTTPConnection object at 0x7ffeadf4c990>: Failed to establish a new connection: [Errno 113] No route to host'))"
2025-12-07 20:00:06,2025-12-07T19:59:51.829000,28.47,410.0,1.4413713591930806,57.06822188998891,15.620466566996674,28.55547973404649,46.413919421519424,12.831456954319298,1.6,-1440.4732042526648,True,"blue_error:RPC错误: HTTPConnectionPool(host='192.168.0.63', port=80): Max retries exceeded with url: /rpc/Light.Set (Caused by NewConnectionError('<urllib3.connection.HTTPConnection object at 0x7ffeae4c75d0>: Failed to establish a new connection: [Errno 113] No route to host'))"
2025-12-07 20:15:06,2025-12-07T20:15:00.297000,28.5,410.0,1.6534622614578507,92.5190267471542,27.25570802414626,29.602289701885226,74.70713150738943,15.72569675932867,1.6,-1773.5518548165435,True,"blue_error:RPC错误: HTTPConnectionPool(host='192.168.0.63', port=80): Max retries exceeded with url: /rpc/Light.Set (Caused by NewConnectionError('<urllib3.connection.HTTPConnection object at 0x7ffeadefd550>: Failed to establish a new connection: [Errno 113] No route to host'))"
2025-12-07 20:30:07,2025-12-07T20:29:57.623000,29.01,408.0,1.5900303463080405,80.45177366972912,23.180709467891646,29.289210921282802,65.007524410067,15.014619043153514,1.6,-1496.4733758327113,True,"blue_error:RPC错误: HTTPConnectionPool(host='192.168.0.63', port=80): Max retries exceeded with url: /rpc/Light.Set (Caused by NewConnectionError('<urllib3.connection.HTTPConnection object at 0x7ffeadf24050>: Failed to establish a new connection: [Errno 113] No route to host'))"
2025-12-07 20:45:04,,,408.0,1.297747280966683,39.99699425715117,10.899098277145352,27.84659917809811,33.319115618575005,10.248815961904993,1.6,-1513.0042376175081,True,"blue_error:RPC错误: HTTPConnectionPool(host='192.168.0.63', port=80): Max retries exceeded with url: /rpc/Light.Set (Caused by NewConnectionError('<urllib3.connection.HTTPConnection object at 0x7ffeadeffe90>: Failed to establish a new connection: [Errno 113] No route to host'))"
2025-12-07 21:00:04,,,407.0,1.5398259168354143,71.88884200076251,20.066652600228753,29.041418599026592,57.99101869230638,14.35160163051594,1.6,-1403.9363403504387,True,"blue_error:RPC错误: HTTPConnectionPool(host='192.168.0.63', port=80): Max retries exceeded with url: /rpc/Light.Set (Caused by NewConnectionError('<urllib3.connection.HTTPConnection object at 0x7ffeadf21110>: Failed to establish a new connection: [Errno 113] No route to host'))"
2025-12-07 21:15:04,,,409.0,1.780583219301008,95.0,28.0,30.229716358900916,76.64513905509547,16.680513954241384,1.6,-1602.759950376088,True,"blue_error:RPC错误: HTTPConnectionPool(host='192.168.0.63', port=80): Max retries exceeded with url: /rpc/Light.Set (Caused by NewConnectionError('<urllib3.connection.HTTPConnection object at 0x7ffeadeff190>: Failed to establish a new connection: [Errno 113] No route to host'))"
2025-12-07 21:30:04,,,408.0,1.4614143032317233,60.10002444044211,16.530007332132634,28.65440502212081,48.78220622960694,13.161682367997951,1.6,-1504.2270603416646,True,"blue_error:RPC错误: HTTPConnectionPool(host='192.168.0.63', port=80): Max retries exceeded with url: /rpc/Light.Set (Caused by NewConnectionError('<urllib3.connection.HTTPConnection object at 0x7ffeadf2e4d0>: Failed to establish a new connection: [Errno 113] No route to host'))"
2025-12-07 21:45:04,,,435.0,1.2229443096752664,33.33654182152719,8.778847273842398,27.477396656275385,28.042938829334574,8.823873769648344,1.6,-1539.4180442688992,True,"blue_error:RPC错误: HTTPConnectionPool(host='192.168.0.63', port=80): Max retries exceeded with url: /rpc/Light.Set (Caused by NewConnectionError('<urllib3.connection.HTTPConnection object at 0x7ffeadefd550>: Failed to establish a new connection: [Errno 113] No route to host'))"
2025-12-07 22:00:04,,,448.0,1.0532763884912593,21.463252450726284,4.821084150242095,26.639972376302396,18.530326052787583,5.678849076009193,1.6,-1364.1296308829153,True,"blue_error:RPC错误: HTTPConnectionPool(host='192.168.0.63', port=80): Max retries exceeded with url: /rpc/Light.Set (Caused by NewConnectionError('<urllib3.connection.HTTPConnection object at 0x7ffeadf30910>: Failed to establish a new connection: [Errno 113] No route to host'))"
2025-12-07 22:15:06,,,438.0,1.117707633578204,25.881927712723062,6.293975904241021,26.957983516228968,22.07046943176154,6.8384812424304044,1.6,-1381.308636680463,True,"blue_error:RPC错误: HTTPConnectionPool(host='192.168.0.63', port=80): Max retries exceeded with url: /rpc/Light.Set (Caused by NewConnectionError('<urllib3.connection.HTTPConnection object at 0x7ffeadf33dd0>: Failed to establish a new connection: [Errno 113] No route to host'))"
2025-12-07 22:30:05,2025-12-07T22:29:56.668000,0.0,462.0,1.3320803328207766,44.41697050699683,12.22509115209905,28.016055673041595,36.77177167726355,10.892081365409602,1.6,-1399.3454877792622,True,"blue_error:RPC错误: HTTPConnectionPool(host='192.168.0.63', port=80): Max retries exceeded with url: /rpc/Light.Set (Caused by NewConnectionError('<urllib3.connection.HTTPConnection object at 0x7ffeadf2b710>: Failed to establish a new connection: [Errno 113] No route to host'))"
2025-12-07 22:45:05,2025-12-07T22:44:55.530000,0.0,459.0,1.3195643148407805,42.805680533436615,11.741704160030984,27.954280781996278,35.51311557255913,10.658855087638573,1.6,-1463.0512900220078,True,"blue_error:RPC错误: HTTPConnectionPool(host='192.168.0.63', port=80): Max retries exceeded with url: /rpc/Light.Set (Caused by NewConnectionError('<urllib3.connection.HTTPConnection object at 0x7ffeadeff910>: Failed to establish a new connection: [Errno 113] No route to host'))"
2025-12-07 23:00:05,2025-12-07T22:59:19.116000,0.0,463.0,1.0358282586138687,20.26666499143855,4.42222166381285,26.553854225637945,17.571647055081275,5.376075018839918,1.6,-1479.567395955904,True,"blue_error:RPC错误: HTTPConnectionPool(host='192.168.0.63', port=80): Max retries exceeded with url: /rpc/Light.Set (Caused by NewConnectionError('<urllib3.connection.HTTPConnection object at 0x7ffeadf195d0>: Failed to establish a new connection: [Errno 113] No route to host'))"
2025-12-07 23:15:05,2025-12-07T23:14:00.836000,0.0,437.0,1.0490501212987473,21.1734163274457,4.724472109148566,26.619112930769234,18.298115860369965,5.6050208597129405,1.6,-1488.9049009475455,True,"blue_error:RPC错误: HTTPConnectionPool(host='192.168.0.63', port=80): Max retries exceeded with url: /rpc/Light.Set (Caused by NewConnectionError('<urllib3.connection.HTTPConnection object at 0x7ffeadf24210>: Failed to establish a new connection: [Errno 113] No route to host'))"
2025-12-07 23:30:05,2025-12-07T23:29:45.450000,0.0,432.0,0.8515369797524989,19.0,4.0,25.64425392860589,16.55682351251732,2.5785514726166916,1.6,-1459.003498206672,True,"blue_error:RPC错误: HTTPConnectionPool(host='192.168.0.63', port=80): Max retries exceeded with url: /rpc/Light.Set (Caused by NewConnectionError('<urllib3.connection.HTTPConnection object at 0x7ffeadf1b7d0>: Failed to establish a new connection: [Errno 113] No route to host'))"
2025-12-07 23:45:05,2025-12-07T23:44:27.246000,0.0,426.0,0.9177428914754303,19.0,4.0,25.97102423125139,16.55682351251732,3.4903318876455165,1.6,-1405.8791600127468,True,"blue_error:RPC错误: HTTPConnectionPool(host='192.168.0.63', port=80): Max retries exceeded with url: /rpc/Light.Set (Caused by NewConnectionError('<urllib3.connection.HTTPConnection object at 0x7ffeadf1aa50>: Failed to establish a new connection: [Errno 113] No route to host'))"
2025-12-08 00:00:05,2025-12-07T23:59:08.963000,0.0,421.0,0.9886143293423859,19.0,4.0,26.32082201513548,16.55682351251732,4.585744668052637,1.6,-1356.7953272335412,True,"blue_error:RPC错误: HTTPConnectionPool(host='192.168.0.63', port=80): Max retries exceeded with url: /rpc/Light.Set (Caused by NewConnectionError('<urllib3.connection.HTTPConnection object at 0x7ffeadf80150>: Failed to establish a new connection: [Errno 113] No route to host'))"
2025-12-08 00:15:04,2025-12-08T00:14:53.666000,0.0,419.0,1.273756927777682,36.983575164978454,9.994525054992819,27.728190794796184,30.964860033809284,9.793995836623935,1.6,-1566.7399807411953,True,"blue_error:RPC错误: HTTPConnectionPool(host='192.168.0.63', port=80): Max retries exceeded with url: /rpc/Light.Set (Caused by NewConnectionError('<urllib3.connection.HTTPConnection object at 0x7ffeadefe2d0>: Failed to establish a new connection: [Errno 113] No route to host'))"
2025-12-08 00:30:04,2025-12-08T00:29:35.376000,0.0,419.0,1.7624142746549978,95.0,28.0,30.14004050690793,76.64513905509547,16.584041442734808,1.6,-1469.1829261905152,True,"blue_error:RPC错误: HTTPConnectionPool(host='192.168.0.63', port=80): Max retries exceeded with url: /rpc/Light.Set (Caused by NewConnectionError('<urllib3.connection.HTTPConnection object at 0x7ffeadf22450>: Failed to establish a new connection: [Errno 113] No route to host'))"
2025-12-08 00:45:05,2025-12-08T00:44:17.062000,0.0,418.0,1.6958522440395307,95.0,28.0,29.811512520163483,76.64513905509547,16.115917038954564,1.6,-1621.351941601545,True,"blue_error:RPC错误: HTTPConnectionPool(host='192.168.0.63', port=80): Max retries exceeded with url: /rpc/Light.Set (Caused by NewConnectionError('<urllib3.connection.HTTPConnection object at 0x7ffeadf3ef50>: Failed to establish a new connection: [Errno 113] No route to host'))"
2025-12-08 09:00:04,2025-12-08T08:59:30.676000,0.0,428.0,1.3525873865941946,47.04693485213246,13.011733713033115,28.11727165200056,38.824753215832224,11.270364584444252,1.6,-1469.2956815230555,True,"red_error:RPC错误: HTTPConnectionPool(host='192.168.0.46', port=80): Max retries exceeded with url: /rpc/Light.Set (Caused by ConnectTimeoutError(<urllib3.connection.HTTPConnection object at 0x7ffeadf16550>, 'Connection to 192.168.0.46 timed out. (connect timeout=5)'))|blue_error:RPC错误: HTTPConnectionPool(host='192.168.0.63', port=80): Max retries exceeded with url: /rpc/Light.Set (Caused by NewConnectionError('<urllib3.connection.HTTPConnection object at 0x7ffeadf80250>: Failed to establish a new connection: [Errno 113] No route to host'))"
2025-12-08 09:15:04,2025-12-08T09:14:09.958000,0.0,428.0,1.0220662963996985,19.32287379339122,4.107624597797074,26.48592976933652,16.81550274422026,5.141177432348479,1.6,-1524.762321477751,True,"blue_error:RPC错误: HTTPConnectionPool(host='192.168.0.63', port=80): Max retries exceeded with url: /rpc/Light.Set (Caused by NewConnectionError('<urllib3.connection.HTTPConnection object at 0x7ffeadf31410>: Failed to establish a new connection: [Errno 113] No route to host'))"
2025-12-08 09:30:05,2025-12-08T09:29:46.456000,29.59,606.0,1.4692064638225688,61.27870818606944,16.88361245582083,28.692864528353258,49.70293280042506,13.287434376429706,1.6,-1449.5713173205734,True,"blue_error:RPC错误: HTTPConnectionPool(host='192.168.0.63', port=80): Max retries exceeded with url: /rpc/Light.Set (Caused by NewConnectionError('<urllib3.connection.HTTPConnection object at 0x7ffeae4c4f90>: Failed to establish a new connection: [Errno 113] No route to host'))"
2025-12-08 09:45:05,2025-12-08T09:44:33.770000,30.91,511.0,1.1931186378845615,31.195829069976156,8.065276356658718,27.330187086253282,26.327847851984977,8.254742430380203,1.6,-1393.8486011530915,True,"blue_error:RPC错误: HTTPConnectionPool(host='192.168.0.63', port=80): Max retries exceeded with url: /rpc/Light.Set (Caused by NewConnectionError('<urllib3.connection.HTTPConnection object at 0x7ffeadf223d0>: Failed to establish a new connection: [Errno 113] No route to host'))"
2025-12-08 10:00:04,2025-12-08T09:59:22.824000,30.45,570.0,0.8417161489508804,19.0,4.0,25.595781582711687,16.55682351251732,2.453061472950722,1.6,-1535.5316505029994,True,"blue_error:RPC错误: HTTPConnectionPool(host='192.168.0.63', port=80): Max retries exceeded with url: /rpc/Light.Set (Caused by NewConnectionError('<urllib3.connection.HTTPConnection object at 0x7ffeadf19a90>: Failed to establish a new connection: [Errno 113] No route to host'))"
2025-12-08 10:15:04,2025-12-08T10:14:53.320000,30.38,557.0,1.267822754045654,36.557654787820994,9.852551595940332,27.698901692117847,30.6236221935606,9.68102831064918,1.6,-1508.1202844371119,True,"blue_error:RPC错误: HTTPConnectionPool(host='192.168.0.63', port=80): Max retries exceeded with url: /rpc/Light.Set (Caused by NewConnectionError('<urllib3.connection.HTTPConnection object at 0x7ffeadf82290>: Failed to establish a new connection: [Errno 113] No route to host'))"
2025-12-08 10:30:05,2025-12-08T10:29:10.091000,31.13,531.0,0.8729284728839753,19.0,4.0,25.74983520530313,16.55682351251732,2.860737667849321,1.6,-1506.9547294780957,True,"blue_error:RPC错误: HTTPConnectionPool(host='192.168.0.63', port=80): Max retries exceeded with url: /rpc/Light.Set (Caused by NewConnectionError('<urllib3.connection.HTTPConnection object at 0x7ffeadf2c550>: Failed to establish a new connection: [Errno 113] No route to host'))"
2025-12-08 10:45:05,2025-12-08T10:43:59.821000,30.97,528.0,1.4198503798008002,54.1756434405328,14.7939108601332,28.449259356345575,44.17915435421831,12.46675038583695,1.6,-1346.6349963216037,True,"blue_error:RPC错误: HTTPConnectionPool(host='192.168.0.63', port=80): Max retries exceeded with url: /rpc/Light.Set (Caused by NewConnectionError('<urllib3.connection.HTTPConnection object at 0x7ffeadf4d610>: Failed to establish a new connection: [Errno 113] No route to host'))"
2025-12-08 11:00:05,2025-12-08T10:59:52.380000,32.29,523.0,1.4569538143580167,59.42530711760277,16.32759213528083,28.63238953647494,48.255152073448365,13.08902122876756,1.6,-1530.0521202832006,True,"blue_error:RPC错误: HTTPConnectionPool(host='192.168.0.63', port=80): Max retries exceeded with url: /rpc/Light.Set (Caused by NewConnectionError('<urllib3.connection.HTTPConnection object at 0x7ffeae4c4e10>: Failed to establish a new connection: [Errno 113] No route to host'))"
2025-12-08 11:15:05,2025-12-08T11:13:37.970000,32.85,517.0,1.4292979455383046,55.24193298549197,15.072579895647591,28.49588939035564,44.987317309970244,12.628084908460691,1.6,-1558.3415016355136,True,"blue_error:RPC错误: HTTPConnectionPool(host='192.168.0.63', port=80): Max retries exceeded with url: /rpc/Light.Set (Caused by NewConnectionError('<urllib3.connection.HTTPConnection object at 0x7ffeadf3e050>: Failed to establish a new connection: [Errno 113] No route to host'))"
2025-12-08 11:30:09,2025-12-08T11:29:31.202000,33.23,510.0,1.227133706250701,33.637232271461414,8.87907742382047,27.49807412073786,28.28384526448507,8.903953687299499,1.6,-1522.8562157816573,True,"blue_error:RPC错误: HTTPConnectionPool(host='192.168.0.63', port=80): Max retries exceeded with url: /rpc/Light.Set (Caused by NewConnectionError('<urllib3.connection.HTTPConnection object at 0x7ffeadf1a190>: Failed to establish a new connection: [Errno 113] No route to host'))"
2025-12-08 11:45:04,2025-12-08T11:44:20.266000,32.76,503.0,1.1896059205912182,30.943706711920917,7.9812355706403055,27.312849485075645,26.125853081236155,8.187904426825776,1.6,-1555.4903142729731,True,"blue_error:RPC错误: HTTPConnectionPool(host='192.168.0.63', port=80): Max retries exceeded with url: /rpc/Light.Set (Caused by NewConnectionError('<urllib3.connection.HTTPConnection object at 0x7ffeadf4f2d0>: Failed to establish a new connection: [Errno 113] No route to host'))"
2025-12-08 12:00:05,2025-12-08T11:59:09.977000,32.67,498.0,1.2507968149606323,35.33563219056986,9.445210730189954,27.614867334416985,29.644565134576773,9.356226718476668,1.6,-1559.025151245437,True,"blue_error:RPC错误: HTTPConnectionPool(host='192.168.0.63', port=80): Max retries exceeded with url: /rpc/Light.Set (Caused by NewConnectionError('<urllib3.connection.HTTPConnection object at 0x7ffeadf3f110>: Failed to establish a new connection: [Errno 113] No route to host'))"
2025-12-08 12:15:05,2025-12-08T12:13:58.993000,32.92,490.0,1.110375641925461,25.379101947158166,6.1263673157193885,26.92179525042292,21.66761672157218,6.703650383806169,1.6,-1486.7372207420221,True,"blue_error:RPC错误: HTTPConnectionPool(host='192.168.0.63', port=80): Max retries exceeded with url: /rpc/Light.Set (Caused by NewConnectionError('<urllib3.connection.HTTPConnection object at 0x7ffeadf81f90>: Failed to establish a new connection: [Errno 113] No route to host'))"
2025-12-08 12:30:05,2025-12-08T12:29:51.649000,32.68,485.0,1.5038059471977476,66.49673640089621,18.44902092026886,28.86363604043817,53.778985636898696,13.826588027390903,1.6,-1445.528375627167,True,"blue_error:RPC错误: HTTPConnectionPool(host='192.168.0.63', port=80): Max retries exceeded with url: /rpc/Light.Set (Caused by NewConnectionError('<urllib3.connection.HTTPConnection object at 0x7ffeadf199d0>: Failed to establish a new connection: [Errno 113] No route to host'))"
2025-12-08 12:45:05,2025-12-08T12:44:41.285000,33.93,483.0,1.3855475614615724,50.54014070650973,13.885035176627433,28.279952083949528,41.44851391124477,11.86620774470454,1.6,-1295.249137548476,True,"blue_error:RPC错误: HTTPConnectionPool(host='192.168.0.63', port=80): Max retries exceeded with url: /rpc/Light.Set (Caused by NewConnectionError('<urllib3.connection.HTTPConnection object at 0x7ffeadf3c550>: Failed to establish a new connection: [Errno 113] No route to host'))"
2025-12-08 13:00:05,2025-12-08T12:59:30.993000,33.95,478.0,1.4016886940405677,52.25082030842629,14.312705077106573,28.359619331792178,42.73341210764744,12.151534467893649,1.6,-1420.823145321185,True,"blue_error:RPC错误: HTTPConnectionPool(host='192.168.0.63', port=80): Max retries exceeded with url: /rpc/Light.Set (Caused by NewConnectionError('<urllib3.connection.HTTPConnection object at 0x7ffeadee68d0>: Failed to establish a new connection: [Errno 113] No route to host'))"
2025-12-08 13:15:04,2025-12-08T13:14:20.685000,34.21,475.0,1.1579399668452417,28.670909255765608,7.223636418588536,27.156556896999298,24.304938805105095,7.588459831953453,1.6,-1447.9169090050787,True,"blue_error:RPC错误: HTTPConnectionPool(host='192.168.0.63', port=80): Max retries exceeded with url: /rpc/Light.Set (Caused by NewConnectionError('<urllib3.connection.HTTPConnection object at 0x7ffeadf839d0>: Failed to establish a new connection: [Errno 113] No route to host'))"
2025-12-08 13:30:04,2025-12-08T13:29:10.383000,33.8,472.0,1.2914785115154528,39.18996398766198,10.656989196298595,27.81565862252709,32.68870545526378,10.130309379647851,1.6,-1405.5496614856188,True,"blue_error:RPC错误: HTTPConnectionPool(host='192.168.0.63', port=80): Max retries exceeded with url: /rpc/Light.Set (Caused by NewConnectionError('<urllib3.connection.HTTPConnection object at 0x7ffeadf80490>: Failed to establish a new connection: [Errno 113] No route to host'))"
2025-12-08 13:45:05,2025-12-08T13:44:00.063000,33.93,470.0,1.4634204106906348,60.40347894785802,16.621043684357407,28.66430649956336,49.01924914213446,13.194202356511509,1.6,-1412.1509154618045,True,"blue_error:RPC错误: HTTPConnectionPool(host='192.168.0.63', port=80): Max retries exceeded with url: /rpc/Light.Set (Caused by NewConnectionError('<urllib3.connection.HTTPConnection object at 0x7ffeadf3c750>: Failed to establish a new connection: [Errno 113] No route to host'))"
2025-12-08 14:00:04,2025-12-08T13:59:53.230000,34.8,468.0,1.3499914691277,46.722818452608756,12.916845535782628,28.104459069043934,38.5729804236023,11.222769476052314,1.6,-1333.519918658029,True,"blue_error:RPC错误: HTTPConnectionPool(host='192.168.0.63', port=80): Max retries exceeded with url: /rpc/Light.Set (Caused by NewConnectionError('<urllib3.connection.HTTPConnection object at 0x7ffeadf804d0>: Failed to establish a new connection: [Errno 113] No route to host'))"
2025-12-08 14:15:04,2025-12-08T14:14:42.938000,33.3,453.0,1.2398997724158716,34.55350603785623,9.184502012618744,27.56108316624188,29.01794322713198,9.148003909717305,1.6,-1432.6775201767546,True,"blue_error:RPC错误: HTTPConnectionPool(host='192.168.0.63', port=80): Max retries exceeded with url: /rpc/Light.Set (Caused by NewConnectionError('<urllib3.connection.HTTPConnection object at 0x7ffeadf82d50>: Failed to establish a new connection: [Errno 113] No route to host'))"
2025-12-08 14:30:05,2025-12-08T14:29:32.650000,31.91,447.0,1.1307562439325884,26.776797456409525,6.592265818803175,27.02238710563122,22.787418972136717,7.079957914756427,1.6,-1372.272152019053,True,"red_error:RPC错误: HTTPConnectionPool(host='192.168.0.46', port=80): Max retries exceeded with url: /rpc/Light.Set (Caused by ConnectTimeoutError(<urllib3.connection.HTTPConnection object at 0x7ffeae4c4f90>, 'Connection to 192.168.0.46 timed out. (connect timeout=5)'))|blue_error:RPC错误: HTTPConnectionPool(host='192.168.0.63', port=80): Max retries exceeded with url: /rpc/Light.Set (Caused by NewConnectionError('<urllib3.connection.HTTPConnection object at 0x7ffeadf14f90>: Failed to establish a new connection: [Errno 113] No route to host'))"
2025-12-08 14:45:05,2025-12-08T14:44:16.928000,29.52,446.0,1.169431736325933,29.495721438969063,7.4985738129896875,27.213276439007164,24.965759801474327,7.80526796254678,1.6,-1673.9025222868222,True,"red_error:RPC错误: HTTPConnectionPool(host='192.168.0.46', port=80): Max retries exceeded with url: /rpc/Light.Set (Caused by NewConnectionError('<urllib3.connection.HTTPConnection object at 0x7ffeadf4dd90>: Failed to establish a new connection: [Errno 113] No route to host'))|blue_error:RPC错误: HTTPConnectionPool(host='192.168.0.63', port=80): Max retries exceeded with url: /rpc/Light.Set (Caused by NewConnectionError('<urllib3.connection.HTTPConnection object at 0x7ffeadf22d10>: Failed to establish a new connection: [Errno 113] No route to host'))"
2025-12-08 15:00:04,2025-12-08T14:59:31.941000,28.9,436.0,1.1788309677740105,30.170343447716235,7.723447815905411,27.259667911082605,25.50625180325523,7.9832550006993825,1.6,-1441.6155400327332,True,"red_error:RPC错误: HTTPConnectionPool(host='192.168.0.46', port=80): Max retries exceeded with url: /rpc/Light.Set (Caused by NewConnectionError('<urllib3.connection.HTTPConnection object at 0x7ffeadf14490>: Failed to establish a new connection: [Errno 113] No route to host'))|blue_error:RPC错误: HTTPConnectionPool(host='192.168.0.63', port=80): Max retries exceeded with url: /rpc/Light.Set (Caused by NewConnectionError('<urllib3.connection.HTTPConnection object at 0x7ffeadf224d0>: Failed to establish a new connection: [Errno 113] No route to host'))"
2025-12-08 15:15:04,2025-12-08T15:13:58.092000,28.61,447.0,1.2856777007768212,38.44317789350518,10.432953368051555,27.787027755111733,32.10535491517324,10.020419640156758,1.6,-1452.9033550866595,True,"blue_error:RPC错误: HTTPConnectionPool(host='192.168.0.63', port=80): Max retries exceeded with url: /rpc/Light.Set (Caused by NewConnectionError('<urllib3.connection.HTTPConnection object at 0x7ffeaec17b10>: Failed to establish a new connection: [Errno 113] No route to host'))"
