entity_id,state,last_changed
sensor.greenpi_arduino_nano_roomtemp_temperature,24.46,2025-11-02T09:00:00.000000Z
sensor.greenpi_arduino_nano_roomtemp_temperature,24.99,2025-11-02T09:00:57.022000Z
sensor.greenpi_arduino_nano_roomtemp_temperature,25.99,2025-11-02T09:02:37.106000Z
sensor.greenpi_arduino_nano_roomtemp_temperature,26.73,2025-11-02T09:04:17.188000Z
sensor.greenpi_arduino_nano_roomtemp_temperature,27.32,2025-11-02T09:05:57.277000Z
sensor.greenpi_arduino_nano_roomtemp_temperature,27.73,2025-11-02T09:07:37.367000Z
sensor.greenpi_arduino_nano_roomtemp_temperature,28.06,2025-11-02T09:09:17.456000Z
sensor.greenpi_arduino_nano_roomtemp_temperature,28.36,2025-11-02T09:10:57.541000Z
sensor.greenpi_arduino_nano_roomtemp_temperature,28.61,2025-11-02T09:12:37.617000Z
sensor.greenpi_arduino_nano_roomtemp_temperature,28.85,2025-11-02T09:14:17.697000Z
sensor.greenpi_arduino_nano_roomtemp_temperature,29.03,2025-11-02T09:15:57.786000Z
sensor.greenpi_arduino_nano_roomtemp_temperature,29.2,2025-11-02T09:17:37.886000Z
sensor.greenpi_arduino_nano_roomtemp_temperature,29.36,2025-11-02T09:19:17.935000Z
sensor.greenpi_arduino_nano_roomtemp_temperature,29.48,2025-11-02T09:20:58.017000Z
sensor.greenpi_arduino_nano_roomtemp_temperature,29.62,2025-11-02T09:22:38.111000Z
sensor.greenpi_arduino_nano_roomtemp_temperature,29.7,2025-11-02T09:24:18.206000Z
sensor.greenpi_arduino_nano_roomtemp_temperature,29.86,2025-11-02T09:25:58.319000Z
sensor.greenpi_arduino_nano_roomtemp_temperature,29.96,2025-11-02T09:27:38.397000Z
sensor.greenpi_arduino_nano_roomtemp_temperature,30.02,2025-11-02T09:29:18.522000Z
sensor.greenpi_arduino_nano_roomtemp_temperature,30.11,2025-11-02T09:30:58.590000Z
sensor.greenpi_arduino_nano_roomtemp_temperature,30.19,2025-11-02T09:32:38.692000Z
sensor.greenpi_arduino_nano_roomtemp_temperature,30.27,2025-11-02T09:34:18.765000Z
sensor.greenpi_arduino_nano_roomtemp_temperature,30.34,2025-11-02T09:35:58.856000Z
sensor.greenpi_arduino_nano_roomtemp_temperature,30.42,2025-11-02T09:37:38.942000Z
sensor.greenpi_arduino_nano_roomtemp_temperature,30.43,2025-11-02T09:39:19.104000Z
sensor.greenpi_arduino_nano_roomtemp_temperature,30.49,2025-11-02T09:40:59.119000Z
sensor.greenpi_arduino_nano_roomtemp_temperature,30.52,2025-11-02T09:42:39.237000Z
sensor.greenpi_arduino_nano_roomtemp_temperature,30.61,2025-11-02T09:44:19.369000Z
sensor.greenpi_arduino_nano_roomtemp_temperature,30.67,2025-11-02T09:45:59.382000Z
sensor.greenpi_arduino_nano_roomtemp_temperature,30.69,2025-11-02T09:47:39.476000Z
sensor.greenpi_arduino_nano_roomtemp_temperature,30.76,2025-11-02T09:49:19.599000Z
sensor.greenpi_arduino_nano_roomtemp_temperature,30.78,2025-11-02T09:50:59.680000Z
sensor.greenpi_arduino_nano_roomtemp_temperature,30.82,2025-11-02T09:52:39.771000Z
sensor.greenpi_arduino_nano_roomtemp_temperature,30.87,2025-11-02T09:54:19.863000Z
sensor.greenpi_arduino_nano_roomtemp_temperature,30.91,2025-11-02T09:55:59.945000Z
sensor.greenpi_arduino_nano_roomtemp_temperature,30.94,2025-11-02T09:57:40.038000Z
sensor.greenpi_arduino_nano_roomtemp_temperature,30.98,2025-11-02T09:59:20.121000Z
sensor.greenpi_arduino_nano_roomtemp_temperature,31.02,2025-11-02T10:01:00.220000Z
sensor.greenpi_arduino_nano_roomtemp_temperature,31.06,2025-11-02T10:02:40.311000Z
sensor.greenpi_arduino_nano_roomtemp_temperature,31.09,2025-11-02T10:04:20.407000Z
sensor.greenpi_arduino_nano_roomtemp_temperature,31.11,2025-11-02T10:06:00.500000Z
sensor.greenpi_arduino_nano_roomtemp_temperature,31.16,2025-11-02T10:07:40.580000Z
sensor.greenpi_arduino_nano_roomtemp_temperature,31.2,2025-11-02T10:09:20.677000Z
sensor.greenpi_arduino_nano_roomtemp_temperature,31.25,2025-11-02T10:11:00.729000Z
sensor.greenpi_arduino_nano_roomtemp_temperature,31.27,2025-11-02T10:12:40.809000Z
sensor.greenpi_arduino_nano_roomtemp_temperature,31.31,2025-11-02T10:14:20.961000Z
sensor.greenpi_arduino_nano_roomtemp_temperature,31.36,2025-11-02T10:17:41.106000Z
sensor.greenpi_arduino_nano_roomtemp_temperature,31.39,2025-11-02T10:19:21.198000Z
sensor.greenpi_arduino_nano_roomtemp_temperature,31.49,2025-11-02T10:21:01.320000Z
sensor.greenpi_arduino_nano_roomtemp_temperature,31.51,2025-11-02T10:24:21.490000Z
sensor.greenpi_arduino_nano_roomtemp_temperature,31.53,2025-11-02T10:26:01.588000Z
sensor.greenpi_arduino_nano_roomtemp_temperature,31.55,2025-11-02T10:27:41.673000Z
sensor.greenpi_arduino_nano_roomtemp_temperature,31.61,2025-11-02T10:29:21.791000Z
sensor.greenpi_arduino_nano_roomtemp_temperature,31.62,2025-11-02T10:31:01.842000Z
sensor.greenpi_arduino_nano_roomtemp_temperature,31.68,2025-11-02T10:32:41.933000Z
sensor.greenpi_arduino_nano_roomtemp_temperature,31.7,2025-11-02T10:34:22.029000Z
sensor.greenpi_arduino_nano_roomtemp_temperature,31.75,2025-11-02T10:37:42.182000Z
sensor.greenpi_arduino_nano_roomtemp_temperature,31.79,2025-11-02T10:39:22.324000Z
sensor.greenpi_arduino_nano_roomtemp_temperature,31.8,2025-11-02T10:41:02.316000Z
sensor.greenpi_arduino_nano_roomtemp_temperature,31.85,2025-11-02T10:42:42.416000Z
sensor.greenpi_arduino_nano_roomtemp_temperature,31.84,2025-11-02T10:44:22.513000Z
sensor.greenpi_arduino_nano_roomtemp_temperature,31.92,2025-11-02T10:46:02.572000Z
sensor.greenpi_arduino_nano_roomtemp_temperature,31.9,2025-11-02T10:49:22.747000Z
sensor.greenpi_arduino_nano_roomtemp_temperature,31.92,2025-11-02T10:51:02.805000Z
sensor.greenpi_arduino_nano_roomtemp_temperature,31.98,2025-11-02T10:52:42.892000Z
sensor.greenpi_arduino_nano_roomtemp_temperature,32.01,2025-11-02T10:54:22.983000Z
sensor.greenpi_arduino_nano_roomtemp_temperature,32.03,2025-11-02T10:56:03.036000Z
sensor.greenpi_arduino_nano_roomtemp_temperature,32.07,2025-11-02T10:57:43.121000Z
sensor.greenpi_arduino_nano_roomtemp_temperature,32.09,2025-11-02T10:59:23.179000Z
sensor.greenpi_arduino_nano_roomtemp_temperature,32.12,2025-11-02T11:02:43.314000Z
sensor.greenpi_arduino_nano_roomtemp_temperature,32.14,2025-11-02T11:04:23.404000Z
sensor.greenpi_arduino_nano_roomtemp_temperature,32.13,2025-11-02T11:06:03.460000Z
sensor.greenpi_arduino_nano_roomtemp_temperature,32.14,2025-11-02T11:07:43.547000Z
sensor.greenpi_arduino_nano_roomtemp_temperature,32.17,2025-11-02T11:09:23.627000Z
sensor.greenpi_arduino_nano_roomtemp_temperature,32.21,2025-11-02T11:11:03.682000Z
sensor.greenpi_arduino_nano_roomtemp_temperature,32.24,2025-11-02T11:12:43.767000Z
sensor.greenpi_arduino_nano_roomtemp_temperature,32.22,2025-11-02T11:14:23.851000Z
sensor.greenpi_arduino_nano_roomtemp_temperature,32.27,2025-11-02T11:16:03.941000Z
sensor.greenpi_arduino_nano_roomtemp_temperature,32.29,2025-11-02T11:17:43.991000Z
sensor.greenpi_arduino_nano_roomtemp_temperature,32.33,2025-11-02T11:21:04.128000Z
sensor.greenpi_arduino_nano_roomtemp_temperature,32.36,2025-11-02T11:22:44.176000Z
sensor.greenpi_arduino_nano_roomtemp_temperature,32.39,2025-11-02T11:24:24.271000Z
sensor.greenpi_arduino_nano_roomtemp_temperature,32.42,2025-11-02T11:26:04.408000Z
sensor.greenpi_arduino_nano_roomtemp_temperature,32.47,2025-11-02T11:29:24.490000Z
sensor.greenpi_arduino_nano_roomtemp_temperature,32.46,2025-11-02T11:31:04.544000Z
sensor.greenpi_arduino_nano_roomtemp_temperature,32.47,2025-11-02T11:34:24.730000Z
sensor.greenpi_arduino_nano_roomtemp_temperature,32.51,2025-11-02T11:36:04.797000Z
sensor.greenpi_arduino_nano_roomtemp_temperature,32.55,2025-11-02T11:39:24.986000Z
sensor.greenpi_arduino_nano_roomtemp_temperature,32.57,2025-11-02T11:41:05.043000Z
sensor.greenpi_arduino_nano_roomtemp_temperature,32.59,2025-11-02T11:46:05.284000Z
sensor.greenpi_arduino_nano_roomtemp_temperature,32.62,2025-11-02T11:47:45.335000Z
sensor.greenpi_arduino_nano_roomtemp_temperature,32.66,2025-11-02T11:51:05.480000Z
sensor.greenpi_arduino_nano_roomtemp_temperature,32.62,2025-11-02T11:52:45.569000Z
sensor.greenpi_arduino_nano_roomtemp_temperature,32.66,2025-11-02T11:54:25.658000Z
sensor.greenpi_arduino_nano_roomtemp_temperature,32.67,2025-11-02T11:56:05.705000Z
sensor.greenpi_arduino_nano_roomtemp_temperature,32.69,2025-11-02T11:57:45.798000Z
sensor.greenpi_arduino_nano_roomtemp_temperature,32.71,2025-11-02T11:59:25.897000Z
sensor.greenpi_arduino_nano_roomtemp_temperature,32.74,2025-11-02T12:01:05.970000Z
sensor.greenpi_arduino_nano_roomtemp_temperature,32.76,2025-11-02T12:02:46.061000Z
sensor.greenpi_arduino_nano_roomtemp_temperature,32.73,2025-11-02T12:04:26.155000Z
sensor.greenpi_arduino_nano_roomtemp_temperature,32.77,2025-11-02T12:06:06.222000Z
sensor.greenpi_arduino_nano_roomtemp_temperature,32.8,2025-11-02T12:09:26.392000Z
sensor.greenpi_arduino_nano_roomtemp_temperature,32.81,2025-11-02T12:11:06.487000Z
sensor.greenpi_arduino_nano_roomtemp_temperature,32.85,2025-11-02T12:16:06.730000Z
sensor.greenpi_arduino_nano_roomtemp_temperature,32.84,2025-11-02T12:17:46.818000Z
sensor.greenpi_arduino_nano_roomtemp_temperature,32.86,2025-11-02T12:19:26.906000Z
sensor.greenpi_arduino_nano_roomtemp_temperature,32.84,2025-11-02T12:21:07.000000Z
sensor.greenpi_arduino_nano_roomtemp_temperature,32.85,2025-11-02T12:22:47.144000Z
sensor.greenpi_arduino_nano_roomtemp_temperature,32.89,2025-11-02T12:24:27.195000Z
sensor.greenpi_arduino_nano_roomtemp_temperature,32.92,2025-11-02T12:26:07.290000Z
sensor.greenpi_arduino_nano_roomtemp_temperature,32.95,2025-11-02T12:27:47.377000Z
sensor.greenpi_arduino_nano_roomtemp_temperature,32.97,2025-11-02T12:31:07.549000Z
sensor.greenpi_arduino_nano_roomtemp_temperature,32.99,2025-11-02T12:34:27.732000Z
sensor.greenpi_arduino_nano_roomtemp_temperature,32.67,2025-11-02T12:37:47.869000Z
sensor.greenpi_arduino_nano_roomtemp_temperature,32.57,2025-11-02T12:39:27.965000Z
sensor.greenpi_arduino_nano_roomtemp_temperature,32.65,2025-11-02T12:41:08.049000Z
sensor.greenpi_arduino_nano_roomtemp_temperature,32.76,2025-11-02T12:42:48.103000Z
sensor.greenpi_arduino_nano_roomtemp_temperature,32.82,2025-11-02T12:44:28.196000Z
sensor.greenpi_arduino_nano_roomtemp_temperature,32.86,2025-11-02T12:46:08.281000Z
sensor.greenpi_arduino_nano_roomtemp_temperature,32.93,2025-11-02T12:47:48.448000Z
sensor.greenpi_arduino_nano_roomtemp_temperature,32.99,2025-11-02T12:49:28.472000Z
sensor.greenpi_arduino_nano_roomtemp_temperature,33.03,2025-11-02T12:51:08.564000Z
sensor.greenpi_arduino_nano_roomtemp_temperature,33.08,2025-11-02T12:54:28.746000Z
sensor.greenpi_arduino_nano_roomtemp_temperature,33.11,2025-11-02T12:56:08.839000Z
sensor.greenpi_arduino_nano_roomtemp_temperature,33.15,2025-11-02T12:57:48.924000Z
sensor.greenpi_arduino_nano_roomtemp_temperature,33.21,2025-11-02T12:59:29.026000Z
sensor.greenpi_arduino_nano_roomtemp_temperature,33.23,2025-11-02T13:01:09.114000Z
sensor.greenpi_arduino_nano_roomtemp_temperature,33.25,2025-11-02T13:02:49.219000Z
sensor.greenpi_arduino_nano_roomtemp_temperature,33.32,2025-11-02T13:04:29.301000Z
sensor.greenpi_arduino_nano_roomtemp_temperature,33.36,2025-11-02T13:06:09.399000Z
sensor.greenpi_arduino_nano_roomtemp_temperature,33.37,2025-11-02T13:07:49.441000Z
sensor.greenpi_arduino_nano_roomtemp_temperature,33.44,2025-11-02T13:09:29.525000Z
sensor.greenpi_arduino_nano_roomtemp_temperature,33.51,2025-11-02T13:12:49.722000Z
sensor.greenpi_arduino_nano_roomtemp_temperature,33.52,2025-11-02T13:14:29.816000Z
sensor.greenpi_arduino_nano_roomtemp_temperature,33.58,2025-11-02T13:16:09.895000Z
sensor.greenpi_arduino_nano_roomtemp_temperature,33.65,2025-11-02T13:17:49.995000Z
sensor.greenpi_arduino_nano_roomtemp_temperature,33.69,2025-11-02T13:19:30.149000Z
sensor.greenpi_arduino_nano_roomtemp_temperature,33.7,2025-11-02T13:21:10.181000Z
sensor.greenpi_arduino_nano_roomtemp_temperature,33.73,2025-11-02T13:22:50.322000Z
sensor.greenpi_arduino_nano_roomtemp_temperature,33.78,2025-11-02T13:24:30.387000Z
sensor.greenpi_arduino_nano_roomtemp_temperature,33.81,2025-11-02T13:26:10.451000Z
sensor.greenpi_arduino_nano_roomtemp_temperature,33.84,2025-11-02T13:29:30.647000Z
sensor.greenpi_arduino_nano_roomtemp_temperature,33.85,2025-11-02T13:31:10.715000Z
sensor.greenpi_arduino_nano_roomtemp_temperature,33.91,2025-11-02T13:32:50.764000Z
sensor.greenpi_arduino_nano_roomtemp_temperature,33.95,2025-11-02T13:34:30.853000Z
sensor.greenpi_arduino_nano_roomtemp_temperature,33.96,2025-11-02T13:36:10.938000Z
sensor.greenpi_arduino_nano_roomtemp_temperature,34.0,2025-11-02T13:37:51.046000Z
sensor.greenpi_arduino_nano_roomtemp_temperature,34.05,2025-11-02T13:39:31.134000Z
sensor.greenpi_arduino_nano_roomtemp_temperature,34.07,2025-11-02T13:41:11.227000Z
sensor.greenpi_arduino_nano_roomtemp_temperature,34.11,2025-11-02T13:42:51.318000Z
sensor.greenpi_arduino_nano_roomtemp_temperature,34.13,2025-11-02T13:44:31.405000Z
sensor.greenpi_arduino_nano_roomtemp_temperature,34.16,2025-11-02T13:46:11.483000Z
sensor.greenpi_arduino_nano_roomtemp_temperature,34.22,2025-11-02T13:47:51.584000Z
sensor.greenpi_arduino_nano_roomtemp_temperature,34.24,2025-11-02T13:49:31.673000Z
sensor.greenpi_arduino_nano_roomtemp_temperature,34.26,2025-11-02T13:51:11.762000Z
sensor.greenpi_arduino_nano_roomtemp_temperature,34.31,2025-11-02T13:52:51.836000Z
sensor.greenpi_arduino_nano_roomtemp_temperature,34.34,2025-11-02T13:56:12.003000Z
sensor.greenpi_arduino_nano_roomtemp_temperature,34.35,2025-11-02T13:57:52.097000Z
sensor.greenpi_arduino_nano_roomtemp_temperature,34.38,2025-11-02T13:59:32.169000Z
sensor.greenpi_arduino_nano_roomtemp_temperature,34.41,2025-11-02T14:01:12.251000Z
sensor.greenpi_arduino_nano_roomtemp_temperature,34.44,2025-11-02T14:02:52.398000Z
sensor.greenpi_arduino_nano_roomtemp_temperature,34.48,2025-11-02T14:04:32.434000Z
sensor.greenpi_arduino_nano_roomtemp_temperature,34.52,2025-11-02T14:06:12.509000Z
sensor.greenpi_arduino_nano_roomtemp_temperature,34.53,2025-11-02T14:07:52.608000Z
sensor.greenpi_arduino_nano_roomtemp_temperature,34.55,2025-11-02T14:09:32.706000Z
sensor.greenpi_arduino_nano_roomtemp_temperature,34.61,2025-11-02T14:11:12.793000Z
sensor.greenpi_arduino_nano_roomtemp_temperature,34.66,2025-11-02T14:14:33.068000Z
sensor.greenpi_arduino_nano_roomtemp_temperature,34.67,2025-11-02T14:16:13.094000Z
sensor.greenpi_arduino_nano_roomtemp_temperature,34.71,2025-11-02T14:19:33.281000Z
sensor.greenpi_arduino_nano_roomtemp_temperature,34.72,2025-11-02T14:21:13.397000Z
sensor.greenpi_arduino_nano_roomtemp_temperature,34.76,2025-11-02T14:22:53.489000Z
sensor.greenpi_arduino_nano_roomtemp_temperature,34.78,2025-11-02T14:24:33.504000Z
sensor.greenpi_arduino_nano_roomtemp_temperature,34.79,2025-11-02T14:26:13.668000Z
sensor.greenpi_arduino_nano_roomtemp_temperature,34.82,2025-11-02T14:29:33.786000Z
sensor.greenpi_arduino_nano_roomtemp_temperature,34.86,2025-11-02T14:31:13.857000Z
sensor.greenpi_arduino_nano_roomtemp_temperature,34.89,2025-11-02T14:32:54.017000Z
sensor.greenpi_arduino_nano_roomtemp_temperature,34.93,2025-11-02T14:34:34.037000Z
sensor.greenpi_arduino_nano_roomtemp_temperature,34.94,2025-11-02T14:36:14.168000Z
sensor.greenpi_arduino_nano_roomtemp_temperature,35.0,2025-11-02T14:37:54.286000Z
sensor.greenpi_arduino_nano_roomtemp_temperature,35.01,2025-11-02T14:41:14.410000Z
sensor.greenpi_arduino_nano_roomtemp_temperature,35.02,2025-11-02T14:42:54.485000Z
sensor.greenpi_arduino_nano_roomtemp_temperature,35.04,2025-11-02T14:44:34.576000Z
sensor.greenpi_arduino_nano_roomtemp_temperature,35.07,2025-11-02T14:46:14.665000Z
sensor.greenpi_arduino_nano_roomtemp_temperature,35.11,2025-11-02T14:49:34.899000Z
sensor.greenpi_arduino_nano_roomtemp_temperature,35.13,2025-11-02T14:51:14.932000Z
sensor.greenpi_arduino_nano_roomtemp_temperature,35.19,2025-11-02T14:54:35.115000Z
sensor.greenpi_arduino_nano_roomtemp_temperature,35.2,2025-11-02T14:56:15.198000Z
sensor.greenpi_arduino_nano_roomtemp_temperature,35.23,2025-11-02T14:57:55.306000Z
sensor.greenpi_arduino_nano_roomtemp_temperature,35.22,2025-11-02T14:59:35.391000Z
sensor.greenpi_arduino_nano_roomtemp_temperature,35.26,2025-11-02T15:01:15.483000Z
sensor.greenpi_arduino_nano_roomtemp_temperature,35.3,2025-11-02T15:02:55.585000Z
sensor.greenpi_arduino_nano_roomtemp_temperature,35.33,2025-11-02T15:06:15.822000Z
sensor.greenpi_arduino_nano_roomtemp_temperature,35.34,2025-11-02T15:09:35.939000Z
sensor.greenpi_arduino_nano_roomtemp_temperature,35.37,2025-11-02T15:11:16.024000Z
sensor.greenpi_arduino_nano_roomtemp_temperature,35.35,2025-11-02T15:12:56.121000Z
sensor.greenpi_arduino_nano_roomtemp_temperature,35.39,2025-11-02T15:14:36.219000Z
sensor.greenpi_arduino_nano_roomtemp_temperature,35.42,2025-11-02T15:16:16.406000Z
sensor.greenpi_arduino_nano_roomtemp_temperature,35.44,2025-11-02T15:17:56.401000Z
sensor.greenpi_arduino_nano_roomtemp_temperature,35.49,2025-11-02T15:19:36.573000Z
sensor.greenpi_arduino_nano_roomtemp_temperature,35.5,2025-11-02T15:21:16.591000Z
sensor.greenpi_arduino_nano_roomtemp_temperature,35.53,2025-11-02T15:24:36.809000Z
sensor.greenpi_arduino_nano_roomtemp_temperature,35.54,2025-11-02T15:26:16.893000Z
sensor.greenpi_arduino_nano_roomtemp_temperature,35.58,2025-11-02T15:27:56.972000Z
sensor.greenpi_arduino_nano_roomtemp_temperature,35.6,2025-11-02T15:29:37.085000Z
sensor.greenpi_arduino_nano_roomtemp_temperature,35.57,2025-11-02T15:31:17.217000Z
sensor.greenpi_arduino_nano_roomtemp_temperature,35.61,2025-11-02T15:32:57.252000Z
sensor.greenpi_arduino_nano_roomtemp_temperature,35.62,2025-11-02T15:34:37.353000Z
sensor.greenpi_arduino_nano_roomtemp_temperature,35.61,2025-11-02T15:36:17.479000Z
sensor.greenpi_arduino_nano_roomtemp_temperature,35.68,2025-11-02T15:37:57.531000Z
sensor.greenpi_arduino_nano_roomtemp_temperature,35.69,2025-11-02T15:41:17.703000Z
sensor.greenpi_arduino_nano_roomtemp_temperature,35.72,2025-11-02T15:42:57.791000Z
sensor.greenpi_arduino_nano_roomtemp_temperature,35.75,2025-11-02T15:44:37.888000Z
sensor.greenpi_arduino_nano_roomtemp_temperature,35.73,2025-11-02T15:46:17.984000Z
sensor.greenpi_arduino_nano_roomtemp_temperature,35.72,2025-11-02T15:47:58.085000Z
sensor.greenpi_arduino_nano_roomtemp_temperature,35.77,2025-11-02T15:49:38.177000Z
sensor.greenpi_arduino_nano_roomtemp_temperature,35.8,2025-11-02T15:51:18.276000Z
sensor.greenpi_arduino_nano_roomtemp_temperature,35.82,2025-11-02T15:52:58.372000Z
sensor.greenpi_arduino_nano_roomtemp_temperature,35.83,2025-11-02T15:54:38.494000Z
sensor.greenpi_arduino_nano_roomtemp_temperature,35.84,2025-11-02T15:57:58.703000Z
sensor.greenpi_arduino_nano_roomtemp_temperature,35.87,2025-11-02T15:59:38.736000Z
sensor.greenpi_arduino_nano_roomtemp_temperature,35.9,2025-11-02T16:01:18.786000Z
sensor.greenpi_arduino_nano_roomtemp_temperature,35.91,2025-11-02T16:02:58.892000Z
sensor.greenpi_arduino_nano_roomtemp_temperature,35.88,2025-11-02T16:04:38.976000Z
sensor.greenpi_arduino_nano_roomtemp_temperature,35.94,2025-11-02T16:06:19.142000Z
sensor.greenpi_arduino_nano_roomtemp_temperature,35.97,2025-11-02T16:11:19.332000Z
sensor.greenpi_arduino_nano_roomtemp_temperature,35.98,2025-11-02T16:14:39.603000Z
sensor.greenpi_arduino_nano_roomtemp_temperature,35.97,2025-11-02T16:16:19.703000Z
sensor.greenpi_arduino_nano_roomtemp_temperature,36.01,2025-11-02T16:17:59.784000Z
sensor.greenpi_arduino_nano_roomtemp_temperature,36.03,2025-11-02T16:19:39.845000Z
sensor.greenpi_arduino_nano_roomtemp_temperature,36.08,2025-11-02T16:23:00.037000Z
sensor.greenpi_arduino_nano_roomtemp_temperature,36.1,2025-11-02T16:24:40.132000Z
sensor.greenpi_arduino_nano_roomtemp_temperature,36.08,2025-11-02T16:26:20.227000Z
sensor.greenpi_arduino_nano_roomtemp_temperature,36.05,2025-11-02T16:28:00.339000Z
sensor.greenpi_arduino_nano_roomtemp_temperature,36.1,2025-11-02T16:29:40.426000Z
sensor.greenpi_arduino_nano_roomtemp_temperature,36.09,2025-11-02T16:31:20.505000Z
sensor.greenpi_arduino_nano_roomtemp_temperature,36.16,2025-11-02T16:33:00.599000Z
sensor.greenpi_arduino_nano_roomtemp_temperature,36.14,2025-11-02T16:36:20.771000Z
sensor.greenpi_arduino_nano_roomtemp_temperature,36.19,2025-11-02T16:38:00.828000Z
sensor.greenpi_arduino_nano_roomtemp_temperature,36.16,2025-11-02T16:39:40.928000Z
sensor.greenpi_arduino_nano_roomtemp_temperature,36.19,2025-11-02T16:41:21.030000Z
sensor.greenpi_arduino_nano_roomtemp_temperature,36.23,2025-11-02T16:44:41.228000Z
sensor.greenpi_arduino_nano_roomtemp_temperature,36.24,2025-11-02T16:46:21.323000Z
sensor.greenpi_arduino_nano_roomtemp_temperature,36.25,2025-11-02T16:51:21.607000Z
sensor.greenpi_arduino_nano_roomtemp_temperature,36.29,2025-11-02T16:54:41.789000Z
sensor.greenpi_arduino_nano_roomtemp_temperature,36.28,2025-11-02T16:56:21.884000Z
sensor.greenpi_arduino_nano_roomtemp_temperature,36.31,2025-11-02T16:59:42.057000Z
sensor.greenpi_arduino_nano_roomtemp_temperature,36.32,2025-11-02T17:01:22.170000Z
sensor.greenpi_arduino_nano_roomtemp_temperature,36.29,2025-11-02T17:08:02.483000Z
sensor.greenpi_arduino_nano_roomtemp_temperature,36.31,2025-11-02T17:09:42.543000Z
sensor.greenpi_arduino_nano_roomtemp_temperature,36.34,2025-11-02T17:11:22.629000Z
sensor.greenpi_arduino_nano_roomtemp_temperature,36.38,2025-11-02T17:13:02.666000Z
sensor.greenpi_arduino_nano_roomtemp_temperature,36.36,2025-11-02T17:14:42.755000Z
sensor.greenpi_arduino_nano_roomtemp_temperature,36.34,2025-11-02T17:16:22.870000Z
sensor.greenpi_arduino_nano_roomtemp_temperature,36.35,2025-11-02T17:18:02.920000Z
sensor.greenpi_arduino_nano_roomtemp_temperature,36.38,2025-11-02T17:19:43.007000Z
sensor.greenpi_arduino_nano_roomtemp_temperature,36.4,2025-11-02T17:23:03.094000Z
sensor.greenpi_arduino_nano_roomtemp_temperature,36.38,2025-11-02T17:24:43.196000Z
sensor.greenpi_arduino_nano_roomtemp_temperature,36.36,2025-11-02T17:26:23.270000Z
sensor.greenpi_arduino_nano_roomtemp_temperature,36.39,2025-11-02T17:28:03.347000Z
sensor.greenpi_arduino_nano_roomtemp_temperature,36.4,2025-11-02T17:29:43.392000Z
sensor.greenpi_arduino_nano_roomtemp_temperature,36.39,2025-11-02T17:31:23.478000Z
sensor.greenpi_arduino_nano_roomtemp_temperature,36.42,2025-11-02T17:33:03.530000Z
sensor.greenpi_arduino_nano_roomtemp_temperature,36.43,2025-11-02T17:34:43.630000Z
sensor.greenpi_arduino_nano_roomtemp_temperature,36.45,2025-11-02T17:39:43.861000Z
sensor.greenpi_arduino_nano_roomtemp_temperature,36.43,2025-11-02T17:41:23.935000Z
sensor.greenpi_arduino_nano_roomtemp_temperature,36.46,2025-11-02T17:43:04.017000Z
sensor.greenpi_arduino_nano_roomtemp_temperature,36.47,2025-11-02T17:44:44.103000Z
sensor.greenpi_arduino_nano_roomtemp_temperature,36.49,2025-11-02T17:46:24.155000Z
sensor.greenpi_arduino_nano_roomtemp_temperature,36.5,2025-11-02T17:48:04.204000Z
sensor.greenpi_arduino_nano_roomtemp_temperature,36.49,2025-11-02T17:49:44.282000Z
sensor.greenpi_arduino_nano_roomtemp_temperature,36.53,2025-11-02T17:51:24.382000Z
sensor.greenpi_arduino_nano_roomtemp_temperature,36.51,2025-11-02T17:53:04.456000Z
sensor.greenpi_arduino_nano_roomtemp_temperature,36.55,2025-11-02T17:54:44.530000Z
sensor.greenpi_arduino_nano_roomtemp_temperature,36.57,2025-11-02T17:58:04.654000Z
sensor.greenpi_arduino_nano_roomtemp_temperature,36.61,2025-11-02T18:01:24.858000Z
sensor.greenpi_arduino_nano_roomtemp_temperature,36.59,2025-11-02T18:03:04.915000Z
sensor.greenpi_arduino_nano_roomtemp_temperature,36.56,2025-11-02T18:04:44.987000Z
sensor.greenpi_arduino_nano_roomtemp_temperature,36.57,2025-11-02T18:06:25.078000Z
sensor.greenpi_arduino_nano_roomtemp_temperature,36.63,2025-11-02T18:08:05.127000Z
sensor.greenpi_arduino_nano_roomtemp_temperature,36.59,2025-11-02T18:09:45.221000Z
sensor.greenpi_arduino_nano_roomtemp_temperature,36.64,2025-11-02T18:11:25.326000Z
sensor.greenpi_arduino_nano_roomtemp_temperature,36.6,2025-11-02T18:13:05.372000Z
sensor.greenpi_arduino_nano_roomtemp_temperature,36.64,2025-11-02T18:14:45.459000Z
sensor.greenpi_arduino_nano_roomtemp_temperature,36.7,2025-11-02T18:16:25.528000Z
sensor.greenpi_arduino_nano_roomtemp_temperature,36.64,2025-11-02T18:18:05.588000Z
sensor.greenpi_arduino_nano_roomtemp_temperature,36.65,2025-11-02T18:19:45.664000Z
sensor.greenpi_arduino_nano_roomtemp_temperature,36.67,2025-11-02T18:21:25.740000Z
sensor.greenpi_arduino_nano_roomtemp_temperature,36.65,2025-11-02T18:23:05.789000Z
sensor.greenpi_arduino_nano_roomtemp_temperature,36.64,2025-11-02T18:24:45.879000Z
sensor.greenpi_arduino_nano_roomtemp_temperature,36.68,2025-11-02T18:26:25.992000Z
sensor.greenpi_arduino_nano_roomtemp_temperature,36.71,2025-11-02T18:28:06.040000Z
sensor.greenpi_arduino_nano_roomtemp_temperature,36.72,2025-11-02T18:29:46.145000Z
sensor.greenpi_arduino_nano_roomtemp_temperature,36.74,2025-11-02T18:33:06.308000Z
sensor.greenpi_arduino_nano_roomtemp_temperature,36.72,2025-11-02T18:34:46.469000Z
sensor.greenpi_arduino_nano_roomtemp_temperature,36.71,2025-11-02T18:38:06.561000Z
sensor.greenpi_arduino_nano_roomtemp_temperature,36.72,2025-11-02T18:39:46.655000Z
sensor.greenpi_arduino_nano_roomtemp_temperature,36.74,2025-11-02T18:41:26.745000Z
sensor.greenpi_arduino_nano_roomtemp_temperature,36.75,2025-11-02T18:43:06.870000Z
sensor.greenpi_arduino_nano_roomtemp_temperature,36.68,2025-11-02T18:44:46.855000Z
sensor.greenpi_arduino_nano_roomtemp_temperature,36.74,2025-11-02T18:46:26.939000Z
sensor.greenpi_arduino_nano_roomtemp_temperature,36.76,2025-11-02T18:48:07.015000Z
sensor.greenpi_arduino_nano_roomtemp_temperature,36.78,2025-11-02T18:51:27.171000Z
sensor.greenpi_arduino_nano_roomtemp_temperature,36.79,2025-11-02T18:53:07.239000Z
sensor.greenpi_arduino_nano_roomtemp_temperature,36.76,2025-11-02T18:54:47.346000Z
sensor.greenpi_arduino_nano_roomtemp_temperature,36.81,2025-11-02T18:56:27.433000Z
sensor.greenpi_arduino_nano_roomtemp_temperature,36.79,2025-11-02T18:58:07.517000Z
sensor.greenpi_arduino_nano_roomtemp_temperature,36.81,2025-11-02T18:59:47.619000Z
sensor.greenpi_arduino_nano_roomtemp_temperature,36.79,2025-11-02T19:03:07.765000Z
sensor.greenpi_arduino_nano_roomtemp_temperature,36.82,2025-11-02T19:04:47.842000Z
sensor.greenpi_arduino_nano_roomtemp_temperature,36.81,2025-11-02T19:06:27.927000Z
sensor.greenpi_arduino_nano_roomtemp_temperature,36.85,2025-11-02T19:08:08.018000Z
sensor.greenpi_arduino_nano_roomtemp_temperature,36.81,2025-11-02T19:09:48.092000Z
sensor.greenpi_arduino_nano_roomtemp_temperature,36.85,2025-11-02T19:11:28.187000Z
sensor.greenpi_arduino_nano_roomtemp_temperature,36.88,2025-11-02T19:13:08.272000Z
sensor.greenpi_arduino_nano_roomtemp_temperature,36.9,2025-11-02T19:18:08.586000Z
sensor.greenpi_arduino_nano_roomtemp_temperature,36.85,2025-11-02T19:19:48.595000Z
sensor.greenpi_arduino_nano_roomtemp_temperature,36.9,2025-11-02T19:21:28.686000Z
sensor.greenpi_arduino_nano_roomtemp_temperature,36.91,2025-11-02T19:23:08.776000Z
sensor.greenpi_arduino_nano_roomtemp_temperature,36.94,2025-11-02T19:26:28.958000Z
sensor.greenpi_arduino_nano_roomtemp_temperature,36.9,2025-11-02T19:28:09.041000Z
sensor.greenpi_arduino_nano_roomtemp_temperature,36.92,2025-11-02T19:29:49.133000Z
sensor.greenpi_arduino_nano_roomtemp_temperature,36.95,2025-11-02T19:31:29.224000Z
sensor.greenpi_arduino_nano_roomtemp_temperature,36.97,2025-11-02T19:33:09.317000Z
sensor.greenpi_arduino_nano_roomtemp_temperature,36.98,2025-11-02T19:34:49.427000Z
sensor.greenpi_arduino_nano_roomtemp_temperature,36.95,2025-11-02T19:36:29.509000Z
sensor.greenpi_arduino_nano_roomtemp_temperature,36.99,2025-11-02T19:38:09.637000Z
sensor.greenpi_arduino_nano_roomtemp_temperature,36.98,2025-11-02T19:39:49.721000Z
sensor.greenpi_arduino_nano_roomtemp_temperature,36.99,2025-11-02T19:43:09.915000Z
sensor.greenpi_arduino_nano_roomtemp_temperature,36.98,2025-11-02T19:44:50.018000Z
sensor.greenpi_arduino_nano_roomtemp_temperature,37.02,2025-11-02T19:46:30.133000Z
sensor.greenpi_arduino_nano_roomtemp_temperature,36.97,2025-11-02T19:48:10.227000Z
sensor.greenpi_arduino_nano_roomtemp_temperature,37.02,2025-11-02T19:49:50.276000Z
sensor.greenpi_arduino_nano_roomtemp_temperature,37.01,2025-11-02T19:51:30.383000Z
sensor.greenpi_arduino_nano_roomtemp_temperature,36.94,2025-11-02T19:53:10.489000Z
sensor.greenpi_arduino_nano_roomtemp_temperature,37.01,2025-11-02T19:54:50.614000Z
sensor.greenpi_arduino_nano_roomtemp_temperature,37.03,2025-11-02T19:56:30.632000Z
sensor.greenpi_arduino_nano_roomtemp_temperature,37.01,2025-11-02T19:58:10.723000Z
sensor.greenpi_arduino_nano_roomtemp_temperature,37.02,2025-11-02T19:59:50.819000Z
sensor.greenpi_arduino_nano_roomtemp_temperature,37.03,2025-11-02T20:01:30.907000Z
sensor.greenpi_arduino_nano_roomtemp_temperature,37.05,2025-11-02T20:03:10.980000Z
sensor.greenpi_arduino_nano_roomtemp_temperature,37.06,2025-11-02T20:08:11.266000Z
sensor.greenpi_arduino_nano_roomtemp_temperature,37.08,2025-11-02T20:09:51.359000Z
sensor.greenpi_arduino_nano_roomtemp_temperature,37.05,2025-11-02T20:11:31.486000Z
sensor.greenpi_arduino_nano_roomtemp_temperature,37.08,2025-11-02T20:13:11.553000Z
sensor.greenpi_arduino_nano_roomtemp_temperature,37.05,2025-11-02T20:14:51.642000Z
sensor.greenpi_arduino_nano_roomtemp_temperature,37.03,2025-11-02T20:16:31.735000Z
sensor.greenpi_arduino_nano_roomtemp_temperature,37.08,2025-11-02T20:18:11.826000Z
sensor.greenpi_arduino_nano_roomtemp_temperature,37.09,2025-11-02T20:19:51.906000Z
sensor.greenpi_arduino_nano_roomtemp_temperature,37.13,2025-11-02T20:21:31.992000Z
sensor.greenpi_arduino_nano_roomtemp_temperature,37.14,2025-11-02T20:23:12.108000Z
sensor.greenpi_arduino_nano_roomtemp_temperature,37.12,2025-11-02T20:24:52.199000Z
sensor.greenpi_arduino_nano_roomtemp_temperature,37.14,2025-11-02T20:26:32.292000Z
sensor.greenpi_arduino_nano_roomtemp_temperature,37.16,2025-11-02T20:29:52.497000Z
sensor.greenpi_arduino_nano_roomtemp_temperature,37.1,2025-11-02T20:31:32.591000Z
sensor.greenpi_arduino_nano_roomtemp_temperature,37.12,2025-11-02T20:33:12.664000Z
sensor.greenpi_arduino_nano_roomtemp_temperature,37.14,2025-11-02T20:34:52.766000Z
sensor.greenpi_arduino_nano_roomtemp_temperature,37.17,2025-11-02T20:36:32.849000Z
sensor.greenpi_arduino_nano_roomtemp_temperature,37.13,2025-11-02T20:38:12.954000Z
sensor.greenpi_arduino_nano_roomtemp_temperature,37.14,2025-11-02T20:39:53.056000Z
sensor.greenpi_arduino_nano_roomtemp_temperature,37.16,2025-11-02T20:43:13.244000Z
sensor.greenpi_arduino_nano_roomtemp_temperature,37.18,2025-11-02T20:44:53.177000Z
sensor.greenpi_arduino_nano_roomtemp_temperature,37.13,2025-11-02T20:46:33.265000Z
sensor.greenpi_arduino_nano_roomtemp_temperature,37.16,2025-11-02T20:48:13.391000Z
sensor.greenpi_arduino_nano_roomtemp_temperature,37.14,2025-11-02T20:51:33.553000Z
sensor.greenpi_arduino_nano_roomtemp_temperature,37.16,2025-11-02T20:53:13.634000Z
sensor.greenpi_arduino_nano_roomtemp_temperature,37.17,2025-11-02T20:54:53.723000Z
sensor.greenpi_arduino_nano_roomtemp_temperature,37.21,2025-11-02T20:56:33.828000Z
sensor.greenpi_arduino_nano_roomtemp_temperature,37.2,2025-11-02T21:01:34.069000Z
sensor.greenpi_arduino_nano_roomtemp_temperature,37.21,2025-11-02T21:03:14.156000Z
sensor.greenpi_arduino_nano_roomtemp_temperature,37.2,2025-11-02T21:04:54.247000Z
sensor.greenpi_arduino_nano_roomtemp_temperature,37.23,2025-11-02T21:08:14.440000Z
sensor.greenpi_arduino_nano_roomtemp_temperature,37.24,2025-11-02T21:09:54.520000Z
sensor.greenpi_arduino_nano_roomtemp_temperature,37.23,2025-11-02T21:11:34.591000Z
sensor.greenpi_arduino_nano_roomtemp_temperature,37.16,2025-11-02T21:16:34.834000Z
sensor.greenpi_arduino_nano_roomtemp_temperature,37.23,2025-11-02T21:18:14.933000Z
sensor.greenpi_arduino_nano_roomtemp_temperature,37.25,2025-11-02T21:21:35.396000Z
sensor.greenpi_arduino_nano_roomtemp_temperature,37.21,2025-11-02T21:24:55.618000Z
sensor.greenpi_arduino_nano_roomtemp_temperature,37.28,2025-11-02T21:26:35.730000Z
sensor.greenpi_arduino_nano_roomtemp_temperature,37.21,2025-11-02T21:28:15.755000Z
sensor.greenpi_arduino_nano_roomtemp_temperature,37.24,2025-11-02T21:29:55.832000Z
sensor.greenpi_arduino_nano_roomtemp_temperature,37.27,2025-11-02T21:33:16.003000Z
sensor.greenpi_arduino_nano_roomtemp_temperature,37.28,2025-11-02T21:38:16.388000Z
sensor.greenpi_arduino_nano_roomtemp_temperature,37.27,2025-11-02T21:39:56.384000Z
sensor.greenpi_arduino_nano_roomtemp_temperature,37.31,2025-11-02T21:41:36.477000Z
sensor.greenpi_arduino_nano_roomtemp_temperature,37.34,2025-11-02T21:43:16.567000Z
sensor.greenpi_arduino_nano_roomtemp_temperature,37.23,2025-11-02T21:44:56.647000Z
sensor.greenpi_arduino_nano_roomtemp_temperature,37.25,2025-11-02T21:46:36.730000Z
sensor.greenpi_arduino_nano_roomtemp_temperature,37.29,2025-11-02T21:48:16.818000Z
sensor.greenpi_arduino_nano_roomtemp_temperature,37.25,2025-11-02T21:49:56.924000Z
sensor.greenpi_arduino_nano_roomtemp_temperature,37.31,2025-11-02T21:51:37.023000Z
sensor.greenpi_arduino_nano_roomtemp_temperature,37.29,2025-11-02T21:53:17.119000Z
sensor.greenpi_arduino_nano_roomtemp_temperature,37.31,2025-11-02T21:54:57.206000Z
sensor.greenpi_arduino_nano_roomtemp_temperature,37.27,2025-11-02T21:56:37.304000Z
sensor.greenpi_arduino_nano_roomtemp_temperature,37.31,2025-11-02T21:58:17.382000Z
sensor.greenpi_arduino_nano_roomtemp_temperature,37.32,2025-11-02T22:03:17.659000Z
sensor.greenpi_arduino_nano_roomtemp_temperature,37.29,2025-11-02T22:04:57.745000Z
sensor.greenpi_arduino_nano_roomtemp_temperature,37.31,2025-11-02T22:06:37.858000Z
sensor.greenpi_arduino_nano_roomtemp_temperature,37.35,2025-11-02T22:08:17.892000Z
sensor.greenpi_arduino_nano_roomtemp_temperature,37.34,2025-11-02T22:09:58.019000Z
sensor.greenpi_arduino_nano_roomtemp_temperature,37.32,2025-11-02T22:11:38.086000Z
sensor.greenpi_arduino_nano_roomtemp_temperature,37.35,2025-11-02T22:13:18.179000Z
sensor.greenpi_arduino_nano_roomtemp_temperature,37.31,2025-11-02T22:14:58.273000Z
sensor.greenpi_arduino_nano_roomtemp_temperature,37.34,2025-11-02T22:18:18.417000Z
sensor.greenpi_arduino_nano_roomtemp_temperature,37.35,2025-11-02T22:19:58.525000Z
sensor.greenpi_arduino_nano_roomtemp_temperature,37.36,2025-11-02T22:21:38.667000Z
sensor.greenpi_arduino_nano_roomtemp_temperature,37.34,2025-11-02T22:23:18.677000Z
sensor.greenpi_arduino_nano_roomtemp_temperature,37.35,2025-11-02T22:26:38.802000Z
sensor.greenpi_arduino_nano_roomtemp_temperature,37.34,2025-11-02T22:28:18.892000Z
sensor.greenpi_arduino_nano_roomtemp_temperature,37.35,2025-11-02T22:29:58.988000Z
sensor.greenpi_arduino_nano_roomtemp_temperature,37.34,2025-11-02T22:31:39.074000Z
sensor.greenpi_arduino_nano_roomtemp_temperature,37.31,2025-11-02T22:33:19.160000Z
sensor.greenpi_arduino_nano_roomtemp_temperature,37.35,2025-11-02T22:36:39.327000Z
sensor.greenpi_arduino_nano_roomtemp_temperature,37.39,2025-11-02T22:38:19.428000Z
sensor.greenpi_arduino_nano_roomtemp_temperature,37.35,2025-11-02T22:39:59.516000Z
sensor.greenpi_arduino_nano_roomtemp_temperature,37.38,2025-11-02T22:41:39.618000Z
sensor.greenpi_arduino_nano_roomtemp_temperature,37.39,2025-11-02T22:44:59.753000Z
sensor.greenpi_arduino_nano_roomtemp_temperature,37.38,2025-11-02T22:48:19.931000Z
sensor.greenpi_arduino_nano_roomtemp_temperature,37.4,2025-11-02T22:49:59.982000Z
sensor.greenpi_arduino_nano_roomtemp_temperature,37.39,2025-11-02T22:53:20.153000Z
sensor.greenpi_arduino_nano_roomtemp_temperature,37.4,2025-11-02T22:55:00.234000Z
sensor.greenpi_arduino_nano_roomtemp_temperature,37.39,2025-11-02T22:56:40.322000Z
sensor.greenpi_arduino_nano_roomtemp_temperature,37.38,2025-11-02T22:58:20.440000Z
sensor.greenpi_arduino_nano_roomtemp_temperature,37.4,2025-11-02T23:01:40.582000Z
sensor.greenpi_arduino_nano_roomtemp_temperature,37.43,2025-11-02T23:03:20.634000Z
sensor.greenpi_arduino_nano_roomtemp_temperature,37.38,2025-11-02T23:05:00.793000Z
sensor.greenpi_arduino_nano_roomtemp_temperature,37.4,2025-11-02T23:06:40.837000Z
sensor.greenpi_arduino_nano_roomtemp_temperature,37.38,2025-11-02T23:08:20.888000Z
sensor.greenpi_arduino_nano_roomtemp_temperature,37.4,2025-11-02T23:11:41.055000Z
sensor.greenpi_arduino_nano_roomtemp_temperature,37.42,2025-11-02T23:13:21.161000Z
sensor.greenpi_arduino_nano_roomtemp_temperature,37.43,2025-11-02T23:15:01.247000Z
sensor.greenpi_arduino_nano_roomtemp_temperature,37.39,2025-11-02T23:16:41.340000Z
sensor.greenpi_arduino_nano_roomtemp_temperature,37.4,2025-11-02T23:18:21.441000Z
sensor.greenpi_arduino_nano_roomtemp_temperature,37.43,2025-11-02T23:20:01.543000Z
sensor.greenpi_arduino_nano_roomtemp_temperature,37.4,2025-11-02T23:21:41.652000Z
sensor.greenpi_arduino_nano_roomtemp_temperature,37.43,2025-11-02T23:23:21.707000Z
sensor.greenpi_arduino_nano_roomtemp_temperature,37.4,2025-11-02T23:28:21.935000Z
sensor.greenpi_arduino_nano_roomtemp_temperature,37.42,2025-11-02T23:30:02.026000Z
sensor.greenpi_arduino_nano_roomtemp_temperature,37.46,2025-11-02T23:31:42.107000Z
sensor.greenpi_arduino_nano_roomtemp_temperature,37.49,2025-11-02T23:33:22.187000Z
sensor.greenpi_arduino_nano_roomtemp_temperature,37.46,2025-11-02T23:35:02.236000Z
sensor.greenpi_arduino_nano_roomtemp_temperature,37.43,2025-11-02T23:36:42.788000Z
sensor.greenpi_arduino_nano_roomtemp_temperature,37.47,2025-11-02T23:40:02.453000Z
sensor.greenpi_arduino_nano_roomtemp_temperature,37.46,2025-11-02T23:41:42.549000Z
sensor.greenpi_arduino_nano_roomtemp_temperature,37.45,2025-11-02T23:43:22.660000Z
sensor.greenpi_arduino_nano_roomtemp_temperature,37.46,2025-11-02T23:45:02.711000Z
sensor.greenpi_arduino_nano_roomtemp_temperature,37.49,2025-11-02T23:48:22.918000Z
sensor.greenpi_arduino_nano_roomtemp_temperature,37.46,2025-11-02T23:51:43.062000Z
sensor.greenpi_arduino_nano_roomtemp_temperature,37.47,2025-11-02T23:53:23.145000Z
sensor.greenpi_arduino_nano_roomtemp_temperature,37.45,2025-11-02T23:55:03.198000Z
sensor.greenpi_arduino_nano_roomtemp_temperature,37.49,2025-11-02T23:56:43.281000Z
sensor.greenpi_arduino_nano_roomtemp_temperature,37.5,2025-11-03T00:00:03.405000Z
sensor.greenpi_arduino_nano_roomtemp_temperature,37.49,2025-11-03T00:05:03.613000Z
sensor.greenpi_arduino_nano_roomtemp_temperature,37.5,2025-11-03T00:06:43.703000Z
sensor.greenpi_arduino_nano_roomtemp_temperature,37.49,2025-11-03T00:08:23.779000Z
sensor.greenpi_arduino_nano_roomtemp_temperature,37.5,2025-11-03T00:10:03.831000Z
sensor.greenpi_arduino_nano_roomtemp_temperature,37.47,2025-11-03T00:13:23.996000Z
sensor.greenpi_arduino_nano_roomtemp_temperature,37.51,2025-11-03T00:15:04.040000Z
sensor.greenpi_arduino_nano_roomtemp_temperature,37.5,2025-11-03T00:16:44.152000Z
sensor.greenpi_arduino_nano_roomtemp_temperature,37.51,2025-11-03T00:20:04.291000Z
sensor.greenpi_arduino_nano_roomtemp_temperature,37.49,2025-11-03T00:21:44.375000Z
sensor.greenpi_arduino_nano_roomtemp_temperature,37.5,2025-11-03T00:25:04.528000Z
sensor.greenpi_arduino_nano_roomtemp_temperature,37.53,2025-11-03T00:26:44.584000Z
sensor.greenpi_arduino_nano_roomtemp_temperature,37.49,2025-11-03T00:28:24.670000Z
sensor.greenpi_arduino_nano_roomtemp_temperature,37.51,2025-11-03T00:31:44.810000Z
sensor.greenpi_arduino_nano_roomtemp_temperature,37.53,2025-11-03T00:33:24.900000Z
sensor.greenpi_arduino_nano_roomtemp_temperature,37.54,2025-11-03T00:35:04.965000Z
sensor.greenpi_arduino_nano_roomtemp_temperature,37.51,2025-11-03T00:36:45.064000Z
sensor.greenpi_arduino_nano_roomtemp_temperature,37.5,2025-11-03T00:41:45.324000Z
sensor.greenpi_arduino_nano_roomtemp_temperature,37.49,2025-11-03T00:43:25.409000Z
sensor.greenpi_arduino_nano_roomtemp_temperature,37.51,2025-11-03T00:46:45.560000Z
sensor.greenpi_arduino_nano_roomtemp_temperature,37.54,2025-11-03T00:51:45.791000Z
sensor.greenpi_arduino_nano_roomtemp_temperature,37.51,2025-11-03T00:55:05.921000Z
sensor.greenpi_arduino_nano_roomtemp_temperature,37.54,2025-11-03T00:58:26.115000Z
sensor.greenpi_arduino_nano_roomtemp_temperature,37.5,2025-11-03T01:00:06.162000Z
sensor.greenpi_arduino_nano_roomtemp_temperature,36.57,2025-11-03T01:01:46.257000Z
sensor.greenpi_arduino_nano_roomtemp_temperature,35.79,2025-11-03T01:03:26.347000Z
sensor.greenpi_arduino_nano_roomtemp_temperature,35.19,2025-11-03T01:05:06.403000Z
sensor.greenpi_arduino_nano_roomtemp_temperature,34.72,2025-11-03T01:06:46.498000Z
sensor.greenpi_arduino_nano_roomtemp_temperature,34.35,2025-11-03T01:08:26.589000Z
sensor.greenpi_arduino_nano_roomtemp_temperature,34.05,2025-11-03T01:10:06.653000Z
sensor.greenpi_arduino_nano_roomtemp_temperature,33.77,2025-11-03T01:11:46.765000Z
sensor.greenpi_arduino_nano_roomtemp_temperature,33.52,2025-11-03T01:13:26.864000Z
sensor.greenpi_arduino_nano_roomtemp_temperature,33.32,2025-11-03T01:15:06.970000Z
sensor.greenpi_arduino_nano_roomtemp_temperature,33.11,2025-11-03T01:16:47.064000Z
sensor.greenpi_arduino_nano_roomtemp_temperature,32.95,2025-11-03T01:18:27.163000Z
sensor.greenpi_arduino_nano_roomtemp_temperature,32.8,2025-11-03T01:20:07.294000Z
sensor.greenpi_arduino_nano_roomtemp_temperature,32.65,2025-11-03T01:21:47.355000Z
sensor.greenpi_arduino_nano_roomtemp_temperature,32.48,2025-11-03T01:23:27.449000Z
sensor.greenpi_arduino_nano_roomtemp_temperature,32.36,2025-11-03T01:25:07.570000Z
sensor.greenpi_arduino_nano_roomtemp_temperature,32.22,2025-11-03T01:26:47.624000Z
sensor.greenpi_arduino_nano_roomtemp_temperature,32.1,2025-11-03T01:28:27.711000Z
sensor.greenpi_arduino_nano_roomtemp_temperature,31.99,2025-11-03T01:30:07.795000Z
sensor.greenpi_arduino_nano_roomtemp_temperature,31.9,2025-11-03T01:31:47.876000Z
sensor.greenpi_arduino_nano_roomtemp_temperature,31.79,2025-11-03T01:33:27.961000Z
sensor.greenpi_arduino_nano_roomtemp_temperature,31.69,2025-11-03T01:35:08.047000Z
sensor.greenpi_arduino_nano_roomtemp_temperature,31.58,2025-11-03T01:36:48.135000Z
sensor.greenpi_arduino_nano_roomtemp_temperature,31.49,2025-11-03T01:38:28.276000Z
sensor.greenpi_arduino_nano_roomtemp_temperature,31.42,2025-11-03T01:40:08.349000Z
sensor.greenpi_arduino_nano_roomtemp_temperature,31.32,2025-11-03T01:41:48.423000Z
sensor.greenpi_arduino_nano_roomtemp_temperature,31.23,2025-11-03T01:43:28.518000Z
sensor.greenpi_arduino_nano_roomtemp_temperature,31.16,2025-11-03T01:45:08.604000Z
sensor.greenpi_arduino_nano_roomtemp_temperature,31.06,2025-11-03T01:46:48.772000Z
sensor.greenpi_arduino_nano_roomtemp_temperature,30.98,2025-11-03T01:48:28.769000Z
sensor.greenpi_arduino_nano_roomtemp_temperature,30.93,2025-11-03T01:50:08.864000Z
sensor.greenpi_arduino_nano_roomtemp_temperature,30.86,2025-11-03T01:51:48.954000Z
sensor.greenpi_arduino_nano_roomtemp_temperature,30.76,2025-11-03T01:53:29.040000Z
sensor.greenpi_arduino_nano_roomtemp_temperature,30.71,2025-11-03T01:55:09.146000Z
sensor.greenpi_arduino_nano_roomtemp_temperature,30.64,2025-11-03T01:56:49.227000Z
sensor.greenpi_arduino_nano_roomtemp_temperature,30.57,2025-11-03T01:58:29.312000Z
sensor.greenpi_arduino_nano_roomtemp_temperature,30.52,2025-11-03T02:00:09.394000Z
sensor.greenpi_arduino_nano_roomtemp_temperature,30.45,2025-11-03T02:01:49.496000Z
sensor.greenpi_arduino_nano_roomtemp_temperature,30.41,2025-11-03T02:03:29.586000Z
sensor.greenpi_arduino_nano_roomtemp_temperature,30.34,2025-11-03T02:05:09.672000Z
sensor.greenpi_arduino_nano_roomtemp_temperature,30.28,2025-11-03T02:06:49.758000Z
sensor.greenpi_arduino_nano_roomtemp_temperature,30.23,2025-11-03T02:08:29.840000Z
sensor.greenpi_arduino_nano_roomtemp_temperature,30.17,2025-11-03T02:10:09.928000Z
sensor.greenpi_arduino_nano_roomtemp_temperature,30.12,2025-11-03T02:11:50.021000Z
sensor.greenpi_arduino_nano_roomtemp_temperature,30.06,2025-11-03T02:13:30.099000Z
sensor.greenpi_arduino_nano_roomtemp_temperature,30.0,2025-11-03T02:15:10.187000Z
sensor.greenpi_arduino_nano_roomtemp_temperature,29.97,2025-11-03T02:16:50.284000Z
sensor.greenpi_arduino_nano_roomtemp_temperature,29.91,2025-11-03T02:18:30.365000Z
sensor.greenpi_arduino_nano_roomtemp_temperature,29.87,2025-11-03T02:20:10.452000Z
sensor.greenpi_arduino_nano_roomtemp_temperature,29.79,2025-11-03T02:21:50.543000Z
sensor.greenpi_arduino_nano_roomtemp_temperature,29.77,2025-11-03T02:23:30.636000Z
sensor.greenpi_arduino_nano_roomtemp_temperature,29.69,2025-11-03T02:25:10.723000Z
sensor.greenpi_arduino_nano_roomtemp_temperature,29.65,2025-11-03T02:26:50.812000Z
sensor.greenpi_arduino_nano_roomtemp_temperature,29.62,2025-11-03T02:28:30.897000Z
sensor.greenpi_arduino_nano_roomtemp_temperature,29.57,2025-11-03T02:30:10.992000Z
sensor.greenpi_arduino_nano_roomtemp_temperature,29.51,2025-11-03T02:31:51.076000Z
sensor.greenpi_arduino_nano_roomtemp_temperature,29.48,2025-11-03T02:33:31.175000Z
sensor.greenpi_arduino_nano_roomtemp_temperature,29.44,2025-11-03T02:35:11.256000Z
sensor.greenpi_arduino_nano_roomtemp_temperature,29.39,2025-11-03T02:36:51.357000Z
sensor.greenpi_arduino_nano_roomtemp_temperature,29.35,2025-11-03T02:38:31.445000Z
sensor.greenpi_arduino_nano_roomtemp_temperature,29.31,2025-11-03T02:40:11.536000Z
sensor.greenpi_arduino_nano_roomtemp_temperature,29.26,2025-11-03T02:41:51.624000Z
sensor.greenpi_arduino_nano_roomtemp_temperature,29.24,2025-11-03T02:43:31.717000Z
sensor.greenpi_arduino_nano_roomtemp_temperature,29.2,2025-11-03T02:45:11.803000Z
sensor.greenpi_arduino_nano_roomtemp_temperature,29.14,2025-11-03T02:46:51.903000Z
sensor.greenpi_arduino_nano_roomtemp_temperature,29.11,2025-11-03T02:48:31.983000Z
sensor.greenpi_arduino_nano_roomtemp_temperature,29.09,2025-11-03T02:50:12.080000Z
sensor.greenpi_arduino_nano_roomtemp_temperature,29.04,2025-11-03T02:51:52.131000Z
sensor.greenpi_arduino_nano_roomtemp_temperature,29.0,2025-11-03T02:53:32.265000Z
sensor.greenpi_arduino_nano_roomtemp_temperature,28.96,2025-11-03T02:55:12.296000Z
sensor.greenpi_arduino_nano_roomtemp_temperature,28.94,2025-11-03T02:56:52.375000Z
sensor.greenpi_arduino_nano_roomtemp_temperature,28.89,2025-11-03T02:58:32.468000Z
sensor.greenpi_arduino_nano_roomtemp_temperature,28.85,2025-11-03T03:00:12.563000Z
sensor.greenpi_arduino_nano_roomtemp_temperature,28.83,2025-11-03T03:01:52.654000Z
sensor.greenpi_arduino_nano_roomtemp_temperature,28.78,2025-11-03T03:03:32.995000Z
sensor.greenpi_arduino_nano_roomtemp_temperature,28.76,2025-11-03T03:05:12.839000Z
sensor.greenpi_arduino_nano_roomtemp_temperature,28.73,2025-11-03T03:06:52.925000Z
sensor.greenpi_arduino_nano_roomtemp_temperature,28.69,2025-11-03T03:08:33.010000Z
sensor.greenpi_arduino_nano_roomtemp_temperature,28.65,2025-11-03T03:10:13.095000Z
sensor.greenpi_arduino_nano_roomtemp_temperature,28.62,2025-11-03T03:11:53.187000Z
sensor.greenpi_arduino_nano_roomtemp_temperature,28.59,2025-11-03T03:13:33.366000Z
sensor.greenpi_arduino_nano_roomtemp_temperature,28.57,2025-11-03T03:15:13.375000Z
sensor.greenpi_arduino_nano_roomtemp_temperature,28.52,2025-11-03T03:16:53.480000Z
sensor.greenpi_arduino_nano_roomtemp_temperature,28.5,2025-11-03T03:18:33.602000Z
sensor.greenpi_arduino_nano_roomtemp_temperature,28.47,2025-11-03T03:20:13.685000Z
sensor.greenpi_arduino_nano_roomtemp_temperature,28.43,2025-11-03T03:21:53.769000Z
sensor.greenpi_arduino_nano_roomtemp_temperature,28.41,2025-11-03T03:23:33.834000Z
sensor.greenpi_arduino_nano_roomtemp_temperature,28.38,2025-11-03T03:25:13.906000Z
sensor.greenpi_arduino_nano_roomtemp_temperature,28.35,2025-11-03T03:26:53.982000Z
sensor.greenpi_arduino_nano_roomtemp_temperature,28.32,2025-11-03T03:28:34.079000Z
sensor.greenpi_arduino_nano_roomtemp_temperature,28.28,2025-11-03T03:30:14.161000Z
sensor.greenpi_arduino_nano_roomtemp_temperature,28.27,2025-11-03T03:31:54.284000Z
sensor.greenpi_arduino_nano_roomtemp_temperature,28.23,2025-11-03T03:33:34.320000Z
sensor.greenpi_arduino_nano_roomtemp_temperature,28.21,2025-11-03T03:35:14.411000Z
sensor.greenpi_arduino_nano_roomtemp_temperature,28.17,2025-11-03T03:36:54.489000Z
sensor.greenpi_arduino_nano_roomtemp_temperature,28.16,2025-11-03T03:38:34.575000Z
sensor.greenpi_arduino_nano_roomtemp_temperature,28.12,2025-11-03T03:40:14.657000Z
sensor.greenpi_arduino_nano_roomtemp_temperature,28.1,2025-11-03T03:41:54.752000Z
sensor.greenpi_arduino_nano_roomtemp_temperature,28.06,2025-11-03T03:43:34.834000Z
sensor.greenpi_arduino_nano_roomtemp_temperature,28.05,2025-11-03T03:45:14.908000Z
sensor.greenpi_arduino_nano_roomtemp_temperature,28.01,2025-11-03T03:46:54.991000Z
sensor.greenpi_arduino_nano_roomtemp_temperature,27.98,2025-11-03T03:48:35.094000Z
sensor.greenpi_arduino_nano_roomtemp_temperature,27.97,2025-11-03T03:50:15.179000Z
sensor.greenpi_arduino_nano_roomtemp_temperature,27.94,2025-11-03T03:51:55.266000Z
sensor.greenpi_arduino_nano_roomtemp_temperature,27.91,2025-11-03T03:53:35.461000Z
sensor.greenpi_arduino_nano_roomtemp_temperature,27.88,2025-11-03T03:55:15.451000Z
sensor.greenpi_arduino_nano_roomtemp_temperature,27.86,2025-11-03T03:56:55.538000Z
sensor.greenpi_arduino_nano_roomtemp_temperature,27.84,2025-11-03T03:58:35.622000Z
sensor.greenpi_arduino_nano_roomtemp_temperature,27.83,2025-11-03T04:00:15.736000Z
sensor.greenpi_arduino_nano_roomtemp_temperature,27.79,2025-11-03T04:01:55.829000Z
sensor.greenpi_arduino_nano_roomtemp_temperature,27.76,2025-11-03T04:03:36.000000Z
sensor.greenpi_arduino_nano_roomtemp_temperature,27.75,2025-11-03T04:05:16.026000Z
sensor.greenpi_arduino_nano_roomtemp_temperature,27.72,2025-11-03T04:06:56.113000Z
sensor.greenpi_arduino_nano_roomtemp_temperature,27.71,2025-11-03T04:08:36.164000Z
sensor.greenpi_arduino_nano_roomtemp_temperature,27.68,2025-11-03T04:10:16.252000Z
sensor.greenpi_arduino_nano_roomtemp_temperature,27.65,2025-11-03T04:11:56.326000Z
sensor.greenpi_arduino_nano_roomtemp_temperature,27.62,2025-11-03T04:13:36.412000Z
sensor.greenpi_arduino_nano_roomtemp_temperature,27.61,2025-11-03T04:15:16.511000Z
sensor.greenpi_arduino_nano_roomtemp_temperature,27.58,2025-11-03T04:16:56.584000Z
sensor.greenpi_arduino_nano_roomtemp_temperature,27.57,2025-11-03T04:18:36.668000Z
sensor.greenpi_arduino_nano_roomtemp_temperature,27.54,2025-11-03T04:20:16.751000Z
sensor.greenpi_arduino_nano_roomtemp_temperature,27.51,2025-11-03T04:21:56.837000Z
sensor.greenpi_arduino_nano_roomtemp_temperature,27.49,2025-11-03T04:25:17.024000Z
sensor.greenpi_arduino_nano_roomtemp_temperature,27.46,2025-11-03T04:26:57.115000Z
sensor.greenpi_arduino_nano_roomtemp_temperature,27.43,2025-11-03T04:28:37.204000Z
sensor.greenpi_arduino_nano_roomtemp_temperature,27.42,2025-11-03T04:30:17.302000Z
sensor.greenpi_arduino_nano_roomtemp_temperature,27.41,2025-11-03T04:31:57.435000Z
sensor.greenpi_arduino_nano_roomtemp_temperature,27.38,2025-11-03T04:33:37.501000Z
sensor.greenpi_arduino_nano_roomtemp_temperature,27.36,2025-11-03T04:35:17.596000Z
sensor.greenpi_arduino_nano_roomtemp_temperature,27.35,2025-11-03T04:36:57.706000Z
sensor.greenpi_arduino_nano_roomtemp_temperature,27.34,2025-11-03T04:38:37.795000Z
sensor.greenpi_arduino_nano_roomtemp_temperature,27.3,2025-11-03T04:40:17.890000Z
sensor.greenpi_arduino_nano_roomtemp_temperature,27.28,2025-11-03T04:41:57.985000Z
sensor.greenpi_arduino_nano_roomtemp_temperature,27.25,2025-11-03T04:43:38.034000Z
sensor.greenpi_arduino_nano_roomtemp_temperature,27.24,2025-11-03T04:45:18.136000Z
sensor.greenpi_arduino_nano_roomtemp_temperature,27.21,2025-11-03T04:48:38.389000Z
sensor.greenpi_arduino_nano_roomtemp_temperature,27.19,2025-11-03T04:50:18.405000Z
sensor.greenpi_arduino_nano_roomtemp_temperature,27.17,2025-11-03T04:51:58.498000Z
sensor.greenpi_arduino_nano_roomtemp_temperature,27.16,2025-11-03T04:53:38.589000Z
sensor.greenpi_arduino_nano_roomtemp_temperature,27.13,2025-11-03T04:55:18.768000Z
sensor.greenpi_arduino_nano_roomtemp_temperature,27.12,2025-11-03T04:56:58.812000Z
sensor.greenpi_arduino_nano_roomtemp_temperature,27.1,2025-11-03T04:58:38.860000Z
sensor.greenpi_arduino_nano_roomtemp_temperature,27.09,2025-11-03T05:00:18.998000Z
sensor.greenpi_arduino_nano_roomtemp_temperature,27.06,2025-11-03T05:01:59.018000Z
sensor.greenpi_arduino_nano_roomtemp_temperature,27.05,2025-11-03T05:03:39.101000Z
sensor.greenpi_arduino_nano_roomtemp_temperature,27.04,2025-11-03T05:05:19.210000Z
sensor.greenpi_arduino_nano_roomtemp_temperature,27.01,2025-11-03T05:06:59.328000Z
sensor.greenpi_arduino_nano_roomtemp_temperature,26.98,2025-11-03T05:08:39.394000Z
sensor.greenpi_arduino_nano_roomtemp_temperature,26.97,2025-11-03T05:10:19.483000Z
sensor.greenpi_arduino_nano_roomtemp_temperature,26.96,2025-11-03T05:11:59.573000Z
sensor.greenpi_arduino_nano_roomtemp_temperature,26.93,2025-11-03T05:13:39.686000Z
sensor.greenpi_arduino_nano_roomtemp_temperature,26.91,2025-11-03T05:15:19.764000Z
sensor.greenpi_arduino_nano_roomtemp_temperature,26.89,2025-11-03T05:16:59.859000Z
sensor.greenpi_arduino_nano_roomtemp_temperature,26.88,2025-11-03T05:18:39.960000Z
sensor.greenpi_arduino_nano_roomtemp_temperature,26.86,2025-11-03T05:20:20.068000Z
sensor.greenpi_arduino_nano_roomtemp_temperature,26.85,2025-11-03T05:22:00.139000Z
sensor.greenpi_arduino_nano_roomtemp_temperature,26.84,2025-11-03T05:23:40.186000Z
sensor.greenpi_arduino_nano_roomtemp_temperature,26.82,2025-11-03T05:25:20.271000Z
sensor.greenpi_arduino_nano_roomtemp_temperature,26.8,2025-11-03T05:27:00.359000Z
sensor.greenpi_arduino_nano_roomtemp_temperature,26.78,2025-11-03T05:28:40.420000Z
sensor.greenpi_arduino_nano_roomtemp_temperature,26.77,2025-11-03T05:30:20.506000Z
sensor.greenpi_arduino_nano_roomtemp_temperature,26.76,2025-11-03T05:32:00.591000Z
sensor.greenpi_arduino_nano_roomtemp_temperature,26.74,2025-11-03T05:35:20.729000Z
sensor.greenpi_arduino_nano_roomtemp_temperature,26.73,2025-11-03T05:37:00.820000Z
sensor.greenpi_arduino_nano_roomtemp_temperature,26.71,2025-11-03T05:38:40.928000Z
sensor.greenpi_arduino_nano_roomtemp_temperature,26.69,2025-11-03T05:40:21.025000Z
sensor.greenpi_arduino_nano_roomtemp_temperature,26.67,2025-11-03T05:42:01.119000Z
sensor.greenpi_arduino_nano_roomtemp_temperature,26.66,2025-11-03T05:43:41.170000Z
sensor.greenpi_arduino_nano_roomtemp_temperature,26.65,2025-11-03T05:45:21.274000Z
sensor.greenpi_arduino_nano_roomtemp_temperature,26.63,2025-11-03T05:47:01.355000Z
sensor.greenpi_arduino_nano_roomtemp_temperature,26.6,2025-11-03T05:48:41.405000Z
sensor.greenpi_arduino_nano_roomtemp_temperature,26.59,2025-11-03T05:52:01.631000Z
sensor.greenpi_arduino_nano_roomtemp_temperature,26.58,2025-11-03T05:53:42.149000Z
sensor.greenpi_arduino_nano_roomtemp_temperature,26.56,2025-11-03T05:55:21.777000Z
sensor.greenpi_arduino_nano_roomtemp_temperature,26.54,2025-11-03T05:57:01.831000Z
sensor.greenpi_arduino_nano_roomtemp_temperature,26.52,2025-11-03T06:02:02.174000Z
sensor.greenpi_arduino_nano_roomtemp_temperature,26.51,2025-11-03T06:03:42.202000Z
sensor.greenpi_arduino_nano_roomtemp_temperature,26.48,2025-11-03T06:05:22.302000Z
sensor.greenpi_arduino_nano_roomtemp_temperature,26.47,2025-11-03T06:08:42.458000Z
sensor.greenpi_arduino_nano_roomtemp_temperature,26.45,2025-11-03T06:10:22.539000Z
sensor.greenpi_arduino_nano_roomtemp_temperature,26.44,2025-11-03T06:12:02.585000Z
sensor.greenpi_arduino_nano_roomtemp_temperature,26.43,2025-11-03T06:13:42.705000Z
sensor.greenpi_arduino_nano_roomtemp_temperature,26.41,2025-11-03T06:17:02.833000Z
sensor.greenpi_arduino_nano_roomtemp_temperature,26.4,2025-11-03T06:18:42.937000Z
sensor.greenpi_arduino_nano_roomtemp_temperature,26.37,2025-11-03T06:20:23.033000Z
sensor.greenpi_arduino_nano_roomtemp_temperature,26.36,2025-11-03T06:22:03.086000Z
sensor.greenpi_arduino_nano_roomtemp_temperature,26.34,2025-11-03T06:23:43.183000Z
sensor.greenpi_arduino_nano_roomtemp_temperature,26.33,2025-11-03T06:25:23.280000Z
sensor.greenpi_arduino_nano_roomtemp_temperature,26.34,2025-11-03T06:27:03.336000Z
sensor.greenpi_arduino_nano_roomtemp_temperature,26.3,2025-11-03T06:30:23.511000Z
sensor.greenpi_arduino_nano_roomtemp_temperature,26.29,2025-11-03T06:33:43.644000Z
sensor.greenpi_arduino_nano_roomtemp_temperature,26.28,2025-11-03T06:35:23.742000Z
sensor.greenpi_arduino_nano_roomtemp_temperature,26.26,2025-11-03T06:38:43.888000Z
sensor.greenpi_arduino_nano_roomtemp_temperature,26.25,2025-11-03T06:42:04.032000Z
sensor.greenpi_arduino_nano_roomtemp_temperature,26.23,2025-11-03T06:43:44.125000Z
sensor.greenpi_arduino_nano_roomtemp_temperature,26.22,2025-11-03T06:45:24.216000Z
sensor.greenpi_arduino_nano_roomtemp_temperature,26.21,2025-11-03T06:47:04.259000Z
sensor.greenpi_arduino_nano_roomtemp_temperature,26.19,2025-11-03T06:50:24.450000Z
sensor.greenpi_arduino_nano_roomtemp_temperature,26.18,2025-11-03T06:53:44.586000Z
sensor.greenpi_arduino_nano_roomtemp_temperature,26.17,2025-11-03T06:55:24.695000Z
sensor.greenpi_arduino_nano_roomtemp_temperature,26.15,2025-11-03T06:58:44.863000Z
sensor.greenpi_arduino_nano_roomtemp_temperature,26.14,2025-11-03T07:00:24.952000Z
sensor.greenpi_arduino_nano_roomtemp_temperature,26.11,2025-11-03T07:03:45.113000Z
sensor.greenpi_arduino_nano_roomtemp_temperature,26.08,2025-11-03T07:08:45.338000Z
sensor.greenpi_arduino_nano_roomtemp_temperature,26.07,2025-11-03T07:12:05.479000Z
sensor.greenpi_arduino_nano_roomtemp_temperature,26.06,2025-11-03T07:15:25.639000Z
sensor.greenpi_arduino_nano_roomtemp_temperature,26.04,2025-11-03T07:17:05.699000Z
sensor.greenpi_arduino_nano_roomtemp_temperature,26.03,2025-11-03T07:18:45.779000Z
sensor.greenpi_arduino_nano_roomtemp_temperature,26.02,2025-11-03T07:22:05.919000Z
sensor.greenpi_arduino_nano_roomtemp_temperature,26.0,2025-11-03T07:25:26.099000Z
sensor.greenpi_arduino_nano_roomtemp_temperature,25.99,2025-11-03T07:28:46.240000Z
sensor.greenpi_arduino_nano_roomtemp_temperature,26.0,2025-11-03T07:30:26.329000Z
sensor.greenpi_arduino_nano_roomtemp_temperature,25.97,2025-11-03T07:32:06.385000Z
sensor.greenpi_arduino_nano_roomtemp_temperature,25.96,2025-11-03T07:35:26.570000Z
sensor.greenpi_arduino_nano_roomtemp_temperature,25.95,2025-11-03T07:37:06.661000Z
sensor.greenpi_arduino_nano_roomtemp_temperature,25.92,2025-11-03T07:42:06.939000Z
sensor.greenpi_arduino_nano_roomtemp_temperature,25.93,2025-11-03T07:43:47.039000Z
sensor.greenpi_arduino_nano_roomtemp_temperature,25.92,2025-11-03T07:45:27.122000Z
sensor.greenpi_arduino_nano_roomtemp_temperature,25.91,2025-11-03T07:47:07.221000Z
sensor.greenpi_arduino_nano_roomtemp_temperature,25.89,2025-11-03T07:50:27.422000Z
sensor.greenpi_arduino_nano_roomtemp_temperature,25.88,2025-11-03T07:53:47.605000Z
sensor.greenpi_arduino_nano_roomtemp_temperature,25.89,2025-11-03T07:55:27.681000Z
sensor.greenpi_arduino_nano_roomtemp_temperature,25.87,2025-11-03T07:57:07.789000Z
sensor.greenpi_arduino_nano_roomtemp_temperature,25.85,2025-11-03T07:58:47.939000Z
sensor.greenpi_arduino_nano_roomtemp_temperature,25.84,2025-11-03T08:03:48.183000Z
sensor.greenpi_arduino_nano_roomtemp_temperature,25.85,2025-11-03T08:05:28.256000Z
sensor.greenpi_arduino_nano_roomtemp_temperature,25.84,2025-11-03T08:07:08.411000Z
sensor.greenpi_arduino_nano_roomtemp_temperature,25.82,2025-11-03T08:08:48.450000Z
sensor.greenpi_arduino_nano_roomtemp_temperature,25.81,2025-11-03T08:10:28.561000Z
sensor.greenpi_arduino_nano_roomtemp_temperature,25.8,2025-11-03T08:13:48.742000Z
sensor.greenpi_arduino_nano_roomtemp_temperature,25.78,2025-11-03T08:18:48.967000Z
sensor.greenpi_arduino_nano_roomtemp_temperature,25.77,2025-11-03T08:22:09.127000Z
sensor.greenpi_arduino_nano_roomtemp_temperature,25.76,2025-11-03T08:25:29.328000Z
sensor.greenpi_arduino_nano_roomtemp_temperature,25.74,2025-11-03T08:27:09.412000Z
sensor.greenpi_arduino_nano_roomtemp_temperature,25.76,2025-11-03T08:28:49.614000Z
sensor.greenpi_arduino_nano_roomtemp_temperature,25.74,2025-11-03T08:32:10.233000Z
sensor.greenpi_arduino_nano_roomtemp_temperature,25.73,2025-11-03T08:33:49.765000Z
sensor.greenpi_arduino_nano_roomtemp_temperature,25.71,2025-11-03T08:38:50.022000Z
sensor.greenpi_arduino_nano_roomtemp_temperature,25.44,2025-11-03T08:42:10.199000Z
sensor.greenpi_arduino_nano_roomtemp_temperature,25.39,2025-11-03T08:43:50.300000Z
sensor.greenpi_arduino_nano_roomtemp_temperature,25.47,2025-11-03T08:45:30.394000Z
sensor.greenpi_arduino_nano_roomtemp_temperature,25.54,2025-11-03T08:47:10.490000Z
sensor.greenpi_arduino_nano_roomtemp_temperature,25.6,2025-11-03T08:48:50.587000Z
sensor.greenpi_arduino_nano_roomtemp_temperature,25.65,2025-11-03T08:50:30.676000Z
sensor.greenpi_arduino_nano_roomtemp_temperature,25.7,2025-11-03T08:52:10.726000Z
sensor.greenpi_arduino_nano_roomtemp_temperature,25.74,2025-11-03T08:53:50.853000Z
sensor.greenpi_arduino_nano_roomtemp_temperature,25.78,2025-11-03T08:55:30.899000Z
sensor.greenpi_arduino_nano_roomtemp_temperature,25.84,2025-11-03T08:57:10.937000Z
sensor.greenpi_arduino_nano_roomtemp_temperature,25.88,2025-11-03T08:58:51.024000Z
sensor.greenpi_arduino_nano_roomtemp_temperature,26.21,2025-11-03T09:00:31.100000Z
sensor.greenpi_arduino_nano_roomtemp_temperature,27.31,2025-11-03T09:02:11.176000Z
sensor.greenpi_arduino_nano_roomtemp_temperature,28.16,2025-11-03T09:03:51.236000Z
sensor.greenpi_arduino_nano_roomtemp_temperature,28.81,2025-11-03T09:05:31.327000Z
sensor.greenpi_arduino_nano_roomtemp_temperature,29.31,2025-11-03T09:07:11.441000Z
sensor.greenpi_arduino_nano_roomtemp_temperature,29.7,2025-11-03T09:08:51.550000Z
sensor.greenpi_arduino_nano_roomtemp_temperature,30.04,2025-11-03T09:10:31.843000Z
sensor.greenpi_arduino_nano_roomtemp_temperature,30.3,2025-11-03T09:12:11.723000Z
sensor.greenpi_arduino_nano_roomtemp_temperature,30.49,2025-11-03T09:13:51.811000Z
sensor.greenpi_arduino_nano_roomtemp_temperature,30.72,2025-11-03T09:15:31.877000Z
sensor.greenpi_arduino_nano_roomtemp_temperature,30.9,2025-11-03T09:17:11.974000Z
sensor.greenpi_arduino_nano_roomtemp_temperature,31.04,2025-11-03T09:18:52.063000Z
sensor.greenpi_arduino_nano_roomtemp_temperature,31.16,2025-11-03T09:20:32.237000Z
sensor.greenpi_arduino_nano_roomtemp_temperature,31.32,2025-11-03T09:22:12.267000Z
sensor.greenpi_arduino_nano_roomtemp_temperature,31.43,2025-11-03T09:23:52.372000Z
sensor.greenpi_arduino_nano_roomtemp_temperature,31.55,2025-11-03T09:25:32.505000Z
sensor.greenpi_arduino_nano_roomtemp_temperature,31.66,2025-11-03T09:27:12.595000Z
sensor.greenpi_arduino_nano_roomtemp_temperature,31.77,2025-11-03T09:28:52.686000Z
sensor.greenpi_arduino_nano_roomtemp_temperature,31.85,2025-11-03T09:30:32.764000Z
sensor.greenpi_arduino_nano_roomtemp_temperature,31.98,2025-11-03T09:32:12.881000Z
sensor.greenpi_arduino_nano_roomtemp_temperature,32.07,2025-11-03T09:33:52.988000Z
sensor.greenpi_arduino_nano_roomtemp_temperature,32.14,2025-11-03T09:35:33.071000Z
sensor.greenpi_arduino_nano_roomtemp_temperature,32.24,2025-11-03T09:37:13.185000Z
sensor.greenpi_arduino_nano_roomtemp_temperature,32.33,2025-11-03T09:38:53.250000Z
sensor.greenpi_arduino_nano_roomtemp_temperature,32.4,2025-11-03T09:40:33.348000Z
sensor.greenpi_arduino_nano_roomtemp_temperature,32.48,2025-11-03T09:42:13.427000Z
sensor.greenpi_arduino_nano_roomtemp_temperature,32.57,2025-11-03T09:43:53.531000Z
sensor.greenpi_arduino_nano_roomtemp_temperature,32.65,2025-11-03T09:45:33.627000Z
sensor.greenpi_arduino_nano_roomtemp_temperature,32.71,2025-11-03T09:47:13.729000Z
sensor.greenpi_arduino_nano_roomtemp_temperature,32.78,2025-11-03T09:48:53.820000Z
sensor.greenpi_arduino_nano_roomtemp_temperature,32.86,2025-11-03T09:50:33.912000Z
sensor.greenpi_arduino_nano_roomtemp_temperature,32.91,2025-11-03T09:52:13.959000Z
sensor.greenpi_arduino_nano_roomtemp_temperature,32.95,2025-11-03T09:53:54.041000Z
sensor.greenpi_arduino_nano_roomtemp_temperature,33.02,2025-11-03T09:55:34.138000Z
sensor.greenpi_arduino_nano_roomtemp_temperature,33.08,2025-11-03T09:57:14.236000Z
sensor.greenpi_arduino_nano_roomtemp_temperature,33.14,2025-11-03T09:58:54.310000Z
sensor.greenpi_arduino_nano_roomtemp_temperature,33.19,2025-11-03T10:00:34.397000Z
sensor.greenpi_arduino_nano_roomtemp_temperature,33.28,2025-11-03T10:02:14.481000Z
sensor.greenpi_arduino_nano_roomtemp_temperature,33.32,2025-11-03T10:03:54.560000Z
sensor.greenpi_arduino_nano_roomtemp_temperature,33.39,2025-11-03T10:05:34.663000Z
sensor.greenpi_arduino_nano_roomtemp_temperature,33.43,2025-11-03T10:07:14.741000Z
sensor.greenpi_arduino_nano_roomtemp_temperature,33.47,2025-11-03T10:08:54.830000Z
sensor.greenpi_arduino_nano_roomtemp_temperature,33.54,2025-11-03T10:10:34.927000Z
sensor.greenpi_arduino_nano_roomtemp_temperature,33.58,2025-11-03T10:12:15.023000Z
sensor.greenpi_arduino_nano_roomtemp_temperature,33.63,2025-11-03T10:13:55.107000Z
sensor.greenpi_arduino_nano_roomtemp_temperature,33.69,2025-11-03T10:15:35.195000Z
sensor.greenpi_arduino_nano_roomtemp_temperature,33.71,2025-11-03T10:17:15.314000Z
sensor.greenpi_arduino_nano_roomtemp_temperature,33.75,2025-11-03T10:18:55.394000Z
sensor.greenpi_arduino_nano_roomtemp_temperature,33.81,2025-11-03T10:20:35.486000Z
sensor.greenpi_arduino_nano_roomtemp_temperature,33.84,2025-11-03T10:22:15.583000Z
sensor.greenpi_arduino_nano_roomtemp_temperature,33.86,2025-11-03T10:23:55.668000Z
sensor.greenpi_arduino_nano_roomtemp_temperature,33.91,2025-11-03T10:25:35.807000Z
sensor.greenpi_arduino_nano_roomtemp_temperature,33.95,2025-11-03T10:27:15.858000Z
sensor.greenpi_arduino_nano_roomtemp_temperature,34.0,2025-11-03T10:28:55.904000Z
sensor.greenpi_arduino_nano_roomtemp_temperature,34.08,2025-11-03T10:30:35.983000Z
sensor.greenpi_arduino_nano_roomtemp_temperature,34.16,2025-11-03T10:33:56.147000Z
sensor.greenpi_arduino_nano_roomtemp_temperature,34.18,2025-11-03T10:35:36.238000Z
sensor.greenpi_arduino_nano_roomtemp_temperature,34.23,2025-11-03T10:37:16.319000Z
sensor.greenpi_arduino_nano_roomtemp_temperature,34.27,2025-11-03T10:38:56.409000Z
sensor.greenpi_arduino_nano_roomtemp_temperature,34.31,2025-11-03T10:40:36.488000Z
sensor.greenpi_arduino_nano_roomtemp_temperature,34.34,2025-11-03T10:42:16.587000Z
sensor.greenpi_arduino_nano_roomtemp_temperature,34.38,2025-11-03T10:43:56.656000Z
sensor.greenpi_arduino_nano_roomtemp_temperature,34.41,2025-11-03T10:45:36.738000Z
sensor.greenpi_arduino_nano_roomtemp_temperature,34.44,2025-11-03T10:47:16.793000Z
sensor.greenpi_arduino_nano_roomtemp_temperature,34.48,2025-11-03T10:48:56.890000Z
sensor.greenpi_arduino_nano_roomtemp_temperature,34.52,2025-11-03T10:50:37.020000Z
sensor.greenpi_arduino_nano_roomtemp_temperature,34.59,2025-11-03T10:53:57.216000Z
sensor.greenpi_arduino_nano_roomtemp_temperature,34.64,2025-11-03T10:55:37.298000Z
sensor.greenpi_arduino_nano_roomtemp_temperature,34.66,2025-11-03T10:57:17.386000Z
sensor.greenpi_arduino_nano_roomtemp_temperature,34.7,2025-11-03T10:58:57.478000Z
sensor.greenpi_arduino_nano_roomtemp_temperature,34.75,2025-11-03T11:02:17.676000Z
sensor.greenpi_arduino_nano_roomtemp_temperature,34.79,2025-11-03T11:03:57.765000Z
sensor.greenpi_arduino_nano_roomtemp_temperature,34.83,2025-11-03T11:05:37.881000Z
sensor.greenpi_arduino_nano_roomtemp_temperature,34.87,2025-11-03T11:07:17.969000Z
sensor.greenpi_arduino_nano_roomtemp_temperature,34.9,2025-11-03T11:08:58.064000Z
sensor.greenpi_arduino_nano_roomtemp_temperature,34.92,2025-11-03T11:10:38.163000Z
sensor.greenpi_arduino_nano_roomtemp_temperature,34.94,2025-11-03T11:12:18.244000Z
sensor.greenpi_arduino_nano_roomtemp_temperature,35.0,2025-11-03T11:13:58.332000Z
sensor.greenpi_arduino_nano_roomtemp_temperature,34.98,2025-11-03T11:15:38.410000Z
sensor.greenpi_arduino_nano_roomtemp_temperature,35.02,2025-11-03T11:17:18.499000Z
sensor.greenpi_arduino_nano_roomtemp_temperature,35.07,2025-11-03T11:18:58.550000Z
sensor.greenpi_arduino_nano_roomtemp_temperature,35.09,2025-11-03T11:20:38.639000Z
sensor.greenpi_arduino_nano_roomtemp_temperature,35.13,2025-11-03T11:22:18.814000Z
sensor.greenpi_arduino_nano_roomtemp_temperature,35.15,2025-11-03T11:23:58.835000Z
sensor.greenpi_arduino_nano_roomtemp_temperature,35.2,2025-11-03T11:25:38.912000Z
sensor.greenpi_arduino_nano_roomtemp_temperature,35.22,2025-11-03T11:27:19.018000Z
sensor.greenpi_arduino_nano_roomtemp_temperature,35.29,2025-11-03T11:28:59.111000Z
sensor.greenpi_arduino_nano_roomtemp_temperature,35.3,2025-11-03T11:30:39.250000Z
sensor.greenpi_arduino_nano_roomtemp_temperature,35.33,2025-11-03T11:32:19.302000Z
sensor.greenpi_arduino_nano_roomtemp_temperature,35.31,2025-11-03T11:33:59.435000Z
sensor.greenpi_arduino_nano_roomtemp_temperature,35.34,2025-11-03T11:35:39.489000Z
sensor.greenpi_arduino_nano_roomtemp_temperature,35.37,2025-11-03T11:37:19.597000Z
sensor.greenpi_arduino_nano_roomtemp_temperature,35.41,2025-11-03T11:38:59.682000Z
sensor.greenpi_arduino_nano_roomtemp_temperature,35.44,2025-11-03T11:40:39.866000Z
sensor.greenpi_arduino_nano_roomtemp_temperature,35.46,2025-11-03T11:42:19.839000Z
sensor.greenpi_arduino_nano_roomtemp_temperature,35.49,2025-11-03T11:44:00.016000Z
sensor.greenpi_arduino_nano_roomtemp_temperature,35.53,2025-11-03T11:45:40.005000Z
sensor.greenpi_arduino_nano_roomtemp_temperature,35.56,2025-11-03T11:47:20.094000Z
sensor.greenpi_arduino_nano_roomtemp_temperature,35.6,2025-11-03T11:49:00.180000Z
sensor.greenpi_arduino_nano_roomtemp_temperature,35.64,2025-11-03T11:50:40.271000Z
sensor.greenpi_arduino_nano_roomtemp_temperature,35.65,2025-11-03T11:52:20.371000Z
sensor.greenpi_arduino_nano_roomtemp_temperature,35.64,2025-11-03T11:54:00.475000Z
sensor.greenpi_arduino_nano_roomtemp_temperature,35.68,2025-11-03T11:55:40.586000Z
sensor.greenpi_arduino_nano_roomtemp_temperature,35.73,2025-11-03T11:59:00.721000Z
sensor.greenpi_arduino_nano_roomtemp_temperature,35.79,2025-11-03T12:00:40.884000Z
sensor.greenpi_arduino_nano_roomtemp_temperature,35.82,2025-11-03T12:04:00.989000Z
sensor.greenpi_arduino_nano_roomtemp_temperature,35.83,2025-11-03T12:05:41.079000Z
sensor.greenpi_arduino_nano_roomtemp_temperature,35.84,2025-11-03T12:07:21.172000Z
sensor.greenpi_arduino_nano_roomtemp_temperature,35.88,2025-11-03T12:09:01.265000Z
sensor.greenpi_arduino_nano_roomtemp_temperature,35.9,2025-11-03T12:10:41.352000Z
sensor.greenpi_arduino_nano_roomtemp_temperature,35.91,2025-11-03T12:12:21.436000Z
sensor.greenpi_arduino_nano_roomtemp_temperature,35.97,2025-11-03T12:14:01.537000Z
sensor.greenpi_arduino_nano_roomtemp_temperature,35.98,2025-11-03T12:17:21.705000Z
sensor.greenpi_arduino_nano_roomtemp_temperature,36.02,2025-11-03T12:19:01.762000Z
sensor.greenpi_arduino_nano_roomtemp_temperature,36.08,2025-11-03T12:22:21.969000Z
sensor.greenpi_arduino_nano_roomtemp_temperature,36.05,2025-11-03T12:24:02.022000Z
sensor.greenpi_arduino_nano_roomtemp_temperature,36.09,2025-11-03T12:25:42.120000Z
sensor.greenpi_arduino_nano_roomtemp_temperature,36.1,2025-11-03T12:27:22.200000Z
sensor.greenpi_arduino_nano_roomtemp_temperature,36.14,2025-11-03T12:29:02.254000Z
sensor.greenpi_arduino_nano_roomtemp_temperature,36.17,2025-11-03T12:30:42.341000Z
sensor.greenpi_arduino_nano_roomtemp_temperature,36.19,2025-11-03T12:32:22.546000Z
sensor.greenpi_arduino_nano_roomtemp_temperature,36.21,2025-11-03T12:34:02.468000Z
sensor.greenpi_arduino_nano_roomtemp_temperature,36.25,2025-11-03T12:35:42.560000Z
sensor.greenpi_arduino_nano_roomtemp_temperature,36.27,2025-11-03T12:37:22.648000Z
sensor.greenpi_arduino_nano_roomtemp_temperature,36.28,2025-11-03T12:39:02.718000Z
sensor.greenpi_arduino_nano_roomtemp_temperature,36.29,2025-11-03T12:40:42.785000Z
sensor.greenpi_arduino_nano_roomtemp_temperature,36.34,2025-11-03T12:42:22.874000Z
sensor.greenpi_arduino_nano_roomtemp_temperature,36.36,2025-11-03T12:47:23.098000Z
sensor.greenpi_arduino_nano_roomtemp_temperature,36.4,2025-11-03T12:49:03.154000Z
sensor.greenpi_arduino_nano_roomtemp_temperature,36.43,2025-11-03T12:52:23.342000Z
sensor.greenpi_arduino_nano_roomtemp_temperature,36.49,2025-11-03T12:54:03.389000Z
sensor.greenpi_arduino_nano_roomtemp_temperature,36.5,2025-11-03T12:55:43.470000Z
sensor.greenpi_arduino_nano_roomtemp_temperature,36.54,2025-11-03T13:00:43.750000Z
sensor.greenpi_arduino_nano_roomtemp_temperature,36.55,2025-11-03T13:02:24.483000Z
sensor.greenpi_arduino_nano_roomtemp_temperature,36.57,2025-11-03T13:04:03.799000Z
sensor.greenpi_arduino_nano_roomtemp_temperature,36.61,2025-11-03T13:05:43.966000Z
sensor.greenpi_arduino_nano_roomtemp_temperature,36.6,2025-11-03T13:07:23.982000Z
sensor.greenpi_arduino_nano_roomtemp_temperature,36.65,2025-11-03T13:09:04.108000Z
sensor.greenpi_arduino_nano_roomtemp_temperature,36.67,2025-11-03T13:10:44.129000Z
sensor.greenpi_arduino_nano_roomtemp_temperature,36.7,2025-11-03T13:12:24.299000Z
sensor.greenpi_arduino_nano_roomtemp_temperature,36.67,2025-11-03T13:14:04.282000Z
sensor.greenpi_arduino_nano_roomtemp_temperature,36.74,2025-11-03T13:15:44.367000Z
sensor.greenpi_arduino_nano_roomtemp_temperature,36.76,2025-11-03T13:17:24.453000Z
sensor.greenpi_arduino_nano_roomtemp_temperature,36.78,2025-11-03T13:19:04.512000Z
sensor.greenpi_arduino_nano_roomtemp_temperature,36.81,2025-11-03T13:20:44.598000Z
sensor.greenpi_arduino_nano_roomtemp_temperature,36.82,2025-11-03T13:22:24.683000Z
sensor.greenpi_arduino_nano_roomtemp_temperature,36.85,2025-11-03T13:25:44.847000Z
sensor.greenpi_arduino_nano_roomtemp_temperature,36.87,2025-11-03T13:27:24.948000Z
sensor.greenpi_arduino_nano_roomtemp_temperature,36.91,2025-11-03T13:29:05.001000Z
sensor.greenpi_arduino_nano_roomtemp_temperature,36.9,2025-11-03T13:30:45.089000Z
sensor.greenpi_arduino_nano_roomtemp_temperature,36.92,2025-11-03T13:32:25.171000Z
sensor.greenpi_arduino_nano_roomtemp_temperature,36.95,2025-11-03T13:34:05.222000Z
sensor.greenpi_arduino_nano_roomtemp_temperature,36.94,2025-11-03T13:35:45.305000Z
sensor.greenpi_arduino_nano_roomtemp_temperature,36.98,2025-11-03T13:37:25.406000Z
sensor.greenpi_arduino_nano_roomtemp_temperature,37.02,2025-11-03T13:39:05.453000Z
sensor.greenpi_arduino_nano_roomtemp_temperature,37.05,2025-11-03T13:42:25.670000Z
sensor.greenpi_arduino_nano_roomtemp_temperature,37.06,2025-11-03T13:45:45.794000Z
sensor.greenpi_arduino_nano_roomtemp_temperature,37.09,2025-11-03T13:47:25.889000Z
sensor.greenpi_arduino_nano_roomtemp_temperature,37.06,2025-11-03T13:49:05.943000Z
sensor.greenpi_arduino_nano_roomtemp_temperature,37.12,2025-11-03T13:50:46.049000Z
sensor.greenpi_arduino_nano_roomtemp_temperature,37.13,2025-11-03T13:52:26.121000Z
sensor.greenpi_arduino_nano_roomtemp_temperature,37.1,2025-11-03T13:54:06.264000Z
sensor.greenpi_arduino_nano_roomtemp_temperature,37.13,2025-11-03T13:55:46.294000Z
sensor.greenpi_arduino_nano_roomtemp_temperature,37.16,2025-11-03T13:57:26.383000Z
sensor.greenpi_arduino_nano_roomtemp_temperature,37.2,2025-11-03T14:00:46.541000Z
sensor.greenpi_arduino_nano_roomtemp_temperature,37.23,2025-11-03T14:02:26.624000Z
sensor.greenpi_arduino_nano_roomtemp_temperature,37.24,2025-11-03T14:04:06.691000Z
sensor.greenpi_arduino_nano_roomtemp_temperature,37.23,2025-11-03T14:05:46.767000Z
sensor.greenpi_arduino_nano_roomtemp_temperature,37.21,2025-11-03T14:07:26.805000Z
sensor.greenpi_arduino_nano_roomtemp_temperature,37.27,2025-11-03T14:09:06.885000Z
sensor.greenpi_arduino_nano_roomtemp_temperature,37.29,2025-11-03T14:10:47.000000Z
sensor.greenpi_arduino_nano_roomtemp_temperature,37.32,2025-11-03T14:12:27.075000Z
sensor.greenpi_arduino_nano_roomtemp_temperature,37.35,2025-11-03T14:14:07.139000Z
sensor.greenpi_arduino_nano_roomtemp_temperature,37.36,2025-11-03T14:19:07.428000Z
sensor.greenpi_arduino_nano_roomtemp_temperature,37.35,2025-11-03T14:20:47.533000Z
sensor.greenpi_arduino_nano_roomtemp_temperature,37.38,2025-11-03T14:22:27.582000Z
sensor.greenpi_arduino_nano_roomtemp_temperature,37.4,2025-11-03T14:25:47.769000Z
sensor.greenpi_arduino_nano_roomtemp_temperature,37.38,2025-11-03T14:27:27.852000Z
sensor.greenpi_arduino_nano_roomtemp_temperature,37.43,2025-11-03T14:29:07.930000Z
sensor.greenpi_arduino_nano_roomtemp_temperature,37.46,2025-11-03T14:32:29.085000Z
sensor.greenpi_arduino_nano_roomtemp_temperature,37.45,2025-11-03T14:34:08.202000Z
sensor.greenpi_arduino_nano_roomtemp_temperature,37.5,2025-11-03T14:35:48.287000Z
sensor.greenpi_arduino_nano_roomtemp_temperature,37.46,2025-11-03T14:37:28.442000Z
sensor.greenpi_arduino_nano_roomtemp_temperature,37.5,2025-11-03T14:39:08.543000Z
sensor.greenpi_arduino_nano_roomtemp_temperature,37.47,2025-11-03T14:40:48.569000Z
sensor.greenpi_arduino_nano_roomtemp_temperature,37.5,2025-11-03T14:42:28.692000Z
sensor.greenpi_arduino_nano_roomtemp_temperature,37.51,2025-11-03T14:45:48.848000Z
sensor.greenpi_arduino_nano_roomtemp_temperature,37.53,2025-11-03T14:49:09.064000Z
sensor.greenpi_arduino_nano_roomtemp_temperature,37.57,2025-11-03T14:52:29.371000Z
sensor.greenpi_arduino_nano_roomtemp_temperature,37.55,2025-11-03T14:54:09.302000Z
sensor.greenpi_arduino_nano_roomtemp_temperature,37.58,2025-11-03T14:55:49.419000Z
sensor.greenpi_arduino_nano_roomtemp_temperature,37.62,2025-11-03T14:59:09.588000Z
sensor.greenpi_arduino_nano_roomtemp_temperature,37.65,2025-11-03T15:00:49.675000Z
sensor.greenpi_arduino_nano_roomtemp_temperature,37.62,2025-11-03T15:02:29.789000Z
sensor.greenpi_arduino_nano_roomtemp_temperature,37.65,2025-11-03T15:05:49.966000Z
sensor.greenpi_arduino_nano_roomtemp_temperature,37.64,2025-11-03T15:07:30.104000Z
sensor.greenpi_arduino_nano_roomtemp_temperature,37.65,2025-11-03T15:09:10.093000Z
sensor.greenpi_arduino_nano_roomtemp_temperature,37.66,2025-11-03T15:10:50.180000Z
sensor.greenpi_arduino_nano_roomtemp_temperature,37.69,2025-11-03T15:14:10.346000Z
sensor.greenpi_arduino_nano_roomtemp_temperature,37.68,2025-11-03T15:15:50.424000Z
sensor.greenpi_arduino_nano_roomtemp_temperature,37.69,2025-11-03T15:17:30.507000Z
sensor.greenpi_arduino_nano_roomtemp_temperature,37.71,2025-11-03T15:19:10.634000Z
sensor.greenpi_arduino_nano_roomtemp_temperature,37.72,2025-11-03T15:20:50.699000Z
sensor.greenpi_arduino_nano_roomtemp_temperature,37.71,2025-11-03T15:22:30.809000Z
sensor.greenpi_arduino_nano_roomtemp_temperature,37.73,2025-11-03T15:24:10.906000Z
sensor.greenpi_arduino_nano_roomtemp_temperature,37.72,2025-11-03T15:25:50.954000Z
sensor.greenpi_arduino_nano_roomtemp_temperature,37.77,2025-11-03T15:29:11.153000Z
sensor.greenpi_arduino_nano_roomtemp_temperature,37.76,2025-11-03T15:30:51.319000Z
sensor.greenpi_arduino_nano_roomtemp_temperature,37.79,2025-11-03T15:32:31.310000Z
sensor.greenpi_arduino_nano_roomtemp_temperature,37.83,2025-11-03T15:34:11.395000Z
sensor.greenpi_arduino_nano_roomtemp_temperature,37.79,2025-11-03T15:35:51.489000Z
sensor.greenpi_arduino_nano_roomtemp_temperature,37.8,2025-11-03T15:37:31.574000Z
sensor.greenpi_arduino_nano_roomtemp_temperature,37.81,2025-11-03T15:39:11.686000Z
sensor.greenpi_arduino_nano_roomtemp_temperature,37.84,2025-11-03T15:40:51.759000Z
sensor.greenpi_arduino_nano_roomtemp_temperature,37.87,2025-11-03T15:44:12.375000Z
sensor.greenpi_arduino_nano_roomtemp_temperature,37.86,2025-11-03T15:47:32.089000Z
sensor.greenpi_arduino_nano_roomtemp_temperature,37.87,2025-11-03T15:49:12.171000Z
sensor.greenpi_arduino_nano_roomtemp_temperature,37.86,2025-11-03T15:50:52.260000Z
sensor.greenpi_arduino_nano_roomtemp_temperature,37.87,2025-11-03T15:52:32.343000Z
sensor.greenpi_arduino_nano_roomtemp_temperature,37.88,2025-11-03T15:54:12.447000Z
sensor.greenpi_arduino_nano_roomtemp_temperature,37.91,2025-11-03T15:59:12.771000Z
sensor.greenpi_arduino_nano_roomtemp_temperature,37.92,2025-11-03T16:04:13.054000Z
sensor.greenpi_arduino_nano_roomtemp_temperature,37.97,2025-11-03T16:05:53.214000Z
sensor.greenpi_arduino_nano_roomtemp_temperature,37.95,2025-11-03T16:07:33.180000Z
sensor.greenpi_arduino_nano_roomtemp_temperature,37.97,2025-11-03T16:10:53.313000Z
sensor.greenpi_arduino_nano_roomtemp_temperature,37.98,2025-11-03T16:12:33.401000Z
sensor.greenpi_arduino_nano_roomtemp_temperature,38.01,2025-11-03T16:14:13.488000Z
sensor.greenpi_arduino_nano_roomtemp_temperature,38.02,2025-11-03T16:20:53.849000Z
sensor.greenpi_arduino_nano_roomtemp_temperature,38.01,2025-11-03T16:22:33.956000Z
sensor.greenpi_arduino_nano_roomtemp_temperature,38.03,2025-11-03T16:24:14.031000Z
sensor.greenpi_arduino_nano_roomtemp_temperature,38.08,2025-11-03T16:25:54.129000Z
sensor.greenpi_arduino_nano_roomtemp_temperature,38.03,2025-11-03T16:27:34.221000Z
sensor.greenpi_arduino_nano_roomtemp_temperature,38.05,2025-11-03T16:30:54.425000Z
sensor.greenpi_arduino_nano_roomtemp_temperature,38.06,2025-11-03T16:34:14.598000Z
sensor.greenpi_arduino_nano_roomtemp_temperature,38.09,2025-11-03T16:35:54.743000Z
sensor.greenpi_arduino_nano_roomtemp_temperature,38.1,2025-11-03T16:40:55.029000Z
sensor.greenpi_arduino_nano_roomtemp_temperature,38.12,2025-11-03T16:42:35.030000Z
sensor.greenpi_arduino_nano_roomtemp_temperature,38.13,2025-11-03T16:45:55.225000Z
sensor.greenpi_arduino_nano_roomtemp_temperature,38.12,2025-11-03T16:47:35.341000Z
sensor.greenpi_arduino_nano_roomtemp_temperature,38.13,2025-11-03T16:49:15.438000Z
sensor.greenpi_arduino_nano_roomtemp_temperature,38.14,2025-11-03T16:52:35.619000Z
sensor.greenpi_arduino_nano_roomtemp_temperature,38.13,2025-11-03T16:54:15.711000Z
sensor.greenpi_arduino_nano_roomtemp_temperature,38.14,2025-11-03T16:55:55.795000Z
sensor.greenpi_arduino_nano_roomtemp_temperature,38.18,2025-11-03T16:57:35.917000Z
sensor.greenpi_arduino_nano_roomtemp_temperature,38.17,2025-11-03T16:59:16.017000Z
sensor.greenpi_arduino_nano_roomtemp_temperature,38.13,2025-11-03T17:02:36.139000Z
sensor.greenpi_arduino_nano_roomtemp_temperature,38.16,2025-11-03T17:04:16.225000Z
sensor.greenpi_arduino_nano_roomtemp_temperature,38.17,2025-11-03T17:05:56.306000Z
sensor.greenpi_arduino_nano_roomtemp_temperature,38.14,2025-11-03T17:07:36.407000Z
sensor.greenpi_arduino_nano_roomtemp_temperature,38.17,2025-11-03T17:09:16.489000Z
sensor.greenpi_arduino_nano_roomtemp_temperature,38.16,2025-11-03T17:10:56.691000Z
sensor.greenpi_arduino_nano_roomtemp_temperature,38.17,2025-11-03T17:14:16.847000Z
sensor.greenpi_arduino_nano_roomtemp_temperature,38.16,2025-11-03T17:15:56.986000Z
sensor.greenpi_arduino_nano_roomtemp_temperature,38.17,2025-11-03T17:17:37.063000Z
sensor.greenpi_arduino_nano_roomtemp_temperature,38.2,2025-11-03T17:19:17.078000Z
sensor.greenpi_arduino_nano_roomtemp_temperature,38.21,2025-11-03T17:22:37.257000Z
sensor.greenpi_arduino_nano_roomtemp_temperature,38.18,2025-11-03T17:24:17.431000Z
sensor.greenpi_arduino_nano_roomtemp_temperature,38.21,2025-11-03T17:25:57.563000Z
sensor.greenpi_arduino_nano_roomtemp_temperature,38.24,2025-11-03T17:32:37.908000Z
sensor.greenpi_arduino_nano_roomtemp_temperature,38.28,2025-11-03T17:39:18.198000Z
sensor.greenpi_arduino_nano_roomtemp_temperature,38.29,2025-11-03T17:40:58.237000Z
sensor.greenpi_arduino_nano_roomtemp_temperature,38.32,2025-11-03T17:42:38.309000Z
sensor.greenpi_arduino_nano_roomtemp_temperature,38.3,2025-11-03T17:44:18.387000Z
sensor.greenpi_arduino_nano_roomtemp_temperature,38.35,2025-11-03T17:45:58.479000Z
sensor.greenpi_arduino_nano_roomtemp_temperature,38.32,2025-11-03T17:47:38.556000Z
sensor.greenpi_arduino_nano_roomtemp_temperature,38.29,2025-11-03T17:49:18.643000Z
sensor.greenpi_arduino_nano_roomtemp_temperature,38.33,2025-11-03T17:50:58.750000Z
sensor.greenpi_arduino_nano_roomtemp_temperature,38.3,2025-11-03T17:52:38.850000Z
sensor.greenpi_arduino_nano_roomtemp_temperature,38.36,2025-11-03T17:54:18.986000Z
sensor.greenpi_arduino_nano_roomtemp_temperature,38.35,2025-11-03T17:55:59.052000Z
sensor.greenpi_arduino_nano_roomtemp_temperature,38.37,2025-11-03T17:57:39.172000Z
sensor.greenpi_arduino_nano_roomtemp_temperature,38.36,2025-11-03T17:59:19.236000Z
sensor.greenpi_arduino_nano_roomtemp_temperature,38.35,2025-11-03T18:00:59.324000Z
sensor.greenpi_arduino_nano_roomtemp_temperature,38.36,2025-11-03T18:02:39.416000Z
sensor.greenpi_arduino_nano_roomtemp_temperature,38.37,2025-11-03T18:05:59.596000Z
sensor.greenpi_arduino_nano_roomtemp_temperature,38.35,2025-11-03T18:07:39.689000Z
sensor.greenpi_arduino_nano_roomtemp_temperature,38.36,2025-11-03T18:09:19.770000Z
sensor.greenpi_arduino_nano_roomtemp_temperature,38.39,2025-11-03T18:10:59.873000Z
sensor.greenpi_arduino_nano_roomtemp_temperature,38.4,2025-11-03T18:12:39.980000Z
sensor.greenpi_arduino_nano_roomtemp_temperature,38.44,2025-11-03T18:17:40.249000Z
sensor.greenpi_arduino_nano_roomtemp_temperature,38.43,2025-11-03T18:22:40.502000Z
sensor.greenpi_arduino_nano_roomtemp_temperature,38.45,2025-11-03T18:24:20.595000Z
sensor.greenpi_arduino_nano_roomtemp_temperature,38.43,2025-11-03T18:27:40.772000Z
sensor.greenpi_arduino_nano_roomtemp_temperature,38.41,2025-11-03T18:31:00.941000Z
sensor.greenpi_arduino_nano_roomtemp_temperature,38.44,2025-11-03T18:32:41.028000Z
sensor.greenpi_arduino_nano_roomtemp_temperature,38.47,2025-11-03T18:34:21.113000Z
sensor.greenpi_arduino_nano_roomtemp_temperature,38.43,2025-11-03T18:36:01.206000Z
sensor.greenpi_arduino_nano_roomtemp_temperature,38.48,2025-11-03T18:37:41.273000Z
sensor.greenpi_arduino_nano_roomtemp_temperature,38.47,2025-11-03T18:39:21.342000Z
sensor.greenpi_arduino_nano_roomtemp_temperature,38.5,2025-11-03T18:42:41.514000Z
sensor.greenpi_arduino_nano_roomtemp_temperature,38.51,2025-11-03T18:46:01.637000Z
sensor.greenpi_arduino_nano_roomtemp_temperature,38.52,2025-11-03T18:47:41.744000Z
sensor.greenpi_arduino_nano_roomtemp_temperature,38.51,2025-11-03T18:49:21.835000Z
sensor.greenpi_arduino_nano_roomtemp_temperature,38.54,2025-11-03T18:57:42.339000Z
sensor.greenpi_arduino_nano_roomtemp_temperature,38.52,2025-11-03T18:59:22.370000Z
sensor.greenpi_arduino_nano_roomtemp_temperature,38.56,2025-11-03T19:02:42.527000Z
sensor.greenpi_arduino_nano_roomtemp_temperature,38.54,2025-11-03T19:04:22.617000Z
sensor.greenpi_arduino_nano_roomtemp_temperature,38.51,2025-11-03T19:06:02.670000Z
sensor.greenpi_arduino_nano_roomtemp_temperature,38.48,2025-11-03T19:07:42.763000Z
sensor.greenpi_arduino_nano_roomtemp_temperature,38.51,2025-11-03T19:09:22.855000Z
sensor.greenpi_arduino_nano_roomtemp_temperature,38.52,2025-11-03T19:11:02.911000Z
sensor.greenpi_arduino_nano_roomtemp_temperature,38.54,2025-11-03T19:12:42.996000Z
sensor.greenpi_arduino_nano_roomtemp_temperature,38.55,2025-11-03T19:14:23.094000Z
sensor.greenpi_arduino_nano_roomtemp_temperature,38.54,2025-11-03T19:16:03.135000Z
sensor.greenpi_arduino_nano_roomtemp_temperature,38.58,2025-11-03T19:19:23.328000Z
sensor.greenpi_arduino_nano_roomtemp_temperature,38.59,2025-11-03T19:21:03.379000Z
sensor.greenpi_arduino_nano_roomtemp_temperature,38.55,2025-11-03T19:24:23.550000Z
sensor.greenpi_arduino_nano_roomtemp_temperature,38.59,2025-11-03T19:26:03.597000Z
sensor.greenpi_arduino_nano_roomtemp_temperature,38.61,2025-11-03T19:27:43.716000Z
sensor.greenpi_arduino_nano_roomtemp_temperature,38.62,2025-11-03T19:29:23.815000Z
sensor.greenpi_arduino_nano_roomtemp_temperature,38.61,2025-11-03T19:31:03.864000Z
sensor.greenpi_arduino_nano_roomtemp_temperature,38.58,2025-11-03T19:32:43.953000Z
sensor.greenpi_arduino_nano_roomtemp_temperature,38.61,2025-11-03T19:36:04.076000Z
sensor.greenpi_arduino_nano_roomtemp_temperature,38.62,2025-11-03T19:41:04.339000Z
sensor.greenpi_arduino_nano_roomtemp_temperature,38.59,2025-11-03T19:42:44.412000Z
sensor.greenpi_arduino_nano_roomtemp_temperature,38.63,2025-11-03T19:44:24.505000Z
sensor.greenpi_arduino_nano_roomtemp_temperature,38.62,2025-11-03T19:46:04.555000Z
sensor.greenpi_arduino_nano_roomtemp_temperature,38.59,2025-11-03T19:49:24.731000Z
sensor.greenpi_arduino_nano_roomtemp_temperature,38.61,2025-11-03T19:51:04.795000Z
sensor.greenpi_arduino_nano_roomtemp_temperature,38.62,2025-11-03T19:52:44.870000Z
sensor.greenpi_arduino_nano_roomtemp_temperature,38.65,2025-11-03T19:54:25.048000Z
sensor.greenpi_arduino_nano_roomtemp_temperature,38.63,2025-11-03T19:57:45.109000Z
sensor.greenpi_arduino_nano_roomtemp_temperature,38.65,2025-11-03T19:59:25.187000Z
sensor.greenpi_arduino_nano_roomtemp_temperature,38.61,2025-11-03T20:01:05.236000Z
sensor.greenpi_arduino_nano_roomtemp_temperature,38.66,2025-11-03T20:02:45.315000Z
sensor.greenpi_arduino_nano_roomtemp_temperature,38.62,2025-11-03T20:04:25.369000Z
sensor.greenpi_arduino_nano_roomtemp_temperature,38.66,2025-11-03T20:06:05.422000Z
sensor.greenpi_arduino_nano_roomtemp_temperature,38.67,2025-11-03T20:07:45.512000Z
sensor.greenpi_arduino_nano_roomtemp_temperature,38.66,2025-11-03T20:09:25.637000Z
sensor.greenpi_arduino_nano_roomtemp_temperature,38.63,2025-11-03T20:11:05.658000Z
sensor.greenpi_arduino_nano_roomtemp_temperature,38.62,2025-11-03T20:12:45.732000Z
sensor.greenpi_arduino_nano_roomtemp_temperature,38.65,2025-11-03T20:14:25.829000Z
sensor.greenpi_arduino_nano_roomtemp_temperature,38.63,2025-11-03T20:16:05.876000Z
sensor.greenpi_arduino_nano_roomtemp_temperature,38.62,2025-11-03T20:17:45.963000Z
sensor.greenpi_arduino_nano_roomtemp_temperature,38.63,2025-11-03T20:19:26.046000Z
sensor.greenpi_arduino_nano_roomtemp_temperature,38.62,2025-11-03T20:21:06.100000Z
sensor.greenpi_arduino_nano_roomtemp_temperature,38.63,2025-11-03T20:22:46.227000Z
sensor.greenpi_arduino_nano_roomtemp_temperature,38.65,2025-11-03T20:24:26.265000Z
sensor.greenpi_arduino_nano_roomtemp_temperature,38.66,2025-11-03T20:26:06.400000Z
sensor.greenpi_arduino_nano_roomtemp_temperature,38.67,2025-11-03T20:29:26.499000Z
sensor.greenpi_arduino_nano_roomtemp_temperature,38.69,2025-11-03T20:31:06.536000Z
sensor.greenpi_arduino_nano_roomtemp_temperature,38.66,2025-11-03T20:32:46.629000Z
sensor.greenpi_arduino_nano_roomtemp_temperature,38.69,2025-11-03T20:34:26.719000Z
sensor.greenpi_arduino_nano_roomtemp_temperature,38.67,2025-11-03T20:36:06.824000Z
sensor.greenpi_arduino_nano_roomtemp_temperature,38.69,2025-11-03T20:39:27.002000Z
sensor.greenpi_arduino_nano_roomtemp_temperature,38.66,2025-11-03T20:41:07.110000Z
sensor.greenpi_arduino_nano_roomtemp_temperature,38.67,2025-11-03T20:42:47.218000Z
sensor.greenpi_arduino_nano_roomtemp_temperature,38.7,2025-11-03T20:44:27.310000Z
sensor.greenpi_arduino_nano_roomtemp_temperature,38.69,2025-11-03T20:46:07.406000Z
sensor.greenpi_arduino_nano_roomtemp_temperature,38.67,2025-11-03T20:47:47.494000Z
sensor.greenpi_arduino_nano_roomtemp_temperature,38.65,2025-11-03T20:52:47.801000Z
sensor.greenpi_arduino_nano_roomtemp_temperature,38.67,2025-11-03T20:54:27.965000Z
sensor.greenpi_arduino_nano_roomtemp_temperature,38.66,2025-11-03T20:57:48.078000Z
sensor.greenpi_arduino_nano_roomtemp_temperature,38.67,2025-11-03T21:06:08.520000Z
sensor.greenpi_arduino_nano_roomtemp_temperature,38.66,2025-11-03T21:09:28.710000Z
sensor.greenpi_arduino_nano_roomtemp_temperature,38.7,2025-11-03T21:11:08.802000Z
sensor.greenpi_arduino_nano_roomtemp_temperature,38.67,2025-11-03T21:12:48.865000Z
sensor.greenpi_arduino_nano_roomtemp_temperature,38.69,2025-11-03T21:14:28.947000Z
sensor.greenpi_arduino_nano_roomtemp_temperature,38.67,2025-11-03T21:16:09.028000Z
sensor.greenpi_arduino_nano_roomtemp_temperature,38.73,2025-11-03T21:17:49.119000Z
sensor.greenpi_arduino_nano_roomtemp_temperature,38.72,2025-11-03T21:19:29.257000Z
sensor.greenpi_arduino_nano_roomtemp_temperature,38.69,2025-11-03T21:21:09.265000Z
sensor.greenpi_arduino_nano_roomtemp_temperature,38.7,2025-11-03T21:26:09.525000Z
sensor.greenpi_arduino_nano_roomtemp_temperature,38.66,2025-11-03T21:27:49.609000Z
sensor.greenpi_arduino_nano_roomtemp_temperature,38.7,2025-11-03T21:29:29.701000Z
sensor.greenpi_arduino_nano_roomtemp_temperature,38.69,2025-11-03T21:31:09.756000Z
sensor.greenpi_arduino_nano_roomtemp_temperature,38.7,2025-11-03T21:32:49.876000Z
sensor.greenpi_arduino_nano_roomtemp_temperature,38.69,2025-11-03T21:34:29.966000Z
sensor.greenpi_arduino_nano_roomtemp_temperature,38.67,2025-11-03T21:37:50.158000Z
sensor.greenpi_arduino_nano_roomtemp_temperature,38.69,2025-11-03T21:39:30.315000Z
sensor.greenpi_arduino_nano_roomtemp_temperature,38.7,2025-11-03T21:41:10.294000Z
sensor.greenpi_arduino_nano_roomtemp_temperature,38.72,2025-11-03T21:42:50.387000Z
sensor.greenpi_arduino_nano_roomtemp_temperature,38.7,2025-11-03T21:44:30.572000Z
sensor.greenpi_arduino_nano_roomtemp_temperature,38.72,2025-11-03T21:46:10.639000Z
sensor.greenpi_arduino_nano_roomtemp_temperature,38.7,2025-11-03T21:49:30.891000Z
sensor.greenpi_arduino_nano_roomtemp_temperature,38.67,2025-11-03T21:51:10.946000Z
sensor.greenpi_arduino_nano_roomtemp_temperature,38.69,2025-11-03T21:54:31.122000Z
sensor.greenpi_arduino_nano_roomtemp_temperature,38.7,2025-11-03T21:56:11.174000Z
sensor.greenpi_arduino_nano_roomtemp_temperature,38.73,2025-11-03T21:57:51.254000Z
sensor.greenpi_arduino_nano_roomtemp_temperature,38.72,2025-11-03T21:59:31.342000Z
sensor.greenpi_arduino_nano_roomtemp_temperature,38.7,2025-11-03T22:01:11.450000Z
sensor.greenpi_arduino_nano_roomtemp_temperature,38.74,2025-11-03T22:02:51.574000Z
sensor.greenpi_arduino_nano_roomtemp_temperature,38.72,2025-11-03T22:04:31.585000Z
sensor.greenpi_arduino_nano_roomtemp_temperature,38.7,2025-11-03T22:06:11.653000Z
sensor.greenpi_arduino_nano_roomtemp_temperature,38.72,2025-11-03T22:09:31.853000Z
sensor.greenpi_arduino_nano_roomtemp_temperature,38.74,2025-11-03T22:11:11.937000Z
sensor.greenpi_arduino_nano_roomtemp_temperature,38.73,2025-11-03T22:12:52.026000Z
sensor.greenpi_arduino_nano_roomtemp_temperature,38.72,2025-11-03T22:16:12.200000Z
sensor.greenpi_arduino_nano_roomtemp_temperature,38.7,2025-11-03T22:17:52.285000Z
sensor.greenpi_arduino_nano_roomtemp_temperature,38.73,2025-11-03T22:19:32.407000Z
sensor.greenpi_arduino_nano_roomtemp_temperature,38.72,2025-11-03T22:22:52.538000Z
sensor.greenpi_arduino_nano_roomtemp_temperature,38.76,2025-11-03T22:24:32.628000Z
sensor.greenpi_arduino_nano_roomtemp_temperature,38.7,2025-11-03T22:26:12.710000Z
sensor.greenpi_arduino_nano_roomtemp_temperature,38.73,2025-11-03T22:27:52.832000Z
sensor.greenpi_arduino_nano_roomtemp_temperature,38.76,2025-11-03T22:29:32.977000Z
sensor.greenpi_arduino_nano_roomtemp_temperature,38.74,2025-11-03T22:32:53.084000Z
sensor.greenpi_arduino_nano_roomtemp_temperature,38.7,2025-11-03T22:34:33.617000Z
sensor.greenpi_arduino_nano_roomtemp_temperature,38.72,2025-11-03T22:36:13.254000Z
sensor.greenpi_arduino_nano_roomtemp_temperature,38.73,2025-11-03T22:37:53.351000Z
sensor.greenpi_arduino_nano_roomtemp_temperature,38.74,2025-11-03T22:39:33.450000Z
sensor.greenpi_arduino_nano_roomtemp_temperature,38.76,2025-11-03T22:41:13.544000Z
sensor.greenpi_arduino_nano_roomtemp_temperature,38.72,2025-11-03T22:44:33.703000Z
sensor.greenpi_arduino_nano_roomtemp_temperature,38.74,2025-11-03T22:46:13.792000Z
sensor.greenpi_arduino_nano_roomtemp_temperature,38.73,2025-11-03T22:47:53.903000Z
sensor.greenpi_arduino_nano_roomtemp_temperature,38.77,2025-11-03T22:49:33.969000Z
sensor.greenpi_arduino_nano_roomtemp_temperature,38.73,2025-11-03T22:51:14.056000Z
sensor.greenpi_arduino_nano_roomtemp_temperature,38.74,2025-11-03T22:52:54.138000Z
sensor.greenpi_arduino_nano_roomtemp_temperature,38.72,2025-11-03T22:56:14.326000Z
sensor.greenpi_arduino_nano_roomtemp_temperature,38.73,2025-11-03T23:02:54.632000Z
sensor.greenpi_arduino_nano_roomtemp_temperature,38.74,2025-11-03T23:07:54.865000Z
sensor.greenpi_arduino_nano_roomtemp_temperature,38.67,2025-11-03T23:09:35.044000Z
sensor.greenpi_arduino_nano_roomtemp_temperature,38.72,2025-11-03T23:11:15.044000Z
sensor.greenpi_arduino_nano_roomtemp_temperature,38.73,2025-11-03T23:12:55.137000Z
sensor.greenpi_arduino_nano_roomtemp_temperature,38.69,2025-11-03T23:14:35.225000Z
sensor.greenpi_arduino_nano_roomtemp_temperature,38.73,2025-11-03T23:16:15.318000Z
sensor.greenpi_arduino_nano_roomtemp_temperature,38.72,2025-11-03T23:17:55.409000Z
sensor.greenpi_arduino_nano_roomtemp_temperature,38.73,2025-11-03T23:19:35.500000Z
sensor.greenpi_arduino_nano_roomtemp_temperature,38.72,2025-11-03T23:21:15.589000Z
sensor.greenpi_arduino_nano_roomtemp_temperature,38.73,2025-11-03T23:22:55.673000Z
sensor.greenpi_arduino_nano_roomtemp_temperature,38.7,2025-11-03T23:24:35.757000Z
sensor.greenpi_arduino_nano_roomtemp_temperature,38.69,2025-11-03T23:27:55.945000Z
sensor.greenpi_arduino_nano_roomtemp_temperature,38.7,2025-11-03T23:29:36.021000Z
sensor.greenpi_arduino_nano_roomtemp_temperature,38.72,2025-11-03T23:31:16.113000Z
sensor.greenpi_arduino_nano_roomtemp_temperature,38.67,2025-11-03T23:32:56.210000Z
sensor.greenpi_arduino_nano_roomtemp_temperature,38.7,2025-11-03T23:34:36.290000Z
sensor.greenpi_arduino_nano_roomtemp_temperature,38.69,2025-11-03T23:36:16.381000Z
sensor.greenpi_arduino_nano_roomtemp_temperature,38.67,2025-11-03T23:37:56.474000Z
sensor.greenpi_arduino_nano_roomtemp_temperature,38.66,2025-11-03T23:42:56.824000Z
sensor.greenpi_arduino_nano_roomtemp_temperature,38.67,2025-11-03T23:44:36.830000Z
sensor.greenpi_arduino_nano_roomtemp_temperature,38.69,2025-11-03T23:46:16.920000Z
sensor.greenpi_arduino_nano_roomtemp_temperature,38.66,2025-11-03T23:47:56.974000Z
sensor.greenpi_arduino_nano_roomtemp_temperature,38.67,2025-11-03T23:49:37.082000Z
sensor.greenpi_arduino_nano_roomtemp_temperature,38.66,2025-11-03T23:51:17.165000Z
sensor.greenpi_arduino_nano_roomtemp_temperature,38.69,2025-11-03T23:52:57.254000Z
sensor.greenpi_arduino_nano_roomtemp_temperature,38.65,2025-11-03T23:54:37.367000Z
sensor.greenpi_arduino_nano_roomtemp_temperature,38.62,2025-11-03T23:56:17.462000Z
sensor.greenpi_arduino_nano_roomtemp_temperature,38.63,2025-11-03T23:57:57.541000Z
sensor.greenpi_arduino_nano_roomtemp_temperature,38.62,2025-11-04T00:01:17.721000Z
sensor.greenpi_arduino_nano_roomtemp_temperature,38.65,2025-11-04T00:02:57.810000Z
sensor.greenpi_arduino_nano_roomtemp_temperature,38.62,2025-11-04T00:04:37.900000Z
sensor.greenpi_arduino_nano_roomtemp_temperature,38.61,2025-11-04T00:07:58.075000Z
sensor.greenpi_arduino_nano_roomtemp_temperature,38.62,2025-11-04T00:09:38.158000Z
sensor.greenpi_arduino_nano_roomtemp_temperature,38.61,2025-11-04T00:14:38.489000Z
sensor.greenpi_arduino_nano_roomtemp_temperature,38.58,2025-11-04T00:16:18.605000Z
sensor.greenpi_arduino_nano_roomtemp_temperature,38.63,2025-11-04T00:17:58.617000Z
sensor.greenpi_arduino_nano_roomtemp_temperature,38.61,2025-11-04T00:21:18.867000Z
sensor.greenpi_arduino_nano_roomtemp_temperature,38.59,2025-11-04T00:22:58.949000Z
sensor.greenpi_arduino_nano_roomtemp_temperature,38.55,2025-11-04T00:24:39.006000Z
sensor.greenpi_arduino_nano_roomtemp_temperature,38.58,2025-11-04T00:26:19.081000Z
sensor.greenpi_arduino_nano_roomtemp_temperature,38.56,2025-11-04T00:27:59.249000Z
sensor.greenpi_arduino_nano_roomtemp_temperature,38.55,2025-11-04T00:31:19.431000Z
sensor.greenpi_arduino_nano_roomtemp_temperature,38.56,2025-11-04T00:36:19.655000Z
sensor.greenpi_arduino_nano_roomtemp_temperature,38.59,2025-11-04T00:37:59.752000Z
sensor.greenpi_arduino_nano_roomtemp_temperature,38.56,2025-11-04T00:39:39.829000Z
sensor.greenpi_arduino_nano_roomtemp_temperature,38.55,2025-11-04T00:46:20.206000Z
sensor.greenpi_arduino_nano_roomtemp_temperature,38.54,2025-11-04T00:49:40.405000Z
sensor.greenpi_arduino_nano_roomtemp_temperature,38.52,2025-11-04T00:51:20.491000Z
sensor.greenpi_arduino_nano_roomtemp_temperature,38.5,2025-11-04T00:53:00.596000Z
sensor.greenpi_arduino_nano_roomtemp_temperature,38.52,2025-11-04T00:54:40.682000Z
sensor.greenpi_arduino_nano_roomtemp_temperature,38.54,2025-11-04T00:56:20.862000Z
sensor.greenpi_arduino_nano_roomtemp_temperature,38.48,2025-11-04T00:58:00.876000Z
sensor.greenpi_arduino_nano_roomtemp_temperature,38.47,2025-11-04T00:59:40.971000Z
sensor.greenpi_arduino_nano_roomtemp_temperature,37.68,2025-11-04T01:01:21.140000Z
sensor.greenpi_arduino_nano_roomtemp_temperature,36.79,2025-11-04T01:03:01.186000Z
sensor.greenpi_arduino_nano_roomtemp_temperature,36.19,2025-11-04T01:04:41.480000Z
sensor.greenpi_arduino_nano_roomtemp_temperature,35.68,2025-11-04T01:06:21.358000Z
sensor.greenpi_arduino_nano_roomtemp_temperature,35.33,2025-11-04T01:08:01.447000Z
sensor.greenpi_arduino_nano_roomtemp_temperature,35.0,2025-11-04T01:09:41.557000Z
sensor.greenpi_arduino_nano_roomtemp_temperature,34.71,2025-11-04T01:11:21.653000Z
sensor.greenpi_arduino_nano_roomtemp_temperature,34.48,2025-11-04T01:13:01.713000Z
sensor.greenpi_arduino_nano_roomtemp_temperature,34.24,2025-11-04T01:14:41.854000Z
sensor.greenpi_arduino_nano_roomtemp_temperature,34.05,2025-11-04T01:16:21.978000Z
sensor.greenpi_arduino_nano_roomtemp_temperature,33.85,2025-11-04T01:18:01.998000Z
sensor.greenpi_arduino_nano_roomtemp_temperature,33.69,2025-11-04T01:19:42.144000Z
sensor.greenpi_arduino_nano_roomtemp_temperature,33.55,2025-11-04T01:21:22.232000Z
sensor.greenpi_arduino_nano_roomtemp_temperature,33.4,2025-11-04T01:23:02.237000Z
sensor.greenpi_arduino_nano_roomtemp_temperature,33.26,2025-11-04T01:24:42.334000Z
sensor.greenpi_arduino_nano_roomtemp_temperature,33.12,2025-11-04T01:26:22.381000Z
sensor.greenpi_arduino_nano_roomtemp_temperature,33.0,2025-11-04T01:28:02.427000Z
sensor.greenpi_arduino_nano_roomtemp_temperature,32.89,2025-11-04T01:29:42.517000Z
sensor.greenpi_arduino_nano_roomtemp_temperature,32.78,2025-11-04T01:31:22.596000Z
sensor.greenpi_arduino_nano_roomtemp_temperature,32.67,2025-11-04T01:33:02.648000Z
sensor.greenpi_arduino_nano_roomtemp_temperature,32.57,2025-11-04T01:34:42.755000Z
sensor.greenpi_arduino_nano_roomtemp_temperature,32.46,2025-11-04T01:36:22.819000Z
sensor.greenpi_arduino_nano_roomtemp_temperature,32.36,2025-11-04T01:38:02.924000Z
sensor.greenpi_arduino_nano_roomtemp_temperature,32.24,2025-11-04T01:39:42.964000Z
sensor.greenpi_arduino_nano_roomtemp_temperature,32.14,2025-11-04T01:41:23.065000Z
sensor.greenpi_arduino_nano_roomtemp_temperature,32.06,2025-11-04T01:43:03.113000Z
sensor.greenpi_arduino_nano_roomtemp_temperature,32.01,2025-11-04T01:44:43.201000Z
sensor.greenpi_arduino_nano_roomtemp_temperature,31.91,2025-11-04T01:46:23.286000Z
sensor.greenpi_arduino_nano_roomtemp_temperature,31.83,2025-11-04T01:48:03.368000Z
sensor.greenpi_arduino_nano_roomtemp_temperature,31.75,2025-11-04T01:49:43.439000Z
sensor.greenpi_arduino_nano_roomtemp_temperature,31.66,2025-11-04T01:51:23.535000Z
sensor.greenpi_arduino_nano_roomtemp_temperature,31.61,2025-11-04T01:53:03.585000Z
sensor.greenpi_arduino_nano_roomtemp_temperature,31.53,2025-11-04T01:54:43.681000Z
sensor.greenpi_arduino_nano_roomtemp_temperature,31.46,2025-11-04T01:56:23.816000Z
sensor.greenpi_arduino_nano_roomtemp_temperature,31.39,2025-11-04T01:58:03.851000Z
sensor.greenpi_arduino_nano_roomtemp_temperature,31.33,2025-11-04T01:59:43.968000Z
sensor.greenpi_arduino_nano_roomtemp_temperature,31.27,2025-11-04T02:01:24.036000Z
sensor.greenpi_arduino_nano_roomtemp_temperature,31.2,2025-11-04T02:03:04.058000Z
sensor.greenpi_arduino_nano_roomtemp_temperature,31.15,2025-11-04T02:04:44.152000Z
sensor.greenpi_arduino_nano_roomtemp_temperature,31.09,2025-11-04T02:06:24.197000Z
sensor.greenpi_arduino_nano_roomtemp_temperature,31.01,2025-11-04T02:08:04.295000Z
sensor.greenpi_arduino_nano_roomtemp_temperature,30.97,2025-11-04T02:09:44.406000Z
sensor.greenpi_arduino_nano_roomtemp_temperature,30.93,2025-11-04T02:11:24.520000Z
sensor.greenpi_arduino_nano_roomtemp_temperature,30.86,2025-11-04T02:13:04.584000Z
sensor.greenpi_arduino_nano_roomtemp_temperature,30.8,2025-11-04T02:14:44.728000Z
sensor.greenpi_arduino_nano_roomtemp_temperature,30.74,2025-11-04T02:16:24.819000Z
sensor.greenpi_arduino_nano_roomtemp_temperature,30.69,2025-11-04T02:18:04.880000Z
sensor.greenpi_arduino_nano_roomtemp_temperature,30.64,2025-11-04T02:19:45.056000Z
sensor.greenpi_arduino_nano_roomtemp_temperature,30.59,2025-11-04T02:21:25.033000Z
sensor.greenpi_arduino_nano_roomtemp_temperature,30.56,2025-11-04T02:23:05.088000Z
sensor.greenpi_arduino_nano_roomtemp_temperature,30.5,2025-11-04T02:24:45.179000Z
sensor.greenpi_arduino_nano_roomtemp_temperature,30.46,2025-11-04T02:26:25.281000Z
sensor.greenpi_arduino_nano_roomtemp_temperature,30.39,2025-11-04T02:28:05.400000Z
sensor.greenpi_arduino_nano_roomtemp_temperature,30.35,2025-11-04T02:29:45.418000Z
sensor.greenpi_arduino_nano_roomtemp_temperature,30.31,2025-11-04T02:31:25.515000Z
sensor.greenpi_arduino_nano_roomtemp_temperature,30.26,2025-11-04T02:33:05.627000Z
sensor.greenpi_arduino_nano_roomtemp_temperature,30.22,2025-11-04T02:34:45.673000Z
sensor.greenpi_arduino_nano_roomtemp_temperature,30.17,2025-11-04T02:36:25.728000Z
sensor.greenpi_arduino_nano_roomtemp_temperature,30.13,2025-11-04T02:38:05.783000Z
sensor.greenpi_arduino_nano_roomtemp_temperature,30.09,2025-11-04T02:39:45.871000Z
sensor.greenpi_arduino_nano_roomtemp_temperature,30.05,2025-11-04T02:41:26.392000Z
sensor.greenpi_arduino_nano_roomtemp_temperature,30.0,2025-11-04T02:43:06.024000Z
sensor.greenpi_arduino_nano_roomtemp_temperature,29.94,2025-11-04T02:44:46.110000Z
sensor.greenpi_arduino_nano_roomtemp_temperature,29.93,2025-11-04T02:46:26.198000Z
sensor.greenpi_arduino_nano_roomtemp_temperature,29.87,2025-11-04T02:48:06.270000Z
sensor.greenpi_arduino_nano_roomtemp_temperature,29.85,2025-11-04T02:49:46.343000Z
sensor.greenpi_arduino_nano_roomtemp_temperature,29.78,2025-11-04T02:51:26.444000Z
sensor.greenpi_arduino_nano_roomtemp_temperature,29.75,2025-11-04T02:53:06.493000Z
sensor.greenpi_arduino_nano_roomtemp_temperature,29.69,2025-11-04T02:54:46.584000Z
sensor.greenpi_arduino_nano_roomtemp_temperature,29.66,2025-11-04T02:56:26.695000Z
sensor.greenpi_arduino_nano_roomtemp_temperature,29.62,2025-11-04T02:58:06.536000Z
sensor.greenpi_arduino_nano_roomtemp_temperature,29.58,2025-11-04T02:59:46.608000Z
sensor.greenpi_arduino_nano_roomtemp_temperature,29.55,2025-11-04T03:01:26.638000Z
sensor.greenpi_arduino_nano_roomtemp_temperature,29.51,2025-11-04T03:03:06.779000Z
sensor.greenpi_arduino_nano_roomtemp_temperature,29.48,2025-11-04T03:04:46.839000Z
sensor.greenpi_arduino_nano_roomtemp_temperature,29.44,2025-11-04T03:06:26.885000Z
sensor.greenpi_arduino_nano_roomtemp_temperature,29.4,2025-11-04T03:08:06.975000Z
sensor.greenpi_arduino_nano_roomtemp_temperature,29.36,2025-11-04T03:09:47.060000Z
sensor.greenpi_arduino_nano_roomtemp_temperature,29.35,2025-11-04T03:11:27.109000Z
sensor.greenpi_arduino_nano_roomtemp_temperature,29.31,2025-11-04T03:13:07.205000Z
sensor.greenpi_arduino_nano_roomtemp_temperature,29.26,2025-11-04T03:14:47.294000Z
sensor.greenpi_arduino_nano_roomtemp_temperature,29.25,2025-11-04T03:16:27.381000Z
sensor.greenpi_arduino_nano_roomtemp_temperature,29.21,2025-11-04T03:18:07.467000Z
sensor.greenpi_arduino_nano_roomtemp_temperature,29.14,2025-11-04T03:19:47.578000Z
sensor.greenpi_arduino_nano_roomtemp_temperature,29.13,2025-11-04T03:21:27.728000Z
sensor.greenpi_arduino_nano_roomtemp_temperature,29.1,2025-11-04T03:23:07.770000Z
sensor.greenpi_arduino_nano_roomtemp_temperature,29.07,2025-11-04T03:24:47.866000Z
sensor.greenpi_arduino_nano_roomtemp_temperature,29.03,2025-11-04T03:26:27.941000Z
sensor.greenpi_arduino_nano_roomtemp_temperature,29.02,2025-11-04T03:28:08.018000Z
sensor.greenpi_arduino_nano_roomtemp_temperature,28.98,2025-11-04T03:29:48.102000Z
sensor.greenpi_arduino_nano_roomtemp_temperature,28.95,2025-11-04T03:31:28.193000Z
sensor.greenpi_arduino_nano_roomtemp_temperature,28.91,2025-11-04T03:33:08.279000Z
sensor.greenpi_arduino_nano_roomtemp_temperature,28.88,2025-11-04T03:34:48.392000Z
sensor.greenpi_arduino_nano_roomtemp_temperature,28.85,2025-11-04T03:36:28.489000Z
sensor.greenpi_arduino_nano_roomtemp_temperature,28.83,2025-11-04T03:38:08.598000Z
sensor.greenpi_arduino_nano_roomtemp_temperature,28.8,2025-11-04T03:39:48.723000Z
sensor.greenpi_arduino_nano_roomtemp_temperature,28.76,2025-11-04T03:41:28.770000Z
sensor.greenpi_arduino_nano_roomtemp_temperature,28.73,2025-11-04T03:43:08.858000Z
sensor.greenpi_arduino_nano_roomtemp_temperature,28.72,2025-11-04T03:44:49.017000Z
sensor.greenpi_arduino_nano_roomtemp_temperature,28.68,2025-11-04T03:46:29.052000Z
sensor.greenpi_arduino_nano_roomtemp_temperature,28.65,2025-11-04T03:48:09.137000Z
sensor.greenpi_arduino_nano_roomtemp_temperature,28.62,2025-11-04T03:49:49.226000Z
sensor.greenpi_arduino_nano_roomtemp_temperature,28.59,2025-11-04T03:51:29.437000Z
sensor.greenpi_arduino_nano_roomtemp_temperature,28.55,2025-11-04T03:53:09.469000Z
sensor.greenpi_arduino_nano_roomtemp_temperature,28.54,2025-11-04T03:54:49.541000Z
sensor.greenpi_arduino_nano_roomtemp_temperature,28.51,2025-11-04T03:56:29.632000Z
sensor.greenpi_arduino_nano_roomtemp_temperature,28.48,2025-11-04T03:58:09.748000Z
sensor.greenpi_arduino_nano_roomtemp_temperature,28.46,2025-11-04T03:59:49.831000Z
sensor.greenpi_arduino_nano_roomtemp_temperature,28.43,2025-11-04T04:01:29.916000Z
sensor.greenpi_arduino_nano_roomtemp_temperature,28.41,2025-11-04T04:03:10.020000Z
sensor.greenpi_arduino_nano_roomtemp_temperature,28.38,2025-11-04T04:04:50.185000Z
sensor.greenpi_arduino_nano_roomtemp_temperature,28.34,2025-11-04T04:06:30.208000Z
sensor.greenpi_arduino_nano_roomtemp_temperature,28.31,2025-11-04T04:08:10.288000Z
sensor.greenpi_arduino_nano_roomtemp_temperature,28.3,2025-11-04T04:09:50.382000Z
sensor.greenpi_arduino_nano_roomtemp_temperature,28.25,2025-11-04T04:11:30.483000Z
sensor.greenpi_arduino_nano_roomtemp_temperature,28.24,2025-11-04T04:13:10.561000Z
sensor.greenpi_arduino_nano_roomtemp_temperature,28.21,2025-11-04T04:14:50.632000Z
sensor.greenpi_arduino_nano_roomtemp_temperature,28.19,2025-11-04T04:16:30.726000Z
sensor.greenpi_arduino_nano_roomtemp_temperature,28.16,2025-11-04T04:18:10.818000Z
sensor.greenpi_arduino_nano_roomtemp_temperature,28.14,2025-11-04T04:19:50.982000Z
sensor.greenpi_arduino_nano_roomtemp_temperature,28.12,2025-11-04T04:21:30.989000Z
sensor.greenpi_arduino_nano_roomtemp_temperature,28.09,2025-11-04T04:23:11.077000Z
sensor.greenpi_arduino_nano_roomtemp_temperature,28.06,2025-11-04T04:24:51.216000Z
sensor.greenpi_arduino_nano_roomtemp_temperature,28.04,2025-11-04T04:26:31.273000Z
sensor.greenpi_arduino_nano_roomtemp_temperature,28.01,2025-11-04T04:28:11.367000Z
sensor.greenpi_arduino_nano_roomtemp_temperature,27.99,2025-11-04T04:29:51.451000Z
sensor.greenpi_arduino_nano_roomtemp_temperature,27.97,2025-11-04T04:31:31.557000Z
sensor.greenpi_arduino_nano_roomtemp_temperature,27.95,2025-11-04T04:33:11.644000Z
sensor.greenpi_arduino_nano_roomtemp_temperature,27.93,2025-11-04T04:34:51.764000Z
sensor.greenpi_arduino_nano_roomtemp_temperature,27.9,2025-11-04T04:36:31.892000Z
sensor.greenpi_arduino_nano_roomtemp_temperature,27.88,2025-11-04T04:38:11.983000Z
sensor.greenpi_arduino_nano_roomtemp_temperature,27.86,2025-11-04T04:39:52.058000Z
sensor.greenpi_arduino_nano_roomtemp_temperature,27.84,2025-11-04T04:41:32.160000Z
sensor.greenpi_arduino_nano_roomtemp_temperature,27.83,2025-11-04T04:43:12.255000Z
sensor.greenpi_arduino_nano_roomtemp_temperature,27.82,2025-11-04T04:44:52.343000Z
sensor.greenpi_arduino_nano_roomtemp_temperature,27.77,2025-11-04T04:46:32.430000Z
sensor.greenpi_arduino_nano_roomtemp_temperature,27.76,2025-11-04T04:48:12.567000Z
sensor.greenpi_arduino_nano_roomtemp_temperature,27.73,2025-11-04T04:49:52.596000Z
sensor.greenpi_arduino_nano_roomtemp_temperature,27.71,2025-11-04T04:51:32.685000Z
sensor.greenpi_arduino_nano_roomtemp_temperature,27.69,2025-11-04T04:53:12.774000Z
sensor.greenpi_arduino_nano_roomtemp_temperature,27.68,2025-11-04T04:54:52.856000Z
sensor.greenpi_arduino_nano_roomtemp_temperature,27.65,2025-11-04T04:56:32.942000Z
sensor.greenpi_arduino_nano_roomtemp_temperature,27.62,2025-11-04T04:58:13.033000Z
sensor.greenpi_arduino_nano_roomtemp_temperature,27.6,2025-11-04T04:59:53.121000Z
sensor.greenpi_arduino_nano_roomtemp_temperature,27.58,2025-11-04T05:03:13.321000Z
sensor.greenpi_arduino_nano_roomtemp_temperature,27.54,2025-11-04T05:04:53.404000Z
sensor.greenpi_arduino_nano_roomtemp_temperature,27.51,2025-11-04T05:08:13.575000Z
sensor.greenpi_arduino_nano_roomtemp_temperature,27.49,2025-11-04T05:09:53.676000Z
sensor.greenpi_arduino_nano_roomtemp_temperature,27.47,2025-11-04T05:11:33.786000Z
sensor.greenpi_arduino_nano_roomtemp_temperature,27.46,2025-11-04T05:13:13.921000Z
sensor.greenpi_arduino_nano_roomtemp_temperature,27.45,2025-11-04T05:14:53.989000Z
sensor.greenpi_arduino_nano_roomtemp_temperature,27.42,2025-11-04T05:16:34.073000Z
sensor.greenpi_arduino_nano_roomtemp_temperature,27.41,2025-11-04T05:18:14.152000Z
sensor.greenpi_arduino_nano_roomtemp_temperature,27.38,2025-11-04T05:19:54.234000Z
sensor.greenpi_arduino_nano_roomtemp_temperature,27.35,2025-11-04T05:21:34.329000Z
sensor.greenpi_arduino_nano_roomtemp_temperature,27.34,2025-11-04T05:24:54.535000Z
sensor.greenpi_arduino_nano_roomtemp_temperature,27.31,2025-11-04T05:26:34.603000Z
sensor.greenpi_arduino_nano_roomtemp_temperature,27.28,2025-11-04T05:28:14.753000Z
sensor.greenpi_arduino_nano_roomtemp_temperature,27.25,2025-11-04T05:31:34.871000Z
sensor.greenpi_arduino_nano_roomtemp_temperature,27.24,2025-11-04T05:33:15.007000Z
sensor.greenpi_arduino_nano_roomtemp_temperature,27.23,2025-11-04T05:34:55.061000Z
sensor.greenpi_arduino_nano_roomtemp_temperature,27.21,2025-11-04T05:36:35.150000Z
sensor.greenpi_arduino_nano_roomtemp_temperature,27.19,2025-11-04T05:38:15.251000Z
sensor.greenpi_arduino_nano_roomtemp_temperature,27.16,2025-11-04T05:41:35.419000Z
sensor.greenpi_arduino_nano_roomtemp_temperature,27.13,2025-11-04T05:44:55.602000Z
sensor.greenpi_arduino_nano_roomtemp_temperature,27.12,2025-11-04T05:46:35.689000Z
sensor.greenpi_arduino_nano_roomtemp_temperature,27.09,2025-11-04T05:48:15.815000Z
sensor.greenpi_arduino_nano_roomtemp_temperature,27.08,2025-11-04T05:49:55.868000Z
sensor.greenpi_arduino_nano_roomtemp_temperature,27.06,2025-11-04T05:51:35.964000Z
sensor.greenpi_arduino_nano_roomtemp_temperature,27.04,2025-11-04T05:54:56.158000Z
sensor.greenpi_arduino_nano_roomtemp_temperature,27.02,2025-11-04T05:56:36.328000Z
sensor.greenpi_arduino_nano_roomtemp_temperature,26.98,2025-11-04T05:58:16.407000Z
sensor.greenpi_arduino_nano_roomtemp_temperature,26.97,2025-11-04T05:59:56.466000Z
sensor.greenpi_arduino_nano_roomtemp_temperature,26.96,2025-11-04T06:01:36.538000Z
sensor.greenpi_arduino_nano_roomtemp_temperature,26.93,2025-11-04T06:03:16.618000Z
sensor.greenpi_arduino_nano_roomtemp_temperature,26.92,2025-11-04T06:04:56.712000Z
sensor.greenpi_arduino_nano_roomtemp_temperature,26.89,2025-11-04T06:06:36.792000Z
sensor.greenpi_arduino_nano_roomtemp_temperature,26.88,2025-11-04T06:09:56.984000Z
sensor.greenpi_arduino_nano_roomtemp_temperature,26.85,2025-11-04T06:11:37.070000Z
sensor.greenpi_arduino_nano_roomtemp_temperature,26.82,2025-11-04T06:14:57.332000Z
sensor.greenpi_arduino_nano_roomtemp_temperature,26.81,2025-11-04T06:16:37.370000Z
sensor.greenpi_arduino_nano_roomtemp_temperature,26.8,2025-11-04T06:18:17.465000Z
sensor.greenpi_arduino_nano_roomtemp_temperature,26.78,2025-11-04T06:19:57.516000Z
sensor.greenpi_arduino_nano_roomtemp_temperature,26.77,2025-11-04T06:21:37.610000Z
sensor.greenpi_arduino_nano_roomtemp_temperature,26.76,2025-11-04T06:23:17.705000Z
sensor.greenpi_arduino_nano_roomtemp_temperature,26.74,2025-11-04T06:24:57.753000Z
sensor.greenpi_arduino_nano_roomtemp_temperature,26.73,2025-11-04T06:26:37.831000Z
sensor.greenpi_arduino_nano_roomtemp_temperature,26.7,2025-11-04T06:29:58.002000Z
sensor.greenpi_arduino_nano_roomtemp_temperature,26.69,2025-11-04T06:31:38.118000Z
sensor.greenpi_arduino_nano_roomtemp_temperature,26.67,2025-11-04T06:33:18.226000Z
sensor.greenpi_arduino_nano_roomtemp_temperature,26.65,2025-11-04T06:34:58.302000Z
sensor.greenpi_arduino_nano_roomtemp_temperature,26.63,2025-11-04T06:36:38.396000Z
sensor.greenpi_arduino_nano_roomtemp_temperature,26.62,2025-11-04T06:38:18.493000Z
sensor.greenpi_arduino_nano_roomtemp_temperature,26.6,2025-11-04T06:41:38.666000Z
sensor.greenpi_arduino_nano_roomtemp_temperature,26.58,2025-11-04T06:44:58.873000Z
sensor.greenpi_arduino_nano_roomtemp_temperature,26.55,2025-11-04T06:48:19.068000Z
sensor.greenpi_arduino_nano_roomtemp_temperature,26.52,2025-11-04T06:49:59.129000Z
sensor.greenpi_arduino_nano_roomtemp_temperature,26.54,2025-11-04T06:51:39.222000Z
sensor.greenpi_arduino_nano_roomtemp_temperature,26.51,2025-11-04T06:53:19.309000Z
sensor.greenpi_arduino_nano_roomtemp_temperature,26.48,2025-11-04T06:56:39.502000Z
sensor.greenpi_arduino_nano_roomtemp_temperature,26.47,2025-11-04T07:01:39.779000Z
sensor.greenpi_arduino_nano_roomtemp_temperature,26.45,2025-11-04T07:03:19.886000Z
sensor.greenpi_arduino_nano_roomtemp_temperature,26.44,2025-11-04T07:04:59.935000Z
sensor.greenpi_arduino_nano_roomtemp_temperature,26.43,2025-11-04T07:06:40.037000Z
sensor.greenpi_arduino_nano_roomtemp_temperature,26.4,2025-11-04T07:10:00.242000Z
sensor.greenpi_arduino_nano_roomtemp_temperature,26.39,2025-11-04T07:11:40.292000Z
sensor.greenpi_arduino_nano_roomtemp_temperature,26.37,2025-11-04T07:13:20.381000Z
sensor.greenpi_arduino_nano_roomtemp_temperature,26.36,2025-11-04T07:16:40.579000Z
sensor.greenpi_arduino_nano_roomtemp_temperature,26.34,2025-11-04T07:18:20.667000Z
sensor.greenpi_arduino_nano_roomtemp_temperature,26.33,2025-11-04T07:20:00.758000Z
sensor.greenpi_arduino_nano_roomtemp_temperature,26.32,2025-11-04T07:21:40.847000Z
sensor.greenpi_arduino_nano_roomtemp_temperature,26.29,2025-11-04T07:25:01.024000Z
sensor.greenpi_arduino_nano_roomtemp_temperature,26.28,2025-11-04T07:26:41.113000Z
sensor.greenpi_arduino_nano_roomtemp_temperature,26.26,2025-11-04T07:30:01.294000Z
sensor.greenpi_arduino_nano_roomtemp_temperature,26.25,2025-11-04T07:31:41.435000Z
sensor.greenpi_arduino_nano_roomtemp_temperature,26.23,2025-11-04T07:33:21.481000Z
sensor.greenpi_arduino_nano_roomtemp_temperature,26.22,2025-11-04T07:35:01.566000Z
sensor.greenpi_arduino_nano_roomtemp_temperature,26.21,2025-11-04T07:38:21.742000Z
sensor.greenpi_arduino_nano_roomtemp_temperature,26.19,2025-11-04T07:40:01.834000Z
sensor.greenpi_arduino_nano_roomtemp_temperature,26.18,2025-11-04T07:43:22.024000Z
sensor.greenpi_arduino_nano_roomtemp_temperature,26.17,2025-11-04T07:45:02.069000Z
sensor.greenpi_arduino_nano_roomtemp_temperature,26.15,2025-11-04T07:48:22.244000Z
sensor.greenpi_arduino_nano_roomtemp_temperature,26.13,2025-11-04T07:50:02.326000Z
sensor.greenpi_arduino_nano_roomtemp_temperature,26.11,2025-11-04T07:51:42.432000Z
sensor.greenpi_arduino_nano_roomtemp_temperature,26.1,2025-11-04T07:56:42.655000Z
sensor.greenpi_arduino_nano_roomtemp_temperature,26.08,2025-11-04T07:58:22.748000Z
sensor.greenpi_arduino_nano_roomtemp_temperature,26.07,2025-11-04T08:00:02.802000Z
sensor.greenpi_arduino_nano_roomtemp_temperature,26.04,2025-11-04T08:05:03.021000Z
sensor.greenpi_arduino_nano_roomtemp_temperature,26.02,2025-11-04T08:10:03.261000Z
sensor.greenpi_arduino_nano_roomtemp_temperature,26.03,2025-11-04T08:11:43.370000Z
sensor.greenpi_arduino_nano_roomtemp_temperature,26.0,2025-11-04T08:13:23.452000Z
sensor.greenpi_arduino_nano_roomtemp_temperature,25.99,2025-11-04T08:16:43.591000Z
sensor.greenpi_arduino_nano_roomtemp_temperature,25.97,2025-11-04T08:18:23.682000Z
sensor.greenpi_arduino_nano_roomtemp_temperature,25.96,2025-11-04T08:20:03.735000Z
sensor.greenpi_arduino_nano_roomtemp_temperature,25.95,2025-11-04T08:23:23.913000Z
sensor.greenpi_arduino_nano_roomtemp_temperature,25.93,2025-11-04T08:26:44.080000Z
sensor.greenpi_arduino_nano_roomtemp_temperature,25.92,2025-11-04T08:28:24.153000Z
sensor.greenpi_arduino_nano_roomtemp_temperature,25.91,2025-11-04T08:31:44.380000Z
sensor.greenpi_arduino_nano_roomtemp_temperature,25.89,2025-11-04T08:35:04.470000Z
sensor.greenpi_arduino_nano_roomtemp_temperature,25.88,2025-11-04T08:38:24.734000Z
sensor.greenpi_arduino_nano_roomtemp_temperature,25.87,2025-11-04T08:41:44.779000Z
sensor.greenpi_arduino_nano_roomtemp_temperature,25.84,2025-11-04T08:45:04.954000Z
sensor.greenpi_arduino_nano_roomtemp_temperature,25.85,2025-11-04T08:46:45.020000Z
sensor.greenpi_arduino_nano_roomtemp_temperature,25.82,2025-11-04T08:48:25.136000Z
sensor.greenpi_arduino_nano_roomtemp_temperature,25.81,2025-11-04T08:53:25.322000Z
sensor.greenpi_arduino_nano_roomtemp_temperature,25.8,2025-11-04T08:56:45.470000Z
sensor.greenpi_arduino_nano_roomtemp_temperature,25.82,2025-11-04T09:00:05.709000Z
sensor.greenpi_arduino_nano_roomtemp_temperature,26.91,2025-11-04T09:01:46.148000Z
sensor.greenpi_arduino_nano_roomtemp_temperature,27.73,2025-11-04T09:03:25.834000Z
sensor.greenpi_arduino_nano_roomtemp_temperature,28.35,2025-11-04T09:05:05.857000Z
sensor.greenpi_arduino_nano_roomtemp_temperature,28.84,2025-11-04T09:06:46.172000Z
sensor.greenpi_arduino_nano_roomtemp_temperature,29.22,2025-11-04T09:08:26.271000Z
sensor.greenpi_arduino_nano_roomtemp_temperature,29.52,2025-11-04T09:10:06.923000Z
sensor.greenpi_arduino_nano_roomtemp_temperature,29.79,2025-11-04T09:11:46.787000Z
sensor.greenpi_arduino_nano_roomtemp_temperature,30.02,2025-11-04T09:13:26.286000Z
sensor.greenpi_arduino_nano_roomtemp_temperature,30.22,2025-11-04T09:15:06.304000Z
sensor.greenpi_arduino_nano_roomtemp_temperature,30.39,2025-11-04T09:16:46.656000Z
sensor.greenpi_arduino_nano_roomtemp_temperature,30.48,2025-11-04T09:18:26.508000Z
sensor.greenpi_arduino_nano_roomtemp_temperature,30.65,2025-11-04T09:20:06.593000Z
sensor.greenpi_arduino_nano_roomtemp_temperature,30.75,2025-11-04T09:21:46.714000Z
sensor.greenpi_arduino_nano_roomtemp_temperature,30.89,2025-11-04T09:23:26.772000Z
sensor.greenpi_arduino_nano_roomtemp_temperature,30.97,2025-11-04T09:25:08.007000Z
sensor.greenpi_arduino_nano_roomtemp_temperature,31.11,2025-11-04T09:26:47.107000Z
sensor.greenpi_arduino_nano_roomtemp_temperature,31.2,2025-11-04T09:28:27.112000Z
sensor.greenpi_arduino_nano_roomtemp_temperature,31.29,2025-11-04T09:30:07.137000Z
sensor.greenpi_arduino_nano_roomtemp_temperature,31.33,2025-11-04T09:31:47.228000Z
sensor.greenpi_arduino_nano_roomtemp_temperature,31.38,2025-11-04T09:33:27.310000Z
sensor.greenpi_arduino_nano_roomtemp_temperature,31.49,2025-11-04T09:35:07.393000Z
sensor.greenpi_arduino_nano_roomtemp_temperature,31.54,2025-11-04T09:36:47.477000Z
sensor.greenpi_arduino_nano_roomtemp_temperature,31.58,2025-11-04T09:38:27.567000Z
sensor.greenpi_arduino_nano_roomtemp_temperature,31.64,2025-11-04T09:40:07.657000Z
sensor.greenpi_arduino_nano_roomtemp_temperature,31.69,2025-11-04T09:41:47.829000Z
sensor.greenpi_arduino_nano_roomtemp_temperature,31.76,2025-11-04T09:43:28.450000Z
sensor.greenpi_arduino_nano_roomtemp_temperature,31.84,2025-11-04T09:45:08.544000Z
sensor.greenpi_arduino_nano_roomtemp_temperature,31.83,2025-11-04T09:46:48.031000Z
sensor.greenpi_arduino_nano_roomtemp_temperature,31.9,2025-11-04T09:48:28.110000Z
sensor.greenpi_arduino_nano_roomtemp_temperature,31.92,2025-11-04T09:50:08.207000Z
sensor.greenpi_arduino_nano_roomtemp_temperature,31.99,2025-11-04T09:51:48.292000Z
sensor.greenpi_arduino_nano_roomtemp_temperature,32.02,2025-11-04T09:53:29.190000Z
sensor.greenpi_arduino_nano_roomtemp_temperature,32.06,2025-11-04T09:55:08.675000Z
sensor.greenpi_arduino_nano_roomtemp_temperature,32.1,2025-11-04T09:56:48.645000Z
sensor.greenpi_arduino_nano_roomtemp_temperature,32.13,2025-11-04T09:58:28.757000Z
sensor.greenpi_arduino_nano_roomtemp_temperature,32.16,2025-11-04T10:00:08.776000Z
sensor.greenpi_arduino_nano_roomtemp_temperature,32.22,2025-11-04T10:01:48.834000Z
sensor.greenpi_arduino_nano_roomtemp_temperature,32.24,2025-11-04T10:03:29.499000Z
sensor.greenpi_arduino_nano_roomtemp_temperature,32.27,2025-11-04T10:05:09.065000Z
sensor.greenpi_arduino_nano_roomtemp_temperature,32.28,2025-11-04T10:06:49.095000Z
sensor.greenpi_arduino_nano_roomtemp_temperature,32.33,2025-11-04T10:08:29.186000Z
sensor.greenpi_arduino_nano_roomtemp_temperature,32.36,2025-11-04T10:10:09.931000Z
sensor.greenpi_arduino_nano_roomtemp_temperature,32.39,2025-11-04T10:11:49.460000Z
sensor.greenpi_arduino_nano_roomtemp_temperature,32.42,2025-11-04T10:16:49.669000Z
sensor.greenpi_arduino_nano_roomtemp_temperature,32.48,2025-11-04T10:18:39.800000Z
sensor.greenpi_arduino_nano_roomtemp_temperature,32.5,2025-11-04T10:20:09.832000Z
sensor.greenpi_arduino_nano_roomtemp_temperature,32.51,2025-11-04T10:21:49.887000Z
sensor.greenpi_arduino_nano_roomtemp_temperature,32.53,2025-11-04T10:23:30.066000Z
sensor.greenpi_arduino_nano_roomtemp_temperature,32.58,2025-11-04T10:25:10.165000Z
sensor.greenpi_arduino_nano_roomtemp_temperature,32.62,2025-11-04T10:26:50.337000Z
sensor.greenpi_arduino_nano_roomtemp_temperature,32.67,2025-11-04T10:30:10.329000Z
sensor.greenpi_arduino_nano_roomtemp_temperature,32.69,2025-11-04T10:31:50.412000Z
sensor.greenpi_arduino_nano_roomtemp_temperature,32.7,2025-11-04T10:33:33.193000Z
sensor.greenpi_arduino_nano_roomtemp_temperature,32.71,2025-11-04T10:35:10.610000Z
sensor.greenpi_arduino_nano_roomtemp_temperature,32.73,2025-11-04T10:36:50.715000Z
sensor.greenpi_arduino_nano_roomtemp_temperature,32.77,2025-11-04T10:38:30.835000Z
sensor.greenpi_arduino_nano_roomtemp_temperature,32.78,2025-11-04T10:40:10.923000Z
sensor.greenpi_arduino_nano_roomtemp_temperature,32.82,2025-11-04T10:41:53.797000Z
sensor.greenpi_arduino_nano_roomtemp_temperature,32.84,2025-11-04T10:43:31.111000Z
sensor.greenpi_arduino_nano_roomtemp_temperature,32.86,2025-11-04T10:45:11.206000Z
sensor.greenpi_arduino_nano_roomtemp_temperature,32.89,2025-11-04T10:46:56.903000Z
sensor.greenpi_arduino_nano_roomtemp_temperature,32.91,2025-11-04T10:48:31.389000Z
sensor.greenpi_arduino_nano_roomtemp_temperature,32.93,2025-11-04T10:50:11.478000Z
sensor.greenpi_arduino_nano_roomtemp_temperature,32.95,2025-11-04T10:51:51.603000Z
sensor.greenpi_arduino_nano_roomtemp_temperature,32.99,2025-11-04T10:56:51.838000Z
sensor.greenpi_arduino_nano_roomtemp_temperature,33.0,2025-11-04T10:58:32.009000Z
sensor.greenpi_arduino_nano_roomtemp_temperature,32.92,2025-11-04T11:01:52.068000Z
sensor.greenpi_arduino_nano_roomtemp_temperature,33.03,2025-11-04T11:03:32.259000Z
sensor.greenpi_arduino_nano_roomtemp_temperature,33.1,2025-11-04T11:05:12.348000Z
sensor.greenpi_arduino_nano_roomtemp_temperature,33.08,2025-11-04T11:06:52.343000Z
sensor.greenpi_arduino_nano_roomtemp_temperature,33.12,2025-11-04T11:08:32.395000Z
sensor.greenpi_arduino_nano_roomtemp_temperature,33.1,2025-11-04T11:10:12.497000Z
sensor.greenpi_arduino_nano_roomtemp_temperature,33.17,2025-11-04T11:13:32.655000Z
sensor.greenpi_arduino_nano_roomtemp_temperature,33.15,2025-11-04T11:15:12.702000Z
sensor.greenpi_arduino_nano_roomtemp_temperature,33.19,2025-11-04T11:16:52.804000Z
sensor.greenpi_arduino_nano_roomtemp_temperature,33.15,2025-11-04T11:18:32.892000Z
sensor.greenpi_arduino_nano_roomtemp_temperature,33.18,2025-11-04T11:20:12.973000Z
sensor.greenpi_arduino_nano_roomtemp_temperature,33.22,2025-11-04T11:21:53.077000Z
sensor.greenpi_arduino_nano_roomtemp_temperature,33.29,2025-11-04T11:25:13.296000Z
sensor.greenpi_arduino_nano_roomtemp_temperature,33.25,2025-11-04T11:26:53.364000Z
sensor.greenpi_arduino_nano_roomtemp_temperature,33.26,2025-11-04T11:28:33.472000Z
sensor.greenpi_arduino_nano_roomtemp_temperature,33.3,2025-11-04T11:30:13.552000Z
sensor.greenpi_arduino_nano_roomtemp_temperature,33.33,2025-11-04T11:31:53.632000Z
sensor.greenpi_arduino_nano_roomtemp_temperature,33.32,2025-11-04T11:33:33.773000Z
sensor.greenpi_arduino_nano_roomtemp_temperature,33.34,2025-11-04T11:35:13.823000Z
sensor.greenpi_arduino_nano_roomtemp_temperature,33.37,2025-11-04T11:38:34.065000Z
sensor.greenpi_arduino_nano_roomtemp_temperature,33.39,2025-11-04T11:40:14.124000Z
sensor.greenpi_arduino_nano_roomtemp_temperature,33.4,2025-11-04T11:41:54.166000Z
sensor.greenpi_arduino_nano_roomtemp_temperature,33.43,2025-11-04T11:43:34.280000Z
sensor.greenpi_arduino_nano_roomtemp_temperature,33.41,2025-11-04T11:45:14.399000Z
sensor.greenpi_arduino_nano_roomtemp_temperature,33.47,2025-11-04T11:46:54.420000Z
sensor.greenpi_arduino_nano_roomtemp_temperature,33.45,2025-11-04T11:48:34.510000Z
sensor.greenpi_arduino_nano_roomtemp_temperature,33.47,2025-11-04T11:53:34.753000Z
sensor.greenpi_arduino_nano_roomtemp_temperature,33.51,2025-11-04T11:55:14.867000Z
sensor.greenpi_arduino_nano_roomtemp_temperature,33.47,2025-11-04T11:56:54.953000Z
sensor.greenpi_arduino_nano_roomtemp_temperature,33.52,2025-11-04T11:58:35.135000Z
sensor.greenpi_arduino_nano_roomtemp_temperature,33.54,2025-11-04T12:00:15.214000Z
sensor.greenpi_arduino_nano_roomtemp_temperature,33.55,2025-11-04T12:01:55.313000Z
sensor.greenpi_arduino_nano_roomtemp_temperature,33.58,2025-11-04T12:06:55.570000Z
sensor.greenpi_arduino_nano_roomtemp_temperature,33.59,2025-11-04T12:08:36.292000Z
sensor.greenpi_arduino_nano_roomtemp_temperature,33.6,2025-11-04T12:11:55.763000Z
sensor.greenpi_arduino_nano_roomtemp_temperature,33.65,2025-11-04T12:15:15.971000Z
sensor.greenpi_arduino_nano_roomtemp_temperature,33.63,2025-11-04T12:16:58.296000Z
sensor.greenpi_arduino_nano_roomtemp_temperature,33.66,2025-11-04T12:18:36.130000Z
sensor.greenpi_arduino_nano_roomtemp_temperature,33.65,2025-11-04T12:20:16.304000Z
sensor.greenpi_arduino_nano_roomtemp_temperature,33.66,2025-11-04T12:21:56.395000Z
sensor.greenpi_arduino_nano_roomtemp_temperature,33.67,2025-11-04T12:25:16.495000Z
sensor.greenpi_arduino_nano_roomtemp_temperature,33.71,2025-11-04T12:26:56.588000Z
sensor.greenpi_arduino_nano_roomtemp_temperature,33.7,2025-11-04T12:28:36.677000Z
sensor.greenpi_arduino_nano_roomtemp_temperature,33.69,2025-11-04T12:30:16.763000Z
sensor.greenpi_arduino_nano_roomtemp_temperature,33.75,2025-11-04T12:31:56.849000Z
sensor.greenpi_arduino_nano_roomtemp_temperature,33.78,2025-11-04T12:35:17.032000Z
sensor.greenpi_arduino_nano_roomtemp_temperature,33.73,2025-11-04T12:36:57.184000Z
sensor.greenpi_arduino_nano_roomtemp_temperature,33.77,2025-11-04T12:40:17.299000Z
sensor.greenpi_arduino_nano_roomtemp_temperature,33.82,2025-11-04T12:45:17.543000Z
sensor.greenpi_arduino_nano_roomtemp_temperature,33.78,2025-11-04T12:46:57.637000Z
sensor.greenpi_arduino_nano_roomtemp_temperature,33.77,2025-11-04T12:48:37.742000Z
sensor.greenpi_arduino_nano_roomtemp_temperature,33.81,2025-11-04T12:50:17.815000Z
sensor.greenpi_arduino_nano_roomtemp_temperature,33.8,2025-11-04T12:51:57.906000Z
sensor.greenpi_arduino_nano_roomtemp_temperature,33.85,2025-11-04T12:53:37.997000Z
sensor.greenpi_arduino_nano_roomtemp_temperature,33.84,2025-11-04T12:55:18.082000Z
sensor.greenpi_arduino_nano_roomtemp_temperature,33.88,2025-11-04T12:56:58.243000Z
sensor.greenpi_arduino_nano_roomtemp_temperature,33.85,2025-11-04T12:58:38.246000Z
sensor.greenpi_arduino_nano_roomtemp_temperature,33.89,2025-11-04T13:00:18.297000Z
sensor.greenpi_arduino_nano_roomtemp_temperature,33.85,2025-11-04T13:01:58.388000Z
sensor.greenpi_arduino_nano_roomtemp_temperature,33.89,2025-11-04T13:03:38.478000Z
sensor.greenpi_arduino_nano_roomtemp_temperature,33.93,2025-11-04T13:06:58.659000Z
sensor.greenpi_arduino_nano_roomtemp_temperature,33.95,2025-11-04T13:08:38.728000Z
sensor.greenpi_arduino_nano_roomtemp_temperature,33.93,2025-11-04T13:10:18.821000Z
sensor.greenpi_arduino_nano_roomtemp_temperature,33.95,2025-11-04T13:15:19.056000Z
sensor.greenpi_arduino_nano_roomtemp_temperature,33.91,2025-11-04T13:16:59.157000Z
sensor.greenpi_arduino_nano_roomtemp_temperature,33.93,2025-11-04T13:18:39.259000Z
sensor.greenpi_arduino_nano_roomtemp_temperature,33.95,2025-11-04T13:20:19.329000Z
sensor.greenpi_arduino_nano_roomtemp_temperature,33.99,2025-11-04T13:21:59.436000Z
sensor.greenpi_arduino_nano_roomtemp_temperature,33.97,2025-11-04T13:23:39.546000Z
sensor.greenpi_arduino_nano_roomtemp_temperature,33.99,2025-11-04T13:26:59.706000Z
sensor.greenpi_arduino_nano_roomtemp_temperature,33.96,2025-11-04T13:28:39.800000Z
sensor.greenpi_arduino_nano_roomtemp_temperature,33.97,2025-11-04T13:30:19.944000Z
sensor.greenpi_arduino_nano_roomtemp_temperature,34.0,2025-11-04T13:31:59.983000Z
sensor.greenpi_arduino_nano_roomtemp_temperature,34.03,2025-11-04T13:33:40.139000Z
sensor.greenpi_arduino_nano_roomtemp_temperature,34.02,2025-11-04T13:35:20.141000Z
sensor.greenpi_arduino_nano_roomtemp_temperature,34.03,2025-11-04T13:37:00.210000Z
sensor.greenpi_arduino_nano_roomtemp_temperature,34.02,2025-11-04T13:38:40.312000Z
sensor.greenpi_arduino_nano_roomtemp_temperature,34.05,2025-11-04T13:42:00.496000Z
sensor.greenpi_arduino_nano_roomtemp_temperature,34.08,2025-11-04T13:43:40.653000Z
sensor.greenpi_arduino_nano_roomtemp_temperature,34.07,2025-11-04T13:45:20.746000Z
sensor.greenpi_arduino_nano_roomtemp_temperature,34.08,2025-11-04T13:47:00.751000Z
sensor.greenpi_arduino_nano_roomtemp_temperature,34.09,2025-11-04T13:48:40.839000Z
sensor.greenpi_arduino_nano_roomtemp_temperature,34.08,2025-11-04T13:53:41.118000Z
sensor.greenpi_arduino_nano_roomtemp_temperature,34.11,2025-11-04T13:55:21.201000Z
sensor.greenpi_arduino_nano_roomtemp_temperature,34.13,2025-11-04T13:57:01.301000Z
sensor.greenpi_arduino_nano_roomtemp_temperature,34.09,2025-11-04T13:58:41.389000Z
sensor.greenpi_arduino_nano_roomtemp_temperature,34.13,2025-11-04T14:00:21.481000Z
sensor.greenpi_arduino_nano_roomtemp_temperature,34.12,2025-11-04T14:02:01.651000Z
sensor.greenpi_arduino_nano_roomtemp_temperature,34.07,2025-11-04T14:03:41.665000Z
sensor.greenpi_arduino_nano_roomtemp_temperature,34.11,2025-11-04T14:05:21.758000Z
sensor.greenpi_arduino_nano_roomtemp_temperature,34.12,2025-11-04T14:07:01.904000Z
sensor.greenpi_arduino_nano_roomtemp_temperature,34.15,2025-11-04T14:08:42.028000Z
sensor.greenpi_arduino_nano_roomtemp_temperature,34.16,2025-11-04T14:10:22.131000Z
sensor.greenpi_arduino_nano_roomtemp_temperature,34.19,2025-11-04T14:12:02.051000Z
sensor.greenpi_arduino_nano_roomtemp_temperature,34.16,2025-11-04T14:13:42.148000Z
sensor.greenpi_arduino_nano_roomtemp_temperature,34.18,2025-11-04T14:15:22.250000Z
sensor.greenpi_arduino_nano_roomtemp_temperature,34.23,2025-11-04T14:17:02.303000Z
sensor.greenpi_arduino_nano_roomtemp_temperature,34.2,2025-11-04T14:18:42.403000Z
sensor.greenpi_arduino_nano_roomtemp_temperature,34.19,2025-11-04T14:20:22.494000Z
sensor.greenpi_arduino_nano_roomtemp_temperature,34.16,2025-11-04T14:22:02.545000Z
sensor.greenpi_arduino_nano_roomtemp_temperature,34.13,2025-11-04T14:23:42.638000Z
sensor.greenpi_arduino_nano_roomtemp_temperature,34.19,2025-11-04T14:25:22.715000Z
sensor.greenpi_arduino_nano_roomtemp_temperature,34.2,2025-11-04T14:32:03.014000Z
sensor.greenpi_arduino_nano_roomtemp_temperature,34.15,2025-11-04T14:33:43.096000Z
sensor.greenpi_arduino_nano_roomtemp_temperature,34.23,2025-11-04T14:35:23.212000Z
sensor.greenpi_arduino_nano_roomtemp_temperature,34.24,2025-11-04T14:37:03.303000Z
sensor.greenpi_arduino_nano_roomtemp_temperature,34.18,2025-11-04T14:40:23.418000Z
sensor.greenpi_arduino_nano_roomtemp_temperature,34.2,2025-11-04T14:42:03.475000Z
sensor.greenpi_arduino_nano_roomtemp_temperature,34.22,2025-11-04T14:43:43.563000Z
sensor.greenpi_arduino_nano_roomtemp_temperature,34.23,2025-11-04T14:45:23.620000Z
sensor.greenpi_arduino_nano_roomtemp_temperature,34.27,2025-11-04T14:47:03.668000Z
sensor.greenpi_arduino_nano_roomtemp_temperature,34.19,2025-11-04T14:48:43.768000Z
sensor.greenpi_arduino_nano_roomtemp_temperature,34.2,2025-11-04T14:50:23.871000Z
sensor.greenpi_arduino_nano_roomtemp_temperature,34.26,2025-11-04T14:52:10.355000Z
sensor.greenpi_arduino_nano_roomtemp_temperature,34.24,2025-11-04T14:53:44.015000Z
sensor.greenpi_arduino_nano_roomtemp_temperature,34.26,2025-11-04T14:55:24.107000Z
sensor.greenpi_arduino_nano_roomtemp_temperature,34.31,2025-11-04T14:58:44.230000Z
sensor.greenpi_arduino_nano_roomtemp_temperature,34.27,2025-11-04T15:00:24.328000Z
sensor.greenpi_arduino_nano_roomtemp_temperature,34.29,2025-11-04T15:02:04.441000Z
sensor.greenpi_arduino_nano_roomtemp_temperature,34.3,2025-11-04T15:03:44.436000Z
sensor.greenpi_arduino_nano_roomtemp_temperature,34.29,2025-11-04T15:05:24.543000Z
sensor.greenpi_arduino_nano_roomtemp_temperature,34.26,2025-11-04T15:07:04.589000Z
sensor.greenpi_arduino_nano_roomtemp_temperature,34.3,2025-11-04T15:08:44.698000Z
sensor.greenpi_arduino_nano_roomtemp_temperature,34.31,2025-11-04T15:10:24.748000Z
sensor.greenpi_arduino_nano_roomtemp_temperature,34.3,2025-11-04T15:12:04.796000Z
sensor.greenpi_arduino_nano_roomtemp_temperature,34.33,2025-11-04T15:13:44.880000Z
sensor.greenpi_arduino_nano_roomtemp_temperature,34.31,2025-11-04T15:15:24.965000Z
sensor.greenpi_arduino_nano_roomtemp_temperature,34.35,2025-11-04T15:17:05.020000Z
sensor.greenpi_arduino_nano_roomtemp_temperature,34.3,2025-11-04T15:18:45.100000Z
sensor.greenpi_arduino_nano_roomtemp_temperature,34.34,2025-11-04T15:20:25.184000Z
sensor.greenpi_arduino_nano_roomtemp_temperature,34.31,2025-11-04T15:22:05.240000Z
sensor.greenpi_arduino_nano_roomtemp_temperature,34.29,2025-11-04T15:27:05.474000Z
sensor.greenpi_arduino_nano_roomtemp_temperature,34.26,2025-11-04T15:28:45.551000Z
sensor.greenpi_arduino_nano_roomtemp_temperature,34.27,2025-11-04T15:32:05.681000Z
sensor.greenpi_arduino_nano_roomtemp_temperature,34.31,2025-11-04T15:33:45.767000Z
sensor.greenpi_arduino_nano_roomtemp_temperature,34.34,2025-11-04T15:35:25.864000Z
sensor.greenpi_arduino_nano_roomtemp_temperature,34.39,2025-11-04T15:37:05.915000Z
sensor.greenpi_arduino_nano_roomtemp_temperature,34.31,2025-11-04T15:38:46.004000Z
sensor.greenpi_arduino_nano_roomtemp_temperature,34.3,2025-11-04T15:40:26.087000Z
sensor.greenpi_arduino_nano_roomtemp_temperature,34.33,2025-11-04T15:42:06.142000Z
sensor.greenpi_arduino_nano_roomtemp_temperature,34.35,2025-11-04T15:43:46.226000Z
sensor.greenpi_arduino_nano_roomtemp_temperature,34.3,2025-11-04T15:45:26.313000Z
sensor.greenpi_arduino_nano_roomtemp_temperature,34.33,2025-11-04T15:47:06.400000Z
sensor.greenpi_arduino_nano_roomtemp_temperature,34.34,2025-11-04T15:48:46.451000Z
sensor.greenpi_arduino_nano_roomtemp_temperature,34.37,2025-11-04T15:50:26.534000Z
sensor.greenpi_arduino_nano_roomtemp_temperature,34.34,2025-11-04T15:52:06.623000Z
sensor.greenpi_arduino_nano_roomtemp_temperature,34.33,2025-11-04T15:55:26.792000Z
sensor.greenpi_arduino_nano_roomtemp_temperature,34.34,2025-11-04T15:57:06.840000Z
sensor.greenpi_arduino_nano_roomtemp_temperature,34.31,2025-11-04T16:02:07.112000Z
sensor.greenpi_arduino_nano_roomtemp_temperature,34.33,2025-11-04T16:05:27.310000Z
sensor.greenpi_arduino_nano_roomtemp_temperature,34.31,2025-11-04T16:07:07.418000Z
sensor.greenpi_arduino_nano_roomtemp_temperature,34.35,2025-11-04T16:08:47.498000Z
sensor.greenpi_arduino_nano_roomtemp_temperature,34.38,2025-11-04T16:10:27.582000Z
sensor.greenpi_arduino_nano_roomtemp_temperature,34.37,2025-11-04T16:12:07.674000Z
sensor.greenpi_arduino_nano_roomtemp_temperature,34.34,2025-11-04T16:13:47.841000Z
sensor.greenpi_arduino_nano_roomtemp_temperature,34.38,2025-11-04T16:15:27.881000Z
sensor.greenpi_arduino_nano_roomtemp_temperature,34.35,2025-11-04T16:18:48.079000Z
sensor.greenpi_arduino_nano_roomtemp_temperature,34.37,2025-11-04T16:20:28.179000Z
sensor.greenpi_arduino_nano_roomtemp_temperature,34.35,2025-11-04T16:22:08.263000Z
sensor.greenpi_arduino_nano_roomtemp_temperature,34.37,2025-11-04T16:23:48.375000Z
sensor.greenpi_arduino_nano_roomtemp_temperature,34.34,2025-11-04T16:25:28.469000Z
sensor.greenpi_arduino_nano_roomtemp_temperature,34.33,2025-11-04T16:27:08.665000Z
sensor.greenpi_arduino_nano_roomtemp_temperature,34.35,2025-11-04T16:28:48.651000Z
sensor.greenpi_arduino_nano_roomtemp_temperature,34.37,2025-11-04T16:32:08.829000Z
sensor.greenpi_arduino_nano_roomtemp_temperature,34.38,2025-11-04T16:35:29.088000Z
sensor.greenpi_arduino_nano_roomtemp_temperature,34.33,2025-11-04T16:37:09.088000Z
sensor.greenpi_arduino_nano_roomtemp_temperature,34.38,2025-11-04T16:38:49.188000Z
sensor.greenpi_arduino_nano_roomtemp_temperature,34.33,2025-11-04T16:40:29.320000Z
sensor.greenpi_arduino_nano_roomtemp_temperature,34.38,2025-11-04T16:42:09.453000Z
sensor.greenpi_arduino_nano_roomtemp_temperature,34.37,2025-11-04T16:45:29.606000Z
sensor.greenpi_arduino_nano_roomtemp_temperature,34.39,2025-11-04T16:47:09.711000Z
sensor.greenpi_arduino_nano_roomtemp_temperature,34.35,2025-11-04T16:48:49.749000Z
sensor.greenpi_arduino_nano_roomtemp_temperature,34.33,2025-11-04T16:50:29.830000Z
sensor.greenpi_arduino_nano_roomtemp_temperature,34.31,2025-11-04T16:52:09.914000Z
sensor.greenpi_arduino_nano_roomtemp_temperature,34.37,2025-11-04T16:53:50.002000Z
sensor.greenpi_arduino_nano_roomtemp_temperature,34.35,2025-11-04T16:55:30.047000Z
sensor.greenpi_arduino_nano_roomtemp_temperature,34.37,2025-11-04T16:57:10.193000Z
sensor.greenpi_arduino_nano_roomtemp_temperature,34.39,2025-11-04T16:58:50.227000Z
sensor.greenpi_arduino_nano_roomtemp_temperature,34.37,2025-11-04T17:00:30.338000Z
sensor.greenpi_arduino_nano_roomtemp_temperature,34.42,2025-11-04T17:02:10.444000Z
sensor.greenpi_arduino_nano_roomtemp_temperature,34.45,2025-11-04T17:03:50.495000Z
sensor.greenpi_arduino_nano_roomtemp_temperature,34.44,2025-11-04T17:07:10.685000Z
sensor.greenpi_arduino_nano_roomtemp_temperature,34.49,2025-11-04T17:08:50.742000Z
sensor.greenpi_arduino_nano_roomtemp_temperature,34.44,2025-11-04T17:10:30.822000Z
sensor.greenpi_arduino_nano_roomtemp_temperature,34.42,2025-11-04T17:12:10.916000Z
sensor.greenpi_arduino_nano_roomtemp_temperature,34.45,2025-11-04T17:13:51.000000Z
sensor.greenpi_arduino_nano_roomtemp_temperature,34.42,2025-11-04T17:15:31.090000Z
sensor.greenpi_arduino_nano_roomtemp_temperature,34.44,2025-11-04T17:17:11.258000Z
sensor.greenpi_arduino_nano_roomtemp_temperature,34.45,2025-11-04T17:18:51.307000Z
sensor.greenpi_arduino_nano_roomtemp_temperature,34.46,2025-11-04T17:20:31.403000Z
sensor.greenpi_arduino_nano_roomtemp_temperature,34.42,2025-11-04T17:22:11.495000Z
sensor.greenpi_arduino_nano_roomtemp_temperature,34.39,2025-11-04T17:23:51.572000Z
sensor.greenpi_arduino_nano_roomtemp_temperature,34.38,2025-11-04T17:25:31.680000Z
sensor.greenpi_arduino_nano_roomtemp_temperature,34.42,2025-11-04T17:27:11.745000Z
sensor.greenpi_arduino_nano_roomtemp_temperature,34.45,2025-11-04T17:28:51.871000Z
sensor.greenpi_arduino_nano_roomtemp_temperature,34.48,2025-11-04T17:38:52.401000Z
sensor.greenpi_arduino_nano_roomtemp_temperature,34.42,2025-11-04T17:40:32.503000Z
sensor.greenpi_arduino_nano_roomtemp_temperature,34.44,2025-11-04T17:42:12.645000Z
sensor.greenpi_arduino_nano_roomtemp_temperature,34.42,2025-11-04T17:43:52.716000Z
sensor.greenpi_arduino_nano_roomtemp_temperature,34.48,2025-11-04T17:48:52.969000Z
sensor.greenpi_arduino_nano_roomtemp_temperature,34.46,2025-11-04T17:50:33.017000Z
sensor.greenpi_arduino_nano_roomtemp_temperature,34.42,2025-11-04T17:52:13.091000Z
sensor.greenpi_arduino_nano_roomtemp_temperature,34.46,2025-11-04T17:53:53.243000Z
sensor.greenpi_arduino_nano_roomtemp_temperature,34.48,2025-11-04T17:55:33.268000Z
sensor.greenpi_arduino_nano_roomtemp_temperature,34.46,2025-11-04T17:57:13.330000Z
sensor.greenpi_arduino_nano_roomtemp_temperature,34.42,2025-11-04T17:58:53.419000Z
sensor.greenpi_arduino_nano_roomtemp_temperature,34.39,2025-11-04T18:02:13.608000Z
sensor.greenpi_arduino_nano_roomtemp_temperature,34.42,2025-11-04T18:05:33.784000Z
sensor.greenpi_arduino_nano_roomtemp_temperature,34.44,2025-11-04T18:07:13.892000Z
sensor.greenpi_arduino_nano_roomtemp_temperature,34.45,2025-11-04T18:08:53.963000Z
sensor.greenpi_arduino_nano_roomtemp_temperature,34.41,2025-11-04T18:10:34.047000Z
sensor.greenpi_arduino_nano_roomtemp_temperature,34.44,2025-11-04T18:12:14.155000Z
sensor.greenpi_arduino_nano_roomtemp_temperature,34.41,2025-11-04T18:13:54.241000Z
sensor.greenpi_arduino_nano_roomtemp_temperature,34.42,2025-11-04T18:15:34.290000Z
sensor.greenpi_arduino_nano_roomtemp_temperature,34.48,2025-11-04T18:17:14.385000Z
sensor.greenpi_arduino_nano_roomtemp_temperature,34.44,2025-11-04T18:18:54.486000Z
sensor.greenpi_arduino_nano_roomtemp_temperature,34.42,2025-11-04T18:20:34.552000Z
sensor.greenpi_arduino_nano_roomtemp_temperature,34.44,2025-11-04T18:22:14.645000Z
sensor.greenpi_arduino_nano_roomtemp_temperature,34.41,2025-11-04T18:23:54.731000Z
sensor.greenpi_arduino_nano_roomtemp_temperature,34.39,2025-11-04T18:27:14.963000Z
sensor.greenpi_arduino_nano_roomtemp_temperature,34.45,2025-11-04T18:28:55.001000Z
sensor.greenpi_arduino_nano_roomtemp_temperature,34.39,2025-11-04T18:32:15.212000Z
sensor.greenpi_arduino_nano_roomtemp_temperature,34.41,2025-11-04T18:33:55.308000Z
sensor.greenpi_arduino_nano_roomtemp_temperature,34.44,2025-11-04T18:35:35.398000Z
sensor.greenpi_arduino_nano_roomtemp_temperature,34.39,2025-11-04T18:37:15.502000Z
sensor.greenpi_arduino_nano_roomtemp_temperature,34.44,2025-11-04T18:38:55.587000Z
sensor.greenpi_arduino_nano_roomtemp_temperature,34.45,2025-11-04T18:40:35.676000Z
sensor.greenpi_arduino_nano_roomtemp_temperature,34.39,2025-11-04T18:42:15.763000Z
sensor.greenpi_arduino_nano_roomtemp_temperature,34.42,2025-11-04T18:43:55.852000Z
sensor.greenpi_arduino_nano_roomtemp_temperature,34.41,2025-11-04T18:47:16.032000Z
sensor.greenpi_arduino_nano_roomtemp_temperature,34.39,2025-11-04T18:48:56.129000Z
sensor.greenpi_arduino_nano_roomtemp_temperature,34.42,2025-11-04T18:50:36.246000Z
sensor.greenpi_arduino_nano_roomtemp_temperature,34.44,2025-11-04T18:52:16.306000Z
sensor.greenpi_arduino_nano_roomtemp_temperature,34.41,2025-11-04T18:53:56.400000Z
sensor.greenpi_arduino_nano_roomtemp_temperature,34.42,2025-11-04T18:55:36.480000Z
sensor.greenpi_arduino_nano_roomtemp_temperature,34.41,2025-11-04T18:57:16.585000Z
sensor.greenpi_arduino_nano_roomtemp_temperature,34.48,2025-11-04T18:58:56.680000Z
sensor.greenpi_arduino_nano_roomtemp_temperature,34.46,2025-11-04T19:00:36.876000Z
sensor.greenpi_arduino_nano_roomtemp_temperature,34.44,2025-11-04T19:02:16.884000Z
sensor.greenpi_arduino_nano_roomtemp_temperature,34.41,2025-11-04T19:03:56.965000Z
sensor.greenpi_arduino_nano_roomtemp_temperature,34.39,2025-11-04T19:10:37.319000Z
sensor.greenpi_arduino_nano_roomtemp_temperature,34.42,2025-11-04T19:12:17.413000Z
sensor.greenpi_arduino_nano_roomtemp_temperature,34.46,2025-11-04T19:13:57.497000Z
sensor.greenpi_arduino_nano_roomtemp_temperature,34.45,2025-11-04T19:15:37.581000Z
sensor.greenpi_arduino_nano_roomtemp_temperature,34.42,2025-11-04T19:17:17.645000Z
sensor.greenpi_arduino_nano_roomtemp_temperature,34.46,2025-11-04T19:18:57.726000Z
sensor.greenpi_arduino_nano_roomtemp_temperature,34.42,2025-11-04T19:20:37.816000Z
sensor.greenpi_arduino_nano_roomtemp_temperature,34.41,2025-11-04T19:22:17.908000Z
sensor.greenpi_arduino_nano_roomtemp_temperature,34.48,2025-11-04T19:23:57.996000Z
sensor.greenpi_arduino_nano_roomtemp_temperature,34.46,2025-11-04T19:25:38.088000Z
sensor.greenpi_arduino_nano_roomtemp_temperature,34.48,2025-11-04T19:27:18.249000Z
sensor.greenpi_arduino_nano_roomtemp_temperature,34.44,2025-11-04T19:28:58.260000Z
sensor.greenpi_arduino_nano_roomtemp_temperature,34.42,2025-11-04T19:33:58.530000Z
sensor.greenpi_arduino_nano_roomtemp_temperature,34.45,2025-11-04T19:35:38.627000Z
sensor.greenpi_arduino_nano_roomtemp_temperature,34.39,2025-11-04T19:37:18.721000Z
sensor.greenpi_arduino_nano_roomtemp_temperature,34.41,2025-11-04T19:38:58.831000Z
sensor.greenpi_arduino_nano_roomtemp_temperature,34.42,2025-11-04T19:40:38.903000Z
sensor.greenpi_arduino_nano_roomtemp_temperature,34.44,2025-11-04T19:42:18.957000Z
sensor.greenpi_arduino_nano_roomtemp_temperature,34.39,2025-11-04T19:43:59.476000Z
sensor.greenpi_arduino_nano_roomtemp_temperature,34.42,2025-11-04T19:45:39.131000Z
sensor.greenpi_arduino_nano_roomtemp_temperature,34.39,2025-11-04T19:47:19.220000Z
sensor.greenpi_arduino_nano_roomtemp_temperature,34.41,2025-11-04T19:52:19.472000Z
sensor.greenpi_arduino_nano_roomtemp_temperature,34.44,2025-11-04T19:53:59.582000Z
sensor.greenpi_arduino_nano_roomtemp_temperature,34.41,2025-11-04T19:55:39.656000Z
sensor.greenpi_arduino_nano_roomtemp_temperature,34.38,2025-11-04T19:58:59.844000Z
sensor.greenpi_arduino_nano_roomtemp_temperature,34.39,2025-11-04T20:00:39.948000Z
sensor.greenpi_arduino_nano_roomtemp_temperature,34.44,2025-11-04T20:04:00.133000Z
sensor.greenpi_arduino_nano_roomtemp_temperature,34.35,2025-11-04T20:07:20.320000Z
sensor.greenpi_arduino_nano_roomtemp_temperature,34.41,2025-11-04T20:09:00.412000Z
sensor.greenpi_arduino_nano_roomtemp_temperature,34.38,2025-11-04T20:10:40.533000Z
sensor.greenpi_arduino_nano_roomtemp_temperature,34.44,2025-11-04T20:12:20.603000Z
sensor.greenpi_arduino_nano_roomtemp_temperature,34.41,2025-11-04T20:14:00.697000Z
sensor.greenpi_arduino_nano_roomtemp_temperature,34.42,2025-11-04T20:15:40.783000Z
sensor.greenpi_arduino_nano_roomtemp_temperature,34.41,2025-11-04T20:17:20.880000Z
sensor.greenpi_arduino_nano_roomtemp_temperature,34.39,2025-11-04T20:19:01.023000Z
sensor.greenpi_arduino_nano_roomtemp_temperature,34.37,2025-11-04T20:22:21.204000Z
sensor.greenpi_arduino_nano_roomtemp_temperature,34.41,2025-11-04T20:24:01.273000Z
sensor.greenpi_arduino_nano_roomtemp_temperature,34.39,2025-11-04T20:25:41.301000Z
sensor.greenpi_arduino_nano_roomtemp_temperature,34.38,2025-11-04T20:27:21.468000Z
sensor.greenpi_arduino_nano_roomtemp_temperature,34.39,2025-11-04T20:29:01.488000Z
sensor.greenpi_arduino_nano_roomtemp_temperature,34.42,2025-11-04T20:30:41.570000Z
sensor.greenpi_arduino_nano_roomtemp_temperature,34.41,2025-11-04T20:32:21.651000Z
sensor.greenpi_arduino_nano_roomtemp_temperature,34.39,2025-11-04T20:34:01.706000Z
sensor.greenpi_arduino_nano_roomtemp_temperature,34.37,2025-11-04T20:39:01.974000Z
sensor.greenpi_arduino_nano_roomtemp_temperature,34.39,2025-11-04T20:40:42.074000Z
sensor.greenpi_arduino_nano_roomtemp_temperature,34.38,2025-11-04T20:42:22.177000Z
sensor.greenpi_arduino_nano_roomtemp_temperature,34.39,2025-11-04T20:44:02.330000Z
sensor.greenpi_arduino_nano_roomtemp_temperature,34.37,2025-11-04T20:49:02.559000Z
sensor.greenpi_arduino_nano_roomtemp_temperature,34.33,2025-11-04T20:50:42.555000Z
sensor.greenpi_arduino_nano_roomtemp_temperature,34.31,2025-11-04T20:52:22.653000Z
sensor.greenpi_arduino_nano_roomtemp_temperature,34.38,2025-11-04T20:54:02.700000Z
sensor.greenpi_arduino_nano_roomtemp_temperature,34.35,2025-11-04T20:57:22.915000Z
sensor.greenpi_arduino_nano_roomtemp_temperature,34.33,2025-11-04T21:00:43.076000Z
sensor.greenpi_arduino_nano_roomtemp_temperature,34.34,2025-11-04T21:02:23.168000Z
sensor.greenpi_arduino_nano_roomtemp_temperature,34.35,2025-11-04T21:04:03.242000Z
sensor.greenpi_arduino_nano_roomtemp_temperature,34.34,2025-11-04T21:07:23.470000Z
sensor.greenpi_arduino_nano_roomtemp_temperature,34.33,2025-11-04T21:09:03.485000Z
sensor.greenpi_arduino_nano_roomtemp_temperature,34.38,2025-11-04T21:12:23.635000Z
sensor.greenpi_arduino_nano_roomtemp_temperature,34.37,2025-11-04T21:14:03.752000Z
sensor.greenpi_arduino_nano_roomtemp_temperature,34.35,2025-11-04T21:15:43.866000Z
sensor.greenpi_arduino_nano_roomtemp_temperature,34.34,2025-11-04T21:17:23.876000Z
sensor.greenpi_arduino_nano_roomtemp_temperature,34.35,2025-11-04T21:19:03.928000Z
sensor.greenpi_arduino_nano_roomtemp_temperature,34.37,2025-11-04T21:22:24.129000Z
sensor.greenpi_arduino_nano_roomtemp_temperature,34.3,2025-11-04T21:24:04.185000Z
sensor.greenpi_arduino_nano_roomtemp_temperature,34.29,2025-11-04T21:27:24.368000Z
sensor.greenpi_arduino_nano_roomtemp_temperature,34.31,2025-11-04T21:29:04.419000Z
sensor.greenpi_arduino_nano_roomtemp_temperature,34.3,2025-11-04T21:30:44.518000Z
sensor.greenpi_arduino_nano_roomtemp_temperature,34.27,2025-11-04T21:32:24.665000Z
sensor.greenpi_arduino_nano_roomtemp_temperature,34.33,2025-11-04T21:34:04.730000Z
sensor.greenpi_arduino_nano_roomtemp_temperature,34.31,2025-11-04T21:35:44.885000Z
sensor.greenpi_arduino_nano_roomtemp_temperature,34.29,2025-11-04T21:37:24.889000Z
sensor.greenpi_arduino_nano_roomtemp_temperature,34.35,2025-11-04T21:39:04.907000Z
sensor.greenpi_arduino_nano_roomtemp_temperature,34.33,2025-11-04T21:40:45.274000Z
sensor.greenpi_arduino_nano_roomtemp_temperature,34.29,2025-11-04T21:42:25.096000Z
sensor.greenpi_arduino_nano_roomtemp_temperature,34.3,2025-11-04T21:47:25.357000Z
sensor.greenpi_arduino_nano_roomtemp_temperature,34.27,2025-11-04T21:49:05.410000Z
sensor.greenpi_arduino_nano_roomtemp_temperature,34.29,2025-11-04T21:50:45.516000Z
sensor.greenpi_arduino_nano_roomtemp_temperature,34.3,2025-11-04T21:52:25.610000Z
sensor.greenpi_arduino_nano_roomtemp_temperature,34.27,2025-11-04T21:54:05.658000Z
sensor.greenpi_arduino_nano_roomtemp_temperature,34.29,2025-11-04T21:55:45.760000Z
sensor.greenpi_arduino_nano_roomtemp_temperature,34.34,2025-11-04T22:00:45.990000Z
sensor.greenpi_arduino_nano_roomtemp_temperature,34.3,2025-11-04T22:02:26.121000Z
sensor.greenpi_arduino_nano_roomtemp_temperature,34.31,2025-11-04T22:05:46.240000Z
sensor.greenpi_arduino_nano_roomtemp_temperature,34.29,2025-11-04T22:07:26.323000Z
sensor.greenpi_arduino_nano_roomtemp_temperature,34.26,2025-11-04T22:12:26.609000Z
sensor.greenpi_arduino_nano_roomtemp_temperature,34.31,2025-11-04T22:17:26.847000Z
sensor.greenpi_arduino_nano_roomtemp_temperature,34.3,2025-11-04T22:19:06.855000Z
sensor.greenpi_arduino_nano_roomtemp_temperature,34.29,2025-11-04T22:22:27.021000Z
sensor.greenpi_arduino_nano_roomtemp_temperature,34.26,2025-11-04T22:24:07.108000Z
sensor.greenpi_arduino_nano_roomtemp_temperature,34.31,2025-11-04T22:25:47.221000Z
sensor.greenpi_arduino_nano_roomtemp_temperature,34.27,2025-11-04T22:27:27.315000Z
sensor.greenpi_arduino_nano_roomtemp_temperature,34.29,2025-11-04T22:29:07.405000Z
sensor.greenpi_arduino_nano_roomtemp_temperature,34.27,2025-11-04T22:30:47.518000Z
sensor.greenpi_arduino_nano_roomtemp_temperature,34.26,2025-11-04T22:32:27.628000Z
sensor.greenpi_arduino_nano_roomtemp_temperature,34.29,2025-11-04T22:34:07.694000Z
sensor.greenpi_arduino_nano_roomtemp_temperature,34.26,2025-11-04T22:37:27.839000Z
sensor.greenpi_arduino_nano_roomtemp_temperature,34.27,2025-11-04T22:40:48.075000Z
sensor.greenpi_arduino_nano_roomtemp_temperature,34.33,2025-11-04T22:42:28.130000Z
sensor.greenpi_arduino_nano_roomtemp_temperature,34.29,2025-11-04T22:44:08.232000Z
sensor.greenpi_arduino_nano_roomtemp_temperature,34.3,2025-11-04T22:47:28.560000Z
sensor.greenpi_arduino_nano_roomtemp_temperature,34.27,2025-11-04T22:49:08.525000Z
sensor.greenpi_arduino_nano_roomtemp_temperature,34.26,2025-11-04T22:50:48.612000Z
sensor.greenpi_arduino_nano_roomtemp_temperature,34.29,2025-11-04T22:52:28.697000Z
sensor.greenpi_arduino_nano_roomtemp_temperature,34.27,2025-11-04T22:54:08.802000Z
sensor.greenpi_arduino_nano_roomtemp_temperature,34.26,2025-11-04T22:55:48.964000Z
sensor.greenpi_arduino_nano_roomtemp_temperature,34.23,2025-11-04T22:59:09.291000Z
sensor.greenpi_arduino_nano_roomtemp_temperature,34.26,2025-11-04T23:00:49.218000Z
sensor.greenpi_arduino_nano_roomtemp_temperature,34.29,2025-11-04T23:02:29.308000Z
sensor.greenpi_arduino_nano_roomtemp_temperature,34.26,2025-11-04T23:04:09.398000Z
sensor.greenpi_arduino_nano_roomtemp_temperature,34.24,2025-11-04T23:05:49.497000Z
sensor.greenpi_arduino_nano_roomtemp_temperature,34.26,2025-11-04T23:07:29.591000Z
sensor.greenpi_arduino_nano_roomtemp_temperature,34.27,2025-11-04T23:09:09.690000Z
sensor.greenpi_arduino_nano_roomtemp_temperature,34.24,2025-11-04T23:10:49.783000Z
sensor.greenpi_arduino_nano_roomtemp_temperature,34.2,2025-11-04T23:12:29.891000Z
sensor.greenpi_arduino_nano_roomtemp_temperature,34.26,2025-11-04T23:17:30.146000Z
sensor.greenpi_arduino_nano_roomtemp_temperature,34.22,2025-11-04T23:19:10.251000Z
sensor.greenpi_arduino_nano_roomtemp_temperature,34.23,2025-11-04T23:22:30.447000Z
sensor.greenpi_arduino_nano_roomtemp_temperature,34.27,2025-11-04T23:24:10.534000Z
sensor.greenpi_arduino_nano_roomtemp_temperature,34.26,2025-11-04T23:25:50.676000Z
sensor.greenpi_arduino_nano_roomtemp_temperature,34.19,2025-11-04T23:27:30.706000Z
sensor.greenpi_arduino_nano_roomtemp_temperature,34.18,2025-11-04T23:29:10.794000Z
sensor.greenpi_arduino_nano_roomtemp_temperature,34.19,2025-11-04T23:30:50.939000Z
sensor.greenpi_arduino_nano_roomtemp_temperature,34.18,2025-11-04T23:32:31.075000Z
sensor.greenpi_arduino_nano_roomtemp_temperature,34.2,2025-11-04T23:34:11.070000Z
sensor.greenpi_arduino_nano_roomtemp_temperature,34.22,2025-11-04T23:35:51.171000Z
sensor.greenpi_arduino_nano_roomtemp_temperature,34.18,2025-11-04T23:37:31.263000Z
sensor.greenpi_arduino_nano_roomtemp_temperature,34.19,2025-11-04T23:40:51.454000Z
sensor.greenpi_arduino_nano_roomtemp_temperature,34.18,2025-11-04T23:42:31.544000Z
sensor.greenpi_arduino_nano_roomtemp_temperature,34.24,2025-11-04T23:44:11.649000Z
sensor.greenpi_arduino_nano_roomtemp_temperature,34.19,2025-11-04T23:45:51.736000Z
sensor.greenpi_arduino_nano_roomtemp_temperature,34.2,2025-11-04T23:47:31.856000Z
sensor.greenpi_arduino_nano_roomtemp_temperature,34.19,2025-11-04T23:49:11.905000Z
sensor.greenpi_arduino_nano_roomtemp_temperature,34.18,2025-11-04T23:50:51.997000Z
sensor.greenpi_arduino_nano_roomtemp_temperature,34.19,2025-11-04T23:52:32.070000Z
sensor.greenpi_arduino_nano_roomtemp_temperature,34.18,2025-11-04T23:55:52.234000Z
sensor.greenpi_arduino_nano_roomtemp_temperature,34.16,2025-11-04T23:59:12.419000Z
sensor.greenpi_arduino_nano_roomtemp_temperature,34.18,2025-11-05T00:00:52.576000Z
sensor.greenpi_arduino_nano_roomtemp_temperature,34.16,2025-11-05T00:02:32.597000Z
sensor.greenpi_arduino_nano_roomtemp_temperature,34.13,2025-11-05T00:05:52.765000Z
sensor.greenpi_arduino_nano_roomtemp_temperature,34.12,2025-11-05T00:07:32.866000Z
sensor.greenpi_arduino_nano_roomtemp_temperature,34.13,2025-11-05T00:10:53.053000Z
sensor.greenpi_arduino_nano_roomtemp_temperature,34.19,2025-11-05T00:12:33.138000Z
sensor.greenpi_arduino_nano_roomtemp_temperature,34.07,2025-11-05T00:14:13.209000Z
sensor.greenpi_arduino_nano_roomtemp_temperature,34.12,2025-11-05T00:15:53.319000Z
sensor.greenpi_arduino_nano_roomtemp_temperature,34.11,2025-11-05T00:19:13.460000Z
sensor.greenpi_arduino_nano_roomtemp_temperature,34.08,2025-11-05T00:22:33.654000Z
sensor.greenpi_arduino_nano_roomtemp_temperature,34.07,2025-11-05T00:24:13.738000Z
sensor.greenpi_arduino_nano_roomtemp_temperature,34.15,2025-11-05T00:27:33.922000Z
sensor.greenpi_arduino_nano_roomtemp_temperature,34.11,2025-11-05T00:29:14.036000Z
sensor.greenpi_arduino_nano_roomtemp_temperature,34.13,2025-11-05T00:30:54.126000Z
sensor.greenpi_arduino_nano_roomtemp_temperature,34.12,2025-11-05T00:32:34.291000Z
sensor.greenpi_arduino_nano_roomtemp_temperature,34.07,2025-11-05T00:34:14.422000Z
sensor.greenpi_arduino_nano_roomtemp_temperature,34.08,2025-11-05T00:35:54.405000Z
sensor.greenpi_arduino_nano_roomtemp_temperature,34.13,2025-11-05T00:37:34.571000Z
sensor.greenpi_arduino_nano_roomtemp_temperature,34.11,2025-11-05T00:39:14.610000Z
sensor.greenpi_arduino_nano_roomtemp_temperature,34.07,2025-11-05T00:42:34.762000Z
sensor.greenpi_arduino_nano_roomtemp_temperature,34.08,2025-11-05T00:44:14.901000Z
sensor.greenpi_arduino_nano_roomtemp_temperature,34.05,2025-11-05T00:45:54.967000Z
sensor.greenpi_arduino_nano_roomtemp_temperature,34.07,2025-11-05T00:47:35.032000Z
sensor.greenpi_arduino_nano_roomtemp_temperature,34.05,2025-11-05T00:49:15.115000Z
sensor.greenpi_arduino_nano_roomtemp_temperature,34.08,2025-11-05T00:50:55.274000Z
sensor.greenpi_arduino_nano_roomtemp_temperature,34.09,2025-11-05T00:52:35.312000Z
sensor.greenpi_arduino_nano_roomtemp_temperature,34.05,2025-11-05T00:54:15.421000Z
sensor.greenpi_arduino_nano_roomtemp_temperature,34.07,2025-11-05T00:55:55.514000Z
sensor.greenpi_arduino_nano_roomtemp_temperature,34.08,2025-11-05T00:57:35.595000Z
sensor.greenpi_arduino_nano_roomtemp_temperature,34.09,2025-11-05T00:59:15.681000Z
sensor.greenpi_arduino_nano_roomtemp_temperature,33.49,2025-11-05T01:00:55.766000Z
sensor.greenpi_arduino_nano_roomtemp_temperature,32.57,2025-11-05T01:02:35.855000Z
sensor.greenpi_arduino_nano_roomtemp_temperature,31.92,2025-11-05T01:04:15.972000Z
sensor.greenpi_arduino_nano_roomtemp_temperature,31.47,2025-11-05T01:05:56.043000Z
sensor.greenpi_arduino_nano_roomtemp_temperature,31.08,2025-11-05T01:07:36.148000Z
sensor.greenpi_arduino_nano_roomtemp_temperature,30.76,2025-11-05T01:09:16.238000Z
sensor.greenpi_arduino_nano_roomtemp_temperature,30.52,2025-11-05T01:10:56.331000Z
sensor.greenpi_arduino_nano_roomtemp_temperature,30.3,2025-11-05T01:12:36.428000Z
sensor.greenpi_arduino_nano_roomtemp_temperature,30.11,2025-11-05T01:14:16.523000Z
sensor.greenpi_arduino_nano_roomtemp_temperature,29.94,2025-11-05T01:15:56.609000Z
sensor.greenpi_arduino_nano_roomtemp_temperature,29.77,2025-11-05T01:17:37.271000Z
sensor.greenpi_arduino_nano_roomtemp_temperature,29.62,2025-11-05T01:19:16.795000Z
sensor.greenpi_arduino_nano_roomtemp_temperature,29.48,2025-11-05T01:20:56.899000Z
sensor.greenpi_arduino_nano_roomtemp_temperature,29.36,2025-11-05T01:22:37.003000Z
sensor.greenpi_arduino_nano_roomtemp_temperature,29.24,2025-11-05T01:24:17.111000Z
sensor.greenpi_arduino_nano_roomtemp_temperature,29.14,2025-11-05T01:25:57.218000Z
sensor.greenpi_arduino_nano_roomtemp_temperature,29.04,2025-11-05T01:27:37.283000Z
sensor.greenpi_arduino_nano_roomtemp_temperature,28.92,2025-11-05T01:29:17.387000Z
sensor.greenpi_arduino_nano_roomtemp_temperature,28.84,2025-11-05T01:30:57.466000Z
sensor.greenpi_arduino_nano_roomtemp_temperature,28.76,2025-11-05T01:32:37.553000Z
sensor.greenpi_arduino_nano_roomtemp_temperature,28.68,2025-11-05T01:34:17.671000Z
sensor.greenpi_arduino_nano_roomtemp_temperature,28.59,2025-11-05T01:35:57.761000Z
sensor.greenpi_arduino_nano_roomtemp_temperature,28.52,2025-11-05T01:37:37.835000Z
sensor.greenpi_arduino_nano_roomtemp_temperature,28.46,2025-11-05T01:39:17.924000Z
sensor.greenpi_arduino_nano_roomtemp_temperature,28.39,2025-11-05T01:40:58.015000Z
sensor.greenpi_arduino_nano_roomtemp_temperature,28.32,2025-11-05T01:42:38.118000Z
sensor.greenpi_arduino_nano_roomtemp_temperature,28.25,2025-11-05T01:44:18.191000Z
sensor.greenpi_arduino_nano_roomtemp_temperature,28.2,2025-11-05T01:45:58.287000Z
sensor.greenpi_arduino_nano_roomtemp_temperature,28.13,2025-11-05T01:47:38.374000Z
sensor.greenpi_arduino_nano_roomtemp_temperature,28.08,2025-11-05T01:49:18.473000Z
sensor.greenpi_arduino_nano_roomtemp_temperature,28.02,2025-11-05T01:50:58.602000Z
sensor.greenpi_arduino_nano_roomtemp_temperature,27.98,2025-11-05T01:52:38.653000Z
sensor.greenpi_arduino_nano_roomtemp_temperature,27.93,2025-11-05T01:54:18.742000Z
sensor.greenpi_arduino_nano_roomtemp_temperature,27.87,2025-11-05T01:55:58.827000Z
sensor.greenpi_arduino_nano_roomtemp_temperature,27.83,2025-11-05T01:57:38.914000Z
sensor.greenpi_arduino_nano_roomtemp_temperature,27.77,2025-11-05T01:59:19.031000Z
sensor.greenpi_arduino_nano_roomtemp_temperature,27.72,2025-11-05T02:00:59.119000Z
sensor.greenpi_arduino_nano_roomtemp_temperature,27.68,2025-11-05T02:02:39.213000Z
sensor.greenpi_arduino_nano_roomtemp_temperature,27.65,2025-11-05T02:04:19.311000Z
sensor.greenpi_arduino_nano_roomtemp_temperature,27.6,2025-11-05T02:05:59.505000Z
sensor.greenpi_arduino_nano_roomtemp_temperature,27.54,2025-11-05T02:07:39.520000Z
sensor.greenpi_arduino_nano_roomtemp_temperature,27.5,2025-11-05T02:09:19.616000Z
sensor.greenpi_arduino_nano_roomtemp_temperature,27.47,2025-11-05T02:10:59.699000Z
sensor.greenpi_arduino_nano_roomtemp_temperature,27.42,2025-11-05T02:12:39.797000Z
sensor.greenpi_arduino_nano_roomtemp_temperature,27.39,2025-11-05T02:14:19.960000Z
sensor.greenpi_arduino_nano_roomtemp_temperature,27.34,2025-11-05T02:15:59.996000Z
sensor.greenpi_arduino_nano_roomtemp_temperature,27.31,2025-11-05T02:17:40.182000Z
sensor.greenpi_arduino_nano_roomtemp_temperature,27.28,2025-11-05T02:19:20.181000Z
sensor.greenpi_arduino_nano_roomtemp_temperature,27.24,2025-11-05T02:21:00.268000Z
sensor.greenpi_arduino_nano_roomtemp_temperature,27.2,2025-11-05T02:22:40.443000Z
sensor.greenpi_arduino_nano_roomtemp_temperature,27.16,2025-11-05T02:24:20.458000Z
sensor.greenpi_arduino_nano_roomtemp_temperature,27.1,2025-11-05T02:26:00.603000Z
sensor.greenpi_arduino_nano_roomtemp_temperature,27.06,2025-11-05T02:29:20.678000Z
sensor.greenpi_arduino_nano_roomtemp_temperature,27.04,2025-11-05T02:31:00.772000Z
sensor.greenpi_arduino_nano_roomtemp_temperature,27.01,2025-11-05T02:32:40.837000Z
sensor.greenpi_arduino_nano_roomtemp_temperature,26.96,2025-11-05T02:34:20.927000Z
sensor.greenpi_arduino_nano_roomtemp_temperature,26.92,2025-11-05T02:36:01.038000Z
sensor.greenpi_arduino_nano_roomtemp_temperature,26.89,2025-11-05T02:37:41.110000Z
sensor.greenpi_arduino_nano_roomtemp_temperature,26.85,2025-11-05T02:39:21.203000Z
sensor.greenpi_arduino_nano_roomtemp_temperature,26.82,2025-11-05T02:41:01.292000Z
sensor.greenpi_arduino_nano_roomtemp_temperature,26.78,2025-11-05T02:42:41.479000Z
sensor.greenpi_arduino_nano_roomtemp_temperature,26.77,2025-11-05T02:44:21.546000Z
sensor.greenpi_arduino_nano_roomtemp_temperature,26.74,2025-11-05T02:46:01.527000Z
sensor.greenpi_arduino_nano_roomtemp_temperature,26.7,2025-11-05T02:47:41.601000Z
sensor.greenpi_arduino_nano_roomtemp_temperature,26.69,2025-11-05T02:49:21.757000Z
sensor.greenpi_arduino_nano_roomtemp_temperature,26.66,2025-11-05T02:51:01.755000Z
sensor.greenpi_arduino_nano_roomtemp_temperature,26.63,2025-11-05T02:52:41.856000Z
sensor.greenpi_arduino_nano_roomtemp_temperature,26.6,2025-11-05T02:54:22.016000Z
sensor.greenpi_arduino_nano_roomtemp_temperature,26.58,2025-11-05T02:56:02.076000Z
sensor.greenpi_arduino_nano_roomtemp_temperature,26.55,2025-11-05T02:57:42.055000Z
sensor.greenpi_arduino_nano_roomtemp_temperature,26.52,2025-11-05T02:59:22.137000Z
sensor.greenpi_arduino_nano_roomtemp_temperature,26.49,2025-11-05T03:01:02.315000Z
sensor.greenpi_arduino_nano_roomtemp_temperature,26.48,2025-11-05T03:02:42.317000Z
sensor.greenpi_arduino_nano_roomtemp_temperature,26.45,2025-11-05T03:04:22.402000Z
sensor.greenpi_arduino_nano_roomtemp_temperature,26.43,2025-11-05T03:06:02.463000Z
sensor.greenpi_arduino_nano_roomtemp_temperature,26.4,2025-11-05T03:07:42.514000Z
sensor.greenpi_arduino_nano_roomtemp_temperature,26.37,2025-11-05T03:09:22.616000Z
sensor.greenpi_arduino_nano_roomtemp_temperature,26.36,2025-11-05T03:11:02.673000Z
sensor.greenpi_arduino_nano_roomtemp_temperature,26.34,2025-11-05T03:12:42.761000Z
sensor.greenpi_arduino_nano_roomtemp_temperature,26.29,2025-11-05T03:14:22.941000Z
sensor.greenpi_arduino_nano_roomtemp_temperature,26.26,2025-11-05T03:17:43.042000Z
sensor.greenpi_arduino_nano_roomtemp_temperature,26.22,2025-11-05T03:19:23.225000Z
sensor.greenpi_arduino_nano_roomtemp_temperature,26.19,2025-11-05T03:22:43.248000Z
sensor.greenpi_arduino_nano_roomtemp_temperature,26.15,2025-11-05T03:24:23.447000Z
sensor.greenpi_arduino_nano_roomtemp_temperature,26.14,2025-11-05T03:27:43.602000Z
sensor.greenpi_arduino_nano_roomtemp_temperature,26.1,2025-11-05T03:29:23.588000Z
sensor.greenpi_arduino_nano_roomtemp_temperature,26.07,2025-11-05T03:31:03.639000Z
sensor.greenpi_arduino_nano_roomtemp_temperature,26.06,2025-11-05T03:32:43.739000Z
sensor.greenpi_arduino_nano_roomtemp_temperature,26.03,2025-11-05T03:34:23.828000Z
sensor.greenpi_arduino_nano_roomtemp_temperature,26.02,2025-11-05T03:36:03.873000Z
sensor.greenpi_arduino_nano_roomtemp_temperature,26.0,2025-11-05T03:37:43.928000Z
sensor.greenpi_arduino_nano_roomtemp_temperature,25.97,2025-11-05T03:39:24.019000Z
sensor.greenpi_arduino_nano_roomtemp_temperature,25.95,2025-11-05T03:42:44.197000Z
sensor.greenpi_arduino_nano_roomtemp_temperature,25.92,2025-11-05T03:44:24.317000Z
sensor.greenpi_arduino_nano_roomtemp_temperature,25.91,2025-11-05T03:46:04.357000Z
sensor.greenpi_arduino_nano_roomtemp_temperature,25.88,2025-11-05T03:47:44.399000Z
sensor.greenpi_arduino_nano_roomtemp_temperature,25.87,2025-11-05T03:49:24.493000Z
sensor.greenpi_arduino_nano_roomtemp_temperature,25.85,2025-11-05T03:51:04.542000Z
sensor.greenpi_arduino_nano_roomtemp_temperature,25.82,2025-11-05T03:52:44.627000Z
sensor.greenpi_arduino_nano_roomtemp_temperature,25.81,2025-11-05T03:54:24.707000Z
sensor.greenpi_arduino_nano_roomtemp_temperature,25.78,2025-11-05T03:56:04.751000Z
sensor.greenpi_arduino_nano_roomtemp_temperature,25.77,2025-11-05T03:57:44.863000Z
sensor.greenpi_arduino_nano_roomtemp_temperature,25.76,2025-11-05T03:59:24.894000Z
sensor.greenpi_arduino_nano_roomtemp_temperature,25.73,2025-11-05T04:01:05.075000Z
sensor.greenpi_arduino_nano_roomtemp_temperature,25.71,2025-11-05T04:02:45.057000Z
sensor.greenpi_arduino_nano_roomtemp_temperature,25.7,2025-11-05T04:04:25.133000Z
sensor.greenpi_arduino_nano_roomtemp_temperature,25.67,2025-11-05T04:06:05.185000Z
sensor.greenpi_arduino_nano_roomtemp_temperature,25.66,2025-11-05T04:07:45.288000Z
sensor.greenpi_arduino_nano_roomtemp_temperature,25.65,2025-11-05T04:09:25.381000Z
sensor.greenpi_arduino_nano_roomtemp_temperature,25.63,2025-11-05T04:11:05.434000Z
sensor.greenpi_arduino_nano_roomtemp_temperature,25.6,2025-11-05T04:12:45.489000Z
sensor.greenpi_arduino_nano_roomtemp_temperature,25.59,2025-11-05T04:14:25.706000Z
sensor.greenpi_arduino_nano_roomtemp_temperature,25.57,2025-11-05T04:16:05.656000Z
sensor.greenpi_arduino_nano_roomtemp_temperature,25.55,2025-11-05T04:17:45.743000Z
sensor.greenpi_arduino_nano_roomtemp_temperature,25.53,2025-11-05T04:19:25.933000Z
sensor.greenpi_arduino_nano_roomtemp_temperature,25.5,2025-11-05T04:22:45.917000Z
sensor.greenpi_arduino_nano_roomtemp_temperature,25.49,2025-11-05T04:24:26.009000Z
sensor.greenpi_arduino_nano_roomtemp_temperature,25.47,2025-11-05T04:26:06.056000Z
sensor.greenpi_arduino_nano_roomtemp_temperature,25.46,2025-11-05T04:27:46.137000Z
sensor.greenpi_arduino_nano_roomtemp_temperature,25.44,2025-11-05T04:29:26.228000Z
sensor.greenpi_arduino_nano_roomtemp_temperature,25.42,2025-11-05T04:31:06.274000Z
sensor.greenpi_arduino_nano_roomtemp_temperature,25.4,2025-11-05T04:32:46.320000Z
sensor.greenpi_arduino_nano_roomtemp_temperature,25.38,2025-11-05T04:34:26.413000Z
sensor.greenpi_arduino_nano_roomtemp_temperature,25.39,2025-11-05T04:36:06.462000Z
sensor.greenpi_arduino_nano_roomtemp_temperature,25.36,2025-11-05T04:37:46.543000Z
sensor.greenpi_arduino_nano_roomtemp_temperature,25.35,2025-11-05T04:39:26.628000Z
sensor.greenpi_arduino_nano_roomtemp_temperature,25.33,2025-11-05T04:41:06.679000Z
sensor.greenpi_arduino_nano_roomtemp_temperature,25.31,2025-11-05T04:42:46.725000Z
sensor.greenpi_arduino_nano_roomtemp_temperature,25.28,2025-11-05T04:46:06.864000Z
sensor.greenpi_arduino_nano_roomtemp_temperature,25.27,2025-11-05T04:47:46.955000Z
sensor.greenpi_arduino_nano_roomtemp_temperature,25.24,2025-11-05T04:51:07.146000Z
sensor.greenpi_arduino_nano_roomtemp_temperature,25.23,2025-11-05T04:52:47.180000Z
sensor.greenpi_arduino_nano_roomtemp_temperature,25.2,2025-11-05T04:56:07.351000Z
sensor.greenpi_arduino_nano_roomtemp_temperature,25.18,2025-11-05T04:57:47.485000Z
sensor.greenpi_arduino_nano_roomtemp_temperature,25.17,2025-11-05T04:59:27.588000Z
sensor.greenpi_arduino_nano_roomtemp_temperature,25.16,2025-11-05T05:01:07.639000Z
sensor.greenpi_arduino_nano_roomtemp_temperature,25.13,2025-11-05T05:04:27.815000Z
sensor.greenpi_arduino_nano_roomtemp_temperature,25.12,2025-11-05T05:06:07.908000Z
sensor.greenpi_arduino_nano_roomtemp_temperature,25.1,2025-11-05T05:09:28.104000Z
sensor.greenpi_arduino_nano_roomtemp_temperature,25.09,2025-11-05T05:11:08.183000Z
sensor.greenpi_arduino_nano_roomtemp_temperature,25.06,2025-11-05T05:12:48.282000Z
sensor.greenpi_arduino_nano_roomtemp_temperature,25.05,2025-11-05T05:14:28.365000Z
sensor.greenpi_arduino_nano_roomtemp_temperature,25.03,2025-11-05T05:16:08.455000Z
sensor.greenpi_arduino_nano_roomtemp_temperature,25.01,2025-11-05T05:19:28.717000Z
sensor.greenpi_arduino_nano_roomtemp_temperature,24.99,2025-11-05T05:21:08.737000Z
sensor.greenpi_arduino_nano_roomtemp_temperature,24.98,2025-11-05T05:24:28.912000Z
sensor.greenpi_arduino_nano_roomtemp_temperature,24.96,2025-11-05T05:26:09.004000Z
sensor.greenpi_arduino_nano_roomtemp_temperature,24.94,2025-11-05T05:29:29.188000Z
sensor.greenpi_arduino_nano_roomtemp_temperature,24.92,2025-11-05T05:32:49.386000Z
sensor.greenpi_arduino_nano_roomtemp_temperature,24.91,2025-11-05T05:34:29.492000Z
sensor.greenpi_arduino_nano_roomtemp_temperature,24.9,2025-11-05T05:36:09.580000Z
sensor.greenpi_arduino_nano_roomtemp_temperature,24.88,2025-11-05T05:37:49.688000Z
sensor.greenpi_arduino_nano_roomtemp_temperature,24.87,2025-11-05T05:39:29.771000Z
sensor.greenpi_arduino_nano_roomtemp_temperature,24.86,2025-11-05T05:41:09.874000Z
sensor.greenpi_arduino_nano_roomtemp_temperature,24.84,2025-11-05T05:42:50.049000Z
sensor.greenpi_arduino_nano_roomtemp_temperature,24.83,2025-11-05T05:44:30.083000Z
sensor.greenpi_arduino_nano_roomtemp_temperature,24.81,2025-11-05T05:49:30.346000Z
sensor.greenpi_arduino_nano_roomtemp_temperature,24.8,2025-11-05T05:51:10.431000Z
sensor.greenpi_arduino_nano_roomtemp_temperature,24.79,2025-11-05T05:52:50.515000Z
sensor.greenpi_arduino_nano_roomtemp_temperature,24.77,2025-11-05T05:54:30.612000Z
sensor.greenpi_arduino_nano_roomtemp_temperature,24.75,2025-11-05T05:56:10.689000Z
sensor.greenpi_arduino_nano_roomtemp_temperature,24.74,2025-11-05T05:57:50.781000Z
sensor.greenpi_arduino_nano_roomtemp_temperature,24.71,2025-11-05T05:59:30.868000Z
sensor.greenpi_arduino_nano_roomtemp_temperature,24.69,2025-11-05T06:04:31.146000Z
sensor.greenpi_arduino_nano_roomtemp_temperature,24.68,2025-11-05T06:06:11.250000Z
sensor.greenpi_arduino_nano_roomtemp_temperature,24.67,2025-11-05T06:07:51.342000Z
sensor.greenpi_arduino_nano_roomtemp_temperature,24.65,2025-11-05T06:11:11.512000Z
sensor.greenpi_arduino_nano_roomtemp_temperature,24.64,2025-11-05T06:12:51.613000Z
sensor.greenpi_arduino_nano_roomtemp_temperature,24.63,2025-11-05T06:16:11.795000Z
sensor.greenpi_arduino_nano_roomtemp_temperature,24.61,2025-11-05T06:17:51.886000Z
sensor.greenpi_arduino_nano_roomtemp_temperature,24.6,2025-11-05T06:22:52.155000Z
sensor.greenpi_arduino_nano_roomtemp_temperature,24.59,2025-11-05T06:24:32.250000Z
sensor.greenpi_arduino_nano_roomtemp_temperature,24.57,2025-11-05T06:26:12.342000Z
sensor.greenpi_arduino_nano_roomtemp_temperature,24.56,2025-11-05T06:27:52.449000Z
sensor.greenpi_arduino_nano_roomtemp_temperature,24.54,2025-11-05T06:29:32.530000Z
sensor.greenpi_arduino_nano_roomtemp_temperature,24.53,2025-11-05T06:32:52.767000Z
sensor.greenpi_arduino_nano_roomtemp_temperature,24.52,2025-11-05T06:34:32.791000Z
sensor.greenpi_arduino_nano_roomtemp_temperature,24.49,2025-11-05T06:36:12.949000Z
sensor.greenpi_arduino_nano_roomtemp_temperature,24.52,2025-11-05T06:37:52.978000Z
sensor.greenpi_arduino_nano_roomtemp_temperature,24.5,2025-11-05T06:39:33.078000Z
sensor.greenpi_arduino_nano_roomtemp_temperature,24.49,2025-11-05T06:41:13.186000Z
sensor.greenpi_arduino_nano_roomtemp_temperature,24.48,2025-11-05T06:42:53.281000Z
sensor.greenpi_arduino_nano_roomtemp_temperature,24.46,2025-11-05T06:44:33.383000Z
sensor.greenpi_arduino_nano_roomtemp_temperature,24.45,2025-11-05T06:46:13.457000Z
sensor.greenpi_arduino_nano_roomtemp_temperature,24.42,2025-11-05T06:49:33.632000Z
sensor.greenpi_arduino_nano_roomtemp_temperature,24.41,2025-11-05T06:54:33.917000Z
sensor.greenpi_arduino_nano_roomtemp_temperature,24.39,2025-11-05T06:56:14.069000Z
sensor.greenpi_arduino_nano_roomtemp_temperature,24.38,2025-11-05T06:57:54.102000Z
sensor.greenpi_arduino_nano_roomtemp_temperature,24.39,2025-11-05T06:59:34.190000Z
sensor.greenpi_arduino_nano_roomtemp_temperature,24.38,2025-11-05T07:01:14.318000Z
sensor.greenpi_arduino_nano_roomtemp_temperature,24.37,2025-11-05T07:04:34.507000Z
sensor.greenpi_arduino_nano_roomtemp_temperature,24.35,2025-11-05T07:06:14.589000Z
sensor.greenpi_arduino_nano_roomtemp_temperature,24.34,2025-11-05T07:09:34.764000Z
sensor.greenpi_arduino_nano_roomtemp_temperature,24.32,2025-11-05T07:11:14.862000Z
sensor.greenpi_arduino_nano_roomtemp_temperature,24.3,2025-11-05T07:14:35.057000Z
sensor.greenpi_arduino_nano_roomtemp_temperature,24.28,2025-11-05T07:16:15.109000Z
sensor.greenpi_arduino_nano_roomtemp_temperature,24.31,2025-11-05T07:17:55.208000Z
sensor.greenpi_arduino_nano_roomtemp_temperature,24.3,2025-11-05T07:19:35.299000Z
sensor.greenpi_arduino_nano_roomtemp_temperature,24.28,2025-11-05T07:21:15.393000Z
sensor.greenpi_arduino_nano_roomtemp_temperature,24.27,2025-11-05T07:24:35.626000Z
sensor.greenpi_arduino_nano_roomtemp_temperature,24.26,2025-11-05T07:27:55.736000Z
sensor.greenpi_arduino_nano_roomtemp_temperature,24.24,2025-11-05T07:29:35.826000Z
sensor.greenpi_arduino_nano_roomtemp_temperature,24.23,2025-11-05T07:32:56.020000Z
sensor.greenpi_arduino_nano_roomtemp_temperature,24.22,2025-11-05T07:36:16.195000Z
sensor.greenpi_arduino_nano_roomtemp_temperature,24.2,2025-11-05T07:42:56.580000Z
sensor.greenpi_arduino_nano_roomtemp_temperature,24.19,2025-11-05T07:46:16.690000Z
sensor.greenpi_arduino_nano_roomtemp_temperature,24.16,2025-11-05T07:47:56.772000Z
sensor.greenpi_arduino_nano_roomtemp_temperature,24.15,2025-11-05T07:51:16.967000Z
sensor.greenpi_arduino_nano_roomtemp_temperature,24.14,2025-11-05T07:52:57.064000Z
sensor.greenpi_arduino_nano_roomtemp_temperature,24.12,2025-11-05T07:56:17.255000Z
sensor.greenpi_arduino_nano_roomtemp_temperature,24.14,2025-11-05T07:59:37.459000Z
sensor.greenpi_arduino_nano_roomtemp_temperature,24.1,2025-11-05T08:01:17.545000Z
sensor.greenpi_arduino_nano_roomtemp_temperature,24.08,2025-11-05T08:09:38.003000Z
sensor.greenpi_arduino_nano_roomtemp_temperature,24.07,2025-11-05T08:12:58.161000Z
sensor.greenpi_arduino_nano_roomtemp_temperature,24.08,2025-11-05T08:14:38.327000Z
sensor.greenpi_arduino_nano_roomtemp_temperature,24.07,2025-11-05T08:16:18.372000Z
sensor.greenpi_arduino_nano_roomtemp_temperature,24.05,2025-11-05T08:21:18.598000Z
sensor.greenpi_arduino_nano_roomtemp_temperature,24.04,2025-11-05T08:26:18.823000Z
sensor.greenpi_arduino_nano_roomtemp_temperature,24.03,2025-11-05T08:27:58.902000Z
sensor.greenpi_arduino_nano_roomtemp_temperature,24.04,2025-11-05T08:29:38.996000Z
sensor.greenpi_arduino_nano_roomtemp_temperature,24.01,2025-11-05T08:31:19.080000Z
sensor.greenpi_arduino_nano_roomtemp_temperature,23.71,2025-11-05T08:36:19.385000Z
sensor.greenpi_arduino_nano_roomtemp_temperature,23.55,2025-11-05T08:37:59.385000Z
sensor.greenpi_arduino_nano_roomtemp_temperature,23.4,2025-11-05T08:39:39.473000Z
sensor.greenpi_arduino_nano_roomtemp_temperature,23.29,2025-11-05T08:41:19.525000Z
sensor.greenpi_arduino_nano_roomtemp_temperature,23.23,2025-11-05T08:42:59.627000Z
sensor.greenpi_arduino_nano_roomtemp_temperature,23.14,2025-11-05T08:44:39.706000Z
sensor.greenpi_arduino_nano_roomtemp_temperature,23.12,2025-11-05T08:47:59.905000Z
sensor.greenpi_arduino_nano_roomtemp_temperature,23.19,2025-11-05T08:49:39.990000Z
sensor.greenpi_arduino_nano_roomtemp_temperature,23.23,2025-11-05T08:51:20.111000Z
sensor.greenpi_arduino_nano_roomtemp_temperature,23.25,2025-11-05T08:53:00.166000Z
sensor.greenpi_arduino_nano_roomtemp_temperature,23.29,2025-11-05T08:54:40.249000Z
sensor.greenpi_arduino_nano_roomtemp_temperature,23.34,2025-11-05T08:56:20.356000Z
sensor.greenpi_arduino_nano_roomtemp_temperature,23.38,2025-11-05T08:58:00.408000Z
sensor.greenpi_arduino_nano_roomtemp_temperature,23.45,2025-11-05T08:59:40.500000Z
sensor.greenpi_arduino_nano_roomtemp_temperature,24.31,2025-11-05T09:01:20.599000Z
sensor.greenpi_arduino_nano_roomtemp_temperature,25.31,2025-11-05T09:03:00.679000Z
sensor.greenpi_arduino_nano_roomtemp_temperature,26.07,2025-11-05T09:04:40.770000Z
sensor.greenpi_arduino_nano_roomtemp_temperature,26.66,2025-11-05T09:06:20.859000Z
sensor.greenpi_arduino_nano_roomtemp_temperature,27.12,2025-11-05T09:08:00.966000Z
sensor.greenpi_arduino_nano_roomtemp_temperature,27.49,2025-11-05T09:09:41.049000Z
sensor.greenpi_arduino_nano_roomtemp_temperature,27.82,2025-11-05T09:11:21.144000Z
sensor.greenpi_arduino_nano_roomtemp_temperature,28.08,2025-11-05T09:13:01.264000Z
sensor.greenpi_arduino_nano_roomtemp_temperature,28.3,2025-11-05T09:14:41.324000Z
sensor.greenpi_arduino_nano_roomtemp_temperature,28.52,2025-11-05T09:16:21.428000Z
sensor.greenpi_arduino_nano_roomtemp_temperature,28.73,2025-11-05T09:18:01.514000Z
sensor.greenpi_arduino_nano_roomtemp_temperature,28.89,2025-11-05T09:19:41.569000Z
sensor.greenpi_arduino_nano_roomtemp_temperature,29.03,2025-11-05T09:21:21.649000Z
sensor.greenpi_arduino_nano_roomtemp_temperature,29.18,2025-11-05T09:23:01.743000Z
sensor.greenpi_arduino_nano_roomtemp_temperature,29.31,2025-11-05T09:24:41.824000Z
sensor.greenpi_arduino_nano_roomtemp_temperature,29.44,2025-11-05T09:26:21.917000Z
sensor.greenpi_arduino_nano_roomtemp_temperature,29.54,2025-11-05T09:28:01.970000Z
sensor.greenpi_arduino_nano_roomtemp_temperature,29.65,2025-11-05T09:29:42.080000Z
sensor.greenpi_arduino_nano_roomtemp_temperature,29.77,2025-11-05T09:31:22.184000Z
sensor.greenpi_arduino_nano_roomtemp_temperature,29.87,2025-11-05T09:33:02.200000Z
sensor.greenpi_arduino_nano_roomtemp_temperature,29.96,2025-11-05T09:34:42.355000Z
sensor.greenpi_arduino_nano_roomtemp_temperature,30.04,2025-11-05T09:36:22.402000Z
sensor.greenpi_arduino_nano_roomtemp_temperature,30.12,2025-11-05T09:38:02.422000Z
sensor.greenpi_arduino_nano_roomtemp_temperature,30.19,2025-11-05T09:39:42.589000Z
sensor.greenpi_arduino_nano_roomtemp_temperature,30.28,2025-11-05T09:41:22.597000Z
sensor.greenpi_arduino_nano_roomtemp_temperature,30.35,2025-11-05T09:43:02.684000Z
sensor.greenpi_arduino_nano_roomtemp_temperature,30.43,2025-11-05T09:44:42.765000Z
sensor.greenpi_arduino_nano_roomtemp_temperature,30.49,2025-11-05T09:46:22.851000Z
sensor.greenpi_arduino_nano_roomtemp_temperature,30.59,2025-11-05T09:48:02.917000Z
sensor.greenpi_arduino_nano_roomtemp_temperature,30.61,2025-11-05T09:49:43.044000Z
sensor.greenpi_arduino_nano_roomtemp_temperature,30.69,2025-11-05T09:51:23.087000Z
sensor.greenpi_arduino_nano_roomtemp_temperature,30.75,2025-11-05T09:53:03.139000Z
sensor.greenpi_arduino_nano_roomtemp_temperature,30.83,2025-11-05T09:54:43.232000Z
sensor.greenpi_arduino_nano_roomtemp_temperature,30.9,2025-11-05T09:56:23.289000Z
sensor.greenpi_arduino_nano_roomtemp_temperature,30.97,2025-11-05T09:58:03.340000Z
sensor.greenpi_arduino_nano_roomtemp_temperature,31.02,2025-11-05T09:59:43.432000Z
sensor.greenpi_arduino_nano_roomtemp_temperature,31.08,2025-11-05T10:01:23.532000Z
sensor.greenpi_arduino_nano_roomtemp_temperature,31.16,2025-11-05T10:03:03.599000Z
sensor.greenpi_arduino_nano_roomtemp_temperature,31.19,2025-11-05T10:04:43.712000Z
sensor.greenpi_arduino_nano_roomtemp_temperature,31.28,2025-11-05T10:06:23.793000Z
sensor.greenpi_arduino_nano_roomtemp_temperature,31.32,2025-11-05T10:08:03.857000Z
sensor.greenpi_arduino_nano_roomtemp_temperature,31.4,2025-11-05T10:09:43.931000Z
sensor.greenpi_arduino_nano_roomtemp_temperature,31.47,2025-11-05T10:11:24.016000Z
sensor.greenpi_arduino_nano_roomtemp_temperature,31.5,2025-11-05T10:13:04.069000Z
sensor.greenpi_arduino_nano_roomtemp_temperature,31.55,2025-11-05T10:14:44.156000Z
sensor.greenpi_arduino_nano_roomtemp_temperature,31.62,2025-11-05T10:16:24.211000Z
sensor.greenpi_arduino_nano_roomtemp_temperature,31.66,2025-11-05T10:18:04.266000Z
sensor.greenpi_arduino_nano_roomtemp_temperature,31.7,2025-11-05T10:19:44.433000Z
sensor.greenpi_arduino_nano_roomtemp_temperature,31.76,2025-11-05T10:21:24.456000Z
sensor.greenpi_arduino_nano_roomtemp_temperature,31.83,2025-11-05T10:23:04.505000Z
sensor.greenpi_arduino_nano_roomtemp_temperature,31.88,2025-11-05T10:24:44.611000Z
sensor.greenpi_arduino_nano_roomtemp_temperature,31.94,2025-11-05T10:26:24.693000Z
sensor.greenpi_arduino_nano_roomtemp_temperature,31.96,2025-11-05T10:28:04.751000Z
sensor.greenpi_arduino_nano_roomtemp_temperature,32.02,2025-11-05T10:29:44.869000Z
sensor.greenpi_arduino_nano_roomtemp_temperature,32.05,2025-11-05T10:31:24.976000Z
sensor.greenpi_arduino_nano_roomtemp_temperature,32.1,2025-11-05T10:33:05.029000Z
sensor.greenpi_arduino_nano_roomtemp_temperature,32.16,2025-11-05T10:34:45.114000Z
sensor.greenpi_arduino_nano_roomtemp_temperature,32.18,2025-11-05T10:36:25.209000Z
sensor.greenpi_arduino_nano_roomtemp_temperature,32.24,2025-11-05T10:38:05.265000Z
sensor.greenpi_arduino_nano_roomtemp_temperature,32.27,2025-11-05T10:39:45.431000Z
sensor.greenpi_arduino_nano_roomtemp_temperature,32.32,2025-11-05T10:41:25.459000Z
sensor.greenpi_arduino_nano_roomtemp_temperature,32.36,2025-11-05T10:43:05.511000Z
sensor.greenpi_arduino_nano_roomtemp_temperature,32.4,2025-11-05T10:44:45.599000Z
sensor.greenpi_arduino_nano_roomtemp_temperature,32.44,2025-11-05T10:46:25.700000Z
sensor.greenpi_arduino_nano_roomtemp_temperature,32.48,2025-11-05T10:48:05.741000Z
sensor.greenpi_arduino_nano_roomtemp_temperature,32.51,2025-11-05T10:49:45.832000Z
sensor.greenpi_arduino_nano_roomtemp_temperature,32.57,2025-11-05T10:51:25.930000Z
sensor.greenpi_arduino_nano_roomtemp_temperature,32.61,2025-11-05T10:53:06.031000Z
sensor.greenpi_arduino_nano_roomtemp_temperature,32.67,2025-11-05T10:54:46.111000Z
sensor.greenpi_arduino_nano_roomtemp_temperature,32.71,2025-11-05T10:56:26.208000Z
sensor.greenpi_arduino_nano_roomtemp_temperature,32.74,2025-11-05T10:58:06.328000Z
sensor.greenpi_arduino_nano_roomtemp_temperature,32.8,2025-11-05T10:59:46.343000Z
sensor.greenpi_arduino_nano_roomtemp_temperature,32.86,2025-11-05T11:03:06.478000Z
sensor.greenpi_arduino_nano_roomtemp_temperature,32.88,2025-11-05T11:04:46.573000Z
sensor.greenpi_arduino_nano_roomtemp_temperature,32.93,2025-11-05T11:06:26.649000Z
sensor.greenpi_arduino_nano_roomtemp_temperature,32.96,2025-11-05T11:08:06.698000Z
sensor.greenpi_arduino_nano_roomtemp_temperature,33.0,2025-11-05T11:09:46.749000Z
sensor.greenpi_arduino_nano_roomtemp_temperature,33.02,2025-11-05T11:11:26.853000Z
sensor.greenpi_arduino_nano_roomtemp_temperature,33.08,2025-11-05T11:13:06.915000Z
sensor.greenpi_arduino_nano_roomtemp_temperature,33.11,2025-11-05T11:14:47.012000Z
sensor.greenpi_arduino_nano_roomtemp_temperature,33.1,2025-11-05T11:16:27.081000Z
sensor.greenpi_arduino_nano_roomtemp_temperature,33.15,2025-11-05T11:18:07.183000Z
sensor.greenpi_arduino_nano_roomtemp_temperature,33.18,2025-11-05T11:19:47.297000Z
sensor.greenpi_arduino_nano_roomtemp_temperature,33.23,2025-11-05T11:21:27.388000Z
sensor.greenpi_arduino_nano_roomtemp_temperature,33.26,2025-11-05T11:23:07.481000Z
sensor.greenpi_arduino_nano_roomtemp_temperature,33.29,2025-11-05T11:24:47.567000Z
sensor.greenpi_arduino_nano_roomtemp_temperature,33.33,2025-11-05T11:26:27.652000Z
sensor.greenpi_arduino_nano_roomtemp_temperature,33.37,2025-11-05T11:28:07.733000Z
sensor.greenpi_arduino_nano_roomtemp_temperature,33.39,2025-11-05T11:29:47.823000Z
sensor.greenpi_arduino_nano_roomtemp_temperature,33.41,2025-11-05T11:31:27.910000Z
sensor.greenpi_arduino_nano_roomtemp_temperature,33.45,2025-11-05T11:33:08.082000Z
sensor.greenpi_arduino_nano_roomtemp_temperature,33.49,2025-11-05T11:34:48.090000Z
sensor.greenpi_arduino_nano_roomtemp_temperature,33.51,2025-11-05T11:38:08.269000Z
sensor.greenpi_arduino_nano_roomtemp_temperature,33.55,2025-11-05T11:39:48.395000Z
sensor.greenpi_arduino_nano_roomtemp_temperature,33.56,2025-11-05T11:41:28.444000Z
sensor.greenpi_arduino_nano_roomtemp_temperature,33.6,2025-11-05T11:43:08.586000Z
sensor.greenpi_arduino_nano_roomtemp_temperature,33.63,2025-11-05T11:44:48.579000Z
sensor.greenpi_arduino_nano_roomtemp_temperature,33.67,2025-11-05T11:46:28.658000Z
sensor.greenpi_arduino_nano_roomtemp_temperature,33.7,2025-11-05T11:48:08.742000Z
sensor.greenpi_arduino_nano_roomtemp_temperature,33.75,2025-11-05T11:49:48.846000Z
sensor.greenpi_arduino_nano_roomtemp_temperature,33.77,2025-11-05T11:51:28.943000Z
sensor.greenpi_arduino_nano_roomtemp_temperature,33.81,2025-11-05T11:53:09.038000Z
sensor.greenpi_arduino_nano_roomtemp_temperature,33.82,2025-11-05T11:56:29.222000Z
sensor.greenpi_arduino_nano_roomtemp_temperature,33.88,2025-11-05T11:58:09.334000Z
sensor.greenpi_arduino_nano_roomtemp_temperature,33.89,2025-11-05T11:59:49.402000Z
sensor.greenpi_arduino_nano_roomtemp_temperature,33.91,2025-11-05T12:01:29.484000Z
sensor.greenpi_arduino_nano_roomtemp_temperature,33.97,2025-11-05T12:03:09.584000Z
sensor.greenpi_arduino_nano_roomtemp_temperature,34.02,2025-11-05T12:06:29.755000Z
sensor.greenpi_arduino_nano_roomtemp_temperature,34.0,2025-11-05T12:08:09.806000Z
sensor.greenpi_arduino_nano_roomtemp_temperature,34.05,2025-11-05T12:09:49.918000Z
sensor.greenpi_arduino_nano_roomtemp_temperature,34.08,2025-11-05T12:11:30.012000Z
sensor.greenpi_arduino_nano_roomtemp_temperature,34.11,2025-11-05T12:13:10.189000Z
sensor.greenpi_arduino_nano_roomtemp_temperature,34.12,2025-11-05T12:14:50.206000Z
sensor.greenpi_arduino_nano_roomtemp_temperature,34.15,2025-11-05T12:16:30.358000Z
sensor.greenpi_arduino_nano_roomtemp_temperature,34.2,2025-11-05T12:18:10.437000Z
sensor.greenpi_arduino_nano_roomtemp_temperature,34.23,2025-11-05T12:21:30.542000Z
sensor.greenpi_arduino_nano_roomtemp_temperature,34.24,2025-11-05T12:23:10.671000Z
sensor.greenpi_arduino_nano_roomtemp_temperature,34.26,2025-11-05T12:24:50.697000Z
sensor.greenpi_arduino_nano_roomtemp_temperature,34.29,2025-11-05T12:26:30.786000Z
sensor.greenpi_arduino_nano_roomtemp_temperature,34.3,2025-11-05T12:28:10.871000Z
sensor.greenpi_arduino_nano_roomtemp_temperature,34.34,2025-11-05T12:29:50.946000Z
sensor.greenpi_arduino_nano_roomtemp_temperature,34.35,2025-11-05T12:31:30.999000Z
sensor.greenpi_arduino_nano_roomtemp_temperature,34.38,2025-11-05T12:33:11.100000Z
sensor.greenpi_arduino_nano_roomtemp_temperature,34.39,2025-11-05T12:34:51.207000Z
sensor.greenpi_arduino_nano_roomtemp_temperature,34.41,2025-11-05T12:36:31.284000Z
sensor.greenpi_arduino_nano_roomtemp_temperature,34.46,2025-11-05T12:38:11.441000Z
sensor.greenpi_arduino_nano_roomtemp_temperature,34.5,2025-11-05T12:41:31.566000Z
sensor.greenpi_arduino_nano_roomtemp_temperature,34.52,2025-11-05T12:43:11.654000Z
sensor.greenpi_arduino_nano_roomtemp_temperature,34.53,2025-11-05T12:44:51.737000Z
sensor.greenpi_arduino_nano_roomtemp_temperature,34.55,2025-11-05T12:46:31.822000Z
sensor.greenpi_arduino_nano_roomtemp_temperature,34.59,2025-11-05T12:48:11.900000Z
sensor.greenpi_arduino_nano_roomtemp_temperature,34.61,2025-11-05T12:49:51.993000Z
sensor.greenpi_arduino_nano_roomtemp_temperature,34.63,2025-11-05T12:51:32.145000Z
sensor.greenpi_arduino_nano_roomtemp_temperature,34.64,2025-11-05T12:53:12.173000Z
sensor.greenpi_arduino_nano_roomtemp_temperature,34.68,2025-11-05T12:56:32.368000Z
sensor.greenpi_arduino_nano_roomtemp_temperature,34.67,2025-11-05T12:58:12.486000Z
sensor.greenpi_arduino_nano_roomtemp_temperature,34.72,2025-11-05T12:59:52.565000Z
sensor.greenpi_arduino_nano_roomtemp_temperature,34.76,2025-11-05T13:03:12.760000Z
sensor.greenpi_arduino_nano_roomtemp_temperature,34.78,2025-11-05T13:04:52.847000Z
sensor.greenpi_arduino_nano_roomtemp_temperature,34.82,2025-11-05T13:08:13.037000Z
sensor.greenpi_arduino_nano_roomtemp_temperature,34.81,2025-11-05T13:09:53.190000Z
sensor.greenpi_arduino_nano_roomtemp_temperature,34.85,2025-11-05T13:11:33.223000Z
sensor.greenpi_arduino_nano_roomtemp_temperature,34.86,2025-11-05T13:13:13.322000Z
sensor.greenpi_arduino_nano_roomtemp_temperature,34.87,2025-11-05T13:14:53.373000Z
sensor.greenpi_arduino_nano_roomtemp_temperature,34.9,2025-11-05T13:16:33.464000Z
sensor.greenpi_arduino_nano_roomtemp_temperature,34.92,2025-11-05T13:18:13.558000Z
sensor.greenpi_arduino_nano_roomtemp_temperature,34.93,2025-11-05T13:19:53.673000Z
sensor.greenpi_arduino_nano_roomtemp_temperature,34.94,2025-11-05T13:21:33.793000Z
sensor.greenpi_arduino_nano_roomtemp_temperature,34.96,2025-11-05T13:23:13.817000Z
sensor.greenpi_arduino_nano_roomtemp_temperature,34.97,2025-11-05T13:24:53.915000Z
sensor.greenpi_arduino_nano_roomtemp_temperature,34.98,2025-11-05T13:26:34.012000Z
sensor.greenpi_arduino_nano_roomtemp_temperature,35.01,2025-11-05T13:29:54.214000Z
sensor.greenpi_arduino_nano_roomtemp_temperature,35.05,2025-11-05T13:31:34.323000Z
sensor.greenpi_arduino_nano_roomtemp_temperature,35.07,2025-11-05T13:34:54.495000Z
sensor.greenpi_arduino_nano_roomtemp_temperature,35.09,2025-11-05T13:36:34.587000Z
sensor.greenpi_arduino_nano_roomtemp_temperature,35.11,2025-11-05T13:39:54.719000Z
sensor.greenpi_arduino_nano_roomtemp_temperature,35.13,2025-11-05T13:41:34.808000Z
sensor.greenpi_arduino_nano_roomtemp_temperature,35.16,2025-11-05T13:44:54.986000Z
sensor.greenpi_arduino_nano_roomtemp_temperature,35.15,2025-11-05T13:46:35.091000Z
sensor.greenpi_arduino_nano_roomtemp_temperature,35.16,2025-11-05T13:48:15.227000Z
sensor.greenpi_arduino_nano_roomtemp_temperature,35.2,2025-11-05T13:49:55.300000Z
sensor.greenpi_arduino_nano_roomtemp_temperature,35.23,2025-11-05T13:51:35.421000Z
sensor.greenpi_arduino_nano_roomtemp_temperature,35.24,2025-11-05T13:53:15.483000Z
sensor.greenpi_arduino_nano_roomtemp_temperature,35.23,2025-11-05T13:54:55.582000Z
sensor.greenpi_arduino_nano_roomtemp_temperature,35.24,2025-11-05T13:56:35.634000Z
sensor.greenpi_arduino_nano_roomtemp_temperature,35.27,2025-11-05T13:58:15.726000Z
sensor.greenpi_arduino_nano_roomtemp_temperature,35.29,2025-11-05T13:59:55.827000Z
sensor.greenpi_arduino_nano_roomtemp_temperature,35.3,2025-11-05T14:01:35.917000Z
sensor.greenpi_arduino_nano_roomtemp_temperature,35.29,2025-11-05T14:03:16.017000Z
sensor.greenpi_arduino_nano_roomtemp_temperature,35.3,2025-11-05T14:04:56.099000Z
sensor.greenpi_arduino_nano_roomtemp_temperature,35.33,2025-11-05T14:06:36.235000Z
sensor.greenpi_arduino_nano_roomtemp_temperature,35.31,2025-11-05T14:08:16.345000Z
sensor.greenpi_arduino_nano_roomtemp_temperature,35.34,2025-11-05T14:09:56.360000Z
sensor.greenpi_arduino_nano_roomtemp_temperature,35.37,2025-11-05T14:11:36.456000Z
sensor.greenpi_arduino_nano_roomtemp_temperature,35.38,2025-11-05T14:13:16.566000Z
sensor.greenpi_arduino_nano_roomtemp_temperature,35.41,2025-11-05T14:14:56.682000Z
sensor.greenpi_arduino_nano_roomtemp_temperature,35.42,2025-11-05T14:18:16.857000Z
sensor.greenpi_arduino_nano_roomtemp_temperature,35.47,2025-11-05T14:21:37.041000Z
sensor.greenpi_arduino_nano_roomtemp_temperature,35.46,2025-11-05T14:23:17.132000Z
sensor.greenpi_arduino_nano_roomtemp_temperature,35.49,2025-11-05T14:24:57.227000Z
sensor.greenpi_arduino_nano_roomtemp_temperature,35.51,2025-11-05T14:26:37.309000Z
sensor.greenpi_arduino_nano_roomtemp_temperature,35.53,2025-11-05T14:29:57.503000Z
sensor.greenpi_arduino_nano_roomtemp_temperature,35.56,2025-11-05T14:33:17.684000Z
sensor.greenpi_arduino_nano_roomtemp_temperature,35.57,2025-11-05T14:34:57.739000Z
sensor.greenpi_arduino_nano_roomtemp_temperature,35.58,2025-11-05T14:36:37.843000Z
sensor.greenpi_arduino_nano_roomtemp_temperature,35.62,2025-11-05T14:41:38.078000Z
sensor.greenpi_arduino_nano_roomtemp_temperature,35.64,2025-11-05T14:44:58.257000Z
sensor.greenpi_arduino_nano_roomtemp_temperature,35.65,2025-11-05T14:48:18.436000Z
sensor.greenpi_arduino_nano_roomtemp_temperature,35.68,2025-11-05T14:49:58.528000Z
sensor.greenpi_arduino_nano_roomtemp_temperature,35.66,2025-11-05T14:51:38.647000Z
sensor.greenpi_arduino_nano_roomtemp_temperature,35.68,2025-11-05T14:53:18.696000Z
sensor.greenpi_arduino_nano_roomtemp_temperature,35.69,2025-11-05T14:56:39.026000Z
sensor.greenpi_arduino_nano_roomtemp_temperature,35.71,2025-11-05T14:58:18.992000Z
sensor.greenpi_arduino_nano_roomtemp_temperature,35.73,2025-11-05T14:59:59.071000Z
sensor.greenpi_arduino_nano_roomtemp_temperature,35.75,2025-11-05T15:01:39.159000Z
sensor.greenpi_arduino_nano_roomtemp_temperature,35.76,2025-11-05T15:04:59.322000Z
sensor.greenpi_arduino_nano_roomtemp_temperature,35.77,2025-11-05T15:06:39.419000Z
sensor.greenpi_arduino_nano_roomtemp_temperature,35.82,2025-11-05T15:09:59.600000Z
sensor.greenpi_arduino_nano_roomtemp_temperature,35.83,2025-11-05T15:13:19.783000Z
sensor.greenpi_arduino_nano_roomtemp_temperature,35.82,2025-11-05T15:14:59.879000Z
sensor.greenpi_arduino_nano_roomtemp_temperature,35.86,2025-11-05T15:18:20.139000Z
sensor.greenpi_arduino_nano_roomtemp_temperature,35.9,2025-11-05T15:21:40.281000Z
sensor.greenpi_arduino_nano_roomtemp_temperature,35.91,2025-11-05T15:25:00.417000Z
sensor.greenpi_arduino_nano_roomtemp_temperature,35.93,2025-11-05T15:26:40.510000Z
sensor.greenpi_arduino_nano_roomtemp_temperature,35.91,2025-11-05T15:28:20.596000Z
sensor.greenpi_arduino_nano_roomtemp_temperature,35.93,2025-11-05T15:30:00.697000Z
sensor.greenpi_arduino_nano_roomtemp_temperature,35.94,2025-11-05T15:31:40.776000Z
sensor.greenpi_arduino_nano_roomtemp_temperature,35.95,2025-11-05T15:33:20.865000Z
sensor.greenpi_arduino_nano_roomtemp_temperature,35.98,2025-11-05T15:35:00.962000Z
sensor.greenpi_arduino_nano_roomtemp_temperature,35.94,2025-11-05T15:36:41.039000Z
sensor.greenpi_arduino_nano_roomtemp_temperature,35.98,2025-11-05T15:38:21.126000Z
sensor.greenpi_arduino_nano_roomtemp_temperature,35.99,2025-11-05T15:40:01.214000Z
sensor.greenpi_arduino_nano_roomtemp_temperature,36.02,2025-11-05T15:41:41.310000Z
sensor.greenpi_arduino_nano_roomtemp_temperature,36.01,2025-11-05T15:43:21.394000Z
sensor.greenpi_arduino_nano_roomtemp_temperature,36.02,2025-11-05T15:45:01.516000Z
sensor.greenpi_arduino_nano_roomtemp_temperature,36.05,2025-11-05T15:46:41.640000Z
sensor.greenpi_arduino_nano_roomtemp_temperature,36.06,2025-11-05T15:48:21.662000Z
sensor.greenpi_arduino_nano_roomtemp_temperature,36.08,2025-11-05T15:50:01.710000Z
sensor.greenpi_arduino_nano_roomtemp_temperature,36.1,2025-11-05T15:53:21.887000Z
sensor.greenpi_arduino_nano_roomtemp_temperature,36.12,2025-11-05T15:56:42.043000Z
sensor.greenpi_arduino_nano_roomtemp_temperature,36.1,2025-11-05T15:58:22.119000Z
sensor.greenpi_arduino_nano_roomtemp_temperature,36.13,2025-11-05T16:00:02.175000Z
sensor.greenpi_arduino_nano_roomtemp_temperature,36.14,2025-11-05T16:03:22.305000Z
sensor.greenpi_arduino_nano_roomtemp_temperature,36.16,2025-11-05T16:05:02.360000Z
sensor.greenpi_arduino_nano_roomtemp_temperature,36.19,2025-11-05T16:06:42.443000Z
sensor.greenpi_arduino_nano_roomtemp_temperature,36.2,2025-11-05T16:08:22.505000Z
sensor.greenpi_arduino_nano_roomtemp_temperature,36.19,2025-11-05T16:10:02.548000Z
sensor.greenpi_arduino_nano_roomtemp_temperature,36.21,2025-11-05T16:11:42.653000Z
sensor.greenpi_arduino_nano_roomtemp_temperature,36.24,2025-11-05T16:16:42.853000Z
sensor.greenpi_arduino_nano_roomtemp_temperature,36.23,2025-11-05T16:20:03.007000Z
sensor.greenpi_arduino_nano_roomtemp_temperature,36.24,2025-11-05T16:21:43.091000Z
sensor.greenpi_arduino_nano_roomtemp_temperature,36.27,2025-11-05T16:23:23.187000Z
sensor.greenpi_arduino_nano_roomtemp_temperature,36.28,2025-11-05T16:26:43.333000Z
sensor.greenpi_arduino_nano_roomtemp_temperature,36.27,2025-11-05T16:28:23.425000Z
sensor.greenpi_arduino_nano_roomtemp_temperature,36.28,2025-11-05T16:30:03.474000Z
sensor.greenpi_arduino_nano_roomtemp_temperature,36.27,2025-11-05T16:31:43.565000Z
sensor.greenpi_arduino_nano_roomtemp_temperature,36.29,2025-11-05T16:33:23.650000Z
sensor.greenpi_arduino_nano_roomtemp_temperature,36.34,2025-11-05T16:35:03.773000Z
sensor.greenpi_arduino_nano_roomtemp_temperature,36.32,2025-11-05T16:36:43.789000Z
sensor.greenpi_arduino_nano_roomtemp_temperature,36.34,2025-11-05T16:38:23.878000Z
sensor.greenpi_arduino_nano_roomtemp_temperature,36.35,2025-11-05T16:43:24.133000Z
sensor.greenpi_arduino_nano_roomtemp_temperature,36.34,2025-11-05T16:45:04.197000Z
sensor.greenpi_arduino_nano_roomtemp_temperature,36.35,2025-11-05T16:46:44.277000Z
sensor.greenpi_arduino_nano_roomtemp_temperature,36.36,2025-11-05T16:50:04.421000Z
sensor.greenpi_arduino_nano_roomtemp_temperature,36.39,2025-11-05T16:51:44.501000Z
sensor.greenpi_arduino_nano_roomtemp_temperature,36.4,2025-11-05T16:53:24.591000Z
sensor.greenpi_arduino_nano_roomtemp_temperature,36.45,2025-11-05T16:56:44.757000Z
sensor.greenpi_arduino_nano_roomtemp_temperature,36.42,2025-11-05T16:58:24.844000Z
sensor.greenpi_arduino_nano_roomtemp_temperature,36.45,2025-11-05T17:01:44.980000Z
sensor.greenpi_arduino_nano_roomtemp_temperature,36.47,2025-11-05T17:03:25.064000Z
sensor.greenpi_arduino_nano_roomtemp_temperature,36.46,2025-11-05T17:06:45.210000Z
sensor.greenpi_arduino_nano_roomtemp_temperature,36.49,2025-11-05T17:08:25.386000Z
sensor.greenpi_arduino_nano_roomtemp_temperature,36.47,2025-11-05T17:11:45.473000Z
sensor.greenpi_arduino_nano_roomtemp_temperature,36.46,2025-11-05T17:13:25.636000Z
sensor.greenpi_arduino_nano_roomtemp_temperature,36.49,2025-11-05T17:16:45.716000Z
sensor.greenpi_arduino_nano_roomtemp_temperature,36.5,2025-11-05T17:20:05.858000Z
sensor.greenpi_arduino_nano_roomtemp_temperature,36.49,2025-11-05T17:21:45.957000Z
sensor.greenpi_arduino_nano_roomtemp_temperature,36.51,2025-11-05T17:25:06.134000Z
sensor.greenpi_arduino_nano_roomtemp_temperature,36.5,2025-11-05T17:26:46.199000Z
sensor.greenpi_arduino_nano_roomtemp_temperature,36.49,2025-11-05T17:35:06.592000Z
sensor.greenpi_arduino_nano_roomtemp_temperature,36.5,2025-11-05T17:36:46.682000Z
sensor.greenpi_arduino_nano_roomtemp_temperature,36.51,2025-11-05T17:38:26.764000Z
sensor.greenpi_arduino_nano_roomtemp_temperature,36.54,2025-11-05T17:40:06.891000Z
sensor.greenpi_arduino_nano_roomtemp_temperature,36.51,2025-11-05T17:41:46.898000Z
sensor.greenpi_arduino_nano_roomtemp_temperature,36.54,2025-11-05T17:46:47.169000Z
sensor.greenpi_arduino_nano_roomtemp_temperature,36.55,2025-11-05T17:51:47.478000Z
sensor.greenpi_arduino_nano_roomtemp_temperature,36.56,2025-11-05T17:53:27.570000Z
sensor.greenpi_arduino_nano_roomtemp_temperature,36.55,2025-11-05T17:55:07.661000Z
sensor.greenpi_arduino_nano_roomtemp_temperature,36.57,2025-11-05T17:58:27.811000Z
sensor.greenpi_arduino_nano_roomtemp_temperature,36.59,2025-11-05T18:00:07.980000Z
sensor.greenpi_arduino_nano_roomtemp_temperature,36.61,2025-11-05T18:06:48.280000Z
sensor.greenpi_arduino_nano_roomtemp_temperature,36.6,2025-11-05T18:08:28.358000Z
sensor.greenpi_arduino_nano_roomtemp_temperature,36.61,2025-11-05T18:10:08.448000Z
sensor.greenpi_arduino_nano_roomtemp_temperature,36.63,2025-11-05T18:13:28.669000Z
sensor.greenpi_arduino_nano_roomtemp_temperature,36.65,2025-11-05T18:16:48.847000Z
sensor.greenpi_arduino_nano_roomtemp_temperature,36.63,2025-11-05T18:18:28.943000Z
sensor.greenpi_arduino_nano_roomtemp_temperature,36.64,2025-11-05T18:20:09.027000Z
sensor.greenpi_arduino_nano_roomtemp_temperature,36.67,2025-11-05T18:23:29.214000Z
sensor.greenpi_arduino_nano_roomtemp_temperature,36.64,2025-11-05T18:25:09.311000Z
sensor.greenpi_arduino_nano_roomtemp_temperature,36.65,2025-11-05T18:26:49.401000Z
sensor.greenpi_arduino_nano_roomtemp_temperature,36.68,2025-11-05T18:28:29.488000Z
sensor.greenpi_arduino_nano_roomtemp_temperature,36.67,2025-11-05T18:30:09.583000Z
sensor.greenpi_arduino_nano_roomtemp_temperature,36.68,2025-11-05T18:31:49.686000Z
sensor.greenpi_arduino_nano_roomtemp_temperature,36.67,2025-11-05T18:35:09.868000Z
sensor.greenpi_arduino_nano_roomtemp_temperature,36.7,2025-11-05T18:36:49.879000Z
sensor.greenpi_arduino_nano_roomtemp_temperature,36.68,2025-11-05T18:38:29.970000Z
sensor.greenpi_arduino_nano_roomtemp_temperature,36.67,2025-11-05T18:41:50.189000Z
sensor.greenpi_arduino_nano_roomtemp_temperature,36.68,2025-11-05T18:43:30.343000Z
sensor.greenpi_arduino_nano_roomtemp_temperature,36.7,2025-11-05T18:45:10.346000Z
sensor.greenpi_arduino_nano_roomtemp_temperature,36.68,2025-11-05T18:46:50.437000Z
sensor.greenpi_arduino_nano_roomtemp_temperature,36.7,2025-11-05T18:48:30.591000Z
sensor.greenpi_arduino_nano_roomtemp_temperature,36.68,2025-11-05T18:50:10.635000Z
sensor.greenpi_arduino_nano_roomtemp_temperature,36.72,2025-11-05T18:51:50.717000Z
sensor.greenpi_arduino_nano_roomtemp_temperature,36.74,2025-11-05T18:53:30.801000Z
sensor.greenpi_arduino_nano_roomtemp_temperature,36.72,2025-11-05T18:56:50.984000Z
sensor.greenpi_arduino_nano_roomtemp_temperature,36.74,2025-11-05T19:00:11.160000Z
sensor.greenpi_arduino_nano_roomtemp_temperature,36.75,2025-11-05T19:03:31.319000Z
sensor.greenpi_arduino_nano_roomtemp_temperature,36.76,2025-11-05T19:05:11.396000Z
sensor.greenpi_arduino_nano_roomtemp_temperature,36.75,2025-11-05T19:08:31.538000Z
sensor.greenpi_arduino_nano_roomtemp_temperature,36.74,2025-11-05T19:10:11.623000Z
sensor.greenpi_arduino_nano_roomtemp_temperature,36.76,2025-11-05T19:11:51.694000Z
sensor.greenpi_arduino_nano_roomtemp_temperature,36.75,2025-11-05T19:13:31.800000Z
sensor.greenpi_arduino_nano_roomtemp_temperature,36.76,2025-11-05T19:15:11.892000Z
sensor.greenpi_arduino_nano_roomtemp_temperature,36.75,2025-11-05T19:18:32.059000Z
sensor.greenpi_arduino_nano_roomtemp_temperature,36.78,2025-11-05T19:20:12.104000Z
sensor.greenpi_arduino_nano_roomtemp_temperature,36.79,2025-11-05T19:21:52.178000Z
sensor.greenpi_arduino_nano_roomtemp_temperature,36.78,2025-11-05T19:23:32.274000Z
sensor.greenpi_arduino_nano_roomtemp_temperature,36.76,2025-11-05T19:25:12.361000Z
sensor.greenpi_arduino_nano_roomtemp_temperature,36.78,2025-11-05T19:33:32.803000Z
sensor.greenpi_arduino_nano_roomtemp_temperature,36.76,2025-11-05T19:35:12.898000Z
sensor.greenpi_arduino_nano_roomtemp_temperature,36.79,2025-11-05T19:36:53.018000Z
sensor.greenpi_arduino_nano_roomtemp_temperature,36.81,2025-11-05T19:38:33.067000Z
sensor.greenpi_arduino_nano_roomtemp_temperature,36.79,2025-11-05T19:43:33.323000Z
sensor.greenpi_arduino_nano_roomtemp_temperature,36.81,2025-11-05T19:45:13.407000Z
sensor.greenpi_arduino_nano_roomtemp_temperature,36.82,2025-11-05T19:46:53.499000Z
sensor.greenpi_arduino_nano_roomtemp_temperature,36.81,2025-11-05T19:48:33.588000Z
sensor.greenpi_arduino_nano_roomtemp_temperature,36.82,2025-11-05T19:53:33.907000Z
sensor.greenpi_arduino_nano_roomtemp_temperature,36.81,2025-11-05T19:55:13.921000Z
sensor.greenpi_arduino_nano_roomtemp_temperature,36.82,2025-11-05T19:56:54.007000Z
sensor.greenpi_arduino_nano_roomtemp_temperature,36.85,2025-11-05T19:58:34.086000Z
sensor.greenpi_arduino_nano_roomtemp_temperature,36.83,2025-11-05T20:00:14.245000Z
sensor.greenpi_arduino_nano_roomtemp_temperature,36.85,2025-11-05T20:03:34.333000Z
sensor.greenpi_arduino_nano_roomtemp_temperature,36.83,2025-11-05T20:05:14.416000Z
sensor.greenpi_arduino_nano_roomtemp_temperature,36.81,2025-11-05T20:06:54.524000Z
sensor.greenpi_arduino_nano_roomtemp_temperature,36.83,2025-11-05T20:08:34.578000Z
sensor.greenpi_arduino_nano_roomtemp_temperature,36.85,2025-11-05T20:10:14.724000Z
sensor.greenpi_arduino_nano_roomtemp_temperature,36.83,2025-11-05T20:11:54.787000Z
sensor.greenpi_arduino_nano_roomtemp_temperature,36.85,2025-11-05T20:13:34.885000Z
sensor.greenpi_arduino_nano_roomtemp_temperature,36.87,2025-11-05T20:15:14.971000Z
sensor.greenpi_arduino_nano_roomtemp_temperature,36.85,2025-11-05T20:16:55.085000Z
sensor.greenpi_arduino_nano_roomtemp_temperature,36.83,2025-11-05T20:18:35.180000Z
sensor.greenpi_arduino_nano_roomtemp_temperature,36.88,2025-11-05T20:20:15.296000Z
sensor.greenpi_arduino_nano_roomtemp_temperature,36.9,2025-11-05T20:23:35.441000Z
sensor.greenpi_arduino_nano_roomtemp_temperature,36.85,2025-11-05T20:25:15.592000Z
sensor.greenpi_arduino_nano_roomtemp_temperature,36.87,2025-11-05T20:26:55.620000Z
sensor.greenpi_arduino_nano_roomtemp_temperature,36.88,2025-11-05T20:28:35.726000Z
sensor.greenpi_arduino_nano_roomtemp_temperature,36.85,2025-11-05T20:30:15.817000Z
sensor.greenpi_arduino_nano_roomtemp_temperature,36.83,2025-11-05T20:31:55.906000Z
sensor.greenpi_arduino_nano_roomtemp_temperature,36.88,2025-11-05T20:33:35.991000Z
sensor.greenpi_arduino_nano_roomtemp_temperature,36.85,2025-11-05T20:35:16.087000Z
sensor.greenpi_arduino_nano_roomtemp_temperature,36.88,2025-11-05T20:36:56.169000Z
sensor.greenpi_arduino_nano_roomtemp_temperature,36.87,2025-11-05T20:38:36.281000Z
sensor.greenpi_arduino_nano_roomtemp_temperature,36.9,2025-11-05T20:40:16.396000Z
sensor.greenpi_arduino_nano_roomtemp_temperature,36.88,2025-11-05T20:41:56.505000Z
sensor.greenpi_arduino_nano_roomtemp_temperature,36.91,2025-11-05T20:43:36.605000Z
sensor.greenpi_arduino_nano_roomtemp_temperature,36.9,2025-11-05T20:45:16.716000Z
sensor.greenpi_arduino_nano_roomtemp_temperature,36.91,2025-11-05T20:46:56.805000Z
sensor.greenpi_arduino_nano_roomtemp_temperature,36.88,2025-11-05T20:48:36.849000Z
sensor.greenpi_arduino_nano_roomtemp_temperature,36.9,2025-11-05T20:50:16.928000Z
sensor.greenpi_arduino_nano_roomtemp_temperature,36.91,2025-11-05T20:51:57.007000Z
sensor.greenpi_arduino_nano_roomtemp_temperature,36.9,2025-11-05T20:55:17.203000Z
sensor.greenpi_arduino_nano_roomtemp_temperature,36.87,2025-11-05T20:58:37.405000Z
sensor.greenpi_arduino_nano_roomtemp_temperature,36.9,2025-11-05T21:00:17.498000Z
sensor.greenpi_arduino_nano_roomtemp_temperature,36.92,2025-11-05T21:01:57.588000Z
sensor.greenpi_arduino_nano_roomtemp_temperature,36.91,2025-11-05T21:03:37.670000Z
sensor.greenpi_arduino_nano_roomtemp_temperature,36.9,2025-11-05T21:05:17.768000Z
sensor.greenpi_arduino_nano_roomtemp_temperature,36.88,2025-11-05T21:06:57.866000Z
sensor.greenpi_arduino_nano_roomtemp_temperature,36.91,2025-11-05T21:08:38.018000Z
sensor.greenpi_arduino_nano_roomtemp_temperature,36.88,2025-11-05T21:10:18.041000Z
sensor.greenpi_arduino_nano_roomtemp_temperature,36.91,2025-11-05T21:11:58.136000Z
sensor.greenpi_arduino_nano_roomtemp_temperature,36.9,2025-11-05T21:13:38.238000Z
sensor.greenpi_arduino_nano_roomtemp_temperature,36.94,2025-11-05T21:15:18.330000Z
sensor.greenpi_arduino_nano_roomtemp_temperature,36.92,2025-11-05T21:16:58.419000Z
sensor.greenpi_arduino_nano_roomtemp_temperature,36.91,2025-11-05T21:20:18.592000Z
sensor.greenpi_arduino_nano_roomtemp_temperature,36.92,2025-11-05T21:21:58.673000Z
sensor.greenpi_arduino_nano_roomtemp_temperature,36.94,2025-11-05T21:23:38.772000Z
sensor.greenpi_arduino_nano_roomtemp_temperature,36.91,2025-11-05T21:25:18.851000Z
sensor.greenpi_arduino_nano_roomtemp_temperature,36.92,2025-11-05T21:26:59.015000Z
sensor.greenpi_arduino_nano_roomtemp_temperature,36.94,2025-11-05T21:30:19.188000Z
sensor.greenpi_arduino_nano_roomtemp_temperature,36.92,2025-11-05T21:31:59.240000Z
sensor.greenpi_arduino_nano_roomtemp_temperature,36.94,2025-11-05T21:33:39.311000Z
sensor.greenpi_arduino_nano_roomtemp_temperature,36.92,2025-11-05T21:38:39.583000Z
sensor.greenpi_arduino_nano_roomtemp_temperature,36.94,2025-11-05T21:40:19.720000Z
sensor.greenpi_arduino_nano_roomtemp_temperature,36.95,2025-11-05T21:43:39.868000Z
sensor.greenpi_arduino_nano_roomtemp_temperature,36.92,2025-11-05T21:50:20.211000Z
sensor.greenpi_arduino_nano_roomtemp_temperature,36.95,2025-11-05T21:52:00.292000Z
sensor.greenpi_arduino_nano_roomtemp_temperature,36.94,2025-11-05T21:53:40.420000Z
sensor.greenpi_arduino_nano_roomtemp_temperature,36.95,2025-11-05T21:55:20.481000Z
sensor.greenpi_arduino_nano_roomtemp_temperature,36.97,2025-11-05T21:57:00.574000Z
sensor.greenpi_arduino_nano_roomtemp_temperature,36.95,2025-11-05T21:58:40.662000Z
sensor.greenpi_arduino_nano_roomtemp_temperature,36.97,2025-11-05T22:00:20.806000Z
sensor.greenpi_arduino_nano_roomtemp_temperature,36.94,2025-11-05T22:02:00.856000Z
sensor.greenpi_arduino_nano_roomtemp_temperature,36.95,2025-11-05T22:03:41.032000Z
sensor.greenpi_arduino_nano_roomtemp_temperature,36.94,2025-11-05T22:07:01.079000Z
sensor.greenpi_arduino_nano_roomtemp_temperature,36.92,2025-11-05T22:08:41.165000Z
sensor.greenpi_arduino_nano_roomtemp_temperature,36.94,2025-11-05T22:10:21.242000Z
sensor.greenpi_arduino_nano_roomtemp_temperature,36.95,2025-11-05T22:13:41.437000Z
sensor.greenpi_arduino_nano_roomtemp_temperature,36.97,2025-11-05T22:20:21.765000Z
sensor.greenpi_arduino_nano_roomtemp_temperature,36.95,2025-11-05T22:27:02.066000Z
sensor.greenpi_arduino_nano_roomtemp_temperature,36.97,2025-11-05T22:28:42.221000Z
sensor.greenpi_arduino_nano_roomtemp_temperature,36.94,2025-11-05T22:35:22.482000Z
sensor.greenpi_arduino_nano_roomtemp_temperature,36.97,2025-11-05T22:37:02.534000Z
sensor.greenpi_arduino_nano_roomtemp_temperature,36.95,2025-11-05T22:42:02.809000Z
sensor.greenpi_arduino_nano_roomtemp_temperature,36.98,2025-11-05T22:43:42.862000Z
sensor.greenpi_arduino_nano_roomtemp_temperature,36.92,2025-11-05T22:45:22.949000Z
sensor.greenpi_arduino_nano_roomtemp_temperature,36.91,2025-11-05T22:47:03.000000Z
sensor.greenpi_arduino_nano_roomtemp_temperature,36.95,2025-11-05T22:48:43.102000Z
sensor.greenpi_arduino_nano_roomtemp_temperature,36.94,2025-11-05T22:52:03.244000Z
sensor.greenpi_arduino_nano_roomtemp_temperature,36.97,2025-11-05T22:55:23.409000Z
sensor.greenpi_arduino_nano_roomtemp_temperature,36.98,2025-11-05T22:57:03.468000Z
sensor.greenpi_arduino_nano_roomtemp_temperature,36.97,2025-11-05T23:00:23.642000Z
sensor.greenpi_arduino_nano_roomtemp_temperature,36.99,2025-11-05T23:02:03.691000Z
sensor.greenpi_arduino_nano_roomtemp_temperature,36.97,2025-11-05T23:03:43.798000Z
sensor.greenpi_arduino_nano_roomtemp_temperature,36.98,2025-11-05T23:07:03.920000Z
sensor.greenpi_arduino_nano_roomtemp_temperature,36.95,2025-11-05T23:08:44.048000Z
sensor.greenpi_arduino_nano_roomtemp_temperature,36.97,2025-11-05T23:12:04.160000Z
sensor.greenpi_arduino_nano_roomtemp_temperature,36.95,2025-11-05T23:13:44.248000Z
sensor.greenpi_arduino_nano_roomtemp_temperature,36.97,2025-11-05T23:15:24.339000Z
sensor.greenpi_arduino_nano_roomtemp_temperature,36.98,2025-11-05T23:18:44.485000Z
sensor.greenpi_arduino_nano_roomtemp_temperature,36.97,2025-11-05T23:20:24.573000Z
sensor.greenpi_arduino_nano_roomtemp_temperature,36.95,2025-11-05T23:30:25.154000Z
sensor.greenpi_arduino_nano_roomtemp_temperature,36.97,2025-11-05T23:37:05.299000Z
sensor.greenpi_arduino_nano_roomtemp_temperature,36.95,2025-11-05T23:38:45.397000Z
sensor.greenpi_arduino_nano_roomtemp_temperature,36.97,2025-11-05T23:40:25.494000Z
sensor.greenpi_arduino_nano_roomtemp_temperature,36.95,2025-11-05T23:45:25.734000Z
sensor.greenpi_arduino_nano_roomtemp_temperature,36.94,2025-11-05T23:47:05.832000Z
sensor.greenpi_arduino_nano_roomtemp_temperature,36.95,2025-11-05T23:48:45.919000Z
sensor.greenpi_arduino_nano_roomtemp_temperature,36.94,2025-11-05T23:50:26.013000Z
sensor.greenpi_arduino_nano_roomtemp_temperature,36.92,2025-11-05T23:52:06.144000Z
sensor.greenpi_arduino_nano_roomtemp_temperature,36.95,2025-11-05T23:53:46.153000Z
sensor.greenpi_arduino_nano_roomtemp_temperature,36.94,2025-11-05T23:58:46.391000Z
sensor.greenpi_arduino_nano_roomtemp_temperature,36.92,2025-11-06T00:00:26.564000Z
sensor.greenpi_arduino_nano_roomtemp_temperature,36.94,2025-11-06T00:02:06.533000Z
sensor.greenpi_arduino_nano_roomtemp_temperature,36.92,2025-11-06T00:05:26.709000Z
sensor.greenpi_arduino_nano_roomtemp_temperature,36.94,2025-11-06T00:07:06.789000Z
sensor.greenpi_arduino_nano_roomtemp_temperature,36.97,2025-11-06T00:08:46.932000Z
sensor.greenpi_arduino_nano_roomtemp_temperature,36.92,2025-11-06T00:10:27.010000Z
sensor.greenpi_arduino_nano_roomtemp_temperature,36.91,2025-11-06T00:12:07.092000Z
sensor.greenpi_arduino_nano_roomtemp_temperature,36.92,2025-11-06T00:13:47.186000Z
sensor.greenpi_arduino_nano_roomtemp_temperature,36.91,2025-11-06T00:17:07.383000Z
sensor.greenpi_arduino_nano_roomtemp_temperature,36.95,2025-11-06T00:23:47.757000Z
sensor.greenpi_arduino_nano_roomtemp_temperature,36.94,2025-11-06T00:25:27.861000Z
sensor.greenpi_arduino_nano_roomtemp_temperature,36.92,2025-11-06T00:32:08.246000Z
sensor.greenpi_arduino_nano_roomtemp_temperature,36.91,2025-11-06T00:33:48.344000Z
sensor.greenpi_arduino_nano_roomtemp_temperature,36.92,2025-11-06T00:35:28.390000Z
sensor.greenpi_arduino_nano_roomtemp_temperature,36.91,2025-11-06T00:37:08.572000Z
sensor.greenpi_arduino_nano_roomtemp_temperature,36.9,2025-11-06T00:38:48.591000Z
sensor.greenpi_arduino_nano_roomtemp_temperature,36.94,2025-11-06T00:40:28.681000Z
sensor.greenpi_arduino_nano_roomtemp_temperature,36.9,2025-11-06T00:42:08.769000Z
sensor.greenpi_arduino_nano_roomtemp_temperature,36.92,2025-11-06T00:43:48.853000Z
sensor.greenpi_arduino_nano_roomtemp_temperature,36.91,2025-11-06T00:45:28.956000Z
sensor.greenpi_arduino_nano_roomtemp_temperature,36.9,2025-11-06T00:48:49.131000Z
sensor.greenpi_arduino_nano_roomtemp_temperature,36.91,2025-11-06T00:50:29.236000Z
sensor.greenpi_arduino_nano_roomtemp_temperature,36.9,2025-11-06T00:52:09.334000Z
sensor.greenpi_arduino_nano_roomtemp_temperature,36.91,2025-11-06T00:55:29.551000Z
sensor.greenpi_arduino_nano_roomtemp_temperature,36.9,2025-11-06T00:58:49.653000Z
sensor.greenpi_arduino_nano_roomtemp_temperature,36.7,2025-11-06T01:00:29.738000Z
sensor.greenpi_arduino_nano_roomtemp_temperature,35.68,2025-11-06T01:02:09.830000Z
sensor.greenpi_arduino_nano_roomtemp_temperature,34.97,2025-11-06T01:03:49.919000Z
sensor.greenpi_arduino_nano_roomtemp_temperature,34.41,2025-11-06T01:05:30.002000Z
sensor.greenpi_arduino_nano_roomtemp_temperature,33.97,2025-11-06T01:07:10.066000Z
sensor.greenpi_arduino_nano_roomtemp_temperature,33.62,2025-11-06T01:08:50.139000Z
sensor.greenpi_arduino_nano_roomtemp_temperature,33.33,2025-11-06T01:10:30.179000Z
sensor.greenpi_arduino_nano_roomtemp_temperature,33.07,2025-11-06T01:12:10.245000Z
sensor.greenpi_arduino_nano_roomtemp_temperature,32.84,2025-11-06T01:13:50.386000Z
sensor.greenpi_arduino_nano_roomtemp_temperature,32.62,2025-11-06T01:15:30.364000Z
sensor.greenpi_arduino_nano_roomtemp_temperature,32.43,2025-11-06T01:17:10.505000Z
sensor.greenpi_arduino_nano_roomtemp_temperature,32.27,2025-11-06T01:18:50.538000Z
sensor.greenpi_arduino_nano_roomtemp_temperature,32.09,2025-11-06T01:20:30.621000Z
sensor.greenpi_arduino_nano_roomtemp_temperature,31.92,2025-11-06T01:22:10.745000Z
sensor.greenpi_arduino_nano_roomtemp_temperature,31.8,2025-11-06T01:23:50.836000Z
sensor.greenpi_arduino_nano_roomtemp_temperature,31.65,2025-11-06T01:25:30.950000Z
sensor.greenpi_arduino_nano_roomtemp_temperature,31.54,2025-11-06T01:27:11.100000Z
sensor.greenpi_arduino_nano_roomtemp_temperature,31.4,2025-11-06T01:28:51.164000Z
sensor.greenpi_arduino_nano_roomtemp_temperature,31.31,2025-11-06T01:30:31.215000Z
sensor.greenpi_arduino_nano_roomtemp_temperature,31.17,2025-11-06T01:32:11.308000Z
sensor.greenpi_arduino_nano_roomtemp_temperature,31.06,2025-11-06T01:33:51.411000Z
sensor.greenpi_arduino_nano_roomtemp_temperature,30.97,2025-11-06T01:35:31.506000Z
sensor.greenpi_arduino_nano_roomtemp_temperature,30.89,2025-11-06T01:37:11.593000Z
sensor.greenpi_arduino_nano_roomtemp_temperature,30.78,2025-11-06T01:38:51.758000Z
sensor.greenpi_arduino_nano_roomtemp_temperature,30.69,2025-11-06T01:40:31.783000Z
sensor.greenpi_arduino_nano_roomtemp_temperature,30.6,2025-11-06T01:42:11.886000Z
sensor.greenpi_arduino_nano_roomtemp_temperature,30.5,2025-11-06T01:43:52.056000Z
sensor.greenpi_arduino_nano_roomtemp_temperature,30.46,2025-11-06T01:45:32.060000Z
sensor.greenpi_arduino_nano_roomtemp_temperature,30.37,2025-11-06T01:47:12.156000Z
sensor.greenpi_arduino_nano_roomtemp_temperature,30.28,2025-11-06T01:48:52.321000Z
sensor.greenpi_arduino_nano_roomtemp_temperature,30.22,2025-11-06T01:50:32.302000Z
sensor.greenpi_arduino_nano_roomtemp_temperature,30.13,2025-11-06T01:52:12.389000Z
sensor.greenpi_arduino_nano_roomtemp_temperature,30.08,2025-11-06T01:53:52.480000Z
sensor.greenpi_arduino_nano_roomtemp_temperature,30.0,2025-11-06T01:55:32.525000Z
sensor.greenpi_arduino_nano_roomtemp_temperature,29.94,2025-11-06T01:57:12.631000Z
sensor.greenpi_arduino_nano_roomtemp_temperature,29.86,2025-11-06T01:58:52.719000Z
sensor.greenpi_arduino_nano_roomtemp_temperature,29.79,2025-11-06T02:00:32.805000Z
sensor.greenpi_arduino_nano_roomtemp_temperature,29.74,2025-11-06T02:02:12.900000Z
sensor.greenpi_arduino_nano_roomtemp_temperature,29.66,2025-11-06T02:03:52.979000Z
sensor.greenpi_arduino_nano_roomtemp_temperature,29.59,2025-11-06T02:05:33.026000Z
sensor.greenpi_arduino_nano_roomtemp_temperature,29.55,2025-11-06T02:07:13.117000Z
sensor.greenpi_arduino_nano_roomtemp_temperature,29.48,2025-11-06T02:08:53.224000Z
sensor.greenpi_arduino_nano_roomtemp_temperature,29.43,2025-11-06T02:10:33.306000Z
sensor.greenpi_arduino_nano_roomtemp_temperature,29.36,2025-11-06T02:12:13.406000Z
sensor.greenpi_arduino_nano_roomtemp_temperature,29.32,2025-11-06T02:13:53.491000Z
sensor.greenpi_arduino_nano_roomtemp_temperature,29.26,2025-11-06T02:15:33.656000Z
sensor.greenpi_arduino_nano_roomtemp_temperature,29.22,2025-11-06T02:17:13.694000Z
sensor.greenpi_arduino_nano_roomtemp_temperature,29.18,2025-11-06T02:18:53.776000Z
sensor.greenpi_arduino_nano_roomtemp_temperature,29.11,2025-11-06T02:20:33.865000Z
sensor.greenpi_arduino_nano_roomtemp_temperature,29.07,2025-11-06T02:22:13.959000Z
sensor.greenpi_arduino_nano_roomtemp_temperature,29.03,2025-11-06T02:23:54.057000Z
sensor.greenpi_arduino_nano_roomtemp_temperature,28.98,2025-11-06T02:25:34.132000Z
sensor.greenpi_arduino_nano_roomtemp_temperature,28.94,2025-11-06T02:27:14.220000Z
sensor.greenpi_arduino_nano_roomtemp_temperature,28.88,2025-11-06T02:28:54.303000Z
sensor.greenpi_arduino_nano_roomtemp_temperature,28.83,2025-11-06T02:30:34.402000Z
sensor.greenpi_arduino_nano_roomtemp_temperature,28.77,2025-11-06T02:32:14.514000Z
sensor.greenpi_arduino_nano_roomtemp_temperature,28.74,2025-11-06T02:33:54.596000Z
sensor.greenpi_arduino_nano_roomtemp_temperature,28.7,2025-11-06T02:35:34.665000Z
sensor.greenpi_arduino_nano_roomtemp_temperature,28.65,2025-11-06T02:37:14.761000Z
sensor.greenpi_arduino_nano_roomtemp_temperature,28.61,2025-11-06T02:38:54.839000Z
sensor.greenpi_arduino_nano_roomtemp_temperature,28.58,2025-11-06T02:40:34.934000Z
sensor.greenpi_arduino_nano_roomtemp_temperature,28.54,2025-11-06T02:42:15.005000Z
sensor.greenpi_arduino_nano_roomtemp_temperature,28.5,2025-11-06T02:43:55.191000Z
sensor.greenpi_arduino_nano_roomtemp_temperature,28.46,2025-11-06T02:45:35.202000Z
sensor.greenpi_arduino_nano_roomtemp_temperature,28.41,2025-11-06T02:47:15.279000Z
sensor.greenpi_arduino_nano_roomtemp_temperature,28.36,2025-11-06T02:48:55.368000Z
sensor.greenpi_arduino_nano_roomtemp_temperature,28.32,2025-11-06T02:50:35.455000Z
sensor.greenpi_arduino_nano_roomtemp_temperature,28.3,2025-11-06T02:52:15.546000Z
sensor.greenpi_arduino_nano_roomtemp_temperature,28.24,2025-11-06T02:53:55.630000Z
sensor.greenpi_arduino_nano_roomtemp_temperature,28.21,2025-11-06T02:55:35.707000Z
sensor.greenpi_arduino_nano_roomtemp_temperature,28.16,2025-11-06T02:57:15.802000Z
sensor.greenpi_arduino_nano_roomtemp_temperature,28.14,2025-11-06T02:58:55.941000Z
sensor.greenpi_arduino_nano_roomtemp_temperature,28.12,2025-11-06T03:00:35.978000Z
sensor.greenpi_arduino_nano_roomtemp_temperature,28.06,2025-11-06T03:02:16.068000Z
sensor.greenpi_arduino_nano_roomtemp_temperature,28.04,2025-11-06T03:03:56.155000Z
sensor.greenpi_arduino_nano_roomtemp_temperature,28.01,2025-11-06T03:05:36.243000Z
sensor.greenpi_arduino_nano_roomtemp_temperature,27.97,2025-11-06T03:07:16.334000Z
sensor.greenpi_arduino_nano_roomtemp_temperature,27.94,2025-11-06T03:08:56.430000Z
sensor.greenpi_arduino_nano_roomtemp_temperature,27.91,2025-11-06T03:10:36.514000Z
sensor.greenpi_arduino_nano_roomtemp_temperature,27.86,2025-11-06T03:12:16.601000Z
sensor.greenpi_arduino_nano_roomtemp_temperature,27.84,2025-11-06T03:13:56.691000Z
sensor.greenpi_arduino_nano_roomtemp_temperature,27.82,2025-11-06T03:15:36.772000Z
sensor.greenpi_arduino_nano_roomtemp_temperature,27.76,2025-11-06T03:17:16.864000Z
sensor.greenpi_arduino_nano_roomtemp_temperature,27.73,2025-11-06T03:18:56.963000Z
sensor.greenpi_arduino_nano_roomtemp_temperature,27.72,2025-11-06T03:20:37.050000Z
sensor.greenpi_arduino_nano_roomtemp_temperature,27.68,2025-11-06T03:22:17.237000Z
sensor.greenpi_arduino_nano_roomtemp_temperature,27.65,2025-11-06T03:23:57.344000Z
sensor.greenpi_arduino_nano_roomtemp_temperature,27.64,2025-11-06T03:25:37.434000Z
sensor.greenpi_arduino_nano_roomtemp_temperature,27.58,2025-11-06T03:27:17.453000Z
sensor.greenpi_arduino_nano_roomtemp_temperature,27.57,2025-11-06T03:28:57.546000Z
sensor.greenpi_arduino_nano_roomtemp_temperature,27.54,2025-11-06T03:30:37.637000Z
sensor.greenpi_arduino_nano_roomtemp_temperature,27.5,2025-11-06T03:32:17.767000Z
sensor.greenpi_arduino_nano_roomtemp_temperature,27.47,2025-11-06T03:33:57.852000Z
sensor.greenpi_arduino_nano_roomtemp_temperature,27.45,2025-11-06T03:35:37.985000Z
sensor.greenpi_arduino_nano_roomtemp_temperature,27.42,2025-11-06T03:37:18.106000Z
sensor.greenpi_arduino_nano_roomtemp_temperature,27.41,2025-11-06T03:38:58.113000Z
sensor.greenpi_arduino_nano_roomtemp_temperature,27.36,2025-11-06T03:40:38.225000Z
sensor.greenpi_arduino_nano_roomtemp_temperature,27.34,2025-11-06T03:42:18.413000Z
sensor.greenpi_arduino_nano_roomtemp_temperature,27.31,2025-11-06T03:43:58.407000Z
sensor.greenpi_arduino_nano_roomtemp_temperature,27.28,2025-11-06T03:45:38.574000Z
sensor.greenpi_arduino_nano_roomtemp_temperature,27.25,2025-11-06T03:47:18.578000Z
sensor.greenpi_arduino_nano_roomtemp_temperature,27.23,2025-11-06T03:48:58.694000Z
sensor.greenpi_arduino_nano_roomtemp_temperature,27.2,2025-11-06T03:50:38.785000Z
sensor.greenpi_arduino_nano_roomtemp_temperature,27.17,2025-11-06T03:52:18.871000Z
sensor.greenpi_arduino_nano_roomtemp_temperature,27.14,2025-11-06T03:53:58.983000Z
sensor.greenpi_arduino_nano_roomtemp_temperature,27.13,2025-11-06T03:55:39.173000Z
sensor.greenpi_arduino_nano_roomtemp_temperature,27.09,2025-11-06T03:57:19.261000Z
sensor.greenpi_arduino_nano_roomtemp_temperature,27.06,2025-11-06T03:58:59.248000Z
sensor.greenpi_arduino_nano_roomtemp_temperature,27.05,2025-11-06T04:00:39.383000Z
sensor.greenpi_arduino_nano_roomtemp_temperature,27.02,2025-11-06T04:02:19.431000Z
sensor.greenpi_arduino_nano_roomtemp_temperature,26.98,2025-11-06T04:03:59.597000Z
sensor.greenpi_arduino_nano_roomtemp_temperature,26.96,2025-11-06T04:05:39.598000Z
sensor.greenpi_arduino_nano_roomtemp_temperature,26.93,2025-11-06T04:07:19.683000Z
sensor.greenpi_arduino_nano_roomtemp_temperature,26.91,2025-11-06T04:08:59.764000Z
sensor.greenpi_arduino_nano_roomtemp_temperature,26.89,2025-11-06T04:10:39.846000Z
sensor.greenpi_arduino_nano_roomtemp_temperature,26.86,2025-11-06T04:12:19.927000Z
sensor.greenpi_arduino_nano_roomtemp_temperature,26.84,2025-11-06T04:13:59.976000Z
sensor.greenpi_arduino_nano_roomtemp_temperature,26.81,2025-11-06T04:15:40.093000Z
sensor.greenpi_arduino_nano_roomtemp_temperature,26.77,2025-11-06T04:17:20.169000Z
sensor.greenpi_arduino_nano_roomtemp_temperature,26.76,2025-11-06T04:19:00.298000Z
sensor.greenpi_arduino_nano_roomtemp_temperature,26.74,2025-11-06T04:20:40.355000Z
sensor.greenpi_arduino_nano_roomtemp_temperature,26.73,2025-11-06T04:22:20.452000Z
sensor.greenpi_arduino_nano_roomtemp_temperature,26.7,2025-11-06T04:24:00.580000Z
sensor.greenpi_arduino_nano_roomtemp_temperature,26.67,2025-11-06T04:25:40.631000Z
sensor.greenpi_arduino_nano_roomtemp_temperature,26.65,2025-11-06T04:27:20.721000Z
sensor.greenpi_arduino_nano_roomtemp_temperature,26.62,2025-11-06T04:29:00.825000Z
sensor.greenpi_arduino_nano_roomtemp_temperature,26.6,2025-11-06T04:30:40.911000Z
sensor.greenpi_arduino_nano_roomtemp_temperature,26.59,2025-11-06T04:32:21.006000Z
sensor.greenpi_arduino_nano_roomtemp_temperature,26.56,2025-11-06T04:34:01.098000Z
sensor.greenpi_arduino_nano_roomtemp_temperature,26.55,2025-11-06T04:35:41.176000Z
sensor.greenpi_arduino_nano_roomtemp_temperature,26.52,2025-11-06T04:37:21.288000Z
sensor.greenpi_arduino_nano_roomtemp_temperature,26.51,2025-11-06T04:39:01.363000Z
sensor.greenpi_arduino_nano_roomtemp_temperature,26.48,2025-11-06T04:40:41.465000Z
sensor.greenpi_arduino_nano_roomtemp_temperature,26.47,2025-11-06T04:42:21.546000Z
sensor.greenpi_arduino_nano_roomtemp_temperature,26.45,2025-11-06T04:44:01.594000Z
sensor.greenpi_arduino_nano_roomtemp_temperature,26.43,2025-11-06T04:45:41.688000Z
sensor.greenpi_arduino_nano_roomtemp_temperature,26.4,2025-11-06T04:47:21.789000Z
sensor.greenpi_arduino_nano_roomtemp_temperature,26.39,2025-11-06T04:49:01.832000Z
sensor.greenpi_arduino_nano_roomtemp_temperature,26.37,2025-11-06T04:50:41.935000Z
sensor.greenpi_arduino_nano_roomtemp_temperature,26.34,2025-11-06T04:52:22.023000Z
sensor.greenpi_arduino_nano_roomtemp_temperature,26.33,2025-11-06T04:54:02.074000Z
sensor.greenpi_arduino_nano_roomtemp_temperature,26.32,2025-11-06T04:55:42.167000Z
sensor.greenpi_arduino_nano_roomtemp_temperature,26.3,2025-11-06T04:57:22.247000Z
sensor.greenpi_arduino_nano_roomtemp_temperature,26.26,2025-11-06T04:59:02.302000Z
sensor.greenpi_arduino_nano_roomtemp_temperature,26.25,2025-11-06T05:02:22.496000Z
sensor.greenpi_arduino_nano_roomtemp_temperature,26.21,2025-11-06T05:04:02.547000Z
sensor.greenpi_arduino_nano_roomtemp_temperature,26.19,2025-11-06T05:05:42.629000Z
sensor.greenpi_arduino_nano_roomtemp_temperature,26.17,2025-11-06T05:09:02.771000Z
sensor.greenpi_arduino_nano_roomtemp_temperature,26.14,2025-11-06T05:10:42.869000Z
sensor.greenpi_arduino_nano_roomtemp_temperature,26.11,2025-11-06T05:14:03.002000Z
sensor.greenpi_arduino_nano_roomtemp_temperature,26.1,2025-11-06T05:15:43.093000Z
sensor.greenpi_arduino_nano_roomtemp_temperature,26.08,2025-11-06T05:17:23.174000Z
sensor.greenpi_arduino_nano_roomtemp_temperature,26.07,2025-11-06T05:19:03.234000Z
sensor.greenpi_arduino_nano_roomtemp_temperature,26.04,2025-11-06T05:20:43.322000Z
sensor.greenpi_arduino_nano_roomtemp_temperature,26.03,2025-11-06T05:22:23.404000Z
sensor.greenpi_arduino_nano_roomtemp_temperature,26.02,2025-11-06T05:24:03.450000Z
sensor.greenpi_arduino_nano_roomtemp_temperature,25.97,2025-11-06T05:25:43.591000Z
sensor.greenpi_arduino_nano_roomtemp_temperature,25.99,2025-11-06T05:27:23.634000Z
sensor.greenpi_arduino_nano_roomtemp_temperature,25.96,2025-11-06T05:29:03.693000Z
sensor.greenpi_arduino_nano_roomtemp_temperature,25.95,2025-11-06T05:30:43.800000Z
sensor.greenpi_arduino_nano_roomtemp_temperature,25.93,2025-11-06T05:32:23.952000Z
sensor.greenpi_arduino_nano_roomtemp_temperature,25.92,2025-11-06T05:34:03.937000Z
sensor.greenpi_arduino_nano_roomtemp_temperature,25.89,2025-11-06T05:35:44.034000Z
sensor.greenpi_arduino_nano_roomtemp_temperature,25.87,2025-11-06T05:39:04.155000Z
sensor.greenpi_arduino_nano_roomtemp_temperature,25.84,2025-11-06T05:40:44.244000Z
sensor.greenpi_arduino_nano_roomtemp_temperature,25.85,2025-11-06T05:42:24.336000Z
sensor.greenpi_arduino_nano_roomtemp_temperature,25.82,2025-11-06T05:44:04.384000Z
sensor.greenpi_arduino_nano_roomtemp_temperature,25.81,2025-11-06T05:45:44.493000Z
sensor.greenpi_arduino_nano_roomtemp_temperature,25.78,2025-11-06T05:47:24.598000Z
sensor.greenpi_arduino_nano_roomtemp_temperature,25.77,2025-11-06T05:50:44.754000Z
sensor.greenpi_arduino_nano_roomtemp_temperature,25.74,2025-11-06T05:52:24.851000Z
sensor.greenpi_arduino_nano_roomtemp_temperature,25.73,2025-11-06T05:54:04.984000Z
sensor.greenpi_arduino_nano_roomtemp_temperature,25.71,2025-11-06T05:55:45.065000Z
sensor.greenpi_arduino_nano_roomtemp_temperature,25.7,2025-11-06T05:57:25.089000Z
sensor.greenpi_arduino_nano_roomtemp_temperature,25.69,2025-11-06T05:59:05.144000Z
sensor.greenpi_arduino_nano_roomtemp_temperature,25.65,2025-11-06T06:02:25.381000Z
sensor.greenpi_arduino_nano_roomtemp_temperature,25.63,2025-11-06T06:05:45.455000Z
sensor.greenpi_arduino_nano_roomtemp_temperature,25.6,2025-11-06T06:09:05.596000Z
sensor.greenpi_arduino_nano_roomtemp_temperature,25.57,2025-11-06T06:12:25.843000Z
sensor.greenpi_arduino_nano_roomtemp_temperature,25.55,2025-11-06T06:14:05.855000Z
sensor.greenpi_arduino_nano_roomtemp_temperature,25.54,2025-11-06T06:15:45.938000Z
sensor.greenpi_arduino_nano_roomtemp_temperature,25.53,2025-11-06T06:17:26.036000Z
sensor.greenpi_arduino_nano_roomtemp_temperature,25.51,2025-11-06T06:19:06.086000Z
sensor.greenpi_arduino_nano_roomtemp_temperature,25.5,2025-11-06T06:20:46.233000Z
sensor.greenpi_arduino_nano_roomtemp_temperature,25.49,2025-11-06T06:22:26.263000Z
sensor.greenpi_arduino_nano_roomtemp_temperature,25.46,2025-11-06T06:24:06.325000Z
sensor.greenpi_arduino_nano_roomtemp_temperature,25.44,2025-11-06T06:27:26.517000Z
sensor.greenpi_arduino_nano_roomtemp_temperature,25.42,2025-11-06T06:30:46.654000Z
sensor.greenpi_arduino_nano_roomtemp_temperature,25.4,2025-11-06T06:32:26.737000Z
sensor.greenpi_arduino_nano_roomtemp_temperature,25.39,2025-11-06T06:35:46.883000Z
sensor.greenpi_arduino_nano_roomtemp_temperature,25.36,2025-11-06T06:37:26.980000Z
sensor.greenpi_arduino_nano_roomtemp_temperature,25.33,2025-11-06T06:40:47.163000Z
sensor.greenpi_arduino_nano_roomtemp_temperature,25.31,2025-11-06T06:44:07.348000Z
sensor.greenpi_arduino_nano_roomtemp_temperature,25.29,2025-11-06T06:47:27.539000Z
sensor.greenpi_arduino_nano_roomtemp_temperature,25.28,2025-11-06T06:49:07.630000Z
sensor.greenpi_arduino_nano_roomtemp_temperature,25.27,2025-11-06T06:50:47.710000Z
sensor.greenpi_arduino_nano_roomtemp_temperature,25.25,2025-11-06T06:52:27.796000Z
sensor.greenpi_arduino_nano_roomtemp_temperature,25.24,2025-11-06T06:55:47.977000Z
sensor.greenpi_arduino_nano_roomtemp_temperature,25.21,2025-11-06T06:57:28.067000Z
sensor.greenpi_arduino_nano_roomtemp_temperature,25.2,2025-11-06T06:59:08.153000Z
sensor.greenpi_arduino_nano_roomtemp_temperature,25.18,2025-11-06T07:02:28.404000Z
sensor.greenpi_arduino_nano_roomtemp_temperature,25.17,2025-11-06T07:04:08.439000Z
sensor.greenpi_arduino_nano_roomtemp_temperature,25.16,2025-11-06T07:05:48.530000Z
sensor.greenpi_arduino_nano_roomtemp_temperature,25.17,2025-11-06T07:07:28.682000Z
sensor.greenpi_arduino_nano_roomtemp_temperature,25.14,2025-11-06T07:09:08.707000Z
sensor.greenpi_arduino_nano_roomtemp_temperature,25.13,2025-11-06T07:10:48.807000Z
sensor.greenpi_arduino_nano_roomtemp_temperature,25.12,2025-11-06T07:12:28.898000Z
sensor.greenpi_arduino_nano_roomtemp_temperature,25.09,2025-11-06T07:15:49.116000Z
sensor.greenpi_arduino_nano_roomtemp_temperature,25.06,2025-11-06T07:17:29.202000Z
sensor.greenpi_arduino_nano_roomtemp_temperature,25.09,2025-11-06T07:19:09.283000Z
sensor.greenpi_arduino_nano_roomtemp_temperature,25.06,2025-11-06T07:20:49.383000Z
sensor.greenpi_arduino_nano_roomtemp_temperature,25.03,2025-11-06T07:24:09.558000Z
sensor.greenpi_arduino_nano_roomtemp_temperature,25.01,2025-11-06T07:29:09.855000Z
sensor.greenpi_arduino_nano_roomtemp_temperature,24.99,2025-11-06T07:32:30.043000Z
sensor.greenpi_arduino_nano_roomtemp_temperature,24.96,2025-11-06T07:34:10.143000Z
sensor.greenpi_arduino_nano_roomtemp_temperature,24.94,2025-11-06T07:40:50.495000Z
sensor.greenpi_arduino_nano_roomtemp_temperature,24.92,2025-11-06T07:44:10.693000Z
sensor.greenpi_arduino_nano_roomtemp_temperature,24.91,2025-11-06T07:47:30.869000Z
sensor.greenpi_arduino_nano_roomtemp_temperature,24.88,2025-11-06T07:50:51.065000Z
sensor.greenpi_arduino_nano_roomtemp_temperature,24.87,2025-11-06T07:54:11.240000Z
sensor.greenpi_arduino_nano_roomtemp_temperature,24.88,2025-11-06T07:55:51.337000Z
sensor.greenpi_arduino_nano_roomtemp_temperature,24.86,2025-11-06T07:57:31.448000Z
sensor.greenpi_arduino_nano_roomtemp_temperature,24.84,2025-11-06T08:04:11.915000Z
sensor.greenpi_arduino_nano_roomtemp_temperature,24.49,2025-11-06T08:05:51.917000Z
sensor.greenpi_arduino_nano_roomtemp_temperature,24.3,2025-11-06T08:07:31.971000Z
sensor.greenpi_arduino_nano_roomtemp_temperature,25.12,2025-11-06T08:09:12.064000Z
sensor.greenpi_arduino_nano_roomtemp_temperature,25.71,2025-11-06T08:10:52.122000Z
sensor.greenpi_arduino_nano_roomtemp_temperature,26.34,2025-11-06T08:12:32.168000Z
sensor.greenpi_arduino_nano_roomtemp_temperature,26.89,2025-11-06T08:14:12.271000Z
sensor.greenpi_arduino_nano_roomtemp_temperature,26.73,2025-11-06T08:15:52.359000Z
sensor.greenpi_arduino_nano_roomtemp_temperature,26.29,2025-11-06T08:17:32.439000Z
sensor.greenpi_arduino_nano_roomtemp_temperature,25.84,2025-11-06T08:19:12.521000Z
sensor.greenpi_arduino_nano_roomtemp_temperature,25.54,2025-11-06T08:20:52.611000Z
sensor.greenpi_arduino_nano_roomtemp_temperature,25.35,2025-11-06T08:22:32.702000Z
sensor.greenpi_arduino_nano_roomtemp_temperature,25.21,2025-11-06T08:24:12.816000Z
sensor.greenpi_arduino_nano_roomtemp_temperature,25.1,2025-11-06T08:25:52.902000Z
sensor.greenpi_arduino_nano_roomtemp_temperature,24.99,2025-11-06T08:27:32.998000Z
sensor.greenpi_arduino_nano_roomtemp_temperature,24.94,2025-11-06T08:29:13.082000Z
sensor.greenpi_arduino_nano_roomtemp_temperature,24.88,2025-11-06T08:30:53.173000Z
sensor.greenpi_arduino_nano_roomtemp_temperature,24.84,2025-11-06T08:32:33.267000Z
sensor.greenpi_arduino_nano_roomtemp_temperature,24.83,2025-11-06T08:34:13.350000Z
sensor.greenpi_arduino_nano_roomtemp_temperature,24.8,2025-11-06T08:35:53.451000Z
sensor.greenpi_arduino_nano_roomtemp_temperature,24.79,2025-11-06T08:37:33.620000Z
sensor.greenpi_arduino_nano_roomtemp_temperature,24.77,2025-11-06T08:45:54.000000Z
sensor.greenpi_arduino_nano_roomtemp_temperature,24.8,2025-11-06T08:47:34.142000Z
sensor.greenpi_arduino_nano_roomtemp_temperature,24.81,2025-11-06T08:50:54.278000Z
sensor.greenpi_arduino_nano_roomtemp_temperature,24.83,2025-11-06T08:52:34.365000Z
sensor.greenpi_arduino_nano_roomtemp_temperature,24.84,2025-11-06T08:54:14.460000Z
sensor.greenpi_arduino_nano_roomtemp_temperature,24.86,2025-11-06T08:55:54.561000Z
sensor.greenpi_arduino_nano_roomtemp_temperature,24.87,2025-11-06T08:57:34.652000Z
sensor.greenpi_arduino_nano_roomtemp_temperature,24.88,2025-11-06T08:59:14.741000Z
sensor.greenpi_arduino_nano_roomtemp_temperature,25.44,2025-11-06T09:00:54.852000Z
sensor.greenpi_arduino_nano_roomtemp_temperature,26.34,2025-11-06T09:02:34.945000Z
sensor.greenpi_arduino_nano_roomtemp_temperature,27.06,2025-11-06T09:04:15.039000Z
sensor.greenpi_arduino_nano_roomtemp_temperature,27.61,2025-11-06T09:05:55.140000Z
sensor.greenpi_arduino_nano_roomtemp_temperature,28.06,2025-11-06T09:07:35.217000Z
sensor.greenpi_arduino_nano_roomtemp_temperature,28.43,2025-11-06T09:09:15.308000Z
sensor.greenpi_arduino_nano_roomtemp_temperature,28.72,2025-11-06T09:10:55.401000Z
sensor.greenpi_arduino_nano_roomtemp_temperature,28.98,2025-11-06T09:12:35.493000Z
sensor.greenpi_arduino_nano_roomtemp_temperature,29.21,2025-11-06T09:14:15.554000Z
sensor.greenpi_arduino_nano_roomtemp_temperature,29.43,2025-11-06T09:15:55.742000Z
sensor.greenpi_arduino_nano_roomtemp_temperature,29.63,2025-11-06T09:17:35.751000Z
sensor.greenpi_arduino_nano_roomtemp_temperature,29.78,2025-11-06T09:19:15.846000Z
sensor.greenpi_arduino_nano_roomtemp_temperature,29.94,2025-11-06T09:20:55.932000Z
sensor.greenpi_arduino_nano_roomtemp_temperature,30.09,2025-11-06T09:22:35.982000Z
sensor.greenpi_arduino_nano_roomtemp_temperature,30.23,2025-11-06T09:24:16.080000Z
sensor.greenpi_arduino_nano_roomtemp_temperature,30.34,2025-11-06T09:25:56.169000Z
sensor.greenpi_arduino_nano_roomtemp_temperature,30.45,2025-11-06T09:27:36.239000Z
sensor.greenpi_arduino_nano_roomtemp_temperature,30.56,2025-11-06T09:29:16.299000Z
sensor.greenpi_arduino_nano_roomtemp_temperature,30.67,2025-11-06T09:30:56.443000Z
sensor.greenpi_arduino_nano_roomtemp_temperature,30.78,2025-11-06T09:32:36.493000Z
sensor.greenpi_arduino_nano_roomtemp_temperature,30.86,2025-11-06T09:34:16.543000Z
sensor.greenpi_arduino_nano_roomtemp_temperature,30.97,2025-11-06T09:35:56.673000Z
sensor.greenpi_arduino_nano_roomtemp_temperature,31.04,2025-11-06T09:37:36.710000Z
sensor.greenpi_arduino_nano_roomtemp_temperature,31.11,2025-11-06T09:39:16.791000Z
sensor.greenpi_arduino_nano_roomtemp_temperature,31.2,2025-11-06T09:40:56.841000Z
sensor.greenpi_arduino_nano_roomtemp_temperature,31.29,2025-11-06T09:42:36.923000Z
sensor.greenpi_arduino_nano_roomtemp_temperature,31.35,2025-11-06T09:44:17.006000Z
sensor.greenpi_arduino_nano_roomtemp_temperature,31.43,2025-11-06T09:45:57.094000Z
sensor.greenpi_arduino_nano_roomtemp_temperature,31.49,2025-11-06T09:47:37.188000Z
sensor.greenpi_arduino_nano_roomtemp_temperature,31.55,2025-11-06T09:49:17.316000Z
sensor.greenpi_arduino_nano_roomtemp_temperature,31.64,2025-11-06T09:50:57.345000Z
sensor.greenpi_arduino_nano_roomtemp_temperature,31.69,2025-11-06T09:52:37.432000Z
sensor.greenpi_arduino_nano_roomtemp_temperature,31.75,2025-11-06T09:54:17.525000Z
sensor.greenpi_arduino_nano_roomtemp_temperature,31.79,2025-11-06T09:55:57.675000Z
sensor.greenpi_arduino_nano_roomtemp_temperature,31.84,2025-11-06T09:57:37.787000Z
sensor.greenpi_arduino_nano_roomtemp_temperature,31.9,2025-11-06T09:59:17.753000Z
sensor.greenpi_arduino_nano_roomtemp_temperature,31.96,2025-11-06T10:00:57.925000Z
sensor.greenpi_arduino_nano_roomtemp_temperature,32.02,2025-11-06T10:02:37.913000Z
sensor.greenpi_arduino_nano_roomtemp_temperature,32.09,2025-11-06T10:04:18.001000Z
sensor.greenpi_arduino_nano_roomtemp_temperature,32.13,2025-11-06T10:05:58.135000Z
sensor.greenpi_arduino_nano_roomtemp_temperature,32.18,2025-11-06T10:07:38.227000Z
sensor.greenpi_arduino_nano_roomtemp_temperature,32.22,2025-11-06T10:09:18.186000Z
sensor.greenpi_arduino_nano_roomtemp_temperature,32.28,2025-11-06T10:10:58.295000Z
sensor.greenpi_arduino_nano_roomtemp_temperature,32.32,2025-11-06T10:12:38.352000Z
sensor.greenpi_arduino_nano_roomtemp_temperature,32.39,2025-11-06T10:14:18.432000Z
sensor.greenpi_arduino_nano_roomtemp_temperature,32.43,2025-11-06T10:15:58.525000Z
sensor.greenpi_arduino_nano_roomtemp_temperature,32.47,2025-11-06T10:17:38.589000Z
sensor.greenpi_arduino_nano_roomtemp_temperature,32.51,2025-11-06T10:19:18.679000Z
sensor.greenpi_arduino_nano_roomtemp_temperature,32.57,2025-11-06T10:20:58.778000Z
sensor.greenpi_arduino_nano_roomtemp_temperature,32.62,2025-11-06T10:22:38.875000Z
sensor.greenpi_arduino_nano_roomtemp_temperature,32.65,2025-11-06T10:24:18.958000Z
sensor.greenpi_arduino_nano_roomtemp_temperature,32.71,2025-11-06T10:25:59.065000Z
sensor.greenpi_arduino_nano_roomtemp_temperature,32.74,2025-11-06T10:27:39.128000Z
sensor.greenpi_arduino_nano_roomtemp_temperature,32.78,2025-11-06T10:29:19.206000Z
sensor.greenpi_arduino_nano_roomtemp_temperature,32.84,2025-11-06T10:30:59.365000Z
sensor.greenpi_arduino_nano_roomtemp_temperature,32.86,2025-11-06T10:32:39.406000Z
sensor.greenpi_arduino_nano_roomtemp_temperature,32.88,2025-11-06T10:34:19.527000Z
sensor.greenpi_arduino_nano_roomtemp_temperature,32.93,2025-11-06T10:35:59.578000Z
sensor.greenpi_arduino_nano_roomtemp_temperature,32.97,2025-11-06T10:37:39.662000Z
sensor.greenpi_arduino_nano_roomtemp_temperature,33.0,2025-11-06T10:39:19.771000Z
sensor.greenpi_arduino_nano_roomtemp_temperature,33.04,2025-11-06T10:40:59.876000Z
sensor.greenpi_arduino_nano_roomtemp_temperature,33.1,2025-11-06T10:42:39.924000Z
sensor.greenpi_arduino_nano_roomtemp_temperature,33.12,2025-11-06T10:44:20.016000Z
sensor.greenpi_arduino_nano_roomtemp_temperature,33.17,2025-11-06T10:46:00.097000Z
sensor.greenpi_arduino_nano_roomtemp_temperature,33.19,2025-11-06T10:47:40.247000Z
sensor.greenpi_arduino_nano_roomtemp_temperature,33.25,2025-11-06T10:49:20.345000Z
sensor.greenpi_arduino_nano_roomtemp_temperature,33.28,2025-11-06T10:51:00.385000Z
sensor.greenpi_arduino_nano_roomtemp_temperature,33.3,2025-11-06T10:52:40.477000Z
sensor.greenpi_arduino_nano_roomtemp_temperature,33.33,2025-11-06T10:54:20.561000Z
sensor.greenpi_arduino_nano_roomtemp_temperature,33.39,2025-11-06T10:56:00.735000Z
sensor.greenpi_arduino_nano_roomtemp_temperature,33.41,2025-11-06T10:59:20.771000Z
sensor.greenpi_arduino_nano_roomtemp_temperature,33.45,2025-11-06T11:01:00.858000Z
sensor.greenpi_arduino_nano_roomtemp_temperature,33.48,2025-11-06T11:02:40.948000Z
sensor.greenpi_arduino_nano_roomtemp_temperature,33.51,2025-11-06T11:04:21.140000Z
sensor.greenpi_arduino_nano_roomtemp_temperature,33.55,2025-11-06T11:06:01.089000Z
sensor.greenpi_arduino_nano_roomtemp_temperature,33.56,2025-11-06T11:07:41.184000Z
sensor.greenpi_arduino_nano_roomtemp_temperature,33.6,2025-11-06T11:09:21.262000Z
sensor.greenpi_arduino_nano_roomtemp_temperature,33.63,2025-11-06T11:11:01.375000Z
sensor.greenpi_arduino_nano_roomtemp_temperature,33.65,2025-11-06T11:12:41.431000Z
sensor.greenpi_arduino_nano_roomtemp_temperature,33.67,2025-11-06T11:14:21.503000Z
sensor.greenpi_arduino_nano_roomtemp_temperature,33.71,2025-11-06T11:16:01.552000Z
sensor.greenpi_arduino_nano_roomtemp_temperature,33.74,2025-11-06T11:17:41.645000Z
sensor.greenpi_arduino_nano_roomtemp_temperature,33.75,2025-11-06T11:19:21.699000Z
sensor.greenpi_arduino_nano_roomtemp_temperature,33.81,2025-11-06T11:21:01.851000Z
sensor.greenpi_arduino_nano_roomtemp_temperature,33.82,2025-11-06T11:22:41.870000Z
sensor.greenpi_arduino_nano_roomtemp_temperature,33.85,2025-11-06T11:24:22.040000Z
sensor.greenpi_arduino_nano_roomtemp_temperature,33.86,2025-11-06T11:26:01.992000Z
sensor.greenpi_arduino_nano_roomtemp_temperature,33.91,2025-11-06T11:27:42.096000Z
sensor.greenpi_arduino_nano_roomtemp_temperature,33.93,2025-11-06T11:29:22.191000Z
sensor.greenpi_arduino_nano_roomtemp_temperature,33.96,2025-11-06T11:31:02.238000Z
sensor.greenpi_arduino_nano_roomtemp_temperature,33.97,2025-11-06T11:32:42.320000Z
sensor.greenpi_arduino_nano_roomtemp_temperature,33.99,2025-11-06T11:34:22.403000Z
sensor.greenpi_arduino_nano_roomtemp_temperature,34.02,2025-11-06T11:36:02.449000Z
sensor.greenpi_arduino_nano_roomtemp_temperature,34.07,2025-11-06T11:37:42.506000Z
sensor.greenpi_arduino_nano_roomtemp_temperature,34.12,2025-11-06T11:41:02.652000Z
sensor.greenpi_arduino_nano_roomtemp_temperature,34.13,2025-11-06T11:42:42.753000Z
sensor.greenpi_arduino_nano_roomtemp_temperature,34.15,2025-11-06T11:44:22.840000Z
sensor.greenpi_arduino_nano_roomtemp_temperature,34.18,2025-11-06T11:46:02.895000Z
sensor.greenpi_arduino_nano_roomtemp_temperature,34.22,2025-11-06T11:49:23.041000Z
sensor.greenpi_arduino_nano_roomtemp_temperature,34.24,2025-11-06T11:51:03.088000Z
sensor.greenpi_arduino_nano_roomtemp_temperature,34.27,2025-11-06T11:52:43.143000Z
sensor.greenpi_arduino_nano_roomtemp_temperature,34.3,2025-11-06T11:54:23.239000Z
sensor.greenpi_arduino_nano_roomtemp_temperature,34.33,2025-11-06T11:56:03.286000Z
sensor.greenpi_arduino_nano_roomtemp_temperature,34.37,2025-11-06T11:59:23.468000Z
sensor.greenpi_arduino_nano_roomtemp_temperature,34.35,2025-11-06T12:01:03.518000Z
sensor.greenpi_arduino_nano_roomtemp_temperature,34.42,2025-11-06T12:02:43.637000Z
sensor.greenpi_arduino_nano_roomtemp_temperature,34.45,2025-11-06T12:06:03.762000Z
sensor.greenpi_arduino_nano_roomtemp_temperature,34.46,2025-11-06T12:07:43.940000Z
sensor.greenpi_arduino_nano_roomtemp_temperature,34.5,2025-11-06T12:09:24.048000Z
sensor.greenpi_arduino_nano_roomtemp_temperature,34.53,2025-11-06T12:11:03.972000Z
sensor.greenpi_arduino_nano_roomtemp_temperature,34.55,2025-11-06T12:12:44.107000Z
sensor.greenpi_arduino_nano_roomtemp_temperature,34.57,2025-11-06T12:14:24.121000Z
sensor.greenpi_arduino_nano_roomtemp_temperature,34.6,2025-11-06T12:17:44.273000Z
sensor.greenpi_arduino_nano_roomtemp_temperature,34.63,2025-11-06T12:19:24.343000Z
sensor.greenpi_arduino_nano_roomtemp_temperature,34.67,2025-11-06T12:22:44.505000Z
sensor.greenpi_arduino_nano_roomtemp_temperature,34.68,2025-11-06T12:24:24.561000Z
sensor.greenpi_arduino_nano_roomtemp_temperature,34.7,2025-11-06T12:26:04.611000Z
sensor.greenpi_arduino_nano_roomtemp_temperature,34.72,2025-11-06T12:27:44.701000Z
sensor.greenpi_arduino_nano_roomtemp_temperature,34.74,2025-11-06T12:29:24.783000Z
sensor.greenpi_arduino_nano_roomtemp_temperature,34.75,2025-11-06T12:31:04.897000Z
sensor.greenpi_arduino_nano_roomtemp_temperature,34.76,2025-11-06T12:34:25.056000Z
sensor.greenpi_arduino_nano_roomtemp_temperature,34.81,2025-11-06T12:36:05.107000Z
sensor.greenpi_arduino_nano_roomtemp_temperature,34.82,2025-11-06T12:37:45.202000Z
sensor.greenpi_arduino_nano_roomtemp_temperature,34.85,2025-11-06T12:39:25.372000Z
sensor.greenpi_arduino_nano_roomtemp_temperature,34.86,2025-11-06T12:41:05.404000Z
sensor.greenpi_arduino_nano_roomtemp_temperature,34.89,2025-11-06T12:42:45.430000Z
sensor.greenpi_arduino_nano_roomtemp_temperature,34.92,2025-11-06T12:46:05.532000Z
sensor.greenpi_arduino_nano_roomtemp_temperature,34.93,2025-11-06T12:47:45.642000Z
sensor.greenpi_arduino_nano_roomtemp_temperature,34.97,2025-11-06T12:51:05.718000Z
sensor.greenpi_arduino_nano_roomtemp_temperature,35.01,2025-11-06T12:52:45.814000Z
sensor.greenpi_arduino_nano_roomtemp_temperature,35.05,2025-11-06T12:56:05.957000Z
sensor.greenpi_arduino_nano_roomtemp_temperature,35.04,2025-11-06T12:57:46.034000Z
sensor.greenpi_arduino_nano_roomtemp_temperature,35.05,2025-11-06T12:59:26.083000Z
sensor.greenpi_arduino_nano_roomtemp_temperature,35.07,2025-11-06T13:01:06.138000Z
sensor.greenpi_arduino_nano_roomtemp_temperature,35.12,2025-11-06T13:02:46.251000Z
sensor.greenpi_arduino_nano_roomtemp_temperature,35.11,2025-11-06T13:04:26.293000Z
sensor.greenpi_arduino_nano_roomtemp_temperature,35.12,2025-11-06T13:06:06.388000Z
sensor.greenpi_arduino_nano_roomtemp_temperature,35.15,2025-11-06T13:07:46.471000Z
sensor.greenpi_arduino_nano_roomtemp_temperature,35.19,2025-11-06T13:11:06.647000Z
sensor.greenpi_arduino_nano_roomtemp_temperature,35.2,2025-11-06T13:14:26.891000Z
sensor.greenpi_arduino_nano_roomtemp_temperature,35.23,2025-11-06T13:16:06.924000Z
sensor.greenpi_arduino_nano_roomtemp_temperature,35.26,2025-11-06T13:17:47.021000Z
sensor.greenpi_arduino_nano_roomtemp_temperature,35.27,2025-11-06T13:19:27.067000Z
sensor.greenpi_arduino_nano_roomtemp_temperature,35.3,2025-11-06T13:22:47.243000Z
sensor.greenpi_arduino_nano_roomtemp_temperature,35.33,2025-11-06T13:26:07.498000Z
sensor.greenpi_arduino_nano_roomtemp_temperature,35.34,2025-11-06T13:27:47.549000Z
sensor.greenpi_arduino_nano_roomtemp_temperature,35.37,2025-11-06T13:29:27.606000Z
sensor.greenpi_arduino_nano_roomtemp_temperature,35.38,2025-11-06T13:34:27.851000Z
sensor.greenpi_arduino_nano_roomtemp_temperature,35.42,2025-11-06T13:36:07.937000Z
sensor.greenpi_arduino_nano_roomtemp_temperature,35.46,2025-11-06T13:39:28.075000Z
sensor.greenpi_arduino_nano_roomtemp_temperature,35.44,2025-11-06T13:41:08.206000Z
sensor.greenpi_arduino_nano_roomtemp_temperature,35.49,2025-11-06T13:42:48.223000Z
sensor.greenpi_arduino_nano_roomtemp_temperature,35.5,2025-11-06T13:46:08.374000Z
sensor.greenpi_arduino_nano_roomtemp_temperature,35.53,2025-11-06T13:47:48.446000Z
sensor.greenpi_arduino_nano_roomtemp_temperature,35.54,2025-11-06T13:49:28.593000Z
sensor.greenpi_arduino_nano_roomtemp_temperature,35.56,2025-11-06T13:51:08.638000Z
sensor.greenpi_arduino_nano_roomtemp_temperature,35.54,2025-11-06T13:52:48.710000Z
sensor.greenpi_arduino_nano_roomtemp_temperature,35.56,2025-11-06T13:54:28.758000Z
sensor.greenpi_arduino_nano_roomtemp_temperature,35.58,2025-11-06T13:56:08.849000Z
sensor.greenpi_arduino_nano_roomtemp_temperature,35.6,2025-11-06T13:57:48.956000Z
sensor.greenpi_arduino_nano_roomtemp_temperature,35.62,2025-11-06T14:01:09.118000Z
sensor.greenpi_arduino_nano_roomtemp_temperature,35.65,2025-11-06T14:02:49.188000Z
sensor.greenpi_arduino_nano_roomtemp_temperature,35.66,2025-11-06T14:06:09.334000Z
sensor.greenpi_arduino_nano_roomtemp_temperature,35.68,2025-11-06T14:07:49.415000Z
sensor.greenpi_arduino_nano_roomtemp_temperature,35.69,2025-11-06T14:09:29.509000Z
sensor.greenpi_arduino_nano_roomtemp_temperature,35.72,2025-11-06T14:11:09.596000Z
sensor.greenpi_arduino_nano_roomtemp_temperature,35.75,2025-11-06T14:14:29.788000Z
sensor.greenpi_arduino_nano_roomtemp_temperature,35.76,2025-11-06T14:17:49.975000Z
sensor.greenpi_arduino_nano_roomtemp_temperature,35.77,2025-11-06T14:21:10.162000Z
sensor.greenpi_arduino_nano_roomtemp_temperature,35.82,2025-11-06T14:24:30.329000Z
sensor.greenpi_arduino_nano_roomtemp_temperature,35.84,2025-11-06T14:27:50.471000Z
sensor.greenpi_arduino_nano_roomtemp_temperature,35.86,2025-11-06T14:29:30.578000Z
sensor.greenpi_arduino_nano_roomtemp_temperature,35.87,2025-11-06T14:32:50.826000Z
sensor.greenpi_arduino_nano_roomtemp_temperature,35.88,2025-11-06T14:36:11.011000Z
sensor.greenpi_arduino_nano_roomtemp_temperature,35.87,2025-11-06T14:37:50.988000Z
sensor.greenpi_arduino_nano_roomtemp_temperature,35.9,2025-11-06T14:39:31.077000Z
sensor.greenpi_arduino_nano_roomtemp_temperature,35.93,2025-11-06T14:41:11.256000Z
sensor.greenpi_arduino_nano_roomtemp_temperature,35.95,2025-11-06T14:42:51.229000Z
sensor.greenpi_arduino_nano_roomtemp_temperature,35.97,2025-11-06T14:46:11.424000Z
sensor.greenpi_arduino_nano_roomtemp_temperature,35.98,2025-11-06T14:49:31.605000Z
sensor.greenpi_arduino_nano_roomtemp_temperature,36.01,2025-11-06T14:51:11.682000Z
sensor.greenpi_arduino_nano_roomtemp_temperature,35.99,2025-11-06T14:52:51.772000Z
sensor.greenpi_arduino_nano_roomtemp_temperature,36.01,2025-11-06T14:54:31.854000Z
sensor.greenpi_arduino_nano_roomtemp_temperature,36.02,2025-11-06T14:57:52.033000Z
sensor.greenpi_arduino_nano_roomtemp_temperature,36.03,2025-11-06T14:59:32.144000Z
sensor.greenpi_arduino_nano_roomtemp_temperature,36.08,2025-11-06T15:04:32.402000Z
sensor.greenpi_arduino_nano_roomtemp_temperature,36.09,2025-11-06T15:09:32.654000Z
sensor.greenpi_arduino_nano_roomtemp_temperature,36.12,2025-11-06T15:11:12.677000Z
sensor.greenpi_arduino_nano_roomtemp_temperature,36.13,2025-11-06T15:12:52.732000Z
sensor.greenpi_arduino_nano_roomtemp_temperature,36.12,2025-11-06T15:14:32.818000Z
sensor.greenpi_arduino_nano_roomtemp_temperature,36.13,2025-11-06T15:16:12.927000Z
sensor.greenpi_arduino_nano_roomtemp_temperature,36.16,2025-11-06T15:17:53.019000Z
sensor.greenpi_arduino_nano_roomtemp_temperature,36.17,2025-11-06T15:21:13.279000Z
sensor.greenpi_arduino_nano_roomtemp_temperature,36.19,2025-11-06T15:24:33.422000Z
sensor.greenpi_arduino_nano_roomtemp_temperature,36.2,2025-11-06T15:26:13.458000Z
sensor.greenpi_arduino_nano_roomtemp_temperature,36.21,2025-11-06T15:27:53.498000Z
sensor.greenpi_arduino_nano_roomtemp_temperature,36.23,2025-11-06T15:29:33.617000Z
sensor.greenpi_arduino_nano_roomtemp_temperature,36.24,2025-11-06T15:31:13.678000Z
sensor.greenpi_arduino_nano_roomtemp_temperature,36.21,2025-11-06T15:32:53.763000Z
sensor.greenpi_arduino_nano_roomtemp_temperature,36.25,2025-11-06T15:34:33.907000Z
sensor.greenpi_arduino_nano_roomtemp_temperature,36.27,2025-11-06T15:36:13.941000Z
sensor.greenpi_arduino_nano_roomtemp_temperature,36.28,2025-11-06T15:41:14.182000Z
sensor.greenpi_arduino_nano_roomtemp_temperature,36.31,2025-11-06T15:46:14.472000Z
sensor.greenpi_arduino_nano_roomtemp_temperature,36.32,2025-11-06T15:49:34.624000Z
sensor.greenpi_arduino_nano_roomtemp_temperature,36.31,2025-11-06T15:51:14.727000Z
sensor.greenpi_arduino_nano_roomtemp_temperature,36.32,2025-11-06T15:52:54.829000Z
sensor.greenpi_arduino_nano_roomtemp_temperature,36.35,2025-11-06T15:54:34.929000Z
sensor.greenpi_arduino_nano_roomtemp_temperature,36.39,2025-11-06T15:56:15.021000Z
sensor.greenpi_arduino_nano_roomtemp_temperature,36.38,2025-11-06T15:57:55.191000Z
sensor.greenpi_arduino_nano_roomtemp_temperature,36.39,2025-11-06T15:59:35.272000Z
sensor.greenpi_arduino_nano_roomtemp_temperature,36.38,2025-11-06T16:02:55.383000Z
sensor.greenpi_arduino_nano_roomtemp_temperature,36.39,2025-11-06T16:04:35.470000Z
sensor.greenpi_arduino_nano_roomtemp_temperature,36.4,2025-11-06T16:06:15.556000Z
sensor.greenpi_arduino_nano_roomtemp_temperature,36.45,2025-11-06T16:09:35.782000Z
sensor.greenpi_arduino_nano_roomtemp_temperature,36.4,2025-11-06T16:11:15.792000Z
sensor.greenpi_arduino_nano_roomtemp_temperature,36.42,2025-11-06T16:12:55.841000Z
sensor.greenpi_arduino_nano_roomtemp_temperature,36.46,2025-11-06T16:14:35.931000Z
sensor.greenpi_arduino_nano_roomtemp_temperature,36.47,2025-11-06T16:22:56.327000Z
sensor.greenpi_arduino_nano_roomtemp_temperature,36.49,2025-11-06T16:24:36.378000Z
sensor.greenpi_arduino_nano_roomtemp_temperature,36.51,2025-11-06T16:26:16.483000Z
sensor.greenpi_arduino_nano_roomtemp_temperature,36.5,2025-11-06T16:27:56.614000Z
sensor.greenpi_arduino_nano_roomtemp_temperature,36.51,2025-11-06T16:29:36.663000Z
sensor.greenpi_arduino_nano_roomtemp_temperature,36.54,2025-11-06T16:31:16.757000Z
sensor.greenpi_arduino_nano_roomtemp_temperature,36.53,2025-11-06T16:32:56.916000Z
sensor.greenpi_arduino_nano_roomtemp_temperature,36.55,2025-11-06T16:34:36.923000Z
sensor.greenpi_arduino_nano_roomtemp_temperature,36.54,2025-11-06T16:36:17.014000Z
sensor.greenpi_arduino_nano_roomtemp_temperature,36.55,2025-11-06T16:37:57.062000Z
sensor.greenpi_arduino_nano_roomtemp_temperature,36.56,2025-11-06T16:44:37.485000Z
sensor.greenpi_arduino_nano_roomtemp_temperature,36.57,2025-11-06T16:47:57.628000Z
sensor.greenpi_arduino_nano_roomtemp_temperature,36.59,2025-11-06T16:49:37.723000Z
sensor.greenpi_arduino_nano_roomtemp_temperature,36.57,2025-11-06T16:52:57.869000Z
sensor.greenpi_arduino_nano_roomtemp_temperature,36.61,2025-11-06T16:54:37.949000Z
sensor.greenpi_arduino_nano_roomtemp_temperature,36.64,2025-11-06T17:02:58.262000Z
sensor.greenpi_arduino_nano_roomtemp_temperature,36.67,2025-11-06T17:04:38.346000Z
sensor.greenpi_arduino_nano_roomtemp_temperature,36.71,2025-11-06T17:07:58.610000Z
sensor.greenpi_arduino_nano_roomtemp_temperature,36.67,2025-11-06T17:09:38.603000Z
sensor.greenpi_arduino_nano_roomtemp_temperature,36.68,2025-11-06T17:12:58.818000Z
sensor.greenpi_arduino_nano_roomtemp_temperature,36.67,2025-11-06T17:16:18.993000Z
sensor.greenpi_arduino_nano_roomtemp_temperature,36.7,2025-11-06T17:17:59.188000Z
sensor.greenpi_arduino_nano_roomtemp_temperature,36.67,2025-11-06T17:21:19.274000Z
sensor.greenpi_arduino_nano_roomtemp_temperature,36.65,2025-11-06T17:22:59.350000Z
sensor.greenpi_arduino_nano_roomtemp_temperature,36.67,2025-11-06T17:24:39.528000Z
sensor.greenpi_arduino_nano_roomtemp_temperature,36.65,2025-11-06T17:29:39.753000Z
sensor.greenpi_arduino_nano_roomtemp_temperature,36.67,2025-11-06T17:31:19.801000Z
sensor.greenpi_arduino_nano_roomtemp_temperature,36.68,2025-11-06T17:36:20.080000Z
sensor.greenpi_arduino_nano_roomtemp_temperature,36.7,2025-11-06T17:38:00.202000Z
sensor.greenpi_arduino_nano_roomtemp_temperature,36.67,2025-11-06T17:39:40.259000Z
sensor.greenpi_arduino_nano_roomtemp_temperature,36.68,2025-11-06T17:41:20.366000Z
sensor.greenpi_arduino_nano_roomtemp_temperature,36.71,2025-11-06T17:43:00.467000Z
sensor.greenpi_arduino_nano_roomtemp_temperature,36.7,2025-11-06T17:44:40.568000Z
sensor.greenpi_arduino_nano_roomtemp_temperature,36.74,2025-11-06T17:51:20.935000Z
sensor.greenpi_arduino_nano_roomtemp_temperature,36.71,2025-11-06T17:53:01.022000Z
sensor.greenpi_arduino_nano_roomtemp_temperature,36.75,2025-11-06T17:54:41.110000Z
sensor.greenpi_arduino_nano_roomtemp_temperature,36.76,2025-11-06T17:58:01.266000Z
sensor.greenpi_arduino_nano_roomtemp_temperature,36.75,2025-11-06T18:01:21.413000Z
sensor.greenpi_arduino_nano_roomtemp_temperature,36.78,2025-11-06T18:03:01.461000Z
sensor.greenpi_arduino_nano_roomtemp_temperature,36.76,2025-11-06T18:04:41.565000Z
sensor.greenpi_arduino_nano_roomtemp_temperature,36.78,2025-11-06T18:06:21.669000Z
sensor.greenpi_arduino_nano_roomtemp_temperature,36.82,2025-11-06T18:08:01.766000Z
sensor.greenpi_arduino_nano_roomtemp_temperature,36.81,2025-11-06T18:09:41.866000Z
sensor.greenpi_arduino_nano_roomtemp_temperature,36.82,2025-11-06T18:11:21.957000Z
sensor.greenpi_arduino_nano_roomtemp_temperature,36.81,2025-11-06T18:14:42.115000Z
sensor.greenpi_arduino_nano_roomtemp_temperature,36.83,2025-11-06T18:16:22.199000Z
sensor.greenpi_arduino_nano_roomtemp_temperature,36.81,2025-11-06T18:18:02.258000Z
sensor.greenpi_arduino_nano_roomtemp_temperature,36.82,2025-11-06T18:19:42.406000Z
sensor.greenpi_arduino_nano_roomtemp_temperature,36.83,2025-11-06T18:23:02.512000Z
sensor.greenpi_arduino_nano_roomtemp_temperature,36.87,2025-11-06T18:26:22.697000Z
sensor.greenpi_arduino_nano_roomtemp_temperature,36.88,2025-11-06T18:28:02.783000Z
sensor.greenpi_arduino_nano_roomtemp_temperature,36.87,2025-11-06T18:29:42.839000Z
sensor.greenpi_arduino_nano_roomtemp_temperature,36.85,2025-11-06T18:31:22.926000Z
sensor.greenpi_arduino_nano_roomtemp_temperature,36.88,2025-11-06T18:33:02.973000Z
sensor.greenpi_arduino_nano_roomtemp_temperature,36.85,2025-11-06T18:39:43.247000Z
sensor.greenpi_arduino_nano_roomtemp_temperature,36.9,2025-11-06T18:41:23.396000Z
sensor.greenpi_arduino_nano_roomtemp_temperature,36.91,2025-11-06T18:43:03.384000Z
sensor.greenpi_arduino_nano_roomtemp_temperature,36.92,2025-11-06T18:44:43.466000Z
sensor.greenpi_arduino_nano_roomtemp_temperature,36.94,2025-11-06T18:48:03.682000Z
sensor.greenpi_arduino_nano_roomtemp_temperature,36.92,2025-11-06T18:53:03.798000Z
sensor.greenpi_arduino_nano_roomtemp_temperature,36.94,2025-11-06T19:01:24.118000Z
sensor.greenpi_arduino_nano_roomtemp_temperature,36.95,2025-11-06T19:03:04.236000Z
sensor.greenpi_arduino_nano_roomtemp_temperature,36.97,2025-11-06T19:04:44.267000Z
sensor.greenpi_arduino_nano_roomtemp_temperature,36.98,2025-11-06T19:06:24.400000Z
sensor.greenpi_arduino_nano_roomtemp_temperature,36.97,2025-11-06T19:08:04.460000Z
sensor.greenpi_arduino_nano_roomtemp_temperature,36.95,2025-11-06T19:09:44.502000Z
sensor.greenpi_arduino_nano_roomtemp_temperature,36.98,2025-11-06T19:11:24.601000Z
sensor.greenpi_arduino_nano_roomtemp_temperature,36.97,2025-11-06T19:16:24.924000Z
sensor.greenpi_arduino_nano_roomtemp_temperature,36.99,2025-11-06T19:18:04.928000Z
sensor.greenpi_arduino_nano_roomtemp_temperature,36.98,2025-11-06T19:21:25.137000Z
sensor.greenpi_arduino_nano_roomtemp_temperature,37.02,2025-11-06T19:23:05.194000Z
sensor.greenpi_arduino_nano_roomtemp_temperature,37.01,2025-11-06T19:24:45.359000Z
sensor.greenpi_arduino_nano_roomtemp_temperature,36.99,2025-11-06T19:26:25.387000Z
sensor.greenpi_arduino_nano_roomtemp_temperature,36.98,2025-11-06T19:28:05.434000Z
sensor.greenpi_arduino_nano_roomtemp_temperature,36.99,2025-11-06T19:29:45.486000Z
sensor.greenpi_arduino_nano_roomtemp_temperature,37.01,2025-11-06T19:31:25.597000Z
sensor.greenpi_arduino_nano_roomtemp_temperature,36.99,2025-11-06T19:33:05.625000Z
sensor.greenpi_arduino_nano_roomtemp_temperature,37.01,2025-11-06T19:36:25.801000Z
sensor.greenpi_arduino_nano_roomtemp_temperature,36.99,2025-11-06T19:39:45.944000Z
sensor.greenpi_arduino_nano_roomtemp_temperature,37.01,2025-11-06T19:41:26.047000Z
sensor.greenpi_arduino_nano_roomtemp_temperature,36.99,2025-11-06T19:43:06.097000Z
sensor.greenpi_arduino_nano_roomtemp_temperature,37.03,2025-11-06T19:44:46.192000Z
sensor.greenpi_arduino_nano_roomtemp_temperature,37.02,2025-11-06T19:46:26.328000Z
sensor.greenpi_arduino_nano_roomtemp_temperature,37.06,2025-11-06T19:48:06.317000Z
sensor.greenpi_arduino_nano_roomtemp_temperature,37.03,2025-11-06T19:49:46.406000Z
sensor.greenpi_arduino_nano_roomtemp_temperature,37.06,2025-11-06T19:51:26.452000Z
sensor.greenpi_arduino_nano_roomtemp_temperature,37.03,2025-11-06T19:59:46.827000Z
sensor.greenpi_arduino_nano_roomtemp_temperature,37.08,2025-11-06T20:01:26.942000Z
sensor.greenpi_arduino_nano_roomtemp_temperature,37.06,2025-11-06T20:04:47.144000Z
sensor.greenpi_arduino_nano_roomtemp_temperature,37.1,2025-11-06T20:09:47.405000Z
sensor.greenpi_arduino_nano_roomtemp_temperature,37.08,2025-11-06T20:11:27.481000Z
sensor.greenpi_arduino_nano_roomtemp_temperature,37.09,2025-11-06T20:13:07.558000Z
sensor.greenpi_arduino_nano_roomtemp_temperature,37.06,2025-11-06T20:14:47.609000Z
sensor.greenpi_arduino_nano_roomtemp_temperature,37.09,2025-11-06T20:16:27.709000Z
sensor.greenpi_arduino_nano_roomtemp_temperature,37.08,2025-11-06T20:18:07.842000Z
sensor.greenpi_arduino_nano_roomtemp_temperature,37.09,2025-11-06T20:24:48.104000Z
sensor.greenpi_arduino_nano_roomtemp_temperature,37.08,2025-11-06T20:26:28.189000Z
sensor.greenpi_arduino_nano_roomtemp_temperature,37.09,2025-11-06T20:29:48.323000Z
sensor.greenpi_arduino_nano_roomtemp_temperature,37.12,2025-11-06T20:31:28.411000Z
sensor.greenpi_arduino_nano_roomtemp_temperature,37.13,2025-11-06T20:34:48.688000Z
sensor.greenpi_arduino_nano_roomtemp_temperature,37.12,2025-11-06T20:36:28.692000Z
sensor.greenpi_arduino_nano_roomtemp_temperature,37.1,2025-11-06T20:41:28.964000Z
sensor.greenpi_arduino_nano_roomtemp_temperature,37.12,2025-11-06T20:43:09.052000Z
sensor.greenpi_arduino_nano_roomtemp_temperature,37.1,2025-11-06T20:46:29.219000Z
sensor.greenpi_arduino_nano_roomtemp_temperature,37.14,2025-11-06T20:48:09.317000Z
sensor.greenpi_arduino_nano_roomtemp_temperature,37.13,2025-11-06T20:53:09.548000Z
sensor.greenpi_arduino_nano_roomtemp_temperature,37.14,2025-11-06T20:56:29.703000Z
sensor.greenpi_arduino_nano_roomtemp_temperature,37.13,2025-11-06T20:58:09.806000Z
sensor.greenpi_arduino_nano_roomtemp_temperature,37.17,2025-11-06T20:59:49.903000Z
sensor.greenpi_arduino_nano_roomtemp_temperature,37.14,2025-11-06T21:01:29.988000Z
sensor.greenpi_arduino_nano_roomtemp_temperature,37.17,2025-11-06T21:04:50.203000Z
sensor.greenpi_arduino_nano_roomtemp_temperature,37.14,2025-11-06T21:08:10.296000Z
sensor.greenpi_arduino_nano_roomtemp_temperature,37.13,2025-11-06T21:09:50.357000Z
sensor.greenpi_arduino_nano_roomtemp_temperature,37.16,2025-11-06T21:11:30.443000Z
sensor.greenpi_arduino_nano_roomtemp_temperature,37.14,2025-11-06T21:14:50.613000Z
sensor.greenpi_arduino_nano_roomtemp_temperature,37.17,2025-11-06T21:18:10.794000Z
sensor.greenpi_arduino_nano_roomtemp_temperature,37.16,2025-11-06T21:19:50.845000Z
sensor.greenpi_arduino_nano_roomtemp_temperature,37.17,2025-11-06T21:21:30.980000Z
sensor.greenpi_arduino_nano_roomtemp_temperature,37.16,2025-11-06T21:23:11.005000Z
sensor.greenpi_arduino_nano_roomtemp_temperature,37.17,2025-11-06T21:24:51.143000Z
sensor.greenpi_arduino_nano_roomtemp_temperature,37.18,2025-11-06T21:28:11.230000Z
sensor.greenpi_arduino_nano_roomtemp_temperature,37.17,2025-11-06T21:29:51.288000Z
sensor.greenpi_arduino_nano_roomtemp_temperature,37.18,2025-11-06T21:31:31.374000Z
sensor.greenpi_arduino_nano_roomtemp_temperature,37.17,2025-11-06T21:34:51.554000Z
sensor.greenpi_arduino_nano_roomtemp_temperature,37.18,2025-11-06T21:38:11.748000Z
sensor.greenpi_arduino_nano_roomtemp_temperature,37.21,2025-11-06T21:39:51.838000Z
sensor.greenpi_arduino_nano_roomtemp_temperature,37.2,2025-11-06T21:41:31.932000Z
sensor.greenpi_arduino_nano_roomtemp_temperature,37.21,2025-11-06T21:43:12.022000Z
sensor.greenpi_arduino_nano_roomtemp_temperature,37.17,2025-11-06T21:44:52.110000Z
sensor.greenpi_arduino_nano_roomtemp_temperature,37.2,2025-11-06T21:46:32.273000Z
sensor.greenpi_arduino_nano_roomtemp_temperature,37.21,2025-11-06T21:51:32.505000Z
sensor.greenpi_arduino_nano_roomtemp_temperature,37.23,2025-11-06T22:01:33.025000Z
sensor.greenpi_arduino_nano_roomtemp_temperature,37.2,2025-11-06T22:03:13.118000Z
sensor.greenpi_arduino_nano_roomtemp_temperature,37.21,2025-11-06T22:06:33.317000Z
sensor.greenpi_arduino_nano_roomtemp_temperature,37.23,2025-11-06T22:08:13.396000Z
sensor.greenpi_arduino_nano_roomtemp_temperature,37.21,2025-11-06T22:09:53.461000Z
sensor.greenpi_arduino_nano_roomtemp_temperature,37.23,2025-11-06T22:19:54.026000Z
sensor.greenpi_arduino_nano_roomtemp_temperature,37.21,2025-11-06T22:26:34.238000Z
sensor.greenpi_arduino_nano_roomtemp_temperature,37.23,2025-11-06T22:28:14.325000Z
sensor.greenpi_arduino_nano_roomtemp_temperature,37.17,2025-11-06T22:29:54.460000Z
sensor.greenpi_arduino_nano_roomtemp_temperature,37.16,2025-11-06T22:31:34.526000Z
sensor.greenpi_arduino_nano_roomtemp_temperature,37.13,2025-11-06T22:33:14.641000Z
sensor.greenpi_arduino_nano_roomtemp_temperature,37.1,2025-11-06T22:34:54.737000Z
sensor.greenpi_arduino_nano_roomtemp_temperature,37.06,2025-11-06T22:36:34.809000Z
sensor.greenpi_arduino_nano_roomtemp_temperature,37.01,2025-11-06T22:41:35.148000Z
sensor.greenpi_arduino_nano_roomtemp_temperature,36.99,2025-11-06T22:43:15.204000Z
sensor.greenpi_arduino_nano_roomtemp_temperature,36.95,2025-11-06T22:44:55.212000Z
sensor.greenpi_arduino_nano_roomtemp_temperature,36.91,2025-11-06T22:46:35.303000Z
sensor.greenpi_arduino_nano_roomtemp_temperature,36.9,2025-11-06T22:48:15.399000Z
sensor.greenpi_arduino_nano_roomtemp_temperature,36.87,2025-11-06T22:49:55.492000Z
sensor.greenpi_arduino_nano_roomtemp_temperature,36.83,2025-11-06T22:51:35.574000Z
sensor.greenpi_arduino_nano_roomtemp_temperature,36.81,2025-11-06T22:53:15.656000Z
sensor.greenpi_arduino_nano_roomtemp_temperature,36.76,2025-11-06T22:54:55.754000Z
sensor.greenpi_arduino_nano_roomtemp_temperature,36.72,2025-11-06T22:59:56.024000Z
sensor.greenpi_arduino_nano_roomtemp_temperature,36.64,2025-11-06T23:03:16.188000Z
sensor.greenpi_arduino_nano_roomtemp_temperature,36.59,2025-11-06T23:06:36.315000Z
sensor.greenpi_arduino_nano_roomtemp_temperature,36.6,2025-11-06T23:08:16.400000Z
sensor.greenpi_arduino_nano_roomtemp_temperature,36.57,2025-11-06T23:09:56.482000Z
sensor.greenpi_arduino_nano_roomtemp_temperature,36.54,2025-11-06T23:11:36.605000Z
sensor.greenpi_arduino_nano_roomtemp_temperature,36.5,2025-11-06T23:14:56.708000Z
sensor.greenpi_arduino_nano_roomtemp_temperature,36.49,2025-11-06T23:18:16.886000Z
sensor.greenpi_arduino_nano_roomtemp_temperature,36.47,2025-11-06T23:19:56.948000Z
sensor.greenpi_arduino_nano_roomtemp_temperature,36.45,2025-11-06T23:21:37.033000Z
sensor.greenpi_arduino_nano_roomtemp_temperature,36.42,2025-11-06T23:24:57.230000Z
sensor.greenpi_arduino_nano_roomtemp_temperature,36.39,2025-11-06T23:26:37.323000Z
sensor.greenpi_arduino_nano_roomtemp_temperature,36.35,2025-11-06T23:28:17.422000Z
sensor.greenpi_arduino_nano_roomtemp_temperature,36.34,2025-11-06T23:29:57.532000Z
sensor.greenpi_arduino_nano_roomtemp_temperature,36.32,2025-11-06T23:33:17.712000Z
sensor.greenpi_arduino_nano_roomtemp_temperature,36.27,2025-11-06T23:34:57.815000Z
sensor.greenpi_arduino_nano_roomtemp_temperature,36.28,2025-11-06T23:38:17.943000Z
sensor.greenpi_arduino_nano_roomtemp_temperature,36.27,2025-11-06T23:39:58.053000Z
sensor.greenpi_arduino_nano_roomtemp_temperature,36.23,2025-11-06T23:41:38.137000Z
sensor.greenpi_arduino_nano_roomtemp_temperature,36.21,2025-11-06T23:43:18.241000Z
sensor.greenpi_arduino_nano_roomtemp_temperature,36.2,2025-11-06T23:44:58.330000Z
sensor.greenpi_arduino_nano_roomtemp_temperature,36.19,2025-11-06T23:46:38.420000Z
sensor.greenpi_arduino_nano_roomtemp_temperature,36.16,2025-11-06T23:49:58.623000Z
sensor.greenpi_arduino_nano_roomtemp_temperature,36.13,2025-11-06T23:51:38.706000Z
sensor.greenpi_arduino_nano_roomtemp_temperature,36.12,2025-11-06T23:53:18.809000Z
sensor.greenpi_arduino_nano_roomtemp_temperature,36.06,2025-11-06T23:54:58.939000Z
sensor.greenpi_arduino_nano_roomtemp_temperature,36.05,2025-11-06T23:59:59.251000Z
sensor.greenpi_arduino_nano_roomtemp_temperature,36.03,2025-11-07T00:01:39.258000Z
sensor.greenpi_arduino_nano_roomtemp_temperature,36.01,2025-11-07T00:06:39.537000Z
sensor.greenpi_arduino_nano_roomtemp_temperature,35.99,2025-11-07T00:08:19.611000Z
sensor.greenpi_arduino_nano_roomtemp_temperature,35.95,2025-11-07T00:11:39.778000Z
sensor.greenpi_arduino_nano_roomtemp_temperature,35.93,2025-11-07T00:16:40.040000Z
sensor.greenpi_arduino_nano_roomtemp_temperature,35.91,2025-11-07T00:20:00.296000Z
sensor.greenpi_arduino_nano_roomtemp_temperature,35.9,2025-11-07T00:21:40.292000Z
sensor.greenpi_arduino_nano_roomtemp_temperature,35.91,2025-11-07T00:23:20.385000Z
sensor.greenpi_arduino_nano_roomtemp_temperature,35.9,2025-11-07T00:25:00.460000Z
sensor.greenpi_arduino_nano_roomtemp_temperature,35.86,2025-11-07T00:26:40.556000Z
sensor.greenpi_arduino_nano_roomtemp_temperature,35.84,2025-11-07T00:28:20.724000Z
sensor.greenpi_arduino_nano_roomtemp_temperature,35.83,2025-11-07T00:30:00.829000Z
sensor.greenpi_arduino_nano_roomtemp_temperature,35.82,2025-11-07T00:35:01.059000Z
sensor.greenpi_arduino_nano_roomtemp_temperature,35.79,2025-11-07T00:36:41.077000Z
sensor.greenpi_arduino_nano_roomtemp_temperature,35.8,2025-11-07T00:38:21.158000Z
sensor.greenpi_arduino_nano_roomtemp_temperature,35.75,2025-11-07T00:40:01.212000Z
sensor.greenpi_arduino_nano_roomtemp_temperature,35.73,2025-11-07T00:41:41.343000Z
sensor.greenpi_arduino_nano_roomtemp_temperature,35.72,2025-11-07T00:45:01.518000Z
sensor.greenpi_arduino_nano_roomtemp_temperature,35.71,2025-11-07T00:48:21.717000Z
sensor.greenpi_arduino_nano_roomtemp_temperature,35.72,2025-11-07T00:50:01.760000Z
sensor.greenpi_arduino_nano_roomtemp_temperature,35.68,2025-11-07T00:51:41.850000Z
sensor.greenpi_arduino_nano_roomtemp_temperature,35.65,2025-11-07T00:55:02.027000Z
sensor.greenpi_arduino_nano_roomtemp_temperature,35.62,2025-11-07T00:56:42.177000Z
sensor.greenpi_arduino_nano_roomtemp_temperature,35.64,2025-11-07T00:58:22.207000Z
sensor.greenpi_arduino_nano_roomtemp_temperature,35.66,2025-11-07T01:00:02.253000Z
sensor.greenpi_arduino_nano_roomtemp_temperature,34.74,2025-11-07T01:01:42.360000Z
sensor.greenpi_arduino_nano_roomtemp_temperature,33.99,2025-11-07T01:03:22.414000Z
sensor.greenpi_arduino_nano_roomtemp_temperature,33.41,2025-11-07T01:05:02.486000Z
sensor.greenpi_arduino_nano_roomtemp_temperature,32.96,2025-11-07T01:06:42.560000Z
sensor.greenpi_arduino_nano_roomtemp_temperature,32.62,2025-11-07T01:08:22.606000Z
sensor.greenpi_arduino_nano_roomtemp_temperature,32.35,2025-11-07T01:10:02.653000Z
sensor.greenpi_arduino_nano_roomtemp_temperature,32.1,2025-11-07T01:11:42.708000Z
sensor.greenpi_arduino_nano_roomtemp_temperature,31.9,2025-11-07T01:13:22.814000Z
sensor.greenpi_arduino_nano_roomtemp_temperature,31.7,2025-11-07T01:15:02.915000Z
sensor.greenpi_arduino_nano_roomtemp_temperature,31.51,2025-11-07T01:16:42.957000Z
sensor.greenpi_arduino_nano_roomtemp_temperature,31.35,2025-11-07T01:18:23.045000Z
sensor.greenpi_arduino_nano_roomtemp_temperature,31.2,2025-11-07T01:20:03.093000Z
sensor.greenpi_arduino_nano_roomtemp_temperature,31.05,2025-11-07T01:21:43.181000Z
sensor.greenpi_arduino_nano_roomtemp_temperature,30.93,2025-11-07T01:23:23.275000Z
sensor.greenpi_arduino_nano_roomtemp_temperature,30.8,2025-11-07T01:25:03.318000Z
sensor.greenpi_arduino_nano_roomtemp_temperature,30.69,2025-11-07T01:26:43.413000Z
sensor.greenpi_arduino_nano_roomtemp_temperature,30.59,2025-11-07T01:28:23.500000Z
sensor.greenpi_arduino_nano_roomtemp_temperature,30.49,2025-11-07T01:30:03.547000Z
sensor.greenpi_arduino_nano_roomtemp_temperature,30.42,2025-11-07T01:31:43.639000Z
sensor.greenpi_arduino_nano_roomtemp_temperature,30.31,2025-11-07T01:33:23.722000Z
sensor.greenpi_arduino_nano_roomtemp_temperature,30.23,2025-11-07T01:35:03.764000Z
sensor.greenpi_arduino_nano_roomtemp_temperature,30.13,2025-11-07T01:36:43.864000Z
sensor.greenpi_arduino_nano_roomtemp_temperature,30.06,2025-11-07T01:38:23.938000Z
sensor.greenpi_arduino_nano_roomtemp_temperature,30.0,2025-11-07T01:40:03.986000Z
sensor.greenpi_arduino_nano_roomtemp_temperature,29.94,2025-11-07T01:41:44.069000Z
sensor.greenpi_arduino_nano_roomtemp_temperature,29.87,2025-11-07T01:43:24.156000Z
sensor.greenpi_arduino_nano_roomtemp_temperature,29.78,2025-11-07T01:45:04.204000Z
sensor.greenpi_arduino_nano_roomtemp_temperature,29.75,2025-11-07T01:46:44.295000Z
sensor.greenpi_arduino_nano_roomtemp_temperature,29.67,2025-11-07T01:48:24.391000Z
sensor.greenpi_arduino_nano_roomtemp_temperature,29.59,2025-11-07T01:50:04.492000Z
sensor.greenpi_arduino_nano_roomtemp_temperature,29.54,2025-11-07T01:51:44.578000Z
sensor.greenpi_arduino_nano_roomtemp_temperature,29.5,2025-11-07T01:53:24.697000Z
sensor.greenpi_arduino_nano_roomtemp_temperature,29.44,2025-11-07T01:55:04.725000Z
sensor.greenpi_arduino_nano_roomtemp_temperature,29.4,2025-11-07T01:56:44.830000Z
sensor.greenpi_arduino_nano_roomtemp_temperature,29.35,2025-11-07T01:58:24.925000Z
sensor.greenpi_arduino_nano_roomtemp_temperature,29.29,2025-11-07T02:00:04.973000Z
sensor.greenpi_arduino_nano_roomtemp_temperature,29.25,2025-11-07T02:01:45.050000Z
sensor.greenpi_arduino_nano_roomtemp_temperature,29.18,2025-11-07T02:03:25.138000Z
sensor.greenpi_arduino_nano_roomtemp_temperature,29.17,2025-11-07T02:05:05.182000Z
sensor.greenpi_arduino_nano_roomtemp_temperature,29.11,2025-11-07T02:06:45.236000Z
sensor.greenpi_arduino_nano_roomtemp_temperature,29.06,2025-11-07T02:08:25.321000Z
sensor.greenpi_arduino_nano_roomtemp_temperature,29.03,2025-11-07T02:10:05.447000Z
sensor.greenpi_arduino_nano_roomtemp_temperature,28.98,2025-11-07T02:11:45.458000Z
sensor.greenpi_arduino_nano_roomtemp_temperature,28.95,2025-11-07T02:13:25.568000Z
sensor.greenpi_arduino_nano_roomtemp_temperature,28.91,2025-11-07T02:15:05.655000Z
sensor.greenpi_arduino_nano_roomtemp_temperature,28.87,2025-11-07T02:16:45.747000Z
sensor.greenpi_arduino_nano_roomtemp_temperature,28.83,2025-11-07T02:18:25.832000Z
sensor.greenpi_arduino_nano_roomtemp_temperature,28.78,2025-11-07T02:20:05.923000Z
sensor.greenpi_arduino_nano_roomtemp_temperature,28.76,2025-11-07T02:21:46.012000Z
sensor.greenpi_arduino_nano_roomtemp_temperature,28.7,2025-11-07T02:23:26.107000Z
sensor.greenpi_arduino_nano_roomtemp_temperature,28.68,2025-11-07T02:25:06.258000Z
sensor.greenpi_arduino_nano_roomtemp_temperature,28.62,2025-11-07T02:26:46.237000Z
sensor.greenpi_arduino_nano_roomtemp_temperature,28.59,2025-11-07T02:28:26.329000Z
sensor.greenpi_arduino_nano_roomtemp_temperature,28.55,2025-11-07T02:30:06.378000Z
sensor.greenpi_arduino_nano_roomtemp_temperature,28.54,2025-11-07T02:31:46.462000Z
sensor.greenpi_arduino_nano_roomtemp_temperature,28.48,2025-11-07T02:33:26.554000Z
sensor.greenpi_arduino_nano_roomtemp_temperature,28.47,2025-11-07T02:35:06.607000Z
sensor.greenpi_arduino_nano_roomtemp_temperature,28.43,2025-11-07T02:36:46.689000Z
sensor.greenpi_arduino_nano_roomtemp_temperature,28.39,2025-11-07T02:38:26.776000Z
sensor.greenpi_arduino_nano_roomtemp_temperature,28.35,2025-11-07T02:40:06.865000Z
sensor.greenpi_arduino_nano_roomtemp_temperature,28.31,2025-11-07T02:41:46.957000Z
sensor.greenpi_arduino_nano_roomtemp_temperature,28.3,2025-11-07T02:43:27.045000Z
sensor.greenpi_arduino_nano_roomtemp_temperature,28.27,2025-11-07T02:45:07.128000Z
sensor.greenpi_arduino_nano_roomtemp_temperature,28.23,2025-11-07T02:46:47.214000Z
sensor.greenpi_arduino_nano_roomtemp_temperature,28.21,2025-11-07T02:48:27.287000Z
sensor.greenpi_arduino_nano_roomtemp_temperature,28.16,2025-11-07T02:50:07.335000Z
sensor.greenpi_arduino_nano_roomtemp_temperature,28.14,2025-11-07T02:51:47.438000Z
sensor.greenpi_arduino_nano_roomtemp_temperature,28.13,2025-11-07T02:53:27.572000Z
sensor.greenpi_arduino_nano_roomtemp_temperature,28.08,2025-11-07T02:55:07.620000Z
sensor.greenpi_arduino_nano_roomtemp_temperature,28.06,2025-11-07T02:56:47.744000Z
sensor.greenpi_arduino_nano_roomtemp_temperature,28.05,2025-11-07T02:58:27.728000Z
sensor.greenpi_arduino_nano_roomtemp_temperature,28.02,2025-11-07T03:00:07.815000Z
sensor.greenpi_arduino_nano_roomtemp_temperature,27.99,2025-11-07T03:01:47.907000Z
sensor.greenpi_arduino_nano_roomtemp_temperature,27.98,2025-11-07T03:03:28.009000Z
sensor.greenpi_arduino_nano_roomtemp_temperature,27.94,2025-11-07T03:05:08.095000Z
sensor.greenpi_arduino_nano_roomtemp_temperature,27.91,2025-11-07T03:06:48.179000Z
sensor.greenpi_arduino_nano_roomtemp_temperature,27.9,2025-11-07T03:08:28.268000Z
sensor.greenpi_arduino_nano_roomtemp_temperature,27.87,2025-11-07T03:10:08.363000Z
sensor.greenpi_arduino_nano_roomtemp_temperature,27.84,2025-11-07T03:11:48.455000Z
sensor.greenpi_arduino_nano_roomtemp_temperature,27.83,2025-11-07T03:13:28.542000Z
sensor.greenpi_arduino_nano_roomtemp_temperature,27.79,2025-11-07T03:15:08.621000Z
sensor.greenpi_arduino_nano_roomtemp_temperature,27.76,2025-11-07T03:16:48.701000Z
sensor.greenpi_arduino_nano_roomtemp_temperature,27.75,2025-11-07T03:18:28.794000Z
sensor.greenpi_arduino_nano_roomtemp_temperature,27.72,2025-11-07T03:20:08.897000Z
sensor.greenpi_arduino_nano_roomtemp_temperature,27.69,2025-11-07T03:21:48.994000Z
sensor.greenpi_arduino_nano_roomtemp_temperature,27.68,2025-11-07T03:23:29.083000Z
sensor.greenpi_arduino_nano_roomtemp_temperature,27.65,2025-11-07T03:25:09.193000Z
sensor.greenpi_arduino_nano_roomtemp_temperature,27.64,2025-11-07T03:26:49.245000Z
sensor.greenpi_arduino_nano_roomtemp_temperature,27.6,2025-11-07T03:28:29.337000Z
sensor.greenpi_arduino_nano_roomtemp_temperature,27.58,2025-11-07T03:30:09.429000Z
sensor.greenpi_arduino_nano_roomtemp_temperature,27.57,2025-11-07T03:31:49.522000Z
sensor.greenpi_arduino_nano_roomtemp_temperature,27.54,2025-11-07T03:33:29.700000Z
sensor.greenpi_arduino_nano_roomtemp_temperature,27.53,2025-11-07T03:35:09.711000Z
sensor.greenpi_arduino_nano_roomtemp_temperature,27.5,2025-11-07T03:36:49.821000Z
sensor.greenpi_arduino_nano_roomtemp_temperature,27.49,2025-11-07T03:38:29.887000Z
sensor.greenpi_arduino_nano_roomtemp_temperature,27.46,2025-11-07T03:40:09.967000Z
sensor.greenpi_arduino_nano_roomtemp_temperature,27.45,2025-11-07T03:41:50.077000Z
sensor.greenpi_arduino_nano_roomtemp_temperature,27.42,2025-11-07T03:43:30.129000Z
sensor.greenpi_arduino_nano_roomtemp_temperature,27.41,2025-11-07T03:45:10.214000Z
sensor.greenpi_arduino_nano_roomtemp_temperature,27.38,2025-11-07T03:46:50.299000Z
sensor.greenpi_arduino_nano_roomtemp_temperature,27.35,2025-11-07T03:48:30.401000Z
sensor.greenpi_arduino_nano_roomtemp_temperature,27.34,2025-11-07T03:50:10.488000Z
sensor.greenpi_arduino_nano_roomtemp_temperature,27.32,2025-11-07T03:51:50.567000Z
sensor.greenpi_arduino_nano_roomtemp_temperature,27.31,2025-11-07T03:53:30.671000Z
sensor.greenpi_arduino_nano_roomtemp_temperature,27.28,2025-11-07T03:55:10.834000Z
sensor.greenpi_arduino_nano_roomtemp_temperature,27.25,2025-11-07T03:56:50.813000Z
sensor.greenpi_arduino_nano_roomtemp_temperature,27.24,2025-11-07T04:00:10.953000Z
sensor.greenpi_arduino_nano_roomtemp_temperature,27.2,2025-11-07T04:01:51.047000Z
sensor.greenpi_arduino_nano_roomtemp_temperature,27.16,2025-11-07T04:05:11.236000Z
sensor.greenpi_arduino_nano_roomtemp_temperature,27.17,2025-11-07T04:06:51.362000Z
sensor.greenpi_arduino_nano_roomtemp_temperature,27.14,2025-11-07T04:08:31.411000Z
sensor.greenpi_arduino_nano_roomtemp_temperature,27.13,2025-11-07T04:10:11.510000Z
sensor.greenpi_arduino_nano_roomtemp_temperature,27.1,2025-11-07T04:11:51.600000Z
sensor.greenpi_arduino_nano_roomtemp_temperature,27.08,2025-11-07T04:13:31.664000Z
sensor.greenpi_arduino_nano_roomtemp_temperature,27.06,2025-11-07T04:16:51.838000Z
sensor.greenpi_arduino_nano_roomtemp_temperature,27.04,2025-11-07T04:18:31.923000Z
sensor.greenpi_arduino_nano_roomtemp_temperature,27.02,2025-11-07T04:20:12.011000Z
sensor.greenpi_arduino_nano_roomtemp_temperature,27.01,2025-11-07T04:21:52.114000Z
sensor.greenpi_arduino_nano_roomtemp_temperature,26.97,2025-11-07T04:23:32.197000Z
sensor.greenpi_arduino_nano_roomtemp_temperature,26.96,2025-11-07T04:25:12.289000Z
sensor.greenpi_arduino_nano_roomtemp_temperature,26.93,2025-11-07T04:26:52.400000Z
sensor.greenpi_arduino_nano_roomtemp_temperature,26.92,2025-11-07T04:28:32.483000Z
sensor.greenpi_arduino_nano_roomtemp_temperature,26.89,2025-11-07T04:30:12.567000Z
sensor.greenpi_arduino_nano_roomtemp_temperature,26.88,2025-11-07T04:31:52.675000Z
sensor.greenpi_arduino_nano_roomtemp_temperature,26.85,2025-11-07T04:35:12.801000Z
sensor.greenpi_arduino_nano_roomtemp_temperature,26.82,2025-11-07T04:36:52.893000Z
sensor.greenpi_arduino_nano_roomtemp_temperature,26.81,2025-11-07T04:40:13.088000Z
sensor.greenpi_arduino_nano_roomtemp_temperature,26.8,2025-11-07T04:41:53.145000Z
sensor.greenpi_arduino_nano_roomtemp_temperature,26.78,2025-11-07T04:43:33.213000Z
sensor.greenpi_arduino_nano_roomtemp_temperature,26.76,2025-11-07T04:45:13.306000Z
sensor.greenpi_arduino_nano_roomtemp_temperature,26.73,2025-11-07T04:48:33.437000Z
sensor.greenpi_arduino_nano_roomtemp_temperature,26.7,2025-11-07T04:50:13.563000Z
sensor.greenpi_arduino_nano_roomtemp_temperature,26.69,2025-11-07T04:53:33.677000Z
sensor.greenpi_arduino_nano_roomtemp_temperature,26.67,2025-11-07T04:55:13.712000Z
sensor.greenpi_arduino_nano_roomtemp_temperature,26.66,2025-11-07T04:58:33.889000Z
sensor.greenpi_arduino_nano_roomtemp_temperature,26.65,2025-11-07T05:00:13.979000Z
sensor.greenpi_arduino_nano_roomtemp_temperature,26.63,2025-11-07T05:01:54.054000Z
sensor.greenpi_arduino_nano_roomtemp_temperature,26.62,2025-11-07T05:03:34.136000Z
sensor.greenpi_arduino_nano_roomtemp_temperature,26.6,2025-11-07T05:05:14.205000Z
sensor.greenpi_arduino_nano_roomtemp_temperature,26.59,2025-11-07T05:06:54.298000Z
sensor.greenpi_arduino_nano_roomtemp_temperature,26.58,2025-11-07T05:08:34.347000Z
sensor.greenpi_arduino_nano_roomtemp_temperature,26.55,2025-11-07T05:10:14.402000Z
sensor.greenpi_arduino_nano_roomtemp_temperature,26.54,2025-11-07T05:11:54.452000Z
sensor.greenpi_arduino_nano_roomtemp_temperature,26.52,2025-11-07T05:15:14.639000Z
sensor.greenpi_arduino_nano_roomtemp_temperature,26.51,2025-11-07T05:16:54.714000Z
sensor.greenpi_arduino_nano_roomtemp_temperature,26.48,2025-11-07T05:20:14.815000Z
sensor.greenpi_arduino_nano_roomtemp_temperature,26.47,2025-11-07T05:21:54.906000Z
sensor.greenpi_arduino_nano_roomtemp_temperature,26.45,2025-11-07T05:23:35.104000Z
sensor.greenpi_arduino_nano_roomtemp_temperature,26.43,2025-11-07T05:28:35.269000Z
sensor.greenpi_arduino_nano_roomtemp_temperature,26.41,2025-11-07T05:30:15.432000Z
sensor.greenpi_arduino_nano_roomtemp_temperature,26.4,2025-11-07T05:31:55.457000Z
sensor.greenpi_arduino_nano_roomtemp_temperature,26.39,2025-11-07T05:33:35.562000Z
sensor.greenpi_arduino_nano_roomtemp_temperature,26.4,2025-11-07T05:35:15.649000Z
sensor.greenpi_arduino_nano_roomtemp_temperature,26.39,2025-11-07T05:36:55.748000Z
sensor.greenpi_arduino_nano_roomtemp_temperature,26.37,2025-11-07T05:38:35.844000Z
sensor.greenpi_arduino_nano_roomtemp_temperature,26.34,2025-11-07T05:40:15.939000Z
sensor.greenpi_arduino_nano_roomtemp_temperature,26.33,2025-11-07T05:41:55.991000Z
sensor.greenpi_arduino_nano_roomtemp_temperature,26.3,2025-11-07T05:45:16.177000Z
sensor.greenpi_arduino_nano_roomtemp_temperature,26.32,2025-11-07T05:48:36.376000Z
sensor.greenpi_arduino_nano_roomtemp_temperature,26.29,2025-11-07T05:50:16.524000Z
sensor.greenpi_arduino_nano_roomtemp_temperature,26.28,2025-11-07T05:53:36.640000Z
sensor.greenpi_arduino_nano_roomtemp_temperature,26.26,2025-11-07T05:55:16.728000Z
sensor.greenpi_arduino_nano_roomtemp_temperature,26.23,2025-11-07T05:56:56.779000Z
sensor.greenpi_arduino_nano_roomtemp_temperature,26.22,2025-11-07T06:00:16.956000Z
sensor.greenpi_arduino_nano_roomtemp_temperature,26.19,2025-11-07T06:03:37.159000Z
sensor.greenpi_arduino_nano_roomtemp_temperature,26.21,2025-11-07T06:05:17.249000Z
sensor.greenpi_arduino_nano_roomtemp_temperature,26.19,2025-11-07T06:06:57.330000Z
sensor.greenpi_arduino_nano_roomtemp_temperature,26.17,2025-11-07T06:10:17.529000Z
sensor.greenpi_arduino_nano_roomtemp_temperature,26.15,2025-11-07T06:15:17.826000Z
sensor.greenpi_arduino_nano_roomtemp_temperature,26.14,2025-11-07T06:18:37.961000Z
sensor.greenpi_arduino_nano_roomtemp_temperature,26.13,2025-11-07T06:20:18.047000Z
sensor.greenpi_arduino_nano_roomtemp_temperature,26.11,2025-11-07T06:21:58.133000Z
sensor.greenpi_arduino_nano_roomtemp_temperature,26.1,2025-11-07T06:25:18.283000Z
sensor.greenpi_arduino_nano_roomtemp_temperature,26.08,2025-11-07T06:26:58.394000Z
sensor.greenpi_arduino_nano_roomtemp_temperature,26.07,2025-11-07T06:28:38.447000Z
sensor.greenpi_arduino_nano_roomtemp_temperature,26.06,2025-11-07T06:35:18.791000Z
sensor.greenpi_arduino_nano_roomtemp_temperature,26.03,2025-11-07T06:36:58.881000Z
sensor.greenpi_arduino_nano_roomtemp_temperature,26.02,2025-11-07T06:41:59.105000Z
sensor.greenpi_arduino_nano_roomtemp_temperature,26.0,2025-11-07T06:45:19.289000Z
sensor.greenpi_arduino_nano_roomtemp_temperature,25.99,2025-11-07T06:46:59.409000Z
sensor.greenpi_arduino_nano_roomtemp_temperature,25.96,2025-11-07T06:50:19.573000Z
sensor.greenpi_arduino_nano_roomtemp_temperature,25.97,2025-11-07T06:51:59.661000Z
sensor.greenpi_arduino_nano_roomtemp_temperature,25.95,2025-11-07T06:55:19.794000Z
sensor.greenpi_arduino_nano_roomtemp_temperature,25.92,2025-11-07T07:00:20.120000Z
sensor.greenpi_arduino_nano_roomtemp_temperature,25.93,2025-11-07T07:02:00.108000Z
sensor.greenpi_arduino_nano_roomtemp_temperature,25.91,2025-11-07T07:03:40.189000Z
sensor.greenpi_arduino_nano_roomtemp_temperature,25.89,2025-11-07T07:08:40.414000Z
sensor.greenpi_arduino_nano_roomtemp_temperature,25.88,2025-11-07T07:10:20.524000Z
sensor.greenpi_arduino_nano_roomtemp_temperature,25.87,2025-11-07T07:12:00.620000Z
sensor.greenpi_arduino_nano_roomtemp_temperature,25.85,2025-11-07T07:13:40.646000Z
sensor.greenpi_arduino_nano_roomtemp_temperature,25.87,2025-11-07T07:15:20.805000Z
sensor.greenpi_arduino_nano_roomtemp_temperature,25.85,2025-11-07T07:17:00.784000Z
sensor.greenpi_arduino_nano_roomtemp_temperature,25.84,2025-11-07T07:20:20.918000Z
sensor.greenpi_arduino_nano_roomtemp_temperature,25.81,2025-11-07T07:23:41.105000Z
sensor.greenpi_arduino_nano_roomtemp_temperature,25.82,2025-11-07T07:25:21.235000Z
sensor.greenpi_arduino_nano_roomtemp_temperature,25.81,2025-11-07T07:27:01.269000Z
sensor.greenpi_arduino_nano_roomtemp_temperature,25.78,2025-11-07T07:32:01.524000Z
sensor.greenpi_arduino_nano_roomtemp_temperature,25.77,2025-11-07T07:37:01.846000Z
sensor.greenpi_arduino_nano_roomtemp_temperature,25.78,2025-11-07T07:38:41.861000Z
sensor.greenpi_arduino_nano_roomtemp_temperature,25.77,2025-11-07T07:40:21.946000Z
sensor.greenpi_arduino_nano_roomtemp_temperature,25.76,2025-11-07T07:42:02.005000Z
sensor.greenpi_arduino_nano_roomtemp_temperature,25.77,2025-11-07T07:43:42.096000Z
sensor.greenpi_arduino_nano_roomtemp_temperature,25.74,2025-11-07T07:45:22.177000Z
sensor.greenpi_arduino_nano_roomtemp_temperature,25.76,2025-11-07T07:47:02.276000Z
sensor.greenpi_arduino_nano_roomtemp_temperature,25.74,2025-11-07T07:48:42.478000Z
sensor.greenpi_arduino_nano_roomtemp_temperature,25.73,2025-11-07T07:50:22.451000Z
sensor.greenpi_arduino_nano_roomtemp_temperature,25.71,2025-11-07T07:57:02.743000Z
sensor.greenpi_arduino_nano_roomtemp_temperature,25.7,2025-11-07T07:58:42.845000Z
sensor.greenpi_arduino_nano_roomtemp_temperature,25.69,2025-11-07T08:00:22.930000Z
sensor.greenpi_arduino_nano_roomtemp_temperature,25.67,2025-11-07T08:05:23.183000Z
sensor.greenpi_arduino_nano_roomtemp_temperature,25.66,2025-11-07T08:08:43.331000Z
sensor.greenpi_arduino_nano_roomtemp_temperature,25.67,2025-11-07T08:10:23.525000Z
sensor.greenpi_arduino_nano_roomtemp_temperature,25.66,2025-11-07T08:12:03.505000Z
sensor.greenpi_arduino_nano_roomtemp_temperature,25.65,2025-11-07T08:15:23.695000Z
sensor.greenpi_arduino_nano_roomtemp_temperature,25.63,2025-11-07T08:18:43.841000Z
sensor.greenpi_arduino_nano_roomtemp_temperature,25.62,2025-11-07T08:23:44.082000Z
sensor.greenpi_arduino_nano_roomtemp_temperature,25.6,2025-11-07T08:28:44.313000Z
sensor.greenpi_arduino_nano_roomtemp_temperature,25.59,2025-11-07T08:35:24.683000Z
sensor.greenpi_arduino_nano_roomtemp_temperature,25.57,2025-11-07T08:38:44.773000Z
sensor.greenpi_arduino_nano_roomtemp_temperature,25.59,2025-11-07T08:40:24.862000Z
sensor.greenpi_arduino_nano_roomtemp_temperature,25.33,2025-11-07T08:43:44.998000Z
sensor.greenpi_arduino_nano_roomtemp_temperature,25.18,2025-11-07T08:45:25.100000Z
sensor.greenpi_arduino_nano_roomtemp_temperature,25.05,2025-11-07T08:47:05.198000Z
sensor.greenpi_arduino_nano_roomtemp_temperature,24.95,2025-11-07T08:48:45.253000Z
sensor.greenpi_arduino_nano_roomtemp_temperature,24.96,2025-11-07T08:50:25.308000Z
sensor.greenpi_arduino_nano_roomtemp_temperature,25.01,2025-11-07T08:52:05.367000Z
sensor.greenpi_arduino_nano_roomtemp_temperature,25.03,2025-11-07T08:53:45.471000Z
sensor.greenpi_arduino_nano_roomtemp_temperature,25.06,2025-11-07T08:55:25.564000Z
sensor.greenpi_arduino_nano_roomtemp_temperature,25.21,2025-11-07T09:00:25.737000Z
sensor.greenpi_arduino_nano_roomtemp_temperature,26.18,2025-11-07T09:02:05.785000Z
sensor.greenpi_arduino_nano_roomtemp_temperature,26.97,2025-11-07T09:03:45.873000Z
sensor.greenpi_arduino_nano_roomtemp_temperature,27.57,2025-11-07T09:05:25.969000Z
sensor.greenpi_arduino_nano_roomtemp_temperature,28.06,2025-11-07T09:07:06.022000Z
sensor.greenpi_arduino_nano_roomtemp_temperature,28.47,2025-11-07T09:08:46.109000Z
sensor.greenpi_arduino_nano_roomtemp_temperature,28.78,2025-11-07T09:10:26.237000Z
sensor.greenpi_arduino_nano_roomtemp_temperature,29.09,2025-11-07T09:12:06.266000Z
sensor.greenpi_arduino_nano_roomtemp_temperature,29.33,2025-11-07T09:13:46.350000Z
sensor.greenpi_arduino_nano_roomtemp_temperature,29.57,2025-11-07T09:15:26.446000Z
sensor.greenpi_arduino_nano_roomtemp_temperature,29.77,2025-11-07T09:17:06.498000Z
sensor.greenpi_arduino_nano_roomtemp_temperature,29.94,2025-11-07T09:18:46.574000Z
sensor.greenpi_arduino_nano_roomtemp_temperature,30.12,2025-11-07T09:20:26.713000Z
sensor.greenpi_arduino_nano_roomtemp_temperature,30.28,2025-11-07T09:22:06.702000Z
sensor.greenpi_arduino_nano_roomtemp_temperature,30.42,2025-11-07T09:23:46.765000Z
sensor.greenpi_arduino_nano_roomtemp_temperature,30.53,2025-11-07T09:25:26.829000Z
sensor.greenpi_arduino_nano_roomtemp_temperature,30.67,2025-11-07T09:27:06.913000Z
sensor.greenpi_arduino_nano_roomtemp_temperature,30.79,2025-11-07T09:28:46.998000Z
sensor.greenpi_arduino_nano_roomtemp_temperature,30.91,2025-11-07T09:30:27.090000Z
sensor.greenpi_arduino_nano_roomtemp_temperature,31.02,2025-11-07T09:32:07.140000Z
sensor.greenpi_arduino_nano_roomtemp_temperature,31.12,2025-11-07T09:33:47.236000Z
sensor.greenpi_arduino_nano_roomtemp_temperature,31.23,2025-11-07T09:35:27.338000Z
sensor.greenpi_arduino_nano_roomtemp_temperature,31.32,2025-11-07T09:37:07.413000Z
sensor.greenpi_arduino_nano_roomtemp_temperature,31.4,2025-11-07T09:38:47.465000Z
sensor.greenpi_arduino_nano_roomtemp_temperature,31.5,2025-11-07T09:40:27.564000Z
sensor.greenpi_arduino_nano_roomtemp_temperature,31.55,2025-11-07T09:42:07.665000Z
sensor.greenpi_arduino_nano_roomtemp_temperature,31.64,2025-11-07T09:43:47.767000Z
sensor.greenpi_arduino_nano_roomtemp_temperature,31.7,2025-11-07T09:45:27.808000Z
sensor.greenpi_arduino_nano_roomtemp_temperature,31.77,2025-11-07T09:47:07.894000Z
sensor.greenpi_arduino_nano_roomtemp_temperature,31.87,2025-11-07T09:48:47.945000Z
sensor.greenpi_arduino_nano_roomtemp_temperature,31.95,2025-11-07T09:50:28.061000Z
sensor.greenpi_arduino_nano_roomtemp_temperature,31.99,2025-11-07T09:52:08.146000Z
sensor.greenpi_arduino_nano_roomtemp_temperature,32.07,2025-11-07T09:53:48.233000Z
sensor.greenpi_arduino_nano_roomtemp_temperature,32.13,2025-11-07T09:55:28.329000Z
sensor.greenpi_arduino_nano_roomtemp_temperature,32.18,2025-11-07T09:57:08.437000Z
sensor.greenpi_arduino_nano_roomtemp_temperature,32.24,2025-11-07T09:58:48.529000Z
sensor.greenpi_arduino_nano_roomtemp_temperature,32.31,2025-11-07T10:00:28.619000Z
sensor.greenpi_arduino_nano_roomtemp_temperature,32.36,2025-11-07T10:02:08.713000Z
sensor.greenpi_arduino_nano_roomtemp_temperature,32.43,2025-11-07T10:03:48.821000Z
sensor.greenpi_arduino_nano_roomtemp_temperature,32.5,2025-11-07T10:05:28.890000Z
sensor.greenpi_arduino_nano_roomtemp_temperature,32.54,2025-11-07T10:07:08.965000Z
sensor.greenpi_arduino_nano_roomtemp_temperature,32.61,2025-11-07T10:08:49.018000Z
sensor.greenpi_arduino_nano_roomtemp_temperature,32.67,2025-11-07T10:10:29.073000Z
sensor.greenpi_arduino_nano_roomtemp_temperature,32.73,2025-11-07T10:12:09.178000Z
sensor.greenpi_arduino_nano_roomtemp_temperature,32.77,2025-11-07T10:13:49.322000Z
sensor.greenpi_arduino_nano_roomtemp_temperature,32.82,2025-11-07T10:15:29.294000Z
sensor.greenpi_arduino_nano_roomtemp_temperature,32.88,2025-11-07T10:17:09.433000Z
sensor.greenpi_arduino_nano_roomtemp_temperature,32.93,2025-11-07T10:18:49.490000Z
sensor.greenpi_arduino_nano_roomtemp_temperature,32.99,2025-11-07T10:20:29.559000Z
sensor.greenpi_arduino_nano_roomtemp_temperature,33.04,2025-11-07T10:22:09.640000Z
sensor.greenpi_arduino_nano_roomtemp_temperature,33.08,2025-11-07T10:23:49.718000Z
sensor.greenpi_arduino_nano_roomtemp_temperature,33.14,2025-11-07T10:25:29.808000Z
sensor.greenpi_arduino_nano_roomtemp_temperature,33.18,2025-11-07T10:27:09.896000Z
sensor.greenpi_arduino_nano_roomtemp_temperature,33.21,2025-11-07T10:28:49.991000Z
sensor.greenpi_arduino_nano_roomtemp_temperature,33.26,2025-11-07T10:30:30.000000Z
sensor.greenpi_arduino_nano_roomtemp_temperature,33.3,2025-11-07T10:32:10.141000Z
sensor.greenpi_arduino_nano_roomtemp_temperature,33.36,2025-11-07T10:33:50.204000Z
sensor.greenpi_arduino_nano_roomtemp_temperature,33.4,2025-11-07T10:35:30.294000Z
sensor.greenpi_arduino_nano_roomtemp_temperature,33.47,2025-11-07T10:37:10.340000Z
sensor.greenpi_arduino_nano_roomtemp_temperature,33.49,2025-11-07T10:38:50.448000Z
sensor.greenpi_arduino_nano_roomtemp_temperature,33.54,2025-11-07T10:40:30.528000Z
sensor.greenpi_arduino_nano_roomtemp_temperature,33.58,2025-11-07T10:42:10.612000Z
sensor.greenpi_arduino_nano_roomtemp_temperature,33.6,2025-11-07T10:43:50.707000Z
sensor.greenpi_arduino_nano_roomtemp_temperature,33.66,2025-11-07T10:45:30.752000Z
sensor.greenpi_arduino_nano_roomtemp_temperature,33.7,2025-11-07T10:47:10.840000Z
sensor.greenpi_arduino_nano_roomtemp_temperature,33.74,2025-11-07T10:48:50.991000Z
sensor.greenpi_arduino_nano_roomtemp_temperature,33.8,2025-11-07T10:50:31.082000Z
sensor.greenpi_arduino_nano_roomtemp_temperature,33.82,2025-11-07T10:52:11.078000Z
sensor.greenpi_arduino_nano_roomtemp_temperature,33.85,2025-11-07T10:53:51.169000Z
sensor.greenpi_arduino_nano_roomtemp_temperature,33.89,2025-11-07T10:55:31.333000Z
sensor.greenpi_arduino_nano_roomtemp_temperature,33.93,2025-11-07T10:57:11.342000Z
sensor.greenpi_arduino_nano_roomtemp_temperature,33.96,2025-11-07T10:58:51.429000Z
sensor.greenpi_arduino_nano_roomtemp_temperature,34.0,2025-11-07T11:00:31.510000Z
sensor.greenpi_arduino_nano_roomtemp_temperature,34.05,2025-11-07T11:02:11.599000Z
sensor.greenpi_arduino_nano_roomtemp_temperature,34.09,2025-11-07T11:03:51.688000Z
sensor.greenpi_arduino_nano_roomtemp_temperature,34.12,2025-11-07T11:05:31.732000Z
sensor.greenpi_arduino_nano_roomtemp_temperature,34.15,2025-11-07T11:07:11.830000Z
sensor.greenpi_arduino_nano_roomtemp_temperature,34.18,2025-11-07T11:08:51.940000Z
sensor.greenpi_arduino_nano_roomtemp_temperature,34.19,2025-11-07T11:10:32.012000Z
sensor.greenpi_arduino_nano_roomtemp_temperature,34.22,2025-11-07T11:12:12.072000Z
sensor.greenpi_arduino_nano_roomtemp_temperature,34.24,2025-11-07T11:13:52.162000Z
sensor.greenpi_arduino_nano_roomtemp_temperature,34.27,2025-11-07T11:15:32.241000Z
sensor.greenpi_arduino_nano_roomtemp_temperature,34.3,2025-11-07T11:17:12.332000Z
sensor.greenpi_arduino_nano_roomtemp_temperature,34.34,2025-11-07T11:18:52.417000Z
sensor.greenpi_arduino_nano_roomtemp_temperature,34.35,2025-11-07T11:20:32.466000Z
sensor.greenpi_arduino_nano_roomtemp_temperature,34.41,2025-11-07T11:22:12.604000Z
sensor.greenpi_arduino_nano_roomtemp_temperature,34.42,2025-11-07T11:23:52.613000Z
sensor.greenpi_arduino_nano_roomtemp_temperature,34.45,2025-11-07T11:25:32.665000Z
sensor.greenpi_arduino_nano_roomtemp_temperature,34.5,2025-11-07T11:27:12.760000Z
sensor.greenpi_arduino_nano_roomtemp_temperature,34.53,2025-11-07T11:28:52.849000Z
sensor.greenpi_arduino_nano_roomtemp_temperature,34.56,2025-11-07T11:30:32.943000Z
sensor.greenpi_arduino_nano_roomtemp_temperature,34.57,2025-11-07T11:32:13.029000Z
sensor.greenpi_arduino_nano_roomtemp_temperature,34.6,2025-11-07T11:33:53.170000Z
sensor.greenpi_arduino_nano_roomtemp_temperature,34.63,2025-11-07T11:35:33.198000Z
sensor.greenpi_arduino_nano_roomtemp_temperature,34.66,2025-11-07T11:37:13.289000Z
sensor.greenpi_arduino_nano_roomtemp_temperature,34.7,2025-11-07T11:38:53.375000Z
sensor.greenpi_arduino_nano_roomtemp_temperature,34.72,2025-11-07T11:40:33.482000Z
sensor.greenpi_arduino_nano_roomtemp_temperature,34.76,2025-11-07T11:42:13.575000Z
sensor.greenpi_arduino_nano_roomtemp_temperature,34.78,2025-11-07T11:43:53.742000Z
sensor.greenpi_arduino_nano_roomtemp_temperature,34.83,2025-11-07T11:47:13.809000Z
sensor.greenpi_arduino_nano_roomtemp_temperature,34.85,2025-11-07T11:48:53.924000Z
sensor.greenpi_arduino_nano_roomtemp_temperature,34.86,2025-11-07T11:50:34.042000Z
sensor.greenpi_arduino_nano_roomtemp_temperature,34.87,2025-11-07T11:52:14.126000Z
sensor.greenpi_arduino_nano_roomtemp_temperature,34.92,2025-11-07T11:53:54.287000Z
sensor.greenpi_arduino_nano_roomtemp_temperature,34.94,2025-11-07T11:55:34.316000Z
sensor.greenpi_arduino_nano_roomtemp_temperature,34.96,2025-11-07T11:57:14.406000Z
sensor.greenpi_arduino_nano_roomtemp_temperature,34.98,2025-11-07T11:58:54.500000Z
sensor.greenpi_arduino_nano_roomtemp_temperature,35.01,2025-11-07T12:00:34.591000Z
sensor.greenpi_arduino_nano_roomtemp_temperature,35.02,2025-11-07T12:02:14.694000Z
sensor.greenpi_arduino_nano_roomtemp_temperature,35.08,2025-11-07T12:03:54.743000Z
sensor.greenpi_arduino_nano_roomtemp_temperature,35.09,2025-11-07T12:05:34.838000Z
sensor.greenpi_arduino_nano_roomtemp_temperature,35.12,2025-11-07T12:07:14.935000Z
sensor.greenpi_arduino_nano_roomtemp_temperature,35.13,2025-11-07T12:08:54.993000Z
sensor.greenpi_arduino_nano_roomtemp_temperature,35.16,2025-11-07T12:10:35.094000Z
sensor.greenpi_arduino_nano_roomtemp_temperature,35.18,2025-11-07T12:12:15.171000Z
sensor.greenpi_arduino_nano_roomtemp_temperature,35.19,2025-11-07T12:13:55.254000Z
sensor.greenpi_arduino_nano_roomtemp_temperature,35.24,2025-11-07T12:15:35.339000Z
sensor.greenpi_arduino_nano_roomtemp_temperature,35.26,2025-11-07T12:17:15.420000Z
sensor.greenpi_arduino_nano_roomtemp_temperature,35.27,2025-11-07T12:18:55.510000Z
sensor.greenpi_arduino_nano_roomtemp_temperature,35.29,2025-11-07T12:20:35.598000Z
sensor.greenpi_arduino_nano_roomtemp_temperature,35.33,2025-11-07T12:22:15.687000Z
sensor.greenpi_arduino_nano_roomtemp_temperature,35.35,2025-11-07T12:23:55.768000Z
sensor.greenpi_arduino_nano_roomtemp_temperature,35.37,2025-11-07T12:25:35.852000Z
sensor.greenpi_arduino_nano_roomtemp_temperature,35.38,2025-11-07T12:27:16.038000Z
sensor.greenpi_arduino_nano_roomtemp_temperature,35.42,2025-11-07T12:28:56.024000Z
sensor.greenpi_arduino_nano_roomtemp_temperature,35.46,2025-11-07T12:32:16.160000Z
sensor.greenpi_arduino_nano_roomtemp_temperature,35.47,2025-11-07T12:33:56.208000Z
sensor.greenpi_arduino_nano_roomtemp_temperature,35.51,2025-11-07T12:35:36.314000Z
sensor.greenpi_arduino_nano_roomtemp_temperature,35.56,2025-11-07T12:38:56.496000Z
sensor.greenpi_arduino_nano_roomtemp_temperature,35.6,2025-11-07T12:42:16.640000Z
sensor.greenpi_arduino_nano_roomtemp_temperature,35.64,2025-11-07T12:45:36.824000Z
sensor.greenpi_arduino_nano_roomtemp_temperature,35.65,2025-11-07T12:48:56.964000Z
sensor.greenpi_arduino_nano_roomtemp_temperature,35.66,2025-11-07T12:50:37.610000Z
sensor.greenpi_arduino_nano_roomtemp_temperature,35.68,2025-11-07T12:52:17.183000Z
sensor.greenpi_arduino_nano_roomtemp_temperature,35.72,2025-11-07T12:53:57.220000Z
sensor.greenpi_arduino_nano_roomtemp_temperature,35.73,2025-11-07T12:55:37.265000Z
sensor.greenpi_arduino_nano_roomtemp_temperature,35.8,2025-11-07T12:58:57.453000Z
sensor.greenpi_arduino_nano_roomtemp_temperature,35.79,2025-11-07T13:00:37.526000Z
sensor.greenpi_arduino_nano_roomtemp_temperature,35.82,2025-11-07T13:03:57.673000Z
sensor.greenpi_arduino_nano_roomtemp_temperature,35.86,2025-11-07T13:07:17.825000Z
sensor.greenpi_arduino_nano_roomtemp_temperature,35.88,2025-11-07T13:10:37.961000Z
sensor.greenpi_arduino_nano_roomtemp_temperature,35.87,2025-11-07T13:12:18.031000Z
sensor.greenpi_arduino_nano_roomtemp_temperature,35.91,2025-11-07T13:13:58.105000Z
sensor.greenpi_arduino_nano_roomtemp_temperature,35.97,2025-11-07T13:18:58.392000Z
sensor.greenpi_arduino_nano_roomtemp_temperature,35.98,2025-11-07T13:20:38.488000Z
sensor.greenpi_arduino_nano_roomtemp_temperature,35.99,2025-11-07T13:22:18.558000Z
sensor.greenpi_arduino_nano_roomtemp_temperature,36.02,2025-11-07T13:23:58.592000Z
sensor.greenpi_arduino_nano_roomtemp_temperature,36.05,2025-11-07T13:27:18.732000Z
sensor.greenpi_arduino_nano_roomtemp_temperature,36.06,2025-11-07T13:32:19.002000Z
sensor.greenpi_arduino_nano_roomtemp_temperature,36.12,2025-11-07T13:33:59.081000Z
sensor.greenpi_arduino_nano_roomtemp_temperature,36.13,2025-11-07T13:37:19.223000Z
sensor.greenpi_arduino_nano_roomtemp_temperature,36.16,2025-11-07T13:38:59.309000Z
sensor.greenpi_arduino_nano_roomtemp_temperature,36.19,2025-11-07T13:42:19.488000Z
sensor.greenpi_arduino_nano_roomtemp_temperature,36.2,2025-11-07T13:45:39.659000Z
sensor.greenpi_arduino_nano_roomtemp_temperature,36.23,2025-11-07T13:48:59.854000Z
sensor.greenpi_arduino_nano_roomtemp_temperature,36.25,2025-11-07T13:50:39.895000Z
sensor.greenpi_arduino_nano_roomtemp_temperature,36.24,2025-11-07T13:52:20.004000Z
sensor.greenpi_arduino_nano_roomtemp_temperature,36.25,2025-11-07T13:54:00.093000Z
sensor.greenpi_arduino_nano_roomtemp_temperature,36.27,2025-11-07T13:55:40.250000Z
sensor.greenpi_arduino_nano_roomtemp_temperature,36.28,2025-11-07T13:57:20.229000Z
sensor.greenpi_arduino_nano_roomtemp_temperature,36.31,2025-11-07T13:59:00.282000Z
sensor.greenpi_arduino_nano_roomtemp_temperature,36.32,2025-11-07T14:00:40.329000Z
sensor.greenpi_arduino_nano_roomtemp_temperature,36.31,2025-11-07T14:02:20.425000Z
sensor.greenpi_arduino_nano_roomtemp_temperature,36.34,2025-11-07T14:04:00.523000Z
sensor.greenpi_arduino_nano_roomtemp_temperature,36.35,2025-11-07T14:05:40.633000Z
sensor.greenpi_arduino_nano_roomtemp_temperature,36.34,2025-11-07T14:07:20.688000Z
sensor.greenpi_arduino_nano_roomtemp_temperature,36.38,2025-11-07T14:09:00.797000Z
sensor.greenpi_arduino_nano_roomtemp_temperature,36.39,2025-11-07T14:10:40.890000Z
sensor.greenpi_arduino_nano_roomtemp_temperature,36.42,2025-11-07T14:14:01.029000Z
sensor.greenpi_arduino_nano_roomtemp_temperature,36.46,2025-11-07T14:15:41.111000Z
sensor.greenpi_arduino_nano_roomtemp_temperature,36.43,2025-11-07T14:17:21.207000Z
sensor.greenpi_arduino_nano_roomtemp_temperature,36.46,2025-11-07T14:19:01.299000Z
sensor.greenpi_arduino_nano_roomtemp_temperature,36.47,2025-11-07T14:20:41.409000Z
sensor.greenpi_arduino_nano_roomtemp_temperature,36.46,2025-11-07T14:22:21.477000Z
sensor.greenpi_arduino_nano_roomtemp_temperature,36.47,2025-11-07T14:24:01.602000Z
sensor.greenpi_arduino_nano_roomtemp_temperature,36.49,2025-11-07T14:25:41.777000Z
sensor.greenpi_arduino_nano_roomtemp_temperature,36.5,2025-11-07T14:27:21.842000Z
sensor.greenpi_arduino_nano_roomtemp_temperature,36.51,2025-11-07T14:30:41.904000Z
sensor.greenpi_arduino_nano_roomtemp_temperature,36.53,2025-11-07T14:32:22.001000Z
sensor.greenpi_arduino_nano_roomtemp_temperature,36.55,2025-11-07T14:34:02.015000Z
sensor.greenpi_arduino_nano_roomtemp_temperature,36.59,2025-11-07T14:37:22.191000Z
sensor.greenpi_arduino_nano_roomtemp_temperature,36.55,2025-11-07T14:39:02.247000Z
sensor.greenpi_arduino_nano_roomtemp_temperature,36.61,2025-11-07T14:40:42.362000Z
sensor.greenpi_arduino_nano_roomtemp_temperature,36.63,2025-11-07T14:44:02.580000Z
sensor.greenpi_arduino_nano_roomtemp_temperature,36.65,2025-11-07T14:45:42.600000Z
sensor.greenpi_arduino_nano_roomtemp_temperature,36.63,2025-11-07T14:47:22.683000Z
sensor.greenpi_arduino_nano_roomtemp_temperature,36.65,2025-11-07T14:49:02.731000Z
sensor.greenpi_arduino_nano_roomtemp_temperature,36.67,2025-11-07T14:50:42.787000Z
sensor.greenpi_arduino_nano_roomtemp_temperature,36.71,2025-11-07T14:52:22.864000Z
sensor.greenpi_arduino_nano_roomtemp_temperature,36.72,2025-11-07T14:54:02.911000Z
sensor.greenpi_arduino_nano_roomtemp_temperature,36.7,2025-11-07T14:55:43.078000Z
sensor.greenpi_arduino_nano_roomtemp_temperature,36.71,2025-11-07T14:57:23.088000Z
sensor.greenpi_arduino_nano_roomtemp_temperature,36.72,2025-11-07T14:59:03.139000Z
sensor.greenpi_arduino_nano_roomtemp_temperature,36.74,2025-11-07T15:02:23.386000Z
sensor.greenpi_arduino_nano_roomtemp_temperature,36.76,2025-11-07T15:04:03.373000Z
sensor.greenpi_arduino_nano_roomtemp_temperature,36.75,2025-11-07T15:05:43.469000Z
sensor.greenpi_arduino_nano_roomtemp_temperature,36.76,2025-11-07T15:07:23.597000Z
sensor.greenpi_arduino_nano_roomtemp_temperature,36.78,2025-11-07T15:09:03.605000Z
sensor.greenpi_arduino_nano_roomtemp_temperature,36.79,2025-11-07T15:10:43.716000Z
sensor.greenpi_arduino_nano_roomtemp_temperature,36.81,2025-11-07T15:12:23.764000Z
sensor.greenpi_arduino_nano_roomtemp_temperature,36.82,2025-11-07T15:14:03.814000Z
sensor.greenpi_arduino_nano_roomtemp_temperature,36.83,2025-11-07T15:15:43.902000Z
sensor.greenpi_arduino_nano_roomtemp_temperature,36.85,2025-11-07T15:17:24.058000Z
sensor.greenpi_arduino_nano_roomtemp_temperature,36.83,2025-11-07T15:19:04.063000Z
sensor.greenpi_arduino_nano_roomtemp_temperature,36.85,2025-11-07T15:20:44.102000Z
sensor.greenpi_arduino_nano_roomtemp_temperature,36.88,2025-11-07T15:24:04.273000Z
sensor.greenpi_arduino_nano_roomtemp_temperature,36.9,2025-11-07T15:27:24.394000Z
sensor.greenpi_arduino_nano_roomtemp_temperature,36.91,2025-11-07T15:29:04.443000Z
sensor.greenpi_arduino_nano_roomtemp_temperature,36.92,2025-11-07T15:30:44.536000Z
sensor.greenpi_arduino_nano_roomtemp_temperature,36.95,2025-11-07T15:32:24.677000Z
sensor.greenpi_arduino_nano_roomtemp_temperature,36.94,2025-11-07T15:35:44.764000Z
sensor.greenpi_arduino_nano_roomtemp_temperature,36.95,2025-11-07T15:39:04.859000Z
sensor.greenpi_arduino_nano_roomtemp_temperature,36.98,2025-11-07T15:40:44.929000Z
sensor.greenpi_arduino_nano_roomtemp_temperature,36.99,2025-11-07T15:42:25.022000Z
sensor.greenpi_arduino_nano_roomtemp_temperature,36.98,2025-11-07T15:44:05.078000Z
sensor.greenpi_arduino_nano_roomtemp_temperature,36.99,2025-11-07T15:45:45.164000Z
sensor.greenpi_arduino_nano_roomtemp_temperature,37.02,2025-11-07T15:49:05.322000Z
sensor.greenpi_arduino_nano_roomtemp_temperature,37.01,2025-11-07T15:52:25.511000Z
sensor.greenpi_arduino_nano_roomtemp_temperature,37.05,2025-11-07T15:54:05.563000Z
sensor.greenpi_arduino_nano_roomtemp_temperature,37.06,2025-11-07T15:57:25.706000Z
sensor.greenpi_arduino_nano_roomtemp_temperature,37.09,2025-11-07T15:59:05.764000Z
sensor.greenpi_arduino_nano_roomtemp_temperature,37.08,2025-11-07T16:02:25.867000Z
sensor.greenpi_arduino_nano_roomtemp_temperature,37.09,2025-11-07T16:04:05.919000Z
sensor.greenpi_arduino_nano_roomtemp_temperature,37.1,2025-11-07T16:07:26.094000Z
sensor.greenpi_arduino_nano_roomtemp_temperature,37.12,2025-11-07T16:09:06.242000Z
sensor.greenpi_arduino_nano_roomtemp_temperature,37.13,2025-11-07T16:10:46.279000Z
sensor.greenpi_arduino_nano_roomtemp_temperature,37.14,2025-11-07T16:14:06.479000Z
sensor.greenpi_arduino_nano_roomtemp_temperature,37.13,2025-11-07T16:17:26.622000Z
sensor.greenpi_arduino_nano_roomtemp_temperature,37.14,2025-11-07T16:19:06.712000Z
sensor.greenpi_arduino_nano_roomtemp_temperature,37.17,2025-11-07T16:20:46.759000Z
sensor.greenpi_arduino_nano_roomtemp_temperature,37.16,2025-11-07T16:22:26.911000Z
sensor.greenpi_arduino_nano_roomtemp_temperature,37.18,2025-11-07T16:24:06.942000Z
sensor.greenpi_arduino_nano_roomtemp_temperature,37.21,2025-11-07T16:29:07.218000Z
sensor.greenpi_arduino_nano_roomtemp_temperature,37.24,2025-11-07T16:35:47.623000Z
sensor.greenpi_arduino_nano_roomtemp_temperature,37.23,2025-11-07T16:37:27.684000Z
sensor.greenpi_arduino_nano_roomtemp_temperature,37.24,2025-11-07T16:44:07.925000Z
sensor.greenpi_arduino_nano_roomtemp_temperature,37.27,2025-11-07T16:45:47.978000Z
sensor.greenpi_arduino_nano_roomtemp_temperature,37.28,2025-11-07T16:47:28.070000Z
sensor.greenpi_arduino_nano_roomtemp_temperature,37.27,2025-11-07T16:49:08.157000Z
sensor.greenpi_arduino_nano_roomtemp_temperature,37.28,2025-11-07T16:52:28.375000Z
sensor.greenpi_arduino_nano_roomtemp_temperature,37.29,2025-11-07T16:55:48.471000Z
sensor.greenpi_arduino_nano_roomtemp_temperature,37.31,2025-11-07T16:59:08.623000Z
sensor.greenpi_arduino_nano_roomtemp_temperature,37.35,2025-11-07T17:02:28.808000Z
sensor.greenpi_arduino_nano_roomtemp_temperature,37.32,2025-11-07T17:04:08.901000Z
sensor.greenpi_arduino_nano_roomtemp_temperature,37.35,2025-11-07T17:05:48.991000Z
sensor.greenpi_arduino_nano_roomtemp_temperature,37.34,2025-11-07T17:09:09.197000Z
sensor.greenpi_arduino_nano_roomtemp_temperature,37.36,2025-11-07T17:10:49.284000Z
sensor.greenpi_arduino_nano_roomtemp_temperature,37.35,2025-11-07T17:17:29.638000Z
sensor.greenpi_arduino_nano_roomtemp_temperature,37.34,2025-11-07T17:19:09.729000Z
sensor.greenpi_arduino_nano_roomtemp_temperature,37.35,2025-11-07T17:22:29.930000Z
sensor.greenpi_arduino_nano_roomtemp_temperature,37.36,2025-11-07T17:24:10.021000Z
sensor.greenpi_arduino_nano_roomtemp_temperature,37.35,2025-11-07T17:30:50.318000Z
sensor.greenpi_arduino_nano_roomtemp_temperature,37.36,2025-11-07T17:35:50.565000Z
sensor.greenpi_arduino_nano_roomtemp_temperature,37.35,2025-11-07T17:37:30.654000Z
sensor.greenpi_arduino_nano_roomtemp_temperature,37.36,2025-11-07T17:39:10.745000Z
sensor.greenpi_arduino_nano_roomtemp_temperature,37.35,2025-11-07T17:40:50.792000Z
sensor.greenpi_arduino_nano_roomtemp_temperature,37.38,2025-11-07T17:42:30.880000Z
sensor.greenpi_arduino_nano_roomtemp_temperature,37.36,2025-11-07T17:45:51.085000Z
sensor.greenpi_arduino_nano_roomtemp_temperature,37.38,2025-11-07T17:49:11.266000Z
sensor.greenpi_arduino_nano_roomtemp_temperature,37.39,2025-11-07T17:54:11.568000Z
sensor.greenpi_arduino_nano_roomtemp_temperature,37.42,2025-11-07T17:57:31.734000Z
sensor.greenpi_arduino_nano_roomtemp_temperature,37.4,2025-11-07T17:59:11.799000Z
sensor.greenpi_arduino_nano_roomtemp_temperature,37.39,2025-11-07T18:00:51.882000Z
sensor.greenpi_arduino_nano_roomtemp_temperature,37.4,2025-11-07T18:02:31.980000Z
sensor.greenpi_arduino_nano_roomtemp_temperature,37.42,2025-11-07T18:04:12.131000Z
sensor.greenpi_arduino_nano_roomtemp_temperature,37.43,2025-11-07T18:05:52.175000Z
sensor.greenpi_arduino_nano_roomtemp_temperature,37.45,2025-11-07T18:07:32.266000Z
sensor.greenpi_arduino_nano_roomtemp_temperature,37.43,2025-11-07T18:10:52.455000Z
sensor.greenpi_arduino_nano_roomtemp_temperature,37.46,2025-11-07T18:12:32.536000Z
sensor.greenpi_arduino_nano_roomtemp_temperature,37.43,2025-11-07T18:14:12.617000Z
sensor.greenpi_arduino_nano_roomtemp_temperature,37.46,2025-11-07T18:20:52.936000Z
sensor.greenpi_arduino_nano_roomtemp_temperature,37.47,2025-11-07T18:22:33.028000Z
sensor.greenpi_arduino_nano_roomtemp_temperature,37.46,2025-11-07T18:24:13.121000Z
sensor.greenpi_arduino_nano_roomtemp_temperature,37.47,2025-11-07T18:25:53.175000Z
sensor.greenpi_arduino_nano_roomtemp_temperature,37.46,2025-11-07T18:27:33.251000Z
sensor.greenpi_arduino_nano_roomtemp_temperature,37.47,2025-11-07T18:29:13.334000Z
sensor.greenpi_arduino_nano_roomtemp_temperature,37.5,2025-11-07T18:37:33.738000Z
sensor.greenpi_arduino_nano_roomtemp_temperature,37.47,2025-11-07T18:40:53.954000Z
sensor.greenpi_arduino_nano_roomtemp_temperature,37.51,2025-11-07T18:42:34.016000Z
sensor.greenpi_arduino_nano_roomtemp_temperature,37.5,2025-11-07T18:44:14.098000Z
sensor.greenpi_arduino_nano_roomtemp_temperature,37.49,2025-11-07T18:47:34.300000Z
sensor.greenpi_arduino_nano_roomtemp_temperature,37.5,2025-11-07T18:49:14.327000Z
sensor.greenpi_arduino_nano_roomtemp_temperature,37.49,2025-11-07T18:50:54.485000Z
sensor.greenpi_arduino_nano_roomtemp_temperature,37.5,2025-11-07T18:55:54.689000Z
sensor.greenpi_arduino_nano_roomtemp_temperature,37.51,2025-11-07T18:57:34.710000Z
sensor.greenpi_arduino_nano_roomtemp_temperature,37.5,2025-11-07T18:59:14.806000Z
sensor.greenpi_arduino_nano_roomtemp_temperature,37.51,2025-11-07T19:00:54.895000Z
sensor.greenpi_arduino_nano_roomtemp_temperature,37.5,2025-11-07T19:04:15.026000Z
sensor.greenpi_arduino_nano_roomtemp_temperature,37.51,2025-11-07T19:05:55.110000Z
sensor.greenpi_arduino_nano_roomtemp_temperature,37.5,2025-11-07T19:12:35.462000Z
sensor.greenpi_arduino_nano_roomtemp_temperature,37.53,2025-11-07T19:14:15.557000Z
sensor.greenpi_arduino_nano_roomtemp_temperature,37.54,2025-11-07T19:15:55.637000Z
sensor.greenpi_arduino_nano_roomtemp_temperature,37.53,2025-11-07T19:17:35.735000Z
sensor.greenpi_arduino_nano_roomtemp_temperature,37.54,2025-11-07T19:20:55.913000Z
sensor.greenpi_arduino_nano_roomtemp_temperature,37.55,2025-11-07T19:22:36.035000Z
sensor.greenpi_arduino_nano_roomtemp_temperature,37.57,2025-11-07T19:24:16.169000Z
sensor.greenpi_arduino_nano_roomtemp_temperature,37.55,2025-11-07T19:25:56.190000Z
sensor.greenpi_arduino_nano_roomtemp_temperature,37.57,2025-11-07T19:29:16.343000Z
sensor.greenpi_arduino_nano_roomtemp_temperature,37.55,2025-11-07T19:32:36.590000Z
sensor.greenpi_arduino_nano_roomtemp_temperature,37.57,2025-11-07T19:35:56.696000Z
sensor.greenpi_arduino_nano_roomtemp_temperature,37.58,2025-11-07T19:37:36.777000Z
sensor.greenpi_arduino_nano_roomtemp_temperature,37.57,2025-11-07T19:39:16.856000Z
sensor.greenpi_arduino_nano_roomtemp_temperature,37.58,2025-11-07T19:40:56.950000Z
sensor.greenpi_arduino_nano_roomtemp_temperature,37.57,2025-11-07T19:45:57.205000Z
sensor.greenpi_arduino_nano_roomtemp_temperature,37.58,2025-11-07T19:47:37.308000Z
sensor.greenpi_arduino_nano_roomtemp_temperature,37.57,2025-11-07T19:49:17.404000Z
sensor.greenpi_arduino_nano_roomtemp_temperature,37.58,2025-11-07T19:50:57.504000Z
sensor.greenpi_arduino_nano_roomtemp_temperature,37.61,2025-11-07T19:52:37.601000Z
sensor.greenpi_arduino_nano_roomtemp_temperature,37.58,2025-11-07T19:54:17.676000Z
sensor.greenpi_arduino_nano_roomtemp_temperature,37.6,2025-11-07T19:55:57.728000Z
sensor.greenpi_arduino_nano_roomtemp_temperature,37.58,2025-11-07T19:59:17.916000Z
sensor.greenpi_arduino_nano_roomtemp_temperature,37.6,2025-11-07T20:02:38.099000Z
sensor.greenpi_arduino_nano_roomtemp_temperature,37.62,2025-11-07T20:09:18.382000Z
sensor.greenpi_arduino_nano_roomtemp_temperature,37.61,2025-11-07T20:10:58.480000Z
sensor.greenpi_arduino_nano_roomtemp_temperature,37.62,2025-11-07T20:12:38.531000Z
sensor.greenpi_arduino_nano_roomtemp_temperature,37.61,2025-11-07T20:14:18.625000Z
sensor.greenpi_arduino_nano_roomtemp_temperature,37.62,2025-11-07T20:15:58.729000Z
sensor.greenpi_arduino_nano_roomtemp_temperature,37.64,2025-11-07T20:22:39.026000Z
sensor.greenpi_arduino_nano_roomtemp_temperature,37.62,2025-11-07T20:29:19.346000Z
sensor.greenpi_arduino_nano_roomtemp_temperature,37.61,2025-11-07T20:34:19.649000Z
sensor.greenpi_arduino_nano_roomtemp_temperature,37.64,2025-11-07T20:35:59.730000Z
sensor.greenpi_arduino_nano_roomtemp_temperature,37.62,2025-11-07T20:47:40.368000Z
sensor.greenpi_arduino_nano_roomtemp_temperature,37.66,2025-11-07T20:49:20.545000Z
sensor.greenpi_arduino_nano_roomtemp_temperature,37.65,2025-11-07T20:51:00.574000Z
sensor.greenpi_arduino_nano_roomtemp_temperature,37.66,2025-11-07T20:54:20.695000Z
sensor.greenpi_arduino_nano_roomtemp_temperature,37.65,2025-11-07T20:56:00.837000Z
sensor.greenpi_arduino_nano_roomtemp_temperature,37.66,2025-11-07T20:57:40.868000Z
sensor.greenpi_arduino_nano_roomtemp_temperature,37.65,2025-11-07T20:59:21.050000Z
sensor.greenpi_arduino_nano_roomtemp_temperature,37.66,2025-11-07T21:01:01.067000Z
sensor.greenpi_arduino_nano_roomtemp_temperature,37.65,2025-11-07T21:06:01.313000Z
sensor.greenpi_arduino_nano_roomtemp_temperature,37.66,2025-11-07T21:07:41.393000Z
sensor.greenpi_arduino_nano_roomtemp_temperature,37.65,2025-11-07T21:09:21.495000Z
sensor.greenpi_arduino_nano_roomtemp_temperature,37.66,2025-11-07T21:17:41.863000Z
sensor.greenpi_arduino_nano_roomtemp_temperature,37.65,2025-11-07T21:26:02.302000Z
sensor.greenpi_arduino_nano_roomtemp_temperature,37.68,2025-11-07T21:29:22.417000Z
sensor.greenpi_arduino_nano_roomtemp_temperature,37.66,2025-11-07T21:32:42.592000Z
sensor.greenpi_arduino_nano_roomtemp_temperature,37.71,2025-11-07T21:34:22.617000Z
sensor.greenpi_arduino_nano_roomtemp_temperature,37.66,2025-11-07T21:36:02.671000Z
sensor.greenpi_arduino_nano_roomtemp_temperature,37.69,2025-11-07T21:39:22.841000Z
sensor.greenpi_arduino_nano_roomtemp_temperature,37.68,2025-11-07T21:42:43.004000Z
sensor.greenpi_arduino_nano_roomtemp_temperature,37.69,2025-11-07T21:46:03.162000Z
sensor.greenpi_arduino_nano_roomtemp_temperature,37.71,2025-11-07T21:47:43.273000Z
sensor.greenpi_arduino_nano_roomtemp_temperature,37.69,2025-11-07T21:49:23.355000Z
sensor.greenpi_arduino_nano_roomtemp_temperature,37.72,2025-11-07T21:51:03.408000Z
sensor.greenpi_arduino_nano_roomtemp_temperature,37.73,2025-11-07T21:52:43.498000Z
sensor.greenpi_arduino_nano_roomtemp_temperature,37.69,2025-11-07T21:54:23.661000Z
sensor.greenpi_arduino_nano_roomtemp_temperature,37.72,2025-11-07T21:56:03.678000Z
sensor.greenpi_arduino_nano_roomtemp_temperature,37.71,2025-11-07T21:57:43.736000Z
sensor.greenpi_arduino_nano_roomtemp_temperature,37.75,2025-11-07T22:09:24.202000Z
sensor.greenpi_arduino_nano_roomtemp_temperature,37.73,2025-11-07T22:11:04.254000Z
sensor.greenpi_arduino_nano_roomtemp_temperature,37.72,2025-11-07T22:12:44.365000Z
sensor.greenpi_arduino_nano_roomtemp_temperature,37.73,2025-11-07T22:14:24.457000Z
sensor.greenpi_arduino_nano_roomtemp_temperature,37.71,2025-11-07T22:17:44.608000Z
sensor.greenpi_arduino_nano_roomtemp_temperature,37.73,2025-11-07T22:19:24.712000Z
sensor.greenpi_arduino_nano_roomtemp_temperature,37.72,2025-11-07T22:24:24.909000Z
sensor.greenpi_arduino_nano_roomtemp_temperature,37.73,2025-11-07T22:26:04.959000Z
sensor.greenpi_arduino_nano_roomtemp_temperature,37.72,2025-11-07T22:27:45.026000Z
sensor.greenpi_arduino_nano_roomtemp_temperature,37.75,2025-11-07T22:29:25.125000Z
sensor.greenpi_arduino_nano_roomtemp_temperature,37.73,2025-11-07T22:31:05.175000Z
sensor.greenpi_arduino_nano_roomtemp_temperature,37.75,2025-11-07T22:32:45.265000Z
sensor.greenpi_arduino_nano_roomtemp_temperature,37.73,2025-11-07T22:34:25.350000Z
sensor.greenpi_arduino_nano_roomtemp_temperature,37.72,2025-11-07T22:39:25.593000Z
sensor.greenpi_arduino_nano_roomtemp_temperature,37.76,2025-11-07T22:41:05.642000Z
sensor.greenpi_arduino_nano_roomtemp_temperature,37.73,2025-11-07T22:42:45.787000Z
sensor.greenpi_arduino_nano_roomtemp_temperature,37.75,2025-11-07T22:44:25.784000Z
sensor.greenpi_arduino_nano_roomtemp_temperature,37.72,2025-11-07T22:46:05.829000Z
sensor.greenpi_arduino_nano_roomtemp_temperature,37.75,2025-11-07T22:47:45.919000Z
sensor.greenpi_arduino_nano_roomtemp_temperature,37.73,2025-11-07T22:49:26.022000Z
sensor.greenpi_arduino_nano_roomtemp_temperature,37.75,2025-11-07T22:51:06.120000Z
sensor.greenpi_arduino_nano_roomtemp_temperature,37.73,2025-11-07T22:56:06.316000Z
sensor.greenpi_arduino_nano_roomtemp_temperature,37.75,2025-11-07T22:57:46.405000Z
sensor.greenpi_arduino_nano_roomtemp_temperature,37.79,2025-11-07T22:59:26.542000Z
sensor.greenpi_arduino_nano_roomtemp_temperature,37.76,2025-11-07T23:01:06.600000Z
sensor.greenpi_arduino_nano_roomtemp_temperature,37.75,2025-11-07T23:02:46.680000Z
sensor.greenpi_arduino_nano_roomtemp_temperature,37.76,2025-11-07T23:06:06.814000Z
sensor.greenpi_arduino_nano_roomtemp_temperature,37.73,2025-11-07T23:07:46.910000Z
sensor.greenpi_arduino_nano_roomtemp_temperature,37.77,2025-11-07T23:09:26.985000Z
sensor.greenpi_arduino_nano_roomtemp_temperature,37.75,2025-11-07T23:11:07.037000Z
sensor.greenpi_arduino_nano_roomtemp_temperature,37.77,2025-11-07T23:14:27.225000Z
sensor.greenpi_arduino_nano_roomtemp_temperature,37.75,2025-11-07T23:17:47.408000Z
sensor.greenpi_arduino_nano_roomtemp_temperature,37.76,2025-11-07T23:22:47.598000Z
sensor.greenpi_arduino_nano_roomtemp_temperature,37.75,2025-11-07T23:24:27.718000Z
sensor.greenpi_arduino_nano_roomtemp_temperature,37.77,2025-11-07T23:26:07.861000Z
sensor.greenpi_arduino_nano_roomtemp_temperature,37.76,2025-11-07T23:27:47.857000Z
sensor.greenpi_arduino_nano_roomtemp_temperature,37.75,2025-11-07T23:31:08.008000Z
sensor.greenpi_arduino_nano_roomtemp_temperature,37.76,2025-11-07T23:32:48.092000Z
sensor.greenpi_arduino_nano_roomtemp_temperature,37.75,2025-11-07T23:34:28.256000Z
sensor.greenpi_arduino_nano_roomtemp_temperature,37.76,2025-11-07T23:36:08.285000Z
sensor.greenpi_arduino_nano_roomtemp_temperature,37.77,2025-11-07T23:37:48.386000Z
sensor.greenpi_arduino_nano_roomtemp_temperature,37.76,2025-11-07T23:39:28.475000Z
sensor.greenpi_arduino_nano_roomtemp_temperature,37.75,2025-11-07T23:41:08.586000Z
sensor.greenpi_arduino_nano_roomtemp_temperature,37.76,2025-11-07T23:44:28.738000Z
sensor.greenpi_arduino_nano_roomtemp_temperature,37.77,2025-11-07T23:46:08.819000Z
sensor.greenpi_arduino_nano_roomtemp_temperature,37.76,2025-11-07T23:47:48.864000Z
sensor.greenpi_arduino_nano_roomtemp_temperature,37.77,2025-11-07T23:49:28.956000Z
sensor.greenpi_arduino_nano_roomtemp_temperature,37.76,2025-11-07T23:52:49.139000Z
sensor.greenpi_arduino_nano_roomtemp_temperature,37.77,2025-11-07T23:57:49.398000Z
sensor.greenpi_arduino_nano_roomtemp_temperature,37.76,2025-11-07T23:59:29.487000Z
sensor.greenpi_arduino_nano_roomtemp_temperature,37.79,2025-11-08T00:01:09.577000Z
sensor.greenpi_arduino_nano_roomtemp_temperature,37.77,2025-11-08T00:02:49.673000Z
sensor.greenpi_arduino_nano_roomtemp_temperature,37.76,2025-11-08T00:04:29.753000Z
sensor.greenpi_arduino_nano_roomtemp_temperature,37.77,2025-11-08T00:06:09.911000Z
sensor.greenpi_arduino_nano_roomtemp_temperature,37.76,2025-11-08T00:07:49.909000Z
sensor.greenpi_arduino_nano_roomtemp_temperature,37.77,2025-11-08T00:11:10.139000Z
sensor.greenpi_arduino_nano_roomtemp_temperature,37.76,2025-11-08T00:12:50.177000Z
sensor.greenpi_arduino_nano_roomtemp_temperature,37.75,2025-11-08T00:21:10.563000Z
sensor.greenpi_arduino_nano_roomtemp_temperature,37.76,2025-11-08T00:22:50.647000Z
sensor.greenpi_arduino_nano_roomtemp_temperature,37.75,2025-11-08T00:24:30.727000Z
sensor.greenpi_arduino_nano_roomtemp_temperature,37.77,2025-11-08T00:27:50.920000Z
sensor.greenpi_arduino_nano_roomtemp_temperature,37.75,2025-11-08T00:29:31.074000Z
sensor.greenpi_arduino_nano_roomtemp_temperature,37.77,2025-11-08T00:31:11.106000Z
sensor.greenpi_arduino_nano_roomtemp_temperature,37.76,2025-11-08T00:32:51.191000Z
sensor.greenpi_arduino_nano_roomtemp_temperature,37.77,2025-11-08T00:36:11.438000Z
sensor.greenpi_arduino_nano_roomtemp_temperature,37.76,2025-11-08T00:39:31.731000Z
sensor.greenpi_arduino_nano_roomtemp_temperature,37.75,2025-11-08T00:41:11.829000Z
sensor.greenpi_arduino_nano_roomtemp_temperature,37.77,2025-11-08T00:42:51.931000Z
sensor.greenpi_arduino_nano_roomtemp_temperature,37.76,2025-11-08T00:44:31.998000Z
sensor.greenpi_arduino_nano_roomtemp_temperature,37.75,2025-11-08T00:46:12.130000Z
sensor.greenpi_arduino_nano_roomtemp_temperature,37.73,2025-11-08T00:47:52.244000Z
sensor.greenpi_arduino_nano_roomtemp_temperature,37.77,2025-11-08T00:49:32.182000Z
sensor.greenpi_arduino_nano_roomtemp_temperature,37.76,2025-11-08T00:51:12.225000Z
sensor.greenpi_arduino_nano_roomtemp_temperature,37.75,2025-11-08T00:52:52.310000Z
sensor.greenpi_arduino_nano_roomtemp_temperature,37.76,2025-11-08T00:54:32.398000Z
sensor.greenpi_arduino_nano_roomtemp_temperature,37.75,2025-11-08T00:56:12.474000Z
sensor.greenpi_arduino_nano_roomtemp_temperature,37.77,2025-11-08T00:57:52.569000Z
sensor.greenpi_arduino_nano_roomtemp_temperature,37.76,2025-11-08T00:59:32.660000Z
sensor.greenpi_arduino_nano_roomtemp_temperature,37.21,2025-11-08T01:01:12.671000Z
sensor.greenpi_arduino_nano_roomtemp_temperature,36.43,2025-11-08T01:02:52.746000Z
sensor.greenpi_arduino_nano_roomtemp_temperature,35.87,2025-11-08T01:04:32.822000Z
sensor.greenpi_arduino_nano_roomtemp_temperature,35.38,2025-11-08T01:06:12.979000Z
sensor.greenpi_arduino_nano_roomtemp_temperature,35.01,2025-11-08T01:07:52.998000Z
sensor.greenpi_arduino_nano_roomtemp_temperature,34.7,2025-11-08T01:09:33.083000Z
sensor.greenpi_arduino_nano_roomtemp_temperature,34.44,2025-11-08T01:11:13.167000Z
sensor.greenpi_arduino_nano_roomtemp_temperature,34.19,2025-11-08T01:12:53.257000Z
sensor.greenpi_arduino_nano_roomtemp_temperature,33.96,2025-11-08T01:14:33.303000Z
sensor.greenpi_arduino_nano_roomtemp_temperature,33.77,2025-11-08T01:16:13.393000Z
sensor.greenpi_arduino_nano_roomtemp_temperature,33.59,2025-11-08T01:17:53.470000Z
sensor.greenpi_arduino_nano_roomtemp_temperature,33.41,2025-11-08T01:19:33.568000Z
sensor.greenpi_arduino_nano_roomtemp_temperature,33.28,2025-11-08T01:21:13.652000Z
sensor.greenpi_arduino_nano_roomtemp_temperature,33.11,2025-11-08T01:22:53.733000Z
sensor.greenpi_arduino_nano_roomtemp_temperature,32.96,2025-11-08T01:24:33.805000Z
sensor.greenpi_arduino_nano_roomtemp_temperature,32.82,2025-11-08T01:26:13.852000Z
sensor.greenpi_arduino_nano_roomtemp_temperature,32.71,2025-11-08T01:27:53.966000Z
sensor.greenpi_arduino_nano_roomtemp_temperature,32.58,2025-11-08T01:29:34.011000Z
sensor.greenpi_arduino_nano_roomtemp_temperature,32.47,2025-11-08T01:31:14.106000Z
sensor.greenpi_arduino_nano_roomtemp_temperature,32.35,2025-11-08T01:32:54.214000Z
sensor.greenpi_arduino_nano_roomtemp_temperature,32.27,2025-11-08T01:34:34.309000Z
sensor.greenpi_arduino_nano_roomtemp_temperature,32.16,2025-11-08T01:36:14.395000Z
sensor.greenpi_arduino_nano_roomtemp_temperature,32.07,2025-11-08T01:37:54.490000Z
sensor.greenpi_arduino_nano_roomtemp_temperature,31.98,2025-11-08T01:39:34.580000Z
sensor.greenpi_arduino_nano_roomtemp_temperature,31.88,2025-11-08T01:41:14.675000Z
sensor.greenpi_arduino_nano_roomtemp_temperature,31.81,2025-11-08T01:42:54.757000Z
sensor.greenpi_arduino_nano_roomtemp_temperature,31.73,2025-11-08T01:44:34.869000Z
sensor.greenpi_arduino_nano_roomtemp_temperature,31.64,2025-11-08T01:46:14.955000Z
sensor.greenpi_arduino_nano_roomtemp_temperature,31.57,2025-11-08T01:47:55.036000Z
sensor.greenpi_arduino_nano_roomtemp_temperature,31.5,2025-11-08T01:49:35.141000Z
sensor.greenpi_arduino_nano_roomtemp_temperature,31.43,2025-11-08T01:51:15.184000Z
sensor.greenpi_arduino_nano_roomtemp_temperature,31.35,2025-11-08T01:52:55.280000Z
sensor.greenpi_arduino_nano_roomtemp_temperature,31.28,2025-11-08T01:54:35.367000Z
sensor.greenpi_arduino_nano_roomtemp_temperature,31.23,2025-11-08T01:56:15.446000Z
sensor.greenpi_arduino_nano_roomtemp_temperature,31.15,2025-11-08T01:57:55.548000Z
sensor.greenpi_arduino_nano_roomtemp_temperature,31.06,2025-11-08T01:59:35.650000Z
sensor.greenpi_arduino_nano_roomtemp_temperature,31.01,2025-11-08T02:01:15.756000Z
sensor.greenpi_arduino_nano_roomtemp_temperature,30.95,2025-11-08T02:02:55.848000Z
sensor.greenpi_arduino_nano_roomtemp_temperature,30.89,2025-11-08T02:04:35.822000Z
sensor.greenpi_arduino_nano_roomtemp_temperature,30.85,2025-11-08T02:06:15.912000Z
sensor.greenpi_arduino_nano_roomtemp_temperature,30.79,2025-11-08T02:07:55.996000Z
sensor.greenpi_arduino_nano_roomtemp_temperature,30.74,2025-11-08T02:09:36.082000Z
sensor.greenpi_arduino_nano_roomtemp_temperature,30.67,2025-11-08T02:11:16.153000Z
sensor.greenpi_arduino_nano_roomtemp_temperature,30.64,2025-11-08T02:12:56.289000Z
sensor.greenpi_arduino_nano_roomtemp_temperature,30.59,2025-11-08T02:14:36.345000Z
sensor.greenpi_arduino_nano_roomtemp_temperature,30.52,2025-11-08T02:16:16.437000Z
sensor.greenpi_arduino_nano_roomtemp_temperature,30.48,2025-11-08T02:17:56.527000Z
sensor.greenpi_arduino_nano_roomtemp_temperature,30.43,2025-11-08T02:19:36.592000Z
sensor.greenpi_arduino_nano_roomtemp_temperature,30.39,2025-11-08T02:21:16.682000Z
sensor.greenpi_arduino_nano_roomtemp_temperature,30.34,2025-11-08T02:22:56.734000Z
sensor.greenpi_arduino_nano_roomtemp_temperature,30.28,2025-11-08T02:24:36.790000Z
sensor.greenpi_arduino_nano_roomtemp_temperature,30.24,2025-11-08T02:26:16.874000Z
sensor.greenpi_arduino_nano_roomtemp_temperature,30.2,2025-11-08T02:27:56.965000Z
sensor.greenpi_arduino_nano_roomtemp_temperature,30.16,2025-11-08T02:29:37.015000Z
sensor.greenpi_arduino_nano_roomtemp_temperature,30.12,2025-11-08T02:31:17.098000Z
sensor.greenpi_arduino_nano_roomtemp_temperature,30.08,2025-11-08T02:32:57.184000Z
sensor.greenpi_arduino_nano_roomtemp_temperature,30.02,2025-11-08T02:34:37.273000Z
sensor.greenpi_arduino_nano_roomtemp_temperature,30.0,2025-11-08T02:36:17.326000Z
sensor.greenpi_arduino_nano_roomtemp_temperature,29.96,2025-11-08T02:37:57.418000Z
sensor.greenpi_arduino_nano_roomtemp_temperature,29.91,2025-11-08T02:39:37.512000Z
sensor.greenpi_arduino_nano_roomtemp_temperature,29.87,2025-11-08T02:41:17.556000Z
sensor.greenpi_arduino_nano_roomtemp_temperature,29.83,2025-11-08T02:42:57.664000Z
sensor.greenpi_arduino_nano_roomtemp_temperature,29.78,2025-11-08T02:44:37.752000Z
sensor.greenpi_arduino_nano_roomtemp_temperature,29.77,2025-11-08T02:46:17.840000Z
sensor.greenpi_arduino_nano_roomtemp_temperature,29.7,2025-11-08T02:47:57.925000Z
sensor.greenpi_arduino_nano_roomtemp_temperature,29.67,2025-11-08T02:49:38.013000Z
sensor.greenpi_arduino_nano_roomtemp_temperature,29.63,2025-11-08T02:51:18.107000Z
sensor.greenpi_arduino_nano_roomtemp_temperature,29.61,2025-11-08T02:52:58.191000Z
sensor.greenpi_arduino_nano_roomtemp_temperature,29.57,2025-11-08T02:54:38.280000Z
sensor.greenpi_arduino_nano_roomtemp_temperature,29.55,2025-11-08T02:56:18.325000Z
sensor.greenpi_arduino_nano_roomtemp_temperature,29.5,2025-11-08T02:57:58.414000Z
sensor.greenpi_arduino_nano_roomtemp_temperature,29.47,2025-11-08T02:59:38.504000Z
sensor.greenpi_arduino_nano_roomtemp_temperature,29.43,2025-11-08T03:01:18.591000Z
sensor.greenpi_arduino_nano_roomtemp_temperature,29.39,2025-11-08T03:02:58.699000Z
sensor.greenpi_arduino_nano_roomtemp_temperature,29.36,2025-11-08T03:04:38.762000Z
sensor.greenpi_arduino_nano_roomtemp_temperature,29.35,2025-11-08T03:06:18.905000Z
sensor.greenpi_arduino_nano_roomtemp_temperature,29.31,2025-11-08T03:07:58.994000Z
sensor.greenpi_arduino_nano_roomtemp_temperature,29.28,2025-11-08T03:09:39.088000Z
sensor.greenpi_arduino_nano_roomtemp_temperature,29.24,2025-11-08T03:11:19.162000Z
sensor.greenpi_arduino_nano_roomtemp_temperature,29.22,2025-11-08T03:12:59.213000Z
sensor.greenpi_arduino_nano_roomtemp_temperature,29.18,2025-11-08T03:14:39.321000Z
sensor.greenpi_arduino_nano_roomtemp_temperature,29.17,2025-11-08T03:16:19.376000Z
sensor.greenpi_arduino_nano_roomtemp_temperature,29.13,2025-11-08T03:17:59.596000Z
sensor.greenpi_arduino_nano_roomtemp_temperature,29.1,2025-11-08T03:19:39.561000Z
sensor.greenpi_arduino_nano_roomtemp_temperature,29.06,2025-11-08T03:21:19.713000Z
sensor.greenpi_arduino_nano_roomtemp_temperature,29.03,2025-11-08T03:22:59.763000Z
sensor.greenpi_arduino_nano_roomtemp_temperature,29.0,2025-11-08T03:24:39.830000Z
sensor.greenpi_arduino_nano_roomtemp_temperature,28.98,2025-11-08T03:26:19.920000Z
sensor.greenpi_arduino_nano_roomtemp_temperature,28.96,2025-11-08T03:28:00.051000Z
sensor.greenpi_arduino_nano_roomtemp_temperature,28.94,2025-11-08T03:29:40.102000Z
sensor.greenpi_arduino_nano_roomtemp_temperature,28.91,2025-11-08T03:31:20.167000Z
sensor.greenpi_arduino_nano_roomtemp_temperature,28.87,2025-11-08T03:33:00.243000Z
sensor.greenpi_arduino_nano_roomtemp_temperature,28.85,2025-11-08T03:34:40.336000Z
sensor.greenpi_arduino_nano_roomtemp_temperature,28.81,2025-11-08T03:36:20.545000Z
sensor.greenpi_arduino_nano_roomtemp_temperature,28.78,2025-11-08T03:38:00.543000Z
sensor.greenpi_arduino_nano_roomtemp_temperature,28.76,2025-11-08T03:39:40.570000Z
sensor.greenpi_arduino_nano_roomtemp_temperature,28.74,2025-11-08T03:41:20.710000Z
sensor.greenpi_arduino_nano_roomtemp_temperature,28.7,2025-11-08T03:43:00.917000Z
sensor.greenpi_arduino_nano_roomtemp_temperature,28.69,2025-11-08T03:44:40.798000Z
sensor.greenpi_arduino_nano_roomtemp_temperature,28.68,2025-11-08T03:46:21.253000Z
sensor.greenpi_arduino_nano_roomtemp_temperature,28.65,2025-11-08T03:48:00.969000Z
sensor.greenpi_arduino_nano_roomtemp_temperature,28.62,2025-11-08T03:49:41.083000Z
sensor.greenpi_arduino_nano_roomtemp_temperature,28.59,2025-11-08T03:51:21.129000Z
sensor.greenpi_arduino_nano_roomtemp_temperature,28.58,2025-11-08T03:53:01.222000Z
sensor.greenpi_arduino_nano_roomtemp_temperature,28.55,2025-11-08T03:54:41.430000Z
sensor.greenpi_arduino_nano_roomtemp_temperature,28.52,2025-11-08T03:56:21.421000Z
sensor.greenpi_arduino_nano_roomtemp_temperature,28.51,2025-11-08T03:58:01.508000Z
sensor.greenpi_arduino_nano_roomtemp_temperature,28.48,2025-11-08T03:59:41.610000Z
sensor.greenpi_arduino_nano_roomtemp_temperature,28.44,2025-11-08T04:01:21.754000Z
sensor.greenpi_arduino_nano_roomtemp_temperature,28.43,2025-11-08T04:03:01.826000Z
sensor.greenpi_arduino_nano_roomtemp_temperature,28.39,2025-11-08T04:04:41.832000Z
sensor.greenpi_arduino_nano_roomtemp_temperature,28.38,2025-11-08T04:06:21.939000Z
sensor.greenpi_arduino_nano_roomtemp_temperature,28.36,2025-11-08T04:08:01.976000Z
sensor.greenpi_arduino_nano_roomtemp_temperature,28.32,2025-11-08T04:09:42.030000Z
sensor.greenpi_arduino_nano_roomtemp_temperature,28.3,2025-11-08T04:11:22.127000Z
sensor.greenpi_arduino_nano_roomtemp_temperature,28.28,2025-11-08T04:13:02.201000Z
sensor.greenpi_arduino_nano_roomtemp_temperature,28.25,2025-11-08T04:14:42.285000Z
sensor.greenpi_arduino_nano_roomtemp_temperature,28.24,2025-11-08T04:16:22.368000Z
sensor.greenpi_arduino_nano_roomtemp_temperature,28.2,2025-11-08T04:19:42.549000Z
sensor.greenpi_arduino_nano_roomtemp_temperature,28.19,2025-11-08T04:21:22.608000Z
sensor.greenpi_arduino_nano_roomtemp_temperature,28.16,2025-11-08T04:23:02.719000Z
sensor.greenpi_arduino_nano_roomtemp_temperature,28.14,2025-11-08T04:24:42.744000Z
sensor.greenpi_arduino_nano_roomtemp_temperature,28.12,2025-11-08T04:26:22.787000Z
sensor.greenpi_arduino_nano_roomtemp_temperature,28.1,2025-11-08T04:28:02.957000Z
sensor.greenpi_arduino_nano_roomtemp_temperature,28.08,2025-11-08T04:29:42.944000Z
sensor.greenpi_arduino_nano_roomtemp_temperature,28.06,2025-11-08T04:31:23.045000Z
sensor.greenpi_arduino_nano_roomtemp_temperature,28.05,2025-11-08T04:33:03.091000Z
sensor.greenpi_arduino_nano_roomtemp_temperature,28.02,2025-11-08T04:34:43.124000Z
sensor.greenpi_arduino_nano_roomtemp_temperature,28.01,2025-11-08T04:36:23.218000Z
sensor.greenpi_arduino_nano_roomtemp_temperature,27.98,2025-11-08T04:38:03.269000Z
sensor.greenpi_arduino_nano_roomtemp_temperature,27.95,2025-11-08T04:39:43.406000Z
sensor.greenpi_arduino_nano_roomtemp_temperature,27.94,2025-11-08T04:43:03.572000Z
sensor.greenpi_arduino_nano_roomtemp_temperature,27.91,2025-11-08T04:44:43.581000Z
sensor.greenpi_arduino_nano_roomtemp_temperature,27.9,2025-11-08T04:46:23.795000Z
sensor.greenpi_arduino_nano_roomtemp_temperature,27.88,2025-11-08T04:48:03.753000Z
sensor.greenpi_arduino_nano_roomtemp_temperature,27.86,2025-11-08T04:49:43.928000Z
sensor.greenpi_arduino_nano_roomtemp_temperature,27.84,2025-11-08T04:51:24.095000Z
sensor.greenpi_arduino_nano_roomtemp_temperature,27.83,2025-11-08T04:53:03.991000Z
sensor.greenpi_arduino_nano_roomtemp_temperature,27.82,2025-11-08T04:54:44.118000Z
sensor.greenpi_arduino_nano_roomtemp_temperature,27.8,2025-11-08T04:56:24.144000Z
sensor.greenpi_arduino_nano_roomtemp_temperature,27.79,2025-11-08T04:58:04.198000Z
sensor.greenpi_arduino_nano_roomtemp_temperature,27.76,2025-11-08T04:59:44.254000Z
sensor.greenpi_arduino_nano_roomtemp_temperature,27.75,2025-11-08T05:01:24.343000Z
sensor.greenpi_arduino_nano_roomtemp_temperature,27.73,2025-11-08T05:03:04.472000Z
sensor.greenpi_arduino_nano_roomtemp_temperature,27.72,2025-11-08T05:04:44.544000Z
sensor.greenpi_arduino_nano_roomtemp_temperature,27.69,2025-11-08T05:06:24.587000Z
sensor.greenpi_arduino_nano_roomtemp_temperature,27.68,2025-11-08T05:08:04.667000Z
sensor.greenpi_arduino_nano_roomtemp_temperature,27.67,2025-11-08T05:11:24.808000Z
sensor.greenpi_arduino_nano_roomtemp_temperature,27.64,2025-11-08T05:13:04.864000Z
sensor.greenpi_arduino_nano_roomtemp_temperature,27.62,2025-11-08T05:14:44.955000Z
sensor.greenpi_arduino_nano_roomtemp_temperature,27.61,2025-11-08T05:16:25.075000Z
sensor.greenpi_arduino_nano_roomtemp_temperature,27.6,2025-11-08T05:18:05.049000Z
sensor.greenpi_arduino_nano_roomtemp_temperature,27.58,2025-11-08T05:19:45.142000Z
sensor.greenpi_arduino_nano_roomtemp_temperature,27.56,2025-11-08T05:21:25.230000Z
sensor.greenpi_arduino_nano_roomtemp_temperature,27.54,2025-11-08T05:23:05.275000Z
sensor.greenpi_arduino_nano_roomtemp_temperature,27.56,2025-11-08T05:24:45.467000Z
sensor.greenpi_arduino_nano_roomtemp_temperature,27.53,2025-11-08T05:26:25.469000Z
sensor.greenpi_arduino_nano_roomtemp_temperature,27.51,2025-11-08T05:28:05.620000Z
sensor.greenpi_arduino_nano_roomtemp_temperature,27.49,2025-11-08T05:29:45.647000Z
sensor.greenpi_arduino_nano_roomtemp_temperature,27.46,2025-11-08T05:33:05.824000Z
sensor.greenpi_arduino_nano_roomtemp_temperature,27.45,2025-11-08T05:34:45.905000Z
sensor.greenpi_arduino_nano_roomtemp_temperature,27.42,2025-11-08T05:36:25.949000Z
sensor.greenpi_arduino_nano_roomtemp_temperature,27.41,2025-11-08T05:39:46.101000Z
sensor.greenpi_arduino_nano_roomtemp_temperature,27.38,2025-11-08T05:43:06.245000Z
sensor.greenpi_arduino_nano_roomtemp_temperature,27.35,2025-11-08T05:46:26.419000Z
sensor.greenpi_arduino_nano_roomtemp_temperature,27.34,2025-11-08T05:48:06.474000Z
sensor.greenpi_arduino_nano_roomtemp_temperature,27.32,2025-11-08T05:49:46.561000Z
sensor.greenpi_arduino_nano_roomtemp_temperature,27.31,2025-11-08T05:51:26.708000Z
sensor.greenpi_arduino_nano_roomtemp_temperature,27.32,2025-11-08T05:53:06.797000Z
sensor.greenpi_arduino_nano_roomtemp_temperature,27.3,2025-11-08T05:54:46.813000Z
sensor.greenpi_arduino_nano_roomtemp_temperature,27.27,2025-11-08T05:56:26.905000Z
sensor.greenpi_arduino_nano_roomtemp_temperature,27.25,2025-11-08T06:01:27.166000Z
sensor.greenpi_arduino_nano_roomtemp_temperature,27.24,2025-11-08T06:03:07.305000Z
sensor.greenpi_arduino_nano_roomtemp_temperature,27.21,2025-11-08T06:06:27.396000Z
sensor.greenpi_arduino_nano_roomtemp_temperature,27.2,2025-11-08T06:08:07.492000Z
sensor.greenpi_arduino_nano_roomtemp_temperature,27.19,2025-11-08T06:09:47.580000Z
sensor.greenpi_arduino_nano_roomtemp_temperature,27.17,2025-11-08T06:13:07.773000Z
sensor.greenpi_arduino_nano_roomtemp_temperature,27.16,2025-11-08T06:14:47.882000Z
sensor.greenpi_arduino_nano_roomtemp_temperature,27.13,2025-11-08T06:18:08.068000Z
sensor.greenpi_arduino_nano_roomtemp_temperature,27.12,2025-11-08T06:21:28.283000Z
sensor.greenpi_arduino_nano_roomtemp_temperature,27.1,2025-11-08T06:23:08.457000Z
sensor.greenpi_arduino_nano_roomtemp_temperature,27.09,2025-11-08T06:24:48.519000Z
sensor.greenpi_arduino_nano_roomtemp_temperature,27.08,2025-11-08T06:28:08.618000Z
sensor.greenpi_arduino_nano_roomtemp_temperature,27.06,2025-11-08T06:29:48.701000Z
sensor.greenpi_arduino_nano_roomtemp_temperature,27.05,2025-11-08T06:33:08.946000Z
sensor.greenpi_arduino_nano_roomtemp_temperature,27.02,2025-11-08T06:34:49.020000Z
sensor.greenpi_arduino_nano_roomtemp_temperature,27.01,2025-11-08T06:39:49.160000Z
sensor.greenpi_arduino_nano_roomtemp_temperature,26.98,2025-11-08T06:41:29.235000Z
sensor.greenpi_arduino_nano_roomtemp_temperature,26.97,2025-11-08T06:44:49.458000Z
sensor.greenpi_arduino_nano_roomtemp_temperature,26.96,2025-11-08T06:48:09.559000Z
sensor.greenpi_arduino_nano_roomtemp_temperature,26.92,2025-11-08T06:51:29.815000Z
sensor.greenpi_arduino_nano_roomtemp_temperature,26.89,2025-11-08T06:58:10.055000Z
sensor.greenpi_arduino_nano_roomtemp_temperature,26.88,2025-11-08T07:01:30.207000Z
sensor.greenpi_arduino_nano_roomtemp_temperature,26.86,2025-11-08T07:03:10.368000Z
sensor.greenpi_arduino_nano_roomtemp_temperature,26.85,2025-11-08T07:06:30.507000Z
sensor.greenpi_arduino_nano_roomtemp_temperature,26.86,2025-11-08T07:08:10.468000Z
sensor.greenpi_arduino_nano_roomtemp_temperature,26.85,2025-11-08T07:09:50.581000Z
sensor.greenpi_arduino_nano_roomtemp_temperature,26.82,2025-11-08T07:11:30.601000Z
sensor.greenpi_arduino_nano_roomtemp_temperature,26.81,2025-11-08T07:16:30.895000Z
sensor.greenpi_arduino_nano_roomtemp_temperature,26.8,2025-11-08T07:21:31.258000Z
sensor.greenpi_arduino_nano_roomtemp_temperature,26.78,2025-11-08T07:23:11.350000Z
sensor.greenpi_arduino_nano_roomtemp_temperature,26.77,2025-11-08T07:26:31.517000Z
sensor.greenpi_arduino_nano_roomtemp_temperature,26.74,2025-11-08T07:29:51.629000Z
sensor.greenpi_arduino_nano_roomtemp_temperature,26.73,2025-11-08T07:38:12.202000Z
sensor.greenpi_arduino_nano_roomtemp_temperature,26.71,2025-11-08T07:39:52.190000Z
sensor.greenpi_arduino_nano_roomtemp_temperature,26.7,2025-11-08T07:44:52.521000Z
sensor.greenpi_arduino_nano_roomtemp_temperature,26.69,2025-11-08T07:46:32.559000Z
sensor.greenpi_arduino_nano_roomtemp_temperature,26.67,2025-11-08T07:51:32.911000Z
sensor.greenpi_arduino_nano_roomtemp_temperature,26.66,2025-11-08T07:54:52.994000Z
sensor.greenpi_arduino_nano_roomtemp_temperature,26.65,2025-11-08T07:56:33.073000Z
sensor.greenpi_arduino_nano_roomtemp_temperature,26.63,2025-11-08T08:03:13.474000Z
sensor.greenpi_arduino_nano_roomtemp_temperature,26.62,2025-11-08T08:04:53.558000Z
sensor.greenpi_arduino_nano_roomtemp_temperature,26.6,2025-11-08T08:08:13.795000Z
sensor.greenpi_arduino_nano_roomtemp_temperature,26.59,2025-11-08T08:11:33.929000Z
sensor.greenpi_arduino_nano_roomtemp_temperature,26.58,2025-11-08T08:13:14.021000Z
sensor.greenpi_arduino_nano_roomtemp_temperature,26.56,2025-11-08T08:14:54.122000Z
sensor.greenpi_arduino_nano_roomtemp_temperature,26.59,2025-11-08T08:16:34.286000Z
sensor.greenpi_arduino_nano_roomtemp_temperature,26.58,2025-11-08T08:18:14.366000Z
sensor.greenpi_arduino_nano_roomtemp_temperature,26.56,2025-11-08T08:19:54.398000Z
sensor.greenpi_arduino_nano_roomtemp_temperature,26.55,2025-11-08T08:24:54.805000Z
sensor.greenpi_arduino_nano_roomtemp_temperature,26.56,2025-11-08T08:26:34.745000Z
sensor.greenpi_arduino_nano_roomtemp_temperature,26.55,2025-11-08T08:28:14.840000Z
sensor.greenpi_arduino_nano_roomtemp_temperature,26.54,2025-11-08T08:31:35.047000Z
sensor.greenpi_arduino_nano_roomtemp_temperature,26.52,2025-11-08T08:33:15.090000Z
sensor.greenpi_arduino_nano_roomtemp_temperature,26.54,2025-11-08T08:34:55.176000Z
sensor.greenpi_arduino_nano_roomtemp_temperature,26.52,2025-11-08T08:36:35.262000Z
sensor.greenpi_arduino_nano_roomtemp_temperature,26.51,2025-11-08T08:43:15.683000Z
sensor.greenpi_arduino_nano_roomtemp_temperature,26.49,2025-11-08T08:44:55.693000Z
sensor.greenpi_arduino_nano_roomtemp_temperature,26.51,2025-11-08T08:46:35.802000Z
sensor.greenpi_arduino_nano_roomtemp_temperature,26.49,2025-11-08T08:48:15.984000Z
sensor.greenpi_arduino_nano_roomtemp_temperature,26.47,2025-11-08T08:49:55.980000Z
sensor.greenpi_arduino_nano_roomtemp_temperature,26.48,2025-11-08T08:53:16.156000Z
sensor.greenpi_arduino_nano_roomtemp_temperature,26.47,2025-11-08T08:54:56.405000Z
sensor.greenpi_arduino_nano_roomtemp_temperature,27.32,2025-11-08T09:01:36.630000Z
sensor.greenpi_arduino_nano_roomtemp_temperature,28.09,2025-11-08T09:03:16.822000Z
sensor.greenpi_arduino_nano_roomtemp_temperature,28.69,2025-11-08T09:04:56.925000Z
sensor.greenpi_arduino_nano_roomtemp_temperature,29.14,2025-11-08T09:06:36.900000Z
sensor.greenpi_arduino_nano_roomtemp_temperature,29.52,2025-11-08T09:08:17.031000Z
sensor.greenpi_arduino_nano_roomtemp_temperature,29.86,2025-11-08T09:09:57.221000Z
sensor.greenpi_arduino_nano_roomtemp_temperature,30.12,2025-11-08T09:11:37.137000Z
sensor.greenpi_arduino_nano_roomtemp_temperature,30.37,2025-11-08T09:13:17.191000Z
sensor.greenpi_arduino_nano_roomtemp_temperature,30.54,2025-11-08T09:14:57.311000Z
sensor.greenpi_arduino_nano_roomtemp_temperature,30.75,2025-11-08T09:16:37.509000Z
sensor.greenpi_arduino_nano_roomtemp_temperature,30.93,2025-11-08T09:18:17.564000Z
sensor.greenpi_arduino_nano_roomtemp_temperature,31.09,2025-11-08T09:19:57.646000Z
sensor.greenpi_arduino_nano_roomtemp_temperature,31.27,2025-11-08T09:21:37.745000Z
sensor.greenpi_arduino_nano_roomtemp_temperature,31.4,2025-11-08T09:23:17.750000Z
sensor.greenpi_arduino_nano_roomtemp_temperature,31.54,2025-11-08T09:24:57.832000Z
sensor.greenpi_arduino_nano_roomtemp_temperature,31.65,2025-11-08T09:26:37.920000Z
sensor.greenpi_arduino_nano_roomtemp_temperature,31.79,2025-11-08T09:28:17.975000Z
sensor.greenpi_arduino_nano_roomtemp_temperature,31.9,2025-11-08T09:29:58.094000Z
sensor.greenpi_arduino_nano_roomtemp_temperature,32.01,2025-11-08T09:31:38.174000Z
sensor.greenpi_arduino_nano_roomtemp_temperature,32.12,2025-11-08T09:33:18.207000Z
sensor.greenpi_arduino_nano_roomtemp_temperature,32.2,2025-11-08T09:34:58.279000Z
sensor.greenpi_arduino_nano_roomtemp_temperature,32.28,2025-11-08T09:36:38.362000Z
sensor.greenpi_arduino_nano_roomtemp_temperature,32.38,2025-11-08T09:38:18.483000Z
sensor.greenpi_arduino_nano_roomtemp_temperature,32.46,2025-11-08T09:39:58.525000Z
sensor.greenpi_arduino_nano_roomtemp_temperature,32.54,2025-11-08T09:41:38.694000Z
sensor.greenpi_arduino_nano_roomtemp_temperature,32.61,2025-11-08T09:43:18.714000Z
sensor.greenpi_arduino_nano_roomtemp_temperature,32.69,2025-11-08T09:44:58.812000Z
sensor.greenpi_arduino_nano_roomtemp_temperature,32.77,2025-11-08T09:46:38.912000Z
sensor.greenpi_arduino_nano_roomtemp_temperature,32.85,2025-11-08T09:48:19.018000Z
sensor.greenpi_arduino_nano_roomtemp_temperature,32.92,2025-11-08T09:49:59.133000Z
sensor.greenpi_arduino_nano_roomtemp_temperature,32.99,2025-11-08T09:51:39.277000Z
sensor.greenpi_arduino_nano_roomtemp_temperature,33.04,2025-11-08T09:53:19.444000Z
sensor.greenpi_arduino_nano_roomtemp_temperature,33.11,2025-11-08T09:54:59.407000Z
sensor.greenpi_arduino_nano_roomtemp_temperature,33.18,2025-11-08T09:56:39.492000Z
sensor.greenpi_arduino_nano_roomtemp_temperature,33.22,2025-11-08T09:58:19.592000Z
sensor.greenpi_arduino_nano_roomtemp_temperature,33.29,2025-11-08T09:59:59.678000Z
sensor.greenpi_arduino_nano_roomtemp_temperature,33.37,2025-11-08T10:01:39.796000Z
sensor.greenpi_arduino_nano_roomtemp_temperature,33.41,2025-11-08T10:03:19.875000Z
sensor.greenpi_arduino_nano_roomtemp_temperature,33.48,2025-11-08T10:04:59.949000Z
sensor.greenpi_arduino_nano_roomtemp_temperature,33.52,2025-11-08T10:06:40.063000Z
sensor.greenpi_arduino_nano_roomtemp_temperature,33.56,2025-11-08T10:08:20.195000Z
sensor.greenpi_arduino_nano_roomtemp_temperature,33.62,2025-11-08T10:10:00.233000Z
sensor.greenpi_arduino_nano_roomtemp_temperature,33.67,2025-11-08T10:11:40.283000Z
sensor.greenpi_arduino_nano_roomtemp_temperature,33.74,2025-11-08T10:13:20.369000Z
sensor.greenpi_arduino_nano_roomtemp_temperature,33.77,2025-11-08T10:15:00.484000Z
sensor.greenpi_arduino_nano_roomtemp_temperature,33.82,2025-11-08T10:16:40.563000Z
sensor.greenpi_arduino_nano_roomtemp_temperature,33.86,2025-11-08T10:18:20.727000Z
sensor.greenpi_arduino_nano_roomtemp_temperature,33.92,2025-11-08T10:20:00.738000Z
sensor.greenpi_arduino_nano_roomtemp_temperature,34.0,2025-11-08T10:21:40.839000Z
sensor.greenpi_arduino_nano_roomtemp_temperature,34.03,2025-11-08T10:23:20.991000Z
sensor.greenpi_arduino_nano_roomtemp_temperature,34.08,2025-11-08T10:25:01.005000Z
sensor.greenpi_arduino_nano_roomtemp_temperature,34.12,2025-11-08T10:26:41.098000Z
sensor.greenpi_arduino_nano_roomtemp_temperature,34.16,2025-11-08T10:28:21.172000Z
sensor.greenpi_arduino_nano_roomtemp_temperature,34.22,2025-11-08T10:30:01.294000Z
sensor.greenpi_arduino_nano_roomtemp_temperature,34.26,2025-11-08T10:31:41.411000Z
sensor.greenpi_arduino_nano_roomtemp_temperature,34.31,2025-11-08T10:33:21.420000Z
sensor.greenpi_arduino_nano_roomtemp_temperature,34.34,2025-11-08T10:35:01.511000Z
sensor.greenpi_arduino_nano_roomtemp_temperature,34.39,2025-11-08T10:36:41.709000Z
sensor.greenpi_arduino_nano_roomtemp_temperature,34.42,2025-11-08T10:38:21.683000Z
sensor.greenpi_arduino_nano_roomtemp_temperature,34.46,2025-11-08T10:40:01.879000Z
sensor.greenpi_arduino_nano_roomtemp_temperature,34.52,2025-11-08T10:41:41.839000Z
sensor.greenpi_arduino_nano_roomtemp_temperature,34.57,2025-11-08T10:43:21.942000Z
sensor.greenpi_arduino_nano_roomtemp_temperature,34.59,2025-11-08T10:45:02.048000Z
sensor.greenpi_arduino_nano_roomtemp_temperature,34.64,2025-11-08T10:46:42.110000Z
sensor.greenpi_arduino_nano_roomtemp_temperature,34.68,2025-11-08T10:48:22.141000Z
sensor.greenpi_arduino_nano_roomtemp_temperature,34.7,2025-11-08T10:50:02.180000Z
sensor.greenpi_arduino_nano_roomtemp_temperature,34.75,2025-11-08T10:51:42.255000Z
sensor.greenpi_arduino_nano_roomtemp_temperature,34.78,2025-11-08T10:53:22.407000Z
sensor.greenpi_arduino_nano_roomtemp_temperature,34.82,2025-11-08T10:55:02.418000Z
sensor.greenpi_arduino_nano_roomtemp_temperature,34.85,2025-11-08T10:56:42.562000Z
sensor.greenpi_arduino_nano_roomtemp_temperature,34.89,2025-11-08T10:58:22.580000Z
sensor.greenpi_arduino_nano_roomtemp_temperature,34.92,2025-11-08T11:00:02.678000Z
sensor.greenpi_arduino_nano_roomtemp_temperature,34.94,2025-11-08T11:01:42.636000Z
sensor.greenpi_arduino_nano_roomtemp_temperature,34.98,2025-11-08T11:03:22.793000Z
sensor.greenpi_arduino_nano_roomtemp_temperature,35.0,2025-11-08T11:05:02.851000Z
sensor.greenpi_arduino_nano_roomtemp_temperature,35.02,2025-11-08T11:06:42.860000Z
sensor.greenpi_arduino_nano_roomtemp_temperature,35.08,2025-11-08T11:08:22.960000Z
sensor.greenpi_arduino_nano_roomtemp_temperature,35.11,2025-11-08T11:10:03.040000Z
sensor.greenpi_arduino_nano_roomtemp_temperature,35.12,2025-11-08T11:11:43.154000Z
sensor.greenpi_arduino_nano_roomtemp_temperature,35.18,2025-11-08T11:13:23.500000Z
sensor.greenpi_arduino_nano_roomtemp_temperature,35.22,2025-11-08T11:15:03.402000Z
sensor.greenpi_arduino_nano_roomtemp_temperature,35.24,2025-11-08T11:16:43.385000Z
sensor.greenpi_arduino_nano_roomtemp_temperature,35.27,2025-11-08T11:18:23.474000Z
sensor.greenpi_arduino_nano_roomtemp_temperature,35.3,2025-11-08T11:20:03.693000Z
sensor.greenpi_arduino_nano_roomtemp_temperature,35.33,2025-11-08T11:21:43.658000Z
sensor.greenpi_arduino_nano_roomtemp_temperature,35.37,2025-11-08T11:23:23.651000Z
sensor.greenpi_arduino_nano_roomtemp_temperature,35.38,2025-11-08T11:26:43.789000Z
sensor.greenpi_arduino_nano_roomtemp_temperature,35.41,2025-11-08T11:28:24.132000Z
sensor.greenpi_arduino_nano_roomtemp_temperature,35.44,2025-11-08T11:30:04.152000Z
sensor.greenpi_arduino_nano_roomtemp_temperature,35.49,2025-11-08T11:31:44.178000Z
sensor.greenpi_arduino_nano_roomtemp_temperature,35.53,2025-11-08T11:33:24.161000Z
sensor.greenpi_arduino_nano_roomtemp_temperature,35.57,2025-11-08T11:35:04.220000Z
sensor.greenpi_arduino_nano_roomtemp_temperature,35.6,2025-11-08T11:36:44.210000Z
sensor.greenpi_arduino_nano_roomtemp_temperature,35.61,2025-11-08T11:38:24.269000Z
sensor.greenpi_arduino_nano_roomtemp_temperature,35.62,2025-11-08T11:40:04.313000Z
sensor.greenpi_arduino_nano_roomtemp_temperature,35.65,2025-11-08T11:41:44.506000Z
sensor.greenpi_arduino_nano_roomtemp_temperature,35.68,2025-11-08T11:43:24.563000Z
sensor.greenpi_arduino_nano_roomtemp_temperature,35.73,2025-11-08T11:45:04.538000Z
sensor.greenpi_arduino_nano_roomtemp_temperature,35.75,2025-11-08T11:46:44.620000Z
sensor.greenpi_arduino_nano_roomtemp_temperature,35.79,2025-11-08T11:48:24.655000Z
sensor.greenpi_arduino_nano_roomtemp_temperature,35.83,2025-11-08T11:50:04.690000Z
sensor.greenpi_arduino_nano_roomtemp_temperature,35.84,2025-11-08T11:53:24.885000Z
sensor.greenpi_arduino_nano_roomtemp_temperature,35.88,2025-11-08T11:55:04.940000Z
sensor.greenpi_arduino_nano_roomtemp_temperature,35.9,2025-11-08T11:58:25.130000Z
sensor.greenpi_arduino_nano_roomtemp_temperature,35.95,2025-11-08T12:00:05.245000Z
sensor.greenpi_arduino_nano_roomtemp_temperature,35.98,2025-11-08T12:01:45.375000Z
sensor.greenpi_arduino_nano_roomtemp_temperature,36.02,2025-11-08T12:03:25.416000Z
sensor.greenpi_arduino_nano_roomtemp_temperature,36.03,2025-11-08T12:06:45.440000Z
sensor.greenpi_arduino_nano_roomtemp_temperature,36.06,2025-11-08T12:08:25.526000Z
sensor.greenpi_arduino_nano_roomtemp_temperature,36.09,2025-11-08T12:10:05.641000Z
sensor.greenpi_arduino_nano_roomtemp_temperature,36.12,2025-11-08T12:11:45.623000Z
sensor.greenpi_arduino_nano_roomtemp_temperature,36.13,2025-11-08T12:13:25.722000Z
sensor.greenpi_arduino_nano_roomtemp_temperature,36.17,2025-11-08T12:15:05.763000Z
sensor.greenpi_arduino_nano_roomtemp_temperature,36.2,2025-11-08T12:16:45.938000Z
sensor.greenpi_arduino_nano_roomtemp_temperature,36.21,2025-11-08T12:18:25.949000Z
sensor.greenpi_arduino_nano_roomtemp_temperature,36.24,2025-11-08T12:20:06.044000Z
sensor.greenpi_arduino_nano_roomtemp_temperature,36.27,2025-11-08T12:21:46.141000Z
sensor.greenpi_arduino_nano_roomtemp_temperature,36.28,2025-11-08T12:23:26.231000Z
sensor.greenpi_arduino_nano_roomtemp_temperature,36.31,2025-11-08T12:25:06.283000Z
sensor.greenpi_arduino_nano_roomtemp_temperature,36.32,2025-11-08T12:26:46.370000Z
sensor.greenpi_arduino_nano_roomtemp_temperature,36.36,2025-11-08T12:28:26.481000Z
sensor.greenpi_arduino_nano_roomtemp_temperature,36.39,2025-11-08T12:30:06.580000Z
sensor.greenpi_arduino_nano_roomtemp_temperature,36.4,2025-11-08T12:33:26.804000Z
sensor.greenpi_arduino_nano_roomtemp_temperature,36.45,2025-11-08T12:35:06.830000Z
sensor.greenpi_arduino_nano_roomtemp_temperature,36.46,2025-11-08T12:36:46.847000Z
sensor.greenpi_arduino_nano_roomtemp_temperature,36.47,2025-11-08T12:40:06.995000Z
sensor.greenpi_arduino_nano_roomtemp_temperature,36.5,2025-11-08T12:41:47.442000Z
sensor.greenpi_arduino_nano_roomtemp_temperature,36.53,2025-11-08T12:43:27.158000Z
sensor.greenpi_arduino_nano_roomtemp_temperature,36.57,2025-11-08T12:45:07.359000Z
sensor.greenpi_arduino_nano_roomtemp_temperature,36.59,2025-11-08T12:46:47.326000Z
sensor.greenpi_arduino_nano_roomtemp_temperature,36.6,2025-11-08T12:50:07.577000Z
sensor.greenpi_arduino_nano_roomtemp_temperature,36.64,2025-11-08T12:51:47.599000Z
sensor.greenpi_arduino_nano_roomtemp_temperature,36.65,2025-11-08T12:53:27.643000Z
sensor.greenpi_arduino_nano_roomtemp_temperature,36.67,2025-11-08T12:55:07.745000Z
sensor.greenpi_arduino_nano_roomtemp_temperature,36.7,2025-11-08T12:56:47.830000Z
sensor.greenpi_arduino_nano_roomtemp_temperature,36.71,2025-11-08T12:58:27.929000Z
sensor.greenpi_arduino_nano_roomtemp_temperature,36.74,2025-11-08T13:00:08.036000Z
sensor.greenpi_arduino_nano_roomtemp_temperature,36.76,2025-11-08T13:01:48.130000Z
sensor.greenpi_arduino_nano_roomtemp_temperature,36.78,2025-11-08T13:03:28.295000Z
sensor.greenpi_arduino_nano_roomtemp_temperature,36.81,2025-11-08T13:06:48.396000Z
sensor.greenpi_arduino_nano_roomtemp_temperature,36.82,2025-11-08T13:08:28.528000Z
sensor.greenpi_arduino_nano_roomtemp_temperature,36.83,2025-11-08T13:10:08.614000Z
sensor.greenpi_arduino_nano_roomtemp_temperature,36.87,2025-11-08T13:11:48.658000Z
sensor.greenpi_arduino_nano_roomtemp_temperature,36.88,2025-11-08T13:13:28.838000Z
sensor.greenpi_arduino_nano_roomtemp_temperature,36.9,2025-11-08T13:15:08.857000Z
sensor.greenpi_arduino_nano_roomtemp_temperature,36.94,2025-11-08T13:18:29.054000Z
sensor.greenpi_arduino_nano_roomtemp_temperature,36.95,2025-11-08T13:20:09.167000Z
sensor.greenpi_arduino_nano_roomtemp_temperature,36.97,2025-11-08T13:21:49.280000Z
sensor.greenpi_arduino_nano_roomtemp_temperature,36.95,2025-11-08T13:23:29.302000Z
sensor.greenpi_arduino_nano_roomtemp_temperature,36.98,2025-11-08T13:25:09.363000Z
sensor.greenpi_arduino_nano_roomtemp_temperature,37.01,2025-11-08T13:26:49.425000Z
sensor.greenpi_arduino_nano_roomtemp_temperature,37.02,2025-11-08T13:28:29.520000Z
sensor.greenpi_arduino_nano_roomtemp_temperature,37.05,2025-11-08T13:30:09.636000Z
sensor.greenpi_arduino_nano_roomtemp_temperature,37.06,2025-11-08T13:31:49.709000Z
sensor.greenpi_arduino_nano_roomtemp_temperature,37.1,2025-11-08T13:35:09.997000Z
sensor.greenpi_arduino_nano_roomtemp_temperature,37.12,2025-11-08T13:36:50.023000Z
sensor.greenpi_arduino_nano_roomtemp_temperature,37.13,2025-11-08T13:38:30.143000Z
sensor.greenpi_arduino_nano_roomtemp_temperature,37.14,2025-11-08T13:40:10.223000Z
sensor.greenpi_arduino_nano_roomtemp_temperature,37.16,2025-11-08T13:43:30.341000Z
sensor.greenpi_arduino_nano_roomtemp_temperature,37.2,2025-11-08T13:45:10.409000Z
sensor.greenpi_arduino_nano_roomtemp_temperature,37.23,2025-11-08T13:48:30.581000Z
sensor.greenpi_arduino_nano_roomtemp_temperature,37.24,2025-11-08T13:51:50.811000Z
sensor.greenpi_arduino_nano_roomtemp_temperature,37.25,2025-11-08T13:53:30.849000Z
sensor.greenpi_arduino_nano_roomtemp_temperature,37.27,2025-11-08T13:55:11.022000Z
sensor.greenpi_arduino_nano_roomtemp_temperature,37.28,2025-11-08T13:56:51.018000Z
sensor.greenpi_arduino_nano_roomtemp_temperature,37.31,2025-11-08T13:58:31.095000Z
sensor.greenpi_arduino_nano_roomtemp_temperature,37.32,2025-11-08T14:01:51.241000Z
sensor.greenpi_arduino_nano_roomtemp_temperature,37.34,2025-11-08T14:03:31.371000Z
sensor.greenpi_arduino_nano_roomtemp_temperature,37.35,2025-11-08T14:05:11.390000Z
sensor.greenpi_arduino_nano_roomtemp_temperature,37.38,2025-11-08T14:08:31.513000Z
sensor.greenpi_arduino_nano_roomtemp_temperature,37.39,2025-11-08T14:10:11.598000Z
sensor.greenpi_arduino_nano_roomtemp_temperature,37.42,2025-11-08T14:11:51.755000Z
sensor.greenpi_arduino_nano_roomtemp_temperature,37.45,2025-11-08T14:15:11.891000Z
sensor.greenpi_arduino_nano_roomtemp_temperature,37.46,2025-11-08T14:16:51.932000Z
sensor.greenpi_arduino_nano_roomtemp_temperature,37.47,2025-11-08T14:18:32.010000Z
sensor.greenpi_arduino_nano_roomtemp_temperature,37.5,2025-11-08T14:20:12.061000Z
sensor.greenpi_arduino_nano_roomtemp_temperature,37.49,2025-11-08T14:21:52.169000Z
sensor.greenpi_arduino_nano_roomtemp_temperature,37.51,2025-11-08T14:23:32.249000Z
sensor.greenpi_arduino_nano_roomtemp_temperature,37.53,2025-11-08T14:26:52.486000Z
sensor.greenpi_arduino_nano_roomtemp_temperature,37.54,2025-11-08T14:28:32.607000Z
sensor.greenpi_arduino_nano_roomtemp_temperature,37.55,2025-11-08T14:30:12.622000Z
sensor.greenpi_arduino_nano_roomtemp_temperature,37.57,2025-11-08T14:31:52.806000Z
sensor.greenpi_arduino_nano_roomtemp_temperature,37.58,2025-11-08T14:35:12.927000Z
sensor.greenpi_arduino_nano_roomtemp_temperature,37.6,2025-11-08T14:36:53.003000Z
sensor.greenpi_arduino_nano_roomtemp_temperature,37.62,2025-11-08T14:38:33.072000Z
sensor.greenpi_arduino_nano_roomtemp_temperature,37.61,2025-11-08T14:40:13.098000Z
sensor.greenpi_arduino_nano_roomtemp_temperature,37.64,2025-11-08T14:41:53.228000Z
sensor.greenpi_arduino_nano_roomtemp_temperature,37.65,2025-11-08T14:45:13.345000Z
sensor.greenpi_arduino_nano_roomtemp_temperature,37.66,2025-11-08T14:46:53.536000Z
sensor.greenpi_arduino_nano_roomtemp_temperature,37.68,2025-11-08T14:50:13.757000Z
sensor.greenpi_arduino_nano_roomtemp_temperature,37.69,2025-11-08T14:51:53.719000Z
sensor.greenpi_arduino_nano_roomtemp_temperature,37.72,2025-11-08T14:55:13.865000Z
sensor.greenpi_arduino_nano_roomtemp_temperature,37.75,2025-11-08T14:56:54.029000Z
sensor.greenpi_arduino_nano_roomtemp_temperature,37.76,2025-11-08T14:58:34.106000Z
sensor.greenpi_arduino_nano_roomtemp_temperature,37.75,2025-11-08T15:00:14.124000Z
sensor.greenpi_arduino_nano_roomtemp_temperature,37.77,2025-11-08T15:01:54.248000Z
sensor.greenpi_arduino_nano_roomtemp_temperature,37.8,2025-11-08T15:05:14.320000Z
sensor.greenpi_arduino_nano_roomtemp_temperature,37.81,2025-11-08T15:10:14.648000Z
sensor.greenpi_arduino_nano_roomtemp_temperature,37.84,2025-11-08T15:11:54.716000Z
sensor.greenpi_arduino_nano_roomtemp_temperature,37.83,2025-11-08T15:13:34.816000Z
sensor.greenpi_arduino_nano_roomtemp_temperature,37.86,2025-11-08T15:15:14.840000Z
sensor.greenpi_arduino_nano_roomtemp_temperature,37.87,2025-11-08T15:16:54.935000Z
sensor.greenpi_arduino_nano_roomtemp_temperature,37.86,2025-11-08T15:18:35.103000Z
sensor.greenpi_arduino_nano_roomtemp_temperature,37.87,2025-11-08T15:20:15.097000Z
sensor.greenpi_arduino_nano_roomtemp_temperature,37.88,2025-11-08T15:23:35.301000Z
sensor.greenpi_arduino_nano_roomtemp_temperature,37.92,2025-11-08T15:25:15.336000Z
sensor.greenpi_arduino_nano_roomtemp_temperature,37.91,2025-11-08T15:26:55.424000Z
sensor.greenpi_arduino_nano_roomtemp_temperature,37.95,2025-11-08T15:28:35.530000Z
sensor.greenpi_arduino_nano_roomtemp_temperature,37.94,2025-11-08T15:31:55.775000Z
sensor.greenpi_arduino_nano_roomtemp_temperature,37.98,2025-11-08T15:35:15.933000Z
sensor.greenpi_arduino_nano_roomtemp_temperature,37.99,2025-11-08T15:38:36.118000Z
sensor.greenpi_arduino_nano_roomtemp_temperature,38.01,2025-11-08T15:40:16.204000Z
sensor.greenpi_arduino_nano_roomtemp_temperature,37.99,2025-11-08T15:43:36.406000Z
sensor.greenpi_arduino_nano_roomtemp_temperature,38.03,2025-11-08T15:45:16.431000Z
sensor.greenpi_arduino_nano_roomtemp_temperature,38.05,2025-11-08T15:50:16.748000Z
sensor.greenpi_arduino_nano_roomtemp_temperature,38.03,2025-11-08T15:51:56.866000Z
sensor.greenpi_arduino_nano_roomtemp_temperature,38.08,2025-11-08T15:53:36.816000Z
sensor.greenpi_arduino_nano_roomtemp_temperature,38.1,2025-11-08T15:58:37.052000Z
sensor.greenpi_arduino_nano_roomtemp_temperature,38.14,2025-11-08T16:05:17.395000Z
sensor.greenpi_arduino_nano_roomtemp_temperature,38.13,2025-11-08T16:10:17.702000Z
sensor.greenpi_arduino_nano_roomtemp_temperature,38.14,2025-11-08T16:11:57.712000Z
sensor.greenpi_arduino_nano_roomtemp_temperature,38.17,2025-11-08T16:13:37.873000Z
sensor.greenpi_arduino_nano_roomtemp_temperature,38.16,2025-11-08T16:15:17.871000Z
sensor.greenpi_arduino_nano_roomtemp_temperature,38.18,2025-11-08T16:16:57.968000Z
sensor.greenpi_arduino_nano_roomtemp_temperature,38.2,2025-11-08T16:18:38.098000Z
sensor.greenpi_arduino_nano_roomtemp_temperature,38.21,2025-11-08T16:21:58.194000Z
sensor.greenpi_arduino_nano_roomtemp_temperature,38.23,2025-11-08T16:25:18.332000Z
sensor.greenpi_arduino_nano_roomtemp_temperature,38.24,2025-11-08T16:26:58.427000Z
sensor.greenpi_arduino_nano_roomtemp_temperature,38.23,2025-11-08T16:30:18.631000Z
sensor.greenpi_arduino_nano_roomtemp_temperature,38.24,2025-11-08T16:31:58.742000Z
sensor.greenpi_arduino_nano_roomtemp_temperature,38.25,2025-11-08T16:33:38.732000Z
sensor.greenpi_arduino_nano_roomtemp_temperature,38.28,2025-11-08T16:35:18.844000Z
sensor.greenpi_arduino_nano_roomtemp_temperature,38.29,2025-11-08T16:36:58.921000Z
sensor.greenpi_arduino_nano_roomtemp_temperature,38.28,2025-11-08T16:38:39.102000Z
sensor.greenpi_arduino_nano_roomtemp_temperature,38.29,2025-11-08T16:41:59.232000Z
sensor.greenpi_arduino_nano_roomtemp_temperature,38.3,2025-11-08T16:46:59.409000Z
sensor.greenpi_arduino_nano_roomtemp_temperature,38.32,2025-11-08T16:48:39.524000Z
sensor.greenpi_arduino_nano_roomtemp_temperature,38.33,2025-11-08T16:51:59.639000Z
sensor.greenpi_arduino_nano_roomtemp_temperature,38.36,2025-11-08T16:55:19.824000Z
sensor.greenpi_arduino_nano_roomtemp_temperature,38.35,2025-11-08T16:56:59.870000Z
sensor.greenpi_arduino_nano_roomtemp_temperature,38.36,2025-11-08T16:58:39.972000Z
sensor.greenpi_arduino_nano_roomtemp_temperature,38.37,2025-11-08T17:02:00.147000Z
sensor.greenpi_arduino_nano_roomtemp_temperature,38.4,2025-11-08T17:05:20.288000Z
sensor.greenpi_arduino_nano_roomtemp_temperature,38.39,2025-11-08T17:07:00.314000Z
sensor.greenpi_arduino_nano_roomtemp_temperature,38.4,2025-11-08T17:08:40.365000Z
sensor.greenpi_arduino_nano_roomtemp_temperature,38.43,2025-11-08T17:12:00.547000Z
sensor.greenpi_arduino_nano_roomtemp_temperature,38.4,2025-11-08T17:13:40.586000Z
sensor.greenpi_arduino_nano_roomtemp_temperature,38.41,2025-11-08T17:15:20.757000Z
sensor.greenpi_arduino_nano_roomtemp_temperature,38.44,2025-11-08T17:17:00.808000Z
sensor.greenpi_arduino_nano_roomtemp_temperature,38.41,2025-11-08T17:18:40.902000Z
sensor.greenpi_arduino_nano_roomtemp_temperature,38.43,2025-11-08T17:22:00.958000Z
sensor.greenpi_arduino_nano_roomtemp_temperature,38.41,2025-11-08T17:23:41.048000Z
sensor.greenpi_arduino_nano_roomtemp_temperature,38.44,2025-11-08T17:28:41.359000Z
sensor.greenpi_arduino_nano_roomtemp_temperature,38.45,2025-11-08T17:30:21.351000Z
sensor.greenpi_arduino_nano_roomtemp_temperature,38.47,2025-11-08T17:33:41.536000Z
sensor.greenpi_arduino_nano_roomtemp_temperature,38.45,2025-11-08T17:35:21.593000Z
sensor.greenpi_arduino_nano_roomtemp_temperature,38.47,2025-11-08T17:37:01.723000Z
sensor.greenpi_arduino_nano_roomtemp_temperature,38.48,2025-11-08T17:40:21.915000Z
sensor.greenpi_arduino_nano_roomtemp_temperature,38.47,2025-11-08T17:42:01.894000Z
sensor.greenpi_arduino_nano_roomtemp_temperature,38.48,2025-11-08T17:47:02.227000Z
sensor.greenpi_arduino_nano_roomtemp_temperature,38.5,2025-11-08T17:50:22.335000Z
sensor.greenpi_arduino_nano_roomtemp_temperature,38.52,2025-11-08T17:53:42.425000Z
sensor.greenpi_arduino_nano_roomtemp_temperature,38.5,2025-11-08T17:55:22.556000Z
sensor.greenpi_arduino_nano_roomtemp_temperature,38.51,2025-11-08T17:57:02.566000Z
sensor.greenpi_arduino_nano_roomtemp_temperature,38.52,2025-11-08T18:02:02.891000Z
sensor.greenpi_arduino_nano_roomtemp_temperature,38.55,2025-11-08T18:03:42.936000Z
sensor.greenpi_arduino_nano_roomtemp_temperature,38.54,2025-11-08T18:05:22.941000Z
sensor.greenpi_arduino_nano_roomtemp_temperature,38.52,2025-11-08T18:07:02.995000Z
sensor.greenpi_arduino_nano_roomtemp_temperature,38.55,2025-11-08T18:08:43.090000Z
sensor.greenpi_arduino_nano_roomtemp_temperature,38.52,2025-11-08T18:10:23.208000Z
sensor.greenpi_arduino_nano_roomtemp_temperature,38.56,2025-11-08T18:12:03.248000Z
sensor.greenpi_arduino_nano_roomtemp_temperature,38.55,2025-11-08T18:13:43.306000Z
sensor.greenpi_arduino_nano_roomtemp_temperature,38.56,2025-11-08T18:15:23.409000Z
sensor.greenpi_arduino_nano_roomtemp_temperature,38.55,2025-11-08T18:18:43.457000Z
sensor.greenpi_arduino_nano_roomtemp_temperature,38.58,2025-11-08T18:20:23.589000Z
sensor.greenpi_arduino_nano_roomtemp_temperature,38.59,2025-11-08T18:22:03.552000Z
sensor.greenpi_arduino_nano_roomtemp_temperature,38.61,2025-11-08T18:27:03.720000Z
sensor.greenpi_arduino_nano_roomtemp_temperature,38.62,2025-11-08T18:28:43.798000Z
sensor.greenpi_arduino_nano_roomtemp_temperature,38.61,2025-11-08T18:30:23.883000Z
sensor.greenpi_arduino_nano_roomtemp_temperature,38.62,2025-11-08T18:37:04.152000Z
sensor.greenpi_arduino_nano_roomtemp_temperature,38.63,2025-11-08T18:40:24.345000Z
sensor.greenpi_arduino_nano_roomtemp_temperature,38.62,2025-11-08T18:45:24.633000Z
sensor.greenpi_arduino_nano_roomtemp_temperature,38.63,2025-11-08T18:47:04.618000Z
sensor.greenpi_arduino_nano_roomtemp_temperature,38.65,2025-11-08T18:48:44.712000Z
sensor.greenpi_arduino_nano_roomtemp_temperature,38.66,2025-11-08T18:50:24.807000Z
sensor.greenpi_arduino_nano_roomtemp_temperature,38.67,2025-11-08T18:52:04.857000Z
sensor.greenpi_arduino_nano_roomtemp_temperature,38.65,2025-11-08T18:53:44.947000Z
sensor.greenpi_arduino_nano_roomtemp_temperature,38.66,2025-11-08T18:55:25.051000Z
sensor.greenpi_arduino_nano_roomtemp_temperature,38.65,2025-11-08T18:57:05.181000Z
sensor.greenpi_arduino_nano_roomtemp_temperature,38.69,2025-11-08T18:58:45.194000Z
sensor.greenpi_arduino_nano_roomtemp_temperature,38.67,2025-11-08T19:00:25.272000Z
sensor.greenpi_arduino_nano_roomtemp_temperature,38.69,2025-11-08T19:03:45.442000Z
sensor.greenpi_arduino_nano_roomtemp_temperature,38.7,2025-11-08T19:05:25.506000Z
sensor.greenpi_arduino_nano_roomtemp_temperature,38.69,2025-11-08T19:07:05.581000Z
sensor.greenpi_arduino_nano_roomtemp_temperature,38.72,2025-11-08T19:08:45.651000Z
sensor.greenpi_arduino_nano_roomtemp_temperature,38.73,2025-11-08T19:10:25.742000Z
sensor.greenpi_arduino_nano_roomtemp_temperature,38.74,2025-11-08T19:15:26.056000Z
sensor.greenpi_arduino_nano_roomtemp_temperature,38.73,2025-11-08T19:17:05.989000Z
sensor.greenpi_arduino_nano_roomtemp_temperature,38.74,2025-11-08T19:22:06.214000Z
sensor.greenpi_arduino_nano_roomtemp_temperature,38.76,2025-11-08T19:23:46.311000Z
sensor.greenpi_arduino_nano_roomtemp_temperature,38.74,2025-11-08T19:25:26.392000Z
sensor.greenpi_arduino_nano_roomtemp_temperature,38.76,2025-11-08T19:28:46.570000Z
sensor.greenpi_arduino_nano_roomtemp_temperature,38.77,2025-11-08T19:30:26.641000Z
sensor.greenpi_arduino_nano_roomtemp_temperature,38.78,2025-11-08T19:32:06.725000Z
sensor.greenpi_arduino_nano_roomtemp_temperature,38.77,2025-11-08T19:33:46.792000Z
sensor.greenpi_arduino_nano_roomtemp_temperature,38.8,2025-11-08T19:35:26.909000Z
sensor.greenpi_arduino_nano_roomtemp_temperature,38.78,2025-11-08T19:37:06.922000Z
sensor.greenpi_arduino_nano_roomtemp_temperature,38.81,2025-11-08T19:42:07.188000Z
sensor.greenpi_arduino_nano_roomtemp_temperature,38.8,2025-11-08T19:47:07.504000Z
sensor.greenpi_arduino_nano_roomtemp_temperature,38.81,2025-11-08T19:50:27.734000Z
sensor.greenpi_arduino_nano_roomtemp_temperature,38.84,2025-11-08T19:53:47.778000Z
sensor.greenpi_arduino_nano_roomtemp_temperature,38.82,2025-11-08T19:55:27.902000Z
sensor.greenpi_arduino_nano_roomtemp_temperature,38.85,2025-11-08T19:57:07.973000Z
sensor.greenpi_arduino_nano_roomtemp_temperature,38.84,2025-11-08T19:58:47.998000Z
sensor.greenpi_arduino_nano_roomtemp_temperature,38.85,2025-11-08T20:00:28.084000Z
sensor.greenpi_arduino_nano_roomtemp_temperature,38.84,2025-11-08T20:03:48.303000Z
sensor.greenpi_arduino_nano_roomtemp_temperature,38.85,2025-11-08T20:05:28.445000Z
sensor.greenpi_arduino_nano_roomtemp_temperature,38.87,2025-11-08T20:07:08.563000Z
sensor.greenpi_arduino_nano_roomtemp_temperature,38.88,2025-11-08T20:10:28.650000Z
sensor.greenpi_arduino_nano_roomtemp_temperature,38.89,2025-11-08T20:15:29.086000Z
sensor.greenpi_arduino_nano_roomtemp_temperature,38.91,2025-11-08T20:17:09.021000Z
sensor.greenpi_arduino_nano_roomtemp_temperature,38.88,2025-11-08T20:20:29.177000Z
sensor.greenpi_arduino_nano_roomtemp_temperature,38.91,2025-11-08T20:22:09.323000Z
sensor.greenpi_arduino_nano_roomtemp_temperature,38.89,2025-11-08T20:25:29.461000Z
sensor.greenpi_arduino_nano_roomtemp_temperature,38.91,2025-11-08T20:27:09.578000Z
sensor.greenpi_arduino_nano_roomtemp_temperature,38.92,2025-11-08T20:28:49.695000Z
sensor.greenpi_arduino_nano_roomtemp_temperature,38.93,2025-11-08T20:30:29.740000Z
sensor.greenpi_arduino_nano_roomtemp_temperature,38.96,2025-11-08T20:32:09.815000Z
sensor.greenpi_arduino_nano_roomtemp_temperature,38.93,2025-11-08T20:33:49.921000Z
sensor.greenpi_arduino_nano_roomtemp_temperature,38.95,2025-11-08T20:37:10.045000Z
sensor.greenpi_arduino_nano_roomtemp_temperature,38.96,2025-11-08T20:38:50.149000Z
sensor.greenpi_arduino_nano_roomtemp_temperature,38.95,2025-11-08T20:45:30.528000Z
sensor.greenpi_arduino_nano_roomtemp_temperature,38.96,2025-11-08T20:47:10.560000Z
sensor.greenpi_arduino_nano_roomtemp_temperature,38.98,2025-11-08T20:48:50.611000Z
sensor.greenpi_arduino_nano_roomtemp_temperature,38.99,2025-11-08T20:52:10.780000Z
sensor.greenpi_arduino_nano_roomtemp_temperature,38.98,2025-11-08T20:53:50.847000Z
sensor.greenpi_arduino_nano_roomtemp_temperature,38.99,2025-11-08T20:57:11.072000Z
sensor.greenpi_arduino_nano_roomtemp_temperature,38.98,2025-11-08T21:07:11.594000Z
sensor.greenpi_arduino_nano_roomtemp_temperature,38.99,2025-11-08T21:10:31.667000Z
sensor.greenpi_arduino_nano_roomtemp_temperature,39.02,2025-11-08T21:17:12.022000Z
sensor.greenpi_arduino_nano_roomtemp_temperature,38.99,2025-11-08T21:18:52.110000Z
sensor.greenpi_arduino_nano_roomtemp_temperature,39.0,2025-11-08T21:20:32.203000Z
sensor.greenpi_arduino_nano_roomtemp_temperature,38.99,2025-11-08T21:22:12.326000Z
sensor.greenpi_arduino_nano_roomtemp_temperature,38.98,2025-11-08T21:25:32.441000Z
sensor.greenpi_arduino_nano_roomtemp_temperature,38.96,2025-11-08T21:30:32.802000Z
sensor.greenpi_arduino_nano_roomtemp_temperature,38.95,2025-11-08T21:35:33.088000Z
sensor.greenpi_arduino_nano_roomtemp_temperature,38.96,2025-11-08T21:38:53.143000Z
sensor.greenpi_arduino_nano_roomtemp_temperature,38.95,2025-11-08T21:40:33.312000Z
sensor.greenpi_arduino_nano_roomtemp_temperature,38.96,2025-11-08T21:42:13.266000Z
sensor.greenpi_arduino_nano_roomtemp_temperature,38.95,2025-11-08T21:47:13.481000Z
sensor.greenpi_arduino_nano_roomtemp_temperature,38.92,2025-11-08T21:48:53.527000Z
sensor.greenpi_arduino_nano_roomtemp_temperature,38.93,2025-11-08T21:52:13.822000Z
sensor.greenpi_arduino_nano_roomtemp_temperature,38.92,2025-11-08T21:53:53.858000Z
sensor.greenpi_arduino_nano_roomtemp_temperature,38.91,2025-11-08T21:55:33.906000Z
sensor.greenpi_arduino_nano_roomtemp_temperature,38.92,2025-11-08T21:57:13.994000Z
sensor.greenpi_arduino_nano_roomtemp_temperature,38.91,2025-11-08T21:58:54.165000Z
sensor.greenpi_arduino_nano_roomtemp_temperature,38.88,2025-11-08T22:03:54.398000Z
sensor.greenpi_arduino_nano_roomtemp_temperature,38.85,2025-11-08T22:08:54.587000Z
sensor.greenpi_arduino_nano_roomtemp_temperature,38.87,2025-11-08T22:10:34.683000Z
sensor.greenpi_arduino_nano_roomtemp_temperature,38.85,2025-11-08T22:15:34.890000Z
sensor.greenpi_arduino_nano_roomtemp_temperature,38.87,2025-11-08T22:17:15.043000Z
sensor.greenpi_arduino_nano_roomtemp_temperature,38.85,2025-11-08T22:20:35.109000Z
sensor.greenpi_arduino_nano_roomtemp_temperature,38.82,2025-11-08T22:22:15.166000Z
sensor.greenpi_arduino_nano_roomtemp_temperature,38.81,2025-11-08T22:23:55.254000Z
sensor.greenpi_arduino_nano_roomtemp_temperature,38.82,2025-11-08T22:25:35.425000Z
sensor.greenpi_arduino_nano_roomtemp_temperature,38.81,2025-11-08T22:27:15.634000Z
sensor.greenpi_arduino_nano_roomtemp_temperature,38.8,2025-11-08T22:28:55.564000Z
sensor.greenpi_arduino_nano_roomtemp_temperature,38.81,2025-11-08T22:32:15.730000Z
sensor.greenpi_arduino_nano_roomtemp_temperature,38.8,2025-11-08T22:33:55.898000Z
sensor.greenpi_arduino_nano_roomtemp_temperature,38.78,2025-11-08T22:35:35.929000Z
sensor.greenpi_arduino_nano_roomtemp_temperature,38.77,2025-11-08T22:42:16.280000Z
sensor.greenpi_arduino_nano_roomtemp_temperature,38.78,2025-11-08T22:43:56.422000Z
sensor.greenpi_arduino_nano_roomtemp_temperature,38.74,2025-11-08T22:45:36.458000Z
sensor.greenpi_arduino_nano_roomtemp_temperature,38.73,2025-11-08T22:50:36.690000Z
sensor.greenpi_arduino_nano_roomtemp_temperature,38.74,2025-11-08T22:52:16.746000Z
sensor.greenpi_arduino_nano_roomtemp_temperature,38.72,2025-11-08T22:55:36.960000Z
sensor.greenpi_arduino_nano_roomtemp_temperature,38.7,2025-11-08T23:00:37.192000Z
sensor.greenpi_arduino_nano_roomtemp_temperature,38.72,2025-11-08T23:03:57.370000Z
sensor.greenpi_arduino_nano_roomtemp_temperature,38.7,2025-11-08T23:05:37.403000Z
sensor.greenpi_arduino_nano_roomtemp_temperature,38.66,2025-11-08T23:07:17.512000Z
sensor.greenpi_arduino_nano_roomtemp_temperature,38.69,2025-11-08T23:08:57.686000Z
sensor.greenpi_arduino_nano_roomtemp_temperature,38.67,2025-11-08T23:10:37.755000Z
sensor.greenpi_arduino_nano_roomtemp_temperature,38.66,2025-11-08T23:12:17.751000Z
sensor.greenpi_arduino_nano_roomtemp_temperature,38.65,2025-11-08T23:13:57.836000Z
sensor.greenpi_arduino_nano_roomtemp_temperature,38.63,2025-11-08T23:17:18.017000Z
sensor.greenpi_arduino_nano_roomtemp_temperature,38.62,2025-11-08T23:20:38.161000Z
sensor.greenpi_arduino_nano_roomtemp_temperature,38.63,2025-11-08T23:22:18.265000Z
sensor.greenpi_arduino_nano_roomtemp_temperature,38.61,2025-11-08T23:23:58.348000Z
sensor.greenpi_arduino_nano_roomtemp_temperature,38.62,2025-11-08T23:25:38.441000Z
sensor.greenpi_arduino_nano_roomtemp_temperature,38.59,2025-11-08T23:33:58.956000Z
sensor.greenpi_arduino_nano_roomtemp_temperature,38.56,2025-11-08T23:35:38.900000Z
sensor.greenpi_arduino_nano_roomtemp_temperature,38.59,2025-11-08T23:37:18.982000Z
sensor.greenpi_arduino_nano_roomtemp_temperature,38.55,2025-11-08T23:38:59.072000Z
sensor.greenpi_arduino_nano_roomtemp_temperature,38.54,2025-11-08T23:42:19.236000Z
sensor.greenpi_arduino_nano_roomtemp_temperature,38.55,2025-11-08T23:43:59.318000Z
sensor.greenpi_arduino_nano_roomtemp_temperature,38.56,2025-11-08T23:45:39.439000Z
sensor.greenpi_arduino_nano_roomtemp_temperature,38.55,2025-11-08T23:47:19.589000Z
sensor.greenpi_arduino_nano_roomtemp_temperature,38.54,2025-11-08T23:48:59.572000Z
sensor.greenpi_arduino_nano_roomtemp_temperature,38.52,2025-11-08T23:52:19.781000Z
sensor.greenpi_arduino_nano_roomtemp_temperature,38.5,2025-11-09T00:02:20.181000Z
sensor.greenpi_arduino_nano_roomtemp_temperature,38.48,2025-11-09T00:04:00.338000Z
sensor.greenpi_arduino_nano_roomtemp_temperature,38.5,2025-11-09T00:05:40.408000Z
sensor.greenpi_arduino_nano_roomtemp_temperature,38.48,2025-11-09T00:07:20.485000Z
sensor.greenpi_arduino_nano_roomtemp_temperature,38.5,2025-11-09T00:09:00.483000Z
sensor.greenpi_arduino_nano_roomtemp_temperature,38.47,2025-11-09T00:10:40.564000Z
sensor.greenpi_arduino_nano_roomtemp_temperature,38.45,2025-11-09T00:14:00.824000Z
sensor.greenpi_arduino_nano_roomtemp_temperature,38.44,2025-11-09T00:19:00.934000Z
sensor.greenpi_arduino_nano_roomtemp_temperature,38.45,2025-11-09T00:20:41.061000Z
sensor.greenpi_arduino_nano_roomtemp_temperature,38.44,2025-11-09T00:22:21.148000Z
sensor.greenpi_arduino_nano_roomtemp_temperature,38.43,2025-11-09T00:24:01.344000Z
sensor.greenpi_arduino_nano_roomtemp_temperature,38.41,2025-11-09T00:27:21.435000Z
sensor.greenpi_arduino_nano_roomtemp_temperature,38.4,2025-11-09T00:30:41.655000Z
sensor.greenpi_arduino_nano_roomtemp_temperature,38.41,2025-11-09T00:32:21.682000Z
sensor.greenpi_arduino_nano_roomtemp_temperature,38.4,2025-11-09T00:34:01.746000Z
sensor.greenpi_arduino_nano_roomtemp_temperature,38.37,2025-11-09T00:39:01.972000Z
sensor.greenpi_arduino_nano_roomtemp_temperature,38.39,2025-11-09T00:40:42.106000Z
sensor.greenpi_arduino_nano_roomtemp_temperature,38.37,2025-11-09T00:44:02.324000Z
sensor.greenpi_arduino_nano_roomtemp_temperature,38.33,2025-11-09T00:49:02.529000Z
sensor.greenpi_arduino_nano_roomtemp_temperature,38.35,2025-11-09T00:50:42.584000Z
sensor.greenpi_arduino_nano_roomtemp_temperature,38.33,2025-11-09T00:52:22.717000Z
sensor.greenpi_arduino_nano_roomtemp_temperature,38.32,2025-11-09T00:55:42.825000Z
sensor.greenpi_arduino_nano_roomtemp_temperature,38.33,2025-11-09T00:57:22.894000Z
sensor.greenpi_arduino_nano_roomtemp_temperature,38.3,2025-11-09T00:59:03.109000Z
sensor.greenpi_arduino_nano_roomtemp_temperature,37.98,2025-11-09T01:00:43.087000Z
sensor.greenpi_arduino_nano_roomtemp_temperature,37.2,2025-11-09T01:02:23.119000Z
sensor.greenpi_arduino_nano_roomtemp_temperature,36.56,2025-11-09T01:04:03.173000Z
sensor.greenpi_arduino_nano_roomtemp_temperature,36.12,2025-11-09T01:05:43.247000Z
sensor.greenpi_arduino_nano_roomtemp_temperature,35.73,2025-11-09T01:07:23.408000Z
sensor.greenpi_arduino_nano_roomtemp_temperature,35.39,2025-11-09T01:09:03.382000Z
sensor.greenpi_arduino_nano_roomtemp_temperature,35.11,2025-11-09T01:10:43.466000Z
sensor.greenpi_arduino_nano_roomtemp_temperature,34.87,2025-11-09T01:12:23.551000Z
sensor.greenpi_arduino_nano_roomtemp_temperature,34.66,2025-11-09T01:14:03.741000Z
sensor.greenpi_arduino_nano_roomtemp_temperature,34.48,2025-11-09T01:15:43.695000Z
sensor.greenpi_arduino_nano_roomtemp_temperature,34.26,2025-11-09T01:17:23.880000Z
sensor.greenpi_arduino_nano_roomtemp_temperature,34.09,2025-11-09T01:19:03.892000Z
sensor.greenpi_arduino_nano_roomtemp_temperature,33.93,2025-11-09T01:20:44.019000Z
sensor.greenpi_arduino_nano_roomtemp_temperature,33.75,2025-11-09T01:22:24.023000Z
sensor.greenpi_arduino_nano_roomtemp_temperature,33.63,2025-11-09T01:24:04.183000Z
sensor.greenpi_arduino_nano_roomtemp_temperature,33.49,2025-11-09T01:25:44.153000Z
sensor.greenpi_arduino_nano_roomtemp_temperature,33.34,2025-11-09T01:27:24.352000Z
sensor.greenpi_arduino_nano_roomtemp_temperature,33.23,2025-11-09T01:29:04.302000Z
sensor.greenpi_arduino_nano_roomtemp_temperature,33.14,2025-11-09T01:30:44.433000Z
sensor.greenpi_arduino_nano_roomtemp_temperature,33.0,2025-11-09T01:32:24.492000Z
sensor.greenpi_arduino_nano_roomtemp_temperature,32.89,2025-11-09T01:34:04.614000Z
sensor.greenpi_arduino_nano_roomtemp_temperature,32.8,2025-11-09T01:35:44.791000Z
sensor.greenpi_arduino_nano_roomtemp_temperature,32.69,2025-11-09T01:37:24.745000Z
sensor.greenpi_arduino_nano_roomtemp_temperature,32.58,2025-11-09T01:39:04.854000Z
sensor.greenpi_arduino_nano_roomtemp_temperature,32.5,2025-11-09T01:40:45.049000Z
sensor.greenpi_arduino_nano_roomtemp_temperature,32.42,2025-11-09T01:42:25.025000Z
sensor.greenpi_arduino_nano_roomtemp_temperature,32.32,2025-11-09T01:44:05.043000Z
sensor.greenpi_arduino_nano_roomtemp_temperature,32.22,2025-11-09T01:45:45.143000Z
sensor.greenpi_arduino_nano_roomtemp_temperature,32.16,2025-11-09T01:47:25.169000Z
sensor.greenpi_arduino_nano_roomtemp_temperature,32.09,2025-11-09T01:49:05.255000Z
sensor.greenpi_arduino_nano_roomtemp_temperature,32.01,2025-11-09T01:50:45.397000Z
sensor.greenpi_arduino_nano_roomtemp_temperature,31.92,2025-11-09T01:52:25.456000Z
sensor.greenpi_arduino_nano_roomtemp_temperature,31.87,2025-11-09T01:54:05.428000Z
sensor.greenpi_arduino_nano_roomtemp_temperature,31.81,2025-11-09T01:55:45.524000Z
sensor.greenpi_arduino_nano_roomtemp_temperature,31.73,2025-11-09T01:57:25.600000Z
sensor.greenpi_arduino_nano_roomtemp_temperature,31.68,2025-11-09T01:59:05.654000Z
sensor.greenpi_arduino_nano_roomtemp_temperature,31.61,2025-11-09T02:00:45.738000Z
sensor.greenpi_arduino_nano_roomtemp_temperature,31.55,2025-11-09T02:02:25.843000Z
sensor.greenpi_arduino_nano_roomtemp_temperature,31.5,2025-11-09T02:04:05.913000Z
sensor.greenpi_arduino_nano_roomtemp_temperature,31.43,2025-11-09T02:05:46.086000Z
sensor.greenpi_arduino_nano_roomtemp_temperature,31.38,2025-11-09T02:07:26.064000Z
sensor.greenpi_arduino_nano_roomtemp_temperature,31.31,2025-11-09T02:09:06.181000Z
sensor.greenpi_arduino_nano_roomtemp_temperature,31.25,2025-11-09T02:10:46.332000Z
sensor.greenpi_arduino_nano_roomtemp_temperature,31.23,2025-11-09T02:12:26.455000Z
sensor.greenpi_arduino_nano_roomtemp_temperature,31.13,2025-11-09T02:14:06.416000Z
sensor.greenpi_arduino_nano_roomtemp_temperature,31.09,2025-11-09T02:15:46.564000Z
sensor.greenpi_arduino_nano_roomtemp_temperature,31.04,2025-11-09T02:17:26.564000Z
sensor.greenpi_arduino_nano_roomtemp_temperature,31.0,2025-11-09T02:19:06.656000Z
sensor.greenpi_arduino_nano_roomtemp_temperature,30.94,2025-11-09T02:20:46.643000Z
sensor.greenpi_arduino_nano_roomtemp_temperature,30.91,2025-11-09T02:22:26.767000Z
sensor.greenpi_arduino_nano_roomtemp_temperature,30.85,2025-11-09T02:24:06.839000Z
sensor.greenpi_arduino_nano_roomtemp_temperature,30.82,2025-11-09T02:25:46.925000Z
sensor.greenpi_arduino_nano_roomtemp_temperature,30.76,2025-11-09T02:27:26.998000Z
sensor.greenpi_arduino_nano_roomtemp_temperature,30.72,2025-11-09T02:29:07.091000Z
sensor.greenpi_arduino_nano_roomtemp_temperature,30.65,2025-11-09T02:30:47.235000Z
sensor.greenpi_arduino_nano_roomtemp_temperature,30.63,2025-11-09T02:32:27.341000Z
sensor.greenpi_arduino_nano_roomtemp_temperature,30.56,2025-11-09T02:34:07.425000Z
sensor.greenpi_arduino_nano_roomtemp_temperature,30.53,2025-11-09T02:35:47.464000Z
sensor.greenpi_arduino_nano_roomtemp_temperature,30.48,2025-11-09T02:37:27.586000Z
sensor.greenpi_arduino_nano_roomtemp_temperature,30.45,2025-11-09T02:39:07.698000Z
sensor.greenpi_arduino_nano_roomtemp_temperature,30.39,2025-11-09T02:40:47.805000Z
sensor.greenpi_arduino_nano_roomtemp_temperature,30.38,2025-11-09T02:42:27.967000Z
sensor.greenpi_arduino_nano_roomtemp_temperature,30.32,2025-11-09T02:44:07.991000Z
sensor.greenpi_arduino_nano_roomtemp_temperature,30.28,2025-11-09T02:45:48.077000Z
sensor.greenpi_arduino_nano_roomtemp_temperature,30.23,2025-11-09T02:47:28.137000Z
sensor.greenpi_arduino_nano_roomtemp_temperature,30.2,2025-11-09T02:49:08.218000Z
sensor.greenpi_arduino_nano_roomtemp_temperature,30.16,2025-11-09T02:50:48.351000Z
sensor.greenpi_arduino_nano_roomtemp_temperature,30.12,2025-11-09T02:52:28.342000Z
sensor.greenpi_arduino_nano_roomtemp_temperature,30.08,2025-11-09T02:54:08.415000Z
sensor.greenpi_arduino_nano_roomtemp_temperature,30.04,2025-11-09T02:55:48.485000Z
sensor.greenpi_arduino_nano_roomtemp_temperature,30.02,2025-11-09T02:57:28.547000Z
sensor.greenpi_arduino_nano_roomtemp_temperature,29.97,2025-11-09T02:59:08.686000Z
sensor.greenpi_arduino_nano_roomtemp_temperature,29.94,2025-11-09T03:00:48.799000Z
sensor.greenpi_arduino_nano_roomtemp_temperature,29.9,2025-11-09T03:02:28.868000Z
sensor.greenpi_arduino_nano_roomtemp_temperature,29.86,2025-11-09T03:04:08.996000Z
sensor.greenpi_arduino_nano_roomtemp_temperature,29.83,2025-11-09T03:05:49.024000Z
sensor.greenpi_arduino_nano_roomtemp_temperature,29.79,2025-11-09T03:07:29.101000Z
sensor.greenpi_arduino_nano_roomtemp_temperature,29.75,2025-11-09T03:09:09.232000Z
sensor.greenpi_arduino_nano_roomtemp_temperature,29.69,2025-11-09T03:10:49.286000Z
sensor.greenpi_arduino_nano_roomtemp_temperature,29.67,2025-11-09T03:12:29.430000Z
sensor.greenpi_arduino_nano_roomtemp_temperature,29.62,2025-11-09T03:14:09.457000Z
sensor.greenpi_arduino_nano_roomtemp_temperature,29.59,2025-11-09T03:15:49.586000Z
sensor.greenpi_arduino_nano_roomtemp_temperature,29.57,2025-11-09T03:17:29.652000Z
sensor.greenpi_arduino_nano_roomtemp_temperature,29.54,2025-11-09T03:19:09.838000Z
sensor.greenpi_arduino_nano_roomtemp_temperature,29.51,2025-11-09T03:20:49.838000Z
sensor.greenpi_arduino_nano_roomtemp_temperature,29.47,2025-11-09T03:22:29.934000Z
sensor.greenpi_arduino_nano_roomtemp_temperature,29.44,2025-11-09T03:24:10.023000Z
sensor.greenpi_arduino_nano_roomtemp_temperature,29.4,2025-11-09T03:25:50.210000Z
sensor.greenpi_arduino_nano_roomtemp_temperature,29.36,2025-11-09T03:27:30.323000Z
sensor.greenpi_arduino_nano_roomtemp_temperature,29.31,2025-11-09T03:30:50.380000Z
sensor.greenpi_arduino_nano_roomtemp_temperature,29.26,2025-11-09T03:32:30.454000Z
sensor.greenpi_arduino_nano_roomtemp_temperature,29.22,2025-11-09T03:34:10.467000Z
sensor.greenpi_arduino_nano_roomtemp_temperature,29.21,2025-11-09T03:35:50.609000Z
sensor.greenpi_arduino_nano_roomtemp_temperature,29.18,2025-11-09T03:37:30.622000Z
sensor.greenpi_arduino_nano_roomtemp_temperature,29.14,2025-11-09T03:39:10.719000Z
sensor.greenpi_arduino_nano_roomtemp_temperature,29.13,2025-11-09T03:40:50.768000Z
sensor.greenpi_arduino_nano_roomtemp_temperature,29.1,2025-11-09T03:42:30.920000Z
sensor.greenpi_arduino_nano_roomtemp_temperature,29.07,2025-11-09T03:44:10.964000Z
sensor.greenpi_arduino_nano_roomtemp_temperature,29.03,2025-11-09T03:45:51.062000Z
sensor.greenpi_arduino_nano_roomtemp_temperature,29.0,2025-11-09T03:47:31.141000Z
sensor.greenpi_arduino_nano_roomtemp_temperature,28.98,2025-11-09T03:49:11.241000Z
sensor.greenpi_arduino_nano_roomtemp_temperature,28.96,2025-11-09T03:50:51.363000Z
sensor.greenpi_arduino_nano_roomtemp_temperature,28.94,2025-11-09T03:52:31.373000Z
sensor.greenpi_arduino_nano_roomtemp_temperature,28.89,2025-11-09T03:54:11.468000Z
sensor.greenpi_arduino_nano_roomtemp_temperature,28.88,2025-11-09T03:55:51.588000Z
sensor.greenpi_arduino_nano_roomtemp_temperature,28.85,2025-11-09T03:57:31.574000Z
sensor.greenpi_arduino_nano_roomtemp_temperature,28.81,2025-11-09T03:59:11.647000Z
sensor.greenpi_arduino_nano_roomtemp_temperature,28.78,2025-11-09T04:00:51.746000Z
sensor.greenpi_arduino_nano_roomtemp_temperature,28.77,2025-11-09T04:02:32.123000Z
sensor.greenpi_arduino_nano_roomtemp_temperature,28.74,2025-11-09T04:04:12.008000Z
sensor.greenpi_arduino_nano_roomtemp_temperature,28.7,2025-11-09T04:05:51.969000Z
sensor.greenpi_arduino_nano_roomtemp_temperature,28.69,2025-11-09T04:07:32.101000Z
sensor.greenpi_arduino_nano_roomtemp_temperature,28.68,2025-11-09T04:09:12.147000Z
sensor.greenpi_arduino_nano_roomtemp_temperature,28.63,2025-11-09T04:10:52.241000Z
sensor.greenpi_arduino_nano_roomtemp_temperature,28.61,2025-11-09T04:12:32.295000Z
sensor.greenpi_arduino_nano_roomtemp_temperature,28.59,2025-11-09T04:14:12.459000Z
sensor.greenpi_arduino_nano_roomtemp_temperature,28.57,2025-11-09T04:15:52.487000Z
sensor.greenpi_arduino_nano_roomtemp_temperature,28.54,2025-11-09T04:17:32.698000Z
sensor.greenpi_arduino_nano_roomtemp_temperature,28.51,2025-11-09T04:19:12.733000Z
sensor.greenpi_arduino_nano_roomtemp_temperature,28.48,2025-11-09T04:20:52.806000Z
sensor.greenpi_arduino_nano_roomtemp_temperature,28.46,2025-11-09T04:22:32.807000Z
sensor.greenpi_arduino_nano_roomtemp_temperature,28.44,2025-11-09T04:24:12.975000Z
sensor.greenpi_arduino_nano_roomtemp_temperature,28.41,2025-11-09T04:25:52.979000Z
sensor.greenpi_arduino_nano_roomtemp_temperature,28.38,2025-11-09T04:27:33.235000Z
sensor.greenpi_arduino_nano_roomtemp_temperature,28.35,2025-11-09T04:29:13.179000Z
sensor.greenpi_arduino_nano_roomtemp_temperature,28.34,2025-11-09T04:30:53.286000Z
sensor.greenpi_arduino_nano_roomtemp_temperature,28.3,2025-11-09T04:32:33.342000Z
sensor.greenpi_arduino_nano_roomtemp_temperature,28.28,2025-11-09T04:34:13.460000Z
sensor.greenpi_arduino_nano_roomtemp_temperature,28.27,2025-11-09T04:35:53.504000Z
sensor.greenpi_arduino_nano_roomtemp_temperature,28.24,2025-11-09T04:37:33.563000Z
sensor.greenpi_arduino_nano_roomtemp_temperature,28.23,2025-11-09T04:39:13.613000Z
sensor.greenpi_arduino_nano_roomtemp_temperature,28.19,2025-11-09T04:40:53.787000Z
sensor.greenpi_arduino_nano_roomtemp_temperature,28.17,2025-11-09T04:42:33.805000Z
sensor.greenpi_arduino_nano_roomtemp_temperature,28.14,2025-11-09T04:44:13.952000Z
sensor.greenpi_arduino_nano_roomtemp_temperature,28.12,2025-11-09T04:45:53.959000Z
sensor.greenpi_arduino_nano_roomtemp_temperature,28.1,2025-11-09T04:47:33.986000Z
sensor.greenpi_arduino_nano_roomtemp_temperature,28.08,2025-11-09T04:49:14.075000Z
sensor.greenpi_arduino_nano_roomtemp_temperature,28.04,2025-11-09T04:52:34.167000Z
sensor.greenpi_arduino_nano_roomtemp_temperature,28.01,2025-11-09T04:54:14.250000Z
sensor.greenpi_arduino_nano_roomtemp_temperature,27.97,2025-11-09T04:57:34.471000Z
sensor.greenpi_arduino_nano_roomtemp_temperature,27.94,2025-11-09T04:59:14.518000Z
sensor.greenpi_arduino_nano_roomtemp_temperature,27.9,2025-11-09T05:02:34.673000Z
sensor.greenpi_arduino_nano_roomtemp_temperature,27.87,2025-11-09T05:04:14.750000Z
sensor.greenpi_arduino_nano_roomtemp_temperature,27.84,2025-11-09T05:07:35.015000Z
sensor.greenpi_arduino_nano_roomtemp_temperature,27.82,2025-11-09T05:09:14.963000Z
sensor.greenpi_arduino_nano_roomtemp_temperature,27.8,2025-11-09T05:10:55.091000Z
sensor.greenpi_arduino_nano_roomtemp_temperature,27.77,2025-11-09T05:12:35.075000Z
sensor.greenpi_arduino_nano_roomtemp_temperature,27.76,2025-11-09T05:14:15.169000Z
sensor.greenpi_arduino_nano_roomtemp_temperature,27.75,2025-11-09T05:15:55.253000Z
sensor.greenpi_arduino_nano_roomtemp_temperature,27.72,2025-11-09T05:17:35.369000Z
sensor.greenpi_arduino_nano_roomtemp_temperature,27.69,2025-11-09T05:19:15.418000Z
sensor.greenpi_arduino_nano_roomtemp_temperature,27.68,2025-11-09T05:20:55.544000Z
sensor.greenpi_arduino_nano_roomtemp_temperature,27.67,2025-11-09T05:22:35.602000Z
sensor.greenpi_arduino_nano_roomtemp_temperature,27.65,2025-11-09T05:24:15.652000Z
sensor.greenpi_arduino_nano_roomtemp_temperature,27.62,2025-11-09T05:25:55.744000Z
sensor.greenpi_arduino_nano_roomtemp_temperature,27.6,2025-11-09T05:27:35.932000Z
sensor.greenpi_arduino_nano_roomtemp_temperature,27.58,2025-11-09T05:29:15.971000Z
sensor.greenpi_arduino_nano_roomtemp_temperature,27.56,2025-11-09T05:32:36.089000Z
sensor.greenpi_arduino_nano_roomtemp_temperature,27.51,2025-11-09T05:34:16.247000Z
sensor.greenpi_arduino_nano_roomtemp_temperature,27.5,2025-11-09T05:35:56.335000Z
sensor.greenpi_arduino_nano_roomtemp_temperature,27.49,2025-11-09T05:37:36.445000Z
sensor.greenpi_arduino_nano_roomtemp_temperature,27.47,2025-11-09T05:39:16.521000Z
sensor.greenpi_arduino_nano_roomtemp_temperature,27.46,2025-11-09T05:40:56.526000Z
sensor.greenpi_arduino_nano_roomtemp_temperature,27.43,2025-11-09T05:42:36.593000Z
sensor.greenpi_arduino_nano_roomtemp_temperature,27.42,2025-11-09T05:44:16.658000Z
sensor.greenpi_arduino_nano_roomtemp_temperature,27.41,2025-11-09T05:45:56.718000Z
sensor.greenpi_arduino_nano_roomtemp_temperature,27.39,2025-11-09T05:47:36.780000Z
sensor.greenpi_arduino_nano_roomtemp_temperature,27.38,2025-11-09T05:49:16.937000Z
sensor.greenpi_arduino_nano_roomtemp_temperature,27.35,2025-11-09T05:50:56.971000Z
sensor.greenpi_arduino_nano_roomtemp_temperature,27.34,2025-11-09T05:52:37.023000Z
sensor.greenpi_arduino_nano_roomtemp_temperature,27.31,2025-11-09T05:54:17.141000Z
sensor.greenpi_arduino_nano_roomtemp_temperature,27.28,2025-11-09T05:55:57.293000Z
sensor.greenpi_arduino_nano_roomtemp_temperature,27.25,2025-11-09T05:59:17.539000Z
sensor.greenpi_arduino_nano_roomtemp_temperature,27.23,2025-11-09T06:00:57.586000Z
sensor.greenpi_arduino_nano_roomtemp_temperature,27.21,2025-11-09T06:02:37.691000Z
sensor.greenpi_arduino_nano_roomtemp_temperature,27.2,2025-11-09T06:05:57.808000Z
sensor.greenpi_arduino_nano_roomtemp_temperature,27.16,2025-11-09T06:07:37.837000Z
sensor.greenpi_arduino_nano_roomtemp_temperature,27.14,2025-11-09T06:09:17.927000Z
sensor.greenpi_arduino_nano_roomtemp_temperature,27.13,2025-11-09T06:10:58.074000Z
sensor.greenpi_arduino_nano_roomtemp_temperature,27.12,2025-11-09T06:12:38.070000Z
sensor.greenpi_arduino_nano_roomtemp_temperature,27.1,2025-11-09T06:14:18.246000Z
sensor.greenpi_arduino_nano_roomtemp_temperature,27.08,2025-11-09T06:15:58.322000Z
sensor.greenpi_arduino_nano_roomtemp_temperature,27.06,2025-11-09T06:17:38.322000Z
sensor.greenpi_arduino_nano_roomtemp_temperature,27.05,2025-11-09T06:19:18.452000Z
sensor.greenpi_arduino_nano_roomtemp_temperature,27.04,2025-11-09T06:20:58.615000Z
sensor.greenpi_arduino_nano_roomtemp_temperature,27.01,2025-11-09T06:22:38.577000Z
sensor.greenpi_arduino_nano_roomtemp_temperature,26.96,2025-11-09T06:25:58.771000Z
sensor.greenpi_arduino_nano_roomtemp_temperature,26.93,2025-11-09T06:29:18.942000Z
sensor.greenpi_arduino_nano_roomtemp_temperature,26.91,2025-11-09T06:30:59.027000Z
sensor.greenpi_arduino_nano_roomtemp_temperature,26.89,2025-11-09T06:32:39.087000Z
sensor.greenpi_arduino_nano_roomtemp_temperature,26.86,2025-11-09T06:35:59.274000Z
sensor.greenpi_arduino_nano_roomtemp_temperature,26.85,2025-11-09T06:37:39.416000Z
sensor.greenpi_arduino_nano_roomtemp_temperature,26.82,2025-11-09T06:39:19.469000Z
sensor.greenpi_arduino_nano_roomtemp_temperature,26.81,2025-11-09T06:40:59.534000Z
sensor.greenpi_arduino_nano_roomtemp_temperature,26.8,2025-11-09T06:44:19.711000Z
sensor.greenpi_arduino_nano_roomtemp_temperature,26.77,2025-11-09T06:45:59.804000Z
sensor.greenpi_arduino_nano_roomtemp_temperature,26.76,2025-11-09T06:47:39.900000Z
sensor.greenpi_arduino_nano_roomtemp_temperature,26.74,2025-11-09T06:49:19.980000Z
sensor.greenpi_arduino_nano_roomtemp_temperature,26.73,2025-11-09T06:51:00.025000Z
sensor.greenpi_arduino_nano_roomtemp_temperature,26.71,2025-11-09T06:52:40.134000Z
sensor.greenpi_arduino_nano_roomtemp_temperature,26.69,2025-11-09T06:54:20.169000Z
sensor.greenpi_arduino_nano_roomtemp_temperature,26.67,2025-11-09T06:57:40.400000Z
sensor.greenpi_arduino_nano_roomtemp_temperature,26.65,2025-11-09T06:59:20.395000Z
sensor.greenpi_arduino_nano_roomtemp_temperature,26.63,2025-11-09T07:01:00.481000Z
sensor.greenpi_arduino_nano_roomtemp_temperature,26.62,2025-11-09T07:02:40.560000Z
sensor.greenpi_arduino_nano_roomtemp_temperature,26.6,2025-11-09T07:04:20.622000Z
sensor.greenpi_arduino_nano_roomtemp_temperature,26.58,2025-11-09T07:07:40.793000Z
sensor.greenpi_arduino_nano_roomtemp_temperature,26.55,2025-11-09T07:11:00.898000Z
sensor.greenpi_arduino_nano_roomtemp_temperature,26.54,2025-11-09T07:12:40.978000Z
sensor.greenpi_arduino_nano_roomtemp_temperature,26.52,2025-11-09T07:14:21.094000Z
sensor.greenpi_arduino_nano_roomtemp_temperature,26.51,2025-11-09T07:16:01.161000Z
sensor.greenpi_arduino_nano_roomtemp_temperature,26.49,2025-11-09T07:17:41.294000Z
sensor.greenpi_arduino_nano_roomtemp_temperature,26.48,2025-11-09T07:21:01.359000Z
sensor.greenpi_arduino_nano_roomtemp_temperature,26.45,2025-11-09T07:22:41.506000Z
sensor.greenpi_arduino_nano_roomtemp_temperature,26.44,2025-11-09T07:24:21.551000Z
sensor.greenpi_arduino_nano_roomtemp_temperature,26.43,2025-11-09T07:27:41.687000Z
sensor.greenpi_arduino_nano_roomtemp_temperature,26.41,2025-11-09T07:29:21.844000Z
sensor.greenpi_arduino_nano_roomtemp_temperature,26.39,2025-11-09T07:31:01.864000Z
sensor.greenpi_arduino_nano_roomtemp_temperature,26.37,2025-11-09T07:34:22.071000Z
sensor.greenpi_arduino_nano_roomtemp_temperature,26.36,2025-11-09T07:36:02.188000Z
sensor.greenpi_arduino_nano_roomtemp_temperature,26.33,2025-11-09T07:39:22.307000Z
sensor.greenpi_arduino_nano_roomtemp_temperature,26.32,2025-11-09T07:41:02.362000Z
sensor.greenpi_arduino_nano_roomtemp_temperature,26.3,2025-11-09T07:42:42.457000Z
sensor.greenpi_arduino_nano_roomtemp_temperature,26.29,2025-11-09T07:44:22.544000Z
sensor.greenpi_arduino_nano_roomtemp_temperature,26.28,2025-11-09T07:47:42.747000Z
sensor.greenpi_arduino_nano_roomtemp_temperature,26.26,2025-11-09T07:49:22.764000Z
sensor.greenpi_arduino_nano_roomtemp_temperature,26.23,2025-11-09T07:51:02.866000Z
sensor.greenpi_arduino_nano_roomtemp_temperature,26.25,2025-11-09T07:52:42.998000Z
sensor.greenpi_arduino_nano_roomtemp_temperature,26.22,2025-11-09T07:54:22.997000Z
sensor.greenpi_arduino_nano_roomtemp_temperature,26.21,2025-11-09T07:57:43.190000Z
sensor.greenpi_arduino_nano_roomtemp_temperature,26.18,2025-11-09T08:01:03.290000Z
sensor.greenpi_arduino_nano_roomtemp_temperature,26.17,2025-11-09T08:04:23.484000Z
sensor.greenpi_arduino_nano_roomtemp_temperature,26.15,2025-11-09T08:06:03.619000Z
sensor.greenpi_arduino_nano_roomtemp_temperature,26.14,2025-11-09T08:07:43.619000Z
sensor.greenpi_arduino_nano_roomtemp_temperature,26.13,2025-11-09T08:09:23.710000Z
sensor.greenpi_arduino_nano_roomtemp_temperature,26.1,2025-11-09T08:12:43.889000Z
sensor.greenpi_arduino_nano_roomtemp_temperature,26.08,2025-11-09T08:14:23.945000Z
sensor.greenpi_arduino_nano_roomtemp_temperature,26.07,2025-11-09T08:17:44.087000Z
sensor.greenpi_arduino_nano_roomtemp_temperature,26.06,2025-11-09T08:19:24.182000Z
sensor.greenpi_arduino_nano_roomtemp_temperature,26.03,2025-11-09T08:21:04.236000Z
sensor.greenpi_arduino_nano_roomtemp_temperature,25.99,2025-11-09T08:26:04.468000Z
sensor.greenpi_arduino_nano_roomtemp_temperature,26.0,2025-11-09T08:27:44.581000Z
sensor.greenpi_arduino_nano_roomtemp_temperature,25.99,2025-11-09T08:29:24.667000Z
sensor.greenpi_arduino_nano_roomtemp_temperature,25.96,2025-11-09T08:32:44.819000Z
sensor.greenpi_arduino_nano_roomtemp_temperature,25.95,2025-11-09T08:34:24.914000Z
sensor.greenpi_arduino_nano_roomtemp_temperature,25.93,2025-11-09T08:37:45.054000Z
sensor.greenpi_arduino_nano_roomtemp_temperature,25.91,2025-11-09T08:39:25.174000Z
sensor.greenpi_arduino_nano_roomtemp_temperature,25.89,2025-11-09T08:44:25.415000Z
sensor.greenpi_arduino_nano_roomtemp_temperature,25.88,2025-11-09T08:46:05.466000Z
sensor.greenpi_arduino_nano_roomtemp_temperature,25.87,2025-11-09T08:47:45.558000Z
sensor.greenpi_arduino_nano_roomtemp_temperature,25.85,2025-11-09T08:51:05.709000Z
sensor.greenpi_arduino_nano_roomtemp_temperature,25.84,2025-11-09T08:54:25.796000Z
sensor.greenpi_arduino_nano_roomtemp_temperature,25.82,2025-11-09T08:56:05.840000Z
sensor.greenpi_arduino_nano_roomtemp_temperature,25.8,2025-11-09T08:57:45.917000Z
sensor.greenpi_arduino_nano_roomtemp_temperature,25.81,2025-11-09T08:59:26.067000Z
sensor.greenpi_arduino_nano_roomtemp_temperature,26.26,2025-11-09T09:01:06.130000Z
sensor.greenpi_arduino_nano_roomtemp_temperature,27.09,2025-11-09T09:02:46.231000Z
sensor.greenpi_arduino_nano_roomtemp_temperature,27.71,2025-11-09T09:04:26.277000Z
sensor.greenpi_arduino_nano_roomtemp_temperature,28.19,2025-11-09T09:06:06.298000Z
sensor.greenpi_arduino_nano_roomtemp_temperature,28.59,2025-11-09T09:07:46.289000Z
sensor.greenpi_arduino_nano_roomtemp_temperature,28.95,2025-11-09T09:09:26.392000Z
sensor.greenpi_arduino_nano_roomtemp_temperature,29.2,2025-11-09T09:11:06.486000Z
sensor.greenpi_arduino_nano_roomtemp_temperature,29.44,2025-11-09T09:12:46.656000Z
sensor.greenpi_arduino_nano_roomtemp_temperature,29.66,2025-11-09T09:14:26.738000Z
sensor.greenpi_arduino_nano_roomtemp_temperature,29.89,2025-11-09T09:16:06.718000Z
sensor.greenpi_arduino_nano_roomtemp_temperature,30.08,2025-11-09T09:17:46.802000Z
sensor.greenpi_arduino_nano_roomtemp_temperature,30.23,2025-11-09T09:19:26.899000Z
sensor.greenpi_arduino_nano_roomtemp_temperature,30.38,2025-11-09T09:21:06.959000Z
sensor.greenpi_arduino_nano_roomtemp_temperature,30.5,2025-11-09T09:22:47.010000Z
sensor.greenpi_arduino_nano_roomtemp_temperature,30.63,2025-11-09T09:24:27.098000Z
sensor.greenpi_arduino_nano_roomtemp_temperature,30.76,2025-11-09T09:26:07.175000Z
sensor.greenpi_arduino_nano_roomtemp_temperature,30.86,2025-11-09T09:27:47.229000Z
sensor.greenpi_arduino_nano_roomtemp_temperature,30.97,2025-11-09T09:29:27.303000Z
sensor.greenpi_arduino_nano_roomtemp_temperature,31.06,2025-11-09T09:31:07.392000Z
sensor.greenpi_arduino_nano_roomtemp_temperature,31.16,2025-11-09T09:32:47.446000Z
sensor.greenpi_arduino_nano_roomtemp_temperature,31.27,2025-11-09T09:34:27.522000Z
sensor.greenpi_arduino_nano_roomtemp_temperature,31.36,2025-11-09T09:36:07.606000Z
sensor.greenpi_arduino_nano_roomtemp_temperature,31.43,2025-11-09T09:37:47.747000Z
sensor.greenpi_arduino_nano_roomtemp_temperature,31.5,2025-11-09T09:39:27.797000Z
sensor.greenpi_arduino_nano_roomtemp_temperature,31.61,2025-11-09T09:41:07.942000Z
sensor.greenpi_arduino_nano_roomtemp_temperature,31.68,2025-11-09T09:42:48.002000Z
sensor.greenpi_arduino_nano_roomtemp_temperature,31.76,2025-11-09T09:44:28.074000Z
sensor.greenpi_arduino_nano_roomtemp_temperature,31.83,2025-11-09T09:46:08.178000Z
sensor.greenpi_arduino_nano_roomtemp_temperature,31.88,2025-11-09T09:47:48.291000Z
sensor.greenpi_arduino_nano_roomtemp_temperature,31.98,2025-11-09T09:49:28.380000Z
sensor.greenpi_arduino_nano_roomtemp_temperature,32.03,2025-11-09T09:51:08.470000Z
sensor.greenpi_arduino_nano_roomtemp_temperature,32.09,2025-11-09T09:52:48.571000Z
sensor.greenpi_arduino_nano_roomtemp_temperature,32.14,2025-11-09T09:54:28.731000Z
sensor.greenpi_arduino_nano_roomtemp_temperature,32.21,2025-11-09T09:56:08.736000Z
sensor.greenpi_arduino_nano_roomtemp_temperature,32.27,2025-11-09T09:57:48.891000Z
sensor.greenpi_arduino_nano_roomtemp_temperature,32.32,2025-11-09T09:59:28.952000Z
sensor.greenpi_arduino_nano_roomtemp_temperature,32.36,2025-11-09T10:01:09.013000Z
sensor.greenpi_arduino_nano_roomtemp_temperature,32.42,2025-11-09T10:02:49.064000Z
sensor.greenpi_arduino_nano_roomtemp_temperature,32.47,2025-11-09T10:04:29.192000Z
sensor.greenpi_arduino_nano_roomtemp_temperature,32.53,2025-11-09T10:06:09.272000Z
sensor.greenpi_arduino_nano_roomtemp_temperature,32.58,2025-11-09T10:07:49.371000Z
sensor.greenpi_arduino_nano_roomtemp_temperature,32.62,2025-11-09T10:09:29.443000Z
sensor.greenpi_arduino_nano_roomtemp_temperature,32.67,2025-11-09T10:11:09.554000Z
sensor.greenpi_arduino_nano_roomtemp_temperature,32.71,2025-11-09T10:12:49.564000Z
sensor.greenpi_arduino_nano_roomtemp_temperature,32.77,2025-11-09T10:14:29.653000Z
sensor.greenpi_arduino_nano_roomtemp_temperature,32.81,2025-11-09T10:16:09.735000Z
sensor.greenpi_arduino_nano_roomtemp_temperature,32.86,2025-11-09T10:17:49.823000Z
sensor.greenpi_arduino_nano_roomtemp_temperature,32.91,2025-11-09T10:19:29.974000Z
sensor.greenpi_arduino_nano_roomtemp_temperature,32.92,2025-11-09T10:21:10.027000Z
sensor.greenpi_arduino_nano_roomtemp_temperature,32.96,2025-11-09T10:22:50.109000Z
sensor.greenpi_arduino_nano_roomtemp_temperature,33.02,2025-11-09T10:24:30.162000Z
sensor.greenpi_arduino_nano_roomtemp_temperature,33.06,2025-11-09T10:26:10.272000Z
sensor.greenpi_arduino_nano_roomtemp_temperature,33.1,2025-11-09T10:27:50.424000Z
sensor.greenpi_arduino_nano_roomtemp_temperature,33.14,2025-11-09T10:29:30.497000Z
sensor.greenpi_arduino_nano_roomtemp_temperature,33.18,2025-11-09T10:31:10.590000Z
sensor.greenpi_arduino_nano_roomtemp_temperature,33.22,2025-11-09T10:32:50.706000Z
sensor.greenpi_arduino_nano_roomtemp_temperature,33.26,2025-11-09T10:34:30.716000Z
sensor.greenpi_arduino_nano_roomtemp_temperature,33.29,2025-11-09T10:36:10.803000Z
sensor.greenpi_arduino_nano_roomtemp_temperature,33.32,2025-11-09T10:37:50.985000Z
sensor.greenpi_arduino_nano_roomtemp_temperature,33.36,2025-11-09T10:39:30.987000Z
sensor.greenpi_arduino_nano_roomtemp_temperature,33.4,2025-11-09T10:41:11.080000Z
sensor.greenpi_arduino_nano_roomtemp_temperature,33.44,2025-11-09T10:44:31.526000Z
sensor.greenpi_arduino_nano_roomtemp_temperature,33.47,2025-11-09T10:46:11.306000Z
sensor.greenpi_arduino_nano_roomtemp_temperature,33.49,2025-11-09T10:47:51.431000Z
sensor.greenpi_arduino_nano_roomtemp_temperature,33.54,2025-11-09T10:49:31.502000Z
sensor.greenpi_arduino_nano_roomtemp_temperature,33.55,2025-11-09T10:51:11.580000Z
sensor.greenpi_arduino_nano_roomtemp_temperature,33.59,2025-11-09T10:52:51.701000Z
sensor.greenpi_arduino_nano_roomtemp_temperature,33.6,2025-11-09T10:54:31.754000Z
sensor.greenpi_arduino_nano_roomtemp_temperature,33.63,2025-11-09T10:56:11.863000Z
sensor.greenpi_arduino_nano_roomtemp_temperature,33.66,2025-11-09T10:57:51.969000Z
sensor.greenpi_arduino_nano_roomtemp_temperature,33.69,2025-11-09T10:59:32.070000Z
sensor.greenpi_arduino_nano_roomtemp_temperature,33.7,2025-11-09T11:01:12.120000Z
sensor.greenpi_arduino_nano_roomtemp_temperature,33.73,2025-11-09T11:02:52.249000Z
sensor.greenpi_arduino_nano_roomtemp_temperature,33.77,2025-11-09T11:04:32.299000Z
sensor.greenpi_arduino_nano_roomtemp_temperature,33.78,2025-11-09T11:06:12.407000Z
sensor.greenpi_arduino_nano_roomtemp_temperature,33.81,2025-11-09T11:07:52.503000Z
sensor.greenpi_arduino_nano_roomtemp_temperature,33.85,2025-11-09T11:09:32.597000Z
sensor.greenpi_arduino_nano_roomtemp_temperature,33.84,2025-11-09T11:11:12.696000Z
sensor.greenpi_arduino_nano_roomtemp_temperature,33.86,2025-11-09T11:12:52.851000Z
sensor.greenpi_arduino_nano_roomtemp_temperature,33.89,2025-11-09T11:16:13.018000Z
sensor.greenpi_arduino_nano_roomtemp_temperature,33.92,2025-11-09T11:17:53.101000Z
sensor.greenpi_arduino_nano_roomtemp_temperature,33.95,2025-11-09T11:19:33.158000Z
sensor.greenpi_arduino_nano_roomtemp_temperature,33.99,2025-11-09T11:21:13.278000Z
sensor.greenpi_arduino_nano_roomtemp_temperature,34.0,2025-11-09T11:22:53.286000Z
sensor.greenpi_arduino_nano_roomtemp_temperature,34.03,2025-11-09T11:26:13.491000Z
sensor.greenpi_arduino_nano_roomtemp_temperature,34.05,2025-11-09T11:27:53.526000Z
sensor.greenpi_arduino_nano_roomtemp_temperature,34.08,2025-11-09T11:29:33.673000Z
sensor.greenpi_arduino_nano_roomtemp_temperature,34.11,2025-11-09T11:32:53.862000Z
sensor.greenpi_arduino_nano_roomtemp_temperature,34.13,2025-11-09T11:34:33.903000Z
sensor.greenpi_arduino_nano_roomtemp_temperature,34.15,2025-11-09T11:36:14.023000Z
sensor.greenpi_arduino_nano_roomtemp_temperature,34.16,2025-11-09T11:37:54.104000Z
sensor.greenpi_arduino_nano_roomtemp_temperature,34.19,2025-11-09T11:39:34.220000Z
sensor.greenpi_arduino_nano_roomtemp_temperature,34.2,2025-11-09T11:42:54.322000Z
sensor.greenpi_arduino_nano_roomtemp_temperature,34.23,2025-11-09T11:44:34.422000Z
sensor.greenpi_arduino_nano_roomtemp_temperature,34.26,2025-11-09T11:46:14.462000Z
sensor.greenpi_arduino_nano_roomtemp_temperature,34.29,2025-11-09T11:47:54.619000Z
sensor.greenpi_arduino_nano_roomtemp_temperature,34.31,2025-11-09T11:51:14.681000Z
sensor.greenpi_arduino_nano_roomtemp_temperature,34.33,2025-11-09T11:52:55.023000Z
sensor.greenpi_arduino_nano_roomtemp_temperature,34.35,2025-11-09T11:56:14.954000Z
sensor.greenpi_arduino_nano_roomtemp_temperature,34.38,2025-11-09T11:57:55.048000Z
sensor.greenpi_arduino_nano_roomtemp_temperature,34.37,2025-11-09T11:59:35.159000Z
sensor.greenpi_arduino_nano_roomtemp_temperature,34.39,2025-11-09T12:01:15.316000Z
sensor.greenpi_arduino_nano_roomtemp_temperature,34.41,2025-11-09T12:02:55.319000Z
sensor.greenpi_arduino_nano_roomtemp_temperature,34.42,2025-11-09T12:04:35.404000Z
sensor.greenpi_arduino_nano_roomtemp_temperature,34.45,2025-11-09T12:06:15.524000Z
sensor.greenpi_arduino_nano_roomtemp_temperature,34.49,2025-11-09T12:07:55.597000Z
sensor.greenpi_arduino_nano_roomtemp_temperature,34.48,2025-11-09T12:09:35.696000Z
sensor.greenpi_arduino_nano_roomtemp_temperature,34.49,2025-11-09T12:12:55.829000Z
sensor.greenpi_arduino_nano_roomtemp_temperature,34.52,2025-11-09T12:14:35.910000Z
sensor.greenpi_arduino_nano_roomtemp_temperature,34.55,2025-11-09T12:16:16.052000Z
sensor.greenpi_arduino_nano_roomtemp_temperature,34.56,2025-11-09T12:19:36.140000Z
sensor.greenpi_arduino_nano_roomtemp_temperature,34.57,2025-11-09T12:21:16.224000Z
sensor.greenpi_arduino_nano_roomtemp_temperature,34.59,2025-11-09T12:22:56.425000Z
sensor.greenpi_arduino_nano_roomtemp_temperature,34.6,2025-11-09T12:24:36.368000Z
sensor.greenpi_arduino_nano_roomtemp_temperature,34.63,2025-11-09T12:27:56.551000Z
sensor.greenpi_arduino_nano_roomtemp_temperature,34.67,2025-11-09T12:29:36.689000Z
sensor.greenpi_arduino_nano_roomtemp_temperature,34.68,2025-11-09T12:34:36.917000Z
sensor.greenpi_arduino_nano_roomtemp_temperature,34.7,2025-11-09T12:36:16.942000Z
sensor.greenpi_arduino_nano_roomtemp_temperature,34.71,2025-11-09T12:37:57.107000Z
sensor.greenpi_arduino_nano_roomtemp_temperature,34.74,2025-11-09T12:41:17.175000Z
sensor.greenpi_arduino_nano_roomtemp_temperature,34.72,2025-11-09T12:42:57.233000Z
sensor.greenpi_arduino_nano_roomtemp_temperature,34.76,2025-11-09T12:44:37.324000Z
sensor.greenpi_arduino_nano_roomtemp_temperature,34.78,2025-11-09T12:46:17.486000Z
sensor.greenpi_arduino_nano_roomtemp_temperature,34.79,2025-11-09T12:47:57.622000Z
sensor.greenpi_arduino_nano_roomtemp_temperature,34.78,2025-11-09T12:49:37.696000Z
sensor.greenpi_arduino_nano_roomtemp_temperature,34.81,2025-11-09T12:51:17.673000Z
sensor.greenpi_arduino_nano_roomtemp_temperature,34.83,2025-11-09T12:52:57.746000Z
sensor.greenpi_arduino_nano_roomtemp_temperature,34.86,2025-11-09T12:57:58.031000Z
sensor.greenpi_arduino_nano_roomtemp_temperature,34.85,2025-11-09T12:59:38.235000Z
sensor.greenpi_arduino_nano_roomtemp_temperature,34.87,2025-11-09T13:01:18.340000Z
sensor.greenpi_arduino_nano_roomtemp_temperature,34.89,2025-11-09T13:02:58.303000Z
sensor.greenpi_arduino_nano_roomtemp_temperature,34.9,2025-11-09T13:06:18.489000Z
sensor.greenpi_arduino_nano_roomtemp_temperature,34.93,2025-11-09T13:07:58.576000Z
sensor.greenpi_arduino_nano_roomtemp_temperature,34.92,2025-11-09T13:09:38.673000Z
sensor.greenpi_arduino_nano_roomtemp_temperature,34.96,2025-11-09T13:11:18.818000Z
sensor.greenpi_arduino_nano_roomtemp_temperature,34.93,2025-11-09T13:12:58.819000Z
sensor.greenpi_arduino_nano_roomtemp_temperature,34.97,2025-11-09T13:14:38.871000Z
sensor.greenpi_arduino_nano_roomtemp_temperature,35.0,2025-11-09T13:17:59.070000Z
sensor.greenpi_arduino_nano_roomtemp_temperature,34.97,2025-11-09T13:19:39.224000Z
sensor.greenpi_arduino_nano_roomtemp_temperature,34.98,2025-11-09T13:21:19.236000Z
sensor.greenpi_arduino_nano_roomtemp_temperature,35.0,2025-11-09T13:24:39.343000Z
sensor.greenpi_arduino_nano_roomtemp_temperature,35.01,2025-11-09T13:26:19.430000Z
sensor.greenpi_arduino_nano_roomtemp_temperature,35.02,2025-11-09T13:27:59.540000Z
sensor.greenpi_arduino_nano_roomtemp_temperature,35.04,2025-11-09T13:31:19.812000Z
sensor.greenpi_arduino_nano_roomtemp_temperature,35.05,2025-11-09T13:32:59.839000Z
sensor.greenpi_arduino_nano_roomtemp_temperature,35.04,2025-11-09T13:36:19.994000Z
sensor.greenpi_arduino_nano_roomtemp_temperature,35.05,2025-11-09T13:38:00.121000Z
sensor.greenpi_arduino_nano_roomtemp_temperature,35.09,2025-11-09T13:41:20.245000Z
sensor.greenpi_arduino_nano_roomtemp_temperature,35.08,2025-11-09T13:43:00.295000Z
sensor.greenpi_arduino_nano_roomtemp_temperature,35.09,2025-11-09T13:44:40.391000Z
sensor.greenpi_arduino_nano_roomtemp_temperature,35.11,2025-11-09T13:46:20.458000Z
sensor.greenpi_arduino_nano_roomtemp_temperature,35.12,2025-11-09T13:49:40.568000Z
sensor.greenpi_arduino_nano_roomtemp_temperature,35.11,2025-11-09T13:53:00.754000Z
sensor.greenpi_arduino_nano_roomtemp_temperature,35.12,2025-11-09T13:54:40.806000Z
sensor.greenpi_arduino_nano_roomtemp_temperature,35.15,2025-11-09T13:56:20.924000Z
sensor.greenpi_arduino_nano_roomtemp_temperature,35.16,2025-11-09T14:04:41.351000Z
sensor.greenpi_arduino_nano_roomtemp_temperature,35.18,2025-11-09T14:06:21.472000Z
sensor.greenpi_arduino_nano_roomtemp_temperature,35.19,2025-11-09T14:08:01.460000Z
sensor.greenpi_arduino_nano_roomtemp_temperature,35.18,2025-11-09T14:09:41.554000Z
sensor.greenpi_arduino_nano_roomtemp_temperature,35.19,2025-11-09T14:11:21.636000Z
sensor.greenpi_arduino_nano_roomtemp_temperature,35.16,2025-11-09T14:13:01.779000Z
sensor.greenpi_arduino_nano_roomtemp_temperature,35.2,2025-11-09T14:14:41.837000Z
sensor.greenpi_arduino_nano_roomtemp_temperature,35.19,2025-11-09T14:21:22.147000Z
sensor.greenpi_arduino_nano_roomtemp_temperature,35.23,2025-11-09T14:23:02.198000Z
sensor.greenpi_arduino_nano_roomtemp_temperature,35.24,2025-11-09T14:24:42.284000Z
sensor.greenpi_arduino_nano_roomtemp_temperature,35.23,2025-11-09T14:26:22.362000Z
sensor.greenpi_arduino_nano_roomtemp_temperature,35.26,2025-11-09T14:28:02.424000Z
sensor.greenpi_arduino_nano_roomtemp_temperature,35.27,2025-11-09T14:31:22.608000Z
sensor.greenpi_arduino_nano_roomtemp_temperature,35.26,2025-11-09T14:33:02.744000Z
sensor.greenpi_arduino_nano_roomtemp_temperature,35.24,2025-11-09T14:34:42.809000Z
sensor.greenpi_arduino_nano_roomtemp_temperature,35.26,2025-11-09T14:36:22.827000Z
sensor.greenpi_arduino_nano_roomtemp_temperature,35.29,2025-11-09T14:38:03.082000Z
sensor.greenpi_arduino_nano_roomtemp_temperature,35.3,2025-11-09T14:39:43.032000Z
sensor.greenpi_arduino_nano_roomtemp_temperature,35.29,2025-11-09T14:41:23.121000Z
sensor.greenpi_arduino_nano_roomtemp_temperature,35.3,2025-11-09T14:43:03.161000Z
sensor.greenpi_arduino_nano_roomtemp_temperature,35.31,2025-11-09T14:48:03.351000Z
sensor.greenpi_arduino_nano_roomtemp_temperature,35.3,2025-11-09T14:51:23.429000Z
sensor.greenpi_arduino_nano_roomtemp_temperature,35.31,2025-11-09T14:53:03.480000Z
sensor.greenpi_arduino_nano_roomtemp_temperature,35.33,2025-11-09T14:58:03.736000Z
sensor.greenpi_arduino_nano_roomtemp_temperature,35.35,2025-11-09T14:59:43.826000Z
sensor.greenpi_arduino_nano_roomtemp_temperature,35.34,2025-11-09T15:04:44.023000Z
sensor.greenpi_arduino_nano_roomtemp_temperature,35.35,2025-11-09T15:06:24.066000Z
sensor.greenpi_arduino_nano_roomtemp_temperature,35.37,2025-11-09T15:09:44.283000Z
sensor.greenpi_arduino_nano_roomtemp_temperature,35.35,2025-11-09T15:11:24.320000Z
sensor.greenpi_arduino_nano_roomtemp_temperature,35.37,2025-11-09T15:14:44.464000Z
sensor.greenpi_arduino_nano_roomtemp_temperature,35.38,2025-11-09T15:18:04.637000Z
sensor.greenpi_arduino_nano_roomtemp_temperature,35.41,2025-11-09T15:21:24.780000Z
sensor.greenpi_arduino_nano_roomtemp_temperature,35.39,2025-11-09T15:24:44.927000Z
sensor.greenpi_arduino_nano_roomtemp_temperature,35.41,2025-11-09T15:29:45.266000Z
sensor.greenpi_arduino_nano_roomtemp_temperature,35.42,2025-11-09T15:31:25.329000Z
sensor.greenpi_arduino_nano_roomtemp_temperature,35.41,2025-11-09T15:33:05.447000Z
sensor.greenpi_arduino_nano_roomtemp_temperature,35.44,2025-11-09T15:34:45.508000Z
sensor.greenpi_arduino_nano_roomtemp_temperature,35.41,2025-11-09T15:43:05.875000Z
sensor.greenpi_arduino_nano_roomtemp_temperature,35.44,2025-11-09T15:44:45.942000Z
sensor.greenpi_arduino_nano_roomtemp_temperature,35.46,2025-11-09T15:46:26.101000Z
sensor.greenpi_arduino_nano_roomtemp_temperature,35.5,2025-11-09T15:53:06.339000Z
sensor.greenpi_arduino_nano_roomtemp_temperature,35.47,2025-11-09T15:54:46.406000Z
sensor.greenpi_arduino_nano_roomtemp_temperature,35.49,2025-11-09T15:58:06.618000Z
sensor.greenpi_arduino_nano_roomtemp_temperature,35.51,2025-11-09T16:01:26.712000Z
sensor.greenpi_arduino_nano_roomtemp_temperature,35.5,2025-11-09T16:03:06.900000Z
sensor.greenpi_arduino_nano_roomtemp_temperature,35.49,2025-11-09T16:06:27.005000Z
sensor.greenpi_arduino_nano_roomtemp_temperature,35.51,2025-11-09T16:08:07.062000Z
sensor.greenpi_arduino_nano_roomtemp_temperature,35.5,2025-11-09T16:09:47.441000Z
sensor.greenpi_arduino_nano_roomtemp_temperature,35.51,2025-11-09T16:11:27.200000Z
sensor.greenpi_arduino_nano_roomtemp_temperature,35.5,2025-11-09T16:13:07.283000Z
sensor.greenpi_arduino_nano_roomtemp_temperature,35.51,2025-11-09T16:19:47.612000Z
sensor.greenpi_arduino_nano_roomtemp_temperature,35.53,2025-11-09T16:21:27.698000Z
sensor.greenpi_arduino_nano_roomtemp_temperature,35.5,2025-11-09T16:23:07.784000Z
sensor.greenpi_arduino_nano_roomtemp_temperature,35.51,2025-11-09T16:24:47.884000Z
sensor.greenpi_arduino_nano_roomtemp_temperature,35.53,2025-11-09T16:26:27.964000Z
sensor.greenpi_arduino_nano_roomtemp_temperature,35.54,2025-11-09T16:29:48.229000Z
sensor.greenpi_arduino_nano_roomtemp_temperature,35.53,2025-11-09T16:31:28.150000Z
sensor.greenpi_arduino_nano_roomtemp_temperature,35.51,2025-11-09T16:38:08.531000Z
sensor.greenpi_arduino_nano_roomtemp_temperature,35.53,2025-11-09T16:39:48.568000Z
sensor.greenpi_arduino_nano_roomtemp_temperature,35.54,2025-11-09T16:43:08.851000Z
sensor.greenpi_arduino_nano_roomtemp_temperature,35.53,2025-11-09T16:44:48.799000Z
sensor.greenpi_arduino_nano_roomtemp_temperature,35.51,2025-11-09T16:46:28.903000Z
sensor.greenpi_arduino_nano_roomtemp_temperature,35.53,2025-11-09T16:48:08.984000Z
sensor.greenpi_arduino_nano_roomtemp_temperature,35.54,2025-11-09T16:49:49.064000Z
sensor.greenpi_arduino_nano_roomtemp_temperature,35.53,2025-11-09T16:59:49.592000Z
sensor.greenpi_arduino_nano_roomtemp_temperature,35.56,2025-11-09T17:01:29.703000Z
sensor.greenpi_arduino_nano_roomtemp_temperature,35.54,2025-11-09T17:03:09.845000Z
sensor.greenpi_arduino_nano_roomtemp_temperature,35.57,2025-11-09T17:08:10.004000Z
sensor.greenpi_arduino_nano_roomtemp_temperature,35.54,2025-11-09T17:09:50.049000Z
sensor.greenpi_arduino_nano_roomtemp_temperature,35.57,2025-11-09T17:11:30.162000Z
sensor.greenpi_arduino_nano_roomtemp_temperature,35.54,2025-11-09T17:16:30.462000Z
sensor.greenpi_arduino_nano_roomtemp_temperature,35.53,2025-11-09T17:19:50.593000Z
sensor.greenpi_arduino_nano_roomtemp_temperature,35.56,2025-11-09T17:21:30.701000Z
sensor.greenpi_arduino_nano_roomtemp_temperature,35.54,2025-11-09T17:23:10.816000Z
sensor.greenpi_arduino_nano_roomtemp_temperature,35.53,2025-11-09T17:31:31.211000Z
sensor.greenpi_arduino_nano_roomtemp_temperature,35.54,2025-11-09T17:33:11.511000Z
sensor.greenpi_arduino_nano_roomtemp_temperature,35.56,2025-11-09T17:34:51.527000Z
sensor.greenpi_arduino_nano_roomtemp_temperature,35.54,2025-11-09T17:38:11.604000Z
sensor.greenpi_arduino_nano_roomtemp_temperature,35.53,2025-11-09T17:39:51.712000Z
sensor.greenpi_arduino_nano_roomtemp_temperature,35.57,2025-11-09T17:43:11.881000Z
sensor.greenpi_arduino_nano_roomtemp_temperature,35.56,2025-11-09T17:44:51.977000Z
sensor.greenpi_arduino_nano_roomtemp_temperature,35.57,2025-11-09T17:49:52.261000Z
sensor.greenpi_arduino_nano_roomtemp_temperature,35.58,2025-11-09T17:54:52.478000Z
sensor.greenpi_arduino_nano_roomtemp_temperature,35.6,2025-11-09T17:58:12.646000Z
sensor.greenpi_arduino_nano_roomtemp_temperature,35.58,2025-11-09T18:03:12.861000Z
sensor.greenpi_arduino_nano_roomtemp_temperature,35.6,2025-11-09T18:04:52.979000Z
sensor.greenpi_arduino_nano_roomtemp_temperature,35.58,2025-11-09T18:09:53.180000Z
sensor.greenpi_arduino_nano_roomtemp_temperature,35.61,2025-11-09T18:13:13.357000Z
sensor.greenpi_arduino_nano_roomtemp_temperature,35.6,2025-11-09T18:14:53.447000Z
sensor.greenpi_arduino_nano_roomtemp_temperature,35.61,2025-11-09T18:18:13.568000Z
sensor.greenpi_arduino_nano_roomtemp_temperature,35.62,2025-11-09T18:21:33.750000Z
sensor.greenpi_arduino_nano_roomtemp_temperature,35.61,2025-11-09T18:26:34.046000Z
sensor.greenpi_arduino_nano_roomtemp_temperature,35.62,2025-11-09T18:38:14.560000Z
sensor.greenpi_arduino_nano_roomtemp_temperature,35.64,2025-11-09T18:44:54.940000Z
sensor.greenpi_arduino_nano_roomtemp_temperature,35.65,2025-11-09T18:46:35.063000Z
sensor.greenpi_arduino_nano_roomtemp_temperature,35.62,2025-11-09T18:48:15.120000Z
sensor.greenpi_arduino_nano_roomtemp_temperature,35.65,2025-11-09T18:49:55.176000Z
sensor.greenpi_arduino_nano_roomtemp_temperature,35.62,2025-11-09T18:51:35.291000Z
sensor.greenpi_arduino_nano_roomtemp_temperature,35.61,2025-11-09T18:53:15.381000Z
sensor.greenpi_arduino_nano_roomtemp_temperature,35.64,2025-11-09T18:54:55.400000Z
sensor.greenpi_arduino_nano_roomtemp_temperature,35.65,2025-11-09T18:56:35.491000Z
sensor.greenpi_arduino_nano_roomtemp_temperature,35.64,2025-11-09T18:59:55.661000Z
sensor.greenpi_arduino_nano_roomtemp_temperature,35.62,2025-11-09T19:01:35.759000Z
sensor.greenpi_arduino_nano_roomtemp_temperature,35.65,2025-11-09T19:03:15.857000Z
sensor.greenpi_arduino_nano_roomtemp_temperature,35.62,2025-11-09T19:08:16.145000Z
sensor.greenpi_arduino_nano_roomtemp_temperature,35.65,2025-11-09T19:09:56.292000Z
sensor.greenpi_arduino_nano_roomtemp_temperature,35.64,2025-11-09T19:11:36.265000Z
sensor.greenpi_arduino_nano_roomtemp_temperature,35.62,2025-11-09T19:13:16.350000Z
sensor.greenpi_arduino_nano_roomtemp_temperature,35.64,2025-11-09T19:16:36.542000Z
sensor.greenpi_arduino_nano_roomtemp_temperature,35.65,2025-11-09T19:21:36.833000Z
sensor.greenpi_arduino_nano_roomtemp_temperature,35.64,2025-11-09T19:23:16.892000Z
sensor.greenpi_arduino_nano_roomtemp_temperature,35.65,2025-11-09T19:24:57.038000Z
sensor.greenpi_arduino_nano_roomtemp_temperature,35.66,2025-11-09T19:26:37.114000Z
sensor.greenpi_arduino_nano_roomtemp_temperature,35.65,2025-11-09T19:29:57.201000Z
sensor.greenpi_arduino_nano_roomtemp_temperature,35.66,2025-11-09T19:31:37.299000Z
sensor.greenpi_arduino_nano_roomtemp_temperature,35.65,2025-11-09T19:36:37.585000Z
sensor.greenpi_arduino_nano_roomtemp_temperature,35.66,2025-11-09T19:38:17.687000Z
sensor.greenpi_arduino_nano_roomtemp_temperature,35.65,2025-11-09T19:43:18.014000Z
sensor.greenpi_arduino_nano_roomtemp_temperature,35.68,2025-11-09T19:46:38.109000Z
sensor.greenpi_arduino_nano_roomtemp_temperature,35.66,2025-11-09T19:48:18.197000Z
sensor.greenpi_arduino_nano_roomtemp_temperature,35.65,2025-11-09T19:49:58.276000Z
sensor.greenpi_arduino_nano_roomtemp_temperature,35.68,2025-11-09T19:51:38.360000Z
sensor.greenpi_arduino_nano_roomtemp_temperature,35.66,2025-11-09T19:56:38.693000Z
sensor.greenpi_arduino_nano_roomtemp_temperature,35.68,2025-11-09T19:58:18.793000Z
sensor.greenpi_arduino_nano_roomtemp_temperature,35.66,2025-11-09T19:59:58.882000Z
sensor.greenpi_arduino_nano_roomtemp_temperature,35.69,2025-11-09T20:01:38.972000Z
sensor.greenpi_arduino_nano_roomtemp_temperature,35.68,2025-11-09T20:03:19.056000Z
sensor.greenpi_arduino_nano_roomtemp_temperature,35.65,2025-11-09T20:04:59.167000Z
sensor.greenpi_arduino_nano_roomtemp_temperature,35.66,2025-11-09T20:06:39.189000Z
sensor.greenpi_arduino_nano_roomtemp_temperature,35.65,2025-11-09T20:08:19.240000Z
sensor.greenpi_arduino_nano_roomtemp_temperature,35.68,2025-11-09T20:09:59.393000Z
sensor.greenpi_arduino_nano_roomtemp_temperature,35.66,2025-11-09T20:11:39.487000Z
sensor.greenpi_arduino_nano_roomtemp_temperature,35.68,2025-11-09T20:13:19.572000Z
sensor.greenpi_arduino_nano_roomtemp_temperature,35.65,2025-11-09T20:14:59.644000Z
sensor.greenpi_arduino_nano_roomtemp_temperature,35.66,2025-11-09T20:18:19.781000Z
sensor.greenpi_arduino_nano_roomtemp_temperature,35.62,2025-11-09T20:19:59.874000Z
sensor.greenpi_arduino_nano_roomtemp_temperature,35.68,2025-11-09T20:21:39.987000Z
sensor.greenpi_arduino_nano_roomtemp_temperature,35.66,2025-11-09T20:23:20.104000Z
sensor.greenpi_arduino_nano_roomtemp_temperature,35.65,2025-11-09T20:26:40.160000Z
sensor.greenpi_arduino_nano_roomtemp_temperature,35.66,2025-11-09T20:28:20.347000Z
sensor.greenpi_arduino_nano_roomtemp_temperature,35.68,2025-11-09T20:35:00.588000Z
sensor.greenpi_arduino_nano_roomtemp_temperature,35.66,2025-11-09T20:36:40.715000Z
sensor.greenpi_arduino_nano_roomtemp_temperature,35.68,2025-11-09T20:38:20.757000Z
sensor.greenpi_arduino_nano_roomtemp_temperature,35.66,2025-11-09T20:45:01.136000Z
sensor.greenpi_arduino_nano_roomtemp_temperature,35.64,2025-11-09T20:46:41.282000Z
sensor.greenpi_arduino_nano_roomtemp_temperature,35.65,2025-11-09T20:48:21.329000Z
sensor.greenpi_arduino_nano_roomtemp_temperature,35.66,2025-11-09T20:50:01.423000Z
sensor.greenpi_arduino_nano_roomtemp_temperature,35.65,2025-11-09T20:51:41.518000Z
sensor.greenpi_arduino_nano_roomtemp_temperature,35.66,2025-11-09T20:55:01.715000Z
sensor.greenpi_arduino_nano_roomtemp_temperature,35.65,2025-11-09T20:56:41.789000Z
sensor.greenpi_arduino_nano_roomtemp_temperature,35.69,2025-11-09T20:58:21.884000Z
sensor.greenpi_arduino_nano_roomtemp_temperature,35.65,2025-11-09T21:00:01.940000Z
sensor.greenpi_arduino_nano_roomtemp_temperature,35.68,2025-11-09T21:01:42.028000Z
sensor.greenpi_arduino_nano_roomtemp_temperature,35.66,2025-11-09T21:03:22.181000Z
sensor.greenpi_arduino_nano_roomtemp_temperature,35.68,2025-11-09T21:06:42.239000Z
sensor.greenpi_arduino_nano_roomtemp_temperature,35.65,2025-11-09T21:08:22.322000Z
sensor.greenpi_arduino_nano_roomtemp_temperature,35.66,2025-11-09T21:11:42.446000Z
sensor.greenpi_arduino_nano_roomtemp_temperature,35.65,2025-11-09T21:13:22.546000Z
sensor.greenpi_arduino_nano_roomtemp_temperature,35.66,2025-11-09T21:15:02.621000Z
sensor.greenpi_arduino_nano_roomtemp_temperature,35.65,2025-11-09T21:16:42.690000Z
sensor.greenpi_arduino_nano_roomtemp_temperature,35.66,2025-11-09T21:18:22.763000Z
sensor.greenpi_arduino_nano_roomtemp_temperature,35.68,2025-11-09T21:20:02.818000Z
sensor.greenpi_arduino_nano_roomtemp_temperature,35.66,2025-11-09T21:21:42.898000Z
sensor.greenpi_arduino_nano_roomtemp_temperature,35.68,2025-11-09T21:23:22.984000Z
sensor.greenpi_arduino_nano_roomtemp_temperature,35.65,2025-11-09T21:25:03.030000Z
sensor.greenpi_arduino_nano_roomtemp_temperature,35.64,2025-11-09T21:28:23.207000Z
sensor.greenpi_arduino_nano_roomtemp_temperature,35.65,2025-11-09T21:30:03.325000Z
sensor.greenpi_arduino_nano_roomtemp_temperature,35.66,2025-11-09T21:31:43.356000Z
sensor.greenpi_arduino_nano_roomtemp_temperature,35.65,2025-11-09T21:35:03.547000Z
sensor.greenpi_arduino_nano_roomtemp_temperature,35.68,2025-11-09T21:36:43.600000Z
sensor.greenpi_arduino_nano_roomtemp_temperature,35.66,2025-11-09T21:38:23.667000Z
sensor.greenpi_arduino_nano_roomtemp_temperature,35.68,2025-11-09T21:40:03.733000Z
sensor.greenpi_arduino_nano_roomtemp_temperature,35.65,2025-11-09T21:41:43.814000Z
sensor.greenpi_arduino_nano_roomtemp_temperature,35.69,2025-11-09T21:43:23.959000Z
sensor.greenpi_arduino_nano_roomtemp_temperature,35.66,2025-11-09T21:45:04.067000Z
sensor.greenpi_arduino_nano_roomtemp_temperature,35.68,2025-11-09T21:46:44.158000Z
sensor.greenpi_arduino_nano_roomtemp_temperature,35.66,2025-11-09T21:50:04.225000Z
sensor.greenpi_arduino_nano_roomtemp_temperature,35.68,2025-11-09T21:51:44.353000Z
sensor.greenpi_arduino_nano_roomtemp_temperature,35.66,2025-11-09T21:53:24.457000Z
sensor.greenpi_arduino_nano_roomtemp_temperature,35.68,2025-11-09T21:55:04.441000Z
sensor.greenpi_arduino_nano_roomtemp_temperature,35.66,2025-11-09T21:56:44.502000Z
sensor.greenpi_arduino_nano_roomtemp_temperature,35.68,2025-11-09T21:58:24.702000Z
sensor.greenpi_arduino_nano_roomtemp_temperature,35.66,2025-11-09T22:00:04.629000Z
sensor.greenpi_arduino_nano_roomtemp_temperature,35.65,2025-11-09T22:06:44.935000Z
sensor.greenpi_arduino_nano_roomtemp_temperature,35.68,2025-11-09T22:11:45.170000Z
sensor.greenpi_arduino_nano_roomtemp_temperature,35.66,2025-11-09T22:15:05.340000Z
sensor.greenpi_arduino_nano_roomtemp_temperature,35.68,2025-11-09T22:16:45.465000Z
sensor.greenpi_arduino_nano_roomtemp_temperature,35.66,2025-11-09T22:18:25.494000Z
sensor.greenpi_arduino_nano_roomtemp_temperature,35.68,2025-11-09T22:21:45.623000Z
sensor.greenpi_arduino_nano_roomtemp_temperature,35.66,2025-11-09T22:23:25.719000Z
sensor.greenpi_arduino_nano_roomtemp_temperature,35.68,2025-11-09T22:26:45.869000Z
sensor.greenpi_arduino_nano_roomtemp_temperature,35.66,2025-11-09T22:33:26.243000Z
sensor.greenpi_arduino_nano_roomtemp_temperature,35.65,2025-11-09T22:35:06.322000Z
sensor.greenpi_arduino_nano_roomtemp_temperature,35.68,2025-11-09T22:36:46.332000Z
sensor.greenpi_arduino_nano_roomtemp_temperature,35.66,2025-11-09T22:38:26.515000Z
sensor.greenpi_arduino_nano_roomtemp_temperature,35.69,2025-11-09T22:41:46.581000Z
sensor.greenpi_arduino_nano_roomtemp_temperature,35.66,2025-11-09T22:43:26.701000Z
sensor.greenpi_arduino_nano_roomtemp_temperature,35.68,2025-11-09T22:50:06.959000Z
sensor.greenpi_arduino_nano_roomtemp_temperature,35.66,2025-11-09T22:58:27.429000Z
sensor.greenpi_arduino_nano_roomtemp_temperature,35.68,2025-11-09T23:01:47.616000Z
sensor.greenpi_arduino_nano_roomtemp_temperature,35.66,2025-11-09T23:05:07.794000Z
sensor.greenpi_arduino_nano_roomtemp_temperature,35.68,2025-11-09T23:06:47.843000Z
sensor.greenpi_arduino_nano_roomtemp_temperature,35.66,2025-11-09T23:08:27.907000Z
sensor.greenpi_arduino_nano_roomtemp_temperature,35.65,2025-11-09T23:11:48.079000Z
sensor.greenpi_arduino_nano_roomtemp_temperature,35.64,2025-11-09T23:13:28.163000Z
sensor.greenpi_arduino_nano_roomtemp_temperature,35.65,2025-11-09T23:15:08.229000Z
sensor.greenpi_arduino_nano_roomtemp_temperature,35.66,2025-11-09T23:18:28.409000Z
sensor.greenpi_arduino_nano_roomtemp_temperature,35.68,2025-11-09T23:21:48.689000Z
sensor.greenpi_arduino_nano_roomtemp_temperature,35.65,2025-11-09T23:23:28.776000Z
sensor.greenpi_arduino_nano_roomtemp_temperature,35.62,2025-11-09T23:30:09.012000Z
sensor.greenpi_arduino_nano_roomtemp_temperature,35.64,2025-11-09T23:31:49.106000Z
sensor.greenpi_arduino_nano_roomtemp_temperature,35.62,2025-11-09T23:35:09.293000Z
sensor.greenpi_arduino_nano_roomtemp_temperature,35.6,2025-11-09T23:40:09.498000Z
sensor.greenpi_arduino_nano_roomtemp_temperature,35.61,2025-11-09T23:41:49.589000Z
sensor.greenpi_arduino_nano_roomtemp_temperature,35.62,2025-11-09T23:43:29.646000Z
sensor.greenpi_arduino_nano_roomtemp_temperature,35.61,2025-11-09T23:45:09.820000Z
sensor.greenpi_arduino_nano_roomtemp_temperature,35.64,2025-11-09T23:46:49.845000Z
sensor.greenpi_arduino_nano_roomtemp_temperature,35.61,2025-11-09T23:48:29.904000Z
sensor.greenpi_arduino_nano_roomtemp_temperature,35.6,2025-11-09T23:51:50.088000Z
sensor.greenpi_arduino_nano_roomtemp_temperature,35.61,2025-11-09T23:53:30.186000Z
sensor.greenpi_arduino_nano_roomtemp_temperature,35.57,2025-11-09T23:55:10.273000Z
sensor.greenpi_arduino_nano_roomtemp_temperature,35.6,2025-11-09T23:56:50.427000Z
sensor.greenpi_arduino_nano_roomtemp_temperature,35.61,2025-11-09T23:58:30.472000Z
sensor.greenpi_arduino_nano_roomtemp_temperature,35.6,2025-11-10T00:00:10.588000Z
sensor.greenpi_arduino_nano_roomtemp_temperature,35.61,2025-11-10T00:01:50.659000Z
sensor.greenpi_arduino_nano_roomtemp_temperature,35.57,2025-11-10T00:03:30.741000Z
sensor.greenpi_arduino_nano_roomtemp_temperature,35.6,2025-11-10T00:05:10.786000Z
sensor.greenpi_arduino_nano_roomtemp_temperature,35.58,2025-11-10T00:13:31.230000Z
sensor.greenpi_arduino_nano_roomtemp_temperature,35.6,2025-11-10T00:15:11.361000Z
sensor.greenpi_arduino_nano_roomtemp_temperature,35.58,2025-11-10T00:18:31.508000Z
sensor.greenpi_arduino_nano_roomtemp_temperature,35.57,2025-11-10T00:28:31.986000Z
sensor.greenpi_arduino_nano_roomtemp_temperature,35.56,2025-11-10T00:31:52.134000Z
sensor.greenpi_arduino_nano_roomtemp_temperature,35.58,2025-11-10T00:33:32.228000Z
sensor.greenpi_arduino_nano_roomtemp_temperature,35.57,2025-11-10T00:35:12.324000Z
sensor.greenpi_arduino_nano_roomtemp_temperature,35.6,2025-11-10T00:36:52.411000Z
sensor.greenpi_arduino_nano_roomtemp_temperature,35.58,2025-11-10T00:38:32.528000Z
sensor.greenpi_arduino_nano_roomtemp_temperature,35.57,2025-11-10T00:46:52.994000Z
sensor.greenpi_arduino_nano_roomtemp_temperature,35.58,2025-11-10T00:48:33.139000Z
sensor.greenpi_arduino_nano_roomtemp_temperature,35.56,2025-11-10T00:51:53.303000Z
sensor.greenpi_arduino_nano_roomtemp_temperature,35.57,2025-11-10T00:53:33.207000Z
sensor.greenpi_arduino_nano_roomtemp_temperature,35.56,2025-11-10T00:56:53.381000Z
sensor.greenpi_arduino_nano_roomtemp_temperature,35.58,2025-11-10T00:58:33.367000Z
sensor.greenpi_arduino_nano_roomtemp_temperature,26.11,2025-11-10T09:00:00.000000Z
sensor.greenpi_arduino_nano_roomtemp_temperature,26.26,2025-11-10T09:00:25.621000Z
sensor.greenpi_arduino_nano_roomtemp_temperature,27.06,2025-11-10T09:02:05.686000Z
sensor.greenpi_arduino_nano_roomtemp_temperature,27.72,2025-11-10T09:03:45.784000Z
sensor.greenpi_arduino_nano_roomtemp_temperature,28.24,2025-11-10T09:05:25.906000Z
sensor.greenpi_arduino_nano_roomtemp_temperature,28.46,2025-11-10T09:07:06.135000Z
sensor.greenpi_arduino_nano_roomtemp_temperature,28.73,2025-11-10T09:08:46.092000Z
sensor.greenpi_arduino_nano_roomtemp_temperature,29.0,2025-11-10T09:10:26.158000Z
sensor.greenpi_arduino_nano_roomtemp_temperature,29.24,2025-11-10T09:12:06.172000Z
sensor.greenpi_arduino_nano_roomtemp_temperature,29.4,2025-11-10T09:13:46.335000Z
sensor.greenpi_arduino_nano_roomtemp_temperature,29.55,2025-11-10T09:15:26.341000Z
sensor.greenpi_arduino_nano_roomtemp_temperature,29.7,2025-11-10T09:17:06.393000Z
sensor.greenpi_arduino_nano_roomtemp_temperature,29.77,2025-11-10T09:18:46.498000Z
sensor.greenpi_arduino_nano_roomtemp_temperature,29.86,2025-11-10T09:20:26.590000Z
sensor.greenpi_arduino_nano_roomtemp_temperature,29.94,2025-11-10T09:22:06.788000Z
sensor.greenpi_arduino_nano_roomtemp_temperature,30.04,2025-11-10T09:23:46.788000Z
sensor.greenpi_arduino_nano_roomtemp_temperature,30.09,2025-11-10T09:25:26.893000Z
sensor.greenpi_arduino_nano_roomtemp_temperature,30.15,2025-11-10T09:27:06.935000Z
sensor.greenpi_arduino_nano_roomtemp_temperature,30.22,2025-11-10T09:28:47.027000Z
sensor.greenpi_arduino_nano_roomtemp_temperature,30.24,2025-11-10T09:30:27.117000Z
sensor.greenpi_arduino_nano_roomtemp_temperature,30.31,2025-11-10T09:32:07.223000Z
sensor.greenpi_arduino_nano_roomtemp_temperature,30.34,2025-11-10T09:33:47.317000Z
sensor.greenpi_arduino_nano_roomtemp_temperature,30.42,2025-11-10T09:35:27.412000Z
sensor.greenpi_arduino_nano_roomtemp_temperature,30.48,2025-11-10T09:38:47.557000Z
sensor.greenpi_arduino_nano_roomtemp_temperature,30.49,2025-11-10T09:40:27.649000Z
sensor.greenpi_arduino_nano_roomtemp_temperature,30.52,2025-11-10T09:42:07.766000Z
sensor.greenpi_arduino_nano_roomtemp_temperature,30.56,2025-11-10T09:43:47.867000Z
sensor.greenpi_arduino_nano_roomtemp_temperature,30.59,2025-11-10T09:47:08.047000Z
sensor.greenpi_arduino_nano_roomtemp_temperature,30.63,2025-11-10T09:48:48.135000Z
sensor.greenpi_arduino_nano_roomtemp_temperature,30.67,2025-11-10T09:50:28.228000Z
sensor.greenpi_arduino_nano_roomtemp_temperature,30.69,2025-11-10T09:53:48.428000Z
sensor.greenpi_arduino_nano_roomtemp_temperature,30.71,2025-11-10T09:55:28.518000Z
sensor.greenpi_arduino_nano_roomtemp_temperature,30.72,2025-11-10T09:57:08.634000Z
sensor.greenpi_arduino_nano_roomtemp_temperature,30.71,2025-11-10T09:58:48.729000Z
sensor.greenpi_arduino_nano_roomtemp_temperature,30.76,2025-11-10T10:00:28.895000Z
sensor.greenpi_arduino_nano_roomtemp_temperature,30.72,2025-11-10T10:02:08.920000Z
sensor.greenpi_arduino_nano_roomtemp_temperature,30.68,2025-11-10T10:03:49.014000Z
sensor.greenpi_arduino_nano_roomtemp_temperature,30.72,2025-11-10T10:05:29.112000Z
sensor.greenpi_arduino_nano_roomtemp_temperature,30.74,2025-11-10T10:07:09.206000Z
sensor.greenpi_arduino_nano_roomtemp_temperature,30.75,2025-11-10T10:12:09.479000Z
sensor.greenpi_arduino_nano_roomtemp_temperature,30.78,2025-11-10T10:13:49.568000Z
sensor.greenpi_arduino_nano_roomtemp_temperature,30.75,2025-11-10T10:15:29.652000Z
sensor.greenpi_arduino_nano_roomtemp_temperature,30.72,2025-11-10T10:17:09.766000Z
sensor.greenpi_arduino_nano_roomtemp_temperature,30.74,2025-11-10T10:18:49.864000Z
sensor.greenpi_arduino_nano_roomtemp_temperature,30.72,2025-11-10T10:20:29.962000Z
sensor.greenpi_arduino_nano_roomtemp_temperature,30.69,2025-11-10T10:23:50.151000Z
sensor.greenpi_arduino_nano_roomtemp_temperature,30.71,2025-11-10T10:25:30.247000Z
sensor.greenpi_arduino_nano_roomtemp_temperature,30.69,2025-11-10T10:28:50.449000Z
sensor.greenpi_arduino_nano_roomtemp_temperature,30.68,2025-11-10T10:30:30.544000Z
sensor.greenpi_arduino_nano_roomtemp_temperature,30.72,2025-11-10T10:32:10.643000Z
sensor.greenpi_arduino_nano_roomtemp_temperature,30.71,2025-11-10T10:33:50.746000Z
sensor.greenpi_arduino_nano_roomtemp_temperature,30.69,2025-11-10T10:37:10.943000Z
sensor.greenpi_arduino_nano_roomtemp_temperature,30.67,2025-11-10T10:38:51.032000Z
sensor.greenpi_arduino_nano_roomtemp_temperature,30.68,2025-11-10T10:40:31.123000Z
sensor.greenpi_arduino_nano_roomtemp_temperature,30.69,2025-11-10T10:42:11.228000Z
sensor.greenpi_arduino_nano_roomtemp_temperature,30.75,2025-11-10T10:43:51.337000Z
sensor.greenpi_arduino_nano_roomtemp_temperature,30.74,2025-11-10T10:45:31.445000Z
sensor.greenpi_arduino_nano_roomtemp_temperature,30.72,2025-11-10T10:48:51.668000Z
sensor.greenpi_arduino_nano_roomtemp_temperature,30.71,2025-11-10T10:52:11.933000Z
sensor.greenpi_arduino_nano_roomtemp_temperature,30.72,2025-11-10T10:55:32.058000Z
sensor.greenpi_arduino_nano_roomtemp_temperature,30.71,2025-11-10T10:57:12.169000Z
sensor.greenpi_arduino_nano_roomtemp_temperature,30.74,2025-11-10T11:00:32.377000Z
sensor.greenpi_arduino_nano_roomtemp_temperature,30.69,2025-11-10T11:02:12.479000Z
sensor.greenpi_arduino_nano_roomtemp_temperature,30.68,2025-11-10T11:03:52.581000Z
sensor.greenpi_arduino_nano_roomtemp_temperature,30.64,2025-11-10T11:08:52.890000Z
sensor.greenpi_arduino_nano_roomtemp_temperature,30.67,2025-11-10T11:10:33.000000Z
sensor.greenpi_arduino_nano_roomtemp_temperature,30.68,2025-11-10T11:12:13.097000Z
sensor.greenpi_arduino_nano_roomtemp_temperature,30.67,2025-11-10T11:13:53.209000Z
sensor.greenpi_arduino_nano_roomtemp_temperature,30.65,2025-11-10T11:15:33.292000Z
sensor.greenpi_arduino_nano_roomtemp_temperature,30.67,2025-11-10T11:17:13.405000Z
sensor.greenpi_arduino_nano_roomtemp_temperature,30.68,2025-11-10T11:18:53.510000Z
sensor.greenpi_arduino_nano_roomtemp_temperature,30.67,2025-11-10T11:20:33.614000Z
sensor.greenpi_arduino_nano_roomtemp_temperature,30.63,2025-11-10T11:22:13.718000Z
sensor.greenpi_arduino_nano_roomtemp_temperature,30.6,2025-11-10T11:25:33.906000Z
sensor.greenpi_arduino_nano_roomtemp_temperature,30.64,2025-11-10T11:27:13.990000Z
sensor.greenpi_arduino_nano_roomtemp_temperature,30.68,2025-11-10T11:28:54.082000Z
sensor.greenpi_arduino_nano_roomtemp_temperature,30.69,2025-11-10T11:30:34.178000Z
sensor.greenpi_arduino_nano_roomtemp_temperature,30.65,2025-11-10T11:32:14.270000Z
sensor.greenpi_arduino_nano_roomtemp_temperature,30.67,2025-11-10T11:33:54.382000Z
sensor.greenpi_arduino_nano_roomtemp_temperature,30.65,2025-11-10T11:35:34.465000Z
sensor.greenpi_arduino_nano_roomtemp_temperature,30.6,2025-11-10T11:37:14.571000Z
sensor.greenpi_arduino_nano_roomtemp_temperature,30.63,2025-11-10T11:38:54.666000Z
sensor.greenpi_arduino_nano_roomtemp_temperature,30.61,2025-11-10T11:40:34.766000Z
sensor.greenpi_arduino_nano_roomtemp_temperature,30.57,2025-11-10T11:42:14.864000Z
sensor.greenpi_arduino_nano_roomtemp_temperature,30.61,2025-11-10T11:43:54.955000Z
sensor.greenpi_arduino_nano_roomtemp_temperature,30.63,2025-11-10T11:47:15.142000Z
sensor.greenpi_arduino_nano_roomtemp_temperature,30.64,2025-11-10T11:48:55.251000Z
sensor.greenpi_arduino_nano_roomtemp_temperature,30.67,2025-11-10T11:50:35.340000Z
sensor.greenpi_arduino_nano_roomtemp_temperature,30.61,2025-11-10T11:52:15.492000Z
sensor.greenpi_arduino_nano_roomtemp_temperature,30.6,2025-11-10T11:53:55.603000Z
sensor.greenpi_arduino_nano_roomtemp_temperature,30.63,2025-11-10T11:55:35.675000Z
sensor.greenpi_arduino_nano_roomtemp_temperature,30.65,2025-11-10T11:57:15.793000Z
sensor.greenpi_arduino_nano_roomtemp_temperature,30.67,2025-11-10T12:00:35.939000Z
sensor.greenpi_arduino_nano_roomtemp_temperature,30.65,2025-11-10T12:02:16.025000Z
sensor.greenpi_arduino_nano_roomtemp_temperature,30.6,2025-11-10T12:03:56.171000Z
sensor.greenpi_arduino_nano_roomtemp_temperature,30.59,2025-11-10T12:05:36.229000Z
sensor.greenpi_arduino_nano_roomtemp_temperature,30.54,2025-11-10T12:07:16.350000Z
sensor.greenpi_arduino_nano_roomtemp_temperature,30.53,2025-11-10T12:08:56.442000Z
sensor.greenpi_arduino_nano_roomtemp_temperature,30.56,2025-11-10T12:10:36.552000Z
sensor.greenpi_arduino_nano_roomtemp_temperature,30.53,2025-11-10T12:12:16.648000Z
sensor.greenpi_arduino_nano_roomtemp_temperature,30.57,2025-11-10T12:13:56.766000Z
sensor.greenpi_arduino_nano_roomtemp_temperature,30.56,2025-11-10T12:15:36.870000Z
sensor.greenpi_arduino_nano_roomtemp_temperature,30.57,2025-11-10T12:17:16.972000Z
sensor.greenpi_arduino_nano_roomtemp_temperature,30.56,2025-11-10T12:20:37.194000Z
sensor.greenpi_arduino_nano_roomtemp_temperature,30.54,2025-11-10T12:23:57.385000Z
sensor.greenpi_arduino_nano_roomtemp_temperature,30.59,2025-11-10T12:25:37.481000Z
sensor.greenpi_arduino_nano_roomtemp_temperature,30.54,2025-11-10T12:27:17.568000Z
sensor.greenpi_arduino_nano_roomtemp_temperature,30.53,2025-11-10T12:28:57.661000Z
sensor.greenpi_arduino_nano_roomtemp_temperature,30.57,2025-11-10T12:30:37.761000Z
sensor.greenpi_arduino_nano_roomtemp_temperature,30.56,2025-11-10T12:32:17.846000Z
sensor.greenpi_arduino_nano_roomtemp_temperature,30.54,2025-11-10T12:37:18.185000Z
sensor.greenpi_arduino_nano_roomtemp_temperature,30.59,2025-11-10T12:38:58.255000Z
sensor.greenpi_arduino_nano_roomtemp_temperature,30.54,2025-11-10T12:40:38.360000Z
sensor.greenpi_arduino_nano_roomtemp_temperature,30.53,2025-11-10T12:43:58.546000Z
sensor.greenpi_arduino_nano_roomtemp_temperature,30.5,2025-11-10T12:45:38.662000Z
sensor.greenpi_arduino_nano_roomtemp_temperature,30.54,2025-11-10T12:47:18.750000Z
sensor.greenpi_arduino_nano_roomtemp_temperature,30.59,2025-11-10T12:48:58.854000Z
sensor.greenpi_arduino_nano_roomtemp_temperature,30.57,2025-11-10T12:50:38.978000Z
sensor.greenpi_arduino_nano_roomtemp_temperature,30.56,2025-11-10T12:52:19.039000Z
sensor.greenpi_arduino_nano_roomtemp_temperature,30.54,2025-11-10T12:53:59.135000Z
sensor.greenpi_arduino_nano_roomtemp_temperature,30.56,2025-11-10T12:55:39.229000Z
sensor.greenpi_arduino_nano_roomtemp_temperature,30.54,2025-11-10T12:57:19.325000Z
sensor.greenpi_arduino_nano_roomtemp_temperature,30.56,2025-11-10T12:58:59.415000Z
sensor.greenpi_arduino_nano_roomtemp_temperature,30.53,2025-11-10T13:03:59.809000Z
sensor.greenpi_arduino_nano_roomtemp_temperature,30.57,2025-11-10T13:05:39.871000Z
sensor.greenpi_arduino_nano_roomtemp_temperature,30.54,2025-11-10T13:07:19.898000Z
sensor.greenpi_arduino_nano_roomtemp_temperature,30.56,2025-11-10T13:09:00.000000Z
sensor.greenpi_arduino_nano_roomtemp_temperature,30.54,2025-11-10T13:12:20.204000Z
sensor.greenpi_arduino_nano_roomtemp_temperature,30.56,2025-11-10T13:14:00.539000Z
sensor.greenpi_arduino_nano_roomtemp_temperature,30.54,2025-11-10T13:15:40.379000Z
sensor.greenpi_arduino_nano_roomtemp_temperature,30.56,2025-11-10T13:17:20.467000Z
sensor.greenpi_arduino_nano_roomtemp_temperature,30.59,2025-11-10T13:22:20.769000Z
sensor.greenpi_arduino_nano_roomtemp_temperature,30.6,2025-11-10T13:24:00.989000Z
sensor.greenpi_arduino_nano_roomtemp_temperature,30.54,2025-11-10T13:29:01.253000Z
sensor.greenpi_arduino_nano_roomtemp_temperature,30.6,2025-11-10T13:30:41.273000Z
sensor.greenpi_arduino_nano_roomtemp_temperature,30.59,2025-11-10T13:32:21.397000Z
sensor.greenpi_arduino_nano_roomtemp_temperature,30.6,2025-11-10T13:35:41.642000Z
sensor.greenpi_arduino_nano_roomtemp_temperature,30.61,2025-11-10T13:37:21.762000Z
sensor.greenpi_arduino_nano_roomtemp_temperature,30.63,2025-11-10T13:39:01.785000Z
sensor.greenpi_arduino_nano_roomtemp_temperature,30.61,2025-11-10T13:40:41.894000Z
sensor.greenpi_arduino_nano_roomtemp_temperature,30.64,2025-11-10T13:42:22.071000Z
sensor.greenpi_arduino_nano_roomtemp_temperature,30.65,2025-11-10T13:44:02.101000Z
sensor.greenpi_arduino_nano_roomtemp_temperature,30.64,2025-11-10T13:45:42.240000Z
sensor.greenpi_arduino_nano_roomtemp_temperature,30.65,2025-11-10T13:47:22.350000Z
sensor.greenpi_arduino_nano_roomtemp_temperature,30.63,2025-11-10T13:49:02.327000Z
sensor.greenpi_arduino_nano_roomtemp_temperature,30.59,2025-11-10T13:50:42.645000Z
sensor.greenpi_arduino_nano_roomtemp_temperature,30.67,2025-11-10T13:52:22.527000Z
sensor.greenpi_arduino_nano_roomtemp_temperature,30.61,2025-11-10T13:54:02.582000Z
sensor.greenpi_arduino_nano_roomtemp_temperature,30.64,2025-11-10T13:57:22.772000Z
sensor.greenpi_arduino_nano_roomtemp_temperature,30.65,2025-11-10T14:00:42.939000Z
sensor.greenpi_arduino_nano_roomtemp_temperature,30.64,2025-11-10T14:02:23.050000Z
sensor.greenpi_arduino_nano_roomtemp_temperature,30.67,2025-11-10T14:05:43.202000Z
sensor.greenpi_arduino_nano_roomtemp_temperature,30.6,2025-11-10T14:09:03.437000Z
sensor.greenpi_arduino_nano_roomtemp_temperature,30.56,2025-11-10T14:10:43.570000Z
sensor.greenpi_arduino_nano_roomtemp_temperature,30.6,2025-11-10T14:12:23.663000Z
sensor.greenpi_arduino_nano_roomtemp_temperature,30.64,2025-11-10T14:15:43.774000Z
sensor.greenpi_arduino_nano_roomtemp_temperature,30.68,2025-11-10T14:17:23.831000Z
sensor.greenpi_arduino_nano_roomtemp_temperature,30.67,2025-11-10T14:20:43.989000Z
sensor.greenpi_arduino_nano_roomtemp_temperature,30.65,2025-11-10T14:24:04.120000Z
sensor.greenpi_arduino_nano_roomtemp_temperature,30.67,2025-11-10T14:27:24.336000Z
sensor.greenpi_arduino_nano_roomtemp_temperature,30.68,2025-11-10T14:30:44.472000Z
sensor.greenpi_arduino_nano_roomtemp_temperature,30.71,2025-11-10T14:32:24.589000Z
sensor.greenpi_arduino_nano_roomtemp_temperature,30.67,2025-11-10T14:34:04.642000Z
sensor.greenpi_arduino_nano_roomtemp_temperature,30.69,2025-11-10T14:35:44.733000Z
sensor.greenpi_arduino_nano_roomtemp_temperature,30.68,2025-11-10T14:39:04.885000Z
sensor.greenpi_arduino_nano_roomtemp_temperature,30.72,2025-11-10T14:40:44.973000Z
sensor.greenpi_arduino_nano_roomtemp_temperature,30.64,2025-11-10T14:42:25.087000Z
sensor.greenpi_arduino_nano_roomtemp_temperature,30.68,2025-11-10T14:44:05.136000Z
sensor.greenpi_arduino_nano_roomtemp_temperature,30.69,2025-11-10T14:49:05.461000Z
sensor.greenpi_arduino_nano_roomtemp_temperature,30.68,2025-11-10T14:50:45.464000Z
sensor.greenpi_arduino_nano_roomtemp_temperature,30.65,2025-11-10T14:52:25.559000Z
sensor.greenpi_arduino_nano_roomtemp_temperature,30.67,2025-11-10T14:54:05.603000Z
sensor.greenpi_arduino_nano_roomtemp_temperature,30.68,2025-11-10T14:57:25.798000Z
sensor.greenpi_arduino_nano_roomtemp_temperature,30.69,2025-11-10T14:59:05.885000Z
sensor.greenpi_arduino_nano_roomtemp_temperature,30.71,2025-11-10T15:00:45.969000Z
sensor.greenpi_arduino_nano_roomtemp_temperature,30.68,2025-11-10T15:04:06.103000Z
sensor.greenpi_arduino_nano_roomtemp_temperature,30.69,2025-11-10T15:05:46.243000Z
sensor.greenpi_arduino_nano_roomtemp_temperature,30.67,2025-11-10T15:07:26.304000Z
sensor.greenpi_arduino_nano_roomtemp_temperature,30.71,2025-11-10T15:09:06.353000Z
sensor.greenpi_arduino_nano_roomtemp_temperature,30.69,2025-11-10T15:10:46.445000Z
sensor.greenpi_arduino_nano_roomtemp_temperature,30.68,2025-11-10T15:12:26.551000Z
sensor.greenpi_arduino_nano_roomtemp_temperature,30.72,2025-11-10T15:15:46.735000Z
sensor.greenpi_arduino_nano_roomtemp_temperature,30.67,2025-11-10T15:17:26.847000Z
sensor.greenpi_arduino_nano_roomtemp_temperature,30.65,2025-11-10T15:19:06.954000Z
sensor.greenpi_arduino_nano_roomtemp_temperature,30.68,2025-11-10T15:20:47.061000Z
sensor.greenpi_arduino_nano_roomtemp_temperature,30.67,2025-11-10T15:22:27.153000Z
sensor.greenpi_arduino_nano_roomtemp_temperature,30.64,2025-11-10T15:24:07.247000Z
sensor.greenpi_arduino_nano_roomtemp_temperature,30.65,2025-11-10T15:25:47.359000Z
sensor.greenpi_arduino_nano_roomtemp_temperature,30.64,2025-11-10T15:27:27.452000Z
sensor.greenpi_arduino_nano_roomtemp_temperature,30.67,2025-11-10T15:29:07.550000Z
sensor.greenpi_arduino_nano_roomtemp_temperature,30.68,2025-11-10T15:30:47.638000Z
sensor.greenpi_arduino_nano_roomtemp_temperature,30.67,2025-11-10T15:34:07.837000Z
sensor.greenpi_arduino_nano_roomtemp_temperature,30.69,2025-11-10T15:39:08.097000Z
sensor.greenpi_arduino_nano_roomtemp_temperature,30.68,2025-11-10T15:40:48.191000Z
sensor.greenpi_arduino_nano_roomtemp_temperature,30.67,2025-11-10T15:44:08.379000Z
sensor.greenpi_arduino_nano_roomtemp_temperature,30.69,2025-11-10T15:45:48.924000Z
sensor.greenpi_arduino_nano_roomtemp_temperature,30.67,2025-11-10T15:47:28.605000Z
sensor.greenpi_arduino_nano_roomtemp_temperature,30.71,2025-11-10T15:49:08.698000Z
sensor.greenpi_arduino_nano_roomtemp_temperature,30.65,2025-11-10T15:50:48.751000Z
sensor.greenpi_arduino_nano_roomtemp_temperature,30.67,2025-11-10T15:52:28.802000Z
sensor.greenpi_arduino_nano_roomtemp_temperature,30.68,2025-11-10T15:54:08.857000Z
sensor.greenpi_arduino_nano_roomtemp_temperature,30.67,2025-11-10T16:00:49.063000Z
sensor.greenpi_arduino_nano_roomtemp_temperature,30.68,2025-11-10T16:02:29.106000Z
sensor.greenpi_arduino_nano_roomtemp_temperature,30.65,2025-11-10T16:04:09.152000Z
sensor.greenpi_arduino_nano_roomtemp_temperature,30.64,2025-11-10T16:05:49.201000Z
sensor.greenpi_arduino_nano_roomtemp_temperature,30.65,2025-11-10T16:07:29.251000Z
sensor.greenpi_arduino_nano_roomtemp_temperature,30.67,2025-11-10T16:10:49.349000Z
sensor.greenpi_arduino_nano_roomtemp_temperature,30.72,2025-11-10T16:12:29.393000Z
sensor.greenpi_arduino_nano_roomtemp_temperature,30.74,2025-11-10T16:14:09.441000Z
sensor.greenpi_arduino_nano_roomtemp_temperature,30.75,2025-11-10T16:17:29.546000Z
sensor.greenpi_arduino_nano_roomtemp_temperature,30.74,2025-11-10T16:19:09.591000Z
sensor.greenpi_arduino_nano_roomtemp_temperature,30.69,2025-11-10T16:20:49.700000Z
sensor.greenpi_arduino_nano_roomtemp_temperature,30.72,2025-11-10T16:24:09.797000Z
sensor.greenpi_arduino_nano_roomtemp_temperature,30.68,2025-11-10T16:27:29.908000Z
sensor.greenpi_arduino_nano_roomtemp_temperature,30.72,2025-11-10T16:29:09.947000Z
sensor.greenpi_arduino_nano_roomtemp_temperature,30.71,2025-11-10T16:30:49.999000Z
sensor.greenpi_arduino_nano_roomtemp_temperature,30.69,2025-11-10T16:32:30.054000Z
sensor.greenpi_arduino_nano_roomtemp_temperature,30.71,2025-11-10T16:34:10.101000Z
sensor.greenpi_arduino_nano_roomtemp_temperature,30.69,2025-11-10T16:35:50.141000Z
sensor.greenpi_arduino_nano_roomtemp_temperature,30.71,2025-11-10T16:37:30.194000Z
sensor.greenpi_arduino_nano_roomtemp_temperature,30.69,2025-11-10T16:39:10.252000Z
sensor.greenpi_arduino_nano_roomtemp_temperature,30.67,2025-11-10T16:40:50.372000Z
sensor.greenpi_arduino_nano_roomtemp_temperature,30.69,2025-11-10T16:42:30.463000Z
sensor.greenpi_arduino_nano_roomtemp_temperature,30.75,2025-11-10T16:44:10.576000Z
sensor.greenpi_arduino_nano_roomtemp_temperature,30.76,2025-11-10T16:47:30.781000Z
sensor.greenpi_arduino_nano_roomtemp_temperature,30.72,2025-11-10T16:49:10.832000Z
sensor.greenpi_arduino_nano_roomtemp_temperature,30.74,2025-11-10T16:50:50.871000Z
sensor.greenpi_arduino_nano_roomtemp_temperature,30.72,2025-11-10T16:54:10.971000Z
sensor.greenpi_arduino_nano_roomtemp_temperature,30.71,2025-11-10T16:55:51.021000Z
sensor.greenpi_arduino_nano_roomtemp_temperature,30.69,2025-11-10T17:00:51.183000Z
sensor.greenpi_arduino_nano_roomtemp_temperature,30.64,2025-11-10T17:02:31.212000Z
sensor.greenpi_arduino_nano_roomtemp_temperature,30.68,2025-11-10T17:04:11.309000Z
sensor.greenpi_arduino_nano_roomtemp_temperature,30.69,2025-11-10T17:05:51.340000Z
sensor.greenpi_arduino_nano_roomtemp_temperature,30.74,2025-11-10T17:09:11.435000Z
sensor.greenpi_arduino_nano_roomtemp_temperature,30.8,2025-11-10T17:10:51.488000Z
sensor.greenpi_arduino_nano_roomtemp_temperature,30.83,2025-11-10T17:12:31.541000Z
sensor.greenpi_arduino_nano_roomtemp_temperature,30.85,2025-11-10T17:15:51.678000Z
sensor.greenpi_arduino_nano_roomtemp_temperature,30.83,2025-11-10T17:22:31.910000Z
sensor.greenpi_arduino_nano_roomtemp_temperature,30.82,2025-11-10T17:24:11.870000Z
sensor.greenpi_arduino_nano_roomtemp_temperature,30.85,2025-11-10T17:25:52.001000Z
sensor.greenpi_arduino_nano_roomtemp_temperature,30.79,2025-11-10T17:27:31.957000Z
sensor.greenpi_arduino_nano_roomtemp_temperature,30.8,2025-11-10T17:29:12.013000Z
sensor.greenpi_arduino_nano_roomtemp_temperature,30.82,2025-11-10T17:30:52.069000Z
sensor.greenpi_arduino_nano_roomtemp_temperature,30.79,2025-11-10T17:32:32.115000Z
sensor.greenpi_arduino_nano_roomtemp_temperature,30.78,2025-11-10T17:35:52.208000Z
sensor.greenpi_arduino_nano_roomtemp_temperature,30.79,2025-11-10T17:42:32.397000Z
sensor.greenpi_arduino_nano_roomtemp_temperature,30.78,2025-11-10T17:44:12.450000Z
sensor.greenpi_arduino_nano_roomtemp_temperature,30.76,2025-11-10T17:45:52.492000Z
sensor.greenpi_arduino_nano_roomtemp_temperature,30.74,2025-11-10T17:47:32.546000Z
sensor.greenpi_arduino_nano_roomtemp_temperature,30.76,2025-11-10T17:49:12.592000Z
sensor.greenpi_arduino_nano_roomtemp_temperature,30.74,2025-11-10T17:50:52.638000Z
sensor.greenpi_arduino_nano_roomtemp_temperature,30.72,2025-11-10T17:55:52.843000Z
sensor.greenpi_arduino_nano_roomtemp_temperature,30.74,2025-11-10T17:57:32.892000Z
sensor.greenpi_arduino_nano_roomtemp_temperature,30.72,2025-11-10T18:00:53.097000Z
sensor.greenpi_arduino_nano_roomtemp_temperature,30.74,2025-11-10T18:02:33.054000Z
sensor.greenpi_arduino_nano_roomtemp_temperature,30.69,2025-11-10T18:05:53.149000Z
sensor.greenpi_arduino_nano_roomtemp_temperature,30.71,2025-11-10T18:07:33.255000Z
sensor.greenpi_arduino_nano_roomtemp_temperature,30.69,2025-11-10T18:09:13.301000Z
sensor.greenpi_arduino_nano_roomtemp_temperature,30.72,2025-11-10T18:12:33.402000Z
sensor.greenpi_arduino_nano_roomtemp_temperature,30.67,2025-11-10T18:14:13.494000Z
sensor.greenpi_arduino_nano_roomtemp_temperature,30.68,2025-11-10T18:15:53.499000Z
sensor.greenpi_arduino_nano_roomtemp_temperature,30.67,2025-11-10T18:19:13.613000Z
sensor.greenpi_arduino_nano_roomtemp_temperature,30.69,2025-11-10T18:22:33.689000Z
sensor.greenpi_arduino_nano_roomtemp_temperature,30.67,2025-11-10T18:24:13.728000Z
sensor.greenpi_arduino_nano_roomtemp_temperature,30.65,2025-11-10T18:25:53.779000Z
sensor.greenpi_arduino_nano_roomtemp_temperature,30.67,2025-11-10T18:27:34.069000Z
sensor.greenpi_arduino_nano_roomtemp_temperature,30.68,2025-11-10T18:29:13.875000Z
sensor.greenpi_arduino_nano_roomtemp_temperature,30.67,2025-11-10T18:30:53.917000Z
sensor.greenpi_arduino_nano_roomtemp_temperature,30.63,2025-11-10T18:34:14.020000Z
sensor.greenpi_arduino_nano_roomtemp_temperature,30.65,2025-11-10T18:37:34.163000Z
sensor.greenpi_arduino_nano_roomtemp_temperature,30.67,2025-11-10T18:39:14.210000Z
sensor.greenpi_arduino_nano_roomtemp_temperature,30.68,2025-11-10T18:42:34.321000Z
sensor.greenpi_arduino_nano_roomtemp_temperature,30.67,2025-11-10T18:44:14.456000Z
sensor.greenpi_arduino_nano_roomtemp_temperature,30.69,2025-11-10T18:45:54.416000Z
sensor.greenpi_arduino_nano_roomtemp_temperature,30.65,2025-11-10T18:47:34.457000Z
sensor.greenpi_arduino_nano_roomtemp_temperature,30.64,2025-11-10T18:49:14.630000Z
sensor.greenpi_arduino_nano_roomtemp_temperature,30.67,2025-11-10T18:50:54.608000Z
sensor.greenpi_arduino_nano_roomtemp_temperature,30.64,2025-11-10T18:52:34.669000Z
sensor.greenpi_arduino_nano_roomtemp_temperature,30.65,2025-11-10T18:57:34.807000Z
sensor.greenpi_arduino_nano_roomtemp_temperature,30.64,2025-11-10T18:59:14.868000Z
sensor.greenpi_arduino_nano_roomtemp_temperature,30.59,2025-11-10T19:00:54.956000Z
sensor.greenpi_arduino_nano_roomtemp_temperature,30.63,2025-11-10T19:02:34.949000Z
sensor.greenpi_arduino_nano_roomtemp_temperature,30.64,2025-11-10T19:04:15.010000Z
sensor.greenpi_arduino_nano_roomtemp_temperature,30.61,2025-11-10T19:05:55.052000Z
sensor.greenpi_arduino_nano_roomtemp_temperature,30.6,2025-11-10T19:07:35.101000Z
sensor.greenpi_arduino_nano_roomtemp_temperature,30.61,2025-11-10T19:10:55.195000Z
sensor.greenpi_arduino_nano_roomtemp_temperature,30.65,2025-11-10T19:15:55.388000Z
sensor.greenpi_arduino_nano_roomtemp_temperature,30.63,2025-11-10T19:17:35.431000Z
sensor.greenpi_arduino_nano_roomtemp_temperature,30.65,2025-11-10T19:19:15.478000Z
sensor.greenpi_arduino_nano_roomtemp_temperature,30.61,2025-11-10T19:20:55.538000Z
sensor.greenpi_arduino_nano_roomtemp_temperature,30.6,2025-11-10T19:24:15.639000Z
sensor.greenpi_arduino_nano_roomtemp_temperature,30.63,2025-11-10T19:30:55.826000Z
sensor.greenpi_arduino_nano_roomtemp_temperature,30.64,2025-11-10T19:34:15.971000Z
sensor.greenpi_arduino_nano_roomtemp_temperature,30.63,2025-11-10T19:35:55.963000Z
sensor.greenpi_arduino_nano_roomtemp_temperature,30.6,2025-11-10T19:37:36.029000Z
sensor.greenpi_arduino_nano_roomtemp_temperature,30.61,2025-11-10T19:39:16.064000Z
sensor.greenpi_arduino_nano_roomtemp_temperature,30.6,2025-11-10T19:40:56.113000Z
sensor.greenpi_arduino_nano_roomtemp_temperature,30.61,2025-11-10T19:42:36.216000Z
sensor.greenpi_arduino_nano_roomtemp_temperature,30.59,2025-11-10T19:44:16.270000Z
sensor.greenpi_arduino_nano_roomtemp_temperature,30.61,2025-11-10T19:45:56.321000Z
sensor.greenpi_arduino_nano_roomtemp_temperature,30.63,2025-11-10T19:47:36.372000Z
sensor.greenpi_arduino_nano_roomtemp_temperature,30.6,2025-11-10T19:49:16.481000Z
sensor.greenpi_arduino_nano_roomtemp_temperature,30.64,2025-11-10T19:50:56.458000Z
sensor.greenpi_arduino_nano_roomtemp_temperature,30.65,2025-11-10T19:52:36.513000Z
sensor.greenpi_arduino_nano_roomtemp_temperature,30.63,2025-11-10T19:54:16.565000Z
sensor.greenpi_arduino_nano_roomtemp_temperature,30.57,2025-11-10T19:55:56.612000Z
sensor.greenpi_arduino_nano_roomtemp_temperature,30.61,2025-11-10T19:57:36.657000Z
sensor.greenpi_arduino_nano_roomtemp_temperature,30.63,2025-11-10T19:59:16.707000Z
sensor.greenpi_arduino_nano_roomtemp_temperature,30.61,2025-11-10T20:00:56.751000Z
sensor.greenpi_arduino_nano_roomtemp_temperature,30.63,2025-11-10T20:02:36.797000Z
sensor.greenpi_arduino_nano_roomtemp_temperature,30.6,2025-11-10T20:04:16.832000Z
sensor.greenpi_arduino_nano_roomtemp_temperature,30.63,2025-11-10T20:05:56.902000Z
sensor.greenpi_arduino_nano_roomtemp_temperature,30.61,2025-11-10T20:07:36.972000Z
sensor.greenpi_arduino_nano_roomtemp_temperature,30.6,2025-11-10T20:09:16.972000Z
sensor.greenpi_arduino_nano_roomtemp_temperature,30.64,2025-11-10T20:10:57.023000Z
sensor.greenpi_arduino_nano_roomtemp_temperature,30.67,2025-11-10T20:12:37.078000Z
sensor.greenpi_arduino_nano_roomtemp_temperature,30.65,2025-11-10T20:14:17.120000Z
sensor.greenpi_arduino_nano_roomtemp_temperature,30.63,2025-11-10T20:15:57.163000Z
sensor.greenpi_arduino_nano_roomtemp_temperature,30.69,2025-11-10T20:17:37.217000Z
sensor.greenpi_arduino_nano_roomtemp_temperature,30.64,2025-11-10T20:19:17.328000Z
sensor.greenpi_arduino_nano_roomtemp_temperature,30.63,2025-11-10T20:20:57.311000Z
sensor.greenpi_arduino_nano_roomtemp_temperature,30.6,2025-11-10T20:22:37.354000Z
sensor.greenpi_arduino_nano_roomtemp_temperature,30.63,2025-11-10T20:24:17.422000Z
sensor.greenpi_arduino_nano_roomtemp_temperature,30.61,2025-11-10T20:25:57.542000Z
sensor.greenpi_arduino_nano_roomtemp_temperature,30.6,2025-11-10T20:27:37.514000Z
sensor.greenpi_arduino_nano_roomtemp_temperature,30.61,2025-11-10T20:29:17.559000Z
sensor.greenpi_arduino_nano_roomtemp_temperature,30.6,2025-11-10T20:30:57.602000Z
sensor.greenpi_arduino_nano_roomtemp_temperature,30.63,2025-11-10T20:32:37.644000Z
sensor.greenpi_arduino_nano_roomtemp_temperature,30.6,2025-11-10T20:34:17.704000Z
sensor.greenpi_arduino_nano_roomtemp_temperature,30.65,2025-11-10T20:35:57.756000Z
sensor.greenpi_arduino_nano_roomtemp_temperature,30.63,2025-11-10T20:37:37.807000Z
sensor.greenpi_arduino_nano_roomtemp_temperature,30.65,2025-11-10T20:39:17.937000Z
sensor.greenpi_arduino_nano_roomtemp_temperature,30.63,2025-11-10T20:45:58.147000Z
sensor.greenpi_arduino_nano_roomtemp_temperature,30.67,2025-11-10T20:47:38.205000Z
sensor.greenpi_arduino_nano_roomtemp_temperature,30.65,2025-11-10T20:50:58.301000Z
sensor.greenpi_arduino_nano_roomtemp_temperature,30.67,2025-11-10T20:52:38.338000Z
sensor.greenpi_arduino_nano_roomtemp_temperature,30.68,2025-11-10T20:54:18.387000Z
sensor.greenpi_arduino_nano_roomtemp_temperature,30.67,2025-11-10T20:55:58.433000Z
sensor.greenpi_arduino_nano_roomtemp_temperature,30.69,2025-11-10T20:57:38.499000Z
sensor.greenpi_arduino_nano_roomtemp_temperature,30.68,2025-11-10T20:59:18.534000Z
sensor.greenpi_arduino_nano_roomtemp_temperature,30.69,2025-11-10T21:04:18.666000Z
sensor.greenpi_arduino_nano_roomtemp_temperature,30.72,2025-11-10T21:05:58.782000Z
sensor.greenpi_arduino_nano_roomtemp_temperature,30.69,2025-11-10T21:07:38.832000Z
sensor.greenpi_arduino_nano_roomtemp_temperature,30.74,2025-11-10T21:09:18.888000Z
sensor.greenpi_arduino_nano_roomtemp_temperature,30.76,2025-11-10T21:10:58.942000Z
sensor.greenpi_arduino_nano_roomtemp_temperature,30.72,2025-11-10T21:12:38.999000Z
sensor.greenpi_arduino_nano_roomtemp_temperature,30.71,2025-11-10T21:15:59.099000Z
sensor.greenpi_arduino_nano_roomtemp_temperature,30.72,2025-11-10T21:17:39.150000Z
sensor.greenpi_arduino_nano_roomtemp_temperature,30.68,2025-11-10T21:19:19.311000Z
sensor.greenpi_arduino_nano_roomtemp_temperature,30.71,2025-11-10T21:20:59.311000Z
sensor.greenpi_arduino_nano_roomtemp_temperature,30.72,2025-11-10T21:22:39.354000Z
sensor.greenpi_arduino_nano_roomtemp_temperature,30.71,2025-11-10T21:24:19.406000Z
sensor.greenpi_arduino_nano_roomtemp_temperature,30.72,2025-11-10T21:25:59.457000Z
sensor.greenpi_arduino_nano_roomtemp_temperature,30.76,2025-11-10T21:29:19.571000Z
sensor.greenpi_arduino_nano_roomtemp_temperature,30.69,2025-11-10T21:30:59.617000Z
sensor.greenpi_arduino_nano_roomtemp_temperature,30.72,2025-11-10T21:32:39.751000Z
sensor.greenpi_arduino_nano_roomtemp_temperature,30.78,2025-11-10T21:35:59.840000Z
sensor.greenpi_arduino_nano_roomtemp_temperature,30.75,2025-11-10T21:39:19.930000Z
sensor.greenpi_arduino_nano_roomtemp_temperature,30.79,2025-11-10T21:40:59.990000Z
sensor.greenpi_arduino_nano_roomtemp_temperature,30.75,2025-11-10T21:44:20.087000Z
sensor.greenpi_arduino_nano_roomtemp_temperature,30.76,2025-11-10T21:49:20.239000Z
sensor.greenpi_arduino_nano_roomtemp_temperature,30.79,2025-11-10T21:51:00.422000Z
sensor.greenpi_arduino_nano_roomtemp_temperature,30.78,2025-11-10T21:52:40.416000Z
sensor.greenpi_arduino_nano_roomtemp_temperature,30.83,2025-11-10T21:57:40.539000Z
sensor.greenpi_arduino_nano_roomtemp_temperature,30.79,2025-11-10T21:59:20.587000Z
sensor.greenpi_arduino_nano_roomtemp_temperature,30.82,2025-11-10T22:02:40.678000Z
sensor.greenpi_arduino_nano_roomtemp_temperature,30.8,2025-11-10T22:04:20.725000Z
sensor.greenpi_arduino_nano_roomtemp_temperature,30.78,2025-11-10T22:06:00.780000Z
sensor.greenpi_arduino_nano_roomtemp_temperature,30.76,2025-11-10T22:09:20.870000Z
sensor.greenpi_arduino_nano_roomtemp_temperature,30.79,2025-11-10T22:11:01.002000Z
sensor.greenpi_arduino_nano_roomtemp_temperature,30.8,2025-11-10T22:14:21.017000Z
sensor.greenpi_arduino_nano_roomtemp_temperature,30.79,2025-11-10T22:16:01.064000Z
sensor.greenpi_arduino_nano_roomtemp_temperature,30.82,2025-11-10T22:17:41.541000Z
sensor.greenpi_arduino_nano_roomtemp_temperature,30.8,2025-11-10T22:19:21.156000Z
sensor.greenpi_arduino_nano_roomtemp_temperature,30.82,2025-11-10T22:21:01.389000Z
sensor.greenpi_arduino_nano_roomtemp_temperature,30.8,2025-11-10T22:22:41.358000Z
sensor.greenpi_arduino_nano_roomtemp_temperature,30.79,2025-11-10T22:24:21.314000Z
sensor.greenpi_arduino_nano_roomtemp_temperature,30.87,2025-11-10T22:26:01.363000Z
sensor.greenpi_arduino_nano_roomtemp_temperature,30.86,2025-11-10T22:27:41.413000Z
sensor.greenpi_arduino_nano_roomtemp_temperature,30.82,2025-11-10T22:29:21.460000Z
sensor.greenpi_arduino_nano_roomtemp_temperature,30.8,2025-11-10T22:31:01.597000Z
sensor.greenpi_arduino_nano_roomtemp_temperature,30.83,2025-11-10T22:32:41.616000Z
sensor.greenpi_arduino_nano_roomtemp_temperature,30.87,2025-11-10T22:34:21.655000Z
sensor.greenpi_arduino_nano_roomtemp_temperature,30.85,2025-11-10T22:36:01.701000Z
sensor.greenpi_arduino_nano_roomtemp_temperature,30.89,2025-11-10T22:37:41.749000Z
sensor.greenpi_arduino_nano_roomtemp_temperature,30.87,2025-11-10T22:39:21.822000Z
sensor.greenpi_arduino_nano_roomtemp_temperature,30.89,2025-11-10T22:41:01.909000Z
sensor.greenpi_arduino_nano_roomtemp_temperature,30.86,2025-11-10T22:42:41.906000Z
sensor.greenpi_arduino_nano_roomtemp_temperature,30.87,2025-11-10T22:46:01.994000Z
sensor.greenpi_arduino_nano_roomtemp_temperature,30.86,2025-11-10T22:47:42.043000Z
sensor.greenpi_arduino_nano_roomtemp_temperature,30.9,2025-11-10T22:49:22.132000Z
sensor.greenpi_arduino_nano_roomtemp_temperature,30.87,2025-11-10T22:52:42.233000Z
sensor.greenpi_arduino_nano_roomtemp_temperature,30.89,2025-11-10T22:54:22.281000Z
sensor.greenpi_arduino_nano_roomtemp_temperature,30.87,2025-11-10T22:56:02.354000Z
sensor.greenpi_arduino_nano_roomtemp_temperature,30.89,2025-11-10T22:57:42.440000Z
sensor.greenpi_arduino_nano_roomtemp_temperature,30.9,2025-11-10T23:01:02.476000Z
sensor.greenpi_arduino_nano_roomtemp_temperature,30.94,2025-11-10T23:02:42.513000Z
sensor.greenpi_arduino_nano_roomtemp_temperature,30.93,2025-11-10T23:06:02.615000Z
sensor.greenpi_arduino_nano_roomtemp_temperature,30.97,2025-11-10T23:07:42.658000Z
sensor.greenpi_arduino_nano_roomtemp_temperature,30.95,2025-11-10T23:09:22.710000Z
sensor.greenpi_arduino_nano_roomtemp_temperature,30.9,2025-11-10T23:11:02.760000Z
sensor.greenpi_arduino_nano_roomtemp_temperature,30.93,2025-11-10T23:16:02.896000Z
sensor.greenpi_arduino_nano_roomtemp_temperature,30.94,2025-11-10T23:19:22.990000Z
sensor.greenpi_arduino_nano_roomtemp_temperature,30.95,2025-11-10T23:21:03.035000Z
sensor.greenpi_arduino_nano_roomtemp_temperature,30.94,2025-11-10T23:22:43.086000Z
sensor.greenpi_arduino_nano_roomtemp_temperature,30.89,2025-11-10T23:24:23.130000Z
sensor.greenpi_arduino_nano_roomtemp_temperature,30.93,2025-11-10T23:26:03.177000Z
sensor.greenpi_arduino_nano_roomtemp_temperature,30.91,2025-11-10T23:27:43.324000Z
sensor.greenpi_arduino_nano_roomtemp_temperature,30.95,2025-11-10T23:29:23.770000Z
sensor.greenpi_arduino_nano_roomtemp_temperature,30.94,2025-11-10T23:31:03.361000Z
sensor.greenpi_arduino_nano_roomtemp_temperature,30.97,2025-11-10T23:32:43.378000Z
sensor.greenpi_arduino_nano_roomtemp_temperature,30.95,2025-11-10T23:34:23.448000Z
sensor.greenpi_arduino_nano_roomtemp_temperature,30.98,2025-11-10T23:36:03.556000Z
sensor.greenpi_arduino_nano_roomtemp_temperature,31.01,2025-11-10T23:37:43.527000Z
sensor.greenpi_arduino_nano_roomtemp_temperature,31.02,2025-11-10T23:39:23.579000Z
sensor.greenpi_arduino_nano_roomtemp_temperature,31.0,2025-11-10T23:41:03.626000Z
sensor.greenpi_arduino_nano_roomtemp_temperature,30.98,2025-11-10T23:42:43.670000Z
sensor.greenpi_arduino_nano_roomtemp_temperature,30.97,2025-11-10T23:44:23.710000Z
sensor.greenpi_arduino_nano_roomtemp_temperature,31.0,2025-11-10T23:46:03.757000Z
sensor.greenpi_arduino_nano_roomtemp_temperature,30.98,2025-11-10T23:49:23.847000Z
sensor.greenpi_arduino_nano_roomtemp_temperature,31.01,2025-11-10T23:51:03.886000Z
sensor.greenpi_arduino_nano_roomtemp_temperature,31.0,2025-11-10T23:52:43.931000Z
sensor.greenpi_arduino_nano_roomtemp_temperature,31.02,2025-11-10T23:54:24.070000Z
sensor.greenpi_arduino_nano_roomtemp_temperature,31.01,2025-11-10T23:59:24.126000Z
sensor.greenpi_arduino_nano_roomtemp_temperature,30.97,2025-11-11T00:04:24.260000Z
sensor.greenpi_arduino_nano_roomtemp_temperature,31.0,2025-11-11T00:06:04.312000Z
sensor.greenpi_arduino_nano_roomtemp_temperature,31.06,2025-11-11T00:07:44.408000Z
sensor.greenpi_arduino_nano_roomtemp_temperature,31.09,2025-11-11T00:09:24.505000Z
sensor.greenpi_arduino_nano_roomtemp_temperature,31.06,2025-11-11T00:11:04.528000Z
sensor.greenpi_arduino_nano_roomtemp_temperature,31.05,2025-11-11T00:12:44.543000Z
sensor.greenpi_arduino_nano_roomtemp_temperature,31.04,2025-11-11T00:14:24.585000Z
sensor.greenpi_arduino_nano_roomtemp_temperature,31.02,2025-11-11T00:19:24.771000Z
sensor.greenpi_arduino_nano_roomtemp_temperature,31.05,2025-11-11T00:21:04.811000Z
sensor.greenpi_arduino_nano_roomtemp_temperature,31.02,2025-11-11T00:22:44.861000Z
sensor.greenpi_arduino_nano_roomtemp_temperature,31.08,2025-11-11T00:24:24.907000Z
sensor.greenpi_arduino_nano_roomtemp_temperature,31.06,2025-11-11T00:26:04.957000Z
sensor.greenpi_arduino_nano_roomtemp_temperature,31.05,2025-11-11T00:27:45.012000Z
sensor.greenpi_arduino_nano_roomtemp_temperature,31.08,2025-11-11T00:29:25.138000Z
sensor.greenpi_arduino_nano_roomtemp_temperature,31.06,2025-11-11T00:31:05.104000Z
sensor.greenpi_arduino_nano_roomtemp_temperature,31.08,2025-11-11T00:34:25.217000Z
sensor.greenpi_arduino_nano_roomtemp_temperature,31.06,2025-11-11T00:36:05.264000Z
sensor.greenpi_arduino_nano_roomtemp_temperature,31.04,2025-11-11T00:37:45.309000Z
sensor.greenpi_arduino_nano_roomtemp_temperature,31.05,2025-11-11T00:39:25.366000Z
sensor.greenpi_arduino_nano_roomtemp_temperature,31.06,2025-11-11T00:41:05.473000Z
sensor.greenpi_arduino_nano_roomtemp_temperature,31.04,2025-11-11T00:42:45.528000Z
sensor.greenpi_arduino_nano_roomtemp_temperature,31.08,2025-11-11T00:44:25.578000Z
sensor.greenpi_arduino_nano_roomtemp_temperature,31.06,2025-11-11T00:46:05.670000Z
sensor.greenpi_arduino_nano_roomtemp_temperature,31.09,2025-11-11T00:47:45.758000Z
sensor.greenpi_arduino_nano_roomtemp_temperature,31.12,2025-11-11T00:49:27.666000Z
sensor.greenpi_arduino_nano_roomtemp_temperature,31.08,2025-11-11T00:51:05.939000Z
sensor.greenpi_arduino_nano_roomtemp_temperature,31.12,2025-11-11T00:52:46.040000Z
sensor.greenpi_arduino_nano_roomtemp_temperature,31.08,2025-11-11T00:54:26.097000Z
sensor.greenpi_arduino_nano_roomtemp_temperature,31.06,2025-11-11T00:59:26.433000Z
sensor.greenpi_arduino_nano_roomtemp_temperature,30.65,2025-11-11T01:01:06.403000Z
sensor.greenpi_arduino_nano_roomtemp_temperature,29.93,2025-11-11T01:02:46.488000Z
sensor.greenpi_arduino_nano_roomtemp_temperature,29.33,2025-11-11T01:04:26.572000Z
sensor.greenpi_arduino_nano_roomtemp_temperature,28.88,2025-11-11T01:06:06.719000Z
sensor.greenpi_arduino_nano_roomtemp_temperature,28.54,2025-11-11T01:07:46.733000Z
sensor.greenpi_arduino_nano_roomtemp_temperature,28.28,2025-11-11T01:09:26.841000Z
sensor.greenpi_arduino_nano_roomtemp_temperature,28.06,2025-11-11T01:11:06.941000Z
sensor.greenpi_arduino_nano_roomtemp_temperature,27.87,2025-11-11T01:12:47.044000Z
sensor.greenpi_arduino_nano_roomtemp_temperature,27.72,2025-11-11T01:14:27.147000Z
sensor.greenpi_arduino_nano_roomtemp_temperature,27.57,2025-11-11T01:16:07.243000Z
sensor.greenpi_arduino_nano_roomtemp_temperature,27.45,2025-11-11T01:17:47.339000Z
sensor.greenpi_arduino_nano_roomtemp_temperature,27.31,2025-11-11T01:19:27.443000Z
sensor.greenpi_arduino_nano_roomtemp_temperature,27.2,2025-11-11T01:21:07.607000Z
sensor.greenpi_arduino_nano_roomtemp_temperature,27.1,2025-11-11T01:22:47.633000Z
sensor.greenpi_arduino_nano_roomtemp_temperature,27.01,2025-11-11T01:24:27.730000Z
sensor.greenpi_arduino_nano_roomtemp_temperature,26.91,2025-11-11T01:26:07.821000Z
sensor.greenpi_arduino_nano_roomtemp_temperature,26.81,2025-11-11T01:27:47.908000Z
sensor.greenpi_arduino_nano_roomtemp_temperature,26.74,2025-11-11T01:29:28.000000Z
sensor.greenpi_arduino_nano_roomtemp_temperature,26.69,2025-11-11T01:31:08.094000Z
sensor.greenpi_arduino_nano_roomtemp_temperature,26.6,2025-11-11T01:32:48.187000Z
sensor.greenpi_arduino_nano_roomtemp_temperature,26.52,2025-11-11T01:34:28.278000Z
sensor.greenpi_arduino_nano_roomtemp_temperature,26.45,2025-11-11T01:36:08.373000Z
sensor.greenpi_arduino_nano_roomtemp_temperature,26.4,2025-11-11T01:37:48.467000Z
sensor.greenpi_arduino_nano_roomtemp_temperature,26.37,2025-11-11T01:39:28.558000Z
sensor.greenpi_arduino_nano_roomtemp_temperature,26.32,2025-11-11T01:41:08.669000Z
sensor.greenpi_arduino_nano_roomtemp_temperature,26.25,2025-11-11T01:42:48.761000Z
sensor.greenpi_arduino_nano_roomtemp_temperature,26.22,2025-11-11T01:44:28.851000Z
sensor.greenpi_arduino_nano_roomtemp_temperature,26.17,2025-11-11T01:46:08.943000Z
sensor.greenpi_arduino_nano_roomtemp_temperature,26.11,2025-11-11T01:47:49.054000Z
sensor.greenpi_arduino_nano_roomtemp_temperature,26.06,2025-11-11T01:49:29.110000Z
sensor.greenpi_arduino_nano_roomtemp_temperature,26.03,2025-11-11T01:51:09.213000Z
sensor.greenpi_arduino_nano_roomtemp_temperature,25.97,2025-11-11T01:52:49.393000Z
sensor.greenpi_arduino_nano_roomtemp_temperature,25.93,2025-11-11T01:54:29.400000Z
sensor.greenpi_arduino_nano_roomtemp_temperature,25.88,2025-11-11T01:56:09.481000Z
sensor.greenpi_arduino_nano_roomtemp_temperature,25.84,2025-11-11T01:57:49.615000Z
sensor.greenpi_arduino_nano_roomtemp_temperature,25.81,2025-11-11T01:59:29.659000Z
sensor.greenpi_arduino_nano_roomtemp_temperature,25.78,2025-11-11T02:01:09.758000Z
sensor.greenpi_arduino_nano_roomtemp_temperature,25.74,2025-11-11T02:02:49.843000Z
sensor.greenpi_arduino_nano_roomtemp_temperature,25.71,2025-11-11T02:04:29.980000Z
sensor.greenpi_arduino_nano_roomtemp_temperature,25.67,2025-11-11T02:06:10.026000Z
sensor.greenpi_arduino_nano_roomtemp_temperature,25.66,2025-11-11T02:07:50.102000Z
sensor.greenpi_arduino_nano_roomtemp_temperature,25.63,2025-11-11T02:09:30.225000Z
sensor.greenpi_arduino_nano_roomtemp_temperature,25.59,2025-11-11T02:11:10.284000Z
sensor.greenpi_arduino_nano_roomtemp_temperature,25.57,2025-11-11T02:12:50.368000Z
sensor.greenpi_arduino_nano_roomtemp_temperature,25.54,2025-11-11T02:14:30.464000Z
sensor.greenpi_arduino_nano_roomtemp_temperature,25.53,2025-11-11T02:16:10.553000Z
sensor.greenpi_arduino_nano_roomtemp_temperature,25.5,2025-11-11T02:17:50.652000Z
sensor.greenpi_arduino_nano_roomtemp_temperature,25.47,2025-11-11T02:19:30.780000Z
sensor.greenpi_arduino_nano_roomtemp_temperature,25.44,2025-11-11T02:21:10.832000Z
sensor.greenpi_arduino_nano_roomtemp_temperature,25.42,2025-11-11T02:22:50.925000Z
sensor.greenpi_arduino_nano_roomtemp_temperature,25.4,2025-11-11T02:24:31.018000Z
sensor.greenpi_arduino_nano_roomtemp_temperature,25.39,2025-11-11T02:26:11.115000Z
sensor.greenpi_arduino_nano_roomtemp_temperature,25.36,2025-11-11T02:27:51.212000Z
sensor.greenpi_arduino_nano_roomtemp_temperature,25.33,2025-11-11T02:29:31.296000Z
sensor.greenpi_arduino_nano_roomtemp_temperature,25.31,2025-11-11T02:32:51.473000Z
sensor.greenpi_arduino_nano_roomtemp_temperature,25.28,2025-11-11T02:34:31.572000Z
sensor.greenpi_arduino_nano_roomtemp_temperature,25.27,2025-11-11T02:36:11.685000Z
sensor.greenpi_arduino_nano_roomtemp_temperature,25.25,2025-11-11T02:37:51.771000Z
sensor.greenpi_arduino_nano_roomtemp_temperature,25.21,2025-11-11T02:39:31.876000Z
sensor.greenpi_arduino_nano_roomtemp_temperature,25.2,2025-11-11T02:42:52.075000Z
sensor.greenpi_arduino_nano_roomtemp_temperature,25.18,2025-11-11T02:44:32.163000Z
sensor.greenpi_arduino_nano_roomtemp_temperature,25.16,2025-11-11T02:46:12.257000Z
sensor.greenpi_arduino_nano_roomtemp_temperature,25.13,2025-11-11T02:47:52.353000Z
sensor.greenpi_arduino_nano_roomtemp_temperature,25.1,2025-11-11T02:49:32.451000Z
sensor.greenpi_arduino_nano_roomtemp_temperature,25.07,2025-11-11T02:52:52.616000Z
sensor.greenpi_arduino_nano_roomtemp_temperature,25.06,2025-11-11T02:54:32.701000Z
sensor.greenpi_arduino_nano_roomtemp_temperature,25.03,2025-11-11T02:57:52.885000Z
sensor.greenpi_arduino_nano_roomtemp_temperature,25.02,2025-11-11T02:59:32.981000Z
sensor.greenpi_arduino_nano_roomtemp_temperature,25.01,2025-11-11T03:01:13.148000Z
sensor.greenpi_arduino_nano_roomtemp_temperature,24.99,2025-11-11T03:02:53.165000Z
sensor.greenpi_arduino_nano_roomtemp_temperature,24.96,2025-11-11T03:04:33.245000Z
sensor.greenpi_arduino_nano_roomtemp_temperature,24.94,2025-11-11T03:06:13.345000Z
sensor.greenpi_arduino_nano_roomtemp_temperature,24.92,2025-11-11T03:07:53.435000Z
sensor.greenpi_arduino_nano_roomtemp_temperature,24.91,2025-11-11T03:09:33.518000Z
sensor.greenpi_arduino_nano_roomtemp_temperature,24.92,2025-11-11T03:11:13.610000Z
sensor.greenpi_arduino_nano_roomtemp_temperature,24.88,2025-11-11T03:12:53.702000Z
sensor.greenpi_arduino_nano_roomtemp_temperature,24.9,2025-11-11T03:14:33.808000Z
sensor.greenpi_arduino_nano_roomtemp_temperature,24.86,2025-11-11T03:16:13.881000Z
sensor.greenpi_arduino_nano_roomtemp_temperature,24.84,2025-11-11T03:19:34.076000Z
sensor.greenpi_arduino_nano_roomtemp_temperature,24.83,2025-11-11T03:21:14.175000Z
sensor.greenpi_arduino_nano_roomtemp_temperature,24.8,2025-11-11T03:22:54.274000Z
sensor.greenpi_arduino_nano_roomtemp_temperature,24.79,2025-11-11T03:26:14.458000Z
sensor.greenpi_arduino_nano_roomtemp_temperature,24.77,2025-11-11T03:27:54.568000Z
sensor.greenpi_arduino_nano_roomtemp_temperature,24.75,2025-11-11T03:29:34.661000Z
sensor.greenpi_arduino_nano_roomtemp_temperature,24.74,2025-11-11T03:31:14.751000Z
sensor.greenpi_arduino_nano_roomtemp_temperature,24.71,2025-11-11T03:34:34.950000Z
sensor.greenpi_arduino_nano_roomtemp_temperature,24.69,2025-11-11T03:36:15.048000Z
sensor.greenpi_arduino_nano_roomtemp_temperature,24.68,2025-11-11T03:39:35.220000Z
sensor.greenpi_arduino_nano_roomtemp_temperature,24.67,2025-11-11T03:42:55.401000Z
sensor.greenpi_arduino_nano_roomtemp_temperature,24.65,2025-11-11T03:44:35.481000Z
sensor.greenpi_arduino_nano_roomtemp_temperature,24.63,2025-11-11T03:46:15.570000Z
sensor.greenpi_arduino_nano_roomtemp_temperature,24.65,2025-11-11T03:47:55.657000Z
sensor.greenpi_arduino_nano_roomtemp_temperature,24.63,2025-11-11T03:49:35.746000Z
sensor.greenpi_arduino_nano_roomtemp_temperature,24.61,2025-11-11T03:51:15.848000Z
sensor.greenpi_arduino_nano_roomtemp_temperature,24.6,2025-11-11T03:52:55.936000Z
sensor.greenpi_arduino_nano_roomtemp_temperature,24.61,2025-11-11T03:54:36.017000Z
sensor.greenpi_arduino_nano_roomtemp_temperature,24.6,2025-11-11T03:56:16.112000Z
sensor.greenpi_arduino_nano_roomtemp_temperature,24.59,2025-11-11T03:57:56.232000Z
sensor.greenpi_arduino_nano_roomtemp_temperature,24.57,2025-11-11T03:59:36.329000Z
sensor.greenpi_arduino_nano_roomtemp_temperature,24.56,2025-11-11T04:01:16.449000Z
sensor.greenpi_arduino_nano_roomtemp_temperature,24.53,2025-11-11T04:04:36.688000Z
sensor.greenpi_arduino_nano_roomtemp_temperature,24.54,2025-11-11T04:06:16.721000Z
sensor.greenpi_arduino_nano_roomtemp_temperature,24.53,2025-11-11T04:07:56.825000Z
sensor.greenpi_arduino_nano_roomtemp_temperature,24.52,2025-11-11T04:09:36.908000Z
sensor.greenpi_arduino_nano_roomtemp_temperature,24.49,2025-11-11T04:12:57.091000Z
sensor.greenpi_arduino_nano_roomtemp_temperature,24.48,2025-11-11T04:14:37.162000Z
sensor.greenpi_arduino_nano_roomtemp_temperature,24.49,2025-11-11T04:16:17.264000Z
sensor.greenpi_arduino_nano_roomtemp_temperature,24.48,2025-11-11T04:17:57.341000Z
sensor.greenpi_arduino_nano_roomtemp_temperature,24.45,2025-11-11T04:24:37.705000Z
sensor.greenpi_arduino_nano_roomtemp_temperature,24.46,2025-11-11T04:26:17.792000Z
sensor.greenpi_arduino_nano_roomtemp_temperature,24.43,2025-11-11T04:29:37.960000Z
sensor.greenpi_arduino_nano_roomtemp_temperature,24.41,2025-11-11T04:34:38.224000Z
sensor.greenpi_arduino_nano_roomtemp_temperature,24.39,2025-11-11T04:39:38.512000Z
sensor.greenpi_arduino_nano_roomtemp_temperature,24.38,2025-11-11T04:44:38.771000Z
sensor.greenpi_arduino_nano_roomtemp_temperature,24.37,2025-11-11T04:46:18.880000Z
sensor.greenpi_arduino_nano_roomtemp_temperature,24.35,2025-11-11T04:47:58.975000Z
sensor.greenpi_arduino_nano_roomtemp_temperature,24.34,2025-11-11T04:49:39.064000Z
sensor.greenpi_arduino_nano_roomtemp_temperature,24.32,2025-11-11T04:52:59.244000Z
sensor.greenpi_arduino_nano_roomtemp_temperature,24.31,2025-11-11T04:54:39.327000Z
sensor.greenpi_arduino_nano_roomtemp_temperature,24.3,2025-11-11T04:57:59.505000Z
sensor.greenpi_arduino_nano_roomtemp_temperature,24.27,2025-11-11T04:59:39.591000Z
sensor.greenpi_arduino_nano_roomtemp_temperature,24.28,2025-11-11T05:01:19.694000Z
sensor.greenpi_arduino_nano_roomtemp_temperature,24.27,2025-11-11T05:02:59.784000Z
sensor.greenpi_arduino_nano_roomtemp_temperature,24.26,2025-11-11T05:08:00.046000Z
sensor.greenpi_arduino_nano_roomtemp_temperature,24.24,2025-11-11T05:09:40.227000Z
sensor.greenpi_arduino_nano_roomtemp_temperature,24.23,2025-11-11T05:14:40.395000Z
sensor.greenpi_arduino_nano_roomtemp_temperature,24.22,2025-11-11T05:16:20.527000Z
sensor.greenpi_arduino_nano_roomtemp_temperature,24.23,2025-11-11T05:18:00.715000Z
sensor.greenpi_arduino_nano_roomtemp_temperature,24.19,2025-11-11T05:19:40.713000Z
sensor.greenpi_arduino_nano_roomtemp_temperature,24.2,2025-11-11T05:21:20.906000Z
sensor.greenpi_arduino_nano_roomtemp_temperature,24.16,2025-11-11T05:23:00.902000Z
sensor.greenpi_arduino_nano_roomtemp_temperature,24.19,2025-11-11T05:24:41.004000Z
sensor.greenpi_arduino_nano_roomtemp_temperature,24.16,2025-11-11T05:26:21.102000Z
sensor.greenpi_arduino_nano_roomtemp_temperature,24.12,2025-11-11T05:33:01.514000Z
sensor.greenpi_arduino_nano_roomtemp_temperature,24.14,2025-11-11T05:34:41.609000Z
sensor.greenpi_arduino_nano_roomtemp_temperature,24.12,2025-11-11T05:38:01.801000Z
sensor.greenpi_arduino_nano_roomtemp_temperature,24.11,2025-11-11T05:41:21.989000Z
sensor.greenpi_arduino_nano_roomtemp_temperature,24.1,2025-11-11T05:43:02.119000Z
sensor.greenpi_arduino_nano_roomtemp_temperature,24.08,2025-11-11T05:46:22.228000Z
sensor.greenpi_arduino_nano_roomtemp_temperature,24.07,2025-11-11T05:49:42.451000Z
sensor.greenpi_arduino_nano_roomtemp_temperature,24.05,2025-11-11T05:58:02.847000Z
sensor.greenpi_arduino_nano_roomtemp_temperature,24.04,2025-11-11T06:04:43.105000Z
sensor.greenpi_arduino_nano_roomtemp_temperature,24.03,2025-11-11T06:06:23.192000Z
sensor.greenpi_arduino_nano_roomtemp_temperature,24.04,2025-11-11T06:08:03.243000Z
sensor.greenpi_arduino_nano_roomtemp_temperature,24.03,2025-11-11T06:13:03.481000Z
sensor.greenpi_arduino_nano_roomtemp_temperature,24.0,2025-11-11T06:14:43.578000Z
sensor.greenpi_arduino_nano_roomtemp_temperature,24.01,2025-11-11T06:16:23.668000Z
sensor.greenpi_arduino_nano_roomtemp_temperature,24.0,2025-11-11T06:18:03.723000Z
sensor.greenpi_arduino_nano_roomtemp_temperature,23.99,2025-11-11T06:23:03.969000Z
sensor.greenpi_arduino_nano_roomtemp_temperature,23.97,2025-11-11T06:26:24.141000Z
sensor.greenpi_arduino_nano_roomtemp_temperature,23.99,2025-11-11T06:28:04.193000Z
sensor.greenpi_arduino_nano_roomtemp_temperature,23.97,2025-11-11T06:29:44.284000Z
sensor.greenpi_arduino_nano_roomtemp_temperature,23.96,2025-11-11T06:33:04.447000Z
sensor.greenpi_arduino_nano_roomtemp_temperature,23.97,2025-11-11T06:34:44.607000Z
sensor.greenpi_arduino_nano_roomtemp_temperature,23.96,2025-11-11T06:36:24.622000Z
sensor.greenpi_arduino_nano_roomtemp_temperature,23.95,2025-11-11T06:39:44.762000Z
sensor.greenpi_arduino_nano_roomtemp_temperature,23.93,2025-11-11T06:43:04.963000Z
sensor.greenpi_arduino_nano_roomtemp_temperature,23.92,2025-11-11T06:44:45.011000Z
sensor.greenpi_arduino_nano_roomtemp_temperature,23.9,2025-11-11T06:51:25.324000Z
sensor.greenpi_arduino_nano_roomtemp_temperature,23.89,2025-11-11T06:53:05.375000Z
sensor.greenpi_arduino_nano_roomtemp_temperature,23.88,2025-11-11T06:56:25.535000Z
sensor.greenpi_arduino_nano_roomtemp_temperature,23.89,2025-11-11T06:58:05.587000Z
sensor.greenpi_arduino_nano_roomtemp_temperature,23.88,2025-11-11T07:01:25.763000Z
sensor.greenpi_arduino_nano_roomtemp_temperature,23.86,2025-11-11T07:06:26.013000Z
sensor.greenpi_arduino_nano_roomtemp_temperature,23.85,2025-11-11T07:09:46.172000Z
sensor.greenpi_arduino_nano_roomtemp_temperature,23.84,2025-11-11T07:16:26.485000Z
sensor.greenpi_arduino_nano_roomtemp_temperature,23.82,2025-11-11T07:18:06.533000Z
sensor.greenpi_arduino_nano_roomtemp_temperature,23.84,2025-11-11T07:19:46.634000Z
sensor.greenpi_arduino_nano_roomtemp_temperature,23.82,2025-11-11T07:23:06.772000Z
sensor.greenpi_arduino_nano_roomtemp_temperature,23.81,2025-11-11T07:26:26.952000Z
sensor.greenpi_arduino_nano_roomtemp_temperature,23.82,2025-11-11T07:28:07.096000Z
sensor.greenpi_arduino_nano_roomtemp_temperature,23.84,2025-11-11T07:29:47.174000Z
sensor.greenpi_arduino_nano_roomtemp_temperature,23.82,2025-11-11T07:31:27.222000Z
sensor.greenpi_arduino_nano_roomtemp_temperature,23.81,2025-11-11T07:33:07.327000Z
sensor.greenpi_arduino_nano_roomtemp_temperature,23.79,2025-11-11T07:36:27.527000Z
sensor.greenpi_arduino_nano_roomtemp_temperature,23.81,2025-11-11T07:39:47.734000Z
sensor.greenpi_arduino_nano_roomtemp_temperature,23.79,2025-11-11T07:43:07.922000Z
sensor.greenpi_arduino_nano_roomtemp_temperature,23.81,2025-11-11T07:44:48.006000Z
sensor.greenpi_arduino_nano_roomtemp_temperature,23.79,2025-11-11T07:48:08.181000Z
sensor.greenpi_arduino_nano_roomtemp_temperature,23.78,2025-11-11T07:53:08.448000Z
sensor.greenpi_arduino_nano_roomtemp_temperature,23.79,2025-11-11T07:56:28.612000Z
sensor.greenpi_arduino_nano_roomtemp_temperature,23.78,2025-11-11T07:59:48.801000Z
sensor.greenpi_arduino_nano_roomtemp_temperature,23.81,2025-11-11T08:01:28.887000Z
sensor.greenpi_arduino_nano_roomtemp_temperature,23.79,2025-11-11T08:04:49.083000Z
sensor.greenpi_arduino_nano_roomtemp_temperature,23.78,2025-11-11T08:06:29.176000Z
sensor.greenpi_arduino_nano_roomtemp_temperature,23.79,2025-11-11T08:16:29.756000Z
sensor.greenpi_arduino_nano_roomtemp_temperature,23.78,2025-11-11T08:29:50.482000Z
sensor.greenpi_arduino_nano_roomtemp_temperature,23.79,2025-11-11T08:33:10.673000Z
sensor.greenpi_arduino_nano_roomtemp_temperature,23.82,2025-11-11T08:36:30.864000Z
sensor.greenpi_arduino_nano_roomtemp_temperature,23.85,2025-11-11T08:38:10.941000Z
sensor.greenpi_arduino_nano_roomtemp_temperature,23.88,2025-11-11T08:39:51.040000Z
sensor.greenpi_arduino_nano_roomtemp_temperature,23.89,2025-11-11T08:41:31.142000Z
sensor.greenpi_arduino_nano_roomtemp_temperature,23.9,2025-11-11T08:43:11.226000Z
sensor.greenpi_arduino_nano_roomtemp_temperature,23.92,2025-11-11T08:44:51.321000Z
sensor.greenpi_arduino_nano_roomtemp_temperature,23.93,2025-11-11T08:46:31.500000Z
sensor.greenpi_arduino_nano_roomtemp_temperature,23.95,2025-11-11T08:48:11.519000Z
sensor.greenpi_arduino_nano_roomtemp_temperature,23.97,2025-11-11T08:51:31.704000Z
sensor.greenpi_arduino_nano_roomtemp_temperature,23.99,2025-11-11T08:56:32.064000Z
sensor.greenpi_arduino_nano_roomtemp_temperature,24.01,2025-11-11T08:59:52.210000Z
sensor.greenpi_arduino_nano_roomtemp_temperature,24.79,2025-11-11T09:01:32.284000Z
sensor.greenpi_arduino_nano_roomtemp_temperature,25.51,2025-11-11T09:03:12.393000Z
sensor.greenpi_arduino_nano_roomtemp_temperature,26.07,2025-11-11T09:04:52.492000Z
sensor.greenpi_arduino_nano_roomtemp_temperature,26.54,2025-11-11T09:06:32.654000Z
sensor.greenpi_arduino_nano_roomtemp_temperature,26.88,2025-11-11T09:08:12.686000Z
sensor.greenpi_arduino_nano_roomtemp_temperature,27.19,2025-11-11T09:09:52.817000Z
sensor.greenpi_arduino_nano_roomtemp_temperature,27.46,2025-11-11T09:11:32.954000Z
sensor.greenpi_arduino_nano_roomtemp_temperature,27.69,2025-11-11T09:13:13.021000Z
sensor.greenpi_arduino_nano_roomtemp_temperature,27.91,2025-11-11T09:14:53.013000Z
sensor.greenpi_arduino_nano_roomtemp_temperature,28.12,2025-11-11T09:16:33.115000Z
sensor.greenpi_arduino_nano_roomtemp_temperature,28.25,2025-11-11T09:18:13.191000Z
sensor.greenpi_arduino_nano_roomtemp_temperature,28.41,2025-11-11T09:19:53.303000Z
sensor.greenpi_arduino_nano_roomtemp_temperature,28.51,2025-11-11T09:21:33.377000Z
sensor.greenpi_arduino_nano_roomtemp_temperature,28.61,2025-11-11T09:23:13.482000Z
sensor.greenpi_arduino_nano_roomtemp_temperature,28.74,2025-11-11T09:24:53.564000Z
sensor.greenpi_arduino_nano_roomtemp_temperature,28.85,2025-11-11T09:26:33.659000Z
sensor.greenpi_arduino_nano_roomtemp_temperature,28.95,2025-11-11T09:28:13.811000Z
sensor.greenpi_arduino_nano_roomtemp_temperature,29.03,2025-11-11T09:29:53.825000Z
sensor.greenpi_arduino_nano_roomtemp_temperature,29.1,2025-11-11T09:31:33.924000Z
sensor.greenpi_arduino_nano_roomtemp_temperature,29.17,2025-11-11T09:33:14.014000Z
sensor.greenpi_arduino_nano_roomtemp_temperature,29.24,2025-11-11T09:34:54.165000Z
sensor.greenpi_arduino_nano_roomtemp_temperature,29.32,2025-11-11T09:36:34.195000Z
sensor.greenpi_arduino_nano_roomtemp_temperature,29.36,2025-11-11T09:38:14.293000Z
sensor.greenpi_arduino_nano_roomtemp_temperature,29.4,2025-11-11T09:39:54.392000Z
sensor.greenpi_arduino_nano_roomtemp_temperature,29.47,2025-11-11T09:41:34.589000Z
sensor.greenpi_arduino_nano_roomtemp_temperature,29.51,2025-11-11T09:43:14.575000Z
sensor.greenpi_arduino_nano_roomtemp_temperature,29.55,2025-11-11T09:44:54.675000Z
sensor.greenpi_arduino_nano_roomtemp_temperature,29.59,2025-11-11T09:46:34.746000Z
sensor.greenpi_arduino_nano_roomtemp_temperature,29.66,2025-11-11T09:48:14.843000Z
sensor.greenpi_arduino_nano_roomtemp_temperature,29.69,2025-11-11T09:49:54.940000Z
sensor.greenpi_arduino_nano_roomtemp_temperature,29.74,2025-11-11T09:51:35.022000Z
sensor.greenpi_arduino_nano_roomtemp_temperature,29.79,2025-11-11T09:53:15.116000Z
sensor.greenpi_arduino_nano_roomtemp_temperature,29.85,2025-11-11T09:54:55.213000Z
sensor.greenpi_arduino_nano_roomtemp_temperature,29.89,2025-11-11T09:56:35.306000Z
sensor.greenpi_arduino_nano_roomtemp_temperature,29.98,2025-11-11T09:58:15.474000Z
sensor.greenpi_arduino_nano_roomtemp_temperature,30.0,2025-11-11T09:59:55.474000Z
sensor.greenpi_arduino_nano_roomtemp_temperature,30.04,2025-11-11T10:01:35.573000Z
sensor.greenpi_arduino_nano_roomtemp_temperature,30.08,2025-11-11T10:03:15.674000Z
sensor.greenpi_arduino_nano_roomtemp_temperature,30.13,2025-11-11T10:04:55.757000Z
sensor.greenpi_arduino_nano_roomtemp_temperature,30.15,2025-11-11T10:06:35.846000Z
sensor.greenpi_arduino_nano_roomtemp_temperature,30.19,2025-11-11T10:08:15.964000Z
sensor.greenpi_arduino_nano_roomtemp_temperature,30.2,2025-11-11T10:09:56.097000Z
sensor.greenpi_arduino_nano_roomtemp_temperature,30.26,2025-11-11T10:11:36.097000Z
sensor.greenpi_arduino_nano_roomtemp_temperature,30.3,2025-11-11T10:13:16.193000Z
sensor.greenpi_arduino_nano_roomtemp_temperature,30.34,2025-11-11T10:14:56.294000Z
sensor.greenpi_arduino_nano_roomtemp_temperature,30.38,2025-11-11T10:16:36.387000Z
sensor.greenpi_arduino_nano_roomtemp_temperature,30.42,2025-11-11T10:18:16.486000Z
sensor.greenpi_arduino_nano_roomtemp_temperature,30.45,2025-11-11T10:19:56.594000Z
sensor.greenpi_arduino_nano_roomtemp_temperature,30.49,2025-11-11T10:23:16.795000Z
sensor.greenpi_arduino_nano_roomtemp_temperature,30.56,2025-11-11T10:26:36.958000Z
sensor.greenpi_arduino_nano_roomtemp_temperature,30.63,2025-11-11T10:29:57.136000Z
sensor.greenpi_arduino_nano_roomtemp_temperature,30.67,2025-11-11T10:31:37.284000Z
sensor.greenpi_arduino_nano_roomtemp_temperature,30.68,2025-11-11T10:33:17.407000Z
sensor.greenpi_arduino_nano_roomtemp_temperature,30.71,2025-11-11T10:34:57.565000Z
sensor.greenpi_arduino_nano_roomtemp_temperature,30.75,2025-11-11T10:36:37.546000Z
sensor.greenpi_arduino_nano_roomtemp_temperature,30.79,2025-11-11T10:38:17.639000Z
sensor.greenpi_arduino_nano_roomtemp_temperature,30.82,2025-11-11T10:39:57.750000Z
sensor.greenpi_arduino_nano_roomtemp_temperature,30.83,2025-11-11T10:41:37.828000Z
sensor.greenpi_arduino_nano_roomtemp_temperature,30.86,2025-11-11T10:43:17.928000Z
sensor.greenpi_arduino_nano_roomtemp_temperature,30.9,2025-11-11T10:44:58.014000Z
sensor.greenpi_arduino_nano_roomtemp_temperature,30.94,2025-11-11T10:46:38.141000Z
sensor.greenpi_arduino_nano_roomtemp_temperature,30.98,2025-11-11T10:48:18.210000Z
sensor.greenpi_arduino_nano_roomtemp_temperature,31.02,2025-11-11T10:51:38.378000Z
sensor.greenpi_arduino_nano_roomtemp_temperature,31.04,2025-11-11T10:53:18.451000Z
sensor.greenpi_arduino_nano_roomtemp_temperature,31.06,2025-11-11T10:54:58.625000Z
sensor.greenpi_arduino_nano_roomtemp_temperature,31.09,2025-11-11T10:56:38.622000Z
sensor.greenpi_arduino_nano_roomtemp_temperature,31.12,2025-11-11T10:59:58.796000Z
sensor.greenpi_arduino_nano_roomtemp_temperature,31.16,2025-11-11T11:01:38.884000Z
sensor.greenpi_arduino_nano_roomtemp_temperature,31.19,2025-11-11T11:03:18.967000Z
sensor.greenpi_arduino_nano_roomtemp_temperature,31.2,2025-11-11T11:04:59.060000Z
sensor.greenpi_arduino_nano_roomtemp_temperature,31.25,2025-11-11T11:06:39.247000Z
sensor.greenpi_arduino_nano_roomtemp_temperature,31.28,2025-11-11T11:08:19.472000Z
sensor.greenpi_arduino_nano_roomtemp_temperature,31.29,2025-11-11T11:11:39.509000Z
sensor.greenpi_arduino_nano_roomtemp_temperature,31.33,2025-11-11T11:13:19.537000Z
sensor.greenpi_arduino_nano_roomtemp_temperature,31.38,2025-11-11T11:14:59.631000Z
sensor.greenpi_arduino_nano_roomtemp_temperature,31.4,2025-11-11T11:16:39.794000Z
sensor.greenpi_arduino_nano_roomtemp_temperature,31.46,2025-11-11T11:18:19.823000Z
sensor.greenpi_arduino_nano_roomtemp_temperature,31.49,2025-11-11T11:21:40.008000Z
sensor.greenpi_arduino_nano_roomtemp_temperature,31.53,2025-11-11T11:23:20.104000Z
sensor.greenpi_arduino_nano_roomtemp_temperature,31.55,2025-11-11T11:26:40.389000Z
sensor.greenpi_arduino_nano_roomtemp_temperature,31.59,2025-11-11T11:30:00.471000Z
sensor.greenpi_arduino_nano_roomtemp_temperature,31.61,2025-11-11T11:31:40.580000Z
sensor.greenpi_arduino_nano_roomtemp_temperature,31.62,2025-11-11T11:33:20.664000Z
sensor.greenpi_arduino_nano_roomtemp_temperature,31.65,2025-11-11T11:35:00.844000Z
sensor.greenpi_arduino_nano_roomtemp_temperature,31.68,2025-11-11T11:36:40.863000Z
sensor.greenpi_arduino_nano_roomtemp_temperature,31.7,2025-11-11T11:40:01.052000Z
sensor.greenpi_arduino_nano_roomtemp_temperature,31.75,2025-11-11T11:45:01.383000Z
sensor.greenpi_arduino_nano_roomtemp_temperature,31.76,2025-11-11T11:48:21.496000Z
sensor.greenpi_arduino_nano_roomtemp_temperature,31.8,2025-11-11T11:50:01.561000Z
sensor.greenpi_arduino_nano_roomtemp_temperature,31.83,2025-11-11T11:51:41.693000Z
sensor.greenpi_arduino_nano_roomtemp_temperature,31.85,2025-11-11T11:53:21.727000Z
sensor.greenpi_arduino_nano_roomtemp_temperature,31.87,2025-11-11T11:56:41.910000Z
sensor.greenpi_arduino_nano_roomtemp_temperature,31.88,2025-11-11T12:00:02.095000Z
sensor.greenpi_arduino_nano_roomtemp_temperature,31.9,2025-11-11T12:01:42.142000Z
sensor.greenpi_arduino_nano_roomtemp_temperature,31.91,2025-11-11T12:03:22.296000Z
sensor.greenpi_arduino_nano_roomtemp_temperature,31.92,2025-11-11T12:05:02.364000Z
sensor.greenpi_arduino_nano_roomtemp_temperature,31.95,2025-11-11T12:06:42.405000Z
sensor.greenpi_arduino_nano_roomtemp_temperature,31.98,2025-11-11T12:08:22.503000Z
sensor.greenpi_arduino_nano_roomtemp_temperature,31.99,2025-11-11T12:10:02.535000Z
sensor.greenpi_arduino_nano_roomtemp_temperature,31.98,2025-11-11T12:11:42.673000Z
sensor.greenpi_arduino_nano_roomtemp_temperature,32.02,2025-11-11T12:13:22.922000Z
sensor.greenpi_arduino_nano_roomtemp_temperature,32.01,2025-11-11T12:15:02.887000Z
sensor.greenpi_arduino_nano_roomtemp_temperature,32.05,2025-11-11T12:16:42.928000Z
sensor.greenpi_arduino_nano_roomtemp_temperature,32.07,2025-11-11T12:20:03.090000Z
sensor.greenpi_arduino_nano_roomtemp_temperature,32.1,2025-11-11T12:23:23.279000Z
sensor.greenpi_arduino_nano_roomtemp_temperature,32.13,2025-11-11T12:25:03.325000Z
sensor.greenpi_arduino_nano_roomtemp_temperature,32.14,2025-11-11T12:26:43.427000Z
sensor.greenpi_arduino_nano_roomtemp_temperature,32.13,2025-11-11T12:28:23.603000Z
sensor.greenpi_arduino_nano_roomtemp_temperature,32.17,2025-11-11T12:33:23.777000Z
sensor.greenpi_arduino_nano_roomtemp_temperature,32.2,2025-11-11T12:35:03.825000Z
sensor.greenpi_arduino_nano_roomtemp_temperature,32.17,2025-11-11T12:36:43.920000Z
sensor.greenpi_arduino_nano_roomtemp_temperature,32.22,2025-11-11T12:38:24.008000Z
sensor.greenpi_arduino_nano_roomtemp_temperature,32.21,2025-11-11T12:40:04.056000Z
sensor.greenpi_arduino_nano_roomtemp_temperature,32.22,2025-11-11T12:41:44.141000Z
sensor.greenpi_arduino_nano_roomtemp_temperature,32.21,2025-11-11T12:43:24.241000Z
sensor.greenpi_arduino_nano_roomtemp_temperature,32.24,2025-11-11T12:46:44.501000Z
sensor.greenpi_arduino_nano_roomtemp_temperature,32.25,2025-11-11T12:48:24.502000Z
sensor.greenpi_arduino_nano_roomtemp_temperature,32.27,2025-11-11T12:50:04.559000Z
sensor.greenpi_arduino_nano_roomtemp_temperature,32.28,2025-11-11T12:53:24.870000Z
sensor.greenpi_arduino_nano_roomtemp_temperature,32.31,2025-11-11T12:55:04.801000Z
sensor.greenpi_arduino_nano_roomtemp_temperature,32.32,2025-11-11T12:58:24.998000Z
sensor.greenpi_arduino_nano_roomtemp_temperature,32.35,2025-11-11T13:00:05.049000Z
sensor.greenpi_arduino_nano_roomtemp_temperature,32.32,2025-11-11T13:01:45.155000Z
sensor.greenpi_arduino_nano_roomtemp_temperature,32.33,2025-11-11T13:05:05.299000Z
sensor.greenpi_arduino_nano_roomtemp_temperature,32.35,2025-11-11T13:06:45.385000Z
sensor.greenpi_arduino_nano_roomtemp_temperature,32.36,2025-11-11T13:10:05.581000Z
sensor.greenpi_arduino_nano_roomtemp_temperature,32.38,2025-11-11T13:11:45.609000Z
sensor.greenpi_arduino_nano_roomtemp_temperature,32.4,2025-11-11T13:13:25.709000Z
sensor.greenpi_arduino_nano_roomtemp_temperature,32.38,2025-11-11T13:15:05.763000Z
sensor.greenpi_arduino_nano_roomtemp_temperature,32.4,2025-11-11T13:16:45.858000Z
sensor.greenpi_arduino_nano_roomtemp_temperature,32.42,2025-11-11T13:20:06.002000Z
sensor.greenpi_arduino_nano_roomtemp_temperature,32.46,2025-11-11T13:23:26.209000Z
sensor.greenpi_arduino_nano_roomtemp_temperature,32.48,2025-11-11T13:30:06.519000Z
sensor.greenpi_arduino_nano_roomtemp_temperature,32.5,2025-11-11T13:31:46.605000Z
sensor.greenpi_arduino_nano_roomtemp_temperature,32.46,2025-11-11T13:33:26.716000Z
sensor.greenpi_arduino_nano_roomtemp_temperature,32.48,2025-11-11T13:35:06.746000Z
sensor.greenpi_arduino_nano_roomtemp_temperature,32.51,2025-11-11T13:36:46.847000Z
sensor.greenpi_arduino_nano_roomtemp_temperature,32.48,2025-11-11T13:38:26.943000Z
sensor.greenpi_arduino_nano_roomtemp_temperature,32.47,2025-11-11T13:41:47.201000Z
sensor.greenpi_arduino_nano_roomtemp_temperature,32.55,2025-11-11T13:43:27.187000Z
sensor.greenpi_arduino_nano_roomtemp_temperature,32.51,2025-11-11T13:45:07.338000Z
sensor.greenpi_arduino_nano_roomtemp_temperature,32.53,2025-11-11T13:48:27.542000Z
sensor.greenpi_arduino_nano_roomtemp_temperature,32.51,2025-11-11T13:51:47.648000Z
sensor.greenpi_arduino_nano_roomtemp_temperature,32.54,2025-11-11T13:56:47.926000Z
sensor.greenpi_arduino_nano_roomtemp_temperature,32.55,2025-11-11T13:58:28.021000Z
sensor.greenpi_arduino_nano_roomtemp_temperature,32.54,2025-11-11T14:00:08.107000Z
sensor.greenpi_arduino_nano_roomtemp_temperature,32.53,2025-11-11T14:01:48.231000Z
sensor.greenpi_arduino_nano_roomtemp_temperature,32.55,2025-11-11T14:03:28.296000Z
sensor.greenpi_arduino_nano_roomtemp_temperature,32.59,2025-11-11T14:06:48.491000Z
sensor.greenpi_arduino_nano_roomtemp_temperature,32.58,2025-11-11T14:08:28.668000Z
sensor.greenpi_arduino_nano_roomtemp_temperature,32.57,2025-11-11T14:10:08.773000Z
sensor.greenpi_arduino_nano_roomtemp_temperature,32.55,2025-11-11T14:11:48.796000Z
sensor.greenpi_arduino_nano_roomtemp_temperature,32.58,2025-11-11T14:13:28.898000Z
sensor.greenpi_arduino_nano_roomtemp_temperature,32.57,2025-11-11T14:15:09.004000Z
sensor.greenpi_arduino_nano_roomtemp_temperature,32.58,2025-11-11T14:16:49.233000Z
sensor.greenpi_arduino_nano_roomtemp_temperature,32.59,2025-11-11T14:20:09.283000Z
sensor.greenpi_arduino_nano_roomtemp_temperature,32.62,2025-11-11T14:21:49.384000Z
sensor.greenpi_arduino_nano_roomtemp_temperature,32.59,2025-11-11T14:23:29.463000Z
sensor.greenpi_arduino_nano_roomtemp_temperature,32.61,2025-11-11T14:25:09.559000Z
sensor.greenpi_arduino_nano_roomtemp_temperature,32.65,2025-11-11T14:26:49.655000Z
sensor.greenpi_arduino_nano_roomtemp_temperature,32.61,2025-11-11T14:28:29.823000Z
sensor.greenpi_arduino_nano_roomtemp_temperature,32.58,2025-11-11T14:30:09.844000Z
sensor.greenpi_arduino_nano_roomtemp_temperature,32.61,2025-11-11T14:31:50.003000Z
sensor.greenpi_arduino_nano_roomtemp_temperature,32.62,2025-11-11T14:33:30.015000Z
sensor.greenpi_arduino_nano_roomtemp_temperature,32.61,2025-11-11T14:35:10.153000Z
sensor.greenpi_arduino_nano_roomtemp_temperature,32.59,2025-11-11T14:36:50.194000Z
sensor.greenpi_arduino_nano_roomtemp_temperature,32.58,2025-11-11T14:38:30.281000Z
sensor.greenpi_arduino_nano_roomtemp_temperature,32.59,2025-11-11T14:40:10.396000Z
sensor.greenpi_arduino_nano_roomtemp_temperature,32.62,2025-11-11T14:41:50.577000Z
sensor.greenpi_arduino_nano_roomtemp_temperature,32.55,2025-11-11T14:43:30.658000Z
sensor.greenpi_arduino_nano_roomtemp_temperature,32.54,2025-11-11T14:46:50.760000Z
sensor.greenpi_arduino_nano_roomtemp_temperature,32.55,2025-11-11T14:48:30.846000Z
sensor.greenpi_arduino_nano_roomtemp_temperature,32.54,2025-11-11T14:50:10.944000Z
sensor.greenpi_arduino_nano_roomtemp_temperature,32.57,2025-11-11T14:51:51.039000Z
sensor.greenpi_arduino_nano_roomtemp_temperature,32.61,2025-11-11T14:53:31.154000Z
sensor.greenpi_arduino_nano_roomtemp_temperature,32.62,2025-11-11T14:55:11.254000Z
sensor.greenpi_arduino_nano_roomtemp_temperature,32.61,2025-11-11T14:56:51.391000Z
sensor.greenpi_arduino_nano_roomtemp_temperature,32.53,2025-11-11T14:58:31.476000Z
sensor.greenpi_arduino_nano_roomtemp_temperature,32.55,2025-11-11T15:00:11.582000Z
sensor.greenpi_arduino_nano_roomtemp_temperature,32.57,2025-11-11T15:01:51.638000Z
sensor.greenpi_arduino_nano_roomtemp_temperature,32.58,2025-11-11T15:03:31.806000Z
sensor.greenpi_arduino_nano_roomtemp_temperature,32.61,2025-11-11T15:05:11.775000Z
sensor.greenpi_arduino_nano_roomtemp_temperature,32.57,2025-11-11T15:06:51.869000Z
sensor.greenpi_arduino_nano_roomtemp_temperature,32.58,2025-11-11T15:08:31.961000Z
sensor.greenpi_arduino_nano_roomtemp_temperature,32.61,2025-11-11T15:13:32.235000Z
sensor.greenpi_arduino_nano_roomtemp_temperature,32.65,2025-11-11T15:15:12.392000Z
sensor.greenpi_arduino_nano_roomtemp_temperature,32.66,2025-11-11T15:16:52.426000Z
sensor.greenpi_arduino_nano_roomtemp_temperature,32.59,2025-11-11T15:18:32.500000Z
sensor.greenpi_arduino_nano_roomtemp_temperature,32.65,2025-11-11T15:20:12.600000Z
sensor.greenpi_arduino_nano_roomtemp_temperature,32.62,2025-11-11T15:21:52.759000Z
sensor.greenpi_arduino_nano_roomtemp_temperature,32.65,2025-11-11T15:26:52.994000Z
sensor.greenpi_arduino_nano_roomtemp_temperature,32.62,2025-11-11T15:28:33.067000Z
sensor.greenpi_arduino_nano_roomtemp_temperature,32.65,2025-11-11T15:31:53.287000Z
sensor.greenpi_arduino_nano_roomtemp_temperature,32.66,2025-11-11T15:35:13.441000Z
sensor.greenpi_arduino_nano_roomtemp_temperature,32.65,2025-11-11T15:36:53.612000Z
sensor.greenpi_arduino_nano_roomtemp_temperature,32.59,2025-11-11T15:38:33.666000Z
sensor.greenpi_arduino_nano_roomtemp_temperature,32.65,2025-11-11T15:40:13.767000Z
sensor.greenpi_arduino_nano_roomtemp_temperature,32.61,2025-11-11T15:41:53.938000Z
sensor.greenpi_arduino_nano_roomtemp_temperature,32.59,2025-11-11T15:43:33.967000Z
sensor.greenpi_arduino_nano_roomtemp_temperature,32.61,2025-11-11T15:45:14.063000Z
sensor.greenpi_arduino_nano_roomtemp_temperature,32.66,2025-11-11T15:46:54.164000Z
sensor.greenpi_arduino_nano_roomtemp_temperature,32.58,2025-11-11T15:48:34.278000Z
sensor.greenpi_arduino_nano_roomtemp_temperature,32.59,2025-11-11T15:53:34.583000Z
sensor.greenpi_arduino_nano_roomtemp_temperature,32.61,2025-11-11T15:55:14.653000Z
sensor.greenpi_arduino_nano_roomtemp_temperature,32.58,2025-11-11T15:56:54.733000Z
sensor.greenpi_arduino_nano_roomtemp_temperature,32.59,2025-11-11T15:58:34.853000Z
sensor.greenpi_arduino_nano_roomtemp_temperature,32.57,2025-11-11T16:00:14.929000Z
sensor.greenpi_arduino_nano_roomtemp_temperature,32.58,2025-11-11T16:01:55.056000Z
sensor.greenpi_arduino_nano_roomtemp_temperature,32.57,2025-11-11T16:03:35.098000Z
sensor.greenpi_arduino_nano_roomtemp_temperature,32.59,2025-11-11T16:05:15.245000Z
sensor.greenpi_arduino_nano_roomtemp_temperature,32.58,2025-11-11T16:06:55.275000Z
sensor.greenpi_arduino_nano_roomtemp_temperature,32.54,2025-11-11T16:10:15.441000Z
sensor.greenpi_arduino_nano_roomtemp_temperature,32.57,2025-11-11T16:11:55.533000Z
sensor.greenpi_arduino_nano_roomtemp_temperature,32.54,2025-11-11T16:13:35.613000Z
sensor.greenpi_arduino_nano_roomtemp_temperature,32.51,2025-11-11T16:16:55.801000Z
sensor.greenpi_arduino_nano_roomtemp_temperature,32.54,2025-11-11T16:18:36.052000Z
sensor.greenpi_arduino_nano_roomtemp_temperature,32.53,2025-11-11T16:21:56.149000Z
sensor.greenpi_arduino_nano_roomtemp_temperature,32.58,2025-11-11T16:23:36.186000Z
sensor.greenpi_arduino_nano_roomtemp_temperature,32.57,2025-11-11T16:25:16.265000Z
sensor.greenpi_arduino_nano_roomtemp_temperature,32.59,2025-11-11T16:28:36.450000Z
sensor.greenpi_arduino_nano_roomtemp_temperature,32.58,2025-11-11T16:30:16.520000Z
sensor.greenpi_arduino_nano_roomtemp_temperature,32.57,2025-11-11T16:33:36.705000Z
sensor.greenpi_arduino_nano_roomtemp_temperature,32.59,2025-11-11T16:35:16.800000Z
sensor.greenpi_arduino_nano_roomtemp_temperature,32.55,2025-11-11T16:36:56.900000Z
sensor.greenpi_arduino_nano_roomtemp_temperature,32.57,2025-11-11T16:38:36.998000Z
sensor.greenpi_arduino_nano_roomtemp_temperature,32.58,2025-11-11T16:40:17.150000Z
sensor.greenpi_arduino_nano_roomtemp_temperature,32.59,2025-11-11T16:41:57.163000Z
sensor.greenpi_arduino_nano_roomtemp_temperature,32.57,2025-11-11T16:43:37.256000Z
sensor.greenpi_arduino_nano_roomtemp_temperature,32.58,2025-11-11T16:45:17.370000Z
sensor.greenpi_arduino_nano_roomtemp_temperature,32.61,2025-11-11T16:46:57.470000Z
sensor.greenpi_arduino_nano_roomtemp_temperature,32.59,2025-11-11T16:48:37.552000Z
sensor.greenpi_arduino_nano_roomtemp_temperature,32.61,2025-11-11T16:51:57.697000Z
sensor.greenpi_arduino_nano_roomtemp_temperature,32.57,2025-11-11T16:55:17.863000Z
sensor.greenpi_arduino_nano_roomtemp_temperature,32.61,2025-11-11T16:56:57.949000Z
sensor.greenpi_arduino_nano_roomtemp_temperature,32.59,2025-11-11T17:00:18.148000Z
sensor.greenpi_arduino_nano_roomtemp_temperature,32.62,2025-11-11T17:01:58.247000Z
sensor.greenpi_arduino_nano_roomtemp_temperature,32.61,2025-11-11T17:03:38.444000Z
sensor.greenpi_arduino_nano_roomtemp_temperature,32.57,2025-11-11T17:08:38.594000Z
sensor.greenpi_arduino_nano_roomtemp_temperature,32.59,2025-11-11T17:10:18.675000Z
sensor.greenpi_arduino_nano_roomtemp_temperature,32.61,2025-11-11T17:11:58.770000Z
sensor.greenpi_arduino_nano_roomtemp_temperature,32.58,2025-11-11T17:13:38.890000Z
sensor.greenpi_arduino_nano_roomtemp_temperature,32.57,2025-11-11T17:15:18.901000Z
sensor.greenpi_arduino_nano_roomtemp_temperature,32.62,2025-11-11T17:16:59.021000Z
sensor.greenpi_arduino_nano_roomtemp_temperature,32.58,2025-11-11T17:18:39.106000Z
sensor.greenpi_arduino_nano_roomtemp_temperature,32.57,2025-11-11T17:20:19.204000Z
sensor.greenpi_arduino_nano_roomtemp_temperature,32.61,2025-11-11T17:21:59.296000Z
sensor.greenpi_arduino_nano_roomtemp_temperature,32.58,2025-11-11T17:23:39.392000Z
sensor.greenpi_arduino_nano_roomtemp_temperature,32.57,2025-11-11T17:25:19.493000Z
sensor.greenpi_arduino_nano_roomtemp_temperature,32.53,2025-11-11T17:26:59.545000Z
sensor.greenpi_arduino_nano_roomtemp_temperature,32.54,2025-11-11T17:28:39.643000Z
sensor.greenpi_arduino_nano_roomtemp_temperature,32.55,2025-11-11T17:31:59.880000Z
sensor.greenpi_arduino_nano_roomtemp_temperature,32.57,2025-11-11T17:33:39.968000Z
sensor.greenpi_arduino_nano_roomtemp_temperature,32.55,2025-11-11T17:35:20.071000Z
sensor.greenpi_arduino_nano_roomtemp_temperature,32.58,2025-11-11T17:37:00.175000Z
sensor.greenpi_arduino_nano_roomtemp_temperature,32.57,2025-11-11T17:38:40.233000Z
sensor.greenpi_arduino_nano_roomtemp_temperature,32.58,2025-11-11T17:42:00.355000Z
sensor.greenpi_arduino_nano_roomtemp_temperature,32.59,2025-11-11T17:43:40.444000Z
sensor.greenpi_arduino_nano_roomtemp_temperature,32.55,2025-11-11T17:45:20.534000Z
sensor.greenpi_arduino_nano_roomtemp_temperature,32.57,2025-11-11T17:47:00.624000Z
sensor.greenpi_arduino_nano_roomtemp_temperature,32.58,2025-11-11T17:48:40.788000Z
sensor.greenpi_arduino_nano_roomtemp_temperature,32.57,2025-11-11T17:52:00.906000Z
sensor.greenpi_arduino_nano_roomtemp_temperature,32.54,2025-11-11T17:53:41.005000Z
sensor.greenpi_arduino_nano_roomtemp_temperature,32.58,2025-11-11T17:55:21.090000Z
sensor.greenpi_arduino_nano_roomtemp_temperature,32.55,2025-11-11T17:58:41.268000Z
sensor.greenpi_arduino_nano_roomtemp_temperature,32.58,2025-11-11T18:00:21.360000Z
sensor.greenpi_arduino_nano_roomtemp_temperature,32.57,2025-11-11T18:02:01.452000Z
sensor.greenpi_arduino_nano_roomtemp_temperature,32.54,2025-11-11T18:05:21.621000Z
sensor.greenpi_arduino_nano_roomtemp_temperature,32.55,2025-11-11T18:07:01.694000Z
sensor.greenpi_arduino_nano_roomtemp_temperature,32.54,2025-11-11T18:08:41.789000Z
sensor.greenpi_arduino_nano_roomtemp_temperature,32.55,2025-11-11T18:10:21.952000Z
sensor.greenpi_arduino_nano_roomtemp_temperature,32.54,2025-11-11T18:13:42.066000Z
sensor.greenpi_arduino_nano_roomtemp_temperature,32.51,2025-11-11T18:15:22.179000Z
sensor.greenpi_arduino_nano_roomtemp_temperature,32.54,2025-11-11T18:17:02.160000Z
sensor.greenpi_arduino_nano_roomtemp_temperature,32.51,2025-11-11T18:18:42.244000Z
sensor.greenpi_arduino_nano_roomtemp_temperature,32.48,2025-11-11T18:22:02.382000Z
sensor.greenpi_arduino_nano_roomtemp_temperature,32.5,2025-11-11T18:23:42.482000Z
sensor.greenpi_arduino_nano_roomtemp_temperature,32.48,2025-11-11T18:27:02.635000Z
sensor.greenpi_arduino_nano_roomtemp_temperature,32.54,2025-11-11T18:28:42.718000Z
sensor.greenpi_arduino_nano_roomtemp_temperature,32.53,2025-11-11T18:33:42.957000Z
sensor.greenpi_arduino_nano_roomtemp_temperature,32.55,2025-11-11T18:35:23.064000Z
sensor.greenpi_arduino_nano_roomtemp_temperature,32.54,2025-11-11T18:37:03.110000Z
sensor.greenpi_arduino_nano_roomtemp_temperature,32.53,2025-11-11T18:38:43.216000Z
sensor.greenpi_arduino_nano_roomtemp_temperature,32.55,2025-11-11T18:48:43.709000Z
sensor.greenpi_arduino_nano_roomtemp_temperature,32.51,2025-11-11T18:50:23.811000Z
sensor.greenpi_arduino_nano_roomtemp_temperature,32.5,2025-11-11T18:53:43.958000Z
sensor.greenpi_arduino_nano_roomtemp_temperature,32.51,2025-11-11T18:55:24.065000Z
sensor.greenpi_arduino_nano_roomtemp_temperature,32.57,2025-11-11T18:57:04.179000Z
sensor.greenpi_arduino_nano_roomtemp_temperature,32.51,2025-11-11T18:58:44.209000Z
sensor.greenpi_arduino_nano_roomtemp_temperature,32.55,2025-11-11T19:02:04.355000Z
sensor.greenpi_arduino_nano_roomtemp_temperature,32.58,2025-11-11T19:03:44.442000Z
sensor.greenpi_arduino_nano_roomtemp_temperature,32.57,2025-11-11T19:05:24.520000Z
sensor.greenpi_arduino_nano_roomtemp_temperature,32.54,2025-11-11T19:08:44.650000Z
sensor.greenpi_arduino_nano_roomtemp_temperature,32.57,2025-11-11T19:10:24.735000Z
sensor.greenpi_arduino_nano_roomtemp_temperature,32.54,2025-11-11T19:12:04.789000Z
sensor.greenpi_arduino_nano_roomtemp_temperature,32.57,2025-11-11T19:13:44.889000Z
sensor.greenpi_arduino_nano_roomtemp_temperature,32.54,2025-11-11T19:15:24.972000Z
sensor.greenpi_arduino_nano_roomtemp_temperature,32.53,2025-11-11T19:17:05.079000Z
sensor.greenpi_arduino_nano_roomtemp_temperature,32.57,2025-11-11T19:18:45.117000Z
sensor.greenpi_arduino_nano_roomtemp_temperature,32.55,2025-11-11T19:20:25.232000Z
sensor.greenpi_arduino_nano_roomtemp_temperature,32.54,2025-11-11T19:22:05.344000Z
sensor.greenpi_arduino_nano_roomtemp_temperature,32.55,2025-11-11T19:23:45.401000Z
sensor.greenpi_arduino_nano_roomtemp_temperature,32.5,2025-11-11T19:25:25.464000Z
sensor.greenpi_arduino_nano_roomtemp_temperature,32.53,2025-11-11T19:27:05.521000Z
sensor.greenpi_arduino_nano_roomtemp_temperature,32.55,2025-11-11T19:28:45.695000Z
sensor.greenpi_arduino_nano_roomtemp_temperature,32.57,2025-11-11T19:30:25.703000Z
sensor.greenpi_arduino_nano_roomtemp_temperature,32.55,2025-11-11T19:32:05.753000Z
sensor.greenpi_arduino_nano_roomtemp_temperature,32.53,2025-11-11T19:33:45.841000Z
sensor.greenpi_arduino_nano_roomtemp_temperature,32.57,2025-11-11T19:35:25.934000Z
sensor.greenpi_arduino_nano_roomtemp_temperature,32.55,2025-11-11T19:45:26.436000Z
sensor.greenpi_arduino_nano_roomtemp_temperature,32.57,2025-11-11T19:47:06.492000Z
sensor.greenpi_arduino_nano_roomtemp_temperature,32.58,2025-11-11T19:48:46.573000Z
sensor.greenpi_arduino_nano_roomtemp_temperature,32.57,2025-11-11T19:50:26.680000Z
sensor.greenpi_arduino_nano_roomtemp_temperature,32.53,2025-11-11T19:52:06.757000Z
sensor.greenpi_arduino_nano_roomtemp_temperature,32.57,2025-11-11T19:53:46.905000Z
sensor.greenpi_arduino_nano_roomtemp_temperature,32.54,2025-11-11T19:57:07.029000Z
sensor.greenpi_arduino_nano_roomtemp_temperature,32.51,2025-11-11T20:05:27.525000Z
sensor.greenpi_arduino_nano_roomtemp_temperature,32.54,2025-11-11T20:07:07.664000Z
sensor.greenpi_arduino_nano_roomtemp_temperature,32.55,2025-11-11T20:08:47.684000Z
sensor.greenpi_arduino_nano_roomtemp_temperature,32.57,2025-11-11T20:10:27.792000Z
sensor.greenpi_arduino_nano_roomtemp_temperature,32.58,2025-11-11T20:13:47.972000Z
sensor.greenpi_arduino_nano_roomtemp_temperature,32.54,2025-11-11T20:18:48.248000Z
sensor.greenpi_arduino_nano_roomtemp_temperature,32.55,2025-11-11T20:20:28.351000Z
sensor.greenpi_arduino_nano_roomtemp_temperature,32.53,2025-11-11T20:23:48.515000Z
sensor.greenpi_arduino_nano_roomtemp_temperature,32.58,2025-11-11T20:25:28.595000Z
sensor.greenpi_arduino_nano_roomtemp_temperature,32.55,2025-11-11T20:27:08.698000Z
sensor.greenpi_arduino_nano_roomtemp_temperature,32.58,2025-11-11T20:28:48.792000Z
sensor.greenpi_arduino_nano_roomtemp_temperature,32.57,2025-11-11T20:32:08.982000Z
sensor.greenpi_arduino_nano_roomtemp_temperature,32.58,2025-11-11T20:33:49.061000Z
sensor.greenpi_arduino_nano_roomtemp_temperature,32.61,2025-11-11T20:37:09.247000Z
sensor.greenpi_arduino_nano_roomtemp_temperature,32.55,2025-11-11T20:38:49.347000Z
sensor.greenpi_arduino_nano_roomtemp_temperature,32.57,2025-11-11T20:40:29.436000Z
sensor.greenpi_arduino_nano_roomtemp_temperature,32.58,2025-11-11T20:43:49.620000Z
sensor.greenpi_arduino_nano_roomtemp_temperature,32.57,2025-11-11T20:55:30.264000Z
sensor.greenpi_arduino_nano_roomtemp_temperature,32.55,2025-11-11T21:00:30.545000Z
sensor.greenpi_arduino_nano_roomtemp_temperature,32.57,2025-11-11T21:02:10.599000Z
sensor.greenpi_arduino_nano_roomtemp_temperature,32.58,2025-11-11T21:03:50.701000Z
sensor.greenpi_arduino_nano_roomtemp_temperature,32.59,2025-11-11T21:08:50.987000Z
sensor.greenpi_arduino_nano_roomtemp_temperature,32.58,2025-11-11T21:12:11.154000Z
sensor.greenpi_arduino_nano_roomtemp_temperature,32.54,2025-11-11T21:15:31.363000Z
sensor.greenpi_arduino_nano_roomtemp_temperature,32.59,2025-11-11T21:17:11.511000Z
sensor.greenpi_arduino_nano_roomtemp_temperature,32.54,2025-11-11T21:18:51.617000Z
sensor.greenpi_arduino_nano_roomtemp_temperature,32.55,2025-11-11T21:20:31.600000Z
sensor.greenpi_arduino_nano_roomtemp_temperature,32.54,2025-11-11T21:22:11.693000Z
sensor.greenpi_arduino_nano_roomtemp_temperature,32.55,2025-11-11T21:23:51.795000Z
sensor.greenpi_arduino_nano_roomtemp_temperature,32.54,2025-11-11T21:25:31.889000Z
sensor.greenpi_arduino_nano_roomtemp_temperature,32.53,2025-11-11T21:27:11.973000Z
sensor.greenpi_arduino_nano_roomtemp_temperature,32.51,2025-11-11T21:28:52.081000Z
sensor.greenpi_arduino_nano_roomtemp_temperature,32.54,2025-11-11T21:30:32.164000Z
sensor.greenpi_arduino_nano_roomtemp_temperature,32.53,2025-11-11T21:32:12.249000Z
sensor.greenpi_arduino_nano_roomtemp_temperature,32.55,2025-11-11T21:35:32.407000Z
sensor.greenpi_arduino_nano_roomtemp_temperature,32.57,2025-11-11T21:37:12.580000Z
sensor.greenpi_arduino_nano_roomtemp_temperature,32.53,2025-11-11T21:40:32.706000Z
sensor.greenpi_arduino_nano_roomtemp_temperature,32.57,2025-11-11T21:43:52.912000Z
sensor.greenpi_arduino_nano_roomtemp_temperature,32.58,2025-11-11T21:45:33.016000Z
sensor.greenpi_arduino_nano_roomtemp_temperature,32.57,2025-11-11T21:47:13.113000Z
sensor.greenpi_arduino_nano_roomtemp_temperature,32.58,2025-11-11T21:48:53.211000Z
sensor.greenpi_arduino_nano_roomtemp_temperature,32.59,2025-11-11T21:50:33.307000Z
sensor.greenpi_arduino_nano_roomtemp_temperature,32.58,2025-11-11T21:52:13.408000Z
sensor.greenpi_arduino_nano_roomtemp_temperature,32.57,2025-11-11T21:55:33.633000Z
sensor.greenpi_arduino_nano_roomtemp_temperature,32.54,2025-11-11T21:57:13.755000Z
sensor.greenpi_arduino_nano_roomtemp_temperature,32.48,2025-11-11T21:58:53.809000Z
sensor.greenpi_arduino_nano_roomtemp_temperature,32.53,2025-11-11T22:00:33.895000Z
sensor.greenpi_arduino_nano_roomtemp_temperature,32.58,2025-11-11T22:02:13.998000Z
sensor.greenpi_arduino_nano_roomtemp_temperature,32.61,2025-11-11T22:07:14.746000Z
sensor.greenpi_arduino_nano_roomtemp_temperature,32.59,2025-11-11T22:08:54.402000Z
sensor.greenpi_arduino_nano_roomtemp_temperature,32.58,2025-11-11T22:10:34.488000Z
sensor.greenpi_arduino_nano_roomtemp_temperature,32.54,2025-11-11T22:13:54.686000Z
sensor.greenpi_arduino_nano_roomtemp_temperature,32.58,2025-11-11T22:15:34.804000Z
sensor.greenpi_arduino_nano_roomtemp_temperature,32.54,2025-11-11T22:18:54.972000Z
sensor.greenpi_arduino_nano_roomtemp_temperature,32.51,2025-11-11T22:20:35.058000Z
sensor.greenpi_arduino_nano_roomtemp_temperature,32.55,2025-11-11T22:22:15.165000Z
sensor.greenpi_arduino_nano_roomtemp_temperature,32.54,2025-11-11T22:23:55.255000Z
sensor.greenpi_arduino_nano_roomtemp_temperature,32.53,2025-11-11T22:25:35.337000Z
sensor.greenpi_arduino_nano_roomtemp_temperature,32.57,2025-11-11T22:27:15.420000Z
sensor.greenpi_arduino_nano_roomtemp_temperature,32.58,2025-11-11T22:32:15.691000Z
sensor.greenpi_arduino_nano_roomtemp_temperature,32.59,2025-11-11T22:33:55.780000Z
sensor.greenpi_arduino_nano_roomtemp_temperature,32.58,2025-11-11T22:35:35.860000Z
sensor.greenpi_arduino_nano_roomtemp_temperature,32.61,2025-11-11T22:37:15.949000Z
sensor.greenpi_arduino_nano_roomtemp_temperature,32.55,2025-11-11T22:38:56.031000Z
sensor.greenpi_arduino_nano_roomtemp_temperature,32.54,2025-11-11T22:42:16.209000Z
sensor.greenpi_arduino_nano_roomtemp_temperature,32.55,2025-11-11T22:47:16.523000Z
sensor.greenpi_arduino_nano_roomtemp_temperature,32.54,2025-11-11T22:50:36.694000Z
sensor.greenpi_arduino_nano_roomtemp_temperature,32.55,2025-11-11T22:55:36.964000Z
sensor.greenpi_arduino_nano_roomtemp_temperature,32.53,2025-11-11T22:57:17.057000Z
sensor.greenpi_arduino_nano_roomtemp_temperature,32.57,2025-11-11T22:58:57.165000Z
sensor.greenpi_arduino_nano_roomtemp_temperature,32.58,2025-11-11T23:02:17.350000Z
sensor.greenpi_arduino_nano_roomtemp_temperature,32.59,2025-11-11T23:05:37.520000Z
sensor.greenpi_arduino_nano_roomtemp_temperature,32.61,2025-11-11T23:07:17.608000Z
sensor.greenpi_arduino_nano_roomtemp_temperature,32.58,2025-11-11T23:08:57.695000Z
sensor.greenpi_arduino_nano_roomtemp_temperature,32.57,2025-11-11T23:10:37.783000Z
sensor.greenpi_arduino_nano_roomtemp_temperature,32.58,2025-11-11T23:12:17.861000Z
sensor.greenpi_arduino_nano_roomtemp_temperature,32.55,2025-11-11T23:13:57.957000Z
sensor.greenpi_arduino_nano_roomtemp_temperature,32.51,2025-11-11T23:17:18.169000Z
sensor.greenpi_arduino_nano_roomtemp_temperature,32.55,2025-11-11T23:18:58.225000Z
sensor.greenpi_arduino_nano_roomtemp_temperature,32.57,2025-11-11T23:20:38.326000Z
sensor.greenpi_arduino_nano_roomtemp_temperature,32.54,2025-11-11T23:22:18.411000Z
sensor.greenpi_arduino_nano_roomtemp_temperature,32.57,2025-11-11T23:23:58.572000Z
sensor.greenpi_arduino_nano_roomtemp_temperature,32.54,2025-11-11T23:25:38.587000Z
sensor.greenpi_arduino_nano_roomtemp_temperature,32.55,2025-11-11T23:27:18.674000Z
sensor.greenpi_arduino_nano_roomtemp_temperature,32.58,2025-11-11T23:28:58.787000Z
sensor.greenpi_arduino_nano_roomtemp_temperature,32.53,2025-11-11T23:30:38.883000Z
sensor.greenpi_arduino_nano_roomtemp_temperature,32.55,2025-11-11T23:32:18.999000Z
sensor.greenpi_arduino_nano_roomtemp_temperature,32.54,2025-11-11T23:35:39.180000Z
sensor.greenpi_arduino_nano_roomtemp_temperature,32.55,2025-11-11T23:37:19.329000Z
sensor.greenpi_arduino_nano_roomtemp_temperature,32.57,2025-11-11T23:38:59.377000Z
sensor.greenpi_arduino_nano_roomtemp_temperature,32.53,2025-11-11T23:42:19.571000Z
sensor.greenpi_arduino_nano_roomtemp_temperature,32.57,2025-11-11T23:45:39.758000Z
sensor.greenpi_arduino_nano_roomtemp_temperature,32.54,2025-11-11T23:47:19.852000Z
sensor.greenpi_arduino_nano_roomtemp_temperature,32.55,2025-11-11T23:48:59.939000Z
sensor.greenpi_arduino_nano_roomtemp_temperature,32.54,2025-11-11T23:50:40.024000Z
sensor.greenpi_arduino_nano_roomtemp_temperature,32.55,2025-11-11T23:52:20.120000Z
sensor.greenpi_arduino_nano_roomtemp_temperature,32.54,2025-11-11T23:54:00.216000Z
sensor.greenpi_arduino_nano_roomtemp_temperature,32.58,2025-11-11T23:55:40.307000Z
sensor.greenpi_arduino_nano_roomtemp_temperature,32.57,2025-11-11T23:57:20.399000Z
sensor.greenpi_arduino_nano_roomtemp_temperature,32.55,2025-11-12T00:00:40.613000Z
sensor.greenpi_arduino_nano_roomtemp_temperature,32.54,2025-11-12T00:04:00.733000Z
sensor.greenpi_arduino_nano_roomtemp_temperature,32.55,2025-11-12T00:07:20.944000Z
sensor.greenpi_arduino_nano_roomtemp_temperature,32.53,2025-11-12T00:09:01.007000Z
sensor.greenpi_arduino_nano_roomtemp_temperature,32.55,2025-11-12T00:10:41.118000Z
sensor.greenpi_arduino_nano_roomtemp_temperature,32.54,2025-11-12T00:12:21.225000Z
sensor.greenpi_arduino_nano_roomtemp_temperature,32.53,2025-11-12T00:15:41.417000Z
sensor.greenpi_arduino_nano_roomtemp_temperature,32.55,2025-11-12T00:17:21.512000Z
sensor.greenpi_arduino_nano_roomtemp_temperature,32.53,2025-11-12T00:19:01.616000Z
sensor.greenpi_arduino_nano_roomtemp_temperature,32.51,2025-11-12T00:20:41.741000Z
sensor.greenpi_arduino_nano_roomtemp_temperature,32.5,2025-11-12T00:22:21.819000Z
sensor.greenpi_arduino_nano_roomtemp_temperature,32.54,2025-11-12T00:24:01.924000Z
sensor.greenpi_arduino_nano_roomtemp_temperature,32.51,2025-11-12T00:25:42.016000Z
sensor.greenpi_arduino_nano_roomtemp_temperature,32.48,2025-11-12T00:27:22.111000Z
sensor.greenpi_arduino_nano_roomtemp_temperature,32.55,2025-11-12T00:29:02.158000Z
sensor.greenpi_arduino_nano_roomtemp_temperature,32.57,2025-11-12T00:30:42.360000Z
sensor.greenpi_arduino_nano_roomtemp_temperature,32.54,2025-11-12T00:32:22.342000Z
sensor.greenpi_arduino_nano_roomtemp_temperature,32.55,2025-11-12T00:37:22.575000Z
sensor.greenpi_arduino_nano_roomtemp_temperature,32.54,2025-11-12T00:39:02.670000Z
sensor.greenpi_arduino_nano_roomtemp_temperature,32.53,2025-11-12T00:40:42.728000Z
sensor.greenpi_arduino_nano_roomtemp_temperature,32.51,2025-11-12T00:42:22.834000Z
sensor.greenpi_arduino_nano_roomtemp_temperature,32.5,2025-11-12T00:44:02.868000Z
sensor.greenpi_arduino_nano_roomtemp_temperature,32.51,2025-11-12T00:47:23.061000Z
sensor.greenpi_arduino_nano_roomtemp_temperature,32.44,2025-11-12T00:49:03.108000Z
sensor.greenpi_arduino_nano_roomtemp_temperature,32.46,2025-11-12T00:50:43.198000Z
sensor.greenpi_arduino_nano_roomtemp_temperature,32.47,2025-11-12T00:52:23.302000Z
sensor.greenpi_arduino_nano_roomtemp_temperature,32.48,2025-11-12T00:54:03.362000Z
sensor.greenpi_arduino_nano_roomtemp_temperature,32.51,2025-11-12T00:55:43.453000Z
sensor.greenpi_arduino_nano_roomtemp_temperature,32.5,2025-11-12T00:57:23.560000Z
sensor.greenpi_arduino_nano_roomtemp_temperature,32.21,2025-11-12T01:00:43.707000Z
sensor.greenpi_arduino_nano_roomtemp_temperature,31.49,2025-11-12T01:02:23.814000Z
sensor.greenpi_arduino_nano_roomtemp_temperature,30.94,2025-11-12T01:04:03.871000Z
sensor.greenpi_arduino_nano_roomtemp_temperature,30.48,2025-11-12T01:05:43.953000Z
sensor.greenpi_arduino_nano_roomtemp_temperature,30.11,2025-11-12T01:07:24.058000Z
sensor.greenpi_arduino_nano_roomtemp_temperature,29.86,2025-11-12T01:09:04.107000Z
sensor.greenpi_arduino_nano_roomtemp_temperature,29.59,2025-11-12T01:10:44.198000Z
sensor.greenpi_arduino_nano_roomtemp_temperature,29.4,2025-11-12T01:12:24.313000Z
sensor.greenpi_arduino_nano_roomtemp_temperature,29.24,2025-11-12T01:14:04.451000Z
sensor.greenpi_arduino_nano_roomtemp_temperature,29.07,2025-11-12T01:15:44.460000Z
sensor.greenpi_arduino_nano_roomtemp_temperature,28.94,2025-11-12T01:17:24.586000Z
sensor.greenpi_arduino_nano_roomtemp_temperature,28.83,2025-11-12T01:19:04.624000Z
sensor.greenpi_arduino_nano_roomtemp_temperature,28.7,2025-11-12T01:20:44.707000Z
sensor.greenpi_arduino_nano_roomtemp_temperature,28.59,2025-11-12T01:22:24.809000Z
sensor.greenpi_arduino_nano_roomtemp_temperature,28.5,2025-11-12T01:24:04.849000Z
sensor.greenpi_arduino_nano_roomtemp_temperature,28.41,2025-11-12T01:25:44.928000Z
sensor.greenpi_arduino_nano_roomtemp_temperature,28.31,2025-11-12T01:27:25.019000Z
sensor.greenpi_arduino_nano_roomtemp_temperature,28.21,2025-11-12T01:29:05.133000Z
sensor.greenpi_arduino_nano_roomtemp_temperature,28.14,2025-11-12T01:30:45.161000Z
sensor.greenpi_arduino_nano_roomtemp_temperature,28.06,2025-11-12T01:32:25.241000Z
sensor.greenpi_arduino_nano_roomtemp_temperature,27.98,2025-11-12T01:34:05.290000Z
sensor.greenpi_arduino_nano_roomtemp_temperature,27.91,2025-11-12T01:35:45.364000Z
sensor.greenpi_arduino_nano_roomtemp_temperature,27.84,2025-11-12T01:37:25.526000Z
sensor.greenpi_arduino_nano_roomtemp_temperature,27.77,2025-11-12T01:39:05.501000Z
sensor.greenpi_arduino_nano_roomtemp_temperature,27.72,2025-11-12T01:40:45.606000Z
sensor.greenpi_arduino_nano_roomtemp_temperature,27.65,2025-11-12T01:42:25.702000Z
sensor.greenpi_arduino_nano_roomtemp_temperature,27.6,2025-11-12T01:44:05.752000Z
sensor.greenpi_arduino_nano_roomtemp_temperature,27.51,2025-11-12T01:45:45.840000Z
sensor.greenpi_arduino_nano_roomtemp_temperature,27.47,2025-11-12T01:47:25.930000Z
sensor.greenpi_arduino_nano_roomtemp_temperature,27.43,2025-11-12T01:49:05.985000Z
sensor.greenpi_arduino_nano_roomtemp_temperature,27.38,2025-11-12T01:50:46.074000Z
sensor.greenpi_arduino_nano_roomtemp_temperature,27.31,2025-11-12T01:52:26.253000Z
sensor.greenpi_arduino_nano_roomtemp_temperature,27.27,2025-11-12T01:54:06.241000Z
sensor.greenpi_arduino_nano_roomtemp_temperature,27.24,2025-11-12T01:55:46.424000Z
sensor.greenpi_arduino_nano_roomtemp_temperature,27.19,2025-11-12T01:57:26.436000Z
sensor.greenpi_arduino_nano_roomtemp_temperature,27.14,2025-11-12T01:59:06.489000Z
sensor.greenpi_arduino_nano_roomtemp_temperature,27.1,2025-11-12T02:00:46.576000Z
sensor.greenpi_arduino_nano_roomtemp_temperature,27.06,2025-11-12T02:02:26.671000Z
sensor.greenpi_arduino_nano_roomtemp_temperature,27.01,2025-11-12T02:04:06.764000Z
sensor.greenpi_arduino_nano_roomtemp_temperature,26.97,2025-11-12T02:05:46.854000Z
sensor.greenpi_arduino_nano_roomtemp_temperature,26.92,2025-11-12T02:07:26.944000Z
sensor.greenpi_arduino_nano_roomtemp_temperature,26.86,2025-11-12T02:09:06.991000Z
sensor.greenpi_arduino_nano_roomtemp_temperature,26.82,2025-11-12T02:10:47.073000Z
sensor.greenpi_arduino_nano_roomtemp_temperature,26.78,2025-11-12T02:12:27.155000Z
sensor.greenpi_arduino_nano_roomtemp_temperature,26.76,2025-11-12T02:14:07.259000Z
sensor.greenpi_arduino_nano_roomtemp_temperature,26.73,2025-11-12T02:15:47.360000Z
sensor.greenpi_arduino_nano_roomtemp_temperature,26.69,2025-11-12T02:17:27.466000Z
sensor.greenpi_arduino_nano_roomtemp_temperature,26.65,2025-11-12T02:19:07.554000Z
sensor.greenpi_arduino_nano_roomtemp_temperature,26.62,2025-11-12T02:20:47.646000Z
sensor.greenpi_arduino_nano_roomtemp_temperature,26.58,2025-11-12T02:22:27.774000Z
sensor.greenpi_arduino_nano_roomtemp_temperature,26.55,2025-11-12T02:24:07.835000Z
sensor.greenpi_arduino_nano_roomtemp_temperature,26.54,2025-11-12T02:25:47.938000Z
sensor.greenpi_arduino_nano_roomtemp_temperature,26.51,2025-11-12T02:27:28.039000Z
sensor.greenpi_arduino_nano_roomtemp_temperature,26.48,2025-11-12T02:29:08.146000Z
sensor.greenpi_arduino_nano_roomtemp_temperature,26.43,2025-11-12T02:30:48.245000Z
sensor.greenpi_arduino_nano_roomtemp_temperature,26.4,2025-11-12T02:32:28.346000Z
sensor.greenpi_arduino_nano_roomtemp_temperature,26.37,2025-11-12T02:34:08.531000Z
sensor.greenpi_arduino_nano_roomtemp_temperature,26.34,2025-11-12T02:35:48.568000Z
sensor.greenpi_arduino_nano_roomtemp_temperature,26.32,2025-11-12T02:37:28.640000Z
sensor.greenpi_arduino_nano_roomtemp_temperature,26.29,2025-11-12T02:39:08.817000Z
sensor.greenpi_arduino_nano_roomtemp_temperature,26.26,2025-11-12T02:40:48.852000Z
sensor.greenpi_arduino_nano_roomtemp_temperature,26.23,2025-11-12T02:42:28.940000Z
sensor.greenpi_arduino_nano_roomtemp_temperature,26.21,2025-11-12T02:44:09.049000Z
sensor.greenpi_arduino_nano_roomtemp_temperature,26.19,2025-11-12T02:45:49.146000Z
sensor.greenpi_arduino_nano_roomtemp_temperature,26.17,2025-11-12T02:47:29.268000Z
sensor.greenpi_arduino_nano_roomtemp_temperature,26.13,2025-11-12T02:49:09.339000Z
sensor.greenpi_arduino_nano_roomtemp_temperature,26.08,2025-11-12T02:52:29.530000Z
sensor.greenpi_arduino_nano_roomtemp_temperature,26.06,2025-11-12T02:54:09.628000Z
sensor.greenpi_arduino_nano_roomtemp_temperature,26.03,2025-11-12T02:55:49.727000Z
sensor.greenpi_arduino_nano_roomtemp_temperature,26.02,2025-11-12T02:57:29.826000Z
sensor.greenpi_arduino_nano_roomtemp_temperature,26.0,2025-11-12T02:59:09.915000Z
sensor.greenpi_arduino_nano_roomtemp_temperature,25.97,2025-11-12T03:00:50.025000Z
sensor.greenpi_arduino_nano_roomtemp_temperature,25.95,2025-11-12T03:02:30.113000Z
sensor.greenpi_arduino_nano_roomtemp_temperature,25.92,2025-11-12T03:04:10.198000Z
sensor.greenpi_arduino_nano_roomtemp_temperature,25.91,2025-11-12T03:05:50.281000Z
sensor.greenpi_arduino_nano_roomtemp_temperature,25.88,2025-11-12T03:07:30.373000Z
sensor.greenpi_arduino_nano_roomtemp_temperature,25.87,2025-11-12T03:09:10.464000Z
sensor.greenpi_arduino_nano_roomtemp_temperature,25.84,2025-11-12T03:10:50.565000Z
sensor.greenpi_arduino_nano_roomtemp_temperature,25.81,2025-11-12T03:12:30.675000Z
sensor.greenpi_arduino_nano_roomtemp_temperature,25.8,2025-11-12T03:14:10.751000Z
sensor.greenpi_arduino_nano_roomtemp_temperature,25.78,2025-11-12T03:15:50.843000Z
sensor.greenpi_arduino_nano_roomtemp_temperature,25.76,2025-11-12T03:17:30.893000Z
sensor.greenpi_arduino_nano_roomtemp_temperature,25.73,2025-11-12T03:19:10.987000Z
sensor.greenpi_arduino_nano_roomtemp_temperature,25.71,2025-11-12T03:20:51.074000Z
sensor.greenpi_arduino_nano_roomtemp_temperature,25.7,2025-11-12T03:22:31.203000Z
sensor.greenpi_arduino_nano_roomtemp_temperature,25.66,2025-11-12T03:24:11.284000Z
sensor.greenpi_arduino_nano_roomtemp_temperature,25.65,2025-11-12T03:27:31.483000Z
sensor.greenpi_arduino_nano_roomtemp_temperature,25.62,2025-11-12T03:29:11.579000Z
sensor.greenpi_arduino_nano_roomtemp_temperature,25.6,2025-11-12T03:30:51.732000Z
sensor.greenpi_arduino_nano_roomtemp_temperature,25.57,2025-11-12T03:32:31.782000Z
sensor.greenpi_arduino_nano_roomtemp_temperature,25.55,2025-11-12T03:34:11.873000Z
sensor.greenpi_arduino_nano_roomtemp_temperature,25.54,2025-11-12T03:35:51.949000Z
sensor.greenpi_arduino_nano_roomtemp_temperature,25.51,2025-11-12T03:37:32.034000Z
sensor.greenpi_arduino_nano_roomtemp_temperature,25.5,2025-11-12T03:39:12.124000Z
sensor.greenpi_arduino_nano_roomtemp_temperature,25.49,2025-11-12T03:40:52.221000Z
sensor.greenpi_arduino_nano_roomtemp_temperature,25.46,2025-11-12T03:42:32.304000Z
sensor.greenpi_arduino_nano_roomtemp_temperature,25.44,2025-11-12T03:44:12.385000Z
sensor.greenpi_arduino_nano_roomtemp_temperature,25.43,2025-11-12T03:45:52.477000Z
sensor.greenpi_arduino_nano_roomtemp_temperature,25.42,2025-11-12T03:47:32.587000Z
sensor.greenpi_arduino_nano_roomtemp_temperature,25.4,2025-11-12T03:49:12.767000Z
sensor.greenpi_arduino_nano_roomtemp_temperature,25.38,2025-11-12T03:50:52.778000Z
sensor.greenpi_arduino_nano_roomtemp_temperature,25.35,2025-11-12T03:54:12.976000Z
sensor.greenpi_arduino_nano_roomtemp_temperature,25.31,2025-11-12T03:57:33.160000Z
sensor.greenpi_arduino_nano_roomtemp_temperature,25.29,2025-11-12T03:59:13.283000Z
sensor.greenpi_arduino_nano_roomtemp_temperature,25.27,2025-11-12T04:02:33.454000Z
sensor.greenpi_arduino_nano_roomtemp_temperature,25.25,2025-11-12T04:04:13.555000Z
sensor.greenpi_arduino_nano_roomtemp_temperature,25.24,2025-11-12T04:05:53.765000Z
sensor.greenpi_arduino_nano_roomtemp_temperature,25.23,2025-11-12T04:07:33.745000Z
sensor.greenpi_arduino_nano_roomtemp_temperature,25.21,2025-11-12T04:09:13.832000Z
sensor.greenpi_arduino_nano_roomtemp_temperature,25.2,2025-11-12T04:10:53.917000Z
sensor.greenpi_arduino_nano_roomtemp_temperature,25.18,2025-11-12T04:12:34.004000Z
sensor.greenpi_arduino_nano_roomtemp_temperature,25.17,2025-11-12T04:14:14.097000Z
sensor.greenpi_arduino_nano_roomtemp_temperature,25.16,2025-11-12T04:15:54.194000Z
sensor.greenpi_arduino_nano_roomtemp_temperature,25.13,2025-11-12T04:19:14.375000Z
sensor.greenpi_arduino_nano_roomtemp_temperature,25.12,2025-11-12T04:20:54.465000Z
sensor.greenpi_arduino_nano_roomtemp_temperature,25.1,2025-11-12T04:22:34.553000Z
sensor.greenpi_arduino_nano_roomtemp_temperature,25.09,2025-11-12T04:24:14.697000Z
sensor.greenpi_arduino_nano_roomtemp_temperature,25.06,2025-11-12T04:27:34.835000Z
sensor.greenpi_arduino_nano_roomtemp_temperature,25.05,2025-11-12T04:29:14.931000Z
sensor.greenpi_arduino_nano_roomtemp_temperature,25.03,2025-11-12T04:30:55.013000Z
sensor.greenpi_arduino_nano_roomtemp_temperature,25.02,2025-11-12T04:32:35.186000Z
sensor.greenpi_arduino_nano_roomtemp_temperature,25.01,2025-11-12T04:34:15.207000Z
sensor.greenpi_arduino_nano_roomtemp_temperature,24.99,2025-11-12T04:35:55.309000Z
sensor.greenpi_arduino_nano_roomtemp_temperature,24.98,2025-11-12T04:37:35.394000Z
sensor.greenpi_arduino_nano_roomtemp_temperature,24.96,2025-11-12T04:39:15.485000Z
sensor.greenpi_arduino_nano_roomtemp_temperature,24.95,2025-11-12T04:40:55.569000Z
sensor.greenpi_arduino_nano_roomtemp_temperature,24.94,2025-11-12T04:42:35.738000Z
sensor.greenpi_arduino_nano_roomtemp_temperature,24.91,2025-11-12T04:45:55.815000Z
sensor.greenpi_arduino_nano_roomtemp_temperature,24.9,2025-11-12T04:49:15.996000Z
sensor.greenpi_arduino_nano_roomtemp_temperature,24.88,2025-11-12T04:50:56.122000Z
sensor.greenpi_arduino_nano_roomtemp_temperature,24.87,2025-11-12T04:54:16.244000Z
sensor.greenpi_arduino_nano_roomtemp_temperature,24.86,2025-11-12T04:55:56.320000Z
sensor.greenpi_arduino_nano_roomtemp_temperature,24.83,2025-11-12T04:59:16.493000Z
sensor.greenpi_arduino_nano_roomtemp_temperature,24.81,2025-11-12T05:02:36.688000Z
sensor.greenpi_arduino_nano_roomtemp_temperature,24.79,2025-11-12T05:04:16.779000Z
sensor.greenpi_arduino_nano_roomtemp_temperature,24.8,2025-11-12T05:05:56.875000Z
sensor.greenpi_arduino_nano_roomtemp_temperature,24.79,2025-11-12T05:07:36.961000Z
sensor.greenpi_arduino_nano_roomtemp_temperature,24.77,2025-11-12T05:09:17.068000Z
sensor.greenpi_arduino_nano_roomtemp_temperature,24.74,2025-11-12T05:10:57.147000Z
sensor.greenpi_arduino_nano_roomtemp_temperature,24.72,2025-11-12T05:14:17.339000Z
sensor.greenpi_arduino_nano_roomtemp_temperature,24.71,2025-11-12T05:17:37.508000Z
sensor.greenpi_arduino_nano_roomtemp_temperature,24.69,2025-11-12T05:19:17.603000Z
sensor.greenpi_arduino_nano_roomtemp_temperature,24.68,2025-11-12T05:22:37.795000Z
sensor.greenpi_arduino_nano_roomtemp_temperature,24.65,2025-11-12T05:25:57.982000Z
sensor.greenpi_arduino_nano_roomtemp_temperature,24.64,2025-11-12T05:29:18.171000Z
sensor.greenpi_arduino_nano_roomtemp_temperature,24.63,2025-11-12T05:30:58.252000Z
sensor.greenpi_arduino_nano_roomtemp_temperature,24.61,2025-11-12T05:32:38.345000Z
sensor.greenpi_arduino_nano_roomtemp_temperature,24.6,2025-11-12T05:37:38.606000Z
sensor.greenpi_arduino_nano_roomtemp_temperature,24.59,2025-11-12T05:39:18.711000Z
sensor.greenpi_arduino_nano_roomtemp_temperature,24.57,2025-11-12T05:42:38.887000Z
sensor.greenpi_arduino_nano_roomtemp_temperature,24.56,2025-11-12T05:44:18.964000Z
sensor.greenpi_arduino_nano_roomtemp_temperature,24.54,2025-11-12T05:45:59.053000Z
sensor.greenpi_arduino_nano_roomtemp_temperature,24.53,2025-11-12T05:49:19.235000Z
sensor.greenpi_arduino_nano_roomtemp_temperature,24.5,2025-11-12T05:52:39.413000Z
sensor.greenpi_arduino_nano_roomtemp_temperature,24.49,2025-11-12T05:55:59.593000Z
sensor.greenpi_arduino_nano_roomtemp_temperature,24.48,2025-11-12T05:57:39.710000Z
sensor.greenpi_arduino_nano_roomtemp_temperature,24.45,2025-11-12T06:02:39.964000Z
sensor.greenpi_arduino_nano_roomtemp_temperature,24.43,2025-11-12T06:06:00.165000Z
sensor.greenpi_arduino_nano_roomtemp_temperature,24.42,2025-11-12T06:11:00.456000Z
sensor.greenpi_arduino_nano_roomtemp_temperature,24.39,2025-11-12T06:14:20.651000Z
sensor.greenpi_arduino_nano_roomtemp_temperature,24.38,2025-11-12T06:17:40.854000Z
sensor.greenpi_arduino_nano_roomtemp_temperature,24.37,2025-11-12T06:19:20.930000Z
sensor.greenpi_arduino_nano_roomtemp_temperature,24.38,2025-11-12T06:21:01.013000Z
sensor.greenpi_arduino_nano_roomtemp_temperature,24.35,2025-11-12T06:22:41.116000Z
sensor.greenpi_arduino_nano_roomtemp_temperature,24.37,2025-11-12T06:24:21.208000Z
sensor.greenpi_arduino_nano_roomtemp_temperature,24.34,2025-11-12T06:26:01.304000Z
sensor.greenpi_arduino_nano_roomtemp_temperature,24.35,2025-11-12T06:27:41.400000Z
sensor.greenpi_arduino_nano_roomtemp_temperature,24.32,2025-11-12T06:31:01.575000Z
sensor.greenpi_arduino_nano_roomtemp_temperature,24.31,2025-11-12T06:34:21.840000Z
sensor.greenpi_arduino_nano_roomtemp_temperature,24.3,2025-11-12T06:37:41.952000Z
sensor.greenpi_arduino_nano_roomtemp_temperature,24.28,2025-11-12T06:41:02.095000Z
sensor.greenpi_arduino_nano_roomtemp_temperature,24.27,2025-11-12T06:44:22.304000Z
sensor.greenpi_arduino_nano_roomtemp_temperature,24.26,2025-11-12T06:46:02.356000Z
sensor.greenpi_arduino_nano_roomtemp_temperature,24.24,2025-11-12T06:51:02.592000Z
sensor.greenpi_arduino_nano_roomtemp_temperature,24.23,2025-11-12T06:54:22.851000Z
sensor.greenpi_arduino_nano_roomtemp_temperature,24.22,2025-11-12T06:57:42.929000Z
sensor.greenpi_arduino_nano_roomtemp_temperature,24.23,2025-11-12T06:59:23.008000Z
sensor.greenpi_arduino_nano_roomtemp_temperature,24.2,2025-11-12T07:01:03.068000Z
sensor.greenpi_arduino_nano_roomtemp_temperature,24.19,2025-11-12T07:06:03.371000Z
sensor.greenpi_arduino_nano_roomtemp_temperature,24.16,2025-11-12T07:11:03.521000Z
sensor.greenpi_arduino_nano_roomtemp_temperature,24.15,2025-11-12T07:16:03.740000Z
sensor.greenpi_arduino_nano_roomtemp_temperature,24.14,2025-11-12T07:17:43.901000Z
sensor.greenpi_arduino_nano_roomtemp_temperature,24.11,2025-11-12T07:24:24.159000Z
sensor.greenpi_arduino_nano_roomtemp_temperature,24.1,2025-11-12T07:29:24.468000Z
sensor.greenpi_arduino_nano_roomtemp_temperature,24.08,2025-11-12T07:31:04.443000Z
sensor.greenpi_arduino_nano_roomtemp_temperature,24.1,2025-11-12T07:36:04.704000Z
sensor.greenpi_arduino_nano_roomtemp_temperature,24.07,2025-11-12T07:37:44.789000Z
sensor.greenpi_arduino_nano_roomtemp_temperature,24.04,2025-11-12T07:44:25.185000Z
sensor.greenpi_arduino_nano_roomtemp_temperature,24.03,2025-11-12T07:46:05.156000Z
sensor.greenpi_arduino_nano_roomtemp_temperature,24.05,2025-11-12T07:47:45.249000Z
sensor.greenpi_arduino_nano_roomtemp_temperature,24.03,2025-11-12T07:49:25.302000Z
sensor.greenpi_arduino_nano_roomtemp_temperature,24.04,2025-11-12T07:51:05.353000Z
sensor.greenpi_arduino_nano_roomtemp_temperature,24.01,2025-11-12T07:52:45.440000Z
sensor.greenpi_arduino_nano_roomtemp_temperature,24.0,2025-11-12T08:01:05.832000Z
sensor.greenpi_arduino_nano_roomtemp_temperature,23.99,2025-11-12T08:04:26.022000Z
sensor.greenpi_arduino_nano_roomtemp_temperature,23.97,2025-11-12T08:11:06.394000Z
sensor.greenpi_arduino_nano_roomtemp_temperature,23.99,2025-11-12T08:12:46.404000Z
sensor.greenpi_arduino_nano_roomtemp_temperature,23.97,2025-11-12T08:14:26.496000Z
sensor.greenpi_arduino_nano_roomtemp_temperature,23.95,2025-11-12T08:17:46.637000Z
sensor.greenpi_arduino_nano_roomtemp_temperature,23.96,2025-11-12T08:22:46.979000Z
sensor.greenpi_arduino_nano_roomtemp_temperature,23.95,2025-11-12T08:24:27.031000Z
sensor.greenpi_arduino_nano_roomtemp_temperature,23.93,2025-11-12T08:26:07.115000Z
sensor.greenpi_arduino_nano_roomtemp_temperature,23.92,2025-11-12T08:34:27.583000Z
sensor.greenpi_arduino_nano_roomtemp_temperature,23.93,2025-11-12T08:37:47.767000Z
sensor.greenpi_arduino_nano_roomtemp_temperature,23.9,2025-11-12T08:39:27.858000Z
sensor.greenpi_arduino_nano_roomtemp_temperature,23.88,2025-11-12T08:42:48.050000Z
sensor.greenpi_arduino_nano_roomtemp_temperature,23.9,2025-11-12T08:44:28.149000Z
sensor.greenpi_arduino_nano_roomtemp_temperature,23.89,2025-11-12T08:46:08.238000Z
sensor.greenpi_arduino_nano_roomtemp_temperature,23.88,2025-11-12T08:49:28.418000Z
sensor.greenpi_arduino_nano_roomtemp_temperature,23.86,2025-11-12T08:56:08.836000Z
sensor.greenpi_arduino_nano_roomtemp_temperature,23.88,2025-11-12T08:57:48.927000Z
sensor.greenpi_arduino_nano_roomtemp_temperature,24.35,2025-11-12T09:01:09.123000Z
sensor.greenpi_arduino_nano_roomtemp_temperature,25.09,2025-11-12T09:02:49.214000Z
sensor.greenpi_arduino_nano_roomtemp_temperature,25.7,2025-11-12T09:04:29.299000Z
sensor.greenpi_arduino_nano_roomtemp_temperature,26.15,2025-11-12T09:06:09.381000Z
sensor.greenpi_arduino_nano_roomtemp_temperature,26.52,2025-11-12T09:07:49.462000Z
sensor.greenpi_arduino_nano_roomtemp_temperature,26.84,2025-11-12T09:09:29.539000Z
sensor.greenpi_arduino_nano_roomtemp_temperature,27.1,2025-11-12T09:11:09.649000Z
sensor.greenpi_arduino_nano_roomtemp_temperature,27.34,2025-11-12T09:12:49.728000Z
sensor.greenpi_arduino_nano_roomtemp_temperature,27.53,2025-11-12T09:14:29.840000Z
sensor.greenpi_arduino_nano_roomtemp_temperature,27.69,2025-11-12T09:16:09.912000Z
sensor.greenpi_arduino_nano_roomtemp_temperature,27.86,2025-11-12T09:17:49.992000Z
sensor.greenpi_arduino_nano_roomtemp_temperature,27.98,2025-11-12T09:19:30.090000Z
sensor.greenpi_arduino_nano_roomtemp_temperature,28.09,2025-11-12T09:21:10.170000Z
sensor.greenpi_arduino_nano_roomtemp_temperature,28.2,2025-11-12T09:22:50.269000Z
sensor.greenpi_arduino_nano_roomtemp_temperature,28.27,2025-11-12T09:24:30.368000Z
sensor.greenpi_arduino_nano_roomtemp_temperature,28.34,2025-11-12T09:26:10.524000Z
sensor.greenpi_arduino_nano_roomtemp_temperature,28.44,2025-11-12T09:27:50.545000Z
sensor.greenpi_arduino_nano_roomtemp_temperature,28.48,2025-11-12T09:29:30.628000Z
sensor.greenpi_arduino_nano_roomtemp_temperature,28.57,2025-11-12T09:31:10.713000Z
sensor.greenpi_arduino_nano_roomtemp_temperature,28.66,2025-11-12T09:32:50.796000Z
sensor.greenpi_arduino_nano_roomtemp_temperature,28.76,2025-11-12T09:34:30.892000Z
sensor.greenpi_arduino_nano_roomtemp_temperature,28.81,2025-11-12T09:36:10.997000Z
sensor.greenpi_arduino_nano_roomtemp_temperature,28.89,2025-11-12T09:37:51.089000Z
sensor.greenpi_arduino_nano_roomtemp_temperature,28.95,2025-11-12T09:39:31.185000Z
sensor.greenpi_arduino_nano_roomtemp_temperature,29.02,2025-11-12T09:41:11.276000Z
sensor.greenpi_arduino_nano_roomtemp_temperature,29.09,2025-11-12T09:42:51.374000Z
sensor.greenpi_arduino_nano_roomtemp_temperature,29.11,2025-11-12T09:44:31.455000Z
sensor.greenpi_arduino_nano_roomtemp_temperature,29.18,2025-11-12T09:46:11.556000Z
sensor.greenpi_arduino_nano_roomtemp_temperature,29.25,2025-11-12T09:47:51.640000Z
sensor.greenpi_arduino_nano_roomtemp_temperature,29.26,2025-11-12T09:49:31.725000Z
sensor.greenpi_arduino_nano_roomtemp_temperature,29.31,2025-11-12T09:51:11.818000Z
sensor.greenpi_arduino_nano_roomtemp_temperature,29.35,2025-11-12T09:52:51.921000Z
sensor.greenpi_arduino_nano_roomtemp_temperature,29.4,2025-11-12T09:54:32.002000Z
sensor.greenpi_arduino_nano_roomtemp_temperature,29.44,2025-11-12T09:56:12.107000Z
sensor.greenpi_arduino_nano_roomtemp_temperature,29.48,2025-11-12T09:57:52.208000Z
sensor.greenpi_arduino_nano_roomtemp_temperature,29.5,2025-11-12T09:59:32.308000Z
sensor.greenpi_arduino_nano_roomtemp_temperature,29.55,2025-11-12T10:01:12.411000Z
sensor.greenpi_arduino_nano_roomtemp_temperature,29.61,2025-11-12T10:02:52.488000Z
sensor.greenpi_arduino_nano_roomtemp_temperature,29.63,2025-11-12T10:04:32.585000Z
sensor.greenpi_arduino_nano_roomtemp_temperature,29.65,2025-11-12T10:06:12.673000Z
sensor.greenpi_arduino_nano_roomtemp_temperature,29.69,2025-11-12T10:07:52.820000Z
sensor.greenpi_arduino_nano_roomtemp_temperature,29.74,2025-11-12T10:09:32.842000Z
sensor.greenpi_arduino_nano_roomtemp_temperature,29.77,2025-11-12T10:11:12.926000Z
sensor.greenpi_arduino_nano_roomtemp_temperature,29.82,2025-11-12T10:12:53.085000Z
sensor.greenpi_arduino_nano_roomtemp_temperature,29.85,2025-11-12T10:14:33.122000Z
sensor.greenpi_arduino_nano_roomtemp_temperature,29.86,2025-11-12T10:16:13.230000Z
sensor.greenpi_arduino_nano_roomtemp_temperature,29.9,2025-11-12T10:17:53.346000Z
sensor.greenpi_arduino_nano_roomtemp_temperature,29.91,2025-11-12T10:19:33.418000Z
sensor.greenpi_arduino_nano_roomtemp_temperature,29.94,2025-11-12T10:21:13.495000Z
sensor.greenpi_arduino_nano_roomtemp_temperature,29.98,2025-11-12T10:22:53.590000Z
sensor.greenpi_arduino_nano_roomtemp_temperature,30.0,2025-11-12T10:24:33.682000Z
sensor.greenpi_arduino_nano_roomtemp_temperature,30.02,2025-11-12T10:26:13.782000Z
sensor.greenpi_arduino_nano_roomtemp_temperature,30.06,2025-11-12T10:27:53.876000Z
sensor.greenpi_arduino_nano_roomtemp_temperature,30.09,2025-11-12T10:29:33.973000Z
sensor.greenpi_arduino_nano_roomtemp_temperature,30.12,2025-11-12T10:31:14.075000Z
sensor.greenpi_arduino_nano_roomtemp_temperature,30.13,2025-11-12T10:32:54.158000Z
sensor.greenpi_arduino_nano_roomtemp_temperature,30.17,2025-11-12T10:34:34.256000Z
sensor.greenpi_arduino_nano_roomtemp_temperature,30.22,2025-11-12T10:37:54.426000Z
sensor.greenpi_arduino_nano_roomtemp_temperature,30.24,2025-11-12T10:39:34.528000Z
sensor.greenpi_arduino_nano_roomtemp_temperature,30.27,2025-11-12T10:41:14.625000Z
sensor.greenpi_arduino_nano_roomtemp_temperature,30.3,2025-11-12T10:42:54.712000Z
sensor.greenpi_arduino_nano_roomtemp_temperature,30.31,2025-11-12T10:44:34.797000Z
sensor.greenpi_arduino_nano_roomtemp_temperature,30.34,2025-11-12T10:46:14.884000Z
sensor.greenpi_arduino_nano_roomtemp_temperature,30.37,2025-11-12T10:47:54.994000Z
sensor.greenpi_arduino_nano_roomtemp_temperature,30.41,2025-11-12T10:49:35.072000Z
sensor.greenpi_arduino_nano_roomtemp_temperature,30.43,2025-11-12T10:52:55.245000Z
sensor.greenpi_arduino_nano_roomtemp_temperature,30.48,2025-11-12T10:54:35.339000Z
sensor.greenpi_arduino_nano_roomtemp_temperature,30.5,2025-11-12T10:56:15.436000Z
sensor.greenpi_arduino_nano_roomtemp_temperature,30.54,2025-11-12T10:59:35.612000Z
sensor.greenpi_arduino_nano_roomtemp_temperature,30.56,2025-11-12T11:01:15.704000Z
sensor.greenpi_arduino_nano_roomtemp_temperature,30.6,2025-11-12T11:02:55.804000Z
sensor.greenpi_arduino_nano_roomtemp_temperature,30.59,2025-11-12T11:04:35.892000Z
sensor.greenpi_arduino_nano_roomtemp_temperature,30.61,2025-11-12T11:06:15.986000Z
sensor.greenpi_arduino_nano_roomtemp_temperature,30.65,2025-11-12T11:07:56.085000Z
sensor.greenpi_arduino_nano_roomtemp_temperature,30.64,2025-11-12T11:09:36.164000Z
sensor.greenpi_arduino_nano_roomtemp_temperature,30.69,2025-11-12T11:11:16.289000Z
sensor.greenpi_arduino_nano_roomtemp_temperature,30.71,2025-11-12T11:12:56.346000Z
sensor.greenpi_arduino_nano_roomtemp_temperature,30.76,2025-11-12T11:14:36.425000Z
sensor.greenpi_arduino_nano_roomtemp_temperature,30.78,2025-11-12T11:17:56.593000Z
sensor.greenpi_arduino_nano_roomtemp_temperature,30.8,2025-11-12T11:19:36.701000Z
sensor.greenpi_arduino_nano_roomtemp_temperature,30.82,2025-11-12T11:21:16.782000Z
sensor.greenpi_arduino_nano_roomtemp_temperature,30.85,2025-11-12T11:24:36.977000Z
sensor.greenpi_arduino_nano_roomtemp_temperature,30.87,2025-11-12T11:27:57.170000Z
sensor.greenpi_arduino_nano_roomtemp_temperature,30.91,2025-11-12T11:29:37.260000Z
sensor.greenpi_arduino_nano_roomtemp_temperature,30.93,2025-11-12T11:31:17.346000Z
sensor.greenpi_arduino_nano_roomtemp_temperature,30.91,2025-11-12T11:32:57.469000Z
sensor.greenpi_arduino_nano_roomtemp_temperature,30.93,2025-11-12T11:34:37.556000Z
sensor.greenpi_arduino_nano_roomtemp_temperature,30.98,2025-11-12T11:36:17.613000Z
sensor.greenpi_arduino_nano_roomtemp_temperature,31.01,2025-11-12T11:39:37.819000Z
sensor.greenpi_arduino_nano_roomtemp_temperature,31.04,2025-11-12T11:41:17.912000Z
sensor.greenpi_arduino_nano_roomtemp_temperature,31.08,2025-11-12T11:42:58.002000Z
sensor.greenpi_arduino_nano_roomtemp_temperature,31.04,2025-11-12T11:44:38.171000Z
sensor.greenpi_arduino_nano_roomtemp_temperature,31.08,2025-11-12T11:46:18.181000Z
sensor.greenpi_arduino_nano_roomtemp_temperature,31.12,2025-11-12T11:47:58.261000Z
sensor.greenpi_arduino_nano_roomtemp_temperature,31.11,2025-11-12T11:49:38.370000Z
sensor.greenpi_arduino_nano_roomtemp_temperature,31.15,2025-11-12T11:52:58.564000Z
sensor.greenpi_arduino_nano_roomtemp_temperature,31.16,2025-11-12T11:56:18.745000Z
sensor.greenpi_arduino_nano_roomtemp_temperature,31.19,2025-11-12T11:57:58.860000Z
sensor.greenpi_arduino_nano_roomtemp_temperature,31.24,2025-11-12T11:59:38.943000Z
sensor.greenpi_arduino_nano_roomtemp_temperature,31.27,2025-11-12T12:01:19.035000Z
sensor.greenpi_arduino_nano_roomtemp_temperature,31.29,2025-11-12T12:02:59.120000Z
sensor.greenpi_arduino_nano_roomtemp_temperature,31.27,2025-11-12T12:09:39.487000Z
sensor.greenpi_arduino_nano_roomtemp_temperature,31.32,2025-11-12T12:11:19.574000Z
sensor.greenpi_arduino_nano_roomtemp_temperature,31.36,2025-11-12T12:12:59.652000Z
sensor.greenpi_arduino_nano_roomtemp_temperature,31.39,2025-11-12T12:16:19.920000Z
sensor.greenpi_arduino_nano_roomtemp_temperature,31.42,2025-11-12T12:17:59.924000Z
sensor.greenpi_arduino_nano_roomtemp_temperature,31.4,2025-11-12T12:19:40.142000Z
sensor.greenpi_arduino_nano_roomtemp_temperature,31.44,2025-11-12T12:21:20.129000Z
sensor.greenpi_arduino_nano_roomtemp_temperature,31.46,2025-11-12T12:23:00.233000Z
sensor.greenpi_arduino_nano_roomtemp_temperature,31.49,2025-11-12T12:24:40.331000Z
sensor.greenpi_arduino_nano_roomtemp_temperature,31.5,2025-11-12T12:28:00.515000Z
sensor.greenpi_arduino_nano_roomtemp_temperature,31.49,2025-11-12T12:29:40.635000Z
sensor.greenpi_arduino_nano_roomtemp_temperature,31.53,2025-11-12T12:31:20.718000Z
sensor.greenpi_arduino_nano_roomtemp_temperature,31.55,2025-11-12T12:33:00.801000Z
sensor.greenpi_arduino_nano_roomtemp_temperature,31.54,2025-11-12T12:34:40.878000Z
sensor.greenpi_arduino_nano_roomtemp_temperature,31.57,2025-11-12T12:36:21.033000Z
sensor.greenpi_arduino_nano_roomtemp_temperature,31.58,2025-11-12T12:38:01.024000Z
sensor.greenpi_arduino_nano_roomtemp_temperature,31.57,2025-11-12T12:39:41.107000Z
sensor.greenpi_arduino_nano_roomtemp_temperature,31.59,2025-11-12T12:41:21.193000Z
sensor.greenpi_arduino_nano_roomtemp_temperature,31.61,2025-11-12T12:43:01.281000Z
sensor.greenpi_arduino_nano_roomtemp_temperature,31.64,2025-11-12T12:44:41.373000Z
sensor.greenpi_arduino_nano_roomtemp_temperature,31.66,2025-11-12T12:46:21.464000Z
sensor.greenpi_arduino_nano_roomtemp_temperature,31.68,2025-11-12T12:51:21.859000Z
sensor.greenpi_arduino_nano_roomtemp_temperature,31.72,2025-11-12T12:53:01.905000Z
sensor.greenpi_arduino_nano_roomtemp_temperature,31.7,2025-11-12T12:54:42.015000Z
sensor.greenpi_arduino_nano_roomtemp_temperature,31.75,2025-11-12T12:58:02.133000Z
sensor.greenpi_arduino_nano_roomtemp_temperature,31.79,2025-11-12T13:01:22.316000Z
sensor.greenpi_arduino_nano_roomtemp_temperature,31.77,2025-11-12T13:03:02.423000Z
sensor.greenpi_arduino_nano_roomtemp_temperature,31.8,2025-11-12T13:04:42.446000Z
sensor.greenpi_arduino_nano_roomtemp_temperature,31.77,2025-11-12T13:06:22.567000Z
sensor.greenpi_arduino_nano_roomtemp_temperature,31.83,2025-11-12T13:08:02.617000Z
sensor.greenpi_arduino_nano_roomtemp_temperature,31.84,2025-11-12T13:11:22.826000Z
sensor.greenpi_arduino_nano_roomtemp_temperature,31.87,2025-11-12T13:14:43.036000Z
sensor.greenpi_arduino_nano_roomtemp_temperature,31.85,2025-11-12T13:16:23.070000Z
sensor.greenpi_arduino_nano_roomtemp_temperature,31.9,2025-11-12T13:18:03.191000Z
sensor.greenpi_arduino_nano_roomtemp_temperature,31.91,2025-11-12T13:19:43.252000Z
sensor.greenpi_arduino_nano_roomtemp_temperature,31.88,2025-11-12T13:21:23.440000Z
sensor.greenpi_arduino_nano_roomtemp_temperature,31.91,2025-11-12T13:23:03.356000Z
sensor.greenpi_arduino_nano_roomtemp_temperature,31.94,2025-11-12T13:26:23.536000Z
sensor.greenpi_arduino_nano_roomtemp_temperature,31.92,2025-11-12T13:28:03.641000Z
sensor.greenpi_arduino_nano_roomtemp_temperature,31.95,2025-11-12T13:29:43.681000Z
sensor.greenpi_arduino_nano_roomtemp_temperature,31.99,2025-11-12T13:33:03.926000Z
sensor.greenpi_arduino_nano_roomtemp_temperature,32.01,2025-11-12T13:34:43.946000Z
sensor.greenpi_arduino_nano_roomtemp_temperature,31.98,2025-11-12T13:36:24.075000Z
sensor.greenpi_arduino_nano_roomtemp_temperature,32.03,2025-11-12T13:38:04.124000Z
sensor.greenpi_arduino_nano_roomtemp_temperature,32.01,2025-11-12T13:39:44.163000Z
sensor.greenpi_arduino_nano_roomtemp_temperature,32.03,2025-11-12T13:41:24.277000Z
sensor.greenpi_arduino_nano_roomtemp_temperature,32.07,2025-11-12T13:43:04.323000Z
sensor.greenpi_arduino_nano_roomtemp_temperature,32.09,2025-11-12T13:44:44.473000Z
sensor.greenpi_arduino_nano_roomtemp_temperature,32.1,2025-11-12T13:49:44.632000Z
sensor.greenpi_arduino_nano_roomtemp_temperature,32.14,2025-11-12T13:53:04.780000Z
sensor.greenpi_arduino_nano_roomtemp_temperature,32.13,2025-11-12T13:54:44.876000Z
sensor.greenpi_arduino_nano_roomtemp_temperature,32.17,2025-11-12T13:58:05.008000Z
sensor.greenpi_arduino_nano_roomtemp_temperature,32.14,2025-11-12T13:59:45.102000Z
sensor.greenpi_arduino_nano_roomtemp_temperature,32.17,2025-11-12T14:01:25.189000Z
sensor.greenpi_arduino_nano_roomtemp_temperature,32.18,2025-11-12T14:04:45.328000Z
sensor.greenpi_arduino_nano_roomtemp_temperature,32.17,2025-11-12T14:06:25.499000Z
sensor.greenpi_arduino_nano_roomtemp_temperature,32.21,2025-11-12T14:08:05.480000Z
sensor.greenpi_arduino_nano_roomtemp_temperature,32.2,2025-11-12T14:09:45.571000Z
sensor.greenpi_arduino_nano_roomtemp_temperature,32.22,2025-11-12T14:13:05.721000Z
sensor.greenpi_arduino_nano_roomtemp_temperature,32.25,2025-11-12T14:14:45.851000Z
sensor.greenpi_arduino_nano_roomtemp_temperature,32.29,2025-11-12T14:19:46.051000Z
sensor.greenpi_arduino_nano_roomtemp_temperature,32.33,2025-11-12T14:23:06.271000Z
sensor.greenpi_arduino_nano_roomtemp_temperature,32.32,2025-11-12T14:24:46.294000Z
sensor.greenpi_arduino_nano_roomtemp_temperature,32.35,2025-11-12T14:26:26.384000Z
sensor.greenpi_arduino_nano_roomtemp_temperature,32.32,2025-11-12T14:28:06.434000Z
sensor.greenpi_arduino_nano_roomtemp_temperature,32.33,2025-11-12T14:29:46.532000Z
sensor.greenpi_arduino_nano_roomtemp_temperature,32.32,2025-11-12T14:31:26.694000Z
sensor.greenpi_arduino_nano_roomtemp_temperature,32.33,2025-11-12T14:33:06.792000Z
sensor.greenpi_arduino_nano_roomtemp_temperature,32.36,2025-11-12T14:34:46.799000Z
sensor.greenpi_arduino_nano_roomtemp_temperature,32.39,2025-11-12T14:38:06.939000Z
sensor.greenpi_arduino_nano_roomtemp_temperature,32.42,2025-11-12T14:39:47.034000Z
sensor.greenpi_arduino_nano_roomtemp_temperature,32.4,2025-11-12T14:41:27.114000Z
sensor.greenpi_arduino_nano_roomtemp_temperature,32.42,2025-11-12T14:43:07.208000Z
sensor.greenpi_arduino_nano_roomtemp_temperature,32.43,2025-11-12T14:48:07.483000Z
sensor.greenpi_arduino_nano_roomtemp_temperature,32.44,2025-11-12T14:49:47.585000Z
sensor.greenpi_arduino_nano_roomtemp_temperature,32.46,2025-11-12T14:51:27.670000Z
sensor.greenpi_arduino_nano_roomtemp_temperature,32.44,2025-11-12T14:53:07.759000Z
sensor.greenpi_arduino_nano_roomtemp_temperature,32.43,2025-11-12T14:54:47.911000Z
sensor.greenpi_arduino_nano_roomtemp_temperature,32.46,2025-11-12T14:56:27.919000Z
sensor.greenpi_arduino_nano_roomtemp_temperature,32.5,2025-11-12T14:58:08.014000Z
sensor.greenpi_arduino_nano_roomtemp_temperature,32.48,2025-11-12T15:01:28.201000Z
sensor.greenpi_arduino_nano_roomtemp_temperature,32.51,2025-11-12T15:04:48.373000Z
sensor.greenpi_arduino_nano_roomtemp_temperature,32.53,2025-11-12T15:06:28.459000Z
sensor.greenpi_arduino_nano_roomtemp_temperature,32.54,2025-11-12T15:08:08.600000Z
sensor.greenpi_arduino_nano_roomtemp_temperature,32.53,2025-11-12T15:09:48.654000Z
sensor.greenpi_arduino_nano_roomtemp_temperature,32.54,2025-11-12T15:13:08.918000Z
sensor.greenpi_arduino_nano_roomtemp_temperature,32.53,2025-11-12T15:14:49.000000Z
sensor.greenpi_arduino_nano_roomtemp_temperature,32.55,2025-11-12T15:16:29.111000Z
sensor.greenpi_arduino_nano_roomtemp_temperature,32.57,2025-11-12T15:18:09.175000Z
sensor.greenpi_arduino_nano_roomtemp_temperature,32.58,2025-11-12T15:19:49.227000Z
sensor.greenpi_arduino_nano_roomtemp_temperature,32.59,2025-11-12T15:23:09.447000Z
sensor.greenpi_arduino_nano_roomtemp_temperature,32.62,2025-11-12T15:24:49.521000Z
sensor.greenpi_arduino_nano_roomtemp_temperature,32.65,2025-11-12T15:26:29.667000Z
sensor.greenpi_arduino_nano_roomtemp_temperature,32.66,2025-11-12T15:29:49.826000Z
sensor.greenpi_arduino_nano_roomtemp_temperature,32.65,2025-11-12T15:31:29.914000Z
sensor.greenpi_arduino_nano_roomtemp_temperature,32.69,2025-11-12T15:33:09.999000Z
sensor.greenpi_arduino_nano_roomtemp_temperature,32.67,2025-11-12T15:34:50.090000Z
sensor.greenpi_arduino_nano_roomtemp_temperature,32.66,2025-11-12T15:36:30.186000Z
sensor.greenpi_arduino_nano_roomtemp_temperature,32.67,2025-11-12T15:38:10.278000Z
sensor.greenpi_arduino_nano_roomtemp_temperature,32.69,2025-11-12T15:41:30.462000Z
sensor.greenpi_arduino_nano_roomtemp_temperature,32.7,2025-11-12T15:43:10.546000Z
sensor.greenpi_arduino_nano_roomtemp_temperature,32.67,2025-11-12T15:44:50.637000Z
sensor.greenpi_arduino_nano_roomtemp_temperature,32.71,2025-11-12T15:48:10.809000Z
sensor.greenpi_arduino_nano_roomtemp_temperature,32.69,2025-11-12T15:49:50.894000Z
sensor.greenpi_arduino_nano_roomtemp_temperature,32.7,2025-11-12T15:51:30.997000Z
sensor.greenpi_arduino_nano_roomtemp_temperature,32.67,2025-11-12T15:53:11.083000Z
sensor.greenpi_arduino_nano_roomtemp_temperature,32.73,2025-11-12T15:54:51.183000Z
sensor.greenpi_arduino_nano_roomtemp_temperature,32.71,2025-11-12T15:56:31.268000Z
sensor.greenpi_arduino_nano_roomtemp_temperature,32.74,2025-11-12T15:58:11.348000Z
sensor.greenpi_arduino_nano_roomtemp_temperature,32.76,2025-11-12T15:59:51.469000Z
sensor.greenpi_arduino_nano_roomtemp_temperature,32.71,2025-11-12T16:01:31.524000Z
sensor.greenpi_arduino_nano_roomtemp_temperature,32.74,2025-11-12T16:03:11.614000Z
sensor.greenpi_arduino_nano_roomtemp_temperature,32.77,2025-11-12T16:04:51.713000Z
sensor.greenpi_arduino_nano_roomtemp_temperature,32.78,2025-11-12T16:06:31.827000Z
sensor.greenpi_arduino_nano_roomtemp_temperature,32.76,2025-11-12T16:08:11.915000Z
sensor.greenpi_arduino_nano_roomtemp_temperature,32.77,2025-11-12T16:09:51.999000Z
sensor.greenpi_arduino_nano_roomtemp_temperature,32.81,2025-11-12T16:13:12.189000Z
sensor.greenpi_arduino_nano_roomtemp_temperature,32.82,2025-11-12T16:18:12.484000Z
sensor.greenpi_arduino_nano_roomtemp_temperature,32.77,2025-11-12T16:19:52.573000Z
sensor.greenpi_arduino_nano_roomtemp_temperature,32.81,2025-11-12T16:21:32.667000Z
sensor.greenpi_arduino_nano_roomtemp_temperature,32.85,2025-11-12T16:23:12.753000Z
sensor.greenpi_arduino_nano_roomtemp_temperature,32.84,2025-11-12T16:24:52.853000Z
sensor.greenpi_arduino_nano_roomtemp_temperature,32.86,2025-11-12T16:26:32.968000Z
sensor.greenpi_arduino_nano_roomtemp_temperature,32.81,2025-11-12T16:28:13.113000Z
sensor.greenpi_arduino_nano_roomtemp_temperature,32.82,2025-11-12T16:29:53.129000Z
sensor.greenpi_arduino_nano_roomtemp_temperature,32.86,2025-11-12T16:31:33.280000Z
sensor.greenpi_arduino_nano_roomtemp_temperature,32.85,2025-11-12T16:33:13.422000Z
sensor.greenpi_arduino_nano_roomtemp_temperature,32.84,2025-11-12T16:36:33.487000Z
sensor.greenpi_arduino_nano_roomtemp_temperature,32.85,2025-11-12T16:38:13.598000Z
sensor.greenpi_arduino_nano_roomtemp_temperature,32.89,2025-11-12T16:39:53.676000Z
sensor.greenpi_arduino_nano_roomtemp_temperature,32.88,2025-11-12T16:41:33.766000Z
sensor.greenpi_arduino_nano_roomtemp_temperature,32.89,2025-11-12T16:43:13.855000Z
sensor.greenpi_arduino_nano_roomtemp_temperature,32.88,2025-11-12T16:46:34.042000Z
sensor.greenpi_arduino_nano_roomtemp_temperature,32.89,2025-11-12T16:49:54.229000Z
sensor.greenpi_arduino_nano_roomtemp_temperature,32.93,2025-11-12T16:51:34.334000Z
sensor.greenpi_arduino_nano_roomtemp_temperature,32.92,2025-11-12T16:53:14.428000Z
sensor.greenpi_arduino_nano_roomtemp_temperature,32.95,2025-11-12T16:54:54.518000Z
sensor.greenpi_arduino_nano_roomtemp_temperature,32.93,2025-11-12T16:58:14.703000Z
sensor.greenpi_arduino_nano_roomtemp_temperature,32.91,2025-11-12T16:59:54.791000Z
sensor.greenpi_arduino_nano_roomtemp_temperature,32.93,2025-11-12T17:03:14.978000Z
sensor.greenpi_arduino_nano_roomtemp_temperature,32.97,2025-11-12T17:08:15.277000Z
sensor.greenpi_arduino_nano_roomtemp_temperature,32.96,2025-11-12T17:13:15.544000Z
sensor.greenpi_arduino_nano_roomtemp_temperature,33.0,2025-11-12T17:16:35.749000Z
sensor.greenpi_arduino_nano_roomtemp_temperature,32.99,2025-11-12T17:19:55.956000Z
sensor.greenpi_arduino_nano_roomtemp_temperature,32.97,2025-11-12T17:21:36.049000Z
sensor.greenpi_arduino_nano_roomtemp_temperature,32.99,2025-11-12T17:26:36.334000Z
sensor.greenpi_arduino_nano_roomtemp_temperature,32.95,2025-11-12T17:28:16.445000Z
sensor.greenpi_arduino_nano_roomtemp_temperature,32.96,2025-11-12T17:29:56.530000Z
sensor.greenpi_arduino_nano_roomtemp_temperature,32.95,2025-11-12T17:31:36.646000Z
sensor.greenpi_arduino_nano_roomtemp_temperature,32.99,2025-11-12T17:33:16.772000Z
sensor.greenpi_arduino_nano_roomtemp_temperature,32.96,2025-11-12T17:34:56.851000Z
sensor.greenpi_arduino_nano_roomtemp_temperature,32.97,2025-11-12T17:36:36.929000Z
sensor.greenpi_arduino_nano_roomtemp_temperature,32.99,2025-11-12T17:38:17.036000Z
sensor.greenpi_arduino_nano_roomtemp_temperature,32.97,2025-11-12T17:39:57.132000Z
sensor.greenpi_arduino_nano_roomtemp_temperature,32.99,2025-11-12T17:41:37.221000Z
sensor.greenpi_arduino_nano_roomtemp_temperature,33.0,2025-11-12T17:43:17.325000Z
sensor.greenpi_arduino_nano_roomtemp_temperature,32.97,2025-11-12T17:44:57.470000Z
sensor.greenpi_arduino_nano_roomtemp_temperature,32.93,2025-11-12T17:46:37.514000Z
sensor.greenpi_arduino_nano_roomtemp_temperature,32.95,2025-11-12T17:48:17.604000Z
sensor.greenpi_arduino_nano_roomtemp_temperature,33.0,2025-11-12T17:49:57.694000Z
sensor.greenpi_arduino_nano_roomtemp_temperature,33.02,2025-11-12T17:53:17.899000Z
sensor.greenpi_arduino_nano_roomtemp_temperature,33.03,2025-11-12T17:54:57.995000Z
sensor.greenpi_arduino_nano_roomtemp_temperature,33.02,2025-11-12T17:56:38.090000Z
sensor.greenpi_arduino_nano_roomtemp_temperature,33.03,2025-11-12T17:59:58.275000Z
sensor.greenpi_arduino_nano_roomtemp_temperature,33.04,2025-11-12T18:01:38.363000Z
sensor.greenpi_arduino_nano_roomtemp_temperature,33.03,2025-11-12T18:04:58.624000Z
sensor.greenpi_arduino_nano_roomtemp_temperature,33.02,2025-11-12T18:06:38.610000Z
sensor.greenpi_arduino_nano_roomtemp_temperature,33.04,2025-11-12T18:08:18.687000Z
sensor.greenpi_arduino_nano_roomtemp_temperature,33.03,2025-11-12T18:09:58.800000Z
sensor.greenpi_arduino_nano_roomtemp_temperature,33.04,2025-11-12T18:11:38.905000Z
sensor.greenpi_arduino_nano_roomtemp_temperature,33.02,2025-11-12T18:13:18.937000Z
sensor.greenpi_arduino_nano_roomtemp_temperature,33.07,2025-11-12T18:14:59.018000Z
sensor.greenpi_arduino_nano_roomtemp_temperature,33.03,2025-11-12T18:16:39.094000Z
sensor.greenpi_arduino_nano_roomtemp_temperature,33.04,2025-11-12T18:18:19.230000Z
sensor.greenpi_arduino_nano_roomtemp_temperature,33.03,2025-11-12T18:19:59.260000Z
sensor.greenpi_arduino_nano_roomtemp_temperature,33.12,2025-11-12T18:21:39.344000Z
sensor.greenpi_arduino_nano_roomtemp_temperature,33.07,2025-11-12T18:23:19.424000Z
sensor.greenpi_arduino_nano_roomtemp_temperature,33.06,2025-11-12T18:26:39.573000Z
sensor.greenpi_arduino_nano_roomtemp_temperature,33.03,2025-11-12T18:28:19.658000Z
sensor.greenpi_arduino_nano_roomtemp_temperature,33.04,2025-11-12T18:29:59.738000Z
sensor.greenpi_arduino_nano_roomtemp_temperature,33.12,2025-11-12T18:31:39.830000Z
sensor.greenpi_arduino_nano_roomtemp_temperature,33.1,2025-11-12T18:33:19.941000Z
sensor.greenpi_arduino_nano_roomtemp_temperature,33.08,2025-11-12T18:35:00.161000Z
sensor.greenpi_arduino_nano_roomtemp_temperature,33.04,2025-11-12T18:36:40.178000Z
sensor.greenpi_arduino_nano_roomtemp_temperature,33.06,2025-11-12T18:38:20.179000Z
sensor.greenpi_arduino_nano_roomtemp_temperature,33.07,2025-11-12T18:40:00.282000Z
sensor.greenpi_arduino_nano_roomtemp_temperature,33.1,2025-11-12T18:43:20.528000Z
sensor.greenpi_arduino_nano_roomtemp_temperature,33.11,2025-11-12T18:45:00.571000Z
sensor.greenpi_arduino_nano_roomtemp_temperature,33.15,2025-11-12T18:48:20.749000Z
sensor.greenpi_arduino_nano_roomtemp_temperature,33.17,2025-11-12T18:50:00.843000Z
sensor.greenpi_arduino_nano_roomtemp_temperature,33.14,2025-11-12T18:51:40.919000Z
sensor.greenpi_arduino_nano_roomtemp_temperature,33.15,2025-11-12T18:53:21.137000Z
sensor.greenpi_arduino_nano_roomtemp_temperature,33.14,2025-11-12T18:55:01.288000Z
sensor.greenpi_arduino_nano_roomtemp_temperature,33.15,2025-11-12T18:56:41.390000Z
sensor.greenpi_arduino_nano_roomtemp_temperature,33.12,2025-11-12T18:58:21.457000Z
sensor.greenpi_arduino_nano_roomtemp_temperature,33.15,2025-11-12T19:01:41.602000Z
sensor.greenpi_arduino_nano_roomtemp_temperature,33.14,2025-11-12T19:03:21.698000Z
sensor.greenpi_arduino_nano_roomtemp_temperature,33.15,2025-11-12T19:05:01.753000Z
sensor.greenpi_arduino_nano_roomtemp_temperature,33.14,2025-11-12T19:06:41.846000Z
sensor.greenpi_arduino_nano_roomtemp_temperature,33.17,2025-11-12T19:08:21.939000Z
sensor.greenpi_arduino_nano_roomtemp_temperature,33.15,2025-11-12T19:10:01.986000Z
sensor.greenpi_arduino_nano_roomtemp_temperature,33.08,2025-11-12T19:11:42.091000Z
sensor.greenpi_arduino_nano_roomtemp_temperature,33.11,2025-11-12T19:13:22.181000Z
sensor.greenpi_arduino_nano_roomtemp_temperature,33.15,2025-11-12T19:15:02.238000Z
sensor.greenpi_arduino_nano_roomtemp_temperature,33.19,2025-11-12T19:16:42.331000Z
sensor.greenpi_arduino_nano_roomtemp_temperature,33.17,2025-11-12T19:20:02.486000Z
sensor.greenpi_arduino_nano_roomtemp_temperature,33.15,2025-11-12T19:21:42.590000Z
sensor.greenpi_arduino_nano_roomtemp_temperature,33.12,2025-11-12T19:23:22.740000Z
sensor.greenpi_arduino_nano_roomtemp_temperature,33.18,2025-11-12T19:25:02.762000Z
sensor.greenpi_arduino_nano_roomtemp_temperature,33.22,2025-11-12T19:26:42.859000Z
sensor.greenpi_arduino_nano_roomtemp_temperature,33.18,2025-11-12T19:28:22.959000Z
sensor.greenpi_arduino_nano_roomtemp_temperature,33.15,2025-11-12T19:30:03.000000Z
sensor.greenpi_arduino_nano_roomtemp_temperature,33.22,2025-11-12T19:31:43.078000Z
sensor.greenpi_arduino_nano_roomtemp_temperature,33.18,2025-11-12T19:33:23.204000Z
sensor.greenpi_arduino_nano_roomtemp_temperature,33.22,2025-11-12T19:35:03.266000Z
sensor.greenpi_arduino_nano_roomtemp_temperature,33.14,2025-11-12T19:36:43.345000Z
sensor.greenpi_arduino_nano_roomtemp_temperature,33.17,2025-11-12T19:38:23.428000Z
sensor.greenpi_arduino_nano_roomtemp_temperature,33.21,2025-11-12T19:40:03.486000Z
sensor.greenpi_arduino_nano_roomtemp_temperature,33.23,2025-11-12T19:41:43.594000Z
sensor.greenpi_arduino_nano_roomtemp_temperature,33.22,2025-11-12T19:43:23.693000Z
sensor.greenpi_arduino_nano_roomtemp_temperature,33.23,2025-11-12T19:46:43.827000Z
sensor.greenpi_arduino_nano_roomtemp_temperature,33.25,2025-11-12T19:48:23.989000Z
sensor.greenpi_arduino_nano_roomtemp_temperature,33.26,2025-11-12T19:53:24.167000Z
sensor.greenpi_arduino_nano_roomtemp_temperature,33.25,2025-11-12T19:55:04.275000Z
sensor.greenpi_arduino_nano_roomtemp_temperature,33.23,2025-11-12T19:56:44.460000Z
sensor.greenpi_arduino_nano_roomtemp_temperature,33.25,2025-11-12T19:58:24.396000Z
sensor.greenpi_arduino_nano_roomtemp_temperature,33.23,2025-11-12T20:00:04.537000Z
sensor.greenpi_arduino_nano_roomtemp_temperature,33.19,2025-11-12T20:01:44.535000Z
sensor.greenpi_arduino_nano_roomtemp_temperature,33.18,2025-11-12T20:03:24.625000Z
sensor.greenpi_arduino_nano_roomtemp_temperature,33.23,2025-11-12T20:05:04.712000Z
sensor.greenpi_arduino_nano_roomtemp_temperature,33.22,2025-11-12T20:08:24.953000Z
sensor.greenpi_arduino_nano_roomtemp_temperature,33.23,2025-11-12T20:10:04.916000Z
sensor.greenpi_arduino_nano_roomtemp_temperature,33.21,2025-11-12T20:11:45.004000Z
sensor.greenpi_arduino_nano_roomtemp_temperature,33.26,2025-11-12T20:15:05.152000Z
sensor.greenpi_arduino_nano_roomtemp_temperature,33.23,2025-11-12T20:16:45.268000Z
sensor.greenpi_arduino_nano_roomtemp_temperature,33.25,2025-11-12T20:20:05.366000Z
sensor.greenpi_arduino_nano_roomtemp_temperature,33.26,2025-11-12T20:23:25.605000Z
sensor.greenpi_arduino_nano_roomtemp_temperature,33.29,2025-11-12T20:25:05.584000Z
sensor.greenpi_arduino_nano_roomtemp_temperature,33.28,2025-11-12T20:26:45.663000Z
sensor.greenpi_arduino_nano_roomtemp_temperature,33.26,2025-11-12T20:28:25.764000Z
sensor.greenpi_arduino_nano_roomtemp_temperature,33.28,2025-11-12T20:30:05.806000Z
sensor.greenpi_arduino_nano_roomtemp_temperature,33.26,2025-11-12T20:31:45.898000Z
sensor.greenpi_arduino_nano_roomtemp_temperature,33.28,2025-11-12T20:33:26.000000Z
sensor.greenpi_arduino_nano_roomtemp_temperature,33.25,2025-11-12T20:35:06.042000Z
sensor.greenpi_arduino_nano_roomtemp_temperature,33.26,2025-11-12T20:38:26.233000Z
sensor.greenpi_arduino_nano_roomtemp_temperature,33.25,2025-11-12T20:40:06.318000Z
sensor.greenpi_arduino_nano_roomtemp_temperature,33.3,2025-11-12T20:41:46.375000Z
sensor.greenpi_arduino_nano_roomtemp_temperature,33.25,2025-11-12T20:43:26.478000Z
sensor.greenpi_arduino_nano_roomtemp_temperature,33.26,2025-11-12T20:45:06.533000Z
sensor.greenpi_arduino_nano_roomtemp_temperature,33.28,2025-11-12T20:46:46.614000Z
sensor.greenpi_arduino_nano_roomtemp_temperature,33.26,2025-11-12T20:48:26.708000Z
sensor.greenpi_arduino_nano_roomtemp_temperature,33.28,2025-11-12T20:50:06.800000Z
sensor.greenpi_arduino_nano_roomtemp_temperature,33.3,2025-11-12T20:51:46.903000Z
sensor.greenpi_arduino_nano_roomtemp_temperature,33.29,2025-11-12T20:53:27.006000Z
sensor.greenpi_arduino_nano_roomtemp_temperature,33.23,2025-11-12T20:55:07.098000Z
sensor.greenpi_arduino_nano_roomtemp_temperature,33.25,2025-11-12T20:56:47.191000Z
sensor.greenpi_arduino_nano_roomtemp_temperature,33.3,2025-11-12T20:58:27.294000Z
sensor.greenpi_arduino_nano_roomtemp_temperature,33.32,2025-11-12T21:00:07.386000Z
sensor.greenpi_arduino_nano_roomtemp_temperature,33.29,2025-11-12T21:01:47.559000Z
sensor.greenpi_arduino_nano_roomtemp_temperature,33.26,2025-11-12T21:03:27.627000Z
sensor.greenpi_arduino_nano_roomtemp_temperature,33.29,2025-11-12T21:05:07.692000Z
sensor.greenpi_arduino_nano_roomtemp_temperature,33.26,2025-11-12T21:08:27.873000Z
sensor.greenpi_arduino_nano_roomtemp_temperature,33.29,2025-11-12T21:10:07.966000Z
sensor.greenpi_arduino_nano_roomtemp_temperature,33.26,2025-11-12T21:11:48.062000Z
sensor.greenpi_arduino_nano_roomtemp_temperature,33.3,2025-11-12T21:13:28.150000Z
sensor.greenpi_arduino_nano_roomtemp_temperature,33.28,2025-11-12T21:15:08.311000Z
sensor.greenpi_arduino_nano_roomtemp_temperature,33.26,2025-11-12T21:18:28.434000Z
sensor.greenpi_arduino_nano_roomtemp_temperature,33.25,2025-11-12T21:20:08.525000Z
sensor.greenpi_arduino_nano_roomtemp_temperature,33.26,2025-11-12T21:21:48.622000Z
sensor.greenpi_arduino_nano_roomtemp_temperature,33.28,2025-11-12T21:23:28.721000Z
sensor.greenpi_arduino_nano_roomtemp_temperature,33.3,2025-11-12T21:25:08.804000Z
sensor.greenpi_arduino_nano_roomtemp_temperature,33.32,2025-11-12T21:26:48.997000Z
sensor.greenpi_arduino_nano_roomtemp_temperature,33.3,2025-11-12T21:28:29.016000Z
sensor.greenpi_arduino_nano_roomtemp_temperature,33.29,2025-11-12T21:31:49.186000Z
sensor.greenpi_arduino_nano_roomtemp_temperature,33.28,2025-11-12T21:33:29.269000Z
sensor.greenpi_arduino_nano_roomtemp_temperature,33.26,2025-11-12T21:35:09.349000Z
sensor.greenpi_arduino_nano_roomtemp_temperature,33.3,2025-11-12T21:36:49.440000Z
sensor.greenpi_arduino_nano_roomtemp_temperature,33.32,2025-11-12T21:38:29.530000Z
sensor.greenpi_arduino_nano_roomtemp_temperature,33.3,2025-11-12T21:40:09.625000Z
sensor.greenpi_arduino_nano_roomtemp_temperature,33.29,2025-11-12T21:41:49.736000Z
sensor.greenpi_arduino_nano_roomtemp_temperature,33.28,2025-11-12T21:43:29.824000Z
sensor.greenpi_arduino_nano_roomtemp_temperature,33.29,2025-11-12T21:45:09.913000Z
sensor.greenpi_arduino_nano_roomtemp_temperature,33.3,2025-11-12T21:46:50.008000Z
sensor.greenpi_arduino_nano_roomtemp_temperature,33.28,2025-11-12T21:48:30.088000Z
sensor.greenpi_arduino_nano_roomtemp_temperature,33.29,2025-11-12T21:50:10.188000Z
sensor.greenpi_arduino_nano_roomtemp_temperature,33.3,2025-11-12T21:51:50.293000Z
sensor.greenpi_arduino_nano_roomtemp_temperature,33.32,2025-11-12T21:53:30.482000Z
sensor.greenpi_arduino_nano_roomtemp_temperature,33.34,2025-11-12T21:55:10.504000Z
sensor.greenpi_arduino_nano_roomtemp_temperature,33.32,2025-11-12T21:58:30.743000Z
sensor.greenpi_arduino_nano_roomtemp_temperature,33.26,2025-11-12T22:01:50.907000Z
sensor.greenpi_arduino_nano_roomtemp_temperature,33.3,2025-11-12T22:03:31.013000Z
sensor.greenpi_arduino_nano_roomtemp_temperature,33.33,2025-11-12T22:05:11.132000Z
sensor.greenpi_arduino_nano_roomtemp_temperature,33.34,2025-11-12T22:06:51.228000Z
sensor.greenpi_arduino_nano_roomtemp_temperature,33.3,2025-11-12T22:08:31.334000Z
sensor.greenpi_arduino_nano_roomtemp_temperature,33.32,2025-11-12T22:10:11.420000Z
sensor.greenpi_arduino_nano_roomtemp_temperature,33.29,2025-11-12T22:11:51.521000Z
sensor.greenpi_arduino_nano_roomtemp_temperature,33.3,2025-11-12T22:13:31.669000Z
sensor.greenpi_arduino_nano_roomtemp_temperature,33.29,2025-11-12T22:15:11.746000Z
sensor.greenpi_arduino_nano_roomtemp_temperature,33.3,2025-11-12T22:16:51.844000Z
sensor.greenpi_arduino_nano_roomtemp_temperature,33.32,2025-11-12T22:18:31.944000Z
sensor.greenpi_arduino_nano_roomtemp_temperature,33.26,2025-11-12T22:20:12.040000Z
sensor.greenpi_arduino_nano_roomtemp_temperature,33.3,2025-11-12T22:21:52.151000Z
sensor.greenpi_arduino_nano_roomtemp_temperature,33.29,2025-11-12T22:26:52.419000Z
sensor.greenpi_arduino_nano_roomtemp_temperature,33.32,2025-11-12T22:28:32.529000Z
sensor.greenpi_arduino_nano_roomtemp_temperature,33.33,2025-11-12T22:30:12.640000Z
sensor.greenpi_arduino_nano_roomtemp_temperature,33.3,2025-11-12T22:31:52.775000Z
sensor.greenpi_arduino_nano_roomtemp_temperature,33.33,2025-11-12T22:33:32.903000Z
sensor.greenpi_arduino_nano_roomtemp_temperature,33.34,2025-11-12T22:35:12.923000Z
sensor.greenpi_arduino_nano_roomtemp_temperature,33.33,2025-11-12T22:38:33.079000Z
sensor.greenpi_arduino_nano_roomtemp_temperature,33.32,2025-11-12T22:40:13.156000Z
sensor.greenpi_arduino_nano_roomtemp_temperature,33.26,2025-11-12T22:41:53.270000Z
sensor.greenpi_arduino_nano_roomtemp_temperature,33.29,2025-11-12T22:43:33.322000Z
sensor.greenpi_arduino_nano_roomtemp_temperature,33.32,2025-11-12T22:45:13.402000Z
sensor.greenpi_arduino_nano_roomtemp_temperature,33.33,2025-11-12T22:48:33.587000Z
sensor.greenpi_arduino_nano_roomtemp_temperature,33.3,2025-11-12T22:55:13.972000Z
sensor.greenpi_arduino_nano_roomtemp_temperature,33.33,2025-11-12T22:56:54.052000Z
sensor.greenpi_arduino_nano_roomtemp_temperature,33.3,2025-11-12T22:58:34.145000Z
sensor.greenpi_arduino_nano_roomtemp_temperature,33.29,2025-11-12T23:00:14.238000Z
sensor.greenpi_arduino_nano_roomtemp_temperature,33.26,2025-11-12T23:05:14.489000Z
sensor.greenpi_arduino_nano_roomtemp_temperature,33.29,2025-11-12T23:06:54.570000Z
sensor.greenpi_arduino_nano_roomtemp_temperature,33.25,2025-11-12T23:08:34.662000Z
sensor.greenpi_arduino_nano_roomtemp_temperature,33.28,2025-11-12T23:10:14.761000Z
sensor.greenpi_arduino_nano_roomtemp_temperature,33.25,2025-11-12T23:13:34.963000Z
sensor.greenpi_arduino_nano_roomtemp_temperature,33.28,2025-11-12T23:15:15.032000Z
sensor.greenpi_arduino_nano_roomtemp_temperature,33.29,2025-11-12T23:16:55.126000Z
sensor.greenpi_arduino_nano_roomtemp_temperature,33.28,2025-11-12T23:18:35.211000Z
sensor.greenpi_arduino_nano_roomtemp_temperature,33.26,2025-11-12T23:20:15.318000Z
sensor.greenpi_arduino_nano_roomtemp_temperature,33.25,2025-11-12T23:21:55.435000Z
sensor.greenpi_arduino_nano_roomtemp_temperature,33.26,2025-11-12T23:23:35.516000Z
sensor.greenpi_arduino_nano_roomtemp_temperature,33.28,2025-11-12T23:25:15.614000Z
sensor.greenpi_arduino_nano_roomtemp_temperature,33.29,2025-11-12T23:30:15.888000Z
sensor.greenpi_arduino_nano_roomtemp_temperature,33.3,2025-11-12T23:31:56.006000Z
sensor.greenpi_arduino_nano_roomtemp_temperature,33.33,2025-11-12T23:33:36.099000Z
sensor.greenpi_arduino_nano_roomtemp_temperature,33.29,2025-11-12T23:35:16.178000Z
sensor.greenpi_arduino_nano_roomtemp_temperature,33.26,2025-11-12T23:36:56.275000Z
sensor.greenpi_arduino_nano_roomtemp_temperature,33.29,2025-11-12T23:38:36.377000Z
sensor.greenpi_arduino_nano_roomtemp_temperature,33.28,2025-11-12T23:41:56.427000Z
sensor.greenpi_arduino_nano_roomtemp_temperature,33.25,2025-11-12T23:43:36.526000Z
sensor.greenpi_arduino_nano_roomtemp_temperature,33.28,2025-11-12T23:45:16.629000Z
sensor.greenpi_arduino_nano_roomtemp_temperature,33.26,2025-11-12T23:51:56.923000Z
sensor.greenpi_arduino_nano_roomtemp_temperature,33.23,2025-11-12T23:53:36.954000Z
sensor.greenpi_arduino_nano_roomtemp_temperature,33.22,2025-11-12T23:55:17.031000Z
sensor.greenpi_arduino_nano_roomtemp_temperature,33.25,2025-11-12T23:56:57.164000Z
sensor.greenpi_arduino_nano_roomtemp_temperature,33.26,2025-11-12T23:58:37.167000Z
sensor.greenpi_arduino_nano_roomtemp_temperature,33.22,2025-11-13T00:00:17.241000Z
sensor.greenpi_arduino_nano_roomtemp_temperature,33.25,2025-11-13T00:01:57.323000Z
sensor.greenpi_arduino_nano_roomtemp_temperature,33.26,2025-11-13T00:06:57.557000Z
sensor.greenpi_arduino_nano_roomtemp_temperature,33.23,2025-11-13T00:08:37.969000Z
sensor.greenpi_arduino_nano_roomtemp_temperature,33.25,2025-11-13T00:10:18.057000Z
sensor.greenpi_arduino_nano_roomtemp_temperature,33.22,2025-11-13T00:15:18.349000Z
sensor.greenpi_arduino_nano_roomtemp_temperature,33.25,2025-11-13T00:16:58.489000Z
sensor.greenpi_arduino_nano_roomtemp_temperature,33.22,2025-11-13T00:18:38.506000Z
sensor.greenpi_arduino_nano_roomtemp_temperature,33.23,2025-11-13T00:20:18.592000Z
sensor.greenpi_arduino_nano_roomtemp_temperature,33.25,2025-11-13T00:23:38.823000Z
sensor.greenpi_arduino_nano_roomtemp_temperature,33.22,2025-11-13T00:25:18.924000Z
sensor.greenpi_arduino_nano_roomtemp_temperature,33.23,2025-11-13T00:30:19.210000Z
sensor.greenpi_arduino_nano_roomtemp_temperature,33.21,2025-11-13T00:31:59.307000Z
sensor.greenpi_arduino_nano_roomtemp_temperature,33.25,2025-11-13T00:33:39.412000Z
sensor.greenpi_arduino_nano_roomtemp_temperature,33.21,2025-11-13T00:36:59.596000Z
sensor.greenpi_arduino_nano_roomtemp_temperature,33.22,2025-11-13T00:38:39.692000Z
sensor.greenpi_arduino_nano_roomtemp_temperature,33.23,2025-11-13T00:40:19.837000Z
sensor.greenpi_arduino_nano_roomtemp_temperature,33.26,2025-11-13T00:41:59.884000Z
sensor.greenpi_arduino_nano_roomtemp_temperature,33.25,2025-11-13T00:43:39.986000Z
sensor.greenpi_arduino_nano_roomtemp_temperature,33.28,2025-11-13T00:47:00.209000Z
sensor.greenpi_arduino_nano_roomtemp_temperature,33.23,2025-11-13T00:48:40.254000Z
sensor.greenpi_arduino_nano_roomtemp_temperature,33.25,2025-11-13T00:50:20.344000Z
sensor.greenpi_arduino_nano_roomtemp_temperature,33.26,2025-11-13T00:52:00.446000Z
sensor.greenpi_arduino_nano_roomtemp_temperature,33.23,2025-11-13T00:58:40.803000Z
sensor.greenpi_arduino_nano_roomtemp_temperature,33.14,2025-11-13T01:00:20.906000Z
sensor.greenpi_arduino_nano_roomtemp_temperature,32.46,2025-11-13T01:02:01.014000Z
sensor.greenpi_arduino_nano_roomtemp_temperature,31.85,2025-11-13T01:03:41.097000Z
sensor.greenpi_arduino_nano_roomtemp_temperature,31.4,2025-11-13T01:05:21.190000Z
sensor.greenpi_arduino_nano_roomtemp_temperature,31.04,2025-11-13T01:07:01.364000Z
sensor.greenpi_arduino_nano_roomtemp_temperature,30.75,2025-11-13T01:08:41.396000Z
sensor.greenpi_arduino_nano_roomtemp_temperature,30.52,2025-11-13T01:10:21.486000Z
sensor.greenpi_arduino_nano_roomtemp_temperature,30.32,2025-11-13T01:12:01.597000Z
sensor.greenpi_arduino_nano_roomtemp_temperature,30.16,2025-11-13T01:13:41.694000Z
sensor.greenpi_arduino_nano_roomtemp_temperature,30.0,2025-11-13T01:15:21.788000Z
sensor.greenpi_arduino_nano_roomtemp_temperature,29.86,2025-11-13T01:17:01.862000Z
sensor.greenpi_arduino_nano_roomtemp_temperature,29.73,2025-11-13T01:18:41.951000Z
sensor.greenpi_arduino_nano_roomtemp_temperature,29.59,2025-11-13T01:20:22.050000Z
sensor.greenpi_arduino_nano_roomtemp_temperature,29.48,2025-11-13T01:22:02.113000Z
sensor.greenpi_arduino_nano_roomtemp_temperature,29.39,2025-11-13T01:23:42.190000Z
sensor.greenpi_arduino_nano_roomtemp_temperature,29.29,2025-11-13T01:25:22.262000Z
sensor.greenpi_arduino_nano_roomtemp_temperature,29.21,2025-11-13T01:27:02.353000Z
sensor.greenpi_arduino_nano_roomtemp_temperature,29.13,2025-11-13T01:28:42.442000Z
sensor.greenpi_arduino_nano_roomtemp_temperature,29.04,2025-11-13T01:30:22.520000Z
sensor.greenpi_arduino_nano_roomtemp_temperature,28.96,2025-11-13T01:32:02.579000Z
sensor.greenpi_arduino_nano_roomtemp_temperature,28.89,2025-11-13T01:33:42.681000Z
sensor.greenpi_arduino_nano_roomtemp_temperature,28.83,2025-11-13T01:35:22.791000Z
sensor.greenpi_arduino_nano_roomtemp_temperature,28.77,2025-11-13T01:37:02.974000Z
sensor.greenpi_arduino_nano_roomtemp_temperature,28.7,2025-11-13T01:38:42.931000Z
sensor.greenpi_arduino_nano_roomtemp_temperature,28.63,2025-11-13T01:40:23.015000Z
sensor.greenpi_arduino_nano_roomtemp_temperature,28.58,2025-11-13T01:42:03.062000Z
sensor.greenpi_arduino_nano_roomtemp_temperature,28.54,2025-11-13T01:43:43.218000Z
sensor.greenpi_arduino_nano_roomtemp_temperature,28.47,2025-11-13T01:45:23.277000Z
sensor.greenpi_arduino_nano_roomtemp_temperature,28.41,2025-11-13T01:47:03.418000Z
sensor.greenpi_arduino_nano_roomtemp_temperature,28.34,2025-11-13T01:48:43.423000Z
sensor.greenpi_arduino_nano_roomtemp_temperature,28.3,2025-11-13T01:50:23.502000Z
sensor.greenpi_arduino_nano_roomtemp_temperature,28.24,2025-11-13T01:52:03.553000Z
sensor.greenpi_arduino_nano_roomtemp_temperature,28.2,2025-11-13T01:53:43.661000Z
sensor.greenpi_arduino_nano_roomtemp_temperature,28.16,2025-11-13T01:55:23.713000Z
sensor.greenpi_arduino_nano_roomtemp_temperature,28.12,2025-11-13T01:57:03.749000Z
sensor.greenpi_arduino_nano_roomtemp_temperature,28.06,2025-11-13T01:58:43.834000Z
sensor.greenpi_arduino_nano_roomtemp_temperature,28.04,2025-11-13T02:00:23.905000Z
sensor.greenpi_arduino_nano_roomtemp_temperature,27.98,2025-11-13T02:02:03.952000Z
sensor.greenpi_arduino_nano_roomtemp_temperature,27.94,2025-11-13T02:03:44.039000Z
sensor.greenpi_arduino_nano_roomtemp_temperature,27.91,2025-11-13T02:05:24.134000Z
sensor.greenpi_arduino_nano_roomtemp_temperature,27.87,2025-11-13T02:07:04.223000Z
sensor.greenpi_arduino_nano_roomtemp_temperature,27.83,2025-11-13T02:08:44.277000Z
sensor.greenpi_arduino_nano_roomtemp_temperature,27.79,2025-11-13T02:10:24.368000Z
sensor.greenpi_arduino_nano_roomtemp_temperature,27.75,2025-11-13T02:12:04.474000Z
sensor.greenpi_arduino_nano_roomtemp_temperature,27.72,2025-11-13T02:13:44.498000Z
sensor.greenpi_arduino_nano_roomtemp_temperature,27.67,2025-11-13T02:15:24.587000Z
sensor.greenpi_arduino_nano_roomtemp_temperature,27.62,2025-11-13T02:17:04.633000Z
sensor.greenpi_arduino_nano_roomtemp_temperature,27.6,2025-11-13T02:18:44.717000Z
sensor.greenpi_arduino_nano_roomtemp_temperature,27.57,2025-11-13T02:20:24.808000Z
sensor.greenpi_arduino_nano_roomtemp_temperature,27.53,2025-11-13T02:22:04.853000Z
sensor.greenpi_arduino_nano_roomtemp_temperature,27.51,2025-11-13T02:23:45.006000Z
sensor.greenpi_arduino_nano_roomtemp_temperature,27.47,2025-11-13T02:25:25.025000Z
sensor.greenpi_arduino_nano_roomtemp_temperature,27.45,2025-11-13T02:27:05.068000Z
sensor.greenpi_arduino_nano_roomtemp_temperature,27.41,2025-11-13T02:28:45.197000Z
sensor.greenpi_arduino_nano_roomtemp_temperature,27.39,2025-11-13T02:30:25.266000Z
sensor.greenpi_arduino_nano_roomtemp_temperature,27.35,2025-11-13T02:32:05.278000Z
sensor.greenpi_arduino_nano_roomtemp_temperature,27.34,2025-11-13T02:33:45.403000Z
sensor.greenpi_arduino_nano_roomtemp_temperature,27.31,2025-11-13T02:35:25.537000Z
sensor.greenpi_arduino_nano_roomtemp_temperature,27.28,2025-11-13T02:37:05.524000Z
sensor.greenpi_arduino_nano_roomtemp_temperature,27.25,2025-11-13T02:38:45.608000Z
sensor.greenpi_arduino_nano_roomtemp_temperature,27.21,2025-11-13T02:40:25.695000Z
sensor.greenpi_arduino_nano_roomtemp_temperature,27.2,2025-11-13T02:42:05.747000Z
sensor.greenpi_arduino_nano_roomtemp_temperature,27.16,2025-11-13T02:43:45.822000Z
sensor.greenpi_arduino_nano_roomtemp_temperature,27.14,2025-11-13T02:45:25.933000Z
sensor.greenpi_arduino_nano_roomtemp_temperature,27.1,2025-11-13T02:47:06.017000Z
sensor.greenpi_arduino_nano_roomtemp_temperature,27.09,2025-11-13T02:48:46.202000Z
sensor.greenpi_arduino_nano_roomtemp_temperature,27.06,2025-11-13T02:50:26.239000Z
sensor.greenpi_arduino_nano_roomtemp_temperature,27.05,2025-11-13T02:52:06.302000Z
sensor.greenpi_arduino_nano_roomtemp_temperature,27.01,2025-11-13T02:53:46.401000Z
sensor.greenpi_arduino_nano_roomtemp_temperature,26.98,2025-11-13T02:55:26.517000Z
sensor.greenpi_arduino_nano_roomtemp_temperature,26.96,2025-11-13T02:57:06.578000Z
sensor.greenpi_arduino_nano_roomtemp_temperature,26.92,2025-11-13T02:58:46.675000Z
sensor.greenpi_arduino_nano_roomtemp_temperature,26.91,2025-11-13T03:00:26.770000Z
sensor.greenpi_arduino_nano_roomtemp_temperature,26.88,2025-11-13T03:02:06.871000Z
sensor.greenpi_arduino_nano_roomtemp_temperature,26.85,2025-11-13T03:03:46.949000Z
sensor.greenpi_arduino_nano_roomtemp_temperature,26.84,2025-11-13T03:05:27.030000Z
sensor.greenpi_arduino_nano_roomtemp_temperature,26.82,2025-11-13T03:07:07.156000Z
sensor.greenpi_arduino_nano_roomtemp_temperature,26.8,2025-11-13T03:08:47.208000Z
sensor.greenpi_arduino_nano_roomtemp_temperature,26.78,2025-11-13T03:10:27.301000Z
sensor.greenpi_arduino_nano_roomtemp_temperature,26.74,2025-11-13T03:12:07.405000Z
sensor.greenpi_arduino_nano_roomtemp_temperature,26.73,2025-11-13T03:13:47.524000Z
sensor.greenpi_arduino_nano_roomtemp_temperature,26.71,2025-11-13T03:15:27.593000Z
sensor.greenpi_arduino_nano_roomtemp_temperature,26.69,2025-11-13T03:17:07.682000Z
sensor.greenpi_arduino_nano_roomtemp_temperature,26.66,2025-11-13T03:18:47.769000Z
sensor.greenpi_arduino_nano_roomtemp_temperature,26.65,2025-11-13T03:20:27.863000Z
sensor.greenpi_arduino_nano_roomtemp_temperature,26.62,2025-11-13T03:22:08.046000Z
sensor.greenpi_arduino_nano_roomtemp_temperature,26.6,2025-11-13T03:23:48.060000Z
sensor.greenpi_arduino_nano_roomtemp_temperature,26.58,2025-11-13T03:25:28.157000Z
sensor.greenpi_arduino_nano_roomtemp_temperature,26.56,2025-11-13T03:27:08.253000Z
sensor.greenpi_arduino_nano_roomtemp_temperature,26.55,2025-11-13T03:28:48.334000Z
sensor.greenpi_arduino_nano_roomtemp_temperature,26.52,2025-11-13T03:30:28.443000Z
sensor.greenpi_arduino_nano_roomtemp_temperature,26.51,2025-11-13T03:32:08.522000Z
sensor.greenpi_arduino_nano_roomtemp_temperature,26.49,2025-11-13T03:33:48.729000Z
sensor.greenpi_arduino_nano_roomtemp_temperature,26.47,2025-11-13T03:35:28.729000Z
sensor.greenpi_arduino_nano_roomtemp_temperature,26.45,2025-11-13T03:37:08.828000Z
sensor.greenpi_arduino_nano_roomtemp_temperature,26.43,2025-11-13T03:38:48.925000Z
sensor.greenpi_arduino_nano_roomtemp_temperature,26.4,2025-11-13T03:42:09.110000Z
sensor.greenpi_arduino_nano_roomtemp_temperature,26.39,2025-11-13T03:43:49.199000Z
sensor.greenpi_arduino_nano_roomtemp_temperature,26.37,2025-11-13T03:45:29.291000Z
sensor.greenpi_arduino_nano_roomtemp_temperature,26.34,2025-11-13T03:47:09.402000Z
sensor.greenpi_arduino_nano_roomtemp_temperature,26.32,2025-11-13T03:48:49.481000Z
sensor.greenpi_arduino_nano_roomtemp_temperature,26.3,2025-11-13T03:50:29.615000Z
sensor.greenpi_arduino_nano_roomtemp_temperature,26.29,2025-11-13T03:52:09.677000Z
sensor.greenpi_arduino_nano_roomtemp_temperature,26.28,2025-11-13T03:53:49.763000Z
sensor.greenpi_arduino_nano_roomtemp_temperature,26.26,2025-11-13T03:55:29.838000Z
sensor.greenpi_arduino_nano_roomtemp_temperature,26.25,2025-11-13T03:57:09.971000Z
sensor.greenpi_arduino_nano_roomtemp_temperature,26.22,2025-11-13T03:58:50.006000Z
sensor.greenpi_arduino_nano_roomtemp_temperature,26.21,2025-11-13T04:00:30.078000Z
sensor.greenpi_arduino_nano_roomtemp_temperature,26.19,2025-11-13T04:02:10.159000Z
sensor.greenpi_arduino_nano_roomtemp_temperature,26.18,2025-11-13T04:03:50.240000Z
sensor.greenpi_arduino_nano_roomtemp_temperature,26.17,2025-11-13T04:05:30.338000Z
sensor.greenpi_arduino_nano_roomtemp_temperature,26.15,2025-11-13T04:07:10.411000Z
sensor.greenpi_arduino_nano_roomtemp_temperature,26.14,2025-11-13T04:08:50.520000Z
sensor.greenpi_arduino_nano_roomtemp_temperature,26.13,2025-11-13T04:10:30.606000Z
sensor.greenpi_arduino_nano_roomtemp_temperature,26.1,2025-11-13T04:12:10.748000Z
sensor.greenpi_arduino_nano_roomtemp_temperature,26.08,2025-11-13T04:15:30.995000Z
sensor.greenpi_arduino_nano_roomtemp_temperature,26.06,2025-11-13T04:17:10.997000Z
sensor.greenpi_arduino_nano_roomtemp_temperature,26.04,2025-11-13T04:20:31.157000Z
sensor.greenpi_arduino_nano_roomtemp_temperature,26.02,2025-11-13T04:22:11.248000Z
sensor.greenpi_arduino_nano_roomtemp_temperature,26.0,2025-11-13T04:23:51.344000Z
sensor.greenpi_arduino_nano_roomtemp_temperature,25.99,2025-11-13T04:27:11.524000Z
sensor.greenpi_arduino_nano_roomtemp_temperature,25.97,2025-11-13T04:28:51.614000Z
sensor.greenpi_arduino_nano_roomtemp_temperature,25.95,2025-11-13T04:30:31.688000Z
sensor.greenpi_arduino_nano_roomtemp_temperature,25.92,2025-11-13T04:33:51.869000Z
sensor.greenpi_arduino_nano_roomtemp_temperature,25.91,2025-11-13T04:35:31.949000Z
sensor.greenpi_arduino_nano_roomtemp_temperature,25.89,2025-11-13T04:37:12.050000Z
sensor.greenpi_arduino_nano_roomtemp_temperature,25.88,2025-11-13T04:38:52.194000Z
sensor.greenpi_arduino_nano_roomtemp_temperature,25.87,2025-11-13T04:40:32.234000Z
sensor.greenpi_arduino_nano_roomtemp_temperature,25.85,2025-11-13T04:42:12.318000Z
sensor.greenpi_arduino_nano_roomtemp_temperature,25.84,2025-11-13T04:43:52.417000Z
sensor.greenpi_arduino_nano_roomtemp_temperature,25.82,2025-11-13T04:47:12.616000Z
sensor.greenpi_arduino_nano_roomtemp_temperature,25.8,2025-11-13T04:48:52.671000Z
sensor.greenpi_arduino_nano_roomtemp_temperature,25.81,2025-11-13T04:50:32.769000Z
sensor.greenpi_arduino_nano_roomtemp_temperature,25.78,2025-11-13T04:52:12.854000Z
sensor.greenpi_arduino_nano_roomtemp_temperature,25.77,2025-11-13T04:53:52.936000Z
sensor.greenpi_arduino_nano_roomtemp_temperature,25.76,2025-11-13T04:55:33.018000Z
sensor.greenpi_arduino_nano_roomtemp_temperature,25.74,2025-11-13T04:57:13.120000Z
sensor.greenpi_arduino_nano_roomtemp_temperature,25.73,2025-11-13T05:00:33.312000Z
sensor.greenpi_arduino_nano_roomtemp_temperature,25.71,2025-11-13T05:02:13.447000Z
sensor.greenpi_arduino_nano_roomtemp_temperature,25.7,2025-11-13T05:03:53.499000Z
sensor.greenpi_arduino_nano_roomtemp_temperature,25.69,2025-11-13T05:07:13.681000Z
sensor.greenpi_arduino_nano_roomtemp_temperature,25.66,2025-11-13T05:08:53.777000Z
sensor.greenpi_arduino_nano_roomtemp_temperature,25.65,2025-11-13T05:12:13.943000Z
sensor.greenpi_arduino_nano_roomtemp_temperature,25.63,2025-11-13T05:15:34.124000Z
sensor.greenpi_arduino_nano_roomtemp_temperature,25.62,2025-11-13T05:17:14.219000Z
sensor.greenpi_arduino_nano_roomtemp_temperature,25.6,2025-11-13T05:18:54.306000Z
sensor.greenpi_arduino_nano_roomtemp_temperature,25.59,2025-11-13T05:22:14.505000Z
sensor.greenpi_arduino_nano_roomtemp_temperature,25.57,2025-11-13T05:23:54.595000Z
sensor.greenpi_arduino_nano_roomtemp_temperature,25.55,2025-11-13T05:25:34.700000Z
sensor.greenpi_arduino_nano_roomtemp_temperature,25.54,2025-11-13T05:27:14.805000Z
sensor.greenpi_arduino_nano_roomtemp_temperature,25.53,2025-11-13T05:30:35.006000Z
sensor.greenpi_arduino_nano_roomtemp_temperature,25.51,2025-11-13T05:32:15.099000Z
sensor.greenpi_arduino_nano_roomtemp_temperature,25.5,2025-11-13T05:33:55.197000Z
sensor.greenpi_arduino_nano_roomtemp_temperature,25.51,2025-11-13T05:35:35.286000Z
sensor.greenpi_arduino_nano_roomtemp_temperature,25.5,2025-11-13T05:37:15.367000Z
sensor.greenpi_arduino_nano_roomtemp_temperature,25.49,2025-11-13T05:38:55.449000Z
sensor.greenpi_arduino_nano_roomtemp_temperature,25.47,2025-11-13T05:40:35.551000Z
sensor.greenpi_arduino_nano_roomtemp_temperature,25.44,2025-11-13T05:42:15.645000Z
sensor.greenpi_arduino_nano_roomtemp_temperature,25.43,2025-11-13T05:47:15.935000Z
sensor.greenpi_arduino_nano_roomtemp_temperature,25.4,2025-11-13T05:50:36.121000Z
sensor.greenpi_arduino_nano_roomtemp_temperature,25.36,2025-11-13T05:55:36.425000Z
sensor.greenpi_arduino_nano_roomtemp_temperature,25.38,2025-11-13T05:57:16.515000Z
sensor.greenpi_arduino_nano_roomtemp_temperature,25.36,2025-11-13T06:00:36.693000Z
sensor.greenpi_arduino_nano_roomtemp_temperature,25.35,2025-11-13T06:02:16.786000Z
sensor.greenpi_arduino_nano_roomtemp_temperature,25.33,2025-11-13T06:05:36.984000Z
sensor.greenpi_arduino_nano_roomtemp_temperature,25.32,2025-11-13T06:08:57.189000Z
sensor.greenpi_arduino_nano_roomtemp_temperature,25.31,2025-11-13T06:10:37.275000Z
sensor.greenpi_arduino_nano_roomtemp_temperature,25.29,2025-11-13T06:13:57.444000Z
sensor.greenpi_arduino_nano_roomtemp_temperature,25.28,2025-11-13T06:15:37.536000Z
sensor.greenpi_arduino_nano_roomtemp_temperature,25.29,2025-11-13T06:17:17.617000Z
sensor.greenpi_arduino_nano_roomtemp_temperature,25.28,2025-11-13T06:18:57.721000Z
sensor.greenpi_arduino_nano_roomtemp_temperature,25.25,2025-11-13T06:22:17.890000Z
sensor.greenpi_arduino_nano_roomtemp_temperature,25.24,2025-11-13T06:27:18.161000Z
sensor.greenpi_arduino_nano_roomtemp_temperature,25.23,2025-11-13T06:28:58.232000Z
sensor.greenpi_arduino_nano_roomtemp_temperature,25.21,2025-11-13T06:32:18.412000Z
sensor.greenpi_arduino_nano_roomtemp_temperature,25.2,2025-11-13T06:35:38.583000Z
sensor.greenpi_arduino_nano_roomtemp_temperature,25.18,2025-11-13T06:38:58.755000Z
sensor.greenpi_arduino_nano_roomtemp_temperature,25.17,2025-11-13T06:42:18.957000Z
sensor.greenpi_arduino_nano_roomtemp_temperature,25.18,2025-11-13T06:43:59.099000Z
sensor.greenpi_arduino_nano_roomtemp_temperature,25.16,2025-11-13T06:45:39.142000Z
sensor.greenpi_arduino_nano_roomtemp_temperature,25.14,2025-11-13T06:48:59.368000Z
sensor.greenpi_arduino_nano_roomtemp_temperature,25.13,2025-11-13T06:50:39.463000Z
sensor.greenpi_arduino_nano_roomtemp_temperature,25.12,2025-11-13T06:53:59.715000Z
sensor.greenpi_arduino_nano_roomtemp_temperature,25.1,2025-11-13T06:58:59.976000Z
sensor.greenpi_arduino_nano_roomtemp_temperature,25.07,2025-11-13T07:04:00.249000Z
sensor.greenpi_arduino_nano_roomtemp_temperature,25.09,2025-11-13T07:05:40.345000Z
sensor.greenpi_arduino_nano_roomtemp_temperature,25.07,2025-11-13T07:07:20.438000Z
sensor.greenpi_arduino_nano_roomtemp_temperature,25.06,2025-11-13T07:09:00.534000Z
sensor.greenpi_arduino_nano_roomtemp_temperature,25.05,2025-11-13T07:12:20.723000Z
sensor.greenpi_arduino_nano_roomtemp_temperature,25.03,2025-11-13T07:15:40.927000Z
sensor.greenpi_arduino_nano_roomtemp_temperature,25.02,2025-11-13T07:19:01.116000Z
sensor.greenpi_arduino_nano_roomtemp_temperature,25.01,2025-11-13T07:22:21.303000Z
sensor.greenpi_arduino_nano_roomtemp_temperature,24.99,2025-11-13T07:24:01.414000Z
sensor.greenpi_arduino_nano_roomtemp_temperature,25.01,2025-11-13T07:25:41.496000Z
sensor.greenpi_arduino_nano_roomtemp_temperature,24.99,2025-11-13T07:30:41.774000Z
sensor.greenpi_arduino_nano_roomtemp_temperature,24.98,2025-11-13T07:32:21.859000Z
sensor.greenpi_arduino_nano_roomtemp_temperature,24.96,2025-11-13T07:35:42.002000Z
sensor.greenpi_arduino_nano_roomtemp_temperature,24.95,2025-11-13T07:40:42.246000Z
sensor.greenpi_arduino_nano_roomtemp_temperature,24.94,2025-11-13T07:45:42.572000Z
sensor.greenpi_arduino_nano_roomtemp_temperature,24.92,2025-11-13T07:47:22.581000Z
sensor.greenpi_arduino_nano_roomtemp_temperature,24.91,2025-11-13T07:52:22.811000Z
sensor.greenpi_arduino_nano_roomtemp_temperature,24.88,2025-11-13T07:57:23.046000Z
sensor.greenpi_arduino_nano_roomtemp_temperature,24.9,2025-11-13T07:59:03.092000Z
sensor.greenpi_arduino_nano_roomtemp_temperature,24.88,2025-11-13T08:00:43.211000Z
sensor.greenpi_arduino_nano_roomtemp_temperature,24.9,2025-11-13T08:02:23.286000Z
sensor.greenpi_arduino_nano_roomtemp_temperature,24.88,2025-11-13T08:04:03.345000Z
sensor.greenpi_arduino_nano_roomtemp_temperature,24.87,2025-11-13T08:07:23.531000Z
sensor.greenpi_arduino_nano_roomtemp_temperature,24.86,2025-11-13T08:10:43.666000Z
sensor.greenpi_arduino_nano_roomtemp_temperature,24.84,2025-11-13T08:15:43.932000Z
sensor.greenpi_arduino_nano_roomtemp_temperature,24.86,2025-11-13T08:19:04.068000Z
sensor.greenpi_arduino_nano_roomtemp_temperature,24.83,2025-11-13T08:20:44.159000Z
sensor.greenpi_arduino_nano_roomtemp_temperature,24.84,2025-11-13T08:24:04.342000Z
sensor.greenpi_arduino_nano_roomtemp_temperature,24.83,2025-11-13T08:25:44.412000Z
sensor.greenpi_arduino_nano_roomtemp_temperature,24.81,2025-11-13T08:29:04.634000Z
sensor.greenpi_arduino_nano_roomtemp_temperature,24.8,2025-11-13T08:30:44.653000Z
sensor.greenpi_arduino_nano_roomtemp_temperature,24.81,2025-11-13T08:35:44.896000Z
sensor.greenpi_arduino_nano_roomtemp_temperature,24.8,2025-11-13T08:37:24.998000Z
sensor.greenpi_arduino_nano_roomtemp_temperature,24.79,2025-11-13T08:42:25.249000Z
sensor.greenpi_arduino_nano_roomtemp_temperature,24.8,2025-11-13T08:45:45.381000Z
sensor.greenpi_arduino_nano_roomtemp_temperature,24.77,2025-11-13T08:50:45.618000Z
sensor.greenpi_arduino_nano_roomtemp_temperature,24.79,2025-11-13T08:54:05.756000Z
sensor.greenpi_arduino_nano_roomtemp_temperature,24.77,2025-11-13T08:55:45.855000Z
sensor.greenpi_arduino_nano_roomtemp_temperature,24.75,2025-11-13T08:57:25.943000Z
sensor.greenpi_arduino_nano_roomtemp_temperature,24.77,2025-11-13T08:59:05.995000Z
sensor.greenpi_arduino_nano_roomtemp_temperature,25.1,2025-11-13T09:00:46.094000Z
sensor.greenpi_arduino_nano_roomtemp_temperature,25.8,2025-11-13T09:02:26.173000Z
sensor.greenpi_arduino_nano_roomtemp_temperature,26.34,2025-11-13T09:04:06.225000Z
sensor.greenpi_arduino_nano_roomtemp_temperature,26.82,2025-11-13T09:05:46.339000Z
sensor.greenpi_arduino_nano_roomtemp_temperature,27.23,2025-11-13T09:07:26.420000Z
sensor.greenpi_arduino_nano_roomtemp_temperature,27.54,2025-11-13T09:09:06.473000Z
sensor.greenpi_arduino_nano_roomtemp_temperature,27.8,2025-11-13T09:10:46.657000Z
sensor.greenpi_arduino_nano_roomtemp_temperature,28.02,2025-11-13T09:12:26.669000Z
sensor.greenpi_arduino_nano_roomtemp_temperature,28.23,2025-11-13T09:14:06.753000Z
sensor.greenpi_arduino_nano_roomtemp_temperature,28.39,2025-11-13T09:15:46.907000Z
sensor.greenpi_arduino_nano_roomtemp_temperature,28.57,2025-11-13T09:17:26.926000Z
sensor.greenpi_arduino_nano_roomtemp_temperature,28.7,2025-11-13T09:19:07.014000Z
sensor.greenpi_arduino_nano_roomtemp_temperature,28.83,2025-11-13T09:20:47.103000Z
sensor.greenpi_arduino_nano_roomtemp_temperature,28.94,2025-11-13T09:22:27.196000Z
sensor.greenpi_arduino_nano_roomtemp_temperature,29.03,2025-11-13T09:24:07.282000Z
sensor.greenpi_arduino_nano_roomtemp_temperature,29.14,2025-11-13T09:25:47.404000Z
sensor.greenpi_arduino_nano_roomtemp_temperature,29.2,2025-11-13T09:27:27.480000Z
sensor.greenpi_arduino_nano_roomtemp_temperature,29.26,2025-11-13T09:29:07.635000Z
sensor.greenpi_arduino_nano_roomtemp_temperature,29.32,2025-11-13T09:30:47.653000Z
sensor.greenpi_arduino_nano_roomtemp_temperature,29.4,2025-11-13T09:32:27.773000Z
sensor.greenpi_arduino_nano_roomtemp_temperature,29.48,2025-11-13T09:34:07.854000Z
sensor.greenpi_arduino_nano_roomtemp_temperature,29.55,2025-11-13T09:35:47.935000Z
sensor.greenpi_arduino_nano_roomtemp_temperature,29.62,2025-11-13T09:37:28.042000Z
sensor.greenpi_arduino_nano_roomtemp_temperature,29.67,2025-11-13T09:39:08.143000Z
sensor.greenpi_arduino_nano_roomtemp_temperature,29.77,2025-11-13T09:40:48.228000Z
sensor.greenpi_arduino_nano_roomtemp_temperature,29.86,2025-11-13T09:42:28.313000Z
sensor.greenpi_arduino_nano_roomtemp_temperature,29.9,2025-11-13T09:44:08.405000Z
sensor.greenpi_arduino_nano_roomtemp_temperature,29.98,2025-11-13T09:45:48.506000Z
sensor.greenpi_arduino_nano_roomtemp_temperature,30.06,2025-11-13T09:49:08.652000Z
sensor.greenpi_arduino_nano_roomtemp_temperature,30.15,2025-11-13T09:52:28.861000Z
sensor.greenpi_arduino_nano_roomtemp_temperature,30.19,2025-11-13T09:54:08.949000Z
sensor.greenpi_arduino_nano_roomtemp_temperature,30.23,2025-11-13T09:55:49.033000Z
sensor.greenpi_arduino_nano_roomtemp_temperature,30.26,2025-11-13T09:57:29.115000Z
sensor.greenpi_arduino_nano_roomtemp_temperature,30.31,2025-11-13T09:59:09.204000Z
sensor.greenpi_arduino_nano_roomtemp_temperature,30.35,2025-11-13T10:00:49.309000Z
sensor.greenpi_arduino_nano_roomtemp_temperature,30.39,2025-11-13T10:02:29.391000Z
sensor.greenpi_arduino_nano_roomtemp_temperature,30.41,2025-11-13T10:04:09.501000Z
sensor.greenpi_arduino_nano_roomtemp_temperature,30.46,2025-11-13T10:05:49.593000Z
sensor.greenpi_arduino_nano_roomtemp_temperature,30.49,2025-11-13T10:07:29.689000Z
sensor.greenpi_arduino_nano_roomtemp_temperature,30.5,2025-11-13T10:09:09.794000Z
sensor.greenpi_arduino_nano_roomtemp_temperature,30.53,2025-11-13T10:10:49.910000Z
sensor.greenpi_arduino_nano_roomtemp_temperature,30.57,2025-11-13T10:12:30.054000Z
sensor.greenpi_arduino_nano_roomtemp_temperature,30.61,2025-11-13T10:14:10.074000Z
sensor.greenpi_arduino_nano_roomtemp_temperature,30.67,2025-11-13T10:15:50.161000Z
sensor.greenpi_arduino_nano_roomtemp_temperature,30.71,2025-11-13T10:17:30.253000Z
sensor.greenpi_arduino_nano_roomtemp_temperature,30.75,2025-11-13T10:19:10.350000Z
sensor.greenpi_arduino_nano_roomtemp_temperature,30.76,2025-11-13T10:20:50.453000Z
sensor.greenpi_arduino_nano_roomtemp_temperature,30.79,2025-11-13T10:22:30.548000Z
sensor.greenpi_arduino_nano_roomtemp_temperature,30.82,2025-11-13T10:25:50.722000Z
sensor.greenpi_arduino_nano_roomtemp_temperature,30.86,2025-11-13T10:27:30.809000Z
sensor.greenpi_arduino_nano_roomtemp_temperature,30.89,2025-11-13T10:29:10.931000Z
sensor.greenpi_arduino_nano_roomtemp_temperature,30.91,2025-11-13T10:30:51.021000Z
sensor.greenpi_arduino_nano_roomtemp_temperature,30.97,2025-11-13T10:32:31.103000Z
sensor.greenpi_arduino_nano_roomtemp_temperature,30.98,2025-11-13T10:34:11.244000Z
sensor.greenpi_arduino_nano_roomtemp_temperature,31.02,2025-11-13T10:35:51.295000Z
sensor.greenpi_arduino_nano_roomtemp_temperature,31.01,2025-11-13T10:37:31.385000Z
sensor.greenpi_arduino_nano_roomtemp_temperature,31.08,2025-11-13T10:39:11.473000Z
sensor.greenpi_arduino_nano_roomtemp_temperature,31.11,2025-11-13T10:40:51.563000Z
sensor.greenpi_arduino_nano_roomtemp_temperature,31.13,2025-11-13T10:42:31.651000Z
sensor.greenpi_arduino_nano_roomtemp_temperature,31.17,2025-11-13T10:45:51.833000Z
sensor.greenpi_arduino_nano_roomtemp_temperature,31.2,2025-11-13T10:47:31.930000Z
sensor.greenpi_arduino_nano_roomtemp_temperature,31.24,2025-11-13T10:49:12.028000Z
sensor.greenpi_arduino_nano_roomtemp_temperature,31.27,2025-11-13T10:50:52.120000Z
sensor.greenpi_arduino_nano_roomtemp_temperature,31.31,2025-11-13T10:54:12.322000Z
sensor.greenpi_arduino_nano_roomtemp_temperature,31.33,2025-11-13T10:55:52.416000Z
sensor.greenpi_arduino_nano_roomtemp_temperature,31.35,2025-11-13T10:57:32.512000Z
sensor.greenpi_arduino_nano_roomtemp_temperature,31.39,2025-11-13T10:59:12.669000Z
sensor.greenpi_arduino_nano_roomtemp_temperature,31.42,2025-11-13T11:00:52.691000Z
sensor.greenpi_arduino_nano_roomtemp_temperature,31.43,2025-11-13T11:02:32.813000Z
sensor.greenpi_arduino_nano_roomtemp_temperature,31.44,2025-11-13T11:04:12.901000Z
sensor.greenpi_arduino_nano_roomtemp_temperature,31.49,2025-11-13T11:09:13.170000Z
sensor.greenpi_arduino_nano_roomtemp_temperature,31.51,2025-11-13T11:10:53.340000Z
sensor.greenpi_arduino_nano_roomtemp_temperature,31.54,2025-11-13T11:14:13.445000Z
sensor.greenpi_arduino_nano_roomtemp_temperature,31.59,2025-11-13T11:15:53.537000Z
sensor.greenpi_arduino_nano_roomtemp_temperature,31.62,2025-11-13T11:17:33.691000Z
sensor.greenpi_arduino_nano_roomtemp_temperature,31.66,2025-11-13T11:22:33.911000Z
sensor.greenpi_arduino_nano_roomtemp_temperature,31.7,2025-11-13T11:24:14.005000Z
sensor.greenpi_arduino_nano_roomtemp_temperature,31.73,2025-11-13T11:25:54.105000Z
sensor.greenpi_arduino_nano_roomtemp_temperature,31.75,2025-11-13T11:27:34.199000Z
sensor.greenpi_arduino_nano_roomtemp_temperature,31.73,2025-11-13T11:29:14.283000Z
sensor.greenpi_arduino_nano_roomtemp_temperature,31.76,2025-11-13T11:30:54.367000Z
sensor.greenpi_arduino_nano_roomtemp_temperature,31.79,2025-11-13T11:32:34.468000Z
sensor.greenpi_arduino_nano_roomtemp_temperature,31.81,2025-11-13T11:34:14.562000Z
sensor.greenpi_arduino_nano_roomtemp_temperature,31.84,2025-11-13T11:35:54.683000Z
sensor.greenpi_arduino_nano_roomtemp_temperature,31.85,2025-11-13T11:37:34.740000Z
sensor.greenpi_arduino_nano_roomtemp_temperature,31.87,2025-11-13T11:39:14.820000Z
sensor.greenpi_arduino_nano_roomtemp_temperature,31.9,2025-11-13T11:40:54.911000Z
sensor.greenpi_arduino_nano_roomtemp_temperature,31.91,2025-11-13T11:42:35.010000Z
sensor.greenpi_arduino_nano_roomtemp_temperature,31.92,2025-11-13T11:44:15.107000Z
sensor.greenpi_arduino_nano_roomtemp_temperature,31.95,2025-11-13T11:45:55.236000Z
sensor.greenpi_arduino_nano_roomtemp_temperature,31.96,2025-11-13T11:49:15.434000Z
sensor.greenpi_arduino_nano_roomtemp_temperature,31.99,2025-11-13T11:50:55.527000Z
sensor.greenpi_arduino_nano_roomtemp_temperature,32.01,2025-11-13T11:52:35.609000Z
sensor.greenpi_arduino_nano_roomtemp_temperature,32.03,2025-11-13T11:55:55.836000Z
sensor.greenpi_arduino_nano_roomtemp_temperature,32.05,2025-11-13T11:59:15.973000Z
sensor.greenpi_arduino_nano_roomtemp_temperature,32.07,2025-11-13T12:00:56.116000Z
sensor.greenpi_arduino_nano_roomtemp_temperature,32.1,2025-11-13T12:02:36.162000Z
sensor.greenpi_arduino_nano_roomtemp_temperature,32.14,2025-11-13T12:05:56.319000Z
sensor.greenpi_arduino_nano_roomtemp_temperature,32.18,2025-11-13T12:09:16.550000Z
sensor.greenpi_arduino_nano_roomtemp_temperature,32.21,2025-11-13T12:14:16.783000Z
sensor.greenpi_arduino_nano_roomtemp_temperature,32.24,2025-11-13T12:15:56.878000Z
sensor.greenpi_arduino_nano_roomtemp_temperature,32.25,2025-11-13T12:19:17.063000Z
sensor.greenpi_arduino_nano_roomtemp_temperature,32.28,2025-11-13T12:20:57.146000Z
sensor.greenpi_arduino_nano_roomtemp_temperature,32.31,2025-11-13T12:22:37.283000Z
sensor.greenpi_arduino_nano_roomtemp_temperature,32.29,2025-11-13T12:24:17.326000Z
sensor.greenpi_arduino_nano_roomtemp_temperature,32.32,2025-11-13T12:25:57.411000Z
sensor.greenpi_arduino_nano_roomtemp_temperature,32.36,2025-11-13T12:29:17.599000Z
sensor.greenpi_arduino_nano_roomtemp_temperature,32.39,2025-11-13T12:30:57.685000Z
sensor.greenpi_arduino_nano_roomtemp_temperature,32.36,2025-11-13T12:32:37.773000Z
sensor.greenpi_arduino_nano_roomtemp_temperature,32.38,2025-11-13T12:34:17.874000Z
sensor.greenpi_arduino_nano_roomtemp_temperature,32.42,2025-11-13T12:35:57.971000Z
sensor.greenpi_arduino_nano_roomtemp_temperature,32.43,2025-11-13T12:37:38.068000Z
sensor.greenpi_arduino_nano_roomtemp_temperature,32.42,2025-11-13T12:39:18.160000Z
sensor.greenpi_arduino_nano_roomtemp_temperature,32.44,2025-11-13T12:40:58.238000Z
sensor.greenpi_arduino_nano_roomtemp_temperature,32.47,2025-11-13T12:42:38.339000Z
sensor.greenpi_arduino_nano_roomtemp_temperature,32.5,2025-11-13T12:44:18.426000Z
sensor.greenpi_arduino_nano_roomtemp_temperature,32.48,2025-11-13T12:45:58.526000Z
sensor.greenpi_arduino_nano_roomtemp_temperature,32.51,2025-11-13T12:47:38.623000Z
sensor.greenpi_arduino_nano_roomtemp_temperature,32.54,2025-11-13T12:49:18.705000Z
sensor.greenpi_arduino_nano_roomtemp_temperature,32.5,2025-11-13T12:50:58.791000Z
sensor.greenpi_arduino_nano_roomtemp_temperature,32.54,2025-11-13T12:52:38.884000Z
sensor.greenpi_arduino_nano_roomtemp_temperature,32.55,2025-11-13T12:54:19.024000Z
sensor.greenpi_arduino_nano_roomtemp_temperature,32.54,2025-11-13T12:55:59.141000Z
sensor.greenpi_arduino_nano_roomtemp_temperature,32.55,2025-11-13T12:57:39.171000Z
sensor.greenpi_arduino_nano_roomtemp_temperature,32.54,2025-11-13T12:59:19.276000Z
sensor.greenpi_arduino_nano_roomtemp_temperature,32.58,2025-11-13T13:00:59.367000Z
sensor.greenpi_arduino_nano_roomtemp_temperature,32.61,2025-11-13T13:02:39.558000Z
sensor.greenpi_arduino_nano_roomtemp_temperature,32.62,2025-11-13T13:04:19.585000Z
sensor.greenpi_arduino_nano_roomtemp_temperature,32.61,2025-11-13T13:05:59.672000Z
sensor.greenpi_arduino_nano_roomtemp_temperature,32.62,2025-11-13T13:07:39.762000Z
sensor.greenpi_arduino_nano_roomtemp_temperature,32.66,2025-11-13T13:09:19.881000Z
sensor.greenpi_arduino_nano_roomtemp_temperature,32.69,2025-11-13T13:11:00.023000Z
sensor.greenpi_arduino_nano_roomtemp_temperature,32.71,2025-11-13T13:12:40.066000Z
sensor.greenpi_arduino_nano_roomtemp_temperature,32.67,2025-11-13T13:14:20.150000Z
sensor.greenpi_arduino_nano_roomtemp_temperature,32.69,2025-11-13T13:16:00.240000Z
sensor.greenpi_arduino_nano_roomtemp_temperature,32.73,2025-11-13T13:19:20.465000Z
sensor.greenpi_arduino_nano_roomtemp_temperature,32.74,2025-11-13T13:21:00.550000Z
sensor.greenpi_arduino_nano_roomtemp_temperature,32.77,2025-11-13T13:22:40.618000Z
sensor.greenpi_arduino_nano_roomtemp_temperature,32.74,2025-11-13T13:24:20.715000Z
sensor.greenpi_arduino_nano_roomtemp_temperature,32.77,2025-11-13T13:26:00.808000Z
sensor.greenpi_arduino_nano_roomtemp_temperature,32.78,2025-11-13T13:29:21.003000Z
sensor.greenpi_arduino_nano_roomtemp_temperature,32.76,2025-11-13T13:31:01.096000Z
sensor.greenpi_arduino_nano_roomtemp_temperature,32.8,2025-11-13T13:32:41.225000Z
sensor.greenpi_arduino_nano_roomtemp_temperature,32.78,2025-11-13T13:34:21.291000Z
sensor.greenpi_arduino_nano_roomtemp_temperature,32.8,2025-11-13T13:37:41.481000Z
sensor.greenpi_arduino_nano_roomtemp_temperature,32.82,2025-11-13T13:39:21.568000Z
sensor.greenpi_arduino_nano_roomtemp_temperature,32.85,2025-11-13T13:41:01.676000Z
sensor.greenpi_arduino_nano_roomtemp_temperature,32.88,2025-11-13T13:44:21.840000Z
sensor.greenpi_arduino_nano_roomtemp_temperature,32.86,2025-11-13T13:46:01.982000Z
sensor.greenpi_arduino_nano_roomtemp_temperature,32.88,2025-11-13T13:47:41.984000Z
sensor.greenpi_arduino_nano_roomtemp_temperature,32.89,2025-11-13T13:49:22.077000Z
sensor.greenpi_arduino_nano_roomtemp_temperature,32.91,2025-11-13T13:51:02.142000Z
sensor.greenpi_arduino_nano_roomtemp_temperature,32.92,2025-11-13T13:54:22.333000Z
sensor.greenpi_arduino_nano_roomtemp_temperature,32.93,2025-11-13T13:56:02.379000Z
sensor.greenpi_arduino_nano_roomtemp_temperature,32.96,2025-11-13T13:57:42.465000Z
sensor.greenpi_arduino_nano_roomtemp_temperature,32.99,2025-11-13T13:59:22.662000Z
sensor.greenpi_arduino_nano_roomtemp_temperature,33.0,2025-11-13T14:01:02.611000Z
sensor.greenpi_arduino_nano_roomtemp_temperature,32.99,2025-11-13T14:04:22.804000Z
sensor.greenpi_arduino_nano_roomtemp_temperature,32.97,2025-11-13T14:06:02.858000Z
sensor.greenpi_arduino_nano_roomtemp_temperature,33.03,2025-11-13T14:07:42.954000Z
sensor.greenpi_arduino_nano_roomtemp_temperature,33.02,2025-11-13T14:09:23.044000Z
sensor.greenpi_arduino_nano_roomtemp_temperature,33.03,2025-11-13T14:12:43.175000Z
sensor.greenpi_arduino_nano_roomtemp_temperature,33.06,2025-11-13T14:19:23.517000Z
sensor.greenpi_arduino_nano_roomtemp_temperature,33.03,2025-11-13T14:21:03.647000Z
sensor.greenpi_arduino_nano_roomtemp_temperature,33.04,2025-11-13T14:26:03.790000Z
sensor.greenpi_arduino_nano_roomtemp_temperature,33.07,2025-11-13T14:27:43.995000Z
sensor.greenpi_arduino_nano_roomtemp_temperature,33.1,2025-11-13T14:29:24.053000Z
sensor.greenpi_arduino_nano_roomtemp_temperature,33.08,2025-11-13T14:31:04.035000Z
sensor.greenpi_arduino_nano_roomtemp_temperature,33.1,2025-11-13T14:32:44.118000Z
sensor.greenpi_arduino_nano_roomtemp_temperature,33.08,2025-11-13T14:34:24.204000Z
sensor.greenpi_arduino_nano_roomtemp_temperature,33.11,2025-11-13T14:36:04.258000Z
sensor.greenpi_arduino_nano_roomtemp_temperature,33.12,2025-11-13T14:39:24.447000Z
sensor.greenpi_arduino_nano_roomtemp_temperature,33.11,2025-11-13T14:41:04.496000Z
sensor.greenpi_arduino_nano_roomtemp_temperature,33.06,2025-11-13T14:42:44.597000Z
sensor.greenpi_arduino_nano_roomtemp_temperature,33.11,2025-11-13T14:44:24.688000Z
sensor.greenpi_arduino_nano_roomtemp_temperature,33.15,2025-11-13T14:46:04.759000Z
sensor.greenpi_arduino_nano_roomtemp_temperature,33.14,2025-11-13T14:47:44.818000Z
sensor.greenpi_arduino_nano_roomtemp_temperature,33.17,2025-11-13T14:49:24.872000Z
sensor.greenpi_arduino_nano_roomtemp_temperature,33.15,2025-11-13T14:51:05.001000Z
sensor.greenpi_arduino_nano_roomtemp_temperature,33.17,2025-11-13T14:56:05.158000Z
sensor.greenpi_arduino_nano_roomtemp_temperature,33.18,2025-11-13T14:59:25.354000Z
sensor.greenpi_arduino_nano_roomtemp_temperature,33.19,2025-11-13T15:01:05.406000Z
sensor.greenpi_arduino_nano_roomtemp_temperature,33.22,2025-11-13T15:02:45.497000Z
sensor.greenpi_arduino_nano_roomtemp_temperature,33.21,2025-11-13T15:04:25.639000Z
sensor.greenpi_arduino_nano_roomtemp_temperature,33.22,2025-11-13T15:06:05.638000Z
sensor.greenpi_arduino_nano_roomtemp_temperature,33.26,2025-11-13T15:09:25.819000Z
sensor.greenpi_arduino_nano_roomtemp_temperature,33.25,2025-11-13T15:11:05.882000Z
sensor.greenpi_arduino_nano_roomtemp_temperature,33.22,2025-11-13T15:14:26.054000Z
sensor.greenpi_arduino_nano_roomtemp_temperature,33.23,2025-11-13T15:16:06.122000Z
sensor.greenpi_arduino_nano_roomtemp_temperature,33.25,2025-11-13T15:17:46.212000Z
sensor.greenpi_arduino_nano_roomtemp_temperature,33.3,2025-11-13T15:19:26.397000Z
sensor.greenpi_arduino_nano_roomtemp_temperature,33.29,2025-11-13T15:21:06.370000Z
sensor.greenpi_arduino_nano_roomtemp_temperature,33.25,2025-11-13T15:22:46.461000Z
sensor.greenpi_arduino_nano_roomtemp_temperature,33.28,2025-11-13T15:24:26.579000Z
sensor.greenpi_arduino_nano_roomtemp_temperature,33.25,2025-11-13T15:26:06.662000Z
sensor.greenpi_arduino_nano_roomtemp_temperature,33.29,2025-11-13T15:27:46.773000Z
sensor.greenpi_arduino_nano_roomtemp_temperature,33.32,2025-11-13T15:29:26.858000Z
sensor.greenpi_arduino_nano_roomtemp_temperature,33.28,2025-11-13T15:31:06.942000Z
sensor.greenpi_arduino_nano_roomtemp_temperature,33.29,2025-11-13T15:32:47.031000Z
sensor.greenpi_arduino_nano_roomtemp_temperature,33.3,2025-11-13T15:34:27.159000Z
sensor.greenpi_arduino_nano_roomtemp_temperature,33.29,2025-11-13T15:36:07.283000Z
sensor.greenpi_arduino_nano_roomtemp_temperature,33.32,2025-11-13T15:37:47.327000Z
sensor.greenpi_arduino_nano_roomtemp_temperature,33.3,2025-11-13T15:39:27.421000Z
sensor.greenpi_arduino_nano_roomtemp_temperature,33.34,2025-11-13T15:41:07.538000Z
sensor.greenpi_arduino_nano_roomtemp_temperature,33.32,2025-11-13T15:42:47.643000Z
sensor.greenpi_arduino_nano_roomtemp_temperature,33.36,2025-11-13T15:46:07.812000Z
sensor.greenpi_arduino_nano_roomtemp_temperature,33.37,2025-11-13T15:51:08.107000Z
sensor.greenpi_arduino_nano_roomtemp_temperature,33.39,2025-11-13T15:54:28.297000Z
sensor.greenpi_arduino_nano_roomtemp_temperature,33.4,2025-11-13T15:56:08.481000Z
sensor.greenpi_arduino_nano_roomtemp_temperature,33.37,2025-11-13T15:57:48.527000Z
sensor.greenpi_arduino_nano_roomtemp_temperature,33.39,2025-11-13T15:59:28.611000Z
sensor.greenpi_arduino_nano_roomtemp_temperature,33.41,2025-11-13T16:01:08.702000Z
sensor.greenpi_arduino_nano_roomtemp_temperature,33.4,2025-11-13T16:04:28.886000Z
sensor.greenpi_arduino_nano_roomtemp_temperature,33.39,2025-11-13T16:06:08.991000Z
sensor.greenpi_arduino_nano_roomtemp_temperature,33.41,2025-11-13T16:07:49.085000Z
sensor.greenpi_arduino_nano_roomtemp_temperature,33.43,2025-11-13T16:09:29.178000Z
sensor.greenpi_arduino_nano_roomtemp_temperature,33.41,2025-11-13T16:11:09.269000Z
sensor.greenpi_arduino_nano_roomtemp_temperature,33.44,2025-11-13T16:14:29.449000Z
sensor.greenpi_arduino_nano_roomtemp_temperature,33.47,2025-11-13T16:16:09.537000Z
sensor.greenpi_arduino_nano_roomtemp_temperature,33.44,2025-11-13T16:17:49.718000Z
sensor.greenpi_arduino_nano_roomtemp_temperature,33.45,2025-11-13T16:19:29.722000Z
sensor.greenpi_arduino_nano_roomtemp_temperature,33.48,2025-11-13T16:22:49.908000Z
sensor.greenpi_arduino_nano_roomtemp_temperature,33.45,2025-11-13T16:24:29.992000Z
sensor.greenpi_arduino_nano_roomtemp_temperature,33.49,2025-11-13T16:26:10.091000Z
sensor.greenpi_arduino_nano_roomtemp_temperature,33.48,2025-11-13T16:27:50.182000Z
sensor.greenpi_arduino_nano_roomtemp_temperature,33.49,2025-11-13T16:29:30.352000Z
sensor.greenpi_arduino_nano_roomtemp_temperature,33.48,2025-11-13T16:32:50.457000Z
sensor.greenpi_arduino_nano_roomtemp_temperature,33.52,2025-11-13T16:34:30.561000Z
sensor.greenpi_arduino_nano_roomtemp_temperature,33.51,2025-11-13T16:36:10.688000Z
sensor.greenpi_arduino_nano_roomtemp_temperature,33.49,2025-11-13T16:37:50.751000Z
sensor.greenpi_arduino_nano_roomtemp_temperature,33.51,2025-11-13T16:39:30.839000Z
sensor.greenpi_arduino_nano_roomtemp_temperature,33.54,2025-11-13T16:42:51.045000Z
sensor.greenpi_arduino_nano_roomtemp_temperature,33.55,2025-11-13T16:44:31.156000Z
sensor.greenpi_arduino_nano_roomtemp_temperature,33.54,2025-11-13T16:46:11.280000Z
sensor.greenpi_arduino_nano_roomtemp_temperature,33.55,2025-11-13T16:49:31.552000Z
sensor.greenpi_arduino_nano_roomtemp_temperature,33.56,2025-11-13T16:51:11.562000Z
sensor.greenpi_arduino_nano_roomtemp_temperature,33.58,2025-11-13T16:52:51.662000Z
sensor.greenpi_arduino_nano_roomtemp_temperature,33.54,2025-11-13T16:54:31.764000Z
sensor.greenpi_arduino_nano_roomtemp_temperature,33.56,2025-11-13T16:56:11.859000Z
sensor.greenpi_arduino_nano_roomtemp_temperature,33.54,2025-11-13T16:57:51.957000Z
sensor.greenpi_arduino_nano_roomtemp_temperature,33.55,2025-11-13T16:59:32.069000Z
sensor.greenpi_arduino_nano_roomtemp_temperature,33.58,2025-11-13T17:01:12.269000Z
sensor.greenpi_arduino_nano_roomtemp_temperature,33.59,2025-11-13T17:02:52.251000Z
sensor.greenpi_arduino_nano_roomtemp_temperature,33.56,2025-11-13T17:04:32.359000Z
sensor.greenpi_arduino_nano_roomtemp_temperature,33.6,2025-11-13T17:07:52.627000Z
sensor.greenpi_arduino_nano_roomtemp_temperature,33.55,2025-11-13T17:09:32.565000Z
sensor.greenpi_arduino_nano_roomtemp_temperature,33.56,2025-11-13T17:14:32.818000Z
sensor.greenpi_arduino_nano_roomtemp_temperature,33.6,2025-11-13T17:16:12.853000Z
sensor.greenpi_arduino_nano_roomtemp_temperature,33.62,2025-11-13T17:22:53.176000Z
sensor.greenpi_arduino_nano_roomtemp_temperature,33.63,2025-11-13T17:24:33.326000Z
sensor.greenpi_arduino_nano_roomtemp_temperature,33.62,2025-11-13T17:26:13.454000Z
sensor.greenpi_arduino_nano_roomtemp_temperature,33.63,2025-11-13T17:27:53.432000Z
sensor.greenpi_arduino_nano_roomtemp_temperature,33.62,2025-11-13T17:29:33.504000Z
sensor.greenpi_arduino_nano_roomtemp_temperature,33.65,2025-11-13T17:31:13.604000Z
sensor.greenpi_arduino_nano_roomtemp_temperature,33.63,2025-11-13T17:32:53.689000Z
sensor.greenpi_arduino_nano_roomtemp_temperature,33.65,2025-11-13T17:34:33.790000Z
sensor.greenpi_arduino_nano_roomtemp_temperature,33.62,2025-11-13T17:36:13.923000Z
sensor.greenpi_arduino_nano_roomtemp_temperature,33.63,2025-11-13T17:37:53.888000Z
sensor.greenpi_arduino_nano_roomtemp_temperature,33.6,2025-11-13T17:39:33.969000Z
sensor.greenpi_arduino_nano_roomtemp_temperature,33.63,2025-11-13T17:41:14.056000Z
sensor.greenpi_arduino_nano_roomtemp_temperature,33.65,2025-11-13T17:42:54.123000Z
sensor.greenpi_arduino_nano_roomtemp_temperature,33.66,2025-11-13T17:44:34.225000Z
sensor.greenpi_arduino_nano_roomtemp_temperature,33.69,2025-11-13T17:46:14.335000Z
sensor.greenpi_arduino_nano_roomtemp_temperature,33.66,2025-11-13T17:47:54.428000Z
sensor.greenpi_arduino_nano_roomtemp_temperature,33.69,2025-11-13T17:51:14.594000Z
sensor.greenpi_arduino_nano_roomtemp_temperature,33.67,2025-11-13T17:52:54.670000Z
sensor.greenpi_arduino_nano_roomtemp_temperature,33.66,2025-11-13T17:54:34.751000Z
sensor.greenpi_arduino_nano_roomtemp_temperature,33.63,2025-11-13T17:56:14.826000Z
sensor.greenpi_arduino_nano_roomtemp_temperature,33.71,2025-11-13T17:57:54.908000Z
sensor.greenpi_arduino_nano_roomtemp_temperature,33.69,2025-11-13T17:59:35.264000Z
sensor.greenpi_arduino_nano_roomtemp_temperature,33.7,2025-11-13T18:01:15.341000Z
sensor.greenpi_arduino_nano_roomtemp_temperature,33.73,2025-11-13T18:02:55.464000Z
sensor.greenpi_arduino_nano_roomtemp_temperature,33.7,2025-11-13T18:04:35.572000Z
sensor.greenpi_arduino_nano_roomtemp_temperature,33.74,2025-11-13T18:06:15.685000Z
sensor.greenpi_arduino_nano_roomtemp_temperature,33.71,2025-11-13T18:07:55.769000Z
sensor.greenpi_arduino_nano_roomtemp_temperature,33.75,2025-11-13T18:09:35.870000Z
sensor.greenpi_arduino_nano_roomtemp_temperature,33.73,2025-11-13T18:11:15.961000Z
sensor.greenpi_arduino_nano_roomtemp_temperature,33.75,2025-11-13T18:12:56.067000Z
sensor.greenpi_arduino_nano_roomtemp_temperature,33.77,2025-11-13T18:14:36.205000Z
sensor.greenpi_arduino_nano_roomtemp_temperature,33.8,2025-11-13T18:17:56.308000Z
sensor.greenpi_arduino_nano_roomtemp_temperature,33.78,2025-11-13T18:19:36.409000Z
sensor.greenpi_arduino_nano_roomtemp_temperature,33.75,2025-11-13T18:21:16.502000Z
sensor.greenpi_arduino_nano_roomtemp_temperature,33.77,2025-11-13T18:22:56.678000Z
sensor.greenpi_arduino_nano_roomtemp_temperature,33.75,2025-11-13T18:24:36.710000Z
sensor.greenpi_arduino_nano_roomtemp_temperature,33.77,2025-11-13T18:26:16.756000Z
sensor.greenpi_arduino_nano_roomtemp_temperature,33.82,2025-11-13T18:29:36.937000Z
sensor.greenpi_arduino_nano_roomtemp_temperature,33.8,2025-11-13T18:31:17.026000Z
sensor.greenpi_arduino_nano_roomtemp_temperature,33.78,2025-11-13T18:32:57.133000Z
sensor.greenpi_arduino_nano_roomtemp_temperature,33.81,2025-11-13T18:34:37.222000Z
sensor.greenpi_arduino_nano_roomtemp_temperature,33.84,2025-11-13T18:37:57.443000Z
sensor.greenpi_arduino_nano_roomtemp_temperature,33.81,2025-11-13T18:39:37.549000Z
sensor.greenpi_arduino_nano_roomtemp_temperature,33.8,2025-11-13T18:41:17.637000Z
sensor.greenpi_arduino_nano_roomtemp_temperature,33.77,2025-11-13T18:42:57.755000Z
sensor.greenpi_arduino_nano_roomtemp_temperature,33.78,2025-11-13T18:44:37.788000Z
sensor.greenpi_arduino_nano_roomtemp_temperature,33.8,2025-11-13T18:46:17.869000Z
sensor.greenpi_arduino_nano_roomtemp_temperature,33.81,2025-11-13T18:47:57.967000Z
sensor.greenpi_arduino_nano_roomtemp_temperature,33.78,2025-11-13T18:49:38.014000Z
sensor.greenpi_arduino_nano_roomtemp_temperature,33.81,2025-11-13T18:51:18.103000Z
sensor.greenpi_arduino_nano_roomtemp_temperature,33.82,2025-11-13T18:52:58.199000Z
sensor.greenpi_arduino_nano_roomtemp_temperature,33.84,2025-11-13T18:54:38.285000Z
sensor.greenpi_arduino_nano_roomtemp_temperature,33.77,2025-11-13T18:56:18.372000Z
sensor.greenpi_arduino_nano_roomtemp_temperature,33.8,2025-11-13T18:57:58.475000Z
sensor.greenpi_arduino_nano_roomtemp_temperature,33.81,2025-11-13T18:59:38.563000Z
sensor.greenpi_arduino_nano_roomtemp_temperature,33.82,2025-11-13T19:04:38.837000Z
sensor.greenpi_arduino_nano_roomtemp_temperature,33.81,2025-11-13T19:06:18.927000Z
sensor.greenpi_arduino_nano_roomtemp_temperature,33.82,2025-11-13T19:07:59.014000Z
sensor.greenpi_arduino_nano_roomtemp_temperature,33.8,2025-11-13T19:09:39.114000Z
sensor.greenpi_arduino_nano_roomtemp_temperature,33.85,2025-11-13T19:11:19.197000Z
sensor.greenpi_arduino_nano_roomtemp_temperature,33.86,2025-11-13T19:12:59.294000Z
sensor.greenpi_arduino_nano_roomtemp_temperature,33.88,2025-11-13T19:14:39.398000Z
sensor.greenpi_arduino_nano_roomtemp_temperature,33.86,2025-11-13T19:17:59.611000Z
sensor.greenpi_arduino_nano_roomtemp_temperature,33.88,2025-11-13T19:19:39.685000Z
sensor.greenpi_arduino_nano_roomtemp_temperature,33.93,2025-11-13T19:21:19.866000Z
sensor.greenpi_arduino_nano_roomtemp_temperature,33.91,2025-11-13T19:24:39.977000Z
sensor.greenpi_arduino_nano_roomtemp_temperature,33.89,2025-11-13T19:28:00.164000Z
sensor.greenpi_arduino_nano_roomtemp_temperature,33.95,2025-11-13T19:29:40.254000Z
sensor.greenpi_arduino_nano_roomtemp_temperature,33.96,2025-11-13T19:33:00.439000Z
sensor.greenpi_arduino_nano_roomtemp_temperature,33.99,2025-11-13T19:34:40.541000Z
sensor.greenpi_arduino_nano_roomtemp_temperature,34.0,2025-11-13T19:38:00.731000Z
sensor.greenpi_arduino_nano_roomtemp_temperature,33.97,2025-11-13T19:39:40.814000Z
sensor.greenpi_arduino_nano_roomtemp_temperature,33.99,2025-11-13T19:41:20.912000Z
sensor.greenpi_arduino_nano_roomtemp_temperature,34.0,2025-11-13T19:43:00.994000Z
sensor.greenpi_arduino_nano_roomtemp_temperature,33.99,2025-11-13T19:44:41.100000Z
sensor.greenpi_arduino_nano_roomtemp_temperature,34.0,2025-11-13T19:46:21.189000Z
sensor.greenpi_arduino_nano_roomtemp_temperature,33.99,2025-11-13T19:48:01.285000Z
sensor.greenpi_arduino_nano_roomtemp_temperature,34.03,2025-11-13T19:49:41.345000Z
sensor.greenpi_arduino_nano_roomtemp_temperature,34.02,2025-11-13T19:51:21.448000Z
sensor.greenpi_arduino_nano_roomtemp_temperature,34.07,2025-11-13T19:54:41.703000Z
sensor.greenpi_arduino_nano_roomtemp_temperature,34.02,2025-11-13T19:56:21.727000Z
sensor.greenpi_arduino_nano_roomtemp_temperature,34.03,2025-11-13T19:58:01.788000Z
sensor.greenpi_arduino_nano_roomtemp_temperature,34.07,2025-11-13T19:59:41.884000Z
sensor.greenpi_arduino_nano_roomtemp_temperature,34.02,2025-11-13T20:01:21.975000Z
sensor.greenpi_arduino_nano_roomtemp_temperature,34.03,2025-11-13T20:03:02.085000Z
sensor.greenpi_arduino_nano_roomtemp_temperature,34.05,2025-11-13T20:04:42.161000Z
sensor.greenpi_arduino_nano_roomtemp_temperature,34.07,2025-11-13T20:06:22.275000Z
sensor.greenpi_arduino_nano_roomtemp_temperature,34.08,2025-11-13T20:08:02.322000Z
sensor.greenpi_arduino_nano_roomtemp_temperature,34.07,2025-11-13T20:09:42.427000Z
sensor.greenpi_arduino_nano_roomtemp_temperature,34.08,2025-11-13T20:11:22.518000Z
sensor.greenpi_arduino_nano_roomtemp_temperature,34.09,2025-11-13T20:13:02.573000Z
sensor.greenpi_arduino_nano_roomtemp_temperature,34.11,2025-11-13T20:16:22.771000Z
sensor.greenpi_arduino_nano_roomtemp_temperature,34.13,2025-11-13T20:18:02.823000Z
sensor.greenpi_arduino_nano_roomtemp_temperature,34.11,2025-11-13T20:19:42.923000Z
sensor.greenpi_arduino_nano_roomtemp_temperature,34.18,2025-11-13T20:24:43.189000Z
sensor.greenpi_arduino_nano_roomtemp_temperature,34.09,2025-11-13T20:26:23.289000Z
sensor.greenpi_arduino_nano_roomtemp_temperature,34.11,2025-11-13T20:28:03.337000Z
sensor.greenpi_arduino_nano_roomtemp_temperature,34.09,2025-11-13T20:29:43.440000Z
sensor.greenpi_arduino_nano_roomtemp_temperature,34.13,2025-11-13T20:31:23.520000Z
sensor.greenpi_arduino_nano_roomtemp_temperature,34.09,2025-11-13T20:33:03.568000Z
sensor.greenpi_arduino_nano_roomtemp_temperature,34.11,2025-11-13T20:34:43.664000Z
sensor.greenpi_arduino_nano_roomtemp_temperature,34.09,2025-11-13T20:36:23.745000Z
sensor.greenpi_arduino_nano_roomtemp_temperature,34.07,2025-11-13T20:38:03.883000Z
sensor.greenpi_arduino_nano_roomtemp_temperature,34.08,2025-11-13T20:39:43.901000Z
sensor.greenpi_arduino_nano_roomtemp_temperature,34.12,2025-11-13T20:41:23.979000Z
sensor.greenpi_arduino_nano_roomtemp_temperature,34.09,2025-11-13T20:43:04.012000Z
sensor.greenpi_arduino_nano_roomtemp_temperature,34.11,2025-11-13T20:46:24.174000Z
sensor.greenpi_arduino_nano_roomtemp_temperature,34.12,2025-11-13T20:49:44.309000Z
sensor.greenpi_arduino_nano_roomtemp_temperature,34.11,2025-11-13T20:51:24.396000Z
sensor.greenpi_arduino_nano_roomtemp_temperature,34.13,2025-11-13T20:53:04.446000Z
sensor.greenpi_arduino_nano_roomtemp_temperature,34.16,2025-11-13T20:54:44.552000Z
sensor.greenpi_arduino_nano_roomtemp_temperature,34.13,2025-11-13T20:58:04.697000Z
sensor.greenpi_arduino_nano_roomtemp_temperature,34.16,2025-11-13T21:01:24.889000Z
sensor.greenpi_arduino_nano_roomtemp_temperature,34.18,2025-11-13T21:03:04.936000Z
sensor.greenpi_arduino_nano_roomtemp_temperature,34.16,2025-11-13T21:04:45.037000Z
sensor.greenpi_arduino_nano_roomtemp_temperature,34.19,2025-11-13T21:06:25.132000Z
sensor.greenpi_arduino_nano_roomtemp_temperature,34.15,2025-11-13T21:08:05.184000Z
sensor.greenpi_arduino_nano_roomtemp_temperature,34.18,2025-11-13T21:09:45.285000Z
sensor.greenpi_arduino_nano_roomtemp_temperature,34.22,2025-11-13T21:11:25.374000Z
sensor.greenpi_arduino_nano_roomtemp_temperature,34.16,2025-11-13T21:14:45.504000Z
sensor.greenpi_arduino_nano_roomtemp_temperature,34.2,2025-11-13T21:18:05.648000Z
sensor.greenpi_arduino_nano_roomtemp_temperature,34.19,2025-11-13T21:19:45.740000Z
sensor.greenpi_arduino_nano_roomtemp_temperature,34.18,2025-11-13T21:24:45.964000Z
sensor.greenpi_arduino_nano_roomtemp_temperature,34.2,2025-11-13T21:26:26.044000Z
sensor.greenpi_arduino_nano_roomtemp_temperature,34.15,2025-11-13T21:28:06.091000Z
sensor.greenpi_arduino_nano_roomtemp_temperature,34.18,2025-11-13T21:31:26.274000Z
sensor.greenpi_arduino_nano_roomtemp_temperature,34.22,2025-11-13T21:33:06.372000Z
sensor.greenpi_arduino_nano_roomtemp_temperature,34.23,2025-11-13T21:34:46.491000Z
sensor.greenpi_arduino_nano_roomtemp_temperature,34.22,2025-11-13T21:36:26.650000Z
sensor.greenpi_arduino_nano_roomtemp_temperature,34.2,2025-11-13T21:38:06.646000Z
sensor.greenpi_arduino_nano_roomtemp_temperature,34.19,2025-11-13T21:39:46.765000Z
sensor.greenpi_arduino_nano_roomtemp_temperature,34.22,2025-11-13T21:41:26.882000Z
sensor.greenpi_arduino_nano_roomtemp_temperature,34.19,2025-11-13T21:43:06.980000Z
sensor.greenpi_arduino_nano_roomtemp_temperature,34.22,2025-11-13T21:44:47.109000Z
sensor.greenpi_arduino_nano_roomtemp_temperature,34.2,2025-11-13T21:46:27.213000Z
sensor.greenpi_arduino_nano_roomtemp_temperature,34.23,2025-11-13T21:48:07.302000Z
sensor.greenpi_arduino_nano_roomtemp_temperature,34.26,2025-11-13T21:49:47.370000Z
sensor.greenpi_arduino_nano_roomtemp_temperature,34.22,2025-11-13T21:53:07.518000Z
sensor.greenpi_arduino_nano_roomtemp_temperature,34.2,2025-11-13T21:56:27.705000Z
sensor.greenpi_arduino_nano_roomtemp_temperature,34.22,2025-11-13T21:58:07.820000Z
sensor.greenpi_arduino_nano_roomtemp_temperature,34.18,2025-11-13T21:59:47.884000Z
sensor.greenpi_arduino_nano_roomtemp_temperature,34.19,2025-11-13T22:01:27.975000Z
sensor.greenpi_arduino_nano_roomtemp_temperature,34.2,2025-11-13T22:03:08.126000Z
sensor.greenpi_arduino_nano_roomtemp_temperature,34.22,2025-11-13T22:04:48.171000Z
sensor.greenpi_arduino_nano_roomtemp_temperature,34.2,2025-11-13T22:06:28.244000Z
sensor.greenpi_arduino_nano_roomtemp_temperature,34.22,2025-11-13T22:08:08.333000Z
sensor.greenpi_arduino_nano_roomtemp_temperature,34.24,2025-11-13T22:09:48.423000Z
sensor.greenpi_arduino_nano_roomtemp_temperature,34.23,2025-11-13T22:11:28.509000Z
sensor.greenpi_arduino_nano_roomtemp_temperature,34.22,2025-11-13T22:13:08.607000Z
sensor.greenpi_arduino_nano_roomtemp_temperature,34.26,2025-11-13T22:16:28.791000Z
sensor.greenpi_arduino_nano_roomtemp_temperature,34.24,2025-11-13T22:18:08.879000Z
sensor.greenpi_arduino_nano_roomtemp_temperature,34.22,2025-11-13T22:19:48.976000Z
sensor.greenpi_arduino_nano_roomtemp_temperature,34.23,2025-11-13T22:21:29.133000Z
sensor.greenpi_arduino_nano_roomtemp_temperature,34.27,2025-11-13T22:24:49.252000Z
sensor.greenpi_arduino_nano_roomtemp_temperature,34.26,2025-11-13T22:26:29.331000Z
sensor.greenpi_arduino_nano_roomtemp_temperature,34.27,2025-11-13T22:28:09.439000Z
sensor.greenpi_arduino_nano_roomtemp_temperature,34.3,2025-11-13T22:29:49.527000Z
sensor.greenpi_arduino_nano_roomtemp_temperature,34.29,2025-11-13T22:33:09.715000Z
sensor.greenpi_arduino_nano_roomtemp_temperature,34.27,2025-11-13T22:34:49.804000Z
sensor.greenpi_arduino_nano_roomtemp_temperature,34.29,2025-11-13T22:36:29.912000Z
sensor.greenpi_arduino_nano_roomtemp_temperature,34.27,2025-11-13T22:38:10.001000Z
sensor.greenpi_arduino_nano_roomtemp_temperature,34.26,2025-11-13T22:39:50.095000Z
sensor.greenpi_arduino_nano_roomtemp_temperature,34.24,2025-11-13T22:41:30.190000Z
sensor.greenpi_arduino_nano_roomtemp_temperature,34.26,2025-11-13T22:46:30.472000Z
sensor.greenpi_arduino_nano_roomtemp_temperature,34.24,2025-11-13T22:48:10.557000Z
sensor.greenpi_arduino_nano_roomtemp_temperature,34.26,2025-11-13T22:54:50.933000Z
sensor.greenpi_arduino_nano_roomtemp_temperature,34.24,2025-11-13T22:59:51.178000Z
sensor.greenpi_arduino_nano_roomtemp_temperature,34.29,2025-11-13T23:01:31.278000Z
sensor.greenpi_arduino_nano_roomtemp_temperature,34.23,2025-11-13T23:03:11.385000Z
sensor.greenpi_arduino_nano_roomtemp_temperature,34.24,2025-11-13T23:04:51.477000Z
sensor.greenpi_arduino_nano_roomtemp_temperature,34.26,2025-11-13T23:06:31.561000Z
sensor.greenpi_arduino_nano_roomtemp_temperature,34.23,2025-11-13T23:08:11.640000Z
sensor.greenpi_arduino_nano_roomtemp_temperature,34.24,2025-11-13T23:09:51.724000Z
sensor.greenpi_arduino_nano_roomtemp_temperature,34.29,2025-11-13T23:11:31.808000Z
sensor.greenpi_arduino_nano_roomtemp_temperature,34.27,2025-11-13T23:13:11.890000Z
sensor.greenpi_arduino_nano_roomtemp_temperature,34.22,2025-11-13T23:14:51.979000Z
sensor.greenpi_arduino_nano_roomtemp_temperature,34.27,2025-11-13T23:16:32.063000Z
sensor.greenpi_arduino_nano_roomtemp_temperature,34.29,2025-11-13T23:19:52.232000Z
sensor.greenpi_arduino_nano_roomtemp_temperature,34.27,2025-11-13T23:21:32.318000Z
sensor.greenpi_arduino_nano_roomtemp_temperature,34.23,2025-11-13T23:24:52.470000Z
sensor.greenpi_arduino_nano_roomtemp_temperature,34.29,2025-11-13T23:26:32.586000Z
sensor.greenpi_arduino_nano_roomtemp_temperature,34.27,2025-11-13T23:28:12.668000Z
sensor.greenpi_arduino_nano_roomtemp_temperature,34.22,2025-11-13T23:29:52.768000Z
sensor.greenpi_arduino_nano_roomtemp_temperature,34.24,2025-11-13T23:31:32.860000Z
sensor.greenpi_arduino_nano_roomtemp_temperature,34.23,2025-11-13T23:33:12.953000Z
sensor.greenpi_arduino_nano_roomtemp_temperature,34.27,2025-11-13T23:34:53.036000Z
sensor.greenpi_arduino_nano_roomtemp_temperature,34.26,2025-11-13T23:36:33.123000Z
sensor.greenpi_arduino_nano_roomtemp_temperature,34.27,2025-11-13T23:39:53.319000Z
sensor.greenpi_arduino_nano_roomtemp_temperature,34.29,2025-11-13T23:41:33.419000Z
sensor.greenpi_arduino_nano_roomtemp_temperature,34.26,2025-11-13T23:43:13.500000Z
sensor.greenpi_arduino_nano_roomtemp_temperature,34.27,2025-11-13T23:48:13.845000Z
sensor.greenpi_arduino_nano_roomtemp_temperature,34.26,2025-11-13T23:49:53.864000Z
sensor.greenpi_arduino_nano_roomtemp_temperature,34.24,2025-11-13T23:51:33.982000Z
sensor.greenpi_arduino_nano_roomtemp_temperature,34.26,2025-11-13T23:53:14.051000Z
sensor.greenpi_arduino_nano_roomtemp_temperature,34.23,2025-11-13T23:54:54.138000Z
sensor.greenpi_arduino_nano_roomtemp_temperature,34.24,2025-11-13T23:56:34.224000Z
sensor.greenpi_arduino_nano_roomtemp_temperature,34.3,2025-11-13T23:59:54.400000Z
sensor.greenpi_arduino_nano_roomtemp_temperature,34.29,2025-11-14T00:01:34.487000Z
sensor.greenpi_arduino_nano_roomtemp_temperature,34.23,2025-11-14T00:03:14.580000Z
sensor.greenpi_arduino_nano_roomtemp_temperature,34.3,2025-11-14T00:04:54.729000Z
sensor.greenpi_arduino_nano_roomtemp_temperature,34.27,2025-11-14T00:06:34.760000Z
sensor.greenpi_arduino_nano_roomtemp_temperature,34.26,2025-11-14T00:08:14.847000Z
sensor.greenpi_arduino_nano_roomtemp_temperature,34.24,2025-11-14T00:11:35.034000Z
sensor.greenpi_arduino_nano_roomtemp_temperature,34.26,2025-11-14T00:13:15.120000Z
sensor.greenpi_arduino_nano_roomtemp_temperature,34.29,2025-11-14T00:14:55.217000Z
sensor.greenpi_arduino_nano_roomtemp_temperature,34.26,2025-11-14T00:18:15.399000Z
sensor.greenpi_arduino_nano_roomtemp_temperature,34.24,2025-11-14T00:19:55.498000Z
sensor.greenpi_arduino_nano_roomtemp_temperature,34.22,2025-11-14T00:21:35.583000Z
sensor.greenpi_arduino_nano_roomtemp_temperature,34.2,2025-11-14T00:23:15.705000Z
sensor.greenpi_arduino_nano_roomtemp_temperature,34.26,2025-11-14T00:24:55.780000Z
sensor.greenpi_arduino_nano_roomtemp_temperature,34.27,2025-11-14T00:29:56.048000Z
sensor.greenpi_arduino_nano_roomtemp_temperature,34.24,2025-11-14T00:31:36.144000Z
sensor.greenpi_arduino_nano_roomtemp_temperature,34.23,2025-11-14T00:33:16.219000Z
sensor.greenpi_arduino_nano_roomtemp_temperature,34.22,2025-11-14T00:34:56.349000Z
sensor.greenpi_arduino_nano_roomtemp_temperature,34.26,2025-11-14T00:36:36.413000Z
sensor.greenpi_arduino_nano_roomtemp_temperature,34.24,2025-11-14T00:39:56.611000Z
sensor.greenpi_arduino_nano_roomtemp_temperature,34.23,2025-11-14T00:41:36.699000Z
sensor.greenpi_arduino_nano_roomtemp_temperature,34.26,2025-11-14T00:43:16.781000Z
sensor.greenpi_arduino_nano_roomtemp_temperature,34.22,2025-11-14T00:44:56.881000Z
sensor.greenpi_arduino_nano_roomtemp_temperature,34.19,2025-11-14T00:46:36.970000Z
sensor.greenpi_arduino_nano_roomtemp_temperature,34.23,2025-11-14T00:48:17.078000Z
sensor.greenpi_arduino_nano_roomtemp_temperature,34.24,2025-11-14T00:49:57.178000Z
sensor.greenpi_arduino_nano_roomtemp_temperature,34.23,2025-11-14T00:51:37.236000Z
sensor.greenpi_arduino_nano_roomtemp_temperature,34.22,2025-11-14T00:53:17.319000Z
sensor.greenpi_arduino_nano_roomtemp_temperature,34.23,2025-11-14T00:56:37.510000Z
sensor.greenpi_arduino_nano_roomtemp_temperature,34.22,2025-11-14T00:58:17.595000Z
sensor.greenpi_arduino_nano_roomtemp_temperature,34.23,2025-11-14T00:59:57.676000Z
