timestamp,sensor_timestamp,input_temp,co2_ppm,solar_vol_cmd,r_pwm,b_pwm,pred_temp,pred_power,pred_pn,target_solar_vol,target_mean_power,cost,success,note
2025-09-30 22:05:51,2025-09-30T22:04:52.204000,29.66,420.0,1.543776476910006,72.48023164698083,20.244069494094248,32.10137848788306,58.452981592023924,14.291847483523682,1.6,66.58672728779518,-749.0453871166543,True,power_budget_seg:0
2025-09-30 22:20:46,2025-09-30T22:19:39.996000,32.10137848788306,420.0,1.5105381510985665,67.50453165220277,18.751359495660832,34.44412995278164,54.56622298471536,13.830030106372917,1.6,66.58672728779518,-240.1186449744846,True,power_budget_seg:0
2025-09-30 22:35:46,2025-09-30T22:35:28.963000,34.44412995278164,421.0,1.0509053642142028,21.300648324351172,4.766882774783724,35.42302772379577,18.40005127873221,7.745678642191995,1.6,66.58672728779518,6840.807376051098,True,power_budget_seg:0
2025-09-30 22:50:45,2025-09-30T22:50:16.722000,35.42302772379577,424.0,1.2287716273432923,33.75479269368926,8.918264231229752,36.92970237867929,28.378032034433677,10.186707456933641,1.6,66.58672728779518,15235.543516173755,True,power_budget_seg:0
2025-10-01 07:05:45,2025-10-01T07:05:28.243000,23.28,525.0,1.4662363403523022,60.82943147826873,16.74882944348062,25.491296116289465,49.35198115282969,15.287509393096343,1.6,66.58672728779518,-1344.6523557896771,True,power_budget_seg:1
2025-10-01 07:20:45,2025-10-01T07:20:15.959000,25.491296116289465,522.0,1.500913708950702,66.06377506847649,18.319132520542947,27.805489281281027,53.440778713816464,15.70444839581901,1.6,66.58672728779518,-1184.1935588146637,True,power_budget_seg:1
2025-10-01 07:35:45,2025-10-01T07:35:03.677000,27.805489281281027,516.0,1.5641235669368407,75.57364540735423,21.229458162941697,30.30724303978176,60.9038652660525,16.322762593460055,1.6,66.58672728779518,-1219.4315956108626,True,power_budget_seg:1
2025-10-01 07:50:45,2025-10-01T07:50:22.109000,30.30724303978176,506.0,1.5585209137634932,74.68743951873387,20.906231855620163,32.792372224396416,60.177137831881396,15.950689684862198,1.6,66.58672728779518,-1238.9160947054793,True,power_budget_seg:1
2025-10-01 08:05:45,2025-10-01T08:05:09.793000,32.792372224396416,507.0,1.2252328003551896,33.50079633403893,8.833598778012977,34.28854623094182,28.174535855695876,10.351006056414857,1.6,66.58672728779518,-428.03185872094474,True,power_budget_seg:1
2025-10-01 08:20:45,2025-10-01T08:20:28.136000,34.28854623094182,500.0,1.17406047896283,29.82794558654187,7.609315195513956,35.63287824199187,25.231930326943907,9.841719551525376,1.6,66.58672728779518,5477.5848870052505,True,power_budget_seg:1
2025-10-01 08:35:45,2025-10-01T08:35:15.869000,35.63287824199187,492.0,1.0927620909787465,24.171169961067513,5.723723320355838,36.73597614198004,20.699848743783,8.8318004179852,1.6,66.58672728779518,17031.70973285398,True,power_budget_seg:1
2025-10-01 08:50:45,2025-10-01T08:50:03.637000,36.73597614198004,494.0,1.1950741048342746,31.3361810816211,8.112060360540367,38.142661214179064,26.440294731488407,9.80845061366683,1.6,66.58672728779518,21715.161543478534,True,power_budget_seg:1
2025-10-01 09:05:45,2025-10-01T09:05:22.036000,38.142661214179064,478.0,1.193108044499997,31.19506873862207,8.065022912874023,39.54351245831835,26.327238691580696,9.081366927776958,1.6,66.58672728779518,47164.82756279908,True,power_budget_seg:1
2025-10-01 09:20:45,2025-10-01T09:20:09.768000,39.54351245831835,478.0,1.2091864014270362,32.34907941570691,8.449693138568971,40.992072497635576,27.25180612763641,8.339721478810581,1.6,66.58672728779518,75096.71887013025,True,power_budget_seg:1
2025-10-01 09:35:45,2025-10-01T09:35:28.091000,40.992072497635576,480.0,1.2127443917521707,32.60445120791192,8.534817069303974,42.45119004804907,27.45640427204559,7.537756458133291,1.6,66.58672728779518,119431.41936447236,True,power_budget_seg:1
2025-10-01 09:50:45,2025-10-01T09:49:45.235000,42.45119004804907,480.0,1.0843812930875145,23.59641738151065,5.532139127170217,43.529419874027255,20.23936988565869,6.766837135801454,1.6,66.58672728779518,175622.5136457552,True,power_budget_seg:1
2025-10-01 10:05:45,2025-10-01T10:05:03.682000,43.529419874027255,475.0,1.2758576423911303,37.178960980272166,10.053688294081649,45.17581135805301,31.117814272817316,6.530412994010874,1.6,66.58672728779518,230380.73480308655,True,power_budget_seg:1
2025-10-01 10:20:45,2025-10-01T10:19:51.411000,45.17581135805301,464.0,1.1997149373820521,31.669272972477913,8.223090990825972,46.59626702450379,26.707160473388118,6.160324435524902,1.6,66.58672728779518,318687.8070122477,True,power_budget_seg:1
2025-10-01 10:35:45,2025-10-01T10:35:09.721000,46.59626702450379,458.0,1.379272033378856,49.875043766761664,13.718760941690416,48.549516729209316,40.94895697646995,5.978834651997903,1.6,66.58672728779518,416762.4936294234,True,power_budget_seg:1
2025-10-01 10:50:45,2025-10-01T10:50:28.132000,48.549516729209316,462.0,1.3586245575311964,47.68677007587952,13.17169251896988,50.441499838041416,39.30533597607934,5.875976335807751,1.6,66.58672728779518,561879.7428929122,True,power_budget_seg:1
2025-10-01 11:05:45,2025-10-01T11:05:15.841000,50.441499838041416,460.0,1.189604734552635,30.943621584989444,7.981207194996481,51.83195582242362,26.12578487945056,5.842818286705137,1.6,66.58672728779518,722177.8806183507,True,power_budget_seg:1
2025-10-01 11:20:46,2025-10-01T11:20:03.648000,51.83195582242362,463.0,1.135229748939186,27.083589074054004,6.694529691351335,53.06106664801829,23.033213525827907,5.832678545360689,1.6,66.58672728779518,859401.1185055648,True,power_budget_seg:1
2025-10-01 11:35:45,2025-10-01T11:35:22.010000,53.06106664801829,459.0,1.1001339892149127,24.67673250802977,5.892244169343256,54.18603894628098,21.104894101761367,5.82876268564744,1.6,66.58672728779518,982474.0710322271,True,power_budget_seg:1
2025-10-01 11:50:45,2025-10-01T11:50:09.724000,54.18603894628098,451.0,1.1180434502424703,25.90495791778829,6.301652639262763,55.364153416457654,22.08892071481447,5.827126044731061,1.6,66.58672728779518,1107385.022093263,True,power_budget_seg:1
2025-10-01 12:05:45,2025-10-01T12:05:28.087000,55.364153416457654,455.0,1.1898675896126678,30.962487787996388,7.9874959293321295,56.75538936226735,26.140900057575514,5.826379880401414,1.6,66.58672728779518,1247305.3079944982,True,power_budget_seg:1
2025-10-01 12:20:45,2025-10-01T12:20:15.787000,56.75538936226735,441.0,1.3039038519022126,40.78958028856994,11.136874086570982,58.485001468347576,33.9382426927319,5.826066152144204,1.6,66.58672728779518,1422754.0994074803,True,power_budget_seg:1
2025-10-01 12:35:45,2025-10-01T12:35:03.622000,58.485001468347576,451.0,1.4,52.071848081109565,14.267962020277391,60.49975660662887,42.59898536179287,5.825977700465849,1.6,66.58672728779518,1659487.1595982406,True,power_budget_seg:1
2025-10-01 12:50:45,2025-10-01T12:50:21.952000,60.49975660662887,449.0,1.1123803002379216,25.516580806709506,6.172193602236502,61.66106699260372,21.777761696147575,5.825963894596077,1.6,66.58672728779518,1953430.53405341,True,power_budget_seg:1
2025-10-01 13:05:45,2025-10-01T13:05:09.678000,61.66106699260372,440.0,1.2589076785235473,35.91778266741626,9.639260889138754,63.257163390004536,30.11097102185689,5.82596069638187,1.6,66.58672728779518,2130322.3611811665,True,power_budget_seg:1
2025-10-01 13:20:45,2025-10-01T13:20:28.068000,63.257163390004536,443.0,1.2430083812070696,34.77662384474416,9.25887461491472,64.806082310093,29.196700202911316,5.825959901414318,1.6,66.58672728779518,2390979.3655584333,True,power_budget_seg:1
2025-10-01 13:35:45,2025-10-01T13:35:15.844000,64.806082310093,442.0,1.2502353078613855,35.295330486189854,9.431776828729951,66.37644545890966,29.61227631418091,5.825959751307561,1.6,66.58672728779518,2659626.3973901817,True,power_budget_seg:1
2025-10-01 13:50:45,2025-10-01T13:50:03.586000,66.37644545890966,443.0,1.287536406859106,38.682464420495435,10.50473932614863,68.05749096787481,32.29227313157865,5.825959724736283,1.6,66.58672728779518,2947553.7641890915,True,power_budget_seg:1
2025-10-01 14:05:45,2025-10-01T14:05:21.939000,68.05749096787481,443.0,1.1393949474877072,27.369237128236716,6.789745709412239,69.29896105414075,23.262068331345965,5.825959721119361,1.6,66.58672728779518,3271914.6459158203,True,power_budget_seg:1
2025-10-01 14:20:45,2025-10-01T14:20:09.613000,69.29896105414075,444.0,1.4,52.071848081109565,14.267962020277391,71.31371619242204,42.59898536179287,5.8259597203935645,1.6,66.58672728779518,3520826.1259856466,True,power_budget_seg:1
2025-10-01 14:35:45,2025-10-01T14:35:28.047000,71.31371619242204,447.0,1.3080087938510188,41.31804324018358,11.295412972055074,73.055508761689,34.35105052439049,5.825959720320752,1.6,66.58672728779518,3945274.7074258216,True,power_budget_seg:1
2025-10-01 14:50:45,2025-10-01T14:50:15.745000,73.055508761689,442.0,1.217683052937007,32.9589195011379,8.652973167045968,74.52928064376025,27.740396307421612,5.8259597203144216,1.6,66.58672728779518,4333471.290257781,True,power_budget_seg:1
2025-10-01 15:05:45,2025-10-01T15:05:03.489000,74.52928064376025,442.0,1.4,52.071848081109565,14.267962020277391,76.54403578204153,42.59898536179287,5.8259597203136435,1.6,66.58672728779518,4675042.600903205,True,power_budget_seg:1
2025-10-01 15:20:45,2025-10-01T15:20:21.915000,76.54403578204153,434.0,1.3407973093599708,45.53917861821972,12.561753585465915,78.38312066654343,37.64838241345437,5.825959720313593,1.6,66.58672728779518,5163668.382874347,True,power_budget_seg:1
2025-10-01 15:35:45,2025-10-01T15:35:09.612000,78.38312066654343,440.0,1.4,52.071848081109565,14.267962020277391,80.39787580482472,42.59898536179287,5.82595972031359,1.6,66.58672728779518,5628748.634439727,True,power_budget_seg:1
2025-10-01 15:50:45,2025-10-01T15:50:28.011000,80.39787580482472,432.0,1.4,52.071848081109565,14.267962020277391,82.41263094310601,42.59898536179287,5.82595972031359,1.6,66.58672728779518,6163791.166251936,True,power_budget_seg:1
2025-10-01 16:05:45,2025-10-01T16:05:15.691000,82.41263094310601,432.0,1.2567263536980393,35.76121989484879,9.587073298282931,84.00225476499497,29.985536444786824,5.82595972031359,1.6,66.58672728779518,6725264.993169715,True,power_budget_seg:1
2025-10-01 16:20:45,2025-10-01T16:20:03.505000,84.00225476499497,434.0,1.4,52.071848081109565,14.267962020277391,86.01700990327626,42.59898536179287,5.82595972031359,1.6,66.58672728779518,7186984.531611594,True,power_budget_seg:1
2025-10-01 16:35:45,2025-10-01T16:35:21.847000,86.01700990327626,433.0,1.206750279536844,32.17422879603731,8.391409598679104,87.45834131588647,27.11171973820278,5.82595972031359,1.6,66.58672728779518,7788876.384419023,True,power_budget_seg:1
2025-10-01 16:50:45,2025-10-01T16:50:09.567000,87.45834131588647,433.0,1.4,52.071848081109565,14.267962020277391,89.47309645416776,42.59898536179287,5.82595972031359,1.6,66.58672728779518,8228986.13051815,True,power_budget_seg:1
2025-10-01 17:05:45,2025-10-01T17:05:27.928000,89.47309645416776,427.0,1.284534160693953,38.295960569845654,10.388788170953697,91.14523349393939,31.9903563822072,5.82595972031359,1.6,66.58672728779518,8878623.24544799,True,power_budget_seg:1
2025-10-01 17:20:45,2025-10-01T17:20:15.728000,91.14523349393939,429.0,1.4,52.071848081109565,14.267962020277391,93.15998863222067,42.59898536179287,5.82595972031359,1.6,66.58672728779518,9426878.541588524,True,power_budget_seg:1
2025-10-01 17:35:45,2025-10-01T17:35:03.505000,93.15998863222067,432.0,1.4,52.071848081109565,14.267962020277391,95.17474377050196,42.59898536179287,5.82595972031359,1.6,66.58672728779518,10117684.172040233,True,power_budget_seg:1
2025-10-01 17:50:45,2025-10-01T17:50:21.831000,95.17474377050196,433.0,1.2503485767251825,35.303460264549436,9.43448675484981,96.74544301840184,29.618789710012397,5.82595972031359,1.6,66.58672728779518,10834217.217289811,True,power_budget_seg:1
2025-10-01 18:05:45,2025-10-01T18:05:09.619000,96.74544301840184,425.0,1.4,52.071848081109565,14.267962020277391,98.76019815668313,42.59898536179287,5.82595972031359,1.6,66.58672728779518,11402117.270175377,True,power_budget_seg:1
2025-10-01 18:20:45,2025-10-01T18:20:27.913000,98.76019815668313,431.0,1.3969419779007413,51.74775087158541,14.186937717896352,100.76587932362237,42.35555466938842,5.82595972031359,1.6,66.58672728779518,12158440.61702117,True,power_budget_seg:1
2025-10-01 18:35:45,2025-10-01T18:35:15.698000,100.76587932362237,426.0,1.3737390281636621,49.28864134966936,13.57216033741734,102.70271111860441,40.50850780805529,5.82595972031359,1.6,66.58672728779518,12939536.657245878,True,power_budget_seg:1
2025-10-01 18:50:45,2025-10-01T18:49:32.840000,102.70271111860441,426.0,1.339464530337486,45.36759900884768,12.510279702654302,104.53784129046437,37.51435332724231,5.82595972031359,1.6,66.58672728779518,13712227.366031218,True,power_budget_seg:1
2025-10-01 19:05:45,2025-10-01T19:05:21.773000,104.53784129046437,427.0,1.3843499223380487,50.41321176834244,13.85330294208561,106.5061584529574,41.353177085143756,5.82595972031359,1.6,66.58672728779518,14463554.317905132,True,power_budget_seg:1
2025-10-01 19:20:45,2025-10-01T19:20:09.521000,106.5061584529574,424.0,1.3325126620310301,44.47262780334077,12.24178834100223,108.32066056794302,36.81524826866805,5.82595972031359,1.6,66.58672728779518,15296923.249188757,True,power_budget_seg:1
2025-10-01 19:35:45,2025-10-01T19:35:27.862000,108.32066056794302,424.0,1.3675782237033407,48.63570312057737,13.408925780144342,110.23921160454516,40.01808332881164,5.82595972031359,1.6,66.58672728779518,16083055.896818206,True,power_budget_seg:1
2025-10-01 19:50:45,2025-10-01T19:50:15.697000,110.23921160454516,438.0,1.2188345747211193,33.04156901811228,8.680523006037426,111.71640036044192,27.80661324416025,5.82595972031359,1.6,66.58672728779518,16944844.038008854,True,power_budget_seg:1
2025-10-01 20:05:45,2025-10-01T20:05:03.407000,111.71640036044192,431.0,1.3525711592404546,47.04521503458556,13.01130375864639,113.59042141379199,38.823461454089305,5.82595972031359,1.6,66.58672728779518,17609673.992182296,True,power_budget_seg:1
2025-10-01 20:20:45,2025-10-01T20:20:21.802000,113.59042141379199,432.0,1.178358916603308,30.13646236810137,7.712154122700457,114.94750804161696,25.479107043217613,5.82595972031359,1.6,66.58672728779518,18491020.630818177,True,power_budget_seg:1
2025-10-01 20:35:45,2025-10-01T20:35:09.497000,114.94750804161696,430.0,1.4,52.071848081109565,14.267962020277391,116.96226317989824,42.59898536179287,5.82595972031359,1.6,66.58672728779518,19123102.183551572,True,power_budget_seg:1
2025-10-01 20:50:45,2025-10-01T20:50:27.828000,116.96226317989824,427.0,1.3270239276610967,43.76601786782101,12.029805360346304,118.76047874862608,36.26328125864463,5.82595972031359,1.6,66.58672728779518,20102235.459077824,True,power_budget_seg:1
2025-10-01 21:05:45,2025-10-01T21:05:15.655000,118.76047874862608,429.0,1.247152520849224,35.07406601598581,9.358022005328603,120.3216944419653,29.435004190127817,5.82595972031359,1.6,66.58672728779518,21000151.812099926,True,power_budget_seg:1
2025-10-01 21:20:45,2025-10-01T21:20:03.390000,120.3216944419653,432.0,1.4,52.071848081109565,14.267962020277391,122.3364495802466,42.59898536179287,5.82595972031359,1.6,66.58672728779518,21780225.451206848,True,power_budget_seg:1
2025-10-01 21:35:45,2025-10-01T21:35:21.769000,122.3364495802466,430.0,1.270417034209359,36.743857085845015,9.914619028615006,123.96669732131619,30.77280329273954,5.82595972031359,1.6,66.58672728779518,22830938.56986873,True,power_budget_seg:1
2025-10-01 21:50:45,2025-10-01T21:50:09.453000,123.96669732131619,430.0,1.4,52.071848081109565,14.267962020277391,125.98145245959748,42.59898536179287,5.82595972031359,1.6,66.58672728779518,23682025.93814188,True,power_budget_seg:1
2025-10-01 22:05:45,2025-10-01T22:05:27.820000,125.98145245959748,430.0,1.3953353409318137,51.577475268124594,14.144368817031149,127.98236630395371,42.227659992013955,5.82595972031359,1.6,66.58672728779518,24767950.0411694,True,power_budget_seg:1
2025-10-01 22:20:45,2025-10-01T22:20:15.612000,127.98236630395371,429.0,1.4,52.071848081109565,14.267962020277391,129.997121442235,42.59898536179287,5.82595972031359,1.6,66.58672728779518,25871116.126687493,True,power_budget_seg:1
2025-10-01 22:35:45,2025-10-01T22:35:03.354000,129.997121442235,426.0,1.4,52.071848081109565,14.267962020277391,132.0118765805163,42.59898536179287,5.82595972031359,1.6,66.58672728779518,27005432.731710393,True,power_budget_seg:1
2025-10-01 22:50:45,2025-10-01T22:50:21.726000,132.0118765805163,427.0,1.1441966628087967,27.698537309784015,6.899512436594671,133.26759464335072,23.525896240906526,5.82595972031359,1.6,66.58672728779518,28201946.04110673,True,power_budget_seg:1
2025-10-02 07:05:45,2025-10-02T07:05:16.156000,22.41,518.0,1.5436418541161534,72.46007892814447,20.23802367844334,24.85097902596495,58.437239333953684,16.562211780126344,1.6,66.58672728779518,-1289.1134852658286,True,power_budget_seg:2
2025-10-02 07:20:45,2025-10-02T07:20:03.923000,24.85097902596495,501.0,1.6719827227686757,95.0,28.0,27.672779813959938,76.64513905509547,18.482656945474993,1.6,66.58672728779518,-1292.539426864466,True,power_budget_seg:2
2025-10-02 07:35:45,2025-10-02T07:35:22.199000,27.672779813959938,492.0,1.6949728239839357,95.0,28.0,30.56279839528893,76.64513905509547,17.900699013327866,1.6,66.58672728779518,-1219.843545497802,True,power_budget_seg:2
2025-10-02 07:50:45,2025-10-02T07:50:10.018000,30.56279839528893,488.0,1.5250306007115002,69.67401762067408,19.402205286202225,32.94855284322537,56.26091283141845,15.14632650044485,1.6,66.58672728779518,-1050.3285411359975,True,power_budget_seg:2
2025-10-02 08:05:45,2025-10-02T08:05:28.337000,32.94855284322537,486.0,1.3258243553888738,43.61158705940552,11.983476117821658,34.74320895944844,36.142647925752286,12.019627142912768,1.6,66.58672728779518,1471.6780404982958,True,power_budget_seg:2
2025-10-02 08:20:45,2025-10-02T08:20:16.129000,34.74320895944844,480.0,1.2046771730541423,32.0254333048918,8.3418111016306,36.17838890938034,26.992508132559255,10.255089322190619,1.6,66.58672728779518,6253.658145812816,True,power_budget_seg:2
2025-10-02 08:35:45,2025-10-02T08:35:03.831000,36.17838890938034,475.0,1.2858888946219773,38.470366614847826,10.441109984454348,37.85454580788417,32.12659333324731,10.767940939615393,1.6,66.58672728779518,20477.40028708874,True,power_budget_seg:2
2025-10-02 08:50:45,2025-10-02T08:50:22.180000,37.85454580788417,472.0,1.1614011530594637,28.919333013536146,7.306444337845382,39.16131420535385,24.503970340374288,9.0154291251349,1.6,66.58672728779518,35857.29845057562,True,power_budget_seg:2
2025-10-02 09:05:45,2025-10-02T09:05:09.998000,39.16131420535385,465.0,1.2255058658564675,33.520395382962164,8.840131794320722,40.658298470443064,28.19023817350966,8.594837768776337,1.6,66.58672728779518,64910.19536600252,True,power_budget_seg:2
2025-10-02 09:18:46,2025-10-02T09:17:55.239000,40.658298470443064,450.0,1.3501652044496812,46.74518483006276,12.923555449018828,42.52518041095708,38.59045187690031,7.819654329440612,1.6,66.58672728779518,114466.78970640783,True,power_budget_seg:2
2025-10-02 09:33:46,2025-10-02T09:32:43.022000,42.52518041095708,450.0,1.3134635157979655,42.020274476645646,11.506082342993693,44.283158602505,34.89959712195552,6.86087363819232,1.6,66.58672728779518,184030.001218765,True,power_budget_seg:2
2025-10-02 09:48:46,2025-10-02T09:48:01.452000,44.283158602505,450.0,1.1879825523196987,30.82719080630474,7.942396935434912,45.66880113733862,26.03250315453756,6.31959555796594,1.6,66.58672728779518,272889.2203700924,True,power_budget_seg:2
2025-10-02 10:03:46,2025-10-02T10:03:19.753000,45.66880113733862,450.0,1.1667299612456177,29.30180378283579,7.433934594278596,46.99138153720689,24.810397330660816,6.086577158328293,1.6,66.58672728779518,348258.4847529884,True,power_budget_seg:2
2025-10-02 10:18:46,2025-10-02T10:18:38.150000,46.99138153720689,450.0,1.1347630340082064,27.051581905526664,6.683860635175555,48.21910749448761,23.007570101266634,5.958876830100426,1.6,66.58672728779518,440802.8252288367,True,power_budget_seg:2
2025-10-02 10:33:46,2025-10-02T10:33:25.820000,48.21910749448761,450.0,1.1899804858549565,30.970590821757554,7.990196940585852,49.61067843371263,26.147392026235423,5.892807961676384,1.6,66.58672728779518,531592.5187819583,True,power_budget_seg:2
2025-10-02 10:48:46,2025-10-02T10:48:13.624000,49.61067843371263,450.0,1.191216214366052,31.059284206426998,8.019761402142333,51.00591611069567,26.218451174029514,5.854635805412717,1.6,66.58672728779518,649103.9755881913,True,power_budget_seg:2
2025-10-02 11:03:46,2025-10-02T11:03:31.995000,51.00591611069567,450.0,1.224057286674291,33.41642481865511,8.805474939551702,52.49860205302622,28.106939292506695,5.837142386105214,1.6,66.58672728779518,778059.9965238626,True,power_budget_seg:2
2025-10-02 11:18:46,2025-10-02T11:18:19.772000,52.49860205302622,450.0,1.163203826032724,29.04871836478035,7.349572788260117,53.81071946445574,24.607630977869608,5.830016750381649,1.6,66.58672728779518,920860.2628933182,True,power_budget_seg:2
2025-10-02 11:33:46,2025-10-02T11:33:07.503000,53.81071946445574,450.0,0.8846387584904586,19.0,4.0,54.29625964467857,16.55682351251732,5.827592220665628,1.6,66.58672728779518,1216921.077043722,True,power_budget_seg:2
2025-10-02 11:48:46,2025-10-02T11:48:25.808000,54.29625964467857,450.0,1.2521425748341535,35.4322229846344,9.477407661544799,55.872282165890454,29.72195150940688,5.826892626365903,1.6,66.58672728779518,1120041.341690518,True,power_budget_seg:2
2025-10-02 12:03:46,2025-10-02T12:03:13.538000,55.872282165890454,450.0,1.1870319619053955,30.758962971046547,7.919654323682182,57.25510404413709,25.977840545287147,5.826233568241438,1.6,66.58672728779518,1307978.799440229,True,power_budget_seg:2
2025-10-02 12:18:46,2025-10-02T12:18:31.956000,57.25510404413709,450.0,1.3167618069404683,42.444890633021515,11.633467189906455,59.022869149688034,35.23128522660979,5.82602648981177,1.6,66.58672728779518,1487435.6727355304,True,power_budget_seg:2
2025-10-02 12:33:46,2025-10-02T12:33:19.702000,59.022869149688034,450.0,1.2317200568739055,33.96641376755893,8.98880458918631,60.53829258538361,28.54757808592888,5.825974463155989,1.6,66.58672728779518,1730013.7524620136,True,power_budget_seg:2
2025-10-02 12:48:46,2025-10-02T12:48:38.069000,60.53829258538361,450.0,1.4,52.071848081109565,14.267962020277391,62.5530477236649,42.59898536179287,5.825962046482866,1.6,66.58672728779518,1956927.5189733128,True,power_budget_seg:2
2025-10-02 13:03:46,2025-10-02T13:03:25.827000,62.5530477236649,450.0,1.2134649633511476,32.6561696342783,8.552056544759434,64.01430340317845,27.497839913683837,5.825960137044431,1.6,66.58672728779518,2273731.3587418892,True,power_budget_seg:2
2025-10-02 13:18:46,2025-10-02T13:18:13.612000,64.01430340317845,450.0,1.2513333422659707,35.37414099104728,9.458046997015758,65.58792471442702,29.675417520633477,5.825959797072196,1.6,66.58672728779518,2520901.2410928113,True,power_budget_seg:2
2025-10-02 13:33:46,2025-10-02T13:33:31.966000,65.58792471442702,450.0,1.3612740828977172,47.96757372934594,13.241893432336486,67.48776967528813,39.516248707766835,5.8259597297297585,1.6,66.58672728779518,2802304.7442114796,True,power_budget_seg:2
2025-10-02 13:48:46,2025-10-02T13:48:19.655000,67.48776967528813,450.0,1.28430936402966,38.267020645674535,10.38010619370236,69.15923968309485,31.967750015367358,5.825959721459843,1.6,66.58672728779518,3158881.9368429305,True,power_budget_seg:2
2025-10-02 14:03:46,2025-10-02T14:03:07.387000,69.15923968309485,450.0,1.1632770239342651,29.053972083198346,7.351324027732782,70.47157429232064,24.61184013907057,5.825959720502539,1.6,66.58672728779518,3492327.7859128895,True,power_budget_seg:2
2025-10-02 14:18:46,2025-10-02T14:18:25.746000,70.47157429232064,450.0,1.2571293507215842,35.79014467056528,9.596714890188426,72.06239391441113,30.008710325456832,5.825959720339776,1.6,66.58672728779518,3765598.9499265123,True,power_budget_seg:2
2025-10-02 14:33:46,2025-10-02T14:33:13.533000,72.06239391441113,450.0,1.2848202510832716,38.332791339550326,10.399837401865097,73.735379861061,32.01912666805917,5.825959720316332,1.6,66.58672728779518,4109701.388950943,True,power_budget_seg:2
2025-10-02 14:48:46,2025-10-02T14:48:31.874000,73.735379861061,450.0,1.2631413829319456,36.22165327515829,9.740551091719428,75.34403879438392,30.354425328018458,5.825959720313864,1.6,66.58672728779518,4488832.301552361,True,power_budget_seg:2
2025-10-02 15:03:46,2025-10-02T15:03:19.629000,75.34403879438392,450.0,1.4,52.071848081109565,14.267962020277391,77.35879393266521,42.59898536179287,5.825959720313606,1.6,66.58672728779518,4868475.712657188,True,power_budget_seg:2
2025-10-02 15:18:46,2025-10-02T15:18:37.999000,77.35879393266521,450.0,1.3740511128255006,49.3217169013672,13.5804292253418,79.29655176650043,40.53335098539485,5.825959720313591,1.6,66.58672728779518,5372729.312814589,True,power_budget_seg:2
2025-10-02 15:33:46,2025-10-02T15:33:25.775000,79.29655176650043,450.0,1.4,52.071848081109565,14.267962020277391,81.31130690478172,42.59898536179287,5.82595972031359,1.6,66.58672728779518,5868067.239393465,True,power_budget_seg:2
2025-10-02 15:48:46,2025-10-02T15:48:13.484000,81.31130690478172,450.0,1.4,52.071848081109565,14.267962020277391,83.326062043063,42.59898536179287,5.82595972031359,1.6,66.58672728779518,6414471.806016177,True,power_budget_seg:2
2025-10-02 16:03:46,2025-10-02T16:03:31.876000,83.326062043063,450.0,1.298055823444253,40.03671546890721,10.911014640672164,85.03832148100919,33.35014376774949,5.82595972031359,1.6,66.58672728779518,6987159.782370726,True,power_budget_seg:2
2025-10-02 16:18:46,2025-10-02T16:17:49.030000,85.03832148100919,450.0,1.4,52.071848081109565,14.267962020277391,87.05307661929048,42.59898536179287,5.82595972031359,1.6,66.58672728779518,7487295.269579449,True,power_budget_seg:2
2025-10-02 16:33:46,2025-10-02T16:33:07.356000,87.05307661929048,450.0,1.2551062875340626,35.64494099525123,9.548313665083745,88.63789327057472,29.89237640198733,5.82595972031359,1.6,66.58672728779518,8106477.397857461,True,power_budget_seg:2
2025-10-02 16:48:46,2025-10-02T16:48:25.745000,88.63789327057472,450.0,1.4,52.071848081109565,14.267962020277391,90.65264840885601,42.59898536179287,5.82595972031359,1.6,66.58672728779518,8603850.018760145,True,power_budget_seg:2
2025-10-02 17:03:46,2025-10-02T17:03:13.528000,90.65264840885601,450.0,1.3071025799951779,41.201378874396354,11.260413662318905,92.3917519986811,34.259918376478524,5.82595972031359,1.6,66.58672728779518,9264154.102901429,True,power_budget_seg:2
2025-10-02 17:18:46,2025-10-02T17:18:31.918000,92.3917519986811,450.0,1.2759422954834188,37.189859069349154,10.056957720804746,94.03839467112489,31.126327294415812,5.82595972031359,1.6,66.58672728779518,9853694.220348416,True,power_budget_seg:2
2025-10-02 17:33:46,2025-10-02T17:33:19.643000,94.03839467112489,450.0,1.3618055965239175,48.023904938697676,13.255976234674419,95.93981677539946,39.55855930129711,5.82595972031359,1.6,66.58672728779518,10425398.482103236,True,power_budget_seg:2
2025-10-02 17:48:46,2025-10-02T17:48:37.991000,95.93981677539946,450.0,1.4,52.071848081109565,14.267962020277391,97.95457191368075,42.59898536179287,5.82595972031359,1.6,66.58672728779518,11106986.861211566,True,power_budget_seg:2
2025-10-02 18:03:46,2025-10-02T18:03:25.740000,97.95457191368075,450.0,1.4,52.071848081109565,14.267962020277391,99.96932705196204,42.59898536179287,5.82595972031359,1.6,66.58672728779518,11852635.627403472,True,power_budget_seg:2
2025-10-02 18:18:46,2025-10-02T18:18:13.541000,99.96932705196204,450.0,1.2486458002893213,35.18124490407514,9.393748301358382,101.53497370570811,29.520873508088012,5.82595972031359,1.6,66.58672728779518,12630933.191840833,True,power_budget_seg:2
2025-10-02 18:33:46,2025-10-02T18:33:01.239000,101.53497370570811,450.0,1.4,52.071848081109565,14.267962020277391,103.5497288439894,42.59898536179287,5.82595972031359,1.6,66.58672728779518,13243849.250145566,True,power_budget_seg:2
2025-10-02 18:48:46,2025-10-02T18:48:19.569000,103.5497288439894,450.0,1.3685033716543538,48.73375272898046,13.433438182245116,105.47102504256951,40.09172877641853,5.82595972031359,1.6,66.58672728779518,14058249.143833002,True,power_budget_seg:2
2025-10-02 19:03:46,2025-10-02T19:03:37.927000,105.47102504256951,450.0,0.8340799571201264,19.0,4.0,105.80654370567058,16.55682351251732,5.82595972031359,1.6,66.58672728779518,15355750.172709286,True,power_budget_seg:2
2025-10-02 19:18:46,2025-10-02T19:18:25.720000,105.80654370567058,450.0,1.3766780648059729,49.60012816812405,13.650032042031013,107.75209641024709,40.742466785988526,5.82595972031359,1.6,66.58672728779518,14997487.935442956,True,power_budget_seg:2
2025-10-02 19:33:46,2025-10-02T19:33:13.454000,107.75209641024709,450.0,1.4,52.071848081109565,14.267962020277391,109.76685154852838,42.59898536179287,5.82595972031359,1.6,66.58672728779518,15833075.107817471,True,power_budget_seg:2
2025-10-02 19:48:46,2025-10-02T19:48:31.798000,109.76685154852838,450.0,1.3138245079567212,42.06674796740498,11.520024390221494,111.52590090058362,34.93589980105798,5.82595972031359,1.6,66.58672728779518,16725919.888049971,True,power_budget_seg:2
2025-10-02 20:03:46,2025-10-02T20:03:19.561000,111.52590090058362,450.0,1.4,52.071848081109565,14.267962020277391,113.54065603886491,42.59898536179287,5.82595972031359,1.6,66.58672728779518,17520358.174246583,True,power_budget_seg:2
2025-10-02 20:18:46,2025-10-02T20:18:37.983000,113.54065603886491,450.0,1.2615794016774085,36.109543371557955,9.703181123852652,115.14468015508041,30.264605391178662,5.82595972031359,1.6,66.58672728779518,18461949.728231058,True,power_budget_seg:2
2025-10-02 20:29:53,2025-10-02T20:29:53.000000,115.14468015508041,400.0,1.2754812916140987,37.13051024821491,10.039153074464473,116.78995490546119,31.079967075427685,5.82595972031359,1.6,66.58672728779518,19225610.90384965,True,power_budget_seg:2
2025-10-02 20:45:06,2025-10-02T20:45:06.000000,116.78995490546119,400.0,1.2199155643781996,33.11915615041377,8.706385383471257,118.27035124745478,27.868774311997264,5.82595972031359,1.6,66.58672728779518,20025121.96395808,True,power_budget_seg:2
2025-10-02 21:00:04,2025-10-02T21:00:04.000000,118.27035124745478,400.0,1.4,52.071848081109565,14.267962020277391,120.28510638573607,42.59898536179287,5.82595972031359,1.6,66.58672728779518,20744612.839151785,True,power_budget_seg:2
2025-10-02 21:15:04,2025-10-02T21:15:04.000000,120.28510638573607,400.0,1.4,52.071848081109565,14.267962020277391,122.29986152401736,42.59898536179287,5.82595972031359,1.6,66.58672728779518,21761999.320382405,True,power_budget_seg:2
2025-10-02 21:30:04,2025-10-02T21:30:04.000000,122.29986152401736,400.0,1.335407670417179,44.84532605237091,12.353597815711272,124.12295390495864,37.106380798536605,5.82595972031359,1.6,66.58672728779518,22808689.3956353,True,power_budget_seg:2
2025-10-02 21:45:04,2025-10-02T21:45:04.000000,124.12295390495864,400.0,1.312708391661261,41.92306113353524,11.476918340060573,125.87869144076447,34.823659103490556,5.82595972031359,1.6,66.58672728779518,23771836.951318413,True,power_budget_seg:2
2025-10-02 22:00:04,2025-10-02T22:00:04.000000,125.87869144076447,400.0,1.4,52.071848081109565,14.267962020277391,127.89344657904576,42.59898536179287,5.82595972031359,1.6,66.58672728779518,24713951.248209607,True,power_budget_seg:2
2025-10-02 22:15:04,2025-10-02T22:15:04.000000,127.89344657904576,400.0,1.2715867096722282,36.82780956799232,9.942603189330773,129.52716506077223,30.840064135910872,5.82595972031359,1.6,66.58672728779518,25830953.82482228,True,power_budget_seg:2
2025-10-02 22:30:04,2025-10-02T22:30:04.000000,129.52716506077223,400.0,1.4,52.071848081109565,14.267962020277391,131.54192019905352,42.59898536179287,5.82595972031359,1.6,66.58672728779518,26737637.691354264,True,power_budget_seg:2
2025-10-02 22:45:04,2025-10-02T22:45:04.000000,131.54192019905352,400.0,1.4,52.071848081109565,14.267962020277391,133.5566753373348,42.59898536179287,5.82595972031359,1.6,66.58672728779518,27891776.697287854,True,power_budget_seg:2
2025-10-03 07:00:04,2025-10-03T07:00:04.000000,26.3,400.0,1.563465646753681,75.44976204100163,21.17990481640065,28.799801532946578,60.79965006674229,14.791069775176997,1.6,66.58672728779518,-1088.5615826638805,True,power_budget_seg:3
2025-10-03 07:15:04,2025-10-03T07:15:04.000000,28.799801532946578,400.0,1.8132035590536295,95.0,28.0,32.04064239971023,76.64513905509547,16.412740482348806,1.6,66.58672728779518,-965.0127428760946,True,power_budget_seg:3
2025-10-03 07:30:04,2025-10-03T07:30:04.000000,32.04064239971023,400.0,1.7058161609723435,95.0,28.0,34.96283606869108,76.64513905509547,15.020929121709457,1.6,66.58672728779518,1524.4414221735842,True,power_budget_seg:3
2025-10-03 07:45:04,2025-10-03T07:45:04.000000,34.96283606869108,400.0,1.210526417931179,32.445257984217854,8.481752661405952,36.41537229619852,27.32886223661133,9.876331333614083,1.6,66.58672728779518,8105.559774723253,True,power_budget_seg:3
2025-10-03 08:00:04,2025-10-03T08:00:04.000000,36.41537229619852,400.0,1.2015764687252766,31.80288283420429,8.26762761140143,37.84135162517117,26.814205693801647,9.564479786849834,1.6,66.58672728779518,18567.22813220457,True,power_budget_seg:3
2025-10-03 08:15:04,2025-10-03T08:15:04.000000,37.84135162517117,400.0,1.1847624119353115,30.596067912208163,7.865355970736054,39.21743914025121,25.847332682676377,8.917864205665804,1.6,66.58672728779518,36539.13824071607,True,power_budget_seg:3
2025-10-03 08:41:08,2025-10-03T08:40:28.062000,39.21743914025121,400.0,1.2364974029040188,34.30930379991094,9.103101266636981,40.74703824229621,28.822293878733845,8.402375364066039,1.6,66.58672728779518,66823.64041391316,True,power_budget_seg:3
2025-10-03 08:41:59,2025-10-03T08:41:29.296000,40.74703824229621,727.0,1.1813537240821526,30.351412180578052,7.783804060192685,42.11301126673832,25.651320005323175,7.538783491181942,1.6,66.58672728779518,109411.66026956131,True,power_budget_seg:3
2025-10-03 08:42:52,2025-10-03T08:42:30.514000,42.11301126673832,726.0,1.13103885508131,26.796178843342762,6.598726281114255,43.32968658679064,22.80294690405268,6.8604884423591015,1.6,66.58672728779518,159713.60832409328,True,power_budget_seg:3
2025-10-03 09:42:35,2025-10-03T09:42:12.150000,43.32968658679064,615.0,0.6044786272737219,19.0,4.0,42.98391655429093,16.55682351251732,5.685985130529967,1.6,66.58672728779518,224829.09850945155,True,power_budget_seg:3
2025-10-03 09:42:50,2025-10-03T09:42:42.722000,42.98391655429093,615.0,1.1609788992211378,28.88902609597739,7.296342031992463,44.28943201142739,24.479689118702375,6.674273413121485,1.6,66.58672728779518,203510.86771751597,True,power_budget_seg:3
2025-10-03 09:45:04,2025-10-03T09:44:14.560000,44.28943201142739,611.0,1.2714205865958443,36.81588622254557,9.938628740848525,45.92265756145311,30.83051141933051,6.348185032655458,1.6,66.58672728779518,270075.3871874807,True,power_budget_seg:3
2025-10-03 10:00:04,2025-10-03T09:59:32.905000,45.92265756145311,592.0,1.4,52.071848081109565,14.267962020277391,47.9374126997344,42.59898536179287,6.054239744858194,1.6,66.58672728779518,372740.90685678564,True,power_budget_seg:3
2025-10-03 10:15:04,2025-10-03T10:14:51.349000,47.9374126997344,583.0,1.3211014136523314,43.00356391035263,11.80106917310579,49.71805458173139,35.667691796865014,5.9033648043636475,1.6,66.58672728779518,514523.5361697405,True,power_budget_seg:3
2025-10-03 10:30:04,2025-10-03T10:29:39.062000,49.71805458173139,577.0,1.14918841282657,28.042773755075995,7.014257918358664,50.9885845050226,23.801690749519327,5.853835133373759,1.6,66.58672728779518,655315.69812742,True,power_budget_seg:3
2025-10-03 10:45:04,2025-10-03T10:44:57.384000,50.9885845050226,574.0,1.2034844705507493,31.939828076089675,8.313276025363225,52.420225386895446,26.92392314588783,5.837787878816418,1.6,66.58672728779518,770980.7796586215,True,power_budget_seg:3
2025-10-03 11:00:04,2025-10-03T10:59:45.212000,52.420225386895446,570.0,1.316491476529381,42.410088774984104,11.62302663249523,54.18718834964838,35.20409982125594,5.8298095599702275,1.6,66.58672728779518,916972.0387370717,True,power_budget_seg:3
2025-10-03 11:15:04,2025-10-03T11:14:32.923000,54.18718834964838,563.0,1.341402740505333,45.6171207509142,12.585136225274258,56.0280697106584,37.70926676247866,5.826899647451202,1.6,66.58672728779518,1110947.0371100293,True,power_budget_seg:3
2025-10-03 11:30:04,2025-10-03T11:29:51.343000,56.0280697106584,549.0,0.5309118298651412,19.0,4.0,55.46400726896599,16.55682351251732,5.826014824483101,1.6,66.58672728779518,1317520.7468061466,True,power_budget_seg:3
2025-10-03 11:45:04,2025-10-03T11:44:39.016000,55.46400726896599,533.0,1.1240770320260458,26.318739128012353,6.439579709337451,56.660024993735675,22.420432927154913,5.826381613812689,1.6,66.58672728779518,1258067.2648973232,True,power_budget_seg:3
2025-10-03 12:00:04,2025-10-03T11:59:26.778000,56.660024993735675,512.0,1.2825108775032372,38.03548667758344,10.310646003275032,58.32615840989259,31.786887695632082,5.826084162530196,1.6,66.58672728779518,1409873.8988839267,True,power_budget_seg:3
2025-10-03 12:15:04,2025-10-03T12:14:45.114000,58.32615840989259,500.0,1.231199874945889,33.92907814292504,8.976359380975014,59.84003832636094,28.51766562200914,5.825989018208663,1.6,66.58672728779518,1633705.8458422609,True,power_budget_seg:3
2025-10-03 12:30:04,2025-10-03T12:29:32.862000,59.84003832636094,503.0,1.2466409710479156,35.03734995505686,9.345783318352288,61.399736114306926,29.40558810673343,5.825966350982461,1.6,66.58672728779518,1849854.970789814,True,power_budget_seg:3
2025-10-03 12:45:04,2025-10-03T12:44:51.238000,61.399736114306926,499.0,1.1713614878658192,29.63422774849155,7.5447425828305175,62.73605949524516,25.076727945890664,5.825961274654755,1.6,66.58672728779518,2090835.1149154992,True,power_budget_seg:3
2025-10-03 13:00:04,2025-10-03T12:59:38.983000,62.73605949524516,494.0,1.4,52.071848081109565,14.267962020277391,64.75081463352645,42.59898536179287,5.825959949943319,1.6,66.58672728779518,2306256.501278802,True,power_budget_seg:3
2025-10-03 13:15:04,2025-10-03T13:14:57.439000,64.75081463352645,495.0,1.4,52.071848081109565,14.267962020277391,66.76556977180773,42.59898536179287,5.825959743667131,1.6,66.58672728779518,2651923.222470118,True,power_budget_seg:3
2025-10-03 13:30:04,2025-10-03T13:29:45.093000,66.76556977180773,479.0,1.125225296979818,26.397486790557203,6.465828930185734,67.96499470651423,22.483523785758052,5.82595972444232,1.6,66.58672728779518,3024821.561901489,True,power_budget_seg:3
2025-10-03 13:45:04,2025-10-03T13:44:32.837000,67.96499470651423,478.0,1.3183383078317126,42.64784656384796,11.694353969154388,69.73743771282703,35.38982386677538,5.825959720896735,1.6,66.58672728779518,3253164.5474775746,True,power_budget_seg:3
2025-10-03 14:00:04,2025-10-03T13:59:51.250000,69.73743771282703,468.0,1.323894469759159,43.36313700362522,11.908941101087565,71.52636734103626,35.94857163622441,5.825959720371311,1.6,66.58672728779518,3611361.313101598,True,power_budget_seg:3
2025-10-03 14:15:04,2025-10-03T14:14:38.957000,71.52636734103626,475.0,1.1726568346473556,29.727200184866977,7.575733394955659,72.86653436312298,25.15121537380651,5.825959720321677,1.6,66.58672728779518,3993099.1759099886,True,power_budget_seg:3
2025-10-03 14:30:05,2025-10-03T14:29:57.319000,72.86653436312298,502.0,1.3393795114626246,45.3566538295705,12.50699614887115,74.70141226118994,37.50580352122331,5.8259597203143505,1.6,66.58672728779518,4289741.964637439,True,power_budget_seg:3
2025-10-03 14:45:04,2025-10-03T14:44:45.072000,74.70141226118994,581.0,1.3939454634678001,51.43017240599795,14.107543101499488,76.69820196652165,42.11702023126657,5.825959720313634,1.6,66.58672728779518,4715003.597013208,True,power_budget_seg:3
2025-10-03 15:00:04,2025-10-03T14:59:32.900000,76.69820196652165,502.0,1.4,52.071848081109565,14.267962020277391,78.71295710480294,42.59898536179287,5.825959720313592,1.6,66.58672728779518,5201756.5899440795,True,power_budget_seg:3
2025-10-03 15:15:04,2025-10-03T15:14:51.282000,78.71295710480294,543.0,1.4,52.071848081109565,14.267962020277391,80.72771224308423,42.59898536179287,5.82595972031359,1.6,66.58672728779518,5717055.850859753,True,power_budget_seg:3
2025-10-03 15:30:04,2025-10-03T15:29:38.970000,80.72771224308423,546.0,1.3915547944375946,51.17680302656369,14.044200756640922,82.71740819252919,41.92671349101316,5.82595972031359,1.6,66.58672728779518,6253259.041438359,True,power_budget_seg:3
2025-10-03 15:45:04,2025-10-03T15:44:57.306000,82.71740819252919,541.0,1.4,52.071848081109565,14.267962020277391,84.73216333081048,42.59898536179287,5.82595972031359,1.6,66.58672728779518,6809854.824874654,True,power_budget_seg:3
2025-10-03 16:00:04,2025-10-03T15:59:45.134000,84.73216333081048,535.0,1.3218375520076382,43.09833305761295,11.829499917283883,86.51498953264657,35.74172053638064,5.82595972031359,1.6,66.58672728779518,7399712.56493966,True,power_budget_seg:3
2025-10-03 16:15:04,2025-10-03T16:14:32.826000,86.51498953264657,530.0,1.3493479309791165,46.63997049185373,12.89199114755612,88.37944640368436,38.50826389629951,5.82595972031359,1.6,66.58672728779518,7936557.3024380505,True,power_budget_seg:3
2025-10-03 16:30:04,2025-10-03T16:29:51.254000,88.37944640368436,525.0,1.1383528147213777,27.29776797894304,6.76592265964768,89.61782420266479,23.20480885408839,5.82595972031359,1.6,66.58672728779518,8533109.508965516,True,power_budget_seg:3
2025-10-03 16:45:04,2025-10-03T16:44:38.986000,89.61782420266479,521.0,1.174449440090257,29.855862947504725,7.618620982501576,90.96331036564995,25.25429708953927,5.82595972031359,1.6,66.58672728779518,8927660.59709691,True,power_budget_seg:3
2025-10-03 17:00:04,2025-10-03T16:59:57.310000,90.96331036564995,513.0,1.3602673534100158,47.86087789552943,13.215219473882357,92.86016809024393,39.436109046148765,5.82595972031359,1.6,66.58672728779518,9368962.362346428,True,power_budget_seg:3
2025-10-03 17:15:04,2025-10-03T17:14:45.060000,92.86016809024393,509.0,1.2597962690041318,35.981560509070334,9.66052016969011,94.45890117380787,30.162068396176014,5.82595972031359,1.6,66.58672728779518,10016833.174891012,True,power_budget_seg:3
2025-10-03 17:30:04,2025-10-03T17:29:32.873000,94.45890117380787,500.0,1.4,52.071848081109565,14.267962020277391,96.47365631208916,42.59898536179287,5.82595972031359,1.6,66.58672728779518,10572447.318084864,True,power_budget_seg:3
2025-10-03 17:45:04,2025-10-03T17:44:51.267000,96.47365631208916,495.0,1.2405960684566344,34.60348210625044,9.201160702083481,98.01541725357087,29.0579829306953,5.82595972031359,1.6,66.58672728779518,11308486.481102034,True,power_budget_seg:3
2025-10-03 18:00:04,2025-10-03T17:59:38.989000,98.01541725357087,490.0,1.4,52.071848081109565,14.267962020277391,100.03017239185216,42.59898536179287,5.82595972031359,1.6,66.58672728779518,11875739.824991386,True,power_budget_seg:3
2025-10-03 18:15:04,2025-10-03T18:14:57.396000,100.03017239185216,483.0,1.4,52.071848081109565,14.267962020277391,102.04492753013345,42.59898536179287,5.82595972031359,1.6,66.58672728779518,12648907.12428031,True,power_budget_seg:3
2025-10-03 18:30:04,2025-10-03T18:29:45.044000,102.04492753013345,481.0,1.4,52.071848081109565,14.267962020277391,104.05968266841474,42.59898536179287,5.82595972031359,1.6,66.58672728779518,13443760.609427908,True,power_budget_seg:3
2025-10-03 18:45:04,2025-10-03T18:44:32.882000,104.05968266841474,479.0,1.3061691473385522,41.08121040843389,11.224363122530168,105.79601651331942,34.16604900736526,5.82595972031359,1.6,66.58672728779518,14272600.518403413,True,power_budget_seg:3
2025-10-03 19:00:04,2025-10-03T18:59:51.246000,105.79601651331942,474.0,1.1957140321922686,31.382111334757962,8.127370444919322,107.20460042153694,26.477093018734255,5.82595972031359,1.6,66.58672728779518,15005083.863975117,True,power_budget_seg:3
2025-10-03 19:15:04,2025-10-03T19:14:38.937000,107.20460042153694,475.0,1.3732659745672604,49.238505887735876,13.559626471933969,109.14002853968549,40.470850864848636,5.82595972031359,1.6,66.58672728779518,15595747.770657422,True,power_budget_seg:3
2025-10-03 19:30:04,2025-10-03T19:29:57.331000,109.14002853968549,472.0,1.4,52.071848081109565,14.267962020277391,111.15478367796678,42.59898536179287,5.82595972031359,1.6,66.58672728779518,16441848.872764597,True,power_budget_seg:3
2025-10-03 19:45:04,2025-10-03T19:44:45.075000,111.15478367796678,472.0,1.3809165487949344,50.049333827484155,13.762333456871039,113.1129131007622,41.0798669285278,5.82595972031359,1.6,66.58672728779518,17350306.36714413,True,power_budget_seg:3
2025-10-03 20:00:04,2025-10-03T19:59:32.839000,113.1129131007622,466.0,1.3266625291119767,43.719492059086406,12.015847617725921,114.91005630311356,36.22693771145509,5.82595972031359,1.6,66.58672728779518,18260144.725693256,True,power_budget_seg:3
2025-10-03 20:15:04,2025-10-03T20:14:51.145000,114.91005630311356,466.0,1.2771773272048144,37.34885486440906,10.104656459322719,116.56036364575355,31.25052655796135,5.82595972031359,1.6,66.58672728779518,19116345.54471758,True,power_budget_seg:3
2025-10-03 20:30:04,2025-10-03T20:29:38.905000,116.56036364575355,463.0,1.371738593614197,49.07663004488693,13.519157511221733,118.49125961516458,40.349265280800786,5.82595972031359,1.6,66.58672728779518,19902478.119713828,True,power_budget_seg:3
2025-10-03 20:45:04,2025-10-03T20:44:57.298000,118.49125961516458,458.0,1.4,52.071848081109565,14.267962020277391,120.50601475344587,42.59898536179287,5.82595972031359,1.6,66.58672728779518,20854583.177280854,True,power_budget_seg:3
2025-10-03 21:00:04,2025-10-03T20:59:45.023000,120.50601475344587,459.0,1.2770964430108829,37.338441976627216,10.101532592988164,122.15608209099959,31.242392550433664,5.82595972031359,1.6,66.58672728779518,21882909.122190226,True,power_budget_seg:3
2025-10-03 21:15:04,2025-10-03T21:14:32.809000,122.15608209099959,459.0,1.178320793186503,30.13372609161245,7.711242030537482,123.51305559642704,25.476914799949906,5.82595972031359,1.6,66.58672728779518,22744257.46613144,True,power_budget_seg:3
2025-10-03 21:30:04,2025-10-03T21:29:20.586000,123.51305559642704,458.0,1.35746426262163,47.563798975537665,13.140949743884416,125.40159579921857,39.212971897579855,5.82595972031359,1.6,66.58672728779518,23444263.48897891,True,power_budget_seg:3
2025-10-03 21:45:04,2025-10-03T21:44:38.930000,125.40159579921857,459.0,1.4,52.071848081109565,14.267962020277391,127.41635093749986,42.59898536179287,5.82595972031359,1.6,66.58672728779518,24452787.11874685,True,power_budget_seg:3
2025-10-03 22:00:04,2025-10-03T21:59:57.299000,127.41635093749986,457.0,1.4,52.071848081109565,14.267962020277391,129.43110607578114,42.59898536179287,5.82595972031359,1.6,66.58672728779518,25557890.454079237,True,power_budget_seg:3
2025-10-03 22:15:04,2025-10-03T22:14:45.076000,129.43110607578114,456.0,1.4,52.071848081109565,14.267962020277391,131.44586121406243,42.59898536179287,5.82595972031359,1.6,66.58672728779518,26686131.466650873,True,power_budget_seg:3
2025-10-03 22:30:04,2025-10-03T22:29:32.806000,131.44586121406243,460.0,1.4,52.071848081109565,14.267962020277391,133.46061635234372,42.59898536179287,5.82595972031359,1.6,66.58672728779518,27834661.375608467,True,power_budget_seg:3
2025-10-03 22:45:04,2025-10-03T22:44:51.123000,133.46061635234372,459.0,1.3120724502525094,41.84119116360304,11.452357349080913,135.21446687951098,34.75970653186284,5.82595972031359,1.6,66.58672728779518,29021406.627219267,True,power_budget_seg:3
2025-10-04 07:00:05,2025-10-04T06:59:46.169000,20.62,517.0,1.7403362380042036,95.0,28.0,23.644623991439385,76.64513905509547,18.22479711372752,1.6,66.58672728779518,-1167.9347524535915,True,power_budget_seg:4
2025-10-04 07:15:04,2025-10-04T07:14:31.470000,23.644623991439385,516.0,1.4332226802502581,55.83560927808709,15.250682783426127,25.75795972813098,45.45106641916509,14.52337578299468,1.6,66.58672728779518,-1392.6481757126037,True,power_budget_seg:4
2025-10-04 07:30:04,2025-10-04T07:29:49.919000,25.75795972813098,512.0,1.392176682344932,51.24271233946687,14.060678084866717,27.74950098570846,41.97621823589967,13.213410317804666,1.6,66.58672728779518,-1265.7315262502593,True,power_budget_seg:4
2025-10-04 07:45:04,2025-10-04T07:44:37.673000,27.74950098570846,506.0,1.4022273161533416,52.3079048938452,14.3269762234613,29.770865168100322,42.776288564913294,12.93792481485782,1.6,66.58672728779518,-1255.0535745425045,True,power_budget_seg:4
2025-10-04 08:00:04,2025-10-04T07:59:56.032000,29.770865168100322,495.0,1.4560030978831846,59.281496676003144,16.284449002800944,31.951796510726606,48.142814819937335,13.975098425354606,1.6,66.58672728779518,-1208.459052036993,True,power_budget_seg:4
2025-10-04 08:15:04,2025-10-04T08:14:43.713000,31.951796510726606,492.0,1.3150084471941874,42.21916620663112,11.565749861989337,33.714358927881705,35.05496101934782,11.68537626297491,1.6,66.58672728779518,-275.15669986290493,True,power_budget_seg:4
2025-10-04 08:30:04,2025-10-04T08:29:31.535000,33.714358927881705,485.0,1.07302315428058,22.817479664246257,5.272493221415419,34.75888611120793,19.61530248108538,7.891124560513537,1.6,66.58672728779518,2549.9281910122136,True,power_budget_seg:4
2025-10-04 08:45:04,2025-10-04T08:44:49.874000,34.75888611120793,483.0,1.1443804388071388,27.711140612056493,6.903713537352164,36.01514948669486,23.535993723624223,9.40999782824798,1.6,66.58672728779518,9103.138976028695,True,power_budget_seg:4
2025-10-04 09:00:04,2025-10-04T08:59:37.628000,36.01514948669486,480.0,1.1608479468601596,28.87962709933587,7.293209033111957,37.320276373071486,24.47215885368932,9.616800607730596,1.6,66.58672728779518,15493.345400197451,True,power_budget_seg:4
2025-10-04 09:15:04,2025-10-04T09:14:55.998000,37.320276373071486,477.0,1.4,52.071848081109565,14.267962020277391,39.33503151135278,42.59898536179287,10.640760150220695,1.6,66.58672728779518,42038.831986967656,True,power_budget_seg:4
2025-10-04 09:30:04,2025-10-04T09:29:13.094000,39.33503151135278,475.0,1.1818223568167705,30.38504790479009,7.795015968263363,40.702395094746336,25.678268192122584,8.363023422060012,1.6,66.58672728779518,68076.89481589338,True,power_budget_seg:4
2025-10-04 09:45:04,2025-10-04T09:44:31.485000,40.702395094746336,471.0,1.1569454254379061,28.599526874588452,7.199842291529484,41.995942153902014,24.247748844513715,7.57245229613234,1.6,66.58672728779518,106966.5393987153,True,power_budget_seg:4
2025-10-04 10:00:04,2025-10-04T09:59:49.906000,41.995942153902014,466.0,1.1644166228509425,29.135765846292905,7.378588615430968,43.31165825860943,24.67737146502045,7.009174731855053,1.6,66.58672728779518,156286.65136181386,True,power_budget_seg:4
2025-10-04 10:15:04,2025-10-04T10:14:37.634000,43.31165825860943,463.0,1.3999999999999997,52.07184808110954,14.267962020277386,45.326413396890715,42.598985361792856,6.579965909470044,1.6,66.58672728779518,227088.55779733532,True,power_budget_seg:4
2025-10-04 10:30:04,2025-10-04T10:29:55.987000,45.326413396890715,461.0,1.3897272917202679,50.98311949130507,13.995779872826267,47.310686655869006,41.78123702373789,6.122452534577704,1.6,66.58672728779518,335125.79541766585,True,power_budget_seg:4
2025-10-04 10:45:04,2025-10-04T10:44:43.718000,47.310686655869006,460.0,1.2324973066526146,34.02220022306942,9.007400074356475,48.82841640001779,28.592272941151762,5.937344890967731,1.6,66.58672728779518,462172.0504364781,True,power_budget_seg:4
2025-10-04 11:00:04,2025-10-04T10:59:31.495000,48.82841640001779,457.0,1.4,52.071848081109565,14.267962020277391,50.84317153829908,42.59898536179287,5.866187250617939,1.6,66.58672728779518,588172.6468065579,True,power_budget_seg:4
2025-10-04 11:15:04,2025-10-04T11:14:49.843000,50.84317153829908,454.0,1.4,52.071848081109565,14.267962020277391,52.85792667658038,42.59898536179287,5.836433986471288,1.6,66.58672728779518,764212.1735238933,True,power_budget_seg:4
2025-10-04 11:30:04,2025-10-04T11:29:37.612000,52.85792667658038,453.0,1.2543490551035863,35.59059126823808,9.530197089412694,54.44049641624973,29.848832621368405,5.828823941932654,1.6,66.58672728779518,960561.4090275061,True,power_budget_seg:4
2025-10-04 11:45:05,2025-10-04T11:44:55.965000,54.44049641624973,450.0,1.2847024403279232,38.31762459169381,10.395287377508142,56.11313278680659,32.00727919175673,5.826755601762683,1.6,66.58672728779518,1138625.1189183842,True,power_budget_seg:4
2025-10-04 12:00:04,2025-10-04T11:59:43.770000,56.11313278680659,444.0,1.270816846915889,36.77255330985991,9.924184436619969,57.744566879355496,30.79579406291937,5.826157687060246,1.6,66.58672728779518,1345663.9819449622,True,power_budget_seg:4
2025-10-04 12:15:04,2025-10-04T12:14:31.503000,57.744566879355496,442.0,1.3012164601167606,40.44361023277044,11.03308306983113,59.46620477359077,33.66798884027676,5.826003209948786,1.6,66.58672728779518,1553671.2567010168,True,power_budget_seg:4
2025-10-04 12:30:04,2025-10-04T12:29:49.811000,59.46620477359077,441.0,1.309888855639508,41.560079062943515,11.368023718883055,61.213575990178214,34.54011634796837,5.8259679687625265,1.6,66.58672728779518,1795466.4521725217,True,power_budget_seg:4
2025-10-04 12:45:04,2025-10-04T12:44:37.611000,61.213575990178214,439.0,1.2528241939165354,35.48114562656498,9.493715208854994,62.79162105793128,29.7611472313469,5.825961295969281,1.6,66.58672728779518,2059884.8582682128,True,power_budget_seg:4
2025-10-04 13:00:04,2025-10-04T12:59:25.373000,62.79162105793128,438.0,1.254638158806151,35.611341445700766,9.537113815233589,64.37504864578707,29.865457197514306,5.825960013441109,1.6,66.58672728779518,2314428.544939701,True,power_budget_seg:4
2025-10-04 13:15:04,2025-10-04T13:14:43.740000,64.37504864578707,437.0,1.2268017905309032,33.61340929711912,8.87113643237304,65.87587826678792,28.264758832492504,5.825959773698131,1.6,66.58672728779518,2583357.4295611875,True,power_budget_seg:4
2025-10-04 13:30:04,2025-10-04T13:29:31.470000,65.87587826678792,433.0,1.3584030357463794,47.66329261562004,13.16582315390501,67.76720406110043,39.287701963076714,5.825959726949456,1.6,66.58672728779518,2854955.908384611,True,power_budget_seg:4
2025-10-04 13:45:04,2025-10-04T13:44:49.849000,67.76720406110043,433.0,1.294789301813326,39.61618926314895,10.784856778944683,69.46977085370098,33.02165052025766,5.82595972108923,1.6,66.58672728779518,3213306.7200947218,True,power_budget_seg:4
2025-10-04 14:00:05,2025-10-04T13:59:37.632000,69.46977085370098,434.0,1.3807804115815199,50.034905648240205,13.758726412060051,71.42749632088947,41.069029866188856,5.825959720380906,1.6,66.58672728779518,3555985.875773594,True,power_budget_seg:4
2025-10-04 14:15:05,2025-10-04T14:14:55.971000,71.42749632088947,429.0,1.2110307700469127,32.4814574372595,8.493819145753166,72.88152909632754,27.35786442536913,5.825959720321681,1.6,66.58672728779518,3970852.6256302567,True,power_budget_seg:4
2025-10-04 14:30:04,2025-10-04T14:29:43.666000,72.88152909632754,426.0,1.4,52.071848081109565,14.267962020277391,74.89628423460883,42.59898536179287,5.825959720314167,1.6,66.58672728779518,4293228.416429967,True,power_budget_seg:4
2025-10-04 14:45:04,2025-10-04T14:44:31.399000,74.89628423460883,422.0,1.2762607144541303,37.230851763328886,10.069255528998667,76.5438717414983,31.158348659516143,5.825959720313637,1.6,66.58672728779518,4761872.4295927435,True,power_budget_seg:4
2025-10-04 15:00:04,2025-10-04T14:59:49.770000,76.5438717414983,421.0,1.2245647306316536,33.45284618605453,8.81761539535151,78.03806340608241,28.136119274063876,5.825959720313595,1.6,66.58672728779518,5164263.121934242,True,power_budget_seg:4
2025-10-04 15:15:04,2025-10-04T15:14:37.589000,78.03806340608241,420.0,1.3404673561915283,45.49670103206529,12.549010309619588,79.87616923108197,37.615201127650025,5.82595972031359,1.6,66.58672728779518,5540188.0745348,True,power_budget_seg:4
2025-10-04 15:30:04,2025-10-04T15:29:55.966000,79.87616923108197,419.0,1.3646226871817995,48.32246760160893,13.330616900402232,81.78595039852479,39.78281089502516,5.82595972031359,1.6,66.58672728779518,6023436.851074383,True,power_budget_seg:4
2025-10-04 15:45:04,2025-10-04T15:44:43.722000,81.78595039852479,418.0,1.2659871083186947,36.425902844642415,9.808634281547473,83.40305336193269,30.51806549575977,5.82595972031359,1.6,66.58672728779518,6547637.729477118,True,power_budget_seg:4
2025-10-04 16:00:04,2025-10-04T15:59:31.467000,83.40305336193269,419.0,1.4,52.071848081109565,14.267962020277391,85.41780850021398,42.59898536179287,5.82595972031359,1.6,66.58672728779518,7006001.275806635,True,power_budget_seg:4
2025-10-04 16:15:04,2025-10-04T16:14:49.787000,85.41780850021398,419.0,1.4,52.071848081109565,14.267962020277391,87.43256363849527,42.59898536179287,5.82595972031359,1.6,66.58672728779518,7601354.551900788,True,power_budget_seg:4
2025-10-04 16:30:04,2025-10-04T16:29:37.614000,87.43256363849527,417.0,1.0742257377278563,22.899952472614256,5.299984157538085,88.48065920928987,19.681377842857362,5.82595972031359,1.6,66.58672728779518,8238447.706378052,True,power_budget_seg:4
2025-10-04 16:45:04,2025-10-04T16:44:55.929000,88.48065920928987,417.0,1.356302192345516,47.44063971718868,13.11015992929717,90.36575123805235,39.12046649285905,5.82595972031359,1.6,66.58672728779518,8554247.256176189,True,power_budget_seg:4
2025-10-04 17:00:04,2025-10-04T16:59:43.724000,90.36575123805235,416.0,1.2148861952687722,32.75817737144915,8.586059123816383,91.83122409365957,27.579566221669253,5.82595972031359,1.6,66.58672728779518,9171763.37610269,True,power_budget_seg:4
2025-10-04 17:15:04,2025-10-04T17:14:31.419000,91.83122409365957,415.0,1.4,52.071848081109565,14.267962020277391,93.84597923194086,42.59898536179287,5.82595972031359,1.6,66.58672728779518,9661839.605715202,True,power_budget_seg:4
2025-10-04 17:30:04,2025-10-04T17:29:49.745000,93.84597923194086,416.0,1.4,52.071848081109565,14.267962020277391,95.86073437022215,42.59898536179287,5.82595972031359,1.6,66.58672728779518,10355452.144842887,True,power_budget_seg:4
2025-10-04 17:45:04,2025-10-04T17:44:37.538000,95.86073437022215,418.0,1.4,52.071848081109565,14.267962020277391,97.87548950850343,42.59898536179287,5.82595972031359,1.6,66.58672728779518,11077721.23277078,True,power_budget_seg:4
2025-10-04 18:00:04,2025-10-04T17:59:55.949000,97.87548950850343,418.0,1.3893828725327395,50.94661704169504,13.98665426042376,99.8587407834228,41.75381988985983,5.82595972031359,1.6,66.58672728779518,11825730.560378393,True,power_budget_seg:4
2025-10-04 18:15:04,2025-10-04T18:14:43.621000,99.8587407834228,421.0,0.7711147310210607,19.0,4.0,100.00742474140289,16.55682351251732,5.82595972031359,1.6,66.58672728779518,12943589.579081561,True,power_budget_seg:4
2025-10-04 18:30:04,2025-10-04T18:29:31.392000,100.00742474140289,421.0,1.4,52.071848081109565,14.267962020277391,102.02217987968417,42.59898536179287,5.82595972031359,1.6,66.58672728779518,12641152.099789612,True,power_budget_seg:4
2025-10-04 18:45:04,2025-10-04T18:44:49.736000,102.02217987968417,423.0,1.3081967366955576,41.34223866891273,11.302671600673818,103.76453012575331,34.369950737620634,5.82595972031359,1.6,66.58672728779518,13439168.23595456,True,power_budget_seg:4
2025-10-04 19:00:04,2025-10-04T18:59:37.562000,103.76453012575331,425.0,1.4,52.071848081109565,14.267962020277391,105.7792852640346,42.59898536179287,5.82595972031359,1.6,66.58672728779518,14145174.40764547,True,power_budget_seg:4
2025-10-04 19:15:04,2025-10-04T19:14:55.856000,105.7792852640346,427.0,1.336721051041769,45.01440834637629,12.404322503912887,107.60627479737109,37.23845911158977,5.82595972031359,1.6,66.58672728779518,14988309.246787315,True,power_budget_seg:4
2025-10-04 19:30:04,2025-10-04T19:29:43.626000,107.60627479737109,431.0,1.3209201870935041,42.98023312434322,11.794069937302968,109.38637893158607,35.64946699765435,5.82595972031359,1.6,66.58672728779518,15772797.809892775,True,power_budget_seg:4
2025-10-04 19:45:04,2025-10-04T19:44:31.404000,109.38637893158607,429.0,1.3678594443426473,48.66550762214783,13.416376905536957,111.30576442521273,40.04046960749858,5.82595972031359,1.6,66.58672728779518,16553938.68730685,True,power_budget_seg:4
2025-10-04 20:00:04,2025-10-04T19:59:49.753000,111.30576442521273,428.0,1.4,52.071848081109565,14.267962020277391,113.32051956349402,42.59898536179287,5.82595972031359,1.6,66.58672728779518,17417623.596032016,True,power_budget_seg:4
2025-10-04 20:15:04,2025-10-04T20:14:37.579000,113.32051956349402,425.0,1.4,52.071848081109565,14.267962020277391,115.3352747017753,42.59898536179287,5.82595972031359,1.6,66.58672728779518,18349761.669389207,True,power_budget_seg:4
2025-10-04 20:30:04,2025-10-04T20:29:55.919000,115.3352747017753,426.0,1.4,52.071848081109565,14.267962020277391,117.35002984005659,42.59898536179287,5.82595972031359,1.6,66.58672728779518,19306718.30417259,True,power_budget_seg:4
2025-10-04 20:45:04,2025-10-04T20:44:43.659000,117.35002984005659,427.0,1.3937732799868434,51.41192394869683,14.102980987174208,119.34630863084254,42.103313743010645,5.82595972031359,1.6,66.58672728779518,20289625.322536137,True,power_budget_seg:4
2025-10-04 21:00:04,2025-10-04T20:59:31.373000,119.34630863084254,425.0,1.2099735219470573,32.40557433545393,8.468524778484642,120.79720426774853,27.297068588493893,5.82595972031359,1.6,66.58672728779518,21297894.328408506,True,power_budget_seg:4
2025-10-04 21:15:04,2025-10-04T21:14:49.744000,120.79720426774853,427.0,1.3201556949141644,42.88181375602624,11.764544126807872,122.57503994872759,35.57258689488823,5.82595972031359,1.6,66.58672728779518,22029050.478102334,True,power_budget_seg:4
2025-10-04 21:30:05,2025-10-04T21:29:37.490000,122.57503994872759,430.0,1.3650704227251425,48.36991978981823,13.342479947454558,124.48614966755338,39.818452420753985,5.82595972031359,1.6,66.58672728779518,22948920.477520604,True,power_budget_seg:4
2025-10-04 21:45:04,2025-10-04T21:44:55.887000,124.48614966755338,430.0,1.3844466585459223,50.42346412558976,13.85586603139744,126.45475387230753,41.36087767111041,5.82595972031359,1.6,66.58672728779518,23960731.501555663,True,power_budget_seg:4
2025-10-04 22:00:04,2025-10-04T21:59:43.626000,126.45475387230753,433.0,1.4,52.071848081109565,14.267962020277391,128.46950901058884,42.59898536179287,5.82595972031359,1.6,66.58672728779518,25026207.41557685,True,power_budget_seg:4
2025-10-04 22:15:04,2025-10-04T22:14:31.385000,128.46950901058884,434.0,1.3209895947776986,42.98916854660048,11.796750563980144,130.24981909600916,35.65644688579165,5.82595972031359,1.6,66.58672728779518,26150572.92673555,True,power_budget_seg:4
2025-10-04 22:30:04,2025-10-04T22:29:49.813000,130.24981909600916,435.0,1.4,52.071848081109565,14.267962020277391,132.26457423429045,42.59898536179287,5.82595972031359,1.6,66.58672728779518,27150545.08708159,True,power_budget_seg:4
2025-10-04 22:45:04,2025-10-04T22:44:37.516000,132.26457423429045,435.0,1.4,52.071848081109565,14.267962020277391,134.27932937257174,42.59898536179287,5.82595972031359,1.6,66.58672728779518,28310379.074294142,True,power_budget_seg:4
2025-10-05 07:00:04,2025-10-05T06:59:32.996000,21.11,520.0,1.5005934086957005,66.01582686596534,18.3047480597896,23.42324274827108,53.403324066428,15.180312645001528,1.6,66.58672728779518,-1220.0497874856128,True,power_budget_seg:5
2025-10-05 07:15:04,2025-10-05T07:14:49.523000,23.42324274827108,520.0,1.713814985299824,95.0,28.0,26.36917107330142,76.64513905509547,19.40474188829296,1.6,66.58672728779518,-1263.5246278219793,True,power_budget_seg:5
2025-10-05 07:30:04,2025-10-05T07:29:37.344000,26.36917107330142,515.0,1.7820603877227237,95.0,28.0,29.517601802078946,76.64513905509547,19.597155294262926,1.6,66.58672728779518,-1299.725422215993,True,power_budget_seg:5
2025-10-05 07:45:04,2025-10-05T07:44:55.671000,29.517601802078946,506.0,1.6407043397553138,90.07671407472064,26.523014222416194,32.246591242779346,72.79932359869672,17.203111054292833,1.6,66.58672728779518,-1180.800582781445,True,power_budget_seg:5
2025-10-05 08:00:04,2025-10-05T07:59:43.487000,32.246591242779346,501.0,1.2760683559352146,37.20608786850603,10.061826360551809,33.89360797037703,31.139004390075815,11.099934697106645,1.6,66.58672728779518,-556.7204913200068,True,power_budget_seg:5
2025-10-05 08:15:04,2025-10-05T08:14:31.207000,33.89360797037703,497.0,1.1180503430713689,25.90543062590526,6.301810208635088,35.07174289342483,22.08929943794103,8.786286979384467,1.6,66.58672728779518,4055.149681836061,True,power_budget_seg:5
2025-10-05 08:30:04,2025-10-05T08:29:49.615000,35.07174289342483,493.0,1.2404160182084438,34.590559149646936,9.196853049882312,36.61296957755353,29.047629348106838,10.764646389265705,1.6,66.58672728779518,10344.746038756664,True,power_budget_seg:5
2025-10-05 08:45:04,2025-10-05T08:44:37.276000,36.61296957755353,488.0,1.2371346576733193,34.35504223022028,9.118347410073426,38.14445958532993,28.858938481838504,10.204873239987382,1.6,66.58672728779518,22473.968869693417,True,power_budget_seg:5
2025-10-05 09:00:04,2025-10-05T08:59:55.731000,38.14445958532993,488.0,1.1989652696891486,31.615466198203524,8.205155399401175,39.5626907867701,26.66405169430908,9.138162650198684,1.6,66.58672728779518,45914.79353897885,True,power_budget_seg:5
2025-10-05 09:15:04,2025-10-05T09:14:43.426000,39.5626907867701,485.0,1.2866625315932956,38.56996326747752,10.470988980243256,41.24114327355912,32.20439306941987,8.543042824557077,1.6,66.58672728779518,77811.59367489451,True,power_budget_seg:5
2025-10-05 09:30:04,2025-10-05T09:29:31.210000,41.24114327355912,480.0,1.249368526024851,35.23311794179847,9.411039313932823,42.80893444830586,29.562433020872962,7.453665566939124,1.6,66.58672728779518,135789.07972103078,True,power_budget_seg:5
2025-10-05 09:45:04,2025-10-05T09:44:49.600000,42.80893444830586,476.0,1.1425751935339572,27.58733743830624,6.862445812768747,44.05984117712952,23.436805401364516,6.706201479066607,1.6,66.58672728779518,198394.20643818632,True,power_budget_seg:5
2025-10-05 10:00:04,2025-10-05T09:59:37.323000,44.05984117712952,472.0,1.262251557576866,36.15778680141584,9.719262267138612,45.665859760085645,30.303256943660752,6.386123945221286,1.6,66.58672728779518,257383.09389659518,True,power_budget_seg:5
2025-10-05 10:15:04,2025-10-05T10:14:55.655000,45.665859760085645,468.0,1.1255748468598332,26.42145881539659,6.4738196051321975,46.86632190299108,22.5027296336613,6.086881508011867,1.6,66.58672728779518,349239.46026761766,True,power_budget_seg:5
2025-10-05 10:30:04,2025-10-05T10:29:43.450000,46.86632190299108,467.0,1.2657873403521647,36.411564665227615,9.803854888409205,48.482832101289866,30.50657806844,5.967174924300595,1.6,66.58672728779518,431474.53287817136,True,power_budget_seg:5
2025-10-05 10:45:04,2025-10-05T10:44:31.223000,48.482832101289866,465.0,1.241492220330403,34.667802660602575,9.222600886867525,50.02725216561528,29.10951511423909,5.88258268171438,1.6,66.58672728779518,552238.9384011619,True,power_budget_seg:5
2025-10-05 11:00:04,2025-10-05T10:59:49.553000,50.02725216561528,459.0,1.0921850074301196,24.13159374618943,5.71053124872981,51.12863770401408,20.668141169282,5.848779770824409,1.6,66.58672728779518,685254.3613067307,True,power_budget_seg:5
2025-10-05 11:15:04,2025-10-05T11:14:37.332000,51.12863770401408,459.0,1.20340563628849,31.934169812575547,8.311389937525183,52.56004466349746,26.919389872241698,5.836455542954763,1.6,66.58672728779518,789476.550344068,True,power_budget_seg:5
2025-10-05 11:30:04,2025-10-05T11:29:55.627000,52.56004466349746,457.0,1.2490243680486002,35.208416289695606,9.402805429898535,54.12681462926916,29.54264261199323,5.829570875316968,1.6,66.58672728779518,929405.3051491478,True,power_budget_seg:5
2025-10-05 11:45:04,2025-10-05T11:44:43.467000,54.12681462926916,456.0,1.2095570309055241,32.375681037835236,8.458560345945079,55.576474425604864,27.273118749828292,5.827086354186635,1.6,66.58672728779518,1099858.0858562738,True,power_budget_seg:5
2025-10-05 12:00:04,2025-10-05T11:59:31.227000,55.576474425604864,450.0,1.2358224783715364,34.260861653723644,9.086953884574548,57.10407084563287,28.783483119191683,5.826290701573655,1.6,66.58672728779518,1271608.9460649118,True,power_budget_seg:5
2025-10-05 12:15:04,2025-10-05T12:14:49.580000,57.10407084563287,447.0,1.1849943461516725,30.612714797413947,7.870904932471316,58.480846571708184,25.86066979322366,5.826053312924147,1.6,66.58672728779518,1465941.3209021345,True,power_budget_seg:5
2025-10-05 12:30:04,2025-10-05T12:29:37.349000,58.480846571708184,444.0,1.2580936512241667,35.85935653599085,9.61978551199695,60.0745275318929,30.06416131757659,5.825983271922956,1.6,66.58672728779518,1654739.7405676364,True,power_budget_seg:5
2025-10-05 12:45:04,2025-10-05T12:44:55.660000,60.0745275318929,442.0,1.3221512586092348,43.138719089544196,11.841615726863258,61.858284585312234,35.77326800857321,5.825964115389036,1.6,66.58672728779518,1886253.5438907444,True,power_budget_seg:5
2025-10-05 13:00:04,2025-10-05T12:59:43.389000,61.858284585312234,442.0,1.349538069038398,46.66444852863844,12.89933455859153,63.72330564694282,38.52738486827588,5.825960371197164,1.6,66.58672728779518,2162138.009507526,True,power_budget_seg:5
2025-10-05 13:15:04,2025-10-05T13:14:31.118000,63.72330564694282,439.0,1.4,52.071848081109565,14.267962020277391,65.7380607852241,42.59898536179287,5.825959793831609,1.6,66.58672728779518,2473297.8396716244,True,power_budget_seg:5
2025-10-05 13:30:04,2025-10-05T13:29:49.578000,65.7380607852241,440.0,1.3190794469761111,42.74325950383343,11.722977851150029,67.51270295005781,35.46435550375637,5.825959729059242,1.6,66.58672728779518,2829428.625444856,True,power_budget_seg:5
2025-10-05 13:45:04,2025-10-05T13:44:37.312000,67.51270295005781,439.0,1.4,52.071848081109565,14.267962020277391,69.5274580883391,42.59898536179287,5.82595972110572,1.6,66.58672728779518,3164509.827344996,True,power_budget_seg:5
2025-10-05 14:00:04,2025-10-05T13:59:55.681000,69.5274580883391,438.0,1.2550895837903204,35.64374209795636,9.547914032652121,71.11222517513784,29.891415872401236,5.825959720404711,1.6,66.58672728779518,3567730.7928077034,True,power_budget_seg:5
2025-10-05 14:15:04,2025-10-05T14:14:43.423000,71.11222517513784,436.0,1.2139465691059366,32.69073648620814,8.563578828736045,72.5749099080314,27.525534099098145,5.825959720325976,1.6,66.58672728779518,3901995.1974492925,True,power_budget_seg:5
2025-10-05 14:30:04,2025-10-05T14:29:31.163000,72.5749099080314,436.0,1.2178909751242102,32.97384294295003,8.657947647650008,74.04929875097044,27.752352633829453,5.825959720315218,1.6,66.58672728779518,4226498.729516741,True,power_budget_seg:5
2025-10-05 14:45:05,2025-10-05T14:44:49.475000,74.04929875097044,437.0,1.3883220893422017,50.834192454558554,13.958548113639639,76.029402397796,41.66937733902732,5.825959720313701,1.6,66.58672728779518,4561359.114190272,True,power_budget_seg:5
2025-10-05 15:00:04,2025-10-05T14:59:37.333000,76.029402397796,431.0,1.4,52.071848081109565,14.267962020277391,78.0441575360773,42.59898536179287,5.8259597203135955,1.6,66.58672728779518,5037031.120142744,True,power_budget_seg:5
2025-10-05 15:15:04,2025-10-05T15:14:55.664000,78.0441575360773,430.0,1.4,52.071848081109565,14.267962020277391,80.05891267435858,42.59898536179287,5.82595972031359,1.6,66.58672728779518,5543656.458356176,True,power_budget_seg:5
2025-10-05 15:30:04,2025-10-05T15:29:43.376000,80.05891267435858,427.0,1.2604745804017599,36.0302457446826,9.676748581560869,81.65965848967635,30.201073913505816,5.82595972031359,1.6,66.58672728779518,6075785.665780883,True,power_budget_seg:5
2025-10-05 15:45:04,2025-10-05T15:44:31.149000,81.65965848967635,428.0,1.3285344641473862,43.96048165805727,12.088144497417181,83.46235622509325,36.41518627930582,5.82595972031359,1.6,66.58672728779518,6514989.069129658,True,power_budget_seg:5
2025-10-05 16:00:04,2025-10-05T15:59:49.535000,83.46235622509325,429.0,1.4,52.071848081109565,14.267962020277391,85.47711136337453,42.59898536179287,5.82595972031359,1.6,66.58672728779518,7023643.198537742,True,power_budget_seg:5
2025-10-05 16:15:04,2025-10-05T16:14:37.319000,85.47711136337453,428.0,1.4,52.071848081109565,14.267962020277391,87.49186650165582,42.59898536179287,5.82595972031359,1.6,66.58672728779518,7619225.474256148,True,power_budget_seg:5
2025-10-05 16:30:04,2025-10-05T16:29:55.677000,87.49186650165582,430.0,1.3821609123624177,50.18121474487602,13.795303686219006,89.4536882847364,41.17892320575639,5.82595972031359,1.6,66.58672728779518,8248291.77787188,True,power_budget_seg:5
2025-10-05 16:45:04,2025-10-05T16:44:43.403000,89.4536882847364,431.0,1.4,52.071848081109565,14.267962020277391,91.46844342301769,42.59898536179287,5.82595972031359,1.6,66.58672728779518,8868106.365965035,True,power_budget_seg:5
2025-10-05 17:00:04,2025-10-05T16:59:31.202000,91.46844342301769,430.0,1.2835935056098882,38.174862301374425,10.352458690412327,93.13778928699054,31.895760699628934,5.82595972031359,1.6,66.58672728779518,9541094.961227523,True,power_budget_seg:5
2025-10-05 17:15:04,2025-10-05T17:14:49.516000,93.13778928699054,430.0,1.2893421186186727,38.91492855229676,10.574478565689027,94.82419282680912,32.47386204693077,5.82595972031359,1.6,66.58672728779518,10112535.498602936,True,power_budget_seg:5
2025-10-05 17:30:04,2025-10-05T17:29:37.250000,94.82419282680912,429.0,1.3592637066793234,47.75450878039311,13.188627195098277,96.71807246250243,39.35621478422007,5.82595972031359,1.6,66.58672728779518,10704018.74383612,True,power_budget_seg:5
2025-10-05 17:45:04,2025-10-05T17:44:55.612000,96.71807246250243,428.0,1.3027837504209319,40.64538040894032,11.093614122682096,98.4443609272186,33.82560123044288,5.82595972031359,1.6,66.58672728779518,11394791.349211754,True,power_budget_seg:5
2025-10-05 18:00:04,2025-10-05T17:59:43.383000,98.4443609272186,428.0,1.2400297413914843,34.56283445283218,9.187611484277392,99.98444142448093,29.025416943699803,5.82595972031359,1.6,66.58672728779518,12044356.525578985,True,power_budget_seg:5
2025-10-05 18:15:04,2025-10-05T18:14:31.127000,99.98444142448093,429.0,1.3274294383136427,43.81822259057417,12.045466777172251,101.78386025202138,36.304060878741495,5.82595972031359,1.6,66.58672728779518,12632710.377360314,True,power_budget_seg:5
2025-10-05 18:30:04,2025-10-05T18:29:49.505000,101.78386025202138,426.0,1.4,52.071848081109565,14.267962020277391,103.79861539030267,42.59898536179287,5.82595972031359,1.6,66.58672728779518,13339206.287918573,True,power_budget_seg:5
2025-10-05 18:45:04,2025-10-05T18:44:37.271000,103.79861539030267,424.0,1.3077808973956662,41.288704254405,11.2866112763215,105.53973172969368,34.32813243133338,5.82595972031359,1.6,66.58672728779518,14160966.200330246,True,power_budget_seg:5
2025-10-05 19:00:04,2025-10-05T18:59:55.592000,105.53973172969368,420.0,1.2241430762317287,33.422582292687736,8.807527430895911,107.03267223263903,28.111872522408262,5.82595972031359,1.6,66.58672728779518,14891672.327473208,True,power_budget_seg:5
2025-10-05 19:15:04,2025-10-05T19:14:43.381000,107.03267223263903,421.0,1.2766531236140561,37.281369823140906,10.084410946942272,108.68142412270035,31.197810746057726,5.82595972031359,1.6,66.58672728779518,15527577.946402237,True,power_budget_seg:5
2025-10-05 19:30:04,2025-10-05T19:29:31.087000,108.68142412270035,419.0,1.3194785853825624,42.79464387491739,11.738393162475218,110.45725063818428,35.50449430770382,5.82595972031359,1.6,66.58672728779518,16243092.562418623,True,power_budget_seg:5
2025-10-05 19:45:04,2025-10-05T19:44:49.522000,110.45725063818428,421.0,1.379727353498415,49.923299788268196,13.730824947067049,112.41185139974363,40.98520226455887,5.82595972031359,1.6,66.58672728779518,17036270.441439956,True,power_budget_seg:5
2025-10-05 20:00:04,2025-10-05T19:59:37.195000,112.41185139974363,422.0,1.4,52.071848081109565,14.267962020277391,114.42660653802491,42.59898536179287,5.82595972031359,1.6,66.58672728779518,17928287.794141393,True,power_budget_seg:5
2025-10-05 20:15:04,2025-10-05T20:14:55.575000,114.42660653802491,420.0,1.4,52.071848081109565,14.267962020277391,116.4413616763062,42.59898536179287,5.82595972031359,1.6,66.58672728779518,18874451.58458385,True,power_budget_seg:5
2025-10-05 20:30:04,2025-10-05T20:29:43.344000,116.4413616763062,421.0,1.1795726293158302,30.223575587164742,7.741191862388247,117.80204971511299,25.54890019781774,5.82595972031359,1.6,66.58672728779518,19857579.398467842,True,power_budget_seg:5
2025-10-05 20:45:04,2025-10-05T20:44:31.115000,117.80204971511299,421.0,1.4,52.071848081109565,14.267962020277391,119.81680485339427,42.59898536179287,5.82595972031359,1.6,66.58672728779518,20511476.968031183,True,power_budget_seg:5
2025-10-05 21:00:04,2025-10-05T20:59:49.430000,119.81680485339427,425.0,0.41911024383583656,19.0,4.0,118.92099713495213,16.55682351251732,5.82595972031359,1.6,66.58672728779518,21229163.260581255,True,power_budget_seg:5
2025-10-05 21:15:04,2025-10-05T21:14:37.188000,118.92099713495213,427.0,1.273511531408133,36.96596204493997,9.988654014979993,120.56042707876202,30.950748797615127,5.82595972031359,1.6,66.58672728779518,21078811.93997385,True,power_budget_seg:5
2025-10-05 21:30:04,2025-10-05T21:29:55.555000,120.56042707876202,425.0,0.3411884830882189,19.0,4.0,119.4334046074516,16.55682351251732,5.82595972031359,1.6,66.58672728779518,21483939.370213646,True,power_budget_seg:5
2025-10-05 21:45:04,2025-10-05T21:44:43.280000,119.4334046074516,424.0,1.1348212255408616,27.05557266320105,6.685190887733684,120.6613032346093,23.010767406685204,5.82595972031359,1.6,66.58672728779518,21350644.748170532,True,power_budget_seg:5
2025-10-05 22:00:04,2025-10-05T21:59:31.043000,120.6613032346093,422.0,1.4,52.071848081109565,14.267962020277391,122.6760583728906,42.59898536179287,5.82595972031359,1.6,66.58672728779518,21953685.878025945,True,power_budget_seg:5
2025-10-05 22:15:04,2025-10-05T22:14:49.397000,122.6760583728906,423.0,1.3669698301221254,48.571223971779816,13.392805992944954,124.5928041426433,39.969652785825836,5.82595972031359,1.6,66.58672728779518,23001916.79123256,True,power_budget_seg:5
2025-10-05 22:30:04,2025-10-05T22:29:37.199000,124.5928041426433,424.0,1.4,52.071848081109565,14.267962020277391,126.60755928092459,42.59898536179287,5.82595972031359,1.6,66.58672728779518,24016716.20915148,True,power_budget_seg:5
2025-10-05 22:45:04,2025-10-05T22:44:55.502000,126.60755928092459,425.0,1.2758751565534845,37.18121572249463,10.054364716748388,128.2540027341651,31.11957556042501,5.82595972031359,1.6,66.58672728779518,25119910.374329373,True,power_budget_seg:5
2025-10-06 07:00:05,2025-10-06T06:59:50.695000,23.56,508.0,1.4427549993224071,57.277518671186016,15.683255601355805,25.701620682737243,46.57741120491745,14.657830479639482,1.6,66.58672728779518,-1380.3320098967881,True,power_budget_seg:6
2025-10-06 07:15:05,2025-10-06T07:14:37.193000,25.701620682737243,509.0,1.7146637858472997,95.0,28.0,28.65006762653256,76.64513905509547,18.95457026682997,1.6,66.58672728779518,-919.9612214033119,True,power_budget_seg:6
2025-10-06 07:30:05,2025-10-06T07:29:55.601000,28.65006762653256,504.0,1.389548312480389,50.96415080163418,13.991037700408546,30.63380980612661,41.76698956610822,12.60692975079624,1.6,66.58672728779518,-1176.6831515403558,True,power_budget_seg:6
2025-10-06 07:45:05,2025-10-06T07:44:43.303000,30.63380980612661,500.0,1.4339210753092086,55.94125223736831,15.282375671210492,32.74921786817906,45.53358921630293,13.73322011154962,1.6,66.58672728779518,-1160.8965705364376,True,power_budget_seg:6
2025-10-06 08:00:05,2025-10-06T07:59:31.093000,32.74921786817906,497.0,1.170468100918639,29.57010564444246,7.523368548147486,34.082890330551976,25.025354756272584,9.242101872214558,1.6,66.58672728779518,341.7050557731437,True,power_budget_seg:6
2025-10-06 08:15:05,2025-10-06T08:14:49.466000,34.082890330551976,493.0,0.8583079634919408,19.0,4.0,34.490299983435655,16.55682351251732,4.506654393399096,1.6,66.58672728779518,4626.702055666875,True,power_budget_seg:6
2025-10-06 08:30:05,2025-10-06T08:29:37.141000,34.490299983435655,490.0,1.1408277378249712,27.46749745535523,6.8224991517850775,35.736021542724835,23.340792298562157,9.32726998491137,1.6,66.58672728779518,6107.126292786324,True,power_budget_seg:6
2025-10-06 08:45:05,2025-10-06T08:44:55.533000,35.736021542724835,485.0,1.079423475081984,23.25641172517174,5.41880390839058,36.79954019362283,19.96696499013397,8.654186448328447,1.6,66.58672728779518,11459.546831526965,True,power_budget_seg:6
2025-10-06 09:00:05,2025-10-06T08:59:43.251000,36.79954019362283,484.0,1.1784746473890895,30.144768848860895,7.7149229496202985,38.15697022571353,25.485762009043306,9.605930861524277,1.6,66.58672728779518,21772.386535754395,True,power_budget_seg:6
2025-10-06 09:15:05,2025-10-06T09:14:30.983000,38.15697022571353,479.0,1.1491614917212192,28.040841515161514,7.013613838387172,39.427420266868346,23.800142682296855,8.818311691821958,1.6,66.58672728779518,40901.77108018884,True,power_budget_seg:6
2025-10-06 09:30:05,2025-10-06T09:29:49.365000,39.427420266868346,478.0,1.1069558045398091,25.144570535641282,6.0481901785470935,40.57263471994537,21.47971542210721,8.024354004050322,1.6,66.58672728779518,104538.41931411253,True,power_budget_seg:6
2025-10-06 09:45:05,2025-10-06T09:44:37.144000,40.57263471994537,475.0,1.1439552891144475,27.681983974974507,6.893994658324836,41.82763656232288,23.512634080835653,7.609725946689944,1.6,66.58672728779518,105229.98631653789,True,power_budget_seg:6
2025-10-06 10:00:05,2025-10-06T09:59:55.519000,41.82763656232288,472.0,1.1505640559821915,28.14150939682408,7.0471697989413595,43.102248387629785,23.880795528141434,7.0651882493279246,1.6,66.58672728779518,160991.83986313458,True,power_budget_seg:6
2025-10-06 10:15:04,2025-10-06T10:14:43.257000,43.102248387629785,467.0,1.3497622114009324,46.693304219160694,12.907991265748208,44.967934539736554,38.549925436160784,6.66104592365337,1.6,66.58672728779518,212172.8400954567,True,power_budget_seg:6
2025-10-06 10:30:04,2025-10-06T10:29:31.055000,44.967934539736554,461.0,1.3651648723702148,48.379929811137536,13.344982452784384,46.879324515978674,39.82597098724926,6.1842784580345445,1.6,66.58672728779518,314823.96442146046,True,power_budget_seg:6
2025-10-06 10:45:04,2025-10-06T10:44:49.439000,46.879324515978674,460.0,1.1610586409219197,28.894749490135677,7.2982498300452265,48.18507658811796,24.48427457355781,5.968136710175038,1.6,66.58672728779518,432425.2229215611,True,power_budget_seg:6
2025-10-06 11:00:04,2025-10-06T10:59:37.121000,48.18507658811796,458.0,1.2669220769313791,36.493009438100515,9.831003146033506,49.80495385403965,30.571829791262406,5.892354323282484,1.6,66.58672728779518,529410.9297549663,True,power_budget_seg:6
2025-10-06 11:15:04,2025-10-06T11:14:55.528000,49.80495385403965,457.0,1.2255216076041497,33.52152523379106,8.840508411263686,51.30198482911418,28.19114338461796,5.8509355863697845,1.6,66.58672728779518,665001.8748302519,True,power_budget_seg:6
2025-10-06 11:30:04,2025-10-06T11:29:43.359000,51.30198482911418,452.0,1.2852024149654264,38.38199044045903,10.41459713213771,52.97610475845028,32.057558452356744,5.834594345098937,1.6,66.58672728779518,805674.7944039643,True,power_budget_seg:6
2025-10-06 11:45:04,2025-10-06T11:44:31.034000,52.97610475845028,451.0,1.184402437476972,30.570231045276625,7.856743681758875,54.35112413281295,25.826632765172196,5.828760505955292,1.6,66.58672728779518,971718.6151558105,True,power_budget_seg:6
2025-10-06 12:00:04,2025-10-06T11:59:49.469000,54.35112413281295,451.0,1.1412979713717097,27.499745929484995,6.8332486431616655,55.598241001092276,23.3666290517525,5.826964211737046,1.6,66.58672728779518,1128957.9831400362,True,power_budget_seg:6
2025-10-06 12:15:05,2025-10-06T12:14:37.150000,55.598241001092276,450.0,1.1152160464367815,25.711055421646645,6.237018473882214,56.76796580622649,21.933570389845762,5.826331996132156,1.6,66.58672728779518,1275988.1168334852,True,power_budget_seg:6
2025-10-06 12:30:04,2025-10-06T12:29:55.524000,56.76796580622649,449.0,1.2492046143770739,35.22135331979811,9.407117773266037,58.335270611173975,29.553007469953005,5.826075164014552,1.6,66.58672728779518,1422207.3232318594,True,power_budget_seg:6
2025-10-06 12:45:04,2025-10-06T12:44:43.320000,58.335270611173975,450.0,1.3287537335451007,43.988710011724606,12.096613003517382,60.138618977674135,36.437236804197155,5.825983627177603,1.6,66.58672728779518,1634461.9642557558,True,power_budget_seg:6
2025-10-06 13:00:04,2025-10-06T12:59:31.126000,60.138618977674135,448.0,1.1500006414403463,28.10107078734025,7.03369026244675,61.41155900099909,23.848397022451202,5.825965370162983,1.6,66.58672728779518,1893242.2057190114,True,power_budget_seg:6
2025-10-06 13:15:04,2025-10-06T13:14:49.421000,61.41155900099909,443.0,1.192501647328251,31.151545086676503,8.050515028892168,62.810610902171014,26.292368519158423,5.825961163118972,1.6,66.58672728779518,2090004.336640238,True,power_budget_seg:6
2025-10-06 13:30:04,2025-10-06T13:29:37.164000,62.810610902171014,441.0,0.9490722003398052,19.0,4.0,63.487342377235116,16.55682351251732,5.825960193433488,1.6,66.58672728779518,2341065.1256835386,True,power_budget_seg:6
2025-10-06 13:45:04,2025-10-06T13:44:55.503000,63.487342377235116,439.0,1.342218110570436,45.722090048077355,12.616627014423207,65.3306431598071,37.79126332973156,5.825959831468377,1.6,66.58672728779518,2431135.9132309407,True,power_budget_seg:6
2025-10-06 14:00:04,2025-10-06T13:59:43.116000,65.3306431598071,440.0,1.3683592584257411,48.71847923070843,13.429619807677108,67.25151173580502,40.08025679162342,5.825959732752812,1.6,66.58672728779518,2755644.780453605,True,power_budget_seg:6
2025-10-06 14:15:04,2025-10-06T14:14:31.126000,67.25151173580502,437.0,1.275438313442866,37.12497731461734,10.0374931943852,68.89665895843045,31.075645034849153,5.825959721872288,1.6,66.58672728779518,3113093.1566688456,True,power_budget_seg:6
2025-10-06 14:30:04,2025-10-06T14:29:49.407000,68.89665895843045,435.0,1.3803887943097906,49.993401021769486,13.748350255442372,70.85322239219165,41.03785557754074,5.825959720456442,1.6,66.58672728779518,3439382.011548386,True,power_budget_seg:6
2025-10-06 14:45:04,2025-10-06T14:44:37.202000,70.85322239219165,433.0,1.3401976672776477,45.4619817592414,12.538594527772418,72.69052797788738,37.58808023357896,5.8259597203255895,1.6,66.58672728779518,3846849.732623714,True,power_budget_seg:6
2025-10-06 15:00:04,2025-10-06T14:59:55.550000,72.69052797788738,431.0,1.1078121611064686,25.20329920946158,6.06776640315386,73.83828347046386,21.52676751655936,5.825959720315477,1.6,66.58672728779518,4254197.7094364455,True,power_budget_seg:6
2025-10-06 15:15:04,2025-10-06T15:14:43.207000,73.83828347046386,432.0,1.4,52.071848081109565,14.267962020277391,75.85303860874515,42.59898536179287,5.825959720313736,1.6,66.58672728779518,4512703.119875018,True,power_budget_seg:6
2025-10-06 15:30:04,2025-10-06T15:29:31.017000,75.85303860874515,433.0,1.1778339443915893,30.098782924844496,7.699594308281499,77.208567503287,25.448919119539113,5.825959720313606,1.6,66.58672728779518,4993672.536461517,True,power_budget_seg:6
2025-10-06 15:45:04,2025-10-06T15:44:49.273000,77.208567503287,433.0,1.4,52.071848081109565,14.267962020277391,79.22332264156829,42.59898536179287,5.825959720313591,1.6,66.58672728779518,5330784.531893209,True,power_budget_seg:6
2025-10-06 16:00:04,2025-10-06T15:59:37.108000,79.22332264156829,433.0,1.2972010758286456,39.92667677567796,10.87800303270339,80.93304581420409,33.26418725138102,5.82595972031359,1.6,66.58672728779518,5851180.638778309,True,power_budget_seg:6
2025-10-06 16:15:05,2025-10-06T16:14:24.936000,80.93304581420409,433.0,1.3033779969707833,40.721882656630335,11.1165647969891,82.6610975677352,33.88536081602876,5.82595972031359,1.6,66.58672728779518,6310657.604419851,True,power_budget_seg:6
2025-10-06 16:30:05,2025-10-06T16:29:43.184000,82.6610975677352,436.0,1.317415541871585,42.52905130948889,11.658715392846668,84.43080248007553,35.297027179299825,5.82595972031359,1.6,66.58672728779518,6799296.7370725805,True,power_budget_seg:6
2025-10-06 16:45:05,2025-10-06T16:44:31.024000,84.43080248007553,433.0,1.352823114940957,47.071917961119794,13.017979490279949,86.30557115353153,38.843518127533045,5.82595972031359,1.6,66.58672728779518,7307436.606670139,True,power_budget_seg:6
2025-10-06 17:00:04,2025-10-06T16:59:49.333000,86.30557115353153,433.0,1.3969979958400116,51.75368779983887,14.188421949959718,88.31141854071349,42.360013919616506,5.82595972031359,1.6,66.58672728779518,7873888.341466157,True,power_budget_seg:6
2025-10-06 17:15:04,2025-10-06T17:14:37.151000,88.31141854071349,435.0,1.2438515426439138,34.83714105462076,9.279047018206919,89.862839346814,29.245185232282264,5.82595972031359,1.6,66.58672728779518,8502591.122801147,True,power_budget_seg:6
2025-10-06 17:30:04,2025-10-06T17:29:55.437000,89.862839346814,435.0,1.3385051584768388,45.24409117572958,12.473227352718874,91.6951228051816,37.41787541781337,5.82595972031359,1.6,66.58672728779518,9002347.234531067,True,power_budget_seg:6
2025-10-06 17:45:05,2025-10-06T17:44:43.202000,91.6951228051816,434.0,1.4,52.071848081109565,14.267962020277391,93.70987794346289,42.59898536179287,5.82595972031359,1.6,66.58672728779518,9613665.222030314,True,power_budget_seg:6
2025-10-06 18:00:05,2025-10-06T17:59:30.898000,93.70987794346289,433.0,1.4,52.071848081109565,14.267962020277391,95.72463308174417,42.59898536179287,5.82595972031359,1.6,66.58672728779518,10310114.141975844,True,power_budget_seg:6
2025-10-06 18:15:05,2025-10-06T18:14:49.245000,95.72463308174417,431.0,1.1796501956814431,30.229142848453083,7.743047616151028,97.08555128075119,25.553360562524436,5.82595972031359,1.6,66.58672728779518,11038066.851418523,True,power_budget_seg:6
2025-10-06 18:30:04,2025-10-06T18:29:37.049000,97.08555128075119,432.0,1.4,52.071848081109565,14.267962020277391,99.10030641903248,42.59898536179287,5.82595972031359,1.6,66.58672728779518,11527542.573701628,True,power_budget_seg:6
2025-10-06 18:45:04,2025-10-06T18:44:55.434000,99.10030641903248,431.0,1.1943457071625876,31.283900945404138,8.094633648468045,100.50483014007577,26.398409060533556,5.82595972031359,1.6,66.58672728779518,12301040.191997278,True,power_budget_seg:6
2025-10-06 19:00:05,2025-10-06T18:59:43.217000,100.50483014007577,434.0,1.3981130295448199,51.87186199888777,14.217965499721943,102.51398613117047,42.448775026634536,5.82595972031359,1.6,66.58672728779518,12843842.011989862,True,power_budget_seg:6
2025-10-06 19:15:05,2025-10-06T19:14:31.044000,102.51398613117047,435.0,1.4,52.071848081109565,14.267962020277391,104.52874126945176,42.59898536179287,5.82595972031359,1.6,66.58672728779518,13632716.422268698,True,power_budget_seg:6
2025-10-06 19:30:05,2025-10-06T19:29:49.410000,104.52874126945176,434.0,1.4,52.071848081109565,14.267962020277391,106.54349640773304,42.59898536179287,5.82595972031359,1.6,66.58672728779518,14459152.97373142,True,power_budget_seg:6
2025-10-06 19:45:05,2025-10-06T19:44:37.114000,106.54349640773304,434.0,1.4,52.071848081109565,14.267962020277391,108.55825154601433,42.59898536179287,5.82595972031359,1.6,66.58672728779518,15309641.070389878,True,power_budget_seg:6
2025-10-06 20:00:05,2025-10-06T19:59:55.492000,108.55825154601433,432.0,1.3836508131006067,50.33911833616534,13.834779584041335,110.52449426398746,41.29752521599013,5.82595972031359,1.6,66.58672728779518,16185429.181166917,True,power_budget_seg:6
2025-10-06 20:15:05,2025-10-06T20:14:43.272000,110.52449426398746,432.0,1.4,52.071848081109565,14.267962020277391,112.53924940226875,42.59898536179287,5.82595972031359,1.6,66.58672728779518,17062171.279972807,True,power_budget_seg:6
2025-10-06 20:30:05,2025-10-06T20:29:30.982000,112.53924940226875,431.0,1.3265295638591847,43.702374348086146,12.010712304425844,114.33599806107067,36.213566243995736,5.82595972031359,1.6,66.58672728779518,17991925.777099706,True,power_budget_seg:6
2025-10-06 20:45:04,2025-10-06T20:44:49.362000,114.33599806107067,431.0,1.3722216772731075,49.127828519174464,13.531957129793616,116.26832746919943,40.38772065677938,5.82595972031359,1.6,66.58672728779518,18830856.283259545,True,power_budget_seg:6
2025-10-06 21:00:05,2025-10-06T20:59:37.025000,116.26832746919943,432.0,1.3184571246087176,42.66314282514967,11.6989428475449,118.04112303674118,35.40177251225972,5.82595972031359,1.6,66.58672728779518,19763746.753275335,True,power_budget_seg:6
2025-10-06 21:15:04,2025-10-06T21:14:55.372000,118.04112303674118,430.0,1.3968393420031398,51.73687324973378,14.184218312433446,120.04649965545832,42.347384444711246,5.82595972031359,1.6,66.58672728779518,20630853.638877697,True,power_budget_seg:6
2025-10-06 21:30:04,2025-10-06T21:29:43.195000,120.04649965545832,432.0,1.2598419181761118,35.984836940368886,9.661612313456295,121.64536819235283,30.16469339934563,5.82595972031359,1.6,66.58672728779518,21650855.380080216,True,power_budget_seg:6
2025-10-06 21:45:04,2025-10-06T21:44:30.942000,121.64536819235283,433.0,1.4,52.071848081109565,14.267962020277391,123.66012333063412,42.59898536179287,5.82595972031359,1.6,66.58672728779518,22463839.9666579,True,power_budget_seg:6
2025-10-06 22:00:04,2025-10-06T21:59:49.239000,123.66012333063412,431.0,1.4,52.071848081109565,14.267962020277391,125.67487846891541,42.59898536179287,5.82595972031359,1.6,66.58672728779518,23521414.60376215,True,power_budget_seg:6
2025-10-06 22:15:04,2025-10-06T22:14:37.025000,125.67487846891541,432.0,1.4,52.071848081109565,14.267962020277391,127.6896336071967,42.59898536179287,5.82595972031359,1.6,66.58672728779518,24601034.872490242,True,power_budget_seg:6
2025-10-06 22:30:04,2025-10-06T22:29:55.398000,127.6896336071967,431.0,1.379848659186572,49.936156083531934,13.734039020882983,129.6445943152516,40.99485867864032,5.82595972031359,1.6,66.58672728779518,25708870.025267035,True,power_budget_seg:6
2025-10-06 22:45:04,2025-10-06T22:44:43.213000,129.6445943152516,433.0,1.331869041282637,44.38976920883263,12.216930762649788,131.45718663493932,36.75052343482919,5.82595972031359,1.6,66.58672728779518,26811984.619707,True,power_budget_seg:6
2025-10-07 07:00:05,2025-10-07T06:59:38.847000,22.13,515.0,1.5488641333494406,73.24184197184307,20.472552591552923,24.586474928402836,59.047912051794434,16.51867572596257,1.6,66.58672728779518,-1322.1337573647475,True,power_budget_seg:7
2025-10-07 07:15:04,2025-10-07T07:14:54.795000,24.586474928402836,515.0,1.4799389798497473,62.902165768011734,17.37064973040352,26.838430449390643,50.97109360932368,15.412035225156174,1.6,66.58672728779518,-1320.1436815490915,True,power_budget_seg:7
2025-10-07 07:30:04,2025-10-07T07:29:42.608000,26.838430449390643,508.0,1.6847890682800355,95.0,28.0,29.698231097554924,76.64513905509547,18.27179073186693,1.6,66.58672728779518,-562.0727875593338,True,power_budget_seg:7
2025-10-07 07:45:04,2025-10-07T07:44:30.337000,29.698231097554924,505.0,1.559613594687233,74.85101130924429,20.95530339277329,32.18660255938871,60.304911625588105,15.965138356874121,1.6,66.58672728779518,-1197.438481799671,True,power_budget_seg:7
2025-10-07 08:00:04,2025-10-07T07:59:48.699000,32.18660255938871,500.0,1.5453441387463842,72.71490697435235,20.314472092305703,34.63263272018832,58.63629777859897,15.41346088153583,1.6,66.58672728779518,70.22880074964772,True,power_budget_seg:7
2025-10-07 08:15:04,2025-10-07T08:14:36.446000,34.63263272018832,495.0,1.166323718143985,29.272646022568143,7.424215340856048,35.95400768787118,24.787036788001117,9.759112865782381,1.6,66.58672728779518,6306.08273955065,True,power_budget_seg:7
2025-10-07 08:30:04,2025-10-07T08:29:54.818000,35.95400768787118,493.0,1.1318735242652427,26.85342020302808,6.617806734342693,37.17315969514462,22.84880739582411,9.32937320181119,1.6,66.58672728779518,14861.384792013845,True,power_budget_seg:7
2025-10-07 08:45:04,2025-10-07T08:44:42.565000,37.17315969514462,488.0,1.0656953542348666,22.31494135782118,5.104980452607061,38.195943331348936,19.212680076702675,8.479876884942476,1.6,66.58672728779518,29982.126604810506,True,power_budget_seg:7
2025-10-07 09:00:04,2025-10-07T08:59:30.334000,38.195943331348936,558.0,1.2050149410920856,32.0496763244947,8.349892108164898,39.632125529595946,27.011931095380636,9.262929531457095,1.6,66.58672728779518,43316.625382250015,True,power_budget_seg:7
2025-10-07 09:15:04,2025-10-07T09:14:48.680000,39.632125529595946,528.0,1.0964392843206912,24.423350766074527,5.807783588691509,40.74613464798638,20.901890340916907,7.931725028359135,1.6,66.58672728779518,78179.03015845752,True,power_budget_seg:7
2025-10-07 09:30:05,2025-10-07T09:29:36.478000,40.74613464798638,508.0,1.2179479924161432,32.97793531158991,8.659311770529971,42.220692676515384,27.755631347671454,7.706191045321582,1.6,66.58672728779518,110637.67587647497,True,power_budget_seg:7
2025-10-07 09:45:05,2025-10-07T09:44:54.852000,42.220692676515384,503.0,1.2324844221645868,34.021275449672466,9.00709181655749,43.7383841889342,28.591532033476007,6.999119322108738,1.6,66.58672728779518,168512.24939543894,True,power_budget_seg:7
2025-10-07 10:00:04,2025-10-07T09:59:42.583000,43.7383841889342,502.0,1.1814737638785182,30.360027936983368,7.786675978994456,45.104713403631564,25.658222755850115,6.46399607838486,1.6,66.58672728779518,239967.94425132067,True,power_budget_seg:7
2025-10-07 10:15:05,2025-10-07T10:14:30.312000,45.104713403631564,498.0,1.245172569044092,34.93195662423613,9.31065220807871,46.660054049193086,29.32114933715424,6.179316034173075,1.6,66.58672728779518,317216.0753351242,True,power_budget_seg:7
2025-10-07 10:30:05,2025-10-07T10:29:48.710000,46.660054049193086,498.0,1.3240166882066928,43.37887118996228,11.913661356988685,48.449346332299626,35.96086236601896,5.982759733929081,1.6,66.58672728779518,419419.349142205,True,power_budget_seg:7
2025-10-07 10:45:04,2025-10-07T10:44:36.509000,48.449346332299626,496.0,1.2745152850928887,37.04050719211179,10.012152157633537,50.09175468237158,31.009661358973716,5.88367167764672,1.6,66.58672728779518,551584.1139969336,True,power_budget_seg:7
2025-10-07 11:00:05,2025-10-07T10:59:54.855000,50.09175468237158,496.0,1.1760314061494435,29.969407243813816,7.656469081271272,51.44193496273692,25.34526622960168,5.847667624205499,1.6,66.58672728779518,688478.020929546,True,power_budget_seg:7
2025-10-07 11:15:04,2025-10-07T11:14:42.679000,51.44193496273692,495.0,0.8748196146947169,19.0,4.0,51.89833911106921,16.55682351251732,5.834444228906754,1.6,66.58672728779518,953400.51235828,True,power_budget_seg:7
2025-10-07 11:30:04,2025-10-07T11:29:30.405000,51.89833911106921,495.0,1.2211950393396727,33.21098940012348,8.736996466707826,53.38253199826635,27.942349049142024,5.832089383933931,1.6,66.58672728779518,860551.7250537574,True,power_budget_seg:7
2025-10-07 11:45:04,2025-10-07T11:44:48.794000,53.38253199826635,494.0,1.0497662728528114,21.22252978399172,4.740843261330574,54.35804977985145,18.337464458694285,5.828239164199724,1.6,66.58672728779518,1021639.4836554856,True,power_budget_seg:7
2025-10-07 12:00:04,2025-10-07T11:59:36.541000,54.35804977985145,494.0,1.1557758274589647,28.51557995378553,7.1718599845951765,55.64812632826582,24.1804924569666,5.826964756485266,1.6,66.58672728779518,1126731.5704156228,True,power_budget_seg:7
2025-10-07 12:15:04,2025-10-07T12:14:54.868000,55.64812632826582,495.0,1.28974627422762,38.96695882913847,10.590087648741541,57.33572910611941,32.51450539893499,5.826255556175816,1.6,66.58672728779518,1283876.1590420455,True,power_budget_seg:7
2025-10-07 12:30:05,2025-10-07T12:29:42.613000,57.33572910611941,492.0,1.228081228637892,33.705239901628914,8.901746633876305,58.84035516296667,28.338331450362507,5.826032911552732,1.6,66.58672728779518,1496614.9884147497,True,power_budget_seg:7
2025-10-07 12:45:04,2025-10-07T12:44:30.379000,58.84035516296667,492.0,1.2085074966905565,32.30035159369274,8.433450531230914,60.28690070993464,27.212766491037875,5.825978331830327,1.6,66.58672728779518,1703728.5802394638,True,power_budget_seg:7
2025-10-07 13:00:04,2025-10-07T12:59:48.802000,60.28690070993464,494.0,1.1106323389401913,25.39670615063564,6.132235383545214,61.44302442615767,21.68172081401792,5.825964980674749,1.6,66.58672728779518,1916122.9554748167,True,power_budget_seg:7
2025-10-07 13:15:04,2025-10-07T13:14:36.542000,61.44302442615767,496.0,1.3845293631542002,50.43222937707834,13.858057344269586,63.41187403765548,41.3674612860761,5.825960684330042,1.6,66.58672728779518,2097130.9478383376,True,power_budget_seg:7
2025-10-07 13:30:04,2025-10-07T13:29:54.915000,63.41187403765548,498.0,1.3270850678982609,43.773888953599354,12.032166686079805,65.21027102585704,36.26942974236148,5.825959850168653,1.6,66.58672728779518,2423089.8384935916,True,power_budget_seg:7
2025-10-07 13:45:04,2025-10-07T13:44:42.644000,65.21027102585704,498.0,1.378345497512357,49.77684706343204,13.69421176585801,67.16077145026729,40.87520104528355,5.82595973476881,1.6,66.58672728779518,2733287.195683714,True,power_budget_seg:7
2025-10-07 14:00:05,2025-10-07T13:59:30.387000,67.16077145026729,498.0,1.37826353998644,49.76816098969318,13.692040247423295,69.11102868472754,40.86867690103797,5.825959721673204,1.6,66.58672728779518,3096330.684530706,True,power_budget_seg:7
2025-10-07 14:15:05,2025-10-07T14:14:48.766000,69.11102868472754,496.0,1.2804314604817653,37.7677862154314,10.230335864629419,70.77099191314593,31.577773987703164,5.825959720464204,1.6,66.58672728779518,3481773.3160688262,True,power_budget_seg:7
2025-10-07 14:30:04,2025-10-07T14:29:36.591000,70.77099191314593,493.0,1.3558900688825297,47.39696179073888,13.09924044768472,72.65486106111452,39.08765983002454,5.825959720326841,1.6,66.58672728779518,3829234.232796987,True,power_budget_seg:7
2025-10-07 14:45:04,2025-10-07T14:44:54.869000,72.65486106111452,490.0,1.2930501978194497,39.39230009705873,10.71769002911762,74.35226746595819,32.846759923095945,5.8259597203147795,1.6,66.58672728779518,4241928.162351091,True,power_budget_seg:7
2025-10-07 15:00:04,2025-10-07T14:59:42.634000,74.35226746595819,492.0,1.2439902831803893,34.847099041071964,9.282366347023988,75.90409995242304,29.253163347376248,5.825959720313711,1.6,66.58672728779518,4633305.281478578,True,power_budget_seg:7
2025-10-07 15:15:04,2025-10-07T15:14:30.439000,75.90409995242304,489.0,1.1592997289217022,28.768505046283952,7.256168348761317,77.20463286114064,24.383130360522348,5.825959720313606,1.6,66.58672728779518,5015373.954949262,True,power_budget_seg:7
2025-10-07 15:30:04,2025-10-07T15:29:48.808000,77.20463286114064,491.0,1.350615355885586,46.803136528152066,12.940940958445621,79.07285052163849,38.635720735873555,5.825959720313591,1.6,66.58672728779518,5327482.4530398855,True,power_budget_seg:7
2025-10-07 15:45:05,2025-10-07T15:44:36.609000,79.07285052163849,491.0,1.2796749588468852,37.67039553564712,10.201118660694135,80.73056900690842,31.501697443031972,5.82595972031359,1.6,66.58672728779518,5810606.446974832,True,power_budget_seg:7
2025-10-07 16:00:04,2025-10-07T15:59:54.908000,80.73056900690842,492.0,1.4,52.071848081109565,14.267962020277391,82.74532414518971,42.59898536179287,5.82595972031359,1.6,66.58672728779518,6256496.943333853,True,power_budget_seg:7
2025-10-07 16:15:05,2025-10-07T16:14:42.724000,82.74532414518971,491.0,1.4,52.071848081109565,14.267962020277391,84.760079283471,42.59898536179287,5.82595972031359,1.6,66.58672728779518,6819329.281457198,True,power_budget_seg:7
2025-10-07 16:30:05,2025-10-07T16:29:30.473000,84.760079283471,493.0,1.2837635320748813,38.196751207152694,10.359025362145807,86.42992966154502,31.912859176833656,5.82595972031359,1.6,66.58672728779518,7408679.052092527,True,power_budget_seg:7
2025-10-07 16:45:05,2025-10-07T16:44:48.818000,86.42992966154502,495.0,1.4,52.071848081109565,14.267962020277391,88.4446847998263,42.59898536179287,5.82595972031359,1.6,66.58672728779518,7909453.837092025,True,power_budget_seg:7
2025-10-07 17:00:05,2025-10-07T16:59:36.601000,88.4446847998263,494.0,1.2284796278664178,33.73383467443733,8.911278224812444,89.95049301398473,28.361240940114246,5.82595972031359,1.6,66.58672728779518,8545628.266654754,True,power_budget_seg:7
2025-10-07 17:15:05,2025-10-07T17:14:54.986000,89.95049301398473,497.0,1.4,52.071848081109565,14.267962020277391,91.96524815226601,42.59898536179287,5.82595972031359,1.6,66.58672728779518,9029473.558478834,True,power_budget_seg:7
2025-10-07 17:30:04,2025-10-07T17:29:42.686000,91.96524815226601,498.0,1.2586247093644336,35.89747279170042,9.632490930566806,93.56050490431531,30.094699205581634,5.82595972031359,1.6,66.58672728779518,10129739.701300444,True,power_budget_seg:7
2025-10-07 17:45:05,2025-10-07T17:44:30.504000,93.56050490431531,496.0,1.4,52.071848081109565,14.267962020277391,95.5752600425966,42.59898536179287,5.82595972031359,1.6,66.58672728779518,10255929.086899707,True,power_budget_seg:7
2025-10-07 18:00:04,2025-10-07T17:59:48.870000,95.5752600425966,495.0,1.3942065995753044,51.45784829616521,14.114462074041302,97.57282460876284,42.13780770153272,5.82595972031359,1.6,66.58672728779518,10973582.042813322,True,power_budget_seg:7
2025-10-07 18:15:04,2025-10-07T18:14:36.549000,97.57282460876284,595.0,1.3489072970844,46.583244065149785,12.874973219544934,99.4359740009129,38.46395215574345,5.82595972031359,1.6,66.58672728779518,11711006.886129329,True,power_budget_seg:7
2025-10-07 18:30:05,2025-10-07T18:29:54.998000,99.4359740009129,622.0,1.2088282313273253,32.323372055113126,8.441124018371044,100.88347125352851,27.231209967701393,5.82595972031359,1.6,66.58672728779518,12428074.440728206,True,power_budget_seg:7
2025-10-07 18:45:05,2025-10-07T18:44:42.703000,100.88347125352851,597.0,1.4,52.071848081109565,14.267962020277391,102.8982263918098,42.59898536179287,5.82595972031359,1.6,66.58672728779518,12983223.199909441,True,power_budget_seg:7
2025-10-07 19:00:04,2025-10-07T18:59:30.446000,102.8982263918098,585.0,1.4,52.071848081109565,14.267962020277391,104.91298153009109,42.59898536179287,5.82595972031359,1.6,66.58672728779518,13788750.197929343,True,power_budget_seg:7
2025-10-07 19:15:05,2025-10-07T19:14:18.225000,104.91298153009109,580.0,1.2781934258669405,37.47966560541699,10.143899681625097,106.56630390985035,31.352709120027907,5.82595972031359,1.6,66.58672728779518,14625347.794093132,True,power_budget_seg:7
2025-10-07 19:30:05,2025-10-07T19:29:36.559000,106.56630390985035,570.0,1.2142703994037463,32.71397913612142,8.571326378707138,108.02994953404772,27.54415558819194,5.82595972031359,1.6,66.58672728779518,15330816.064163575,True,power_budget_seg:7
2025-10-07 19:45:05,2025-10-07T19:44:54.990000,108.02994953404772,558.0,1.4,52.071848081109565,14.267962020277391,110.044704672329,42.59898536179287,5.82595972031359,1.6,66.58672728779518,15955340.303531902,True,power_budget_seg:7
2025-10-07 20:00:05,2025-10-07T19:59:42.680000,110.044704672329,543.0,1.2594208705440664,35.95461659726128,9.651538865753759,111.64232384802769,30.14048153917956,5.82595972031359,1.6,66.58672728779518,16854085.84540908,True,power_budget_seg:7
2025-10-07 20:15:04,2025-10-07T20:14:30.514000,111.64232384802769,530.0,1.4,52.071848081109565,14.267962020277391,113.65707898630897,42.59898536179287,5.82595972031359,1.6,66.58672728779518,17573088.781533055,True,power_budget_seg:7
2025-10-07 20:30:05,2025-10-07T20:29:48.864000,113.65707898630897,528.0,1.2818592433852167,37.95159645607095,10.285478936821285,115.32127882935212,31.72135700831675,5.82595972031359,1.6,66.58672728779518,18516775.563378062,True,power_budget_seg:7
2025-10-07 20:45:05,2025-10-07T20:44:36.595000,115.32127882935212,520.0,1.2159651195329082,32.8356162618923,8.611872087297433,116.78995314248164,27.641608521458785,5.82595972031359,1.6,66.58672728779518,19314019.59950796,True,power_budget_seg:7
2025-10-07 21:00:05,2025-10-07T20:59:54.978000,116.78995314248164,517.0,1.3825007596616137,50.21723265375917,13.804308163439792,118.75278334360286,41.20597639918332,5.82595972031359,1.6,66.58672728779518,20014564.79040811,True,power_budget_seg:7
2025-10-07 21:15:05,2025-10-07T21:14:42.741000,118.75278334360286,513.0,1.3928075891732767,51.30957750129347,14.077394375323367,120.7461966708692,42.0264409226827,5.82595972031359,1.6,66.58672728779518,20986482.795546845,True,power_budget_seg:7
2025-10-07 21:30:05,2025-10-07T21:29:30.459000,120.7461966708692,510.0,1.3423982695000154,45.74528338938946,12.623585016816838,122.590032033281,37.80938076427779,5.82595972031359,1.6,66.58672728779518,22002566.667402785,True,power_budget_seg:7
2025-10-07 21:45:05,2025-10-07T21:44:48.822000,122.590032033281,508.0,1.4,52.071848081109565,14.267962020277391,124.6047871715623,42.59898536179287,5.82595972031359,1.6,66.58672728779518,22956649.310790956,True,power_budget_seg:7
2025-10-07 22:00:05,2025-10-07T21:59:36.608000,124.6047871715623,505.0,1.4,52.071848081109565,14.267962020277391,126.61954230984358,42.59898536179287,5.82595972031359,1.6,66.58672728779518,24023263.787290495,True,power_budget_seg:7
2025-10-07 22:15:05,2025-10-07T22:14:55.009000,126.61954230984358,499.0,1.4,52.071848081109565,14.267962020277391,128.63429744812487,42.59898536179287,5.82595972031359,1.6,66.58672728779518,25117062.77358667,True,power_budget_seg:7
2025-10-07 22:30:05,2025-10-07T22:29:42.741000,128.63429744812487,496.0,1.4,52.071848081109565,14.267962020277391,130.64905258640616,42.59898536179287,5.82595972031359,1.6,66.58672728779518,26234229.797279302,True,power_budget_seg:7
2025-10-07 22:45:05,2025-10-07T22:44:30.451000,130.64905258640616,491.0,1.4,52.071848081109565,14.267962020277391,132.66380772468744,42.59898536179287,5.82595972031359,1.6,66.58672728779518,27377749.37672272,True,power_budget_seg:7
2025-10-08 07:00:05,2025-10-08T06:59:38.680000,27.31,489.0,1.6288210692067238,87.80184024123359,25.840552072370077,30.00372859139723,71.0223102212571,17.034201015856738,1.6,66.58672728779518,-1161.7763098769792,True,power_budget_seg:8
2025-10-08 07:15:05,2025-10-08T07:14:57.044000,30.00372859139723,486.0,1.469745201434875,61.36020050894706,16.90806015268412,32.22543643915005,49.76659037377285,14.140135358254112,1.6,66.58672728779518,-1198.6737283943316,True,power_budget_seg:8
2025-10-08 07:30:05,2025-10-08T07:29:44.761000,32.22543643915005,484.0,1.2361493633516119,34.28432355091236,9.094774516970787,33.754002814543014,28.80228026427839,10.214134294773793,1.6,66.58672728779518,-371.66663586139157,True,power_budget_seg:8
2025-10-08 07:45:05,2025-10-08T07:44:32.575000,33.754002814543014,482.0,1.1733529609536573,29.777164070711606,7.592388023570535,35.09623542999328,25.19124531698472,9.622892042424416,1.6,66.58672728779518,4503.964487324267,True,power_budget_seg:8
2025-10-08 08:00:05,2025-10-08T07:59:50.905000,35.09623542999328,481.0,1.2331589584763087,34.06968973163803,9.02322991054601,36.61592847247403,28.63032046882953,10.610115806087016,1.6,66.58672728779518,9460.332272782154,True,power_budget_seg:8
2025-10-08 08:15:05,2025-10-08T08:14:38.622000,36.61592847247403,477.0,1.1213114132780206,26.12907383240115,6.376357944133717,37.80373986503025,22.268477352086084,9.090484539093328,1.6,66.58672728779518,18824.409324158045,True,power_budget_seg:8
2025-10-08 08:30:05,2025-10-08T08:29:57.075000,37.80373986503025,479.0,1.0885753860749212,23.884047007555594,5.628015669185199,38.8944146892257,20.469812282047787,8.528748185112383,1.6,66.58672728779518,39942.45858489764,True,power_budget_seg:8
2025-10-08 08:45:05,2025-10-08T08:44:44.793000,38.8944146892257,480.0,1.4,52.071848081109565,14.267962020277391,40.90916982750699,42.59898536179287,9.258624494828886,1.6,66.58672728779518,69444.8927893975,True,power_budget_seg:8
2025-10-08 09:00:05,2025-10-08T08:59:32.478000,40.90916982750699,480.0,1.1220029678061483,26.176500432362644,6.392166810787548,42.099033247735356,22.30647447880072,7.410827736004868,1.6,66.58672728779518,116879.50436391038,True,power_budget_seg:8
2025-10-08 09:15:05,2025-10-08T09:14:50.913000,42.099033247735356,479.0,1.1492650444866341,28.048273928652073,7.016091309550691,43.36979055770487,23.806097365057703,6.962541866705136,1.6,66.58672728779518,160003.8397440903,True,power_budget_seg:8
2025-10-08 09:30:05,2025-10-08T09:29:38.607000,43.36979055770487,478.0,1.2585828101901275,35.89446551336162,9.631488504453873,44.964922983671954,30.092289841718355,6.577951340162032,1.6,66.58672728779518,222420.8201273154,True,power_budget_seg:8
2025-10-08 09:45:05,2025-10-08T09:44:57.004000,44.964922983671954,474.0,1.2989627532837407,40.15347200916025,10.946041602748075,46.67987352557542,33.44134791757049,6.196263752347328,1.6,66.58672728779518,310075.88279067975,True,power_budget_seg:8
2025-10-08 10:00:05,2025-10-08T09:59:44.796000,46.67987352557542,471.0,0.549044423879892,19.0,4.0,46.16961535118595,16.55682351251732,5.825139104276262,1.6,66.58672728779518,410312.10139089177,True,power_budget_seg:8
2025-10-08 10:15:05,2025-10-08T10:14:32.534000,46.16961535118595,466.0,1.3592743097641544,47.75563252315707,13.188908130789267,48.06352644907435,39.35705883184244,6.022067182019372,1.6,66.58672728779518,389689.4213342347,True,power_budget_seg:8
2025-10-08 10:30:05,2025-10-08T10:29:50.927000,48.06352644907435,466.0,1.2743239662749923,37.025871608066524,10.007761482419959,49.705367104926175,30.998228800274312,5.89738855893312,1.6,66.58672728779518,522904.1956380654,True,power_budget_seg:8
2025-10-08 10:45:05,2025-10-08T10:44:38.671000,49.705367104926175,460.0,1.2677772979418707,36.55439221383146,9.851464071277155,51.32778204084777,30.621008292555747,5.851891391577257,1.6,66.58672728779518,655437.8375117136,True,power_budget_seg:8
2025-10-08 11:00:05,2025-10-08T10:59:57.001000,51.32778204084777,461.0,1.1067878552648667,25.13305262526322,6.04435087508774,52.47249814340336,21.470487530998035,5.835609565048017,1.6,66.58672728779518,804406.1557387316,True,power_budget_seg:8
2025-10-08 11:15:05,2025-10-08T11:14:44.723000,52.47249814340336,462.0,1.280614973890535,37.7914114064496,10.237423421934878,54.13300590530058,31.59622876082768,5.829698572319414,1.6,66.58672728779518,920751.3345851623,True,power_budget_seg:8
2025-10-08 11:30:05,2025-10-08T11:29:32.522000,54.13300590530058,456.0,1.2147592819893551,32.749068276522614,8.58302275884087,55.59810217518573,27.57226821939921,5.827074520837913,1.6,66.58672728779518,1100448.758997424,True,power_budget_seg:8
2025-10-08 11:45:05,2025-10-08T11:44:50.908000,55.59810217518573,455.0,1.4,52.071848081109565,14.267962020277391,57.612857313467025,42.59898536179287,5.8262116981056575,1.6,66.58672728779518,1278154.4198268666,True,power_budget_seg:8
2025-10-08 12:00:05,2025-10-08T11:59:38.600000,57.612857313467025,454.0,1.1791872454387162,30.19591498036369,7.731971660121229,58.97240181499935,25.526739140890268,5.826019618259906,1.6,66.58672728779518,1533127.704651397,True,power_budget_seg:8
2025-10-08 12:15:05,2025-10-08T12:14:56.989000,58.97240181499935,453.0,1.2020863679180283,31.83948042407884,8.279826808026279,60.39989415156717,26.84352686084804,5.8259759918965175,1.6,66.58672728779518,1722455.7232172154,True,power_budget_seg:8
2025-10-08 12:30:05,2025-10-08T12:29:44.774000,60.39989415156717,452.0,1.236469041276967,34.307268167751154,9.102422722583718,61.92940909706172,28.820662975966563,5.825963490148464,1.6,66.58672728779518,1933702.0078966094,True,power_budget_seg:8
2025-10-08 12:45:05,2025-10-08T12:44:32.500000,61.92940909706172,452.0,1.1867181644166944,30.736440417650904,7.912146805883634,63.31129985403871,25.95979598135032,5.825960573711621,1.6,66.58672728779518,2171763.851221409,True,power_budget_seg:8
2025-10-08 13:00:05,2025-10-08T12:59:50.908000,63.31129985403871,449.0,1.3357589797986666,44.8905529995448,12.36716589986344,65.13543466409146,37.14170974248317,5.825959858843318,1.6,66.58672728779518,2403170.234956876,True,power_budget_seg:8
2025-10-08 13:15:05,2025-10-08T13:14:38.665000,65.13543466409146,447.0,1.2965879724058111,39.847746927578704,10.854324078273612,66.84333859451517,33.20253135034291,5.825959739282869,1.6,66.58672728779518,2718896.103925097,True,power_budget_seg:8
2025-10-08 13:30:05,2025-10-08T13:28:55.806000,66.84333859451517,447.0,1.2117840442861083,32.53552306839018,8.511841022796725,68.29960653655351,27.401180594747643,5.825959723356643,1.6,66.58672728779518,3036913.929675199,True,power_budget_seg:8
2025-10-08 13:45:05,2025-10-08T13:44:44.740000,68.29960653655351,446.0,1.1472133087013625,27.905417970893346,6.968472656964448,69.5642757964329,23.691644380165126,5.825959720898768,1.6,66.58672728779518,3318957.7407713416,True,power_budget_seg:8
2025-10-08 14:00:05,2025-10-08T13:59:32.485000,69.5642757964329,448.0,1.3488020026264835,46.569688643242955,12.870906592972887,71.4271127516997,38.45336336364839,5.825959720379977,1.6,66.58672728779518,3575122.705941992,True,power_budget_seg:8
2025-10-08 14:15:05,2025-10-08T14:14:50.851000,71.4271127516997,444.0,1.0471930380537537,21.046058121298223,4.6820193737660745,72.39499505582089,18.196079325997616,5.825959720326109,1.6,66.58672728779518,3994911.896567124,True,power_budget_seg:8
2025-10-08 14:30:05,2025-10-08T14:29:38.609000,72.39499505582089,444.0,1.283845006874752,38.20724012849648,10.362172038548943,74.06508719146733,31.92105257783394,5.825959720315311,1.6,66.58672728779518,4183736.288067541,True,power_budget_seg:8
2025-10-08 14:45:05,2025-10-08T14:44:57.011000,74.06508719146733,442.0,1.1621873824640914,28.975763974217994,7.325254658072665,75.37418854234751,24.54918155866524,5.825959720313822,1.6,66.58672728779518,4579996.56830256,True,power_budget_seg:8
2025-10-08 15:00:05,2025-10-08T14:59:44.743000,75.37418854234751,441.0,1.4,52.071848081109565,14.267962020277391,77.3889436806288,42.59898536179287,5.825959720313605,1.6,66.58672728779518,4875628.737619238,True,power_budget_seg:8
2025-10-08 15:15:05,2025-10-08T15:14:32.561000,77.3889436806288,441.0,1.2818771162312323,37.95389737459232,10.286169212377697,79.05319655719731,31.723154366452697,5.825959720313591,1.6,66.58672728779518,5374742.893151886,True,power_budget_seg:8
2025-10-08 15:30:05,2025-10-08T15:29:50.865000,79.05319655719731,441.0,1.3828827909731758,50.257721335007794,13.814430333751949,81.01716034763226,41.236387607367945,5.82595972031359,1.6,66.58672728779518,5804578.618837754,True,power_budget_seg:8
2025-10-08 15:45:05,2025-10-08T15:44:38.668000,81.01716034763226,439.0,1.2887970871368406,38.844762165243445,10.553428649573034,82.70194663293594,32.41905170685612,5.82595972031359,1.6,66.58672728779518,6337132.587803328,True,power_budget_seg:8
2025-10-08 16:00:05,2025-10-08T15:59:26.452000,82.70194663293594,439.0,1.3803510346674046,49.98939915574868,13.74734978893717,84.65839802371585,41.034849760188024,5.82595972031359,1.6,66.58672728779518,6804964.245100251,True,power_budget_seg:8
2025-10-08 16:15:05,2025-10-08T16:14:44.803000,84.65839802371585,438.0,1.3157242492545964,42.31131729532676,11.593395188598027,86.42308441747147,35.12694466738458,5.82595972031359,1.6,66.58672728779518,7378347.414097042,True,power_budget_seg:8
2025-10-08 16:30:05,2025-10-08T16:29:32.550000,86.42308441747147,439.0,1.086159996684515,23.718400335151934,5.572800111717311,87.50659213384459,20.337099888448197,5.82595972031359,1.6,66.58672728779518,7918529.834594482,True,power_budget_seg:8
2025-10-08 16:45:05,2025-10-08T16:43:49.737000,87.50659213384459,438.0,1.3255868134204067,43.581006327362594,11.974301898208779,89.3005433993686,36.118759844957545,5.82595972031359,1.6,66.58672728779518,8245981.271923098,True,power_budget_seg:8
2025-10-08 17:00:05,2025-10-08T16:59:38.720000,89.3005433993686,436.0,1.0330058396594366,20.073104354885412,4.357701451628471,90.22632848264722,17.41657062033691,5.82595972031359,1.6,66.58672728779518,8845589.699556734,True,power_budget_seg:8
2025-10-08 17:15:05,2025-10-08T17:14:57.051000,90.22632848264722,434.0,1.3423324465380795,45.736809457922845,12.621042837376855,92.0699685306856,37.802761368795714,5.82595972031359,1.6,66.58672728779518,9124276.316304596,True,power_budget_seg:8
2025-10-08 17:30:05,2025-10-08T17:29:44.761000,92.0699685306856,435.0,1.3810160106399052,50.059875054905945,13.764968763726486,94.02839308343809,41.08778448602188,5.82595972031359,1.6,66.58672728779518,9740991.211387323,True,power_budget_seg:8
2025-10-08 17:45:05,2025-10-08T17:44:32.513000,94.02839308343809,484.0,1.3802097595950436,49.974426452726476,13.743606613181619,95.98442527320624,41.02360370389148,5.82595972031359,1.6,66.58672728779518,10422858.637015322,True,power_budget_seg:8
2025-10-08 18:00:05,2025-10-08T17:59:50.901000,95.98442527320624,556.0,1.4,52.071848081109565,14.267962020277391,97.99918041148753,42.59898536179287,5.82595972031359,1.6,66.58672728779518,11122369.262946675,True,power_budget_seg:8
2025-10-08 18:15:05,2025-10-08T18:14:38.692000,97.99918041148753,647.0,1.3946449938722678,51.504310474562025,14.126077618640506,99.9980458110546,42.17270562698651,5.82595972031359,1.6,66.58672728779518,11872104.529036054,True,power_budget_seg:8
