timestamp,sensor_timestamp,input_temp,co2_ppm,solar_vol_cmd,r_pwm,b_pwm,pred_temp,pred_power,pred_pn,target_solar_vol,target_mean_power,cost,success,note,dt_s,ppfd_dynamic,replay_segment_id,pn_dynamic_exogenous,pn_baseline_exogenous,ppfd_baseline,temp_dynamic_segmented,power_dynamic_segmented,pn_dynamic_segmented,r_pwm_dynamic_segmented,b_pwm_dynamic_segmented,temp_baseline_segmented,power_baseline_segmented,pn_baseline_segmented,r_pwm_baseline_segmented,b_pwm_baseline_segmented
2025-09-30 22:05:51,2025-09-30T22:04:52.204000,29.66,420.0,1.543776476910006,72.48023164698083,20.244069494094248,32.10137848788306,58.45298159202392,14.291847483523682,1.6,66.58672728779518,-749.0453871166543,True,power_budget_seg:0,900.0,385.9735151233418,0,14.571524135235215,15.61922561487832,450.0,32.10137848788306,58.452981592023924,14.291847483523682,72.48023164698083,20.244069494094248,32.31061546457383,68.84957176990152,15.195676467130752,85.02037223837497,25.006111671512492
2025-09-30 22:20:46,2025-09-30T22:19:39.996000,32.10137848788306,420.0,1.5105381510985665,67.50453165220277,18.751359495660832,34.44412995278164,54.56622298471536,13.830030106372917,1.6,66.58672728779518,-240.1186449744846,True,power_budget_seg:0,900.0,361.2477691392913,0,13.811726509268004,15.210263325516436,450.0,32.49818796292296,54.56622298471536,13.830525914399924,67.50453165220277,18.751359495660832,33.5281274826508,68.84957176990152,15.091737864792776,85.02037223837497,25.006111671512492
2025-09-30 22:35:46,2025-09-30T22:35:28.963000,34.44412995278164,421.0,1.0509053642142028,21.30064832435117,4.766882774783724,35.42302772379577,18.40005127873221,7.745678642191995,1.6,66.58672728779518,6840.807376051098,True,power_budget_seg:0,900.0,112.91727081247635,0,7.2471640295209845,14.936382489594788,450.0,31.027053249541833,18.40005127873221,5.368827083497934,21.300648324351172,4.766882774783724,34.286925570891036,68.84957176990152,14.975791574136228,85.02037223837497,25.006111671512492
2025-09-30 22:50:45,2025-09-30T22:50:16.722000,35.42302772379577,424.0,1.2287716273432925,33.75479269368926,8.918264231229752,36.92970237867929,28.37803203443368,10.18670745693364,1.6,66.58672728779518,15235.543516173757,True,power_budget_seg:0,900.0,181.98242847285894,0,10.193653355386791,14.631055125934552,450.0,32.533727904425355,28.378032034433684,9.183712859374374,33.75479269368927,8.918264231229756,34.879507983789864,68.84957176990152,14.856248144009953,85.02037223837497,25.006111671512492
2025-10-01 07:05:45,2025-10-01T07:05:28.243000,23.28,525.0,1.4662363403523022,60.82943147826873,16.74882944348062,25.491296116289465,49.35198115282969,15.287509393096345,1.6,66.58672728779518,-1344.6523557896771,True,power_budget_seg:1,900.0,328.29197812383,1,14.549806436126286,16.82907740891413,450.0,25.491296116289465,49.35198115282969,15.287509393096343,60.82943147826873,16.74882944348062,25.93061546457383,68.84957176990152,18.067570795462885,85.02037223837497,25.006111671512492
2025-10-01 07:20:45,2025-10-01T07:20:15.959000,25.491296116289465,522.0,1.500913708950702,66.06377506847649,18.319132520542947,27.805489281281027,53.440778713816464,15.70444839581901,1.6,66.58672728779518,-1184.1935588146637,True,power_budget_seg:1,900.0,354.08821744778027,1,15.959938350620662,17.94884981253743,450.0,26.554278668148164,53.440778713816464,15.958336899273897,66.06377506847649,18.319132520542947,27.148127482650807,68.84957176990152,18.00462815963172,85.02037223837497,25.006111671512492
2025-10-01 07:35:45,2025-10-01T07:35:03.677000,27.805489281281027,516.0,1.5641235669368407,75.57364540735423,21.229458162941697,30.30724303978176,60.9038652660525,16.322762593460055,1.6,66.58672728779518,-1219.4315956108626,True,power_budget_seg:1,900.0,401.44365212288227,1,16.89924894406475,17.79631947131472,450.0,27.270461756404384,60.9038652660525,17.01948426174419,75.57364540735423,21.229458162941697,27.90692557089104,68.84957176990152,17.772418493873094,85.02037223837497,25.006111671512492
2025-10-01 07:50:45,2025-10-01T07:50:22.109000,30.30724303978176,506.0,1.5585209137634932,74.68743951873387,20.906231855620163,32.792372224396416,60.1771378318814,15.950689684862198,1.6,66.58672728779518,-1238.9160947054793,True,power_budget_seg:1,900.0,396.94179320044424,1,16.07172662369192,17.038676768931133,450.0,27.797027454529893,60.177137831881396,16.668478529548157,74.68743951873387,20.906231855620163,28.49950798378987,68.84957176990152,17.470910386204068,85.02037223837497,25.006111671512492
2025-10-01 08:05:45,2025-10-01T08:05:09.793000,32.792372224396416,507.0,1.2252328003551896,33.50079633403893,8.833598778012977,34.28854623094182,28.17453585569588,10.351006056414857,1.6,66.58672728779518,-428.0318587209448,True,power_budget_seg:1,900.0,180.6083081671506,1,9.722688632956334,16.794147364423473,450.0,32.63539399326265,28.174535855695876,9.652427869357084,33.50079633403893,8.833598778012977,29.01517661447592,68.84957176990152,17.346137118149162,85.02037223837497,25.006111671512492
2025-10-01 08:20:45,2025-10-01T08:20:28.136000,34.28854623094182,500.0,1.17406047896283,29.82794558654187,7.609315195513956,35.63287824199187,25.231930326943907,9.841719551525376,1.6,66.58672728779518,5477.5848870052505,True,power_budget_seg:1,900.0,160.7381856231915,1,9.410566354769333,16.365941120842784,450.0,31.13733963541328,25.231930326943907,7.954185648709312,29.82794558654187,7.609315195513956,29.482570553994798,68.84957176990152,17.113161966378602,85.02037223837497,25.006111671512492
2025-10-01 08:35:45,2025-10-01T08:35:15.869000,35.63287824199187,492.0,1.0927620909787463,24.171169961067516,5.723723320355838,36.73597614198004,20.699848743783,8.8318004179852,1.6,66.58672728779518,17031.70973285398,True,power_budget_seg:1,900.0,129.17016431956418,1,8.5897140279497,15.588671377266529,450.0,30.288132720308077,20.69984874378299,6.020264369144828,24.1711699610675,5.723723320355833,29.91211451341639,68.84957176990152,16.878175661472504,85.02037223837497,25.006111671512492
2025-10-01 08:50:45,2025-10-01T08:50:03.637000,36.73597614198004,494.0,1.1950741048342746,31.3361810816211,8.112060360540367,38.14266121417906,26.440294731488407,9.80845061366683,1.6,66.58672728779518,21715.16154347853,True,power_budget_seg:1,900.0,168.89773965157013,1,10.163233197650955,14.750048582212049,450.0,31.694817792507102,26.440294731488407,8.5692004508101,31.3361810816211,8.112060360540367,30.30866832196508,68.84957176990152,16.8331018879426,85.02037223837497,25.006111671512492
2025-10-01 09:05:45,2025-10-01T09:05:22.036000,38.14266121417906,478.0,1.193108044499997,31.19506873862207,8.065022912874023,39.54351245831835,26.327238691580696,9.081366927776958,1.6,66.58672728779518,47164.82756279908,True,power_budget_seg:1,900.0,168.13432187594537,1,9.736017303075872,13.124616477147427,450.0,32.33243951206369,26.327238691580696,8.727323162833558,31.19506873862207,8.065022912874023,30.67530363768863,68.84957176990152,16.485896426802285,85.02037223837497,25.006111671512492
2025-10-01 09:20:45,2025-10-01T09:20:09.768000,39.54351245831835,478.0,1.2091864014270362,32.34907941570691,8.449693138568971,40.992072497635576,27.25180612763641,8.339721478810581,1.6,66.58672728779518,75096.71887013025,True,power_budget_seg:1,900.0,174.37751963897438,1,9.196435008916774,11.495464089841956,450.0,32.816745254440946,27.25180612763641,9.263702187688388,32.34907941570691,8.449693138568971,31.01443819992977,68.84957176990152,16.437637501378937,85.02037223837497,25.006111671512492
2025-10-01 09:35:45,2025-10-01T09:35:28.091000,40.992072497635576,480.0,1.2127443917521707,32.60445120791192,8.534817069303974,42.45119004804907,27.45640427204559,7.537756458133291,1.6,66.58672728779518,119431.41936447236,True,power_budget_seg:1,900.0,175.7590810348035,1,8.360495792258236,9.860538081188427,450.0,33.16138076607682,27.45640427204559,9.502049521481853,32.60445120791192,8.534817069303974,31.328182617044178,68.84957176990152,16.43820363267357,85.02037223837497,25.006111671512492
2025-10-01 09:50:45,2025-10-01T09:49:45.235000,42.45119004804907,480.0,1.0843812930875143,23.59641738151065,5.532139127170217,43.529419874027255,20.23936988565869,6.766837135801454,1.6,66.58672728779518,175622.5136457552,True,power_budget_seg:1,900.0,125.91591521411323,1,7.142230383061378,8.453251355793073,450.0,31.35907090656838,20.23936988565868,6.159518583934986,23.596417381510637,5.532139127170213,31.61845202501582,68.84957176990152,16.410359109214557,85.02037223837497,25.006111671512492
2025-10-01 10:05:45,2025-10-01T10:05:03.682000,43.529419874027255,475.0,1.2758576423911303,37.178960980272166,10.053688294081647,45.17581135805301,31.11781427281732,6.530412994010874,1.6,66.58672728779518,230380.73480308653,True,power_budget_seg:1,900.0,200.44738803976347,1,7.151401781150467,7.630662282258776,450.0,33.00546239059413,31.117814272817316,10.592944415812363,37.178960980272166,10.053688294081649,31.887007112784453,68.84957176990152,16.294862824951988,85.02037223837497,25.006111671512492
2025-10-01 10:20:45,2025-10-01T10:19:51.411000,45.17581135805301,464.0,1.199714937382052,31.669272972477916,8.223090990825972,46.59626702450379,26.70716047338812,6.160324435524902,1.6,66.58672728779518,318687.8070122477,True,power_budget_seg:1,900.0,170.6997667811054,1,6.451588003133688,6.75617670632925,450.0,30.96354761904326,26.707160473388104,8.301970001705694,31.6692729724779,8.223090990825966,32.13547353610477,68.84957176990152,16.06815417183781,85.02037223837497,25.006111671512492
2025-10-01 10:35:45,2025-10-01T10:35:09.721000,46.59626702450379,458.0,1.379272033378856,49.875043766761664,13.718760941690416,48.54951672920932,40.94895697646995,5.978834651997903,1.6,66.58672728779518,416762.4936294234,True,power_budget_seg:1,900.0,268.02480110491075,1,6.241086632186056,6.311465357837374,450.0,32.91679732374879,40.94895697646995,12.298386012436534,49.875043766761664,13.718760941690416,32.36535435857014,68.84957176990152,15.936330005836925,85.02037223837497,25.006111671512492
2025-10-01 10:50:45,2025-10-01T10:50:28.132000,48.54951672920932,462.0,1.3586245575311964,47.68677007587952,13.17169251896988,50.441499838041416,39.30533597607934,5.875976335807751,1.6,66.58672728779518,561879.7428929122,True,power_budget_seg:1,900.0,254.53245259535416,1,5.9763551983442404,6.003929540838323,450.0,30.967373195669886,39.30533597607934,11.573336843121709,47.68677007587952,13.17169251896988,32.57803991839192,68.84957176990152,15.995967575732166,85.02037223837497,25.006111671512492
2025-10-01 11:05:45,2025-10-01T11:05:15.841000,50.441499838041416,460.0,1.189604734552635,30.943621584989444,7.981207194996481,51.83195582242362,26.12578487945056,5.842818286705137,1.6,66.58672728779518,722177.8806183507,True,power_budget_seg:1,900.0,166.77399277479287,1,5.866893052006715,5.884628218795154,450.0,29.796582346032675,26.12578487945056,7.930867144946669,30.943621584989444,7.981207194996481,32.774816467780504,68.84957176990152,15.941224180386115,85.02037223837497,25.006111671512492
2025-10-01 11:20:46,2025-10-01T11:20:03.648000,51.83195582242362,463.0,1.135229748939186,27.083589074054004,6.694529691351335,53.06106664801829,23.033213525827907,5.832678545360689,1.6,66.58672728779518,859401.1185055648,True,power_budget_seg:1,900.0,145.66028133729375,1,5.84153021661484,5.849991151809317,450.0,29.13289235344712,23.033213525827907,6.8185256900031685,27.083589074054004,6.694529691351335,32.9568740204011,68.84957176990152,15.980372136424442,85.02037223837497,25.006111671512492
2025-10-01 11:35:45,2025-10-01T11:35:22.010000,53.06106664801829,459.0,1.100133989214913,24.67673250802977,5.892244169343256,54.18603894628098,21.104894101761367,5.82876268564744,1.6,66.58672728779518,982474.0710322272,True,power_budget_seg:1,900.0,132.03265946046463,1,5.832294236175572,5.8362175724249,450.0,28.682815472770486,21.10489410176138,6.140440278778177,24.676732508029783,5.892244169343261,33.12531356845851,68.84957176990152,15.886902827925738,85.02037223837497,25.006111671512492
2025-10-01 11:50:45,2025-10-01T11:50:09.724000,54.18603894628098,451.0,1.1180434502424703,25.90495791778829,6.301652639262763,55.36415341645765,22.08892071481447,5.827126044731061,1.6,66.58672728779518,1107385.022093263,True,power_budget_seg:1,900.0,138.9868717305173,1,5.828833098446717,5.830436864260452,450.0,28.331627580697575,22.08892071481447,6.568223228336334,25.90495791778829,6.301652639262763,33.281153747025456,68.84957176990152,15.717425429178236,85.02037223837497,25.006111671512492
2025-10-01 12:05:45,2025-10-01T12:05:28.087000,55.36415341645765,455.0,1.1898675896126678,30.962487787996388,7.9874959293321295,56.75538936226735,26.140900057575514,5.826379880401414,1.6,66.58672728779518,1247305.3079944982,True,power_budget_seg:1,900.0,166.87605893306045,1,5.827257463255307,5.827773868820967,450.0,29.722863526507275,26.140900057575514,7.919085733980501,30.962487787996388,7.9874959293321295,33.42533699603057,68.84957176990152,15.773457357365384,85.02037223837497,25.006111671512492
2025-10-01 12:20:45,2025-10-01T12:20:15.787000,56.75538936226735,441.0,1.3039038519022126,40.78958028856994,11.136874086570982,58.485001468347576,33.9382426927319,5.826066152144204,1.6,66.58672728779518,1422754.0994074803,True,power_budget_seg:1,900.0,218.77453058675215,1,5.826434528205616,5.82653695369935,450.0,30.517329398267623,33.9382426927319,10.241166471991805,40.78958028856994,11.136874086570982,33.55873526018159,68.84957176990152,15.49043288414585,85.02037223837497,25.006111671512492
2025-10-01 12:35:45,2025-10-01T12:35:03.622000,58.485001468347576,451.0,1.4,52.071848081109565,14.267962020277391,60.49975660662887,42.59898536179287,5.825977700465849,1.6,66.58672728779518,1659487.1595982406,True,power_budget_seg:1,900.0,281.5697473061013,1,5.826076352477534,5.826089973838439,450.0,31.0940982157867,42.59898536179287,12.28639532242638,52.071848081109565,14.267962020277391,33.68215526219043,68.84957176990152,15.658461534907813,85.02037223837497,25.006111671512492
2025-10-01 12:50:45,2025-10-01T12:50:21.952000,60.49975660662887,449.0,1.1123803002379216,25.516580806709506,6.172193602236502,61.66106699260372,21.77776169614757,5.825963894596077,1.6,66.58672728779518,1953430.53405341,True,power_budget_seg:1,900.0,136.7878805275892,1,5.825972738144056,5.82597973179815,450.0,31.160259641273818,21.777761696147575,6.572269951466417,25.516580806709506,6.172193602236502,33.79634338145664,68.84957176990152,15.600801444555184,85.02037223837497,25.006111671512492
2025-10-01 13:05:45,2025-10-01T13:05:09.678000,61.66106699260372,440.0,1.2589076785235471,35.91778266741626,9.639260889138754,63.257163390004536,30.11097102185689,5.82596069638187,1.6,66.58672728779518,2130322.3611811665,True,power_budget_seg:1,900.0,193.68420423072183,1,5.82596473902897,5.825966067873656,450.0,32.75635603867463,30.110971021856873,9.924652557119492,35.91778266741624,9.639260889138747,33.90199016779257,68.84957176990152,15.413244129825365,85.02037223837497,25.006111671512492
2025-10-01 13:20:45,2025-10-01T13:20:28.068000,63.257163390004536,443.0,1.2430083812070696,34.77662384474416,9.25887461491472,64.806082310093,29.19670020291132,5.825959901414318,1.6,66.58672728779518,2390979.3655584333,True,power_budget_seg:1,900.0,187.5105350000659,1,5.825960681532891,5.825960956246728,450.0,33.42064630364295,29.196700202911316,9.931056266543793,34.77662384474416,9.25887461491472,33.999734517510426,68.84957176990152,15.449084428813439,85.02037223837497,25.006111671512492
2025-10-01 13:35:45,2025-10-01T13:35:15.844000,64.806082310093,442.0,1.2502353078613857,35.295330486189854,9.431776828729951,66.37644545890966,29.61227631418091,5.825959751307561,1.6,66.58672728779518,2659626.3973901817,True,power_budget_seg:1,900.0,190.3167379302872,1,5.825959902741078,5.825959952617961,450.0,33.90149219875194,29.612276314180924,10.231949421510912,35.29533048618987,9.431776828729957,34.090167537133055,68.84957176990152,15.410768343649293,85.02037223837497,25.006111671512492
2025-10-01 13:50:45,2025-10-01T13:50:03.586000,66.37644545890966,443.0,1.287536406859106,38.68246442049544,10.50473932614863,68.05749096787481,32.29227313157865,5.825959724736283,1.6,66.58672728779518,2947553.7641890915,True,power_budget_seg:1,900.0,208.07902115199278,1,5.825959752564902,5.8259597597715125,450.0,34.27731359465384,32.29227313157865,10.962173868042672,38.682464420495435,10.50473932614863,34.17383611809635,68.84957176990152,15.409504410116522,85.02037223837497,25.006111671512492
2025-10-01 14:05:45,2025-10-01T14:05:21.939000,68.05749096787481,443.0,1.1393949474877072,27.36923712823672,6.789745709412239,69.29896105414075,23.262068331345965,5.825959721119361,1.6,66.58672728779518,3271914.6459158203,True,power_budget_seg:1,900.0,147.27762062007628,1,5.825959724019359,5.825959725719663,450.0,32.19106123464438,23.262068331345965,7.495839388478467,27.369237128236716,6.789745709412239,34.25124624406166,68.84957176990152,15.390211089630284,85.02037223837497,25.006111671512492
2025-10-01 14:20:45,2025-10-01T14:20:09.613000,69.29896105414075,444.0,1.4,52.071848081109565,14.267962020277391,71.31371619242204,42.59898536179287,5.8259597203935645,1.6,66.58672728779518,3520826.1259856466,True,power_budget_seg:1,900.0,281.5697473061013,1,5.825959721372732,5.825959721489019,450.0,34.205816372925675,42.59898536179287,12.692746963005295,52.071848081109565,14.267962020277391,34.32286605083951,68.84957176990152,15.389492206782178,85.02037223837497,25.006111671512492
2025-10-01 14:35:45,2025-10-01T14:35:28.047000,71.31371619242204,447.0,1.3080087938510188,41.31804324018358,11.295412972055074,73.055508761689,34.35105052439049,5.825959720320752,1.6,66.58672728779518,3945274.7074258216,True,power_budget_seg:1,900.0,221.45695568284782,1,5.825959720387861,5.825959720402546,450.0,31.692604078675945,34.35105052439049,10.555492030118852,41.31804324018358,11.295412972055074,34.38912865742917,68.84957176990152,15.42504773310177,85.02037223837497,25.006111671512492
2025-10-01 14:50:45,2025-10-01T14:50:15.745000,73.055508761689,442.0,1.217683052937007,32.9589195011379,8.652973167045968,74.52928064376025,27.74039630742161,5.8259597203144216,1.6,66.58672728779518,4333471.290257781,True,power_budget_seg:1,900.0,177.67675450115604,1,5.82595972032008,5.825959720322125,450.0,30.483969159608655,27.740396307421612,8.482231112825815,32.9589195011379,8.652973167045968,34.450434785295094,68.84957176990152,15.31749668178444,85.02037223837497,25.006111671512492
2025-10-01 15:05:45,2025-10-01T15:05:03.489000,74.52928064376025,442.0,1.4,52.071848081109565,14.267962020277391,76.54403578204153,42.59898536179287,5.825959720313644,1.6,66.58672728779518,4675042.600903205,True,power_budget_seg:1,900.0,281.5697473061013,1,5.825959720314575,5.825959720314683,450.0,32.49872429788995,42.59898536179287,12.384305988805629,52.071848081109565,14.267962020277391,34.50715518172001,68.84957176990152,15.300582199457958,85.02037223837497,25.006111671512492
2025-10-01 15:20:45,2025-10-01T15:20:21.915000,76.54403578204153,434.0,1.3407973093599708,45.53917861821972,12.561753585465915,78.38312066654343,37.64838241345437,5.825959720313593,1.6,66.58672728779518,5163668.382874347,True,power_budget_seg:1,900.0,242.88301674822148,1,5.825959720313641,5.825959720313649,450.0,31.160259641273818,37.64838241345437,10.97141503853769,45.53917861821972,12.561753585465915,34.55963286188985,68.84957176990152,15.140866251926843,85.02037223837497,25.006111671512492
2025-10-01 15:35:45,2025-10-01T15:35:09.612000,78.38312066654343,440.0,1.4,52.071848081109565,14.267962020277391,80.39787580482472,42.59898536179287,5.82595972031359,1.6,66.58672728779518,5628748.634439727,True,power_budget_seg:1,900.0,281.5697473061013,1,5.825959720313593,5.825959720313593,450.0,33.17501477955511,42.59898536179287,12.493465548929816,52.071848081109565,14.267962020277391,34.60818518326958,68.84957176990152,15.233266673489137,85.02037223837497,25.006111671512492
2025-10-01 15:50:45,2025-10-01T15:50:28.011000,80.39787580482472,432.0,1.4,52.071848081109565,14.267962020277391,82.41263094310601,42.59898536179287,5.82595972031359,1.6,66.58672728779518,6163791.166251936,True,power_budget_seg:1,900.0,281.5697473061013,1,5.82595972031359,5.82595972031359,450.0,34.100455918462146,42.59898536179287,12.538766016094478,52.071848081109565,14.267962020277391,34.653105764814555,68.84957176990152,15.0757430172482,85.02037223837497,25.006111671512492
2025-10-01 16:05:45,2025-10-01T16:05:15.691000,82.41263094310601,432.0,1.256726353698039,35.76121989484879,9.587073298282933,84.00225476499497,29.985536444786824,5.82595972031359,1.6,66.58672728779518,6725264.993169715,True,power_budget_seg:1,900.0,192.83719963113188,1,5.82595972031359,5.82595972031359,450.0,31.587243624212416,29.985536444786813,9.423090363374993,35.76121989484878,9.587073298282927,34.69466626262386,68.84957176990152,15.062278901039226,85.02037223837497,25.006111671512492
2025-10-01 16:20:45,2025-10-01T16:20:03.505000,84.00225476499497,434.0,1.4,52.071848081109565,14.267962020277391,86.01700990327626,42.59898536179287,5.82595972031359,1.6,66.58672728779518,7186984.531611594,True,power_budget_seg:1,900.0,281.5697473061013,1,5.82595972031359,5.82595972031359,450.0,33.60199876249371,42.59898536179287,12.49584004037528,52.071848081109565,14.267962020277391,34.7331180127738,68.84957176990152,15.085148001440139,85.02037223837497,25.006111671512492
2025-10-01 16:35:45,2025-10-01T16:35:21.847000,86.01700990327626,433.0,1.206750279536844,32.17422879603731,8.391409598679104,87.45834131588647,27.11171973820278,5.82595972031359,1.6,66.58672728779518,7788876.384419023,True,power_budget_seg:1,900.0,173.43157778656183,1,5.82595972031359,5.82595972031359,450.0,31.160259641273818,27.11171973820278,8.34714504024211,32.17422879603731,8.391409598679104,34.76869355126655,68.84957176990152,15.05519970537776,85.02037223837497,25.006111671512492
2025-10-01 16:50:45,2025-10-01T16:50:09.567000,87.45834131588647,433.0,1.4,52.071848081109565,14.267962020277391,89.47309645416776,42.59898536179287,5.82595972031359,1.6,66.58672728779518,8228986.13051815,True,power_budget_seg:1,900.0,281.5697473061013,1,5.82595972031359,5.82595972031359,450.0,33.17501477955511,42.59898536179287,12.407626753934352,52.071848081109565,14.267962020277391,34.8016080202859,68.84957176990152,15.043732466827814,85.02037223837497,25.006111671512492
2025-10-01 17:05:45,2025-10-01T17:05:27.928000,89.47309645416776,427.0,1.284534160693953,38.29596056984565,10.388788170953696,91.1452334939394,31.9903563822072,5.82595972031359,1.6,66.58672728779518,8878623.24544799,True,power_budget_seg:1,900.0,206.11716625647955,1,5.82595972031359,5.82595972031359,450.0,31.160259641273818,31.9903563822072,9.823568846022173,38.295960569845654,10.388788170953697,34.83206046926417,68.84957176990152,14.926422578146346,85.02037223837497,25.006111671512492
2025-10-01 17:20:45,2025-10-01T17:20:15.728000,91.1452334939394,429.0,1.4,52.071848081109565,14.267962020277391,93.15998863222067,42.59898536179287,5.82595972031359,1.6,66.58672728779518,9426878.541588524,True,power_budget_seg:1,900.0,281.5697473061013,1,5.82595972031359,5.82595972031359,450.0,33.17501477955511,42.59898536179287,12.358168511862463,52.071848081109565,14.267962020277391,34.86023505862879,68.84957176990152,14.951998035510492,85.02037223837497,25.006111671512492
2025-10-01 17:35:45,2025-10-01T17:35:03.505000,93.15998863222067,432.0,1.4,52.071848081109565,14.267962020277391,95.17474377050196,42.59898536179287,5.82595972031359,1.6,66.58672728779518,10117684.172040232,True,power_budget_seg:1,900.0,281.5697473061013,1,5.82595972031359,5.82595972031359,450.0,34.100455918462146,42.59898536179287,12.538766016094478,52.071848081109565,14.267962020277391,34.88630217350783,68.84957176990152,14.995559231491239,85.02037223837497,25.006111671512492
2025-10-01 17:50:45,2025-10-01T17:50:21.831000,95.17474377050196,433.0,1.2503485767251823,35.30346026454944,9.43448675484981,96.74544301840184,29.6187897100124,5.82595972031359,1.6,66.58672728779518,10834217.217289813,True,power_budget_seg:1,900.0,190.36072003121234,1,5.82595972031359,5.82595972031359,450.0,31.587243624212416,29.618789710012386,9.307630977869925,35.303460264549415,9.434486754849805,34.910419454129865,68.84957176990152,15.004188066659404,85.02037223837497,25.006111671512492
2025-10-01 18:05:45,2025-10-01T18:05:09.619000,96.74544301840184,425.0,1.4,52.071848081109565,14.267962020277391,98.76019815668312,42.59898536179287,5.82595972031359,1.6,66.58672728779518,11402117.270175377,True,power_budget_seg:1,900.0,281.5697473061013,1,5.82595972031359,5.82595972031359,450.0,33.60199876249371,42.59898536179287,12.384748310647336,52.071848081109565,14.267962020277391,34.932732749149324,68.84957176990152,14.854767081056718,85.02037223837497,25.006111671512492
2025-10-01 18:20:45,2025-10-01T18:20:27.913000,98.76019815668312,431.0,1.3969419779007413,51.74775087158541,14.186937717896352,100.76587932362236,42.35555466938842,5.82595972031359,1.6,66.58672728779518,12158440.61702117,True,power_budget_seg:1,900.0,279.57144493647775,1,5.82595972031359,5.82595972031359,450.0,34.514197966312814,42.35555466938842,12.514498221974307,51.74775087158541,14.186937717896352,34.95337699766257,68.84957176990152,14.952828020076591,85.02037223837497,25.006111671512492
2025-10-01 18:35:45,2025-10-01T18:35:15.698000,100.76587932362236,426.0,1.373739028163662,49.28864134966936,13.57216033741734,102.7027111186044,40.50850780805529,5.82595972031359,1.6,66.58672728779518,12939536.657245878,True,power_budget_seg:1,900.0,264.4091904017238,1,5.82595972031359,5.82595972031359,450.0,32.012595232792386,40.50850780805528,11.640063147528796,49.28864134966935,13.572160337417337,34.9724770452488,68.84957176990152,14.857617982561301,85.02037223837497,25.006111671512492
2025-10-01 18:50:45,2025-10-01T18:49:32.840000,102.7027111186044,426.0,1.339464530337486,45.36759900884768,12.510279702654302,104.53784129046436,37.51435332724231,5.82595972031359,1.6,66.58672728779518,13712227.366031218,True,power_budget_seg:1,900.0,242.0120958090099,1,5.82595972031359,5.82595972031359,450.0,30.80954349526713,37.51435332724231,10.834652800831849,45.36759900884768,12.510279702654302,34.990148398970476,68.84957176990152,14.850904527087575,85.02037223837497,25.006111671512492
2025-10-01 19:05:45,2025-10-01T19:05:21.773000,104.53784129046436,427.0,1.3843499223380489,50.41321176834244,13.85330294208561,106.5061584529574,41.35317708514376,5.82595972031359,1.6,66.58672728779518,14463554.317905132,True,power_budget_seg:1,900.0,271.3430104606576,1,5.82595972031359,5.82595972031359,450.0,32.77786065776015,41.35317708514377,11.997094792852653,50.41321176834247,13.853302942085618,35.00649792589951,68.84957176990152,14.862205022886847,85.02037223837497,25.006111671512492
2025-10-01 19:20:45,2025-10-01T19:20:09.521000,106.5061584529574,424.0,1.33251266203103,44.47262780334077,12.24178834100223,108.32066056794302,36.81524826866805,5.82595972031359,1.6,66.58672728779518,15296923.249188757,True,power_budget_seg:1,900.0,237.46931146697727,1,5.82595972031359,5.82595972031359,450.0,31.014626067618796,36.81524826866802,10.700201294338676,44.47262780334074,12.241788341002223,35.02162449939315,68.84957176990152,14.8036141490537,85.02037223837497,25.006111671512492
2025-10-01 19:35:45,2025-10-01T19:35:27.862000,108.32066056794302,424.0,1.3675782237033407,48.63570312057737,13.408925780144342,110.23921160454516,40.01808332881164,5.82595972031359,1.6,66.58672728779518,16083055.896818206,True,power_budget_seg:1,900.0,260.3833365156999,1,5.82595972031359,5.82595972031359,450.0,32.93317710422094,40.01808332881164,11.72029895739282,48.63570312057737,13.408925780144342,35.03561959702819,68.84957176990152,14.79819655931217,85.02037223837497,25.006111671512492
2025-10-01 19:50:45,2025-10-01T19:50:15.697000,110.23921160454516,438.0,1.2188345747211191,33.04156901811228,8.680523006037426,111.71640036044192,27.80661324416025,5.82595972031359,1.6,66.58672728779518,16944844.038008854,True,power_budget_seg:1,900.0,178.12388838798728,1,5.82595972031359,5.82595972031359,450.0,30.858555122720166,27.806613244160232,8.543323248402201,33.041569018112256,8.680523006037419,35.04856785380932,68.84957176990152,15.036757976092284,85.02037223837497,25.006111671512492
2025-10-01 20:05:45,2025-10-01T20:05:03.407000,111.71640036044192,431.0,1.3525711592404546,47.04521503458556,13.01130375864639,113.590421413792,38.823461454089305,5.82595972031359,1.6,66.58672728779518,17609673.992182296,True,power_budget_seg:1,900.0,250.5767845994959,1,5.82595972031359,5.82595972031359,450.0,32.732576176070225,38.823461454089305,11.493781903317668,47.04521503458556,13.01130375864639,35.06054757399721,68.84957176990152,14.910702703226551,85.02037223837497,25.006111671512492
2025-10-01 20:20:45,2025-10-01T20:20:21.802000,113.590421413792,432.0,1.178358916603308,30.13646236810137,7.712154122700457,114.94750804161696,25.479107043217613,5.82595972031359,1.6,66.58672728779518,18491020.630818177,True,power_budget_seg:1,900.0,162.4072614114284,1,5.82595972031359,5.82595972031359,450.0,30.718905181358217,25.479107043217613,7.687403192275798,30.13646236810137,7.712154122700457,35.07163120465161,68.84957176990152,14.92355721605955,85.02037223837497,25.006111671512492
2025-10-01 20:35:45,2025-10-01T20:35:09.497000,114.94750804161696,430.0,1.4,52.071848081109565,14.267962020277391,116.96226317989824,42.59898536179287,5.82595972031359,1.6,66.58672728779518,19123102.18355157,True,power_budget_seg:1,900.0,281.5697473061013,1,5.82595972031359,5.82595972031359,450.0,32.73366031963951,42.59898536179287,12.283843259071185,52.071848081109565,14.267962020277391,35.081885773753086,68.84957176990152,14.884650993226266,85.02037223837497,25.006111671512492
2025-10-01 20:50:45,2025-10-01T20:50:27.828000,116.96226317989824,427.0,1.327023927661097,43.76601786782101,12.029805360346304,118.76047874862608,36.26328125864463,5.82595972031359,1.6,66.58672728779518,20102235.459077824,True,power_budget_seg:1,900.0,233.88263009527282,1,5.82595972031359,5.82595972031359,450.0,31.160259641273818,36.26328125864465,10.641179742942157,43.76601786782104,12.029805360346312,35.09137329555309,68.84957176990152,14.82858424426545,85.02037223837497,25.006111671512492
2025-10-01 21:05:45,2025-10-01T21:05:15.655000,118.76047874862608,429.0,1.247152520849224,35.07406601598581,9.358022005328603,120.3216944419653,29.435004190127817,5.82595972031359,1.6,66.58672728779518,21000151.812099926,True,power_budget_seg:1,900.0,189.11969714648322,1,5.82595972031359,5.82595972031359,450.0,29.951624722206528,29.435004190127817,8.989456861814489,35.07406601598581,9.358022005328603,35.10015114560363,68.84957176990152,14.859803711569263,85.02037223837497,25.006111671512492
2025-10-01 21:20:45,2025-10-01T21:20:03.390000,120.3216944419653,432.0,1.4,52.071848081109565,14.267962020277391,122.3364495802466,42.59898536179287,5.82595972031359,1.6,66.58672728779518,21780225.451206848,True,power_budget_seg:1,900.0,281.5697473061013,1,5.82595972031359,5.82595972031359,450.0,31.96637986048782,42.59898536179287,12.165780242470188,52.071848081109565,14.267962020277391,35.10827240773446,68.84957176990152,14.908427897651087,85.02037223837497,25.006111671512492
2025-10-01 21:35:45,2025-10-01T21:35:21.769000,122.3364495802466,430.0,1.270417034209359,36.743857085845015,9.914619028615006,123.9666973213162,30.77280329273954,5.82595972031359,1.6,66.58672728779518,22830938.56986873,True,power_budget_seg:1,900.0,198.15326683442152,1,5.82595972031359,5.82595972031359,450.0,31.160259641273818,30.77280329273954,9.571752353959479,36.743857085845015,9.914619028615006,35.11578619507622,68.84957176990152,14.870692580583206,85.02037223837497,25.006111671512492
2025-10-01 21:50:45,2025-10-01T21:50:09.453000,123.9666973213162,430.0,1.4,52.071848081109565,14.267962020277391,125.98145245959748,42.59898536179287,5.82595972031359,1.6,66.58672728779518,23682025.93814188,True,power_budget_seg:1,900.0,281.5697473061013,1,5.82595972031359,5.82595972031359,450.0,33.17501477955511,42.59898536179287,12.37055999676457,52.071848081109565,14.267962020277391,35.12273794707088,68.84957176990152,14.867798693518427,85.02037223837497,25.006111671512492
2025-10-01 22:05:45,2025-10-01T22:05:27.820000,125.98145245959748,430.0,1.3953353409318137,51.577475268124594,14.144368817031149,127.98236630395373,42.22765999201396,5.82595972031359,1.6,66.58672728779518,24767950.0411694,True,power_budget_seg:1,900.0,278.52156813443924,1,5.82595972031359,5.82595972031359,450.0,34.08025687784591,42.227659992013955,12.444105152792181,51.577475268124594,14.144368817031149,35.12916970426565,68.84957176990152,14.865111694317342,85.02037223837497,25.006111671512492
2025-10-01 22:20:45,2025-10-01T22:20:15.612000,127.98236630395373,429.0,1.4,52.071848081109565,14.267962020277391,129.997121442235,42.59898536179287,5.82595972031359,1.6,66.58672728779518,25871116.126687493,True,power_budget_seg:1,900.0,281.5697473061013,1,5.82595972031359,5.82595972031359,450.0,34.67722473598123,42.59898536179287,12.537434160350994,52.071848081109565,14.267962020277391,35.1351203625521,68.84957176990152,14.845314207118093,85.02037223837497,25.006111671512492
2025-10-01 22:35:45,2025-10-01T22:35:03.354000,129.997121442235,426.0,1.4,52.071848081109565,14.267962020277391,132.0118765805163,42.59898536179287,5.82595972031359,1.6,66.58672728779518,27005432.731710397,True,power_budget_seg:1,900.0,281.5697473061013,1,5.82595972031359,5.82595972031359,450.0,35.1276516187939,42.59898536179287,12.488094784942447,52.071848081109565,14.267962020277391,35.14062590838816,68.84957176990152,14.790984011139246,85.02037223837497,25.006111671512492
2025-10-01 22:50:45,2025-10-01T22:50:21.726000,132.0118765805163,427.0,1.1441966628087967,27.69853730978401,6.899512436594671,133.26759464335072,23.52589624090653,5.82595972031359,1.6,66.58672728779518,28201946.04110673,True,power_budget_seg:1,900.0,149.14211824799708,1,5.82595972031359,5.82595972031359,450.0,32.614439324544165,23.525896240906526,7.735608403851298,27.698537309784015,6.899512436594671,35.14571963642526,68.84957176990152,14.806225185928223,85.02037223837497,25.006111671512492
2025-10-02 07:05:45,2025-10-02T07:05:16.156000,22.41,518.0,1.5436418541161534,72.46007892814447,20.23802367844334,24.85097902596495,58.43723933395368,16.562211780126344,1.6,66.58672728779518,-1289.1134852658286,True,power_budget_seg:2,900.0,385.8733702176283,2,15.188108279255943,16.074732064788044,450.0,24.85097902596495,58.437239333953684,16.562211780126344,72.46007892814447,20.23802367844334,25.06061546457383,68.84957176990152,17.766671416630786,85.02037223837497,25.006111671512492
2025-10-02 07:20:45,2025-10-02T07:20:03.923000,24.85097902596495,501.0,1.6719827227686757,95.0,28.0,27.672779813959934,76.64513905509547,18.482656945474996,1.6,66.58672728779518,-1292.539426864466,True,power_budget_seg:2,900.0,505.134342403408,2,18.18769544488595,17.456445214602738,450.0,26.14712190972925,76.64513905509547,18.579136348521807,95.0,28.0,26.278127482650802,68.84957176990152,17.773574573088297,85.02037223837497,25.006111671512492
2025-10-02 07:35:45,2025-10-02T07:35:22.199000,27.672779813959934,492.0,1.6949728239839357,95.0,28.0,30.56279839528893,76.64513905509547,17.900699013327866,1.6,66.58672728779518,-1219.843545497802,True,power_budget_seg:2,900.0,524.7040501063482,2,18.63089808246988,17.473291438354842,450.0,26.97445450617729,76.64513905509547,18.730129102394358,95.0,28.0,27.036925570891036,68.84957176990152,17.596208717754664,85.02037223837497,25.006111671512492
2025-10-02 07:50:45,2025-10-02T07:50:10.018000,30.56279839528893,488.0,1.5250306007115002,69.67401762067408,19.402205286202225,32.94855284322537,56.26091283141845,15.14632650044485,1.6,66.58672728779518,-1050.3285411359975,True,power_budget_seg:2,900.0,372.0285957624157,2,15.158971169604552,16.683908466830317,450.0,33.90516272838981,56.26091283141845,15.10848769391651,69.67401762067408,19.402205286202225,27.629507983789864,68.84957176990152,17.42166598563066,85.02037223837497,25.006111671512492
2025-10-02 08:05:45,2025-10-02T08:05:28.337000,32.94855284322537,486.0,1.3258243553888738,43.61158705940552,11.983476117821658,34.74320895944844,36.142647925752286,12.019627142912768,1.6,66.58672728779518,1471.6780404982958,True,power_budget_seg:2,900.0,233.0987547548365,2,11.607428137055704,16.405155772853924,450.0,32.15798139833748,36.142647925752286,11.36790675934956,43.61158705940552,11.983476117821658,28.145176614475915,68.84957176990152,17.25650353971405,85.02037223837497,25.006111671512492
2025-10-02 08:20:45,2025-10-02T08:20:16.129000,34.74320895944844,480.0,1.2046771730541423,32.0254333048918,8.3418111016306,36.17838890938034,26.99250813255925,10.25508932219062,1.6,66.58672728779518,6253.658145812816,True,power_budget_seg:2,900.0,172.62659417946463,2,10.007963402476745,15.870231967850218,450.0,31.167551071394485,26.992508132559255,8.530006129864379,32.0254333048918,8.3418111016306,28.6125705539948,68.84957176990152,17.023164975001148,85.02037223837497,25.006111671512492
2025-10-02 08:35:45,2025-10-02T08:35:03.831000,36.17838890938034,475.0,1.2858888946219773,38.47036661484783,10.441109984454348,37.85454580788417,32.12659333324731,10.767940939615391,1.6,66.58672728779518,20477.40028708874,True,power_budget_seg:2,900.0,207.00243390030607,2,11.325919155182099,14.965004695886865,450.0,32.84370796989832,32.12659333324731,10.722767287322604,38.470366614847826,10.441109984454348,29.042114513416394,68.84957176990152,16.811580687677843,85.02037223837497,25.006111671512492
2025-10-02 08:50:45,2025-10-02T08:50:22.180000,37.85454580788417,472.0,1.1614011530594637,28.919333013536143,7.306444337845382,39.16131420535385,24.503970340374288,9.0154291251349,1.6,66.58672728779518,35857.29845057562,True,power_budget_seg:2,900.0,155.82259160323053,2,9.48582347266665,13.378546475242242,450.0,30.763710271480043,24.503970340374288,7.493264920606741,28.919333013536146,7.306444337845382,29.438668321965075,68.84957176990152,16.64704777600046,85.02037223837497,25.006111671512492
2025-10-02 09:05:45,2025-10-02T09:05:09.998000,39.16131420535385,465.0,1.2255058658564677,33.520395382962164,8.840131794320722,40.65829847044306,28.19023817350966,8.594837768776337,1.6,66.58672728779518,64910.19536600252,True,power_budget_seg:2,900.0,180.71433902182537,2,9.491426352394253,11.843253494652028,450.0,32.26069453656926,28.19023817350967,9.262538187674046,33.52039538296218,8.840131794320726,29.805303637688628,68.84957176990152,16.426128188095184,85.02037223837497,25.006111671512492
2025-10-02 09:18:46,2025-10-02T09:17:55.239000,40.65829847044306,450.0,1.3501652044496812,46.74518483006276,12.923555449018828,42.52518041095708,38.59045187690031,7.819654329440612,1.6,66.58672728779518,114466.78970640784,True,power_budget_seg:2,900.0,249.00458367891557,2,9.148357090884799,10.062852446480846,450.0,33.11821281082868,38.59045187690031,11.75439666126237,46.74518483006276,12.923555449018828,30.144438199929766,68.84957176990152,16.068142178402006,85.02037223837497,25.006111671512492
2025-10-02 09:33:46,2025-10-02T09:32:43.022000,42.52518041095708,450.0,1.3134635157979655,42.020274476645646,11.506082342993691,44.283158602505,34.89959712195552,6.86087363819232,1.6,66.58672728779518,184030.001218765,True,power_budget_seg:2,900.0,225.02141121600562,2,7.7293094487426375,8.304565612616846,450.0,30.794194729895477,34.89959712195552,10.529659584601252,42.020274476645646,11.506082342993693,30.45818261704418,68.84957176990152,16.002420707241022,85.02037223837497,25.006111671512492
2025-10-02 09:48:46,2025-10-02T09:48:01.452000,44.283158602505,450.0,1.1879825523196987,30.82719080630474,7.942396935434912,45.66880113733862,26.03250315453756,6.31959555796594,1.6,66.58672728779518,272889.2203700924,True,power_budget_seg:2,900.0,166.14410226210862,2,6.689686613901102,7.1462386920042045,450.0,29.676545651229738,26.03250315453756,7.86253038460127,30.82719080630474,7.942396935434912,30.74845202501582,68.84957176990152,15.950604926692886,85.02037223837497,25.006111671512492
2025-10-02 10:03:46,2025-10-02T10:03:19.753000,45.66880113733862,450.0,1.1667299612456177,29.30180378283579,7.433934594278596,46.99138153720689,24.810397330660816,6.086577158328293,1.6,66.58672728779518,348258.4847529884,True,power_budget_seg:2,900.0,157.8917584651416,2,6.30278737324467,6.565080935223904,450.0,29.042980306093355,24.810397330660816,7.464896860272244,29.30180378283579,7.433934594278596,31.01700711278445,68.84957176990152,15.910092494132009,85.02037223837497,25.006111671512492
2025-10-02 10:18:46,2025-10-02T10:18:38.150000,46.99138153720689,450.0,1.1347630340082064,27.051581905526664,6.683860635175555,48.21910749448761,23.007570101266637,5.958876830100426,1.6,66.58672728779518,440802.8252288367,True,power_budget_seg:2,900.0,145.47905674909197,2,6.073043958599756,6.223107784078087,450.0,28.613332251384985,23.007570101266634,6.859929994705185,27.051581905526664,6.683860635175555,31.265473536104764,68.84957176990152,15.878436131085623,85.02037223837497,25.006111671512492
2025-10-02 10:33:46,2025-10-02T10:33:25.820000,48.21910749448761,450.0,1.1899804858549563,30.970590821757558,7.990196940585852,49.61067843371263,26.147392026235423,5.892807961676384,1.6,66.58672728779518,531592.5187819583,True,power_budget_seg:2,900.0,166.91989634570828,2,5.970974455271948,6.036526560215766,450.0,30.004903190610005,26.147392026235412,7.906898630433634,30.97059082175754,7.990196940585847,31.495354358570136,68.84957176990152,15.85349438183671,85.02037223837497,25.006111671512492
2025-10-02 10:48:46,2025-10-02T10:48:13.624000,49.61067843371263,450.0,1.191216214366052,31.059284206427,8.019761402142333,51.00591611069567,26.218451174029514,5.854635805412717,1.6,66.58672728779518,649103.9755881913,True,power_budget_seg:2,900.0,167.39972755677005,2,5.892926849915847,5.921957616079423,450.0,30.649446985981434,26.218451174029514,8.00275348662632,31.059284206426998,8.019761402142333,31.708039918391925,68.84957176990152,15.83348653824128,85.02037223837497,25.006111671512492
2025-10-02 11:03:46,2025-10-02T11:03:31.995000,51.00591611069567,450.0,1.224057286674291,33.41642481865511,8.805474939551702,52.49860205302622,28.10693929250669,5.837142386105214,1.6,66.58672728779518,778059.9965238626,True,power_budget_seg:2,900.0,180.15185826892412,2,5.855937157778085,5.866697272971529,450.0,31.076761794380317,28.106939292506695,8.757552277902002,33.41642481865511,8.805474939551702,31.904816467780503,68.84957176990152,15.816990167739984,85.02037223837497,25.006111671512492
2025-10-02 11:18:46,2025-10-02T11:18:19.772000,52.49860205302622,450.0,1.163203826032724,29.04871836478035,7.349572788260117,53.81071946445574,24.607630977869608,5.830016750381649,1.6,66.58672728779518,920860.2628933182,True,power_budget_seg:2,900.0,156.52256635346168,2,5.8362493468800665,5.841050049305783,450.0,29.523004756431938,24.607630977869608,7.3487183068539395,29.04871836478035,7.349572788260117,32.0868740204011,68.84957176990152,15.802907822035312,85.02037223837497,25.006111671512492
2025-10-02 11:33:46,2025-10-02T11:33:07.503000,53.81071946445574,450.0,0.8846387584904586,19.0,4.0,54.29625964467857,16.55682351251732,5.827592220665628,1.6,66.58672728779518,1216921.077043722,True,power_budget_seg:2,900.0,86.93050860771439,2,5.828291423327341,5.8318718438125465,450.0,28.63559711356176,16.55682351251732,2.278888405279825,19.0,4.0,32.25531356845851,68.84957176990152,15.790420167468422,85.02037223837497,25.006111671512492
2025-10-02 11:48:46,2025-10-02T11:48:25.808000,54.29625964467857,450.0,1.2521425748341537,35.4322229846344,9.4774076615448,55.87228216589045,29.72195150940688,5.826892626365903,1.6,66.58672728779518,1120041.341690518,True,power_budget_seg:2,900.0,191.05732634687217,2,5.829137669223554,5.83007701680882,450.0,30.211619634773644,29.721951509406896,9.216846451887019,35.432222984634414,9.477407661544806,32.41115374702546,68.84957176990152,15.778936008871062,85.02037223837497,25.006111671512492
2025-10-02 12:03:46,2025-10-02T12:03:13.538000,55.87228216589045,450.0,1.1870319619053955,30.758962971046547,7.919654323682182,57.25510404413709,25.977840545287147,5.826233568241438,1.6,66.58672728779518,1307978.799440229,True,power_budget_seg:2,900.0,165.7749896733618,2,5.82682000239291,5.82716319335571,450.0,29.7843555925237,25.977840545287147,7.841085769635042,30.758962971046547,7.919654323682182,32.555336996030576,68.84957176990152,15.76804505556236,85.02037223837497,25.006111671512492
2025-10-02 12:18:46,2025-10-02T12:18:31.956000,57.25510404413709,450.0,1.3167618069404683,42.44489063302152,11.633467189906456,59.022869149688034,35.23128522660979,5.82602648981177,1.6,66.58672728779518,1487435.6727355304,True,power_budget_seg:2,900.0,227.1767203641539,2,5.826277325714329,5.826341293622093,450.0,31.552120698074646,35.23128522660979,10.719282755611072,42.444890633021515,11.633467189906455,32.688735260181595,68.84957176990152,15.7574762819373,85.02037223837497,25.006111671512492
2025-10-02 12:33:46,2025-10-02T12:33:19.702000,59.022869149688034,450.0,1.2317200568739055,33.96641376755893,8.98880458918631,60.53829258538361,28.54757808592888,5.825974463155989,1.6,66.58672728779518,1730013.7524620136,True,power_budget_seg:2,900.0,183.1272984824938,2,5.826020690307056,5.826039735385381,450.0,30.385677189883282,28.54757808592888,8.801577842009156,33.96641376755893,8.98880458918631,32.81215526219043,68.84957176990152,15.747062896109083,85.02037223837497,25.006111671512492
2025-10-02 12:48:46,2025-10-02T12:48:38.069000,60.53829258538361,450.0,1.4,52.071848081109565,14.267962020277391,62.5530477236649,42.59898536179287,5.825962046482866,1.6,66.58672728779518,1956927.5189733128,True,power_budget_seg:2,900.0,281.5697473061013,2,5.82597703252398,5.825979020226564,450.0,32.40043232816458,42.59898536179287,12.46137053409337,52.071848081109565,14.267962020277391,32.92634338145663,68.84957176990152,15.736713874485769,85.02037223837497,25.006111671512492
2025-10-02 13:03:46,2025-10-02T13:03:25.827000,62.5530477236649,450.0,1.2134649633511476,32.6561696342783,8.552056544759434,64.01430340317845,27.49783991368384,5.825960137044431,1.6,66.58672728779518,2273731.358741889,True,power_budget_seg:2,900.0,176.0388777214456,2,5.825961661442469,5.825962310285773,450.0,31.160259641273818,27.497839913683837,8.5648917271495,32.6561696342783,8.552056544759434,33.03199016779257,68.84957176990152,15.726391471971551,85.02037223837497,25.006111671512492
2025-10-02 13:18:46,2025-10-02T13:18:13.612000,64.01430340317845,450.0,1.2513333422659707,35.37414099104728,9.458046997015758,65.58792471442702,29.67541752063348,5.825959797072196,1.6,66.58672728779518,2520901.241092812,True,power_budget_seg:2,900.0,190.74310276156575,2,5.825960155700507,5.825960275407494,450.0,32.7338809525224,29.675417520633477,9.849232662769303,35.37414099104728,9.458046997015758,33.12973451751042,68.84957176990152,15.716093883056207,85.02037223837497,25.006111671512492
2025-10-02 13:33:46,2025-10-02T13:33:31.966000,65.58792471442702,450.0,1.3612740828977172,47.96757372934594,13.241893432336486,67.48776967528813,39.51624870776684,5.825959729729759,1.6,66.58672728779518,2802304.74421148,True,power_budget_seg:2,900.0,256.26381772171476,2,5.82595980561006,5.8259598180483305,450.0,33.6065401908187,39.516248707766835,12.061428306163101,47.96757372934594,13.241893432336486,33.22016753713305,68.84957176990152,15.70584217837737,85.02037223837497,25.006111671512492
2025-10-02 13:48:46,2025-10-02T13:48:19.655000,67.48776967528813,450.0,1.28430936402966,38.267020645674535,10.38010619370236,69.15923968309485,31.96775001536736,5.825959721459843,1.6,66.58672728779518,3158881.9368429305,True,power_budget_seg:2,900.0,205.97027009537936,2,5.8259597290906076,5.825959731094207,450.0,31.240348052671134,31.967750015367358,10.008508146453028,38.267020645674535,10.38010619370236,33.30383611809634,68.84957176990152,15.695670690123997,85.02037223837497,25.006111671512492
2025-10-02 14:03:46,2025-10-02T14:03:07.387000,69.15923968309485,450.0,1.1632770239342651,29.053972083198342,7.351324027732782,70.47157429232064,24.61184013907057,5.825959720502539,1.6,66.58672728779518,3492327.785912889,True,power_budget_seg:2,900.0,156.55098897010305,2,5.825959721308778,5.825959721720378,450.0,30.10241694755477,24.61184013907057,7.360850210118834,29.053972083198346,7.351324027732782,33.381246244061664,68.84957176990152,15.68562011563325,85.02037223837497,25.006111671512492
2025-10-02 14:18:46,2025-10-02T14:18:25.746000,70.47157429232064,450.0,1.2571293507215842,35.79014467056528,9.596714890188426,72.06239391441113,30.008710325456832,5.825959720339776,1.6,66.58672728779518,3765598.949926512,True,power_budget_seg:2,900.0,192.99368266775815,2,5.8259597205250975,5.825959720580466,450.0,31.693236569645265,30.008710325456832,9.584324347587156,35.79014467056528,9.596714890188426,33.4528660508395,68.84957176990152,15.675732720564454,85.02037223837497,25.006111671512492
2025-10-02 14:33:46,2025-10-02T14:33:13.533000,72.06239391441113,450.0,1.2848202510832716,38.332791339550326,10.399837401865096,73.735379861061,32.01912666805917,5.825959720316332,1.6,66.58672728779518,4109701.388950943,True,power_budget_seg:2,900.0,206.3041155604235,2,5.825959720340538,5.825959720346612,450.0,32.46169224469265,32.01912666805917,10.369576653454445,38.332791339550326,10.399837401865097,33.519128657429164,68.84957176990152,15.666049133760227,85.02037223837497,25.006111671512492
2025-10-02 14:48:46,2025-10-02T14:48:31.874000,73.735379861061,450.0,1.2631413829319456,36.22165327515829,9.740551091719428,75.34403879438392,30.354425328018458,5.825959720313864,1.6,66.58672728779518,4488832.301552361,True,power_budget_seg:2,900.0,195.32814421860633,2,5.8259597203162725,5.825959720316948,450.0,30.385751574529205,30.354425328018458,9.456176972977955,36.22165327515829,9.740551091719428,33.58043478529509,68.84957176990152,15.656606326563441,85.02037223837497,25.006111671512492
2025-10-02 15:03:46,2025-10-02T15:03:19.629000,75.34403879438392,450.0,1.4,52.071848081109565,14.267962020277391,77.35879393266521,42.59898536179287,5.825959720313606,1.6,66.58672728779518,4868475.712657188,True,power_budget_seg:2,900.0,281.5697473061013,2,5.825959720313899,5.825959720313933,450.0,32.4005067128105,42.59898536179287,12.461384995890636,52.071848081109565,14.267962020277391,33.637155181720004,68.84957176990152,15.647436456289363,85.02037223837497,25.006111671512492
2025-10-02 15:18:46,2025-10-02T15:18:37.999000,77.35879393266521,450.0,1.3740511128255006,49.3217169013672,13.5804292253418,79.29655176650043,40.53335098539485,5.825959720313591,1.6,66.58672728779518,5372729.312814589,True,power_budget_seg:2,900.0,264.61312598460484,2,5.825959720313605,5.825959720313607,450.0,31.160259641273818,40.53335098539485,11.777875636288478,49.3217169013672,13.5804292253418,33.68963286188985,68.84957176990152,15.638566326105657,85.02037223837497,25.006111671512492
2025-10-02 15:33:46,2025-10-02T15:33:25.775000,79.29655176650043,450.0,1.4,52.071848081109565,14.267962020277391,81.31130690478172,42.59898536179287,5.82595972031359,1.6,66.58672728779518,5868067.239393465,True,power_budget_seg:2,900.0,281.5697473061013,2,5.825959720313591,5.825959720313591,450.0,33.17501477955511,42.59898536179287,12.614414504545062,52.071848081109565,14.267962020277391,33.73818518326958,68.84957176990152,15.63001727259423,85.02037223837497,25.006111671512492
2025-10-02 15:48:46,2025-10-02T15:48:13.484000,81.31130690478172,450.0,1.4,52.071848081109565,14.267962020277391,83.326062043063,42.59898536179287,5.82595972031359,1.6,66.58672728779518,6414471.806016177,True,power_budget_seg:2,900.0,281.5697473061013,2,5.82595972031359,5.82595972031359,450.0,34.100455918462146,42.59898536179287,12.75400166598287,52.071848081109565,14.267962020277391,33.78310576481456,68.84957176990152,15.621805339342014,85.02037223837497,25.006111671512492
2025-10-02 16:03:46,2025-10-02T16:03:31.876000,83.326062043063,450.0,1.298055823444253,40.03671546890721,10.911014640672164,85.03832148100919,33.35014376774949,5.82595972031359,1.6,66.58672728779518,6987159.782370726,True,power_budget_seg:2,900.0,214.95306404862612,2,5.82595972031359,5.82595972031359,450.0,31.587243624212416,33.35014376774949,10.36015231327255,40.03671546890721,10.911014640672164,33.824666262623865,68.84957176990152,15.6139416318758,85.02037223837497,25.006111671512492
2025-10-02 16:18:46,2025-10-02T16:17:49.030000,85.03832148100919,450.0,1.4,52.071848081109565,14.267962020277391,87.05307661929048,42.59898536179287,5.82595972031359,1.6,66.58672728779518,7487295.269579449,True,power_budget_seg:2,900.0,281.5697473061013,2,5.82595972031359,5.82595972031359,450.0,33.60199876249371,42.59898536179287,12.689347781540533,52.071848081109565,14.267962020277391,33.863118012773796,68.84957176990152,15.606432777861722,85.02037223837497,25.006111671512492
2025-10-02 16:33:46,2025-10-02T16:33:07.356000,87.05307661929048,450.0,1.2551062875340626,35.64494099525123,9.548313665083745,88.63789327057472,29.89237640198733,5.82595972031359,1.6,66.58672728779518,8106477.397857461,True,power_budget_seg:2,900.0,192.20813078430916,2,5.82595972031359,5.82595972031359,450.0,31.160259641273818,29.89237640198733,9.403534999143616,35.64494099525123,9.548313665083745,33.898693551266554,68.84957176990152,15.599281438355955,85.02037223837497,25.006111671512492
2025-10-02 16:48:46,2025-10-02T16:48:25.745000,88.63789327057472,450.0,1.4,52.071848081109565,14.267962020277391,90.652648408856,42.59898536179287,5.82595972031359,1.6,66.58672728779518,8603850.018760145,True,power_budget_seg:2,900.0,281.5697473061013,2,5.82595972031359,5.82595972031359,450.0,33.17501477955511,42.59898536179287,12.614414504545062,52.071848081109565,14.267962020277391,33.93160802028589,68.84957176990152,15.592486832427161,85.02037223837497,25.006111671512492
2025-10-02 17:03:46,2025-10-02T17:03:13.528000,90.652648408856,450.0,1.307102579995178,41.201378874396354,11.260413662318904,92.3917519986811,34.259918376478524,5.82595972031359,1.6,66.58672728779518,9264154.102901427,True,power_budget_seg:2,900.0,220.86477902854858,2,5.82595972031359,5.82595972031359,450.0,31.160259641273818,34.259918376478545,10.45086368562883,41.20137887439638,11.260413662318914,33.96206046926417,68.84957176990152,15.586045249779353,85.02037223837497,25.006111671512492
2025-10-02 17:18:46,2025-10-02T17:18:31.918000,92.3917519986811,450.0,1.2759422954834188,37.189859069349154,10.056957720804746,94.03839467112488,31.12632729441581,5.82595972031359,1.6,66.58672728779518,9853694.220348416,True,power_budget_seg:2,900.0,200.50270565010936,2,5.82595972031359,5.82595972031359,450.0,29.951624722206528,31.126327294415812,9.717309562510081,37.189859069349154,10.056957720804746,33.99023505862879,68.84957176990152,15.579950535102569,85.02037223837497,25.006111671512492
2025-10-02 17:33:46,2025-10-02T17:33:19.643000,94.03839467112488,450.0,1.3618055965239175,48.02390493869768,13.25597623467442,95.93981677539946,39.55855930129711,5.82595972031359,1.6,66.58672728779518,10425398.482103236,True,power_budget_seg:2,900.0,256.6111418757752,2,5.82595972031359,5.82595972031359,450.0,31.8530468264811,39.55855930129711,11.650987934942338,48.023904938697676,13.255976234674419,34.01630217350783,68.84957176990152,15.574194534458208,85.02037223837497,25.006111671512492
2025-10-02 17:48:46,2025-10-02T17:48:37.991000,95.93981677539946,450.0,1.4,52.071848081109565,14.267962020277391,97.95457191368077,42.59898536179287,5.82595972031359,1.6,66.58672728779518,11106986.861211566,True,power_budget_seg:2,900.0,281.5697473061013,2,5.82595972031359,5.82595972031359,450.0,32.77848796538814,42.59898536179287,12.536508175294038,52.071848081109565,14.267962020277391,34.04041945412987,68.84957176990152,15.56876749870926,85.02037223837497,25.006111671512492
2025-10-02 18:03:46,2025-10-02T18:03:25.740000,97.95457191368077,450.0,1.4,52.071848081109565,14.267962020277391,99.96932705196204,42.59898536179287,5.82595972031359,1.6,66.58672728779518,11852635.627403472,True,power_budget_seg:2,900.0,281.5697473061013,2,5.82595972031359,5.82595972031359,450.0,33.35525678290722,42.59898536179287,12.64765648023105,52.071848081109565,14.267962020277391,34.06273274914932,68.84957176990152,15.563658442303655,85.02037223837497,25.006111671512492
2025-10-02 18:18:46,2025-10-02T18:18:13.541000,99.96932705196204,450.0,1.2486458002893213,35.18124490407514,9.393748301358382,101.53497370570813,29.52087350808801,5.82595972031359,1.6,66.58672728779518,12630933.191840831,True,power_budget_seg:2,900.0,189.69953493104651,2,5.82595972031359,5.82595972031359,450.0,31.160259641273818,29.520873508088012,9.273195577445666,35.18124490407514,9.393748301358382,34.083376997662576,68.84957176990152,15.558855457931205,85.02037223837497,25.006111671512492
2025-10-02 18:33:46,2025-10-02T18:33:01.239000,101.53497370570813,450.0,1.4,52.071848081109565,14.267962020277391,103.5497288439894,42.59898536179287,5.82595972031359,1.6,66.58672728779518,13243849.250145566,True,power_budget_seg:2,900.0,281.5697473061013,2,5.82595972031359,5.82595972031359,450.0,33.17501477955511,42.59898536179287,12.614414504545062,52.071848081109565,14.267962020277391,34.1024770452488,68.84957176990152,15.554345989037135,85.02037223837497,25.006111671512492
2025-10-02 18:48:46,2025-10-02T18:48:19.569000,103.5497288439894,450.0,1.3685033716543538,48.73375272898046,13.433438182245116,105.47102504256952,40.09172877641853,5.82595972031359,1.6,66.58672728779518,14058249.143833002,True,power_budget_seg:2,900.0,260.9878858887113,2,5.82595972031359,5.82595972031359,450.0,31.160259641273818,40.09172877641853,11.669499060619083,48.73375272898046,13.433438182245116,34.12014839897048,68.84957176990152,15.550117063062922,85.02037223837497,25.006111671512492
2025-10-02 19:03:46,2025-10-02T19:03:37.927000,105.47102504256952,450.0,0.8340799571201264,19.0,4.0,105.80654370567058,16.55682351251732,5.82595972031359,1.6,66.58672728779518,15355750.172709286,True,power_budget_seg:2,900.0,81.9622633488031,2,5.82595972031359,5.82595972031359,450.0,29.951624722206528,16.55682351251732,1.6011760367548966,19.0,4.0,34.136497925899505,68.84957176990152,15.546155488768793,85.02037223837497,25.006111671512492
2025-10-02 19:18:46,2025-10-02T19:18:25.720000,105.80654370567058,450.0,1.3766780648059729,49.60012816812405,13.650032042031013,107.75209641024708,40.742466785988526,5.82595972031359,1.6,66.58672728779518,14997487.935442956,True,power_budget_seg:2,900.0,266.32974025261086,2,5.82595972031359,5.82595972031359,450.0,31.897177426783042,40.742466785988526,11.938848336352438,49.60012816812405,13.650032042031013,34.15162449939315,68.84957176990152,15.542448021188886,85.02037223837497,25.006111671512492
2025-10-02 19:33:46,2025-10-02T19:33:13.454000,107.75209641024708,450.0,1.4,52.071848081109565,14.267962020277391,109.76685154852838,42.59898536179287,5.82595972031359,1.6,66.58672728779518,15833075.107817473,True,power_budget_seg:2,900.0,281.5697473061013,2,5.82595972031359,5.82595972031359,450.0,32.82261856569008,42.59898536179287,12.54534732679619,52.071848081109565,14.267962020277391,34.16561959702818,68.84957176990152,15.538981497788807,85.02037223837497,25.006111671512492
2025-10-02 19:48:46,2025-10-02T19:48:31.798000,109.76685154852838,450.0,1.3138245079567212,42.06674796740498,11.520024390221494,111.52590090058362,34.93589980105798,5.82595972031359,1.6,66.58672728779518,16725919.888049971,True,power_budget_seg:2,900.0,225.2573060077509,2,5.82595972031359,5.82595972031359,450.0,31.160259641273818,34.93589980105798,10.58560365025042,42.06674796740498,11.520024390221494,34.17856785380932,68.84957176990152,15.535742949255399,85.02037223837497,25.006111671512492
2025-10-02 20:03:46,2025-10-02T20:03:19.561000,111.52590090058362,450.0,1.4,52.071848081109565,14.267962020277391,113.54065603886492,42.59898536179287,5.82595972031359,1.6,66.58672728779518,17520358.174246583,True,power_budget_seg:2,900.0,281.5697473061013,2,5.82595972031359,5.82595972031359,450.0,33.17501477955511,42.59898536179287,12.614414504545062,52.071848081109565,14.267962020277391,34.190547573997215,68.84957176990152,15.532719688168864,85.02037223837497,25.006111671512492
2025-10-02 20:18:46,2025-10-02T20:18:37.983000,113.54065603886492,450.0,1.2615794016774085,36.10954337155796,9.703181123852652,115.1446801550804,30.264605391178662,5.82595972031359,1.6,66.58672728779518,18461949.728231058,True,power_budget_seg:2,900.0,194.72162964012853,2,5.82595972031359,5.82595972031359,450.0,31.160259641273818,30.264605391178662,9.534146657593574,36.109543371557955,9.703181123852652,34.20163120465161,68.84957176990152,15.529899378536134,85.02037223837497,25.006111671512492
2025-10-02 20:29:53,2025-10-02T20:29:53.000000,115.1446801550804,400.0,1.2754812916140987,37.13051024821491,10.039153074464473,116.7899549054612,31.079967075427685,5.82595972031359,1.6,66.58672728779518,19225610.90384965,True,power_budget_seg:2,900.0,200.20145696891404,2,5.82595972031359,5.82595972031359,450.0,29.951624722206528,31.079967075427685,9.369454447711071,37.13051024821491,10.039153074464473,34.21188577375308,68.84957176990152,14.59570701549098,85.02037223837497,25.006111671512492
2025-10-02 20:45:06,2025-10-02T20:45:06.000000,116.7899549054612,400.0,1.2199155643781996,33.11915615041377,8.706385383471257,118.27035124745478,27.868774311997264,5.82595972031359,1.6,66.58672728779518,20025121.96395808,True,power_budget_seg:2,900.0,178.5436347737385,2,5.82595972031359,5.82595972031359,450.0,29.266481939682237,27.868774311997264,8.342256853827426,33.11915615041377,8.706385383471257,34.22137329555309,68.84957176990152,14.593793302846327,85.02037223837497,25.006111671512492
2025-10-02 21:00:04,2025-10-02T21:00:04.000000,118.27035124745478,400.0,1.4,52.071848081109565,14.267962020277391,120.28510638573609,42.59898536179287,5.82595972031359,1.6,66.58672728779518,20744612.839151785,True,power_budget_seg:2,900.0,281.5697473061013,2,5.82595972031359,5.82595972031359,450.0,31.281237077963528,42.59898536179287,11.690277028012664,52.071848081109565,14.267962020277391,34.23015114560363,68.84957176990152,14.592010030202022,85.02037223837497,25.006111671512492
2025-10-02 21:15:04,2025-10-02T21:15:04.000000,120.28510638573609,400.0,1.4,52.071848081109565,14.267962020277391,122.29986152401736,42.59898536179287,5.82595972031359,1.6,66.58672728779518,21761999.320382405,True,power_budget_seg:2,900.0,281.5697473061013,2,5.82595972031359,5.82595972031359,450.0,32.206678216870564,42.59898536179287,11.808160993859001,52.071848081109565,14.267962020277391,34.238272407734456,68.84957176990152,14.59034922513902,85.02037223837497,25.006111671512492
2025-10-02 21:30:04,2025-10-02T21:30:04.000000,122.29986152401736,400.0,1.335407670417179,44.84532605237091,12.353597815711272,124.12295390495864,37.106380798536605,5.82595972031359,1.6,66.58672728779518,22808689.3956353,True,power_budget_seg:2,900.0,239.36109050922948,2,5.82595972031359,5.82595972031359,450.0,31.160259641273818,37.106380798536605,10.539739122632268,44.84532605237091,12.353597815711272,34.245786195076214,68.84957176990152,14.588803264160099,85.02037223837497,25.006111671512492
2025-10-02 21:45:04,2025-10-02T21:45:04.000000,124.12295390495864,400.0,1.312708391661261,41.92306113353524,11.476918340060571,125.87869144076448,34.82365910349056,5.82595972031359,1.6,66.58672728779518,23771836.951318413,True,power_budget_seg:2,900.0,224.52796600771154,2,5.82595972031359,5.82595972031359,450.0,29.951624722206528,34.823659103490556,10.089201575975014,41.92306113353524,11.476918340060573,34.252737947070884,68.84957176990152,14.587364880191746,85.02037223837497,25.006111671512492
2025-10-02 22:00:04,2025-10-02T22:00:04.000000,125.87869144076448,400.0,1.4,52.071848081109565,14.267962020277391,127.89344657904576,42.59898536179287,5.82595972031359,1.6,66.58672728779518,24713951.248209607,True,power_budget_seg:2,900.0,281.5697473061013,2,5.82595972031359,5.82595972031359,450.0,31.96637986048782,42.59898536179287,11.769041894379022,52.071848081109565,14.267962020277391,34.259169704265645,68.84957176990152,14.586027165116272,85.02037223837497,25.006111671512492
2025-10-02 22:15:04,2025-10-02T22:15:04.000000,127.89344657904576,400.0,1.2715867096722282,36.82780956799232,9.942603189330772,129.52716506077223,30.840064135910872,5.82595972031359,1.6,66.58672728779518,25830953.82482228,True,power_budget_seg:2,900.0,198.60744976283843,2,5.82595972031359,5.82595972031359,450.0,31.160259641273818,30.840064135910872,9.37498159469273,36.82780956799232,9.942603189330773,34.2651203625521,68.84957176990152,14.5847835682514,85.02037223837497,25.006111671512492
2025-10-02 22:30:04,2025-10-02T22:30:04.000000,129.52716506077223,400.0,1.4,52.071848081109565,14.267962020277391,131.54192019905352,42.59898536179287,5.82595972031359,1.6,66.58672728779518,26737637.691354264,True,power_budget_seg:2,900.0,281.5697473061013,2,5.82595972031359,5.82595972031359,450.0,33.17501477955511,42.59898536179287,11.991812692018174,52.071848081109565,14.267962020277391,34.27062590838816,68.84957176990152,14.583627891563715,85.02037223837497,25.006111671512492
2025-10-02 22:45:04,2025-10-02T22:45:04.000000,131.54192019905352,400.0,1.4,52.071848081109565,14.267962020277391,133.5566753373348,42.59898536179287,5.82595972031359,1.6,66.58672728779518,27891776.697287854,True,power_budget_seg:2,900.0,281.5697473061013,2,5.82595972031359,5.82595972031359,450.0,34.100455918462146,42.59898536179287,12.140311249792747,52.071848081109565,14.267962020277391,34.27571963642526,68.84957176990152,14.582554282288394,85.02037223837497,25.006111671512492
2025-10-03 07:00:04,2025-10-03T07:00:04.000000,26.3,400.0,1.563465646753681,75.44976204100163,21.17990481640065,28.799801532946574,60.79965006674229,14.791069775176997,1.6,66.58672728779518,-1088.5615826638805,True,power_budget_seg:3,900.0,400.80686684315657,3,15.406615941584125,16.090925723346743,450.0,28.799801532946578,60.79965006674229,14.791069775176997,75.44976204100163,21.17990481640065,28.95061546457383,68.84957176990152,15.454154598114211,85.02037223837497,25.006111671512492
2025-10-03 07:15:04,2025-10-03T07:15:04.000000,28.799801532946574,400.0,1.8132035590536293,95.0,28.0,32.04064239971023,76.64513905509547,16.412740482348806,1.6,66.58672728779518,-965.0127428760946,True,power_budget_seg:3,900.0,600.0,3,17.332830447918177,15.50533156440719,450.0,30.28842285757699,76.64513905509547,16.849961017898977,95.0,28.0,30.168127482650803,68.84957176990152,15.089613180597016,85.02037223837497,25.006111671512492
2025-10-03 07:30:04,2025-10-03T07:30:04.000000,32.04064239971023,400.0,1.7058161609723437,95.0,28.0,34.96283606869108,76.64513905509547,15.020929121709456,1.6,66.58672728779518,1524.4414221735842,True,power_budget_seg:3,900.0,533.93415020033,3,15.718548120683817,14.811670820311829,450.0,35.00537225041164,76.64513905509547,15.001864141135483,95.0,28.0,30.926925570891036,68.84957176990152,14.935342692196837,85.02037223837497,25.006111671512492
2025-10-03 07:45:04,2025-10-03T07:45:04.000000,34.96283606869108,400.0,1.210526417931179,32.445257984217854,8.481752661405952,36.41537229619852,27.32886223661133,9.876331333614084,1.6,66.58672728779518,8105.559774723253,True,power_budget_seg:3,900.0,174.89784569461858,3,9.677751674878172,14.395491010614311,450.0,33.04233124494944,27.32886223661133,8.934641043725847,32.445257984217854,8.481752661405952,31.519507983789865,68.84957176990152,14.857113098441527,85.02037223837497,25.006111671512492
2025-10-03 08:00:04,2025-10-03T08:00:04.000000,36.41537229619852,400.0,1.2015764687252766,31.80288283420429,8.26762761140143,37.84135162517117,26.814205693801647,9.564479786849834,1.6,66.58672728779518,18567.22813220457,True,power_budget_seg:3,900.0,171.4225961330452,3,9.773539127148844,13.677669580174388,450.0,31.929535846211852,26.814205693801647,8.322775543167646,31.80288283420429,8.26762761140143,32.035176614475915,68.84957176990152,14.812068123546586,85.02037223837497,25.006111671512492
2025-10-03 08:15:04,2025-10-03T08:15:04.000000,37.84135162517117,400.0,1.1847624119353115,30.596067912208163,7.865355970736054,39.21743914025121,25.847332682676377,8.917864205665804,1.6,66.58672728779518,36539.13824071607,True,power_budget_seg:3,900.0,164.89372740504615,3,9.411878163636773,12.5505117488893,450.0,31.174901171152236,25.847332682676377,7.78211096959607,30.596067912208163,7.865355970736054,32.5025705539948,68.84957176990152,14.78127090433028,85.02037223837497,25.006111671512492
2025-10-03 08:41:08,2025-10-03T08:40:28.062000,39.21743914025121,400.0,1.2364974029040188,34.30930379991094,9.10310126663698,40.74703824229621,28.822293878733845,8.402375364066039,1.6,66.58672728779518,66823.64041391316,True,power_budget_seg:3,900.0,184.9823335575182,3,9.265276252904732,11.206234179902603,450.0,32.70450027319724,28.822293878733845,9.225217392786304,34.30930379991094,9.103101266636981,32.932114513416394,68.84957176990152,14.753376009101391,85.02037223837497,25.006111671512492
2025-10-03 08:41:59,2025-10-03T08:41:29.296000,40.74703824229621,727.0,1.1813537240821526,30.35141218057805,7.783804060192685,42.11301126673832,25.65132000532317,7.538783491181942,1.6,66.58672728779518,109411.66026956133,True,power_budget_seg:3,900.0,163.57013989692726,3,8.28208606080368,10.519476764932628,450.0,30.812013817012794,25.651320005323175,8.464842143633733,30.351412180578052,7.783804060192685,33.328668321965075,68.84957176990152,18.78250972162659,85.02037223837497,25.006111671512492
2025-10-03 08:42:52,2025-10-03T08:42:30.514000,42.11301126673832,726.0,1.13103885508131,26.79617884334276,6.598726281114255,43.32968658679064,22.80294690405268,6.8604884423591015,1.6,66.58672728779518,159713.60832409328,True,power_budget_seg:3,900.0,144.03296461100672,3,7.340597762044884,8.95886926353149,450.0,29.90189364131579,22.80294690405268,7.0560240097102,26.796178843342762,6.598726281114255,33.695303637688625,68.84957176990152,18.650949540244632,85.02037223837497,25.006111671512492
2025-10-03 09:42:35,2025-10-03T09:42:12.150000,43.32968658679064,615.0,0.6044786272737219,19.0,4.0,42.98391655429093,16.55682351251732,5.685985130529967,1.6,66.58672728779518,224829.09850945155,True,power_budget_seg:3,900.0,59.40010428783901,3,5.716864316756387,7.933790036083761,450.0,29.38597087607768,16.55682351251732,0.0,19.0,4.0,34.03443819992977,68.84957176990152,17.991911825493883,85.02037223837497,25.006111671512492
2025-10-03 09:42:50,2025-10-03T09:42:42.722000,42.98391655429093,615.0,1.1609788992211378,28.88902609597739,7.296342031992463,44.28943201142739,24.47968911870237,6.674273413121485,1.6,66.58672728779518,203510.867717516,True,power_budget_seg:3,900.0,155.65863117923766,3,7.168248182591807,8.210299733243433,450.0,30.691486333214137,24.479689118702375,7.834229882062581,28.88902609597739,7.296342031992463,34.34818261704418,68.84957176990152,17.849776435967446,85.02037223837497,25.006111671512492
2025-10-03 09:45:04,2025-10-03T09:44:14.560000,44.28943201142739,611.0,1.2714205865958443,36.81588622254557,9.938628740848523,45.92265756145311,30.83051141933051,6.348185032655458,1.6,66.58672728779518,270075.3871874807,True,power_budget_seg:3,900.0,198.54294446397154,3,6.859230354006755,7.287246124513434,450.0,31.44167879302701,30.83051141933051,10.702585569356975,36.81588622254557,9.938628740848525,34.63845202501582,68.84957176990152,17.658614074570863,85.02037223837497,25.006111671512492
2025-10-03 10:00:04,2025-10-03T09:59:32.905000,45.92265756145311,592.0,1.4,52.071848081109565,14.267962020277391,47.9374126997344,42.59898536179287,6.054239744858194,1.6,66.58672728779518,372740.9068567856,True,power_budget_seg:3,900.0,281.5697473061013,3,6.44021992665209,6.548608091853541,450.0,32.01844761054609,42.59898536179287,13.783926345035614,52.071848081109565,14.267962020277391,34.907007112784456,68.84957176990152,17.314099428398073,85.02037223837497,25.006111671512492
2025-10-03 10:15:04,2025-10-03T10:14:51.349000,47.9374126997344,583.0,1.3211014136523314,43.00356391035263,11.80106917310579,49.71805458173139,35.667691796865014,5.903364804363648,1.6,66.58672728779518,514523.5361697405,True,power_budget_seg:3,900.0,230.01249005255892,3,6.035404781164553,6.091557966554819,450.0,31.160259641273818,35.667691796865014,11.694854597600234,43.00356391035263,11.80106917310579,35.155473536104765,68.84957176990152,17.060255246479816,85.02037223837497,25.006111671512492
2025-10-03 10:30:04,2025-10-03T10:29:39.062000,49.71805458173139,577.0,1.14918841282657,28.042773755075995,7.014257918358664,50.9885845050226,23.801690749519327,5.853835133373759,1.6,66.58672728779518,655315.69812742,True,power_budget_seg:3,900.0,151.0804060149611,3,5.886467687904606,5.923086957023765,450.0,29.951624722206528,23.801690749519327,7.342401777652606,28.042773755075995,7.014257918358664,35.38535435857014,68.84957176990152,16.83599608894661,85.02037223837497,25.006111671512492
2025-10-03 10:45:04,2025-10-03T10:44:57.384000,50.9885845050226,574.0,1.2034844705507493,31.939828076089675,8.313276025363225,52.420225386895446,26.92392314588783,5.837787878816418,1.6,66.58672728779518,770980.7796586215,True,power_budget_seg:3,900.0,172.16346989164512,3,5.856384320809397,5.870207129533341,450.0,31.383265604079373,26.92392314588783,8.94802168141846,31.939828076089675,8.313276025363225,35.598039918391926,68.84957176990152,16.64398246086636,85.02037223837497,25.006111671512492
2025-10-03 11:00:04,2025-10-03T10:59:45.212000,52.420225386895446,570.0,1.316491476529381,42.4100887749841,11.62302663249523,54.18718834964838,35.20409982125594,5.829809559970228,1.6,66.58672728779518,916972.0387370716,True,power_budget_seg:3,900.0,227.00006961294181,3,5.839649048291602,5.843009397042376,450.0,32.194887912709675,35.20409982125594,11.802814054571604,42.410088774984104,11.62302663249523,35.79481646778051,68.84957176990152,16.444121983385916,85.02037223837497,25.006111671512492
2025-10-03 11:15:04,2025-10-03T11:14:32.923000,54.18718834964838,563.0,1.341402740505333,45.6171207509142,12.585136225274258,56.0280697106584,37.70926676247866,5.826899647451202,1.6,66.58672728779518,1110947.0371100293,True,power_budget_seg:3,900.0,243.27864321956537,3,5.829913222055545,5.830723619504992,450.0,32.72188146423793,37.70926676247866,12.465994792431523,45.6171207509142,12.585136225274258,35.9768740204011,68.84957176990152,16.217548399916105,85.02037223837497,25.006111671512492
2025-10-03 11:30:04,2025-10-03T11:29:51.343000,56.0280697106584,549.0,0.5309118298651412,19.0,4.0,55.46400726896599,16.55682351251732,5.826014824483101,1.6,66.58672728779518,1317520.7468061466,True,power_budget_seg:3,900.0,52.1709397797393,3,5.825997342001203,5.827084472329493,450.0,30.614976193425726,16.55682351251732,0.0,19.0,4.0,36.14531356845851,68.84957176990152,15.921589764003418,85.02037223837497,25.006111671512492
2025-10-03 11:45:04,2025-10-03T11:44:39.016000,55.46400726896599,533.0,1.1240770320260458,26.318739128012357,6.439579709337451,56.66002499373568,22.420432927154916,5.826381613812689,1.6,66.58672728779518,1258067.2648973232,True,power_budget_seg:3,900.0,141.32970094280594,3,5.827071742383419,5.827720760275852,450.0,31.810993918195408,22.420432927154913,7.263894391511207,26.318739128012353,6.439579709337451,36.30115374702546,68.84957176990152,15.605304945529156,85.02037223837497,25.006111671512492
2025-10-03 12:00:04,2025-10-03T11:59:26.778000,56.66002499373568,512.0,1.2825108775032372,38.03548667758344,10.310646003275032,58.32615840989259,31.78688769563208,5.826084162530196,1.6,66.58672728779518,1409873.898883927,True,power_budget_seg:3,900.0,204.79502682674578,3,5.826481717287773,5.8266185638715235,450.0,32.57630200795895,31.786887695632082,10.827236396986509,38.03548667758344,10.310646003275032,36.445336996030576,68.84957176990152,15.230783648125762,85.02037223837497,25.006111671512492
2025-10-03 12:15:04,2025-10-03T12:14:45.114000,58.32615840989259,500.0,1.231199874945889,33.92907814292504,8.976359380975014,59.84003832636094,28.51766562200914,5.825989018208663,1.6,66.58672728779518,1633705.8458422609,True,power_budget_seg:3,900.0,182.92531275322446,3,5.826076543915621,5.826115303971382,450.0,30.509128708322535,28.51766562200914,9.05394219336898,33.92907814292504,8.976359380975014,36.578735260181595,68.84957176990152,14.965874774849684,85.02037223837497,25.006111671512492
2025-10-03 12:30:04,2025-10-03T12:29:32.862000,59.84003832636094,503.0,1.2466409710479156,35.03734995505686,9.345783318352288,61.399736114306926,29.40558810673343,5.825966350982461,1.6,66.58672728779518,1849854.970789814,True,power_budget_seg:3,900.0,188.92106325685762,3,5.825989592824295,5.825998690646909,450.0,29.514999466069252,29.40558810673343,9.380745192515255,35.03734995505686,9.345783318352288,36.70215526219043,68.84957176990152,14.889853230327951,85.02037223837497,25.006111671512492
2025-10-03 12:45:04,2025-10-03T12:44:51.238000,61.399736114306926,499.0,1.1713614878658192,29.63422774849155,7.544742582830517,62.73605949524516,25.076727945890664,5.825961274654755,1.6,66.58672728779518,2090835.1149154992,True,power_budget_seg:3,900.0,159.69017211933928,3,5.825965735865367,5.825968331768225,450.0,28.951454209779783,25.076727945890664,7.704231370749912,29.63422774849155,7.5447425828305175,36.81634338145663,68.84957176990152,14.73546858214663,85.02037223837497,25.006111671512492
2025-10-03 13:00:04,2025-10-03T12:59:38.983000,62.73605949524516,494.0,1.4,52.071848081109565,14.267962020277391,64.75081463352645,42.59898536179287,5.825959949943319,1.6,66.58672728779518,2306256.501278802,True,power_budget_seg:3,900.0,281.5697473061013,3,5.82596169829879,5.825961934322704,450.0,30.966209348061074,42.59898536179287,12.748040001471816,52.071848081109565,14.267962020277391,36.92199016779257,68.84957176990152,14.575910736842836,85.02037223837497,25.006111671512492
2025-10-03 13:15:04,2025-10-03T13:14:57.439000,64.75081463352645,495.0,1.4,52.071848081109565,14.267962020277391,66.76556977180773,42.59898536179287,5.825959743667131,1.6,66.58672728779518,2651923.222470118,True,power_budget_seg:3,900.0,281.5697473061013,3,5.825959950044773,5.825959977227314,450.0,31.891650486968114,42.59898536179287,12.87847910715156,52.071848081109565,14.267962020277391,37.01973451751042,68.84957176990152,14.493115733966675,85.02037223837497,25.006111671512492
2025-10-03 13:30:04,2025-10-03T13:29:45.093000,66.76556977180773,479.0,1.125225296979818,26.397486790557203,6.465828930185734,67.96499470651423,22.48352378575805,5.82595972444232,1.6,66.58672728779518,3024821.561901489,True,power_budget_seg:3,900.0,141.77557020813487,3,5.82595973744489,5.825959746154496,450.0,31.160259641273818,22.483523785758052,6.889499520561934,26.397486790557203,6.465828930185734,37.11016753713305,68.84957176990152,14.216708303654334,85.02037223837497,25.006111671512492
2025-10-03 13:45:04,2025-10-03T13:44:32.837000,67.96499470651423,478.0,1.3183383078317126,42.64784656384796,11.694353969154388,69.73743771282703,35.38982386677538,5.825959720896735,1.6,66.58672728779518,3253164.5474775746,True,power_budget_seg:3,900.0,228.20690437343586,3,5.825959725519732,5.825959726529853,450.0,32.93270264758661,35.38982386677538,11.391264316499056,42.64784656384796,11.694353969154388,37.19383611809634,68.84957176990152,14.123721534515454,85.02037223837497,25.006111671512492
2025-10-03 14:00:04,2025-10-03T13:59:51.250000,69.73743771282703,468.0,1.323894469759159,43.36313700362522,11.908941101087564,71.52636734103626,35.94857163622441,5.825959720371311,1.6,66.58672728779518,3611361.313101598,True,power_budget_seg:3,900.0,231.83764711670125,3,5.825959720896645,5.8259597210045015,450.0,33.770901566475516,35.94857163622441,11.649057284968077,43.36313700362522,11.908941101087565,37.271246244061665,68.84957176990152,13.929097211981027,85.02037223837497,25.006111671512492
2025-10-03 14:15:04,2025-10-03T14:14:38.957000,71.52636734103626,475.0,1.1726568346473556,29.727200184866977,7.575733394955659,72.86653436312298,25.15121537380651,5.825959720321677,1.6,66.58672728779518,3993099.1759099886,True,power_budget_seg:3,900.0,160.19315300013034,3,5.8259597203625155,5.825959720382292,450.0,31.546618438362618,25.15121537380651,7.975149200528733,29.727200184866977,7.575733394955659,37.342866050839504,68.84957176990152,13.941515219298608,85.02037223837497,25.006111671512492
2025-10-03 14:30:05,2025-10-03T14:29:57.319000,72.86653436312298,502.0,1.3393795114626246,45.3566538295705,12.50699614887115,74.70141226118994,37.50580352122331,5.825959720314351,1.6,66.58672728779518,4289741.964637439,True,power_budget_seg:3,900.0,241.9565391735169,3,5.825959720323413,5.825959720325123,450.0,33.381496336429585,37.50580352122331,12.128008276010867,45.3566538295705,12.50699614887115,37.409128657429164,68.84957176990152,14.17234485689426,85.02037223837497,25.006111671512492
2025-10-03 14:45:04,2025-10-03T14:44:45.072000,74.70141226118994,581.0,1.3939454634678,51.43017240599795,14.107543101499488,76.69820196652165,42.11702023126657,5.825959720313634,1.6,66.58672728779518,4715003.597013208,True,power_budget_seg:3,900.0,277.61333551228176,3,5.825959720314392,5.825959720314499,450.0,34.298685380372866,42.117020231266565,13.912495042268016,51.430172405997936,14.107543101499484,37.47043478529509,68.84957176990152,14.79061436606137,85.02037223837497,25.006111671512492
2025-10-03 15:00:04,2025-10-03T14:59:32.900000,76.69820196652165,502.0,1.4,52.071848081109565,14.267962020277391,78.71295710480294,42.59898536179287,5.825959720313592,1.6,66.58672728779518,5201756.58994408,True,power_budget_seg:3,900.0,281.5697473061013,3,5.825959720313634,5.825959720313639,450.0,34.90167172580528,42.59898536179287,13.325792741503149,52.071848081109565,14.267962020277391,37.527155181720005,68.84957176990152,14.04547849232722,85.02037223837497,25.006111671512492
2025-10-03 15:15:04,2025-10-03T15:14:51.282000,78.71295710480294,543.0,1.4,52.071848081109565,14.267962020277391,80.72771224308423,42.59898536179287,5.82595972031359,1.6,66.58672728779518,5717055.850859753,True,power_budget_seg:3,900.0,281.5697473061013,3,5.825959720313592,5.825959720313592,450.0,35.35209860861795,42.59898536179287,13.613630515204175,52.071848081109565,14.267962020277391,37.57963286188985,68.84957176990152,14.370282543480165,85.02037223837497,25.006111671512492
2025-10-03 15:30:04,2025-10-03T15:29:38.970000,80.72771224308423,546.0,1.3915547944375946,51.17680302656369,14.044200756640922,82.71740819252919,41.92671349101316,5.82595972031359,1.6,66.58672728779518,6253259.041438359,True,power_budget_seg:3,900.0,276.05112326103506,3,5.82595972031359,5.82595972031359,450.0,35.68984173337457,41.92671349101316,13.417672831925913,51.17680302656369,14.044200756640922,37.62818518326958,68.84957176990152,14.337889861742692,85.02037223837497,25.006111671512492
2025-10-03 15:45:04,2025-10-03T15:44:57.306000,82.71740819252919,541.0,1.4,52.071848081109565,14.267962020277391,84.73216333081048,42.59898536179287,5.82595972031359,1.6,66.58672728779518,6809854.824874654,True,power_budget_seg:3,900.0,281.5697473061013,3,5.82595972031359,5.82595972031359,450.0,36.09933274764869,42.59898536179287,13.352856168140741,52.071848081109565,14.267962020277391,37.67310576481456,68.84957176990152,14.243254177297349,85.02037223837497,25.006111671512492
2025-10-03 16:00:04,2025-10-03T15:59:45.134000,84.73216333081048,535.0,1.3218375520076382,43.09833305761295,11.829499917283885,86.51498953264657,35.74172053638064,5.82595972031359,1.6,66.58672728779518,7399712.56493966,True,power_budget_seg:3,900.0,230.49352876713755,3,5.82595972031359,5.82595972031359,450.0,33.586120453398955,35.74172053638064,12.112554949184887,43.09833305761295,11.829499917283883,37.714666262623865,68.84957176990152,14.143514215440131,85.02037223837497,25.006111671512492
2025-10-03 16:15:04,2025-10-03T16:14:32.826000,86.51498953264657,530.0,1.3493479309791163,46.63997049185373,12.89199114755612,88.37944640368436,38.50826389629951,5.82595972031359,1.6,66.58672728779518,7936557.30243805,True,power_budget_seg:3,900.0,248.47052621960017,3,5.82595972031359,5.82595972031359,450.0,35.45057732443674,38.50826389629948,12.719139350114286,46.639970491853695,12.891991147556109,37.7531180127738,68.84957176990152,14.055253085719219,85.02037223837497,25.006111671512492
2025-10-03 16:30:04,2025-10-03T16:29:51.254000,88.37944640368436,525.0,1.1383528147213775,27.29776797894304,6.76592265964768,89.61782420266479,23.20480885408839,5.82595972031359,1.6,66.58672728779518,8533109.508965516,True,power_budget_seg:3,900.0,146.8729622967754,3,5.82595972031359,5.82595972031359,450.0,33.129661963392735,23.204808854088377,8.241403032727328,27.297767978943025,6.765922659647675,37.788693551266554,68.84957176990152,13.969833384215967,85.02037223837497,25.006111671512492
2025-10-03 16:45:04,2025-10-03T16:44:38.986000,89.61782420266479,521.0,1.174449440090257,29.855862947504725,7.618620982501576,90.96331036564996,25.25429708953927,5.82595972031359,1.6,66.58672728779518,8927660.59709691,True,power_budget_seg:3,900.0,160.88921854600056,3,5.82595972031359,5.82595972031359,450.0,34.47514812637788,25.25429708953927,9.579206725881114,29.855862947504725,7.618620982501576,37.82160802028589,68.84957176990152,13.895930303312092,85.02037223837497,25.006111671512492
2025-10-03 17:00:04,2025-10-03T16:59:57.310000,90.96331036564996,513.0,1.3602673534100158,47.86087789552943,13.215219473882357,92.86016809024392,39.436109046148765,5.82595972031359,1.6,66.58672728779518,9368962.362346428,True,power_budget_seg:3,900.0,255.60595788436058,3,5.82595972031359,5.82595972031359,450.0,35.34643523201115,39.436109046148765,12.772359607511948,47.86087789552943,13.215219473882357,37.852060469264174,68.84957176990152,13.788250210507996,85.02037223837497,25.006111671512492
2025-10-03 17:15:04,2025-10-03T17:14:45.060000,92.86016809024392,509.0,1.2597962690041318,35.981560509070334,9.66052016969011,94.45890117380787,30.16206839617601,5.82595972031359,1.6,66.58672728779518,10016833.174891012,True,power_budget_seg:3,900.0,194.02924235407048,3,5.82595972031359,5.82595972031359,450.0,32.98406506988145,30.162068396176014,10.507055252044708,35.981560509070334,9.66052016969011,37.88023505862879,68.84957176990152,13.718896498574686,85.02037223837497,25.006111671512492
2025-10-03 17:30:04,2025-10-03T17:29:32.873000,94.45890117380787,500.0,1.4,52.071848081109565,14.267962020277391,96.47365631208916,42.59898536179287,5.82595972031359,1.6,66.58672728779518,10572447.318084864,True,power_budget_seg:3,900.0,281.5697473061013,3,5.82595972031359,5.82595972031359,450.0,34.99882020816275,42.59898536179287,13.296851265387545,52.071848081109565,14.267962020277391,37.90630217350783,68.84957176990152,13.604387180969628,85.02037223837497,25.006111671512492
2025-10-03 17:45:04,2025-10-03T17:44:51.267000,96.47365631208916,495.0,1.2405960684566344,34.60348210625044,9.20116070208348,98.01541725357087,29.0579829306953,5.82595972031359,1.6,66.58672728779518,11308486.481102034,True,power_budget_seg:3,900.0,186.57383819481487,3,5.82595972031359,5.82595972031359,450.0,32.485607913913014,29.0579829306953,9.830914687419822,34.60348210625044,9.201160702083481,37.93041945412987,68.84957176990152,13.528984010351564,85.02037223837497,25.006111671512492
2025-10-03 18:00:04,2025-10-03T17:59:38.989000,98.01541725357087,490.0,1.4,52.071848081109565,14.267962020277391,100.03017239185216,42.59898536179287,5.82595972031359,1.6,66.58672728779518,11875739.824991386,True,power_budget_seg:3,900.0,281.5697473061013,3,5.82595972031359,5.82595972031359,450.0,34.50036305219431,42.59898536179287,13.220666001845988,52.071848081109565,14.267962020277391,37.95273274914932,68.84957176990152,13.455128689077819,85.02037223837497,25.006111671512492
2025-10-03 18:15:04,2025-10-03T18:14:57.396000,100.03017239185216,483.0,1.4,52.071848081109565,14.267962020277391,102.04492753013344,42.59898536179287,5.82595972031359,1.6,66.58672728779518,12648907.12428031,True,power_budget_seg:3,900.0,281.5697473061013,3,5.82595972031359,5.82595972031359,450.0,35.42580419110134,42.59898536179287,13.0660663191633,52.071848081109565,14.267962020277391,37.97337699766258,68.84957176990152,13.362691199689618,85.02037223837497,25.006111671512492
2025-10-03 18:30:04,2025-10-03T18:29:45.044000,102.04492753013344,481.0,1.4,52.071848081109565,14.267962020277391,104.05968266841474,42.59898536179287,5.82595972031359,1.6,66.58672728779518,13443760.609427908,True,power_budget_seg:3,900.0,281.5697473061013,3,5.82595972031359,5.82595972031359,450.0,36.00257300862042,42.59898536179287,12.895598902187304,52.071848081109565,14.267962020277391,37.9924770452488,68.84957176990152,13.321475100287959,85.02037223837497,25.006111671512492
2025-10-03 18:45:04,2025-10-03T18:44:32.882000,104.05968266841474,479.0,1.3061691473385522,41.08121040843389,11.224363122530168,105.79601651331942,34.16604900736526,5.82595972031359,1.6,66.58672728779518,14272600.518403413,True,power_budget_seg:3,900.0,220.2548159121696,3,5.82595972031359,5.82595972031359,450.0,33.48936071437069,34.16604900736526,11.35192219193128,41.08121040843389,11.224363122530168,38.01014839897048,68.84957176990152,13.281819908289211,85.02037223837497,25.006111671512492
2025-10-03 19:00:04,2025-10-03T18:59:51.246000,105.79601651331942,474.0,1.1957140321922686,31.38211133475796,8.127370444919322,107.20460042153694,26.47709301873425,5.82595972031359,1.6,66.58672728779518,15005083.863975115,True,power_budget_seg:3,900.0,169.14622232104057,3,5.82595972031359,5.82595972031359,450.0,32.280725795303404,26.477093018734255,8.736127538279137,31.382111334757962,8.127370444919322,38.026497925899506,68.84957176990152,13.213140501555293,85.02037223837497,25.006111671512492
2025-10-03 19:15:04,2025-10-03T19:14:38.937000,107.20460042153694,475.0,1.3732659745672604,49.23850588773588,13.559626471933967,109.14002853968547,40.47085086484864,5.82595972031359,1.6,66.58672728779518,15595747.770657422,True,power_budget_seg:3,900.0,264.1000676773075,3,5.82595972031359,5.82595972031359,450.0,34.21615391345196,40.470850864848636,12.623091850432973,49.238505887735876,13.559626471933969,38.04162449939315,68.84957176990152,13.206703115565272,85.02037223837497,25.006111671512492
2025-10-03 19:30:04,2025-10-03T19:29:57.331000,109.14002853968547,472.0,1.4,52.071848081109565,14.267962020277391,111.15478367796678,42.59898536179287,5.82595972031359,1.6,66.58672728779518,16441848.872764597,True,power_budget_seg:3,900.0,281.5697473061013,3,5.82595972031359,5.82595972031359,450.0,35.141595052358994,42.59898536179287,12.997859847859123,52.071848081109565,14.267962020277391,38.05561959702818,68.84957176990152,13.16082987885941,85.02037223837497,25.006111671512492
2025-10-03 19:45:04,2025-10-03T19:44:45.075000,111.15478367796678,472.0,1.3809165487949344,50.04933382748416,13.76233345687104,113.1129131007622,41.0798669285278,5.82595972031359,1.6,66.58672728779518,17350306.36714413,True,power_budget_seg:3,900.0,269.0994300468104,3,5.82595972031359,5.82595972031359,450.0,35.61951778131739,41.0798669285278,12.663715270549496,50.049333827484155,13.762333456871039,38.06856785380932,68.84957176990152,13.146640403681982,85.02037223837497,25.006111671512492
2025-10-03 20:00:04,2025-10-03T19:59:32.839000,113.1129131007622,466.0,1.326662529111977,43.719492059086406,12.01584761772592,114.91005630311356,36.22693771145509,5.82595972031359,1.6,66.58672728779518,18260144.725693256,True,power_budget_seg:3,900.0,233.64646974271682,3,5.82595972031359,5.82595972031359,450.0,33.17875443560325,36.226937711455115,11.512644336699008,43.719492059086434,12.01584761772593,38.080547573997215,68.84957176990152,13.072017843269577,85.02037223837497,25.006111671512492
2025-10-03 20:15:04,2025-10-03T20:14:51.145000,114.91005630311356,466.0,1.2771773272048144,37.34885486440906,10.10465645932272,116.56036364575355,31.25052655796135,5.82595972031359,1.6,66.58672728779518,19116345.54471758,True,power_budget_seg:3,900.0,201.30975240625395,3,5.82595972031359,5.82595972031359,450.0,32.00496111318507,31.25052655796135,10.190936074491896,37.34885486440906,10.104656459322719,38.09163120465161,68.84957176990152,13.059983403669689,85.02037223837497,25.006111671512492
2025-10-03 20:30:04,2025-10-03T20:29:38.905000,116.56036364575355,463.0,1.371738593614197,49.07663004488693,13.519157511221731,118.49125961516458,40.34926528080079,5.82595972031359,1.6,66.58672728779518,19902478.119713828,True,power_budget_seg:3,900.0,263.1019816992616,3,5.82595972031359,5.82595972031359,450.0,33.935857082596094,40.349265280800786,12.434197584655523,49.07663004488693,13.519157511221733,38.10188577375308,68.84957176990152,13.017815448497068,85.02037223837497,25.006111671512492
2025-10-03 20:45:04,2025-10-03T20:44:57.298000,118.49125961516458,458.0,1.4,52.071848081109565,14.267962020277391,120.50601475344588,42.59898536179287,5.82595972031359,1.6,66.58672728779518,20854583.17728085,True,power_budget_seg:3,900.0,281.5697473061013,3,5.82595972031359,5.82595972031359,450.0,34.861298221503134,42.59898536179287,12.86897791922743,52.071848081109565,14.267962020277391,38.11137329555309,68.84957176990152,12.955346109607492,85.02037223837497,25.006111671512492
2025-10-03 21:00:04,2025-10-03T20:59:45.023000,120.50601475344588,459.0,1.2770964430108829,37.338441976627216,10.101532592988164,122.1560820909996,31.242392550433664,5.82595972031359,1.6,66.58672728779518,21882909.122190222,True,power_budget_seg:3,900.0,201.25689762916207,3,5.82595972031359,5.82595972031359,450.0,32.3480859272534,31.242392550433664,10.253713109853651,37.338441976627216,10.101532592988164,38.12015114560363,68.84957176990152,12.956419567588373,85.02037223837497,25.006111671512492
2025-10-03 21:15:04,2025-10-03T21:14:32.809000,122.1560820909996,459.0,1.178320793186503,30.13372609161245,7.711242030537482,123.51305559642704,25.476914799949903,5.82595972031359,1.6,66.58672728779518,22744257.46613144,True,power_budget_seg:3,900.0,162.39245815562333,3,5.82595972031359,5.82595972031359,450.0,31.139451008186114,25.476914799949906,7.891985693045889,30.13372609161245,7.711242030537482,38.12827240773446,68.84957176990152,12.947689172499707,85.02037223837497,25.006111671512492
2025-10-03 21:30:04,2025-10-03T21:29:20.586000,123.51305559642704,458.0,1.35746426262163,47.56379897553767,13.140949743884416,125.40159579921855,39.212971897579855,5.82595972031359,1.6,66.58672728779518,23444263.48897891,True,power_budget_seg:3,900.0,253.77424353342136,3,5.82595972031359,5.82595972031359,450.0,33.027991210977646,39.212971897579855,11.941400089610319,47.563798975537665,13.140949743884416,38.135786195076214,68.84957176990152,12.929156724187283,85.02037223837497,25.006111671512492
2025-10-03 21:45:04,2025-10-03T21:44:38.930000,125.40159579921855,459.0,1.4,52.071848081109565,14.267962020277391,127.41635093749986,42.59898536179287,5.82595972031359,1.6,66.58672728779518,24452787.11874685,True,power_budget_seg:3,900.0,281.5697473061013,3,5.82595972031359,5.82595972031359,450.0,33.953432349884686,42.59898536179287,12.843549795737031,52.071848081109565,14.267962020277391,38.142737947070884,68.84957176990152,12.93212052659954,85.02037223837497,25.006111671512492
2025-10-03 22:00:04,2025-10-03T21:59:57.299000,127.41635093749986,457.0,1.4,52.071848081109565,14.267962020277391,129.43110607578114,42.59898536179287,5.82595972031359,1.6,66.58672728779518,25557890.45407924,True,power_budget_seg:3,900.0,281.5697473061013,3,5.82595972031359,5.82595972031359,450.0,34.53020116740376,42.59898536179287,12.861173403589373,52.071848081109565,14.267962020277391,38.149169704265645,68.84957176990152,12.904322062346889,85.02037223837497,25.006111671512492
2025-10-03 22:15:04,2025-10-03T22:14:45.076000,129.43110607578114,456.0,1.4,52.071848081109565,14.267962020277391,131.44586121406243,42.59898536179287,5.82595972031359,1.6,66.58672728779518,26686131.466650877,True,power_budget_seg:3,900.0,281.5697473061013,3,5.82595972031359,5.82595972031359,450.0,34.98062805021643,42.59898536179287,12.84016970275283,52.071848081109565,14.267962020277391,38.155120362552104,68.84957176990152,12.887466717187035,85.02037223837497,25.006111671512492
2025-10-03 22:30:04,2025-10-03T22:29:32.806000,131.44586121406243,460.0,1.4,52.071848081109565,14.267962020277391,133.46061635234372,42.59898536179287,5.82595972031359,1.6,66.58672728779518,27834661.375608467,True,power_budget_seg:3,900.0,281.5697473061013,3,5.82595972031359,5.82595972031359,450.0,35.37259211939621,42.59898536179287,12.839519131960326,52.071848081109565,14.267962020277391,38.16062590838816,68.84957176990152,12.923201847902185,85.02037223837497,25.006111671512492
2025-10-03 22:45:04,2025-10-03T22:44:51.123000,133.46061635234372,459.0,1.3120724502525094,41.84119116360304,11.452357349080913,135.21446687951098,34.75970653186284,5.82595972031359,1.6,66.58672728779518,29021406.627219267,True,power_budget_seg:3,900.0,224.1124022273327,3,5.82595972031359,5.82595972031359,450.0,32.859379825146476,34.75970653186284,11.084484308615364,41.84119116360304,11.452357349080913,38.16571963642526,68.84957176990152,12.90733915680251,85.02037223837497,25.006111671512492
2025-10-04 07:00:05,2025-10-04T06:59:46.169000,20.62,517.0,1.7403362380042036,95.0,28.0,23.644623991439385,76.64513905509547,18.22479711372752,1.6,66.58672728779518,-1167.9347524535915,True,power_budget_seg:4,900.0,563.3184409031509,4,15.656463419883462,14.886754288196519,450.0,23.644623991439385,76.64513905509547,18.22479711372752,95.0,28.0,23.27061546457383,68.84957176990152,16.71950826201195,85.02037223837497,25.006111671512492
2025-10-04 07:15:04,2025-10-04T07:14:31.470000,23.644623991439385,516.0,1.433222680250258,55.83560927808709,15.250682783426129,25.75795972813098,45.45106641916509,14.52337578299468,1.6,66.58672728779518,-1392.6481757126037,True,power_budget_seg:4,900.0,303.73335930777654,4,14.02775201908846,16.974316412906692,450.0,34.32729712539831,45.45106641916506,14.026541589379605,55.835609278087055,15.250682783426116,24.488127482650803,68.84957176990152,17.488154228497102,85.02037223837497,25.006111671512492
2025-10-04 07:30:04,2025-10-04T07:29:49.919000,25.75795972813098,512.0,1.392176682344932,51.24271233946687,14.060678084866716,27.74950098570846,41.97621823589967,13.213410317804666,1.6,66.58672728779518,-1265.731526250259,True,power_budget_seg:4,900.0,276.45750360706785,4,13.59032086435926,17.873826389938237,450.0,32.49729357640159,41.97621823589967,13.021844807710565,51.24271233946687,14.060678084866717,25.246925570891037,68.84957176990152,17.751131935961,85.02037223837497,25.006111671512492
2025-10-04 07:45:04,2025-10-04T07:44:37.673000,27.74950098570846,506.0,1.4022273161533416,52.3079048938452,14.3269762234613,29.77086516810032,42.776288564913294,12.93792481485782,1.6,66.58672728779518,-1255.0535745425043,True,power_budget_seg:4,900.0,283.02521459922605,4,13.39753295399209,17.66540688069773,450.0,31.459913550548528,42.776288564913294,12.971285531022822,52.3079048938452,14.3269762234613,25.839507983789865,68.84957176990152,17.805473419167562,85.02037223837497,25.006111671512492
2025-10-04 08:00:04,2025-10-04T07:59:56.032000,29.77086516810032,495.0,1.4560030978831846,59.28149667600314,16.284449002800944,31.95179651072661,48.142814819937335,13.975098425354606,1.6,66.58672728779518,-1208.459052036993,True,power_budget_seg:4,900.0,320.6795443532483,4,13.98578421834707,16.96099403010289,450.0,33.64084489317481,48.142814819937335,14.151630505640949,59.281496676003144,16.284449002800944,26.355176614475916,68.84957176990152,17.68903854984397,85.02037223837497,25.006111671512492
2025-10-04 08:15:04,2025-10-04T08:14:43.713000,31.95179651072661,492.0,1.3150084471941874,42.21916620663112,11.565749861989335,33.714358927881705,35.05496101934782,11.68537626297491,1.6,66.58672728779518,-275.15669986290493,True,power_budget_seg:4,900.0,226.0309657482389,4,11.139253564212574,16.602382356089265,450.0,31.681402823860644,35.05496101934782,11.065775923921306,42.21916620663112,11.565749861989337,26.8225705539948,68.84957176990152,17.62236806763989,85.02037223837497,25.006111671512492
2025-10-04 08:30:04,2025-10-04T08:29:31.535000,33.714358927881705,485.0,1.07302315428058,22.817479664246257,5.272493221415419,34.75888611120793,19.61530248108538,7.891124560513537,1.6,66.58672728779518,2549.9281910122136,True,power_budget_seg:4,900.0,121.5055698589623,4,7.286448181730037,16.26691647739058,450.0,30.37052029105835,19.61530248108538,5.631442575256417,22.817479664246257,5.272493221415419,27.252114513416394,68.84957176990152,17.45451697265768,85.02037223837497,25.006111671512492
2025-10-04 08:45:04,2025-10-04T08:44:49.874000,34.75888611120793,483.0,1.1443804388071388,27.711140612056493,6.903713537352164,36.01514948669486,23.535993723624223,9.40999782824798,1.6,66.58672728779518,9103.138976028697,True,power_budget_seg:4,900.0,149.21347814546385,4,9.039446202644854,15.91279405873615,450.0,31.626783666545283,23.535993723624223,7.464035631638006,27.711140612056493,6.903713537352164,27.648668321965076,68.84957176990152,17.338761656246902,85.02037223837497,25.006111671512492
2025-10-04 09:00:04,2025-10-04T08:59:37.628000,36.01514948669486,480.0,1.1608479468601596,28.87962709933587,7.293209033111957,37.320276373071486,24.47215885368932,9.616800607730596,1.6,66.58672728779518,15493.345400197451,True,power_budget_seg:4,900.0,155.60778260740705,4,9.631732366831901,15.155490292911438,450.0,32.275133481848584,24.47215885368932,8.075571621368937,28.87962709933587,7.293209033111957,28.01530363768863,68.84957176990152,17.195894492268945,85.02037223837497,25.006111671512492
2025-10-04 09:15:04,2025-10-04T09:14:55.998000,37.320276373071486,477.0,1.4,52.071848081109565,14.267962020277391,39.33503151135278,42.59898536179287,10.640760150220697,1.6,66.58672728779518,42038.831986967656,True,power_budget_seg:4,900.0,281.5697473061013,4,12.22034436830982,13.987273776333286,450.0,32.851902299367666,42.59898536179287,12.867002384347588,52.071848081109565,14.267962020277391,28.354438199929767,68.84957176990152,17.049723504489407,85.02037223837497,25.006111671512492
2025-10-04 09:30:04,2025-10-04T09:29:13.094000,39.33503151135278,475.0,1.1818223568167705,30.38504790479009,7.795015968263363,40.702395094746336,25.678268192122584,8.363023422060012,1.6,66.58672728779518,68076.89481589338,True,power_budget_seg:4,900.0,163.75210916491437,4,9.098773148639944,11.718999057528007,450.0,31.160259641273818,25.678268192122584,8.031717775614469,30.38504790479009,7.795015968263363,28.66818261704418,68.84957176990152,16.92267842475297,85.02037223837497,25.006111671512492
2025-10-04 09:45:04,2025-10-04T09:44:31.485000,40.702395094746336,471.0,1.156945425437906,28.59952687458845,7.199842291529484,41.995942153902014,24.247748844513715,7.57245229613234,1.6,66.58672728779518,106966.5393987153,True,power_budget_seg:4,900.0,154.09244039152344,4,8.224441050107245,10.129705848758148,450.0,29.951624722206528,24.24774884451371,7.277325439559076,28.599526874588438,7.199842291529479,28.95845202501582,68.84957176990152,16.76726256268106,85.02037223837497,25.006111671512492
2025-10-04 10:00:04,2025-10-04T09:59:49.906000,41.995942153902014,466.0,1.1644166228509425,29.135765846292905,7.378588615430968,43.31165825860943,24.67737146502045,7.009174731855053,1.6,66.58672728779518,156286.65136181386,True,power_budget_seg:4,900.0,156.9934932284446,4,7.592729008645381,8.809547707892408,450.0,29.266481939682237,24.67737146502045,7.433466136037326,29.135765846292905,7.378588615430968,29.227007112784452,68.84957176990152,16.60068484217699,85.02037223837497,25.006111671512492
2025-10-04 10:15:04,2025-10-04T10:14:37.634000,43.31165825860943,463.0,1.3999999999999997,52.07184808110954,14.267962020277386,45.32641339689072,42.598985361792856,6.579965909470044,1.6,66.58672728779518,227088.5577973353,True,power_budget_seg:4,900.0,281.5697473061012,4,7.472194483753006,7.752747523220034,450.0,31.281237077963528,42.598985361792856,12.438623377561893,52.07184808110954,14.267962020277386,29.475473536104765,68.84957176990152,16.47670557833228,85.02037223837497,25.006111671512492
2025-10-04 10:30:04,2025-10-04T10:29:55.987000,45.32641339689072,461.0,1.389727291720268,50.98311949130507,13.995779872826269,47.310686655869006,41.78123702373789,6.122452534577704,1.6,66.58672728779518,335125.79541766585,True,power_budget_seg:4,900.0,274.8569190035144,4,6.571234615474692,6.695169117774065,450.0,32.16219504055524,41.7812370237379,12.356106104562766,50.9831194913051,13.995779872826274,29.705354358570137,68.84957176990152,16.378823008120058,85.02037223837497,25.006111671512492
2025-10-04 10:45:04,2025-10-04T10:44:43.718000,47.310686655869006,460.0,1.2324973066526146,34.02220022306942,9.007400074356475,48.82841640001779,28.59227294115176,5.937344890967731,1.6,66.58672728779518,462172.0504364781,True,power_budget_seg:4,900.0,183.42910320680556,4,6.073533933092877,6.168011462225321,450.0,31.06466578862923,28.592272941151762,8.980955222856128,34.02220022306942,9.007400074356475,29.918039918391926,68.84957176990152,16.307187772720603,85.02037223837497,25.006111671512492
2025-10-04 11:00:04,2025-10-04T10:59:31.495000,48.82841640001779,457.0,1.4,52.071848081109565,14.267962020277391,50.84317153829908,42.59898536179287,5.866187250617939,1.6,66.58672728779518,588172.6468065579,True,power_budget_seg:4,900.0,281.5697473061013,4,5.959308900406158,5.977605081713099,450.0,33.07942092691052,42.59898536179287,12.67953603362027,52.071848081109565,14.267962020277391,30.114816467780503,68.84957176990152,16.205845004511843,85.02037223837497,25.006111671512492
2025-10-04 11:15:04,2025-10-04T11:14:49.843000,50.84317153829908,454.0,1.4,52.071848081109565,14.267962020277391,52.85792667658038,42.59898536179287,5.836433986471288,1.6,66.58672728779518,764212.1735238933,True,power_budget_seg:4,900.0,281.5697473061013,4,5.866088331952028,5.871319028612668,450.0,34.00486206581756,42.59898536179287,12.791045927697498,52.071848081109565,14.267962020277391,30.2968740204011,68.84957176990152,16.11038404413228,85.02037223837497,25.006111671512492
2025-10-04 11:30:04,2025-10-04T11:29:37.612000,52.85792667658038,453.0,1.2543490551035863,35.59059126823808,9.530197089412694,54.44049641624973,29.848832621368405,5.828823941932654,1.6,66.58672728779518,960561.409027506,True,power_budget_seg:4,900.0,191.914098761168,4,5.835024559979576,5.83773773980146,450.0,31.491649771567833,29.848832621368405,9.490574084373888,35.59059126823808,9.530197089412694,30.465313568458512,68.84957176990152,16.05792614476041,85.02037223837497,25.006111671512492
2025-10-04 11:45:05,2025-10-04T11:44:55.965000,54.44049641624973,450.0,1.2847024403279232,38.31762459169381,10.395287377508142,56.11313278680659,32.00727919175673,5.826755601762683,1.6,66.58672728779518,1138625.1189183842,True,power_budget_seg:4,900.0,206.22713066497857,4,5.8289166314428,5.829651678289949,450.0,33.164286142124695,32.00727919175673,10.6179561189849,38.31762459169381,10.395287377508142,30.62115374702546,68.84957176990152,15.97227433618,85.02037223837497,25.006111671512492
2025-10-04 12:00:04,2025-10-04T11:59:43.770000,56.11313278680659,444.0,1.270816846915889,36.77255330985991,9.924184436619967,57.744566879355496,30.79579406291937,5.826157687060246,1.6,66.58672728779518,1345663.9819449622,True,power_budget_seg:4,900.0,198.3085134063421,4,5.826740303026141,5.8269439371484655,450.0,33.87245345051133,30.79579406291937,10.578550817613669,36.77255330985991,9.924184436619969,30.765336996030573,68.84957176990152,15.832531151350324,85.02037223837497,25.006111671512492
2025-10-04 12:15:04,2025-10-04T12:14:31.503000,57.744566879355496,442.0,1.3012164601167606,40.44361023277044,11.03308306983113,59.46620477359077,33.66798884027676,5.826003209948786,1.6,66.58672728779518,1553671.2567010168,True,power_budget_seg:4,900.0,217.01842118051945,4,5.826163729913845,5.826208039691763,450.0,34.36531088692477,33.66798884027676,11.189743609137814,40.44361023277044,11.03308306983113,30.898735260181596,68.84957176990152,15.772704845188645,85.02037223837497,25.006111671512492
2025-10-04 12:30:04,2025-10-04T12:29:49.811000,59.46620477359077,441.0,1.309888855639508,41.56007906294352,11.368023718883055,61.21357599017821,34.54011634796837,5.825967968762527,1.6,66.58672728779518,1795466.4521725215,True,power_budget_seg:4,900.0,222.68550531559498,4,5.8260035456702095,5.826012474616873,450.0,34.80088052514698,34.54011634796837,11.391229494587005,41.560079062943515,11.368023718883055,31.02215526219043,68.84957176990152,15.73520064496726,85.02037223837497,25.006111671512492
2025-10-04 12:45:04,2025-10-04T12:44:37.611000,61.21357599017821,439.0,1.2528241939165354,35.48114562656498,9.493715208854994,62.79162105793128,29.7611472313469,5.825961295969281,1.6,66.58672728779518,2059884.8582682128,True,power_budget_seg:4,900.0,191.32199783971652,4,5.8259674857829555,5.825969610841325,450.0,32.62976870266745,29.7611472313469,9.757708141301029,35.48114562656498,9.493715208854994,31.136343381456637,68.84957176990152,15.680683824314187,85.02037223837497,25.006111671512492
2025-10-04 13:00:04,2025-10-04T12:59:25.373000,62.79162105793128,438.0,1.254638158806151,35.611341445700766,9.537113815233589,64.37504864578707,29.865457197514303,5.825960013441109,1.6,66.58672728779518,2314428.544939701,True,power_budget_seg:4,900.0,192.02635722124114,4,5.825961297901872,5.825961721587177,450.0,31.58565413747432,29.865457197514306,9.423254350040292,35.611341445700766,9.537113815233589,31.241990167792572,68.84957176990152,15.647757039052562,85.02037223837497,25.006111671512492
2025-10-04 13:15:04,2025-10-04T13:14:43.740000,64.37504864578707,437.0,1.2268017905309032,33.61340929711912,8.87113643237304,65.87587826678792,28.264758832492504,5.825959773698131,1.6,66.58672728779518,2583357.4295611875,True,power_budget_seg:4,900.0,181.21754429741443,4,5.82596000420633,5.825960091251325,450.0,30.993773539632077,28.264758832492504,8.723676190840187,33.61340929711912,8.87113643237304,31.339734517510422,68.84957176990152,15.616597792645091,85.02037223837497,25.006111671512492
2025-10-04 13:30:04,2025-10-04T13:29:31.470000,65.87587826678792,433.0,1.3584030357463794,47.66329261562004,13.16582315390501,67.76720406110043,39.28770196307672,5.825959726949456,1.6,66.58672728779518,2854955.908384611,True,power_budget_seg:4,900.0,254.38769644475923,4,5.825959780878394,5.825959789701378,450.0,32.88509933394459,39.287701963076714,11.65464351171632,47.66329261562004,13.16582315390501,31.430167537133055,68.84957176990152,15.527789568521886,85.02037223837497,25.006111671512492
2025-10-04 13:45:04,2025-10-04T13:44:49.849000,67.76720406110043,433.0,1.294789301813326,39.61618926314895,10.784856778944684,69.46977085370098,33.02165052025766,5.82595972108923,1.6,66.58672728779518,3213306.7200947218,True,power_budget_seg:4,900.0,212.81851508081772,4,5.8259597265833545,5.825959727910323,450.0,30.773174369985792,33.02165052025766,10.015572670029522,39.61618926314895,10.784856778944683,31.513836118096343,68.84957176990152,15.519013104696235,85.02037223837497,25.006111671512492
2025-10-04 14:00:05,2025-10-04T13:59:37.632000,69.46977085370098,434.0,1.38078041158152,50.034905648240205,13.758726412060051,71.42749632088947,41.069029866188856,5.825959720380906,1.6,66.58672728779518,3555985.875773594,True,power_budget_seg:4,900.0,269.0104695006372,4,5.825959721149664,5.825959721253627,450.0,32.730899837174285,41.06902986618888,12.008925382690828,50.03490564824023,13.758726412060058,31.591246244061665,68.84957176990152,15.53108440878458,85.02037223837497,25.006111671512492
2025-10-04 14:15:05,2025-10-04T14:14:55.971000,71.42749632088947,429.0,1.2110307700469127,32.4814574372595,8.493819145753166,72.88152909632754,27.35786442536913,5.825959720321681,1.6,66.58672728779518,3970852.6256302567,True,power_budget_seg:4,900.0,175.09368473557387,4,5.825959720370513,5.825959720388864,450.0,30.981409580205625,27.35786442536913,8.368472152559653,32.4814574372595,8.493819145753166,31.662866050839508,68.84957176990152,15.425332092354065,85.02037223837497,25.006111671512492
2025-10-04 14:30:04,2025-10-04T14:29:43.666000,72.88152909632754,426.0,1.4,52.071848081109565,14.267962020277391,74.89628423460883,42.59898536179287,5.825959720314167,1.6,66.58672728779518,4293228.416429967,True,power_budget_seg:4,900.0,281.5697473061013,4,5.825959720323222,5.82595972032425,450.0,32.99616471848692,42.59898536179287,12.286209268180258,52.071848081109565,14.267962020277391,31.729128657429165,68.84957176990152,15.359690671770782,85.02037223837497,25.006111671512492
2025-10-04 14:45:04,2025-10-04T14:44:31.399000,74.89628423460883,422.0,1.2762607144541305,37.230851763328886,10.069255528998667,76.5438717414983,31.158348659516143,5.825959720313637,1.6,66.58672728779518,4761872.429592744,True,power_budget_seg:4,900.0,200.71078046548124,4,5.825959720314107,5.825959720314225,450.0,31.160259641273818,31.158348659516165,9.626453774982346,37.230851763328914,10.069255528998674,31.79043478529509,68.84957176990152,15.274569886704102,85.02037223837497,25.006111671512492
2025-10-04 15:00:04,2025-10-04T14:59:49.770000,76.5438717414983,421.0,1.2245647306316536,33.45284618605453,8.81761539535151,78.03806340608241,28.13611927406388,5.825959720313595,1.6,66.58672728779518,5164263.121934242,True,power_budget_seg:4,900.0,180.34889786655498,4,5.825959720313635,5.825959720313648,450.0,29.951624722206528,28.136119274063876,8.48809181423536,33.45284618605453,8.81761539535151,31.847155181720005,68.84957176990152,15.249817831243053,85.02037223837497,25.006111671512492
2025-10-04 15:15:04,2025-10-04T15:14:37.589000,78.03806340608241,420.0,1.3404673561915283,45.49670103206529,12.549010309619588,79.87616923108197,37.615201127650025,5.82595972031359,1.6,66.58672728779518,5540188.0745348,True,power_budget_seg:4,900.0,242.66740476866022,4,5.8259597203135955,5.825959720313596,450.0,31.78973054720609,37.615201127650025,10.935065718174409,45.49670103206529,12.549010309619588,31.89963286188985,68.84957176990152,15.22555030902056,85.02037223837497,25.006111671512492
2025-10-04 15:30:04,2025-10-04T15:29:55.966000,79.87616923108197,419.0,1.3646226871817997,48.32246760160893,13.330616900402232,81.78595039852479,39.78281089502516,5.82595972031359,1.6,66.58672728779518,6023436.851074383,True,power_budget_seg:4,900.0,258.45200461462036,4,5.82595972031359,5.825959720313591,450.0,32.66695380132777,39.782810895025165,11.549890936343294,48.32246760160895,13.330616900402237,31.94818518326958,68.84957176990152,15.201702016455148,85.02037223837497,25.006111671512492
2025-10-04 15:45:04,2025-10-04T15:44:43.722000,81.78595039852479,418.0,1.2659871083186949,36.425902844642415,9.808634281547471,83.40305336193269,30.51806549575977,5.82595972031359,1.6,66.58672728779518,6547637.729477118,True,power_budget_seg:4,900.0,196.43313438951554,4,5.82595972031359,5.82595972031359,450.0,30.831052042224506,30.518065495759778,9.346884592957936,36.42590284464243,9.808634281547477,31.99310576481456,68.84957176990152,15.178218360346364,85.02037223837497,25.006111671512492
2025-10-04 16:00:04,2025-10-04T15:59:31.467000,83.40305336193269,419.0,1.4,52.071848081109565,14.267962020277391,85.41780850021398,42.59898536179287,5.82595972031359,1.6,66.58672728779518,7006001.275806635,True,power_budget_seg:4,900.0,281.5697473061013,4,5.82595972031359,5.82595972031359,450.0,32.8458071805058,42.59898536179287,12.169003615517955,52.071848081109565,14.267962020277391,32.034666262623865,68.84957176990152,15.195133363482249,85.02037223837497,25.006111671512492
2025-10-04 16:15:04,2025-10-04T16:14:49.787000,85.41780850021398,419.0,1.4,52.071848081109565,14.267962020277391,87.43256363849527,42.59898536179287,5.82595972031359,1.6,66.58672728779518,7601354.551900788,True,power_budget_seg:4,900.0,281.5697473061013,4,5.82595972031359,5.82595972031359,450.0,33.771248319412834,42.59898536179287,12.33638707200809,52.071848081109565,14.267962020277391,32.0731180127738,68.84957176990152,15.192302392784352,85.02037223837497,25.006111671512492
2025-10-04 16:30:04,2025-10-04T16:29:37.614000,87.43256363849527,417.0,1.0742257377278563,22.899952472614256,5.299984157538085,88.48065920928987,19.68137784285736,5.82595972031359,1.6,66.58672728779518,8238447.706378052,True,power_budget_seg:4,900.0,121.97253089994192,4,5.82595972031359,5.82595972031359,450.0,31.258036025163104,19.681377842857362,5.858808835488004,22.899952472614256,5.299984157538085,32.108693551266555,68.84957176990152,15.14965938216881,85.02037223837497,25.006111671512492
2025-10-04 16:45:04,2025-10-04T16:44:55.929000,88.48065920928987,417.0,1.356302192345516,47.44063971718868,13.11015992929717,90.36575123805235,39.12046649285905,5.82595972031359,1.6,66.58672728779518,8554247.256176189,True,power_budget_seg:4,900.0,253.01487433625613,4,5.82595972031359,5.82595972031359,450.0,33.143128053925594,39.12046649285905,11.509852169287523,47.44063971718868,13.11015992929717,32.1416080202859,68.84957176990152,15.147316580937275,85.02037223837497,25.006111671512492
2025-10-04 17:00:04,2025-10-04T16:59:43.724000,90.36575123805235,416.0,1.2148861952687722,32.75817737144915,8.586059123816383,91.83122409365956,27.579566221669253,5.82595972031359,1.6,66.58672728779518,9171763.37610269,True,power_budget_seg:4,900.0,176.5907395795399,4,5.82595972031359,5.82595972031359,450.0,30.79581134029482,27.579566221669253,8.341487456151514,32.75817737144915,8.586059123816383,32.172060469264174,68.84957176990152,15.125126333075563,85.02037223837497,25.006111671512492
2025-10-04 17:15:04,2025-10-04T17:14:31.419000,91.83122409365956,415.0,1.4,52.071848081109565,14.267962020277391,93.84597923194086,42.59898536179287,5.82595972031359,1.6,66.58672728779518,9661839.605715202,True,power_budget_seg:4,900.0,281.5697473061013,4,5.82595972031359,5.82595972031359,450.0,32.81056647857611,42.59898536179287,12.111711373903539,52.071848081109565,14.267962020277391,32.20023505862879,68.84957176990152,15.103109268596626,85.02037223837497,25.006111671512492
2025-10-04 17:30:04,2025-10-04T17:29:49.745000,93.84597923194086,416.0,1.4,52.071848081109565,14.267962020277391,95.86073437022216,42.59898536179287,5.82595972031359,1.6,66.58672728779518,10355452.144842887,True,power_budget_seg:4,900.0,281.5697473061013,4,5.82595972031359,5.82595972031359,450.0,33.736007617483146,42.59898536179287,12.293493218546075,52.071848081109565,14.267962020277391,32.22630217350783,68.84957176990152,15.121375748001386,85.02037223837497,25.006111671512492
2025-10-04 17:45:04,2025-10-04T17:44:37.538000,95.86073437022216,418.0,1.4,52.071848081109565,14.267962020277391,97.87548950850343,42.59898536179287,5.82595972031359,1.6,66.58672728779518,11077721.23277078,True,power_budget_seg:4,900.0,281.5697473061013,4,5.82595972031359,5.82595972031359,450.0,34.31277643500223,42.59898536179287,12.386848051803927,52.071848081109565,14.267962020277391,32.25041945412987,68.84957176990152,15.15978883541598,85.02037223837497,25.006111671512492
2025-10-04 18:00:04,2025-10-04T17:59:55.949000,97.87548950850343,418.0,1.3893828725327395,50.94661704169504,13.98665426042376,99.8587407834228,41.75381988985983,5.82595972031359,1.6,66.58672728779518,11825730.560378391,True,power_budget_seg:4,900.0,274.6318540248312,4,5.82595972031359,5.82595972031359,450.0,34.70116690833359,41.75381988985983,12.264300709590529,50.94661704169504,13.98665426042376,32.27273274914932,68.84957176990152,15.15826658335758,85.02037223837497,25.006111671512492
2025-10-04 18:15:04,2025-10-04T18:14:43.621000,99.8587407834228,421.0,0.7711147310210607,19.0,4.0,100.00742474140289,16.55682351251732,5.82595972031359,1.6,66.58672728779518,12943589.57908156,True,power_budget_seg:4,900.0,75.77487999389378,4,5.82595972031359,5.82595972031359,450.0,32.22826177410464,16.55682351251732,1.9395527915636075,19.0,4.0,32.29337699766258,68.84957176990152,15.216816549386015,85.02037223837497,25.006111671512492
2025-10-04 18:30:04,2025-10-04T18:29:31.392000,100.00742474140289,421.0,1.4,52.071848081109565,14.267962020277391,102.02217987968416,42.59898536179287,5.82595972031359,1.6,66.58672728779518,12641152.099789612,True,power_budget_seg:4,900.0,281.5697473061013,4,5.82595972031359,5.82595972031359,450.0,34.24301691238593,42.59898536179287,12.417972962269017,52.071848081109565,14.267962020277391,32.3124770452488,68.84957176990152,15.215514410196592,85.02037223837497,25.006111671512492
2025-10-04 18:45:04,2025-10-04T18:44:49.736000,102.02217987968416,423.0,1.3081967366955576,41.34223866891273,11.302671600673818,103.76453012575332,34.369950737620634,5.82595972031359,1.6,66.58672728779518,13439168.23595456,True,power_budget_seg:4,900.0,221.57976925953412,4,5.82595972031359,5.82595972031359,450.0,31.729804618136203,34.369950737620634,10.359483743821862,41.34223866891273,11.302671600673818,32.33014839897048,68.84957176990152,15.254185504828211,85.02037223837497,25.006111671512492
2025-10-04 19:00:04,2025-10-04T18:59:37.562000,103.76453012575332,425.0,1.4,52.071848081109565,14.267962020277391,105.7792852640346,42.59898536179287,5.82595972031359,1.6,66.58672728779518,14145174.40764547,True,power_budget_seg:4,900.0,281.5697473061013,4,5.82595972031359,5.82595972031359,450.0,33.744559756417495,42.59898536179287,12.407099004106238,52.071848081109565,14.267962020277391,32.34649792589951,68.84957176990152,15.292868151939839,85.02037223837497,25.006111671512492
2025-10-04 19:15:04,2025-10-04T19:14:55.856000,105.7792852640346,427.0,1.336721051041769,45.01440834637629,12.404322503912889,107.60627479737109,37.23845911158977,5.82595972031359,1.6,66.58672728779518,14988309.246787315,True,power_budget_seg:4,900.0,240.21933532537142,4,5.82595972031359,5.82595972031359,450.0,31.231347462167765,37.23845911158977,10.835772055825421,45.01440834637629,12.404322503912887,32.361624499393145,68.84957176990152,15.331553345016708,85.02037223837497,25.006111671512492
2025-10-04 19:30:04,2025-10-04T19:29:43.626000,107.60627479737109,431.0,1.320920187093504,42.98023312434322,11.794069937302968,109.38637893158608,35.64946699765435,5.82595972031359,1.6,66.58672728779518,15772797.809892775,True,power_budget_seg:4,900.0,229.89406531585362,4,5.82595972031359,5.82595972031359,450.0,30.022712543100475,35.64946699765432,10.507323535359813,42.980233124343194,11.79406993730296,32.37561959702819,68.84957176990152,15.409802363676917,85.02037223837497,25.006111671512492
2025-10-04 19:45:04,2025-10-04T19:44:31.404000,109.38637893158608,429.0,1.3678594443426473,48.66550762214783,13.416376905536955,111.30576442521271,40.04046960749858,5.82595972031359,1.6,66.58672728779518,16553938.68730685,True,power_budget_seg:4,900.0,260.56710362125796,4,5.82595972031359,5.82595972031359,450.0,31.94209803672714,40.04046960749858,11.554908657149205,48.66550762214783,13.416376905536957,32.38856785380932,68.84957176990152,15.369335190678306,85.02037223837497,25.006111671512492
2025-10-04 20:00:04,2025-10-04T19:59:49.753000,111.30576442521271,428.0,1.4,52.071848081109565,14.267962020277391,113.32051956349402,42.59898536179287,5.82595972031359,1.6,66.58672728779518,17417623.596032016,True,power_budget_seg:4,900.0,281.5697473061013,4,5.82595972031359,5.82595972031359,450.0,32.86753917563418,42.59898536179287,12.285664495039363,52.071848081109565,14.267962020277391,32.400547573997216,68.84957176990152,15.348697343560048,85.02037223837497,25.006111671512492
2025-10-04 20:15:04,2025-10-04T20:14:37.579000,113.32051956349402,425.0,1.4,52.071848081109565,14.267962020277391,115.3352747017753,42.59898536179287,5.82595972031359,1.6,66.58672728779518,18349761.669389207,True,power_budget_seg:4,900.0,281.5697473061013,4,5.82595972031359,5.82595972031359,450.0,33.44430799315326,42.59898536179287,12.357971953652129,52.071848081109565,14.267962020277391,32.41163120465161,68.84957176990152,15.288408174411138,85.02037223837497,25.006111671512492
2025-10-04 20:30:04,2025-10-04T20:29:55.919000,115.3352747017753,426.0,1.4,52.071848081109565,14.267962020277391,117.3500298400566,42.59898536179287,5.82595972031359,1.6,66.58672728779518,19306718.30417259,True,power_budget_seg:4,900.0,281.5697473061013,4,5.82595972031359,5.82595972031359,450.0,33.89473487596592,42.59898536179287,12.440743336883981,52.071848081109565,14.267962020277391,32.42188577375308,68.84957176990152,15.307562843929567,85.02037223837497,25.006111671512492
2025-10-04 20:45:04,2025-10-04T20:44:43.659000,117.3500298400566,427.0,1.3937732799868434,51.41192394869683,14.102980987174208,119.34630863084254,42.103313743010645,5.82595972031359,1.6,66.58672728779518,20289625.322536137,True,power_budget_seg:4,900.0,277.5008200866775,4,5.82595972031359,5.82595972031359,450.0,34.24672139370813,42.103313743010645,12.402999950366603,51.41192394869683,14.102980987174208,32.43137329555309,68.84957176990152,15.326747539616381,85.02037223837497,25.006111671512492
2025-10-04 21:00:04,2025-10-04T20:59:31.373000,119.34630863084254,425.0,1.209973521947057,32.40557433545393,8.468524778484642,120.79720426774853,27.297068588493893,5.82595972031359,1.6,66.58672728779518,21297894.328408506,True,power_budget_seg:4,900.0,174.68315715480566,4,5.82595972031359,5.82595972031359,450.0,31.757148393678875,27.29706858849388,8.548625119915897,32.40557433545391,8.468524778484637,32.440151145603636,68.84957176990152,15.28645571663878,85.02037223837497,25.006111671512492
2025-10-04 21:15:04,2025-10-04T21:14:49.744000,120.79720426774853,427.0,1.3201556949141644,42.88181375602624,11.764544126807872,122.5750399487276,35.57258689488823,5.82595972031359,1.6,66.58672728779518,22029050.478102334,True,power_budget_seg:4,900.0,229.39449844421358,4,5.82595972031359,5.82595972031359,450.0,33.53498407465794,35.57258689488823,11.135112803408768,42.88181375602624,11.764544126807872,32.44827240773446,68.84957176990152,15.325581735720725,85.02037223837497,25.006111671512492
2025-10-04 21:30:05,2025-10-04T21:29:37.490000,122.5750399487276,430.0,1.3650704227251425,48.36991978981823,13.342479947454558,124.48614966755338,39.81845242075399,5.82595972031359,1.6,66.58672728779518,22948920.477520604,True,power_budget_seg:4,900.0,258.7445829440718,4,5.82595972031359,5.82595972031359,450.0,34.412817574700625,39.818452420753985,12.041235396680484,48.36991978981823,13.342479947454558,32.455786195076215,68.84957176990152,15.384444758239814,85.02037223837497,25.006111671512492
2025-10-04 21:45:04,2025-10-04T21:44:55.887000,124.48614966755338,430.0,1.3844466585459223,50.42346412558976,13.85586603139744,126.45475387230752,41.36087767111041,5.82595972031359,1.6,66.58672728779518,23960731.501555663,True,power_budget_seg:4,900.0,271.4062239323551,4,5.82595972031359,5.82595972031359,450.0,35.060278185689526,41.36087767111041,12.336222180191996,50.42346412558976,13.85586603139744,32.46273794707088,68.84957176990152,15.38395916239911,85.02037223837497,25.006111671512492
2025-10-04 22:00:04,2025-10-04T21:59:43.626000,126.45475387230752,433.0,1.4,52.071848081109565,14.267962020277391,128.46950901058884,42.59898536179287,5.82595972031359,1.6,66.58672728779518,25026207.41557685,True,power_budget_seg:4,900.0,281.5697473061013,4,5.82595972031359,5.82595972031359,450.0,35.591266333352245,42.59898536179287,12.508331355030514,52.071848081109565,14.267962020277391,32.469169704265646,68.84957176990152,15.442710967348436,85.02037223837497,25.006111671512492
2025-10-04 22:15:04,2025-10-04T22:14:31.385000,128.46950901058884,434.0,1.3209895947776986,42.98916854660048,11.796750563980144,130.24981909600916,35.65644688579165,5.82595972031359,1.6,66.58672728779518,26150572.92673555,True,power_budget_seg:4,900.0,229.93942062568937,4,5.82595972031359,5.82595972031359,450.0,33.07805403910251,35.65644688579165,11.080530104109341,42.98916854660048,11.796750563980144,32.475120362552104,68.84957176990152,15.461983133365624,85.02037223837497,25.006111671512492
2025-10-04 22:30:04,2025-10-04T22:29:49.813000,130.24981909600916,435.0,1.4,52.071848081109565,14.267962020277391,132.26457423429045,42.59898536179287,5.82595972031359,1.6,66.58672728779518,27150545.08708159,True,power_budget_seg:4,900.0,281.5697473061013,4,5.82595972031359,5.82595972031359,450.0,35.092809177383806,42.59898536179287,12.595082920673491,52.071848081109565,14.267962020277391,32.48062590838816,68.84957176990152,15.481263507527899,85.02037223837497,25.006111671512492
2025-10-04 22:45:04,2025-10-04T22:44:37.516000,132.26457423429045,435.0,1.4,52.071848081109565,14.267962020277391,134.27932937257174,42.59898536179287,5.82595972031359,1.6,66.58672728779518,28310379.074294142,True,power_budget_seg:4,900.0,281.5697473061013,4,5.82595972031359,5.82595972031359,450.0,36.01825031629084,42.59898536179287,12.430175477515585,52.071848081109565,14.267962020277391,32.48571963642526,68.84957176990152,15.480899826526889,85.02037223837497,25.006111671512492
2025-10-05 07:00:04,2025-10-05T06:59:32.996000,21.11,520.0,1.5005934086957005,66.01582686596534,18.3047480597896,23.42324274827108,53.403324066428,15.180312645001528,1.6,66.58672728779518,-1220.0497874856128,True,power_budget_seg:5,900.0,353.84994844504155,5,13.853506689418833,15.18567648047568,450.0,23.42324274827108,53.403324066428,15.180312645001528,66.01582686596534,18.3047480597896,23.760615464573828,68.84957176990152,17.10515779611424,85.02037223837497,25.006111671512492
2025-10-05 07:15:04,2025-10-05T07:14:49.523000,23.42324274827108,520.0,1.713814985299824,95.0,28.0,26.36917107330142,76.64513905509547,19.40474188829296,1.6,66.58672728779518,-1263.5246278219793,True,power_budget_seg:5,900.0,540.7429351025928,5,17.886351255084183,16.869901806291256,450.0,24.776401359188068,76.64513905509547,18.87266164791972,95.0,28.0,24.978127482650805,68.84957176990152,17.76138412359154,85.02037223837497,25.006111671512492
2025-10-05 07:30:04,2025-10-05T07:29:37.344000,26.36917107330142,515.0,1.7820603877227237,95.0,28.0,29.517601802078943,76.64513905509547,19.59715529426293,1.6,66.58672728779518,-1299.725422215993,True,power_budget_seg:5,900.0,598.8350054671715,5,19.972970771465224,17.967581268127656,450.0,25.677710224952683,76.64513905509547,19.78605912369624,95.0,28.0,25.73692557089104,68.84957176990152,17.90994250587855,85.02037223837497,25.006111671512492
2025-10-05 07:45:04,2025-10-05T07:44:55.671000,29.517601802078943,506.0,1.6407043397553138,90.07671407472064,26.523014222416197,32.246591242779346,72.79932359869672,17.203111054292833,1.6,66.58672728779518,-1180.800582781445,True,power_budget_seg:5,900.0,475.5643586903801,5,17.629785364238863,17.202595580880107,450.0,34.715565935462976,72.79932359869672,16.57758849928338,90.07671407472064,26.523014222416194,26.329507983789867,68.84957176990152,17.844699396488544,85.02037223837497,25.006111671512492
2025-10-05 08:00:04,2025-10-05T07:59:43.487000,32.246591242779346,501.0,1.2760683559352146,37.20608786850603,10.061826360551809,33.89360797037703,31.13900439007581,11.099934697106644,1.6,66.58672728779518,-556.7204913200068,True,power_budget_seg:5,900.0,200.58508141174974,5,10.499195705384327,16.740206679618495,450.0,32.80938455157684,31.139004390075815,10.709266895772757,37.20608786850603,10.061826360551809,26.845176614475918,68.84957176990152,17.751633367162242,85.02037223837497,25.006111671512492
2025-10-05 08:15:04,2025-10-05T08:14:31.207000,33.89360797037703,497.0,1.1180503430713689,25.90543062590526,6.301810208635088,35.07174289342483,22.08929943794103,8.786286979384467,1.6,66.58672728779518,4055.149681836061,True,power_budget_seg:5,900.0,138.9895482038756,5,8.211093514957895,16.431778096407513,450.0,31.728821350275663,22.08929943794103,7.017586781888296,25.90543062590526,6.301810208635088,27.312570553994796,68.84957176990152,17.62527950562211,85.02037223837497,25.006111671512492
2025-10-05 08:30:04,2025-10-05T08:29:49.615000,35.07174289342483,493.0,1.2404160182084438,34.590559149646936,9.196853049882312,36.61296957755353,29.04762934810684,10.764646389265703,1.6,66.58672728779518,10344.746038756664,True,power_budget_seg:5,900.0,186.5039249995899,5,10.743467591106988,15.927008033090836,450.0,33.27004803440436,29.047629348106838,10.149038665157631,34.590559149646936,9.196853049882312,27.74211451341639,68.84957176990152,17.472042843429914,85.02037223837497,25.006111671512492
2025-10-05 08:45:04,2025-10-05T08:44:37.276000,36.61296957755353,488.0,1.237134657673319,34.35504223022028,9.118347410073426,38.14445958532993,28.858938481838504,10.204873239987382,1.6,66.58672728779518,22473.968869693417,True,power_budget_seg:5,900.0,185.22977846549162,5,10.69715736767672,14.7855719661983,450.0,33.96377344636836,28.858938481838496,10.337327489808107,34.35504223022026,9.118347410073422,28.138668321965078,68.84957176990152,17.290221565592404,85.02037223837497,25.006111671512492
2025-10-05 09:00:04,2025-10-05T08:59:55.731000,38.14445958532993,488.0,1.1989652696891486,31.615466198203524,8.205155399401175,39.5626907867701,26.66405169430908,9.138162650198684,1.6,66.58672728779518,45914.79353897885,True,power_budget_seg:5,900.0,170.40867213228105,5,9.827334851721007,13.219173933597828,450.0,32.068867698333136,26.66405169430908,8.774687695665433,31.615466198203524,8.205155399401175,28.505303637688627,68.84957176990152,17.185943438349945,85.02037223837497,25.006111671512492
2025-10-05 09:15:04,2025-10-05T09:14:43.426000,39.5626907867701,485.0,1.2866625315932956,38.56996326747752,10.470988980243256,41.24114327355912,32.20439306941987,8.543042824557077,1.6,66.58672728779518,77811.59367489451,True,power_budget_seg:5,900.0,207.50797654938913,5,9.747234812155815,11.521085986371657,450.0,33.747320185122156,32.20439306941987,11.129416268145885,38.56996326747752,10.470988980243256,28.84443819992977,68.84957176990152,17.03821167449958,85.02037223837497,25.006111671512492
2025-10-05 09:30:04,2025-10-05T09:29:31.210000,41.24114327355912,480.0,1.249368526024851,35.23311794179847,9.411039313932823,42.80893444830586,29.56243302087296,7.453665566939124,1.6,66.58672728779518,135789.07972103078,True,power_budget_seg:5,900.0,189.9801680651297,5,8.373072784369278,9.598005120470116,450.0,31.664385429642344,29.562433020872962,9.611789145908453,35.23311794179847,9.411039313932823,29.158182617044176,68.84957176990152,16.863900364551494,85.02037223837497,25.006111671512492
2025-10-05 09:45:04,2025-10-05T09:44:49.600000,42.80893444830586,476.0,1.1425751935339572,27.58733743830624,6.862445812768747,44.05984117712952,23.43680540136452,6.706201479066607,1.6,66.58672728779518,198394.20643818632,True,power_budget_seg:5,900.0,148.51250457568992,5,7.167580118765297,8.151293765804072,450.0,30.662676308064405,23.436805401364516,7.09263578023916,27.58733743830624,6.862445812768747,29.44845202501582,68.84957176990152,16.714579067319654,85.02037223837497,25.006111671512492
2025-10-05 10:00:04,2025-10-05T09:59:37.323000,44.05984117712952,472.0,1.262251557576866,36.15778680141584,9.719262267138612,45.665859760085645,30.303256943660752,6.386123945221286,1.6,66.58672728779518,257383.0938965952,True,power_budget_seg:5,900.0,194.98262659565967,5,6.8970386648373445,7.301020893297909,450.0,32.26869489102053,30.303256943660752,10.030333119914836,36.15778680141584,9.719262267138612,29.71700711278445,68.84957176990152,16.57407348977013,85.02037223837497,25.006111671512492
2025-10-05 10:15:04,2025-10-05T10:14:55.655000,45.665859760085645,468.0,1.1255748468598332,26.42145881539659,6.4738196051321975,46.86632190299108,22.5027296336613,6.086881508011867,1.6,66.58672728779518,349239.46026761766,True,power_budget_seg:5,900.0,141.9112998127755,5,6.275124354417894,6.580248673273857,450.0,30.278434640860308,22.5027296336613,6.652932906868304,26.42145881539659,6.4738196051321975,29.965473536104767,68.84957176990152,16.442078268633132,85.02037223837497,25.006111671512492
2025-10-05 10:30:04,2025-10-05T10:29:43.450000,46.86632190299108,467.0,1.265787340352165,36.411564665227615,9.803854888409203,48.482832101289866,30.50657806844,5.967174924300595,1.6,66.58672728779518,431474.53287817136,True,power_budget_seg:5,900.0,196.35556483888146,5,6.149311924425707,6.255717178738669,450.0,31.89494483915909,30.506578068440014,9.935605324916185,36.41156466522763,9.80385488840921,30.195354358570135,68.84957176990152,16.3729920577076,85.02037223837497,25.006111671512492
2025-10-05 10:45:04,2025-10-05T10:44:31.223000,48.482832101289866,465.0,1.241492220330403,34.667802660602575,9.222600886867523,50.02725216561528,29.10951511423909,5.88258268171438,1.6,66.58672728779518,552238.9384011619,True,power_budget_seg:5,900.0,186.9218123938599,5,5.962659630703226,6.011107884934571,450.0,29.91132850646035,29.10951511423909,9.066674041463562,34.667802660602575,9.222600886867525,30.40803991839192,68.84957176990152,16.293511445724064,85.02037223837497,25.006111671512492
2025-10-05 11:00:04,2025-10-05T10:59:49.553000,50.02725216561528,459.0,1.0921850074301196,24.13159374618943,5.71053124872981,51.12863770401408,20.668141169282,5.848779770824409,1.6,66.58672728779518,685254.3613067307,True,power_budget_seg:5,900.0,128.94608379092455,5,5.870895248539556,5.901484016709402,450.0,28.94773224955142,20.668141169282,5.941997396127423,24.13159374618943,5.71053124872981,30.604816467780502,68.84957176990152,16.14564971315429,85.02037223837497,25.006111671512492
2025-10-05 11:15:04,2025-10-05T11:14:37.332000,51.12863770401408,459.0,1.20340563628849,31.934169812575547,8.311389937525183,52.56004466349746,26.919389872241695,5.836455542954763,1.6,66.58672728779518,789476.550344068,True,power_budget_seg:5,900.0,172.1328586860337,5,5.853096223863384,5.863940563892852,450.0,30.379139209034793,26.919389872241698,8.252485318014415,31.934169812575547,8.311389937525183,30.7868740204011,68.84957176990152,16.115600678212793,85.02037223837497,25.006111671512492
2025-10-05 11:30:04,2025-10-05T11:29:55.627000,52.56004466349746,457.0,1.2490243680486002,35.208416289695606,9.402805429898535,54.12681462926916,29.54264261199323,5.829570875316968,1.6,66.58672728779518,929405.3051491478,True,power_budget_seg:5,900.0,189.8465321272532,5,5.837069582004141,5.840517366353201,450.0,31.098806504568287,29.54264261199323,9.310175661435455,35.208416289695606,9.402805429898535,30.95531356845851,68.84957176990152,16.052635951981998,85.02037223837497,25.006111671512492
2025-10-05 11:45:04,2025-10-05T11:44:43.467000,54.12681462926916,456.0,1.209557030905524,32.37568103783524,8.458560345945079,55.576474425604864,27.27311874982829,5.827086354186635,1.6,66.58672728779518,1099858.0858562738,True,power_budget_seg:5,900.0,174.52143441468854,5,5.829395950079683,5.830661544223634,450.0,29.75533876542644,27.273118749828278,8.340497959867976,32.37568103783522,8.458560345945074,31.111153747025458,68.84957176990152,16.012603876427928,85.02037223837497,25.006111671512492
2025-10-05 12:00:04,2025-10-05T11:59:31.227000,55.576474425604864,450.0,1.2358224783715364,34.260861653723644,9.086953884574548,57.10407084563287,28.783483119191683,5.826290701573655,1.6,66.58672728779518,1271608.9460649118,True,power_budget_seg:5,900.0,184.7202615466449,5,5.82711911870363,5.827485526372424,450.0,31.282935185454445,28.783483119191683,9.045280050131424,34.260861653723644,9.086953884574548,31.25533699603057,68.84957176990152,15.87962687043797,85.02037223837497,25.006111671512492
2025-10-05 12:15:04,2025-10-05T12:14:49.580000,57.10407084563287,447.0,1.1849943461516723,30.612714797413947,7.870904932471316,58.48084657170818,25.86066979322366,5.826053312924147,1.6,66.58672728779518,1465941.3209021343,True,power_budget_seg:5,900.0,164.98378705400933,5,5.826269579520699,5.826392446774941,450.0,29.632487082885305,25.860669793223646,7.790710560888354,30.612714797413926,7.8709049324713085,31.388735260181594,68.84957176990152,15.806448863959538,85.02037223837497,25.006111671512492
2025-10-05 12:30:04,2025-10-05T12:29:37.349000,58.48084657170818,444.0,1.2580936512241667,35.85935653599085,9.61978551199695,60.0745275318929,30.06416131757659,5.825983271922956,1.6,66.58672728779518,1654739.7405676364,True,power_budget_seg:5,900.0,193.36811885971048,5,5.826061775718829,5.826089611872746,450.0,31.226168043070015,30.06416131757659,9.439120636610335,35.85935653599085,9.61978551199695,31.512155262190426,68.84957176990152,15.73517651032793,85.02037223837497,25.006111671512492
2025-10-05 12:45:04,2025-10-05T12:44:55.660000,60.0745275318929,442.0,1.3221512586092348,43.1387190895442,11.841615726863258,61.85828458531224,35.77326800857321,5.825964115389036,1.6,66.58672728779518,1886253.5438907444,True,power_budget_seg:5,900.0,230.69852422661737,5,5.825984816434829,5.825989563975533,450.0,32.045504411884565,35.77326800857321,10.87160119783917,43.138719089544196,11.841615726863258,31.626343381456635,68.84957176990152,15.685029584592154,85.02037223837497,25.006111671512492
2025-10-05 13:00:04,2025-10-05T12:59:43.389000,61.85828458531224,442.0,1.349538069038398,46.66444852863844,12.89933455859153,63.72330564694282,38.52738486827588,5.825960371197164,1.6,66.58672728779518,2162138.009507526,True,power_budget_seg:5,900.0,248.59477428651584,5,5.825964223962734,5.825964937703073,450.0,32.57940849378827,38.52738486827588,11.516003756339302,46.66444852863844,12.89933455859153,31.731990167792567,68.84957176990152,15.675469971979972,85.02037223837497,25.006111671512492
2025-10-05 13:15:04,2025-10-05T13:14:31.118000,63.72330564694282,439.0,1.4,52.071848081109565,14.267962020277391,65.7380607852241,42.59898536179287,5.825959793831609,1.6,66.58672728779518,2473297.8396716244,True,power_budget_seg:5,900.0,281.5697473061013,5,5.825960396007078,5.825960471223869,450.0,33.02983537660094,42.59898536179287,12.453210086763125,52.071848081109565,14.267962020277391,31.829734517510424,68.84957176990152,15.608272059362472,85.02037223837497,25.006111671512492
2025-10-05 13:30:04,2025-10-05T13:29:49.578000,65.7380607852241,440.0,1.3190794469761111,42.74325950383343,11.722977851150029,67.51270295005781,35.46435550375637,5.825959729059242,1.6,66.58672728779518,2829428.625444856,True,power_budget_seg:5,900.0,228.6912109155081,5,5.825959789161658,5.825959802023865,450.0,31.160259641273818,35.46435550375637,10.603980946296456,42.74325950383343,11.722977851150029,31.920167537133054,68.84957176990152,15.620575920130008,85.02037223837497,25.006111671512492
2025-10-05 13:45:04,2025-10-05T13:44:37.312000,67.51270295005781,439.0,1.4,52.071848081109565,14.267962020277391,69.5274580883391,42.59898536179287,5.82595972110572,1.6,66.58672728779518,3164509.827344996,True,power_budget_seg:5,900.0,281.5697473061013,5,5.825959729649763,5.825959730674015,450.0,33.17501477955511,42.59898536179287,12.481260160600296,52.071848081109565,14.267962020277391,32.003836118096345,68.84957176990152,15.594414305910592,85.02037223837497,25.006111671512492
2025-10-05 14:00:04,2025-10-05T13:59:55.681000,69.5274580883391,438.0,1.2550895837903204,35.64374209795636,9.54791403265212,71.11222517513784,29.89141587240124,5.825959720404711,1.6,66.58672728779518,3567730.7928077034,True,power_budget_seg:5,900.0,192.2016447499439,5,5.825959721009131,5.8259597211913094,450.0,31.160259641273818,29.891415872401236,9.325576011468053,35.64374209795636,9.547914032652121,32.08124624406166,68.84957176990152,15.568916203047639,85.02037223837497,25.006111671512492
2025-10-05 14:15:04,2025-10-05T14:14:43.423000,71.11222517513784,436.0,1.2139465691059366,32.69073648620814,8.563578828736045,72.5749099080314,27.525534099098145,5.825959720325976,1.6,66.58672728779518,3901995.197449293,True,power_budget_seg:5,900.0,176.225884390386,5,5.825959720400466,5.82595972042828,450.0,29.951624722206528,27.525534099098145,8.343909281645022,32.69073648620814,8.563578828736045,32.152866050839506,68.84957176990152,15.524281168397213,85.02037223837497,25.006111671512492
2025-10-05 14:30:04,2025-10-05T14:29:31.163000,72.5749099080314,436.0,1.2178909751242102,32.97384294295003,8.657947647650008,74.04929875097044,27.752352633829453,5.825959720315218,1.6,66.58672728779518,4226498.729516741,True,power_budget_seg:5,900.0,177.75749032135963,5,5.825959720326034,5.825959720329932,450.0,29.266481939682237,27.752352633829453,8.467200687275884,32.97384294295003,8.657947647650008,32.21912865742917,68.84957176990152,15.519503452680958,85.02037223837497,25.006111671512492
2025-10-05 14:45:05,2025-10-05T14:44:49.475000,74.04929875097044,437.0,1.3883220893422017,50.83419245455856,13.95854811363964,76.029402397796,41.66937733902732,5.825959720313701,1.6,66.58672728779518,4561359.114190272,True,power_budget_seg:5,900.0,273.9386721266944,5,5.825959720315506,5.82595972031573,450.0,31.246585586507813,41.66937733902732,11.916878807279115,50.834192454558554,13.958548113639639,32.28043478529509,68.84957176990152,15.53480661888586,85.02037223837497,25.006111671512492
2025-10-05 15:00:04,2025-10-05T14:59:37.333000,76.029402397796,431.0,1.4,52.071848081109565,14.267962020277391,78.0441575360773,42.59898536179287,5.825959720313596,1.6,66.58672728779518,5037031.120142744,True,power_budget_seg:5,900.0,281.5697473061013,5,5.825959720313703,5.825959720313715,450.0,32.206678216870564,42.59898536179287,12.194962694654997,52.071848081109565,14.267962020277391,32.33715518172001,68.84957176990152,15.412486483049992,85.02037223837497,25.006111671512492
2025-10-05 15:15:04,2025-10-05T15:14:55.664000,78.0441575360773,430.0,1.4,52.071848081109565,14.267962020277391,80.05891267435858,42.59898536179287,5.82595972031359,1.6,66.58672728779518,5543656.458356176,True,power_budget_seg:5,900.0,281.5697473061013,5,5.8259597203135955,5.825959720313596,450.0,32.783447034389646,42.59898536179287,12.293739536834199,52.071848081109565,14.267962020277391,32.38963286188985,68.84957176990152,15.389052487189643,85.02037223837497,25.006111671512492
2025-10-05 15:30:04,2025-10-05T15:29:43.376000,80.05891267435858,427.0,1.26047458040176,36.0302457446826,9.676748581560869,81.65965848967635,30.201073913505816,5.82595972031359,1.6,66.58672728779518,6075785.665780883,True,power_budget_seg:5,900.0,194.29262947873298,5,5.82595972031359,5.82595972031359,450.0,31.160259641273818,30.20107391350583,9.357587518965243,36.030245744682624,9.676748581560874,32.43818518326958,68.84957176990152,15.326277765317627,85.02037223837497,25.006111671512492
2025-10-05 15:45:04,2025-10-05T15:44:31.149000,81.65965848967635,428.0,1.3285344641473862,43.96048165805727,12.08814449741718,83.46235622509325,36.41518627930582,5.82595972031359,1.6,66.58672728779518,6514989.069129658,True,power_budget_seg:5,900.0,234.8697088481329,5,5.82595972031359,5.82595972031359,450.0,32.962957376690724,36.41518627930582,11.116002779764607,43.96048165805727,12.088144497417181,32.48310576481455,68.84957176990152,15.342978762345075,85.02037223837497,25.006111671512492
2025-10-05 16:00:04,2025-10-05T15:59:49.535000,83.46235622509325,429.0,1.4,52.071848081109565,14.267962020277391,85.47711136337453,42.59898536179287,5.82595972031359,1.6,66.58672728779518,7023643.198537742,True,power_budget_seg:5,900.0,281.5697473061013,5,5.82595972031359,5.82595972031359,450.0,33.888398515597764,42.59898536179287,12.476836394148833,52.071848081109565,14.267962020277391,32.52466626262386,68.84957176990152,15.359855434361119,85.02037223837497,25.006111671512492
2025-10-05 16:15:04,2025-10-05T16:14:37.319000,85.47711136337453,428.0,1.4,52.071848081109565,14.267962020277391,87.49186650165582,42.59898536179287,5.82595972031359,1.6,66.58672728779518,7619225.474256148,True,power_budget_seg:5,900.0,281.5697473061013,5,5.82595972031359,5.82595972031359,450.0,34.46516733311684,42.59898536179287,12.518812119811853,52.071848081109565,14.267962020277391,32.5631180127738,68.84957176990152,15.337377743205005,85.02037223837497,25.006111671512492
2025-10-05 16:30:04,2025-10-05T16:29:55.677000,87.49186650165582,430.0,1.3821609123624177,50.18121474487602,13.795303686219006,89.4536882847364,41.17892320575639,5.82595972031359,1.6,66.58672728779518,8248291.77787188,True,power_budget_seg:5,900.0,269.91257481321935,5,5.82595972031359,5.82595972031359,450.0,34.81135953014745,41.17892320575639,12.308229406234297,50.18121474487602,13.795303686219006,32.59869355126655,68.84957176990152,15.37434322800917,85.02037223837497,25.006111671512492
2025-10-05 16:45:04,2025-10-05T16:44:43.403000,89.4536882847364,431.0,1.4,52.071848081109565,14.267962020277391,91.46844342301767,42.59898536179287,5.82595972031359,1.6,66.58672728779518,8868106.365965035,True,power_budget_seg:5,900.0,281.5697473061013,5,5.82595972031359,5.82595972031359,450.0,35.30755828510929,42.59898536179287,12.528507032584077,52.071848081109565,14.267962020277391,32.631608020285896,68.84957176990152,15.391669875156197,85.02037223837497,25.006111671512492
2025-10-05 17:00:04,2025-10-05T16:59:31.202000,91.46844342301767,430.0,1.2835935056098882,38.174862301374425,10.352458690412329,93.13778928699054,31.895760699628934,5.82595972031359,1.6,66.58672728779518,9541094.961227523,True,power_budget_seg:5,900.0,205.50248355554643,5,5.82595972031359,5.82595972031359,450.0,32.794345990859554,31.895760699628934,10.300791284779917,38.174862301374425,10.352458690412327,32.66206046926417,68.84957176990152,15.369741176325537,85.02037223837497,25.006111671512492
2025-10-05 17:15:04,2025-10-05T17:14:49.516000,93.13778928699054,430.0,1.2893421186186729,38.91492855229676,10.574478565689027,94.82419282680912,32.47386204693077,5.82595972031359,1.6,66.58672728779518,10112535.498602936,True,power_budget_seg:5,900.0,209.25898583860328,5,5.82595972031359,5.82595972031359,450.0,31.585711071792268,32.473862046930805,10.030095405141369,38.91492855229679,10.574478565689038,32.69023505862879,68.84957176990152,15.367660730449781,85.02037223837497,25.006111671512492
2025-10-05 17:30:04,2025-10-05T17:29:37.250000,94.82419282680912,429.0,1.3592637066793234,47.75450878039311,13.188627195098276,96.71807246250243,39.35621478422007,5.82595972031359,1.6,66.58672728779518,10704018.74383612,True,power_budget_seg:5,900.0,254.9501125127088,5,5.82595972031359,5.82595972031359,450.0,33.47959070748557,39.35621478422007,11.772322048625107,47.75450878039311,13.188627195098277,32.71630217350783,68.84957176990152,15.346020773296644,85.02037223837497,25.006111671512492
2025-10-05 17:45:04,2025-10-05T17:44:55.612000,96.71807246250243,428.0,1.302783750420932,40.64538040894032,11.093614122682096,98.4443609272186,33.82560123044288,5.82595972031359,1.6,66.58672728779518,11394791.349211754,True,power_budget_seg:5,900.0,218.0425864177403,5,5.82595972031359,5.82595972031359,450.0,31.121030817908693,33.8256012304429,10.177923761695386,40.64538040894035,11.093614122682103,32.740419454129864,68.84957176990152,15.324506022581321,85.02037223837497,25.006111671512492
2025-10-05 18:00:04,2025-10-05T17:59:43.383000,98.4443609272186,428.0,1.2400297413914845,34.56283445283218,9.187611484277392,99.98444142448092,29.025416943699803,5.82595972031359,1.6,66.58672728779518,12044356.525578983,True,power_budget_seg:5,900.0,186.35393438982214,5,5.82595972031359,5.82595972031359,450.0,29.986770155657275,29.025416943699817,8.837970366581727,34.56283445283219,9.187611484277397,32.76273274914932,68.84957176990152,15.32282053922189,85.02037223837497,25.006111671512492
2025-10-05 18:15:04,2025-10-05T18:14:31.127000,99.98444142448092,429.0,1.327429438313643,43.81822259057417,12.045466777172251,101.78386025202138,36.304060878741495,5.82595972031359,1.6,66.58672728779518,12632710.377360314,True,power_budget_seg:5,900.0,234.1476160474956,5,5.82595972031359,5.82595972031359,450.0,31.786188983197732,36.304060878741524,10.783799288160365,43.81822259057421,12.045466777172262,32.78337699766257,68.84957176990152,15.340930877597335,85.02037223837497,25.006111671512492
2025-10-05 18:30:04,2025-10-05T18:29:49.505000,101.78386025202138,426.0,1.4,52.071848081109565,14.267962020277391,103.79861539030269,42.59898536179287,5.82595972031359,1.6,66.58672728779518,13339206.287918571,True,power_budget_seg:5,900.0,281.5697473061013,5,5.82595972031359,5.82595972031359,450.0,32.71163012210477,42.59898536179287,12.229884596058866,52.071848081109565,14.267962020277391,32.8024770452488,68.84957176990152,15.280360391115856,85.02037223837497,25.006111671512492
2025-10-05 18:45:04,2025-10-05T18:44:37.271000,103.79861539030269,424.0,1.3077808973956662,41.288704254405,11.2866112763215,105.53973172969368,34.32813243133338,5.82595972031359,1.6,66.58672728779518,14160966.200330246,True,power_budget_seg:5,900.0,221.30803392493434,5,5.82595972031359,5.82595972031359,450.0,31.160259641273818,34.32813243133338,10.246504356082045,41.288704254405,11.2866112763215,32.820148398970474,68.84957176990152,15.239530431615783,85.02037223837497,25.006111671512492
2025-10-05 19:00:04,2025-10-05T18:59:55.592000,105.53973172969368,420.0,1.224143076231729,33.422582292687736,8.807527430895911,107.03267223263904,28.111872522408262,5.82595972031359,1.6,66.58672728779518,14891672.327473208,True,power_budget_seg:5,900.0,180.1851702034407,5,5.82595972031359,5.82595972031359,450.0,29.951624722206528,28.11187252240827,8.474590332715952,33.42258229268774,8.807527430895915,32.83649792589951,68.84957176990152,15.15915554150044,85.02037223837497,25.006111671512492
2025-10-05 19:15:04,2025-10-05T19:14:43.381000,107.03267223263904,421.0,1.276653123614056,37.281369823140906,10.084410946942272,108.68142412270036,31.197810746057726,5.82595972031359,1.6,66.58672728779518,15527577.946402237,True,power_budget_seg:5,900.0,200.96720508528077,5,5.82595972031359,5.82595972031359,450.0,31.60037661226784,31.197810746057705,9.723830006806296,37.28136982314088,10.084410946942263,32.85162449939315,68.84957176990152,15.177807204703065,85.02037223837497,25.006111671512492
2025-10-05 19:30:04,2025-10-05T19:29:31.087000,108.68142412270036,419.0,1.3194785853825624,42.79464387491739,11.738393162475218,110.45725063818428,35.50449430770382,5.82595972031359,1.6,66.58672728779518,16243092.562418625,True,power_budget_seg:5,900.0,228.95203284469318,5,5.82595972031359,5.82595972031359,450.0,32.416070232681044,35.50449430770382,10.709969779157747,42.79464387491739,11.738393162475218,32.865619597028186,68.84957176990152,15.137130669774336,85.02037223837497,25.006111671512492
2025-10-05 19:45:04,2025-10-05T19:44:49.522000,110.45725063818428,421.0,1.379727353498415,49.9232997882682,13.730824947067047,112.41185139974364,40.98520226455887,5.82595972031359,1.6,66.58672728779518,17036270.441439956,True,power_budget_seg:5,900.0,268.32233566951464,5,5.82595972031359,5.82595972031359,450.0,32.9756185115494,40.98520226455887,11.894137797423486,49.923299788268196,13.730824947067049,32.878567853809315,68.84957176990152,15.175728871957991,85.02037223837497,25.006111671512492
2025-10-05 20:00:04,2025-10-05T19:59:37.195000,112.41185139974364,422.0,1.4,52.071848081109565,14.267962020277391,114.42660653802491,42.59898536179287,5.82595972031359,1.6,66.58672728779518,17928287.794141393,True,power_budget_seg:5,900.0,281.5697473061013,5,5.82595972031359,5.82595972031359,450.0,33.42604539436207,42.59898536179287,12.317313900867244,52.071848081109565,14.267962020277391,32.89054757399721,68.84957176990152,15.194558767235776,85.02037223837497,25.006111671512492
2025-10-05 20:15:04,2025-10-05T20:14:55.575000,114.42660653802491,420.0,1.4,52.071848081109565,14.267962020277391,116.4413616763062,42.59898536179287,5.82595972031359,1.6,66.58672728779518,18874451.58458385,True,power_budget_seg:5,900.0,281.5697473061013,5,5.82595972031359,5.82595972031359,450.0,33.81800946354184,42.59898536179287,12.355696165451718,52.071848081109565,14.267962020277391,32.90163120465161,68.84957176990152,15.15414777626641,85.02037223837497,25.006111671512492
2025-10-05 20:30:04,2025-10-05T20:29:43.344000,116.4413616763062,421.0,1.1795726293158302,30.223575587164746,7.741191862388247,117.802049715113,25.54890019781774,5.82595972031359,1.6,66.58672728779518,19857579.39846784,True,power_budget_seg:5,900.0,162.87854392656124,5,5.82595972031359,5.82595972031359,450.0,31.30479716929211,25.54890019781774,7.811866834285742,30.223575587164742,7.741191862388247,32.911885773753085,68.84957176990152,15.17311329425777,85.02037223837497,25.006111671512492
2025-10-05 20:45:04,2025-10-05T20:44:31.115000,117.802049715113,421.0,1.4,52.071848081109565,14.267962020277391,119.81680485339427,42.59898536179287,5.82595972031359,1.6,66.58672728779518,20511476.968031183,True,power_budget_seg:5,900.0,281.5697473061013,5,5.82595972031359,5.82595972031359,450.0,33.3195523075734,42.59898536179287,12.285539131499531,52.071848081109565,14.267962020277391,32.92137329555309,68.84957176990152,15.172358804689697,85.02037223837497,25.006111671512492
2025-10-05 21:00:04,2025-10-05T20:59:49.430000,119.81680485339427,425.0,0.4191102438358365,19.0,4.0,118.92099713495212,16.55682351251732,5.82595972031359,1.6,66.58672728779518,21229163.26058125,True,power_budget_seg:5,900.0,41.184569757628836,5,5.82595972031359,5.82595972031359,450.0,31.160259641273818,16.55682351251732,0.0,19.0,4.0,32.93015114560363,68.84957176990152,15.250537541967336,85.02037223837497,25.006111671512492
2025-10-05 21:15:04,2025-10-05T21:14:37.188000,118.92099713495212,427.0,1.273511531408133,36.96596204493997,9.988654014979993,120.56042707876202,30.950748797615127,5.82595972031359,1.6,66.58672728779518,21078811.93997385,True,power_budget_seg:5,900.0,199.35485466312525,5,5.82595972031359,5.82595972031359,450.0,32.79968958508371,30.950748797615127,10.101016603216493,36.96596204493997,9.988654014979993,32.93827240773446,68.84957176990152,15.289195500511266,85.02037223837497,25.006111671512492
2025-10-05 21:30:04,2025-10-05T21:29:55.555000,120.56042707876202,425.0,0.3411884830882189,19.0,4.0,119.4334046074516,16.55682351251732,5.82595972031359,1.6,66.58672728779518,21483939.370213646,True,power_budget_seg:5,900.0,33.52745748622242,5,5.82595972031359,5.82595972031359,450.0,30.76668165496521,16.55682351251732,0.0,19.0,4.0,32.94578619507622,68.84957176990152,15.249247584598738,85.02037223837497,25.006111671512492
2025-10-05 21:45:04,2025-10-05T21:44:43.280000,119.4334046074516,424.0,1.1348212255408616,27.05557266320105,6.685190887733684,120.6613032346093,23.010767406685204,5.82595972031359,1.6,66.58672728779518,21350644.74817053,True,power_budget_seg:5,900.0,145.50165241904435,5,5.82595972031359,5.82595972031359,450.0,31.994580282122904,23.010767406685204,7.259690217422946,27.05557266320105,6.685190887733684,32.95273794707088,68.84957176990152,15.228986658480189,85.02037223837497,25.006111671512492
2025-10-05 22:00:04,2025-10-05T21:59:31.043000,120.6613032346093,422.0,1.4,52.071848081109565,14.267962020277391,122.6760583728906,42.59898536179287,5.82595972031359,1.6,66.58672728779518,21953685.878025945,True,power_budget_seg:5,900.0,281.5697473061013,5,5.82595972031359,5.82595972031359,450.0,32.920021421029944,42.59898536179287,12.221275843544841,52.071848081109565,14.267962020277391,32.95916970426565,68.84957176990152,15.189040187448763,85.02037223837497,25.006111671512492
2025-10-05 22:15:04,2025-10-05T22:14:49.397000,122.6760583728906,423.0,1.3669698301221254,48.571223971779816,13.392805992944954,124.5928041426433,39.96965278582584,5.82595972031359,1.6,66.58672728779518,23001916.79123256,True,power_budget_seg:5,900.0,259.9857742040014,5,5.82595972031359,5.82595972031359,450.0,31.160259641273818,39.969652785825836,11.354928420944038,48.571223971779816,13.392805992944954,32.9651203625521,68.84957176990152,15.208262319593457,85.02037223837497,25.006111671512492
2025-10-05 22:30:04,2025-10-05T22:29:37.199000,124.5928041426433,424.0,1.4,52.071848081109565,14.267962020277391,126.6075592809246,42.59898536179287,5.82595972031359,1.6,66.58672728779518,24016716.20915148,True,power_budget_seg:5,900.0,281.5697473061013,5,5.82595972031359,5.82595972031359,450.0,33.17501477955511,42.59898536179287,12.295949514778542,52.071848081109565,14.267962020277391,32.97062590838816,68.84957176990152,15.227496585990032,85.02037223837497,25.006111671512492
2025-10-05 22:45:04,2025-10-05T22:44:55.502000,126.6075592809246,425.0,1.2758751565534845,37.18121572249463,10.054364716748388,128.2540027341651,31.11957556042501,5.82595972031359,1.6,66.58672728779518,25119910.374329373,True,power_budget_seg:5,900.0,200.45883288581047,5,5.82595972031359,5.82595972031359,450.0,31.160259641273818,31.11957556042501,9.641253009801272,37.18121572249463,10.054364716748388,32.97571963642526,68.84957176990152,15.246740883211162,85.02037223837497,25.006111671512492
2025-10-06 07:00:05,2025-10-06T06:59:50.695000,23.56,508.0,1.4427549993224071,57.277518671186016,15.683255601355803,25.701620682737243,46.57741120491745,14.657830479639482,1.6,66.58672728779518,-1380.332009896788,True,power_budget_seg:6,900.0,310.8243813211586,6,14.095983487373983,16.80891458842448,450.0,25.701620682737243,46.57741120491745,14.657830479639482,57.277518671186016,15.683255601355805,26.210615464573827,68.84957176990152,17.868406371565293,85.02037223837497,25.006111671512492
2025-10-06 07:15:05,2025-10-06T07:14:37.193000,25.701620682737243,509.0,1.7146637858472995,95.0,28.0,28.65006762653256,76.64513905509547,18.95457026682997,1.6,66.58672728779518,-919.961221403312,True,power_budget_seg:6,900.0,541.4654538273545,6,19.109676669117984,17.823624400767166,450.0,27.055936175388418,76.64513905509547,19.24792604780816,95.0,28.0,27.4281274826508,68.84957176990152,17.77794630561783,85.02037223837497,25.006111671512492
2025-10-06 07:30:05,2025-10-06T07:29:55.601000,28.65006762653256,504.0,1.389548312480389,50.96415080163418,13.991037700408546,30.63380980612661,41.76698956610822,12.60692975079624,1.6,66.58672728779518,-1176.6831515403558,True,power_budget_seg:6,900.0,274.739962805176,6,12.844632417803888,17.398672301155486,450.0,34.08839920854086,41.76698956610822,13.172340037370445,50.96415080163418,13.991037700408546,28.186925570891034,68.84957176990152,17.52531175088376,85.02037223837497,25.006111671512492
2025-10-06 07:45:05,2025-10-06T07:44:43.303000,30.63380980612661,500.0,1.4339210753092086,55.94125223736831,15.282375671210492,32.74921786817906,45.53358921630293,13.73322011154962,1.6,66.58672728779518,-1160.8965705364376,True,power_budget_seg:6,900.0,304.2528902529299,6,13.511020614519076,16.883555684474786,450.0,36.20380727059331,45.53358921630293,13.40929935504002,55.94125223736831,15.282375671210492,28.779507983789863,68.84957176990152,17.30005172866322,85.02037223837497,25.006111671512492
2025-10-06 08:00:05,2025-10-06T07:59:31.093000,32.74921786817906,497.0,1.170468100918639,29.57010564444246,7.523368548147486,34.082890330551976,25.025354756272584,9.242101872214558,1.6,66.58672728779518,341.7050557731437,True,power_budget_seg:6,900.0,159.3432715364337,6,8.568151209089843,16.623704335437473,450.0,33.561816056171295,25.025354756272584,8.987869671505319,29.57010564444246,7.523368548147486,29.295176614475913,68.84957176990152,17.111501976335415,85.02037223837497,25.006111671512492
2025-10-06 08:15:05,2025-10-06T08:14:49.466000,34.082890330551976,493.0,0.8583079634919408,19.0,4.0,34.490299983435655,16.55682351251732,4.506654393399096,1.6,66.58672728779518,4626.702055666875,True,power_budget_seg:6,900.0,84.3430689558813,6,4.184846684366518,16.313729531763553,450.0,32.29124975943404,16.55682351251732,2.8201642535961415,19.0,4.0,29.7625705539948,68.84957176990152,16.928977583217474,85.02037223837497,25.006111671512492
2025-10-06 08:30:05,2025-10-06T08:29:37.141000,34.490299983435655,490.0,1.1408277378249712,27.46749745535523,6.8224991517850775,35.736021542724835,23.34079229856216,9.32726998491137,1.6,66.58672728779518,6107.126292786324,True,power_budget_seg:6,900.0,147.8339705922213,6,8.888671563165689,16.132030894303576,450.0,33.53697131872322,23.340792298562157,8.40240065333282,27.46749745535523,6.8224991517850775,30.192114513416392,68.84957176990152,16.785432325340516,85.02037223837497,25.006111671512492
2025-10-06 08:45:05,2025-10-06T08:44:55.533000,35.736021542724835,485.0,1.079423475081984,23.25641172517174,5.41880390839058,36.79954019362283,19.96696499013397,8.654186448328447,1.6,66.58672728779518,11459.546831526965,True,power_budget_seg:6,900.0,123.9908031879224,6,8.413033993408154,15.419801381157615,450.0,32.007687858016304,19.96696499013397,6.37853465208898,23.25641172517174,5.41880390839058,30.588668321965073,68.84957176990152,16.626184721188057,85.02037223837497,25.006111671512492
2025-10-06 09:00:05,2025-10-06T08:59:43.251000,36.79954019362283,484.0,1.1784746473890897,30.144768848860892,7.714922949620298,38.15697022571353,25.485762009043302,9.605930861524277,1.6,66.58672728779518,21772.386535754395,True,power_budget_seg:6,900.0,162.45219947233755,6,9.905855540771393,14.568630066211872,450.0,33.365117890107,25.48576200904332,8.98071018048928,30.144768848860917,7.714922949620306,30.955303637688626,68.84957176990152,16.55482249281005,85.02037223837497,25.006111671512492
2025-10-06 09:15:05,2025-10-06T09:14:30.983000,38.15697022571353,479.0,1.1491614917212192,28.040841515161517,7.013613838387172,39.427420266868346,23.80014268229685,8.818311691821958,1.6,66.58672728779518,40901.77108018884,True,power_budget_seg:6,900.0,151.06995259702379,6,9.300114791100443,13.11839293713006,450.0,31.692910647730507,23.800142682296855,7.575117026843353,28.040841515161514,7.013613838387172,31.294438199929765,68.84957176990152,16.4233274912618,85.02037223837497,25.006111671512492
2025-10-06 09:30:05,2025-10-06T09:29:49.365000,39.427420266868346,478.0,1.1069558045398091,25.14457053564128,6.0481901785470935,40.57263471994537,21.47971542210721,8.024354004050322,1.6,66.58672728779518,104538.41931411251,True,power_budget_seg:6,900.0,134.68155837280094,6,8.498597262971993,11.63233050554449,450.0,30.888725474166883,21.47971542210721,6.43286262886833,25.144570535641282,6.0481901785470935,31.60818261704418,68.84957176990152,16.3742280592339,85.02037223837497,25.006111671512492
2025-10-06 09:45:05,2025-10-06T09:44:37.144000,40.57263471994537,475.0,1.1439552891144475,27.681983974974507,6.893994658324836,41.82763656232288,23.512634080835653,7.609725946689944,1.6,66.58672728779518,105229.98631653788,True,power_budget_seg:6,900.0,149.04839326630565,6,8.226476978841461,10.293363250588493,450.0,32.14372731654439,23.512634080835653,7.664828783922103,27.681983974974507,6.893994658324836,31.898452025015818,68.84957176990152,16.293948125460396,85.02037223837497,25.006111671512492
2025-10-06 10:00:05,2025-10-06T09:59:55.519000,41.82763656232288,472.0,1.1505640559821917,28.14150939682408,7.04716979894136,43.102248387629785,23.880795528141437,7.0651882493279246,1.6,66.58672728779518,160991.83986313458,True,power_budget_seg:6,900.0,151.61456583681834,6,7.631231638934291,8.986223704178713,450.0,32.748807065433866,23.880795528141444,8.089454370948502,28.141509396824095,7.047169798941365,32.16700711278445,68.84957176990152,16.21689078774436,85.02037223837497,25.006111671512492
2025-10-06 10:15:04,2025-10-06T10:14:43.257000,43.102248387629785,467.0,1.3497622114009324,46.69330421916069,12.907991265748208,44.96793453973656,38.549925436160784,6.66104592365337,1.6,66.58672728779518,212172.8400954567,True,power_budget_seg:6,900.0,248.74124288603778,6,7.505158885026299,7.909090610516947,450.0,33.28290154439387,38.549925436160784,11.962969761008157,46.693304219160694,12.907991265748208,32.41547353610476,68.84957176990152,16.10359978950715,85.02037223837497,25.006111671512492
2025-10-06 10:30:04,2025-10-06T10:29:31.055000,44.96793453973656,461.0,1.3651648723702148,48.379929811137536,13.344982452784384,46.879324515978674,39.82597098724926,6.1842784580345445,1.6,66.58672728779518,314823.96442146046,True,power_budget_seg:6,900.0,258.80630223302126,6,6.670751820687344,6.838431970682899,450.0,33.79000047845509,39.82597098724926,12.27971198872783,48.379929811137536,13.344982452784384,32.64535435857013,68.84957176990152,15.971417984220807,85.02037223837497,25.006111671512492
2025-10-06 10:45:04,2025-10-06T10:44:49.439000,46.879324515978674,460.0,1.1610586409219197,28.89474949013568,7.298249830045226,48.18507658811796,24.48427457355781,5.968136710175038,1.6,66.58672728779518,432425.2229215611,True,power_budget_seg:6,900.0,155.689594741634,6,6.1003083629116155,6.250040933276083,450.0,31.409037238203055,24.48427457355781,7.63783923222522,28.894749490135677,7.2982498300452265,32.858039918391924,68.84957176990152,15.933558075449008,85.02037223837497,25.006111671512492
2025-10-06 11:00:04,2025-10-06T10:59:37.121000,48.18507658811796,458.0,1.2669220769313791,36.49300943810052,9.831003146033506,49.80495385403965,30.57182979126241,5.892354323282484,1.6,66.58672728779518,529410.9297549663,True,power_budget_seg:6,900.0,196.79618106012379,6,5.990859867188549,6.04217920596539,450.0,33.02891450412475,30.571829791262406,10.30959376160362,36.493009438100515,9.831003146033506,33.0548164677805,68.84957176990152,15.875897565150805,85.02037223837497,25.006111671512492
2025-10-06 11:15:04,2025-10-06T11:14:55.528000,49.80495385403965,457.0,1.2255216076041495,33.52152523379106,8.840508411263686,51.30198482911418,28.19114338461796,5.8509355863697845,1.6,66.58672728779518,665001.8748302519,True,power_budget_seg:6,900.0,180.72045151480955,6,5.888920908668574,5.912106181514864,450.0,31.020922963501732,28.191143384617952,8.811686984394257,33.521525233791046,8.840508411263682,33.236874020401096,68.84957176990152,15.836028386318075,85.02037223837497,25.006111671512492
2025-10-06 11:30:04,2025-10-06T11:29:43.359000,51.30198482911418,452.0,1.2852024149654264,38.38199044045903,10.41459713213771,52.97610475845028,32.057558452356744,5.834594345098937,1.6,66.58672728779518,805674.7944039643,True,power_budget_seg:6,900.0,206.55384527672598,6,5.85270567596918,5.859688447541334,450.0,32.69504289283783,32.057558452356744,10.474817712168136,38.38199044045903,10.41459713213771,33.40531356845851,68.84957176990152,15.720013864948227,85.02037223837497,25.006111671512492
2025-10-06 11:45:04,2025-10-06T11:44:31.034000,52.97610475845028,451.0,1.184402437476972,30.570231045276625,7.856743681758875,54.35112413281295,25.8266327651722,5.828760505955292,1.6,66.58672728779518,971718.6151558104,True,power_budget_seg:6,900.0,164.75394995494653,6,5.833575815184071,5.836774413565243,450.0,30.6176513650107,25.826632765172196,7.862305640018083,30.570231045276625,7.856743681758875,33.56115374702546,68.84957176990152,15.67834152490705,85.02037223837497,25.006111671512492
2025-10-06 12:00:04,2025-10-06T11:59:49.469000,54.35112413281295,451.0,1.1412979713717095,27.499745929484995,6.8332486431616655,55.59824100109228,23.3666290517525,5.826964211737046,1.6,66.58672728779518,1128957.9831400362,True,power_budget_seg:6,900.0,148.01656145274393,6,5.828592363840231,5.8299137997509245,450.0,29.618608050265195,23.366629051752483,6.894937443696827,27.499745929484977,6.833248643161658,33.70533699603057,68.84957176990152,15.654424623423363,85.02037223837497,25.006111671512492
2025-10-06 12:15:05,2025-10-06T12:14:37.150000,55.59824100109228,450.0,1.1152160464367815,25.711055421646645,6.237018473882214,56.76796580622649,21.93357038984576,5.826331996132156,1.6,66.58672728779518,1275988.1168334852,True,power_budget_seg:6,900.0,137.8889957973633,6,5.826924324770941,5.827459265673024,450.0,29.052277137821218,21.933570389845762,6.3914228739631955,25.711055421646645,6.237018473882214,33.83873526018159,68.84957176990152,15.611220535862726,85.02037223837497,25.006111671512492
2025-10-06 12:30:04,2025-10-06T12:29:55.524000,56.76796580622649,449.0,1.249204614377074,35.22135331979811,9.407117773266036,58.335270611173975,29.553007469953005,5.826075164014552,1.6,66.58672728779518,1422207.3232318594,True,power_budget_seg:6,900.0,189.91652146010784,6,5.826405434288688,5.826535309345663,450.0,30.619581942768697,29.553007469953016,9.183240875041294,35.221353319798126,9.407117773266041,33.96215526219043,68.84957176990152,15.56766515649689,85.02037223837497,25.006111671512492
2025-10-06 12:45:04,2025-10-06T12:44:43.320000,58.335270611173975,450.0,1.3287537335451007,43.988710011724606,12.096613003517382,60.138618977674135,36.43723680419716,5.825983627177603,1.6,66.58672728779518,1634461.9642557558,True,power_budget_seg:6,900.0,235.01299314851292,6,5.826085145125755,5.826108467429177,450.0,31.447917225022262,36.437236804197155,10.933093552551004,43.988710011724606,12.096613003517382,34.07634338145664,68.84957176990152,15.560500121785449,85.02037223837497,25.006111671512492
2025-10-06 13:00:04,2025-10-06T12:59:31.126000,60.138618977674135,448.0,1.1500006414403463,28.10107078734025,7.03369026244675,61.41155900099909,23.8483970224512,5.825965370162983,1.6,66.58672728779518,1893242.2057190116,True,power_budget_seg:6,900.0,151.39579295951074,6,5.825979128624337,5.825987960790261,450.0,30.49726942374723,23.848397022451202,7.135955635652817,28.10107078734025,7.03369026244675,34.18199016779257,68.84957176990152,15.498624099428364,85.02037223837497,25.006111671512492
2025-10-06 13:15:04,2025-10-06T13:14:49.421000,61.41155900099909,443.0,1.192501647328251,31.151545086676503,8.050515028892168,62.81061090217101,26.292368519158423,5.825961163118972,1.6,66.58672728779518,2090004.336640238,True,power_budget_seg:6,900.0,167.89885891891987,6,5.825965681892324,5.825967883067649,450.0,31.896321324919157,26.292368519158423,8.362399764018013,31.151545086676503,8.050515028892168,34.27973451751042,68.84957176990152,15.382837564327613,85.02037223837497,25.006111671512492
2025-10-06 13:30:04,2025-10-06T13:29:37.164000,62.81061090217101,441.0,0.9490722003398052,19.0,4.0,63.48734237723512,16.55682351251732,5.825960193433488,1.6,66.58672728779518,2341065.1256835386,True,power_budget_seg:6,900.0,93.26216864131635,6,5.825960681135707,5.8259616882032255,450.0,30.170861587185254,16.55682351251732,3.379897729693722,19.0,4.0,34.37016753713306,68.84957176990152,15.322265952762663,85.02037223837497,25.006111671512492
2025-10-06 13:45:04,2025-10-06T13:44:55.503000,63.48734237723512,439.0,1.342218110570436,45.72209004807736,12.616627014423209,65.3306431598071,37.79126332973156,5.825959831468377,1.6,66.58672728779518,2431135.9132309407,True,power_budget_seg:6,900.0,243.81145687503584,6,5.825960549690921,5.825960685662251,450.0,32.01416236975724,37.79126332973156,11.208315553678665,45.722090048077355,12.616627014423207,34.45383611809634,68.84957176990152,15.262456937182861,85.02037223837497,25.006111671512492
2025-10-06 14:00:04,2025-10-06T13:59:43.116000,65.3306431598071,440.0,1.3683592584257411,48.71847923070843,13.429619807677108,67.25151173580502,40.08025679162342,5.825959732752812,1.6,66.58672728779518,2755644.780453605,True,power_budget_seg:6,900.0,260.8937133167405,6,5.8259598340042125,5.8259598496746605,450.0,32.896478423398726,40.08025679162342,11.904224247112236,48.71847923070843,13.429619807677108,34.53124624406166,68.84957176990152,15.257403302389243,85.02037223837497,25.006111671512492
2025-10-06 14:15:04,2025-10-06T14:14:31.126000,67.25151173580502,437.0,1.275438313442866,37.12497731461734,10.0374931943852,68.89665895843045,31.075645034849156,5.825959721872288,1.6,66.58672728779518,3113093.1566688456,True,power_budget_seg:6,900.0,200.17337235126612,6,5.825959731718436,5.8259597344155,450.0,30.86582312996133,31.075645034849153,9.67088137019459,37.12497731461734,10.0374931943852,34.60286605083951,68.84957176990152,15.181372027687956,85.02037223837497,25.006111671512492
2025-10-06 14:30:04,2025-10-06T14:29:49.407000,68.89665895843045,435.0,1.3803887943097906,49.993401021769486,13.748350255442372,70.85322239219165,41.03785557754074,5.825959720456442,1.6,66.58672728779518,3439382.011548386,True,power_budget_seg:6,900.0,268.75456234997523,6,5.825959722022008,5.8259597222355515,450.0,32.82238656372253,41.03785557754074,12.034557718570563,49.993401021769486,13.748350255442372,34.66912865742916,68.84957176990152,15.124286976061063,85.02037223837497,25.006111671512492
2025-10-06 14:45:04,2025-10-06T14:44:37.202000,70.85322239219165,433.0,1.3401976672776477,45.4619817592414,12.538594527772418,72.69052797788738,37.58808023357896,5.8259597203255895,1.6,66.58672728779518,3846849.732623714,True,power_budget_seg:6,900.0,242.49117321173338,6,5.825959720451649,5.825959720473904,450.0,30.977765341242794,37.58808023357896,10.929456336851759,45.4619817592414,12.538594527772418,34.73043478529509,68.84957176990152,15.068244110010317,85.02037223837497,25.006111671512492
2025-10-06 15:00:04,2025-10-06T14:59:55.550000,72.69052797788738,431.0,1.1078121611064686,25.20329920946158,6.06776640315386,73.83828347046386,21.52676751655936,5.825959720315477,1.6,66.58672728779518,4254197.7094364455,True,power_budget_seg:6,900.0,135.01408012397147,6,5.825959720322757,5.825959720327489,450.0,29.804935566177946,21.52676751655936,6.193905971727391,25.20329920946158,6.06776640315386,34.78715518172,68.84957176990152,15.01326043059251,85.02037223837497,25.006111671512492
2025-10-06 15:15:04,2025-10-06T15:14:43.207000,73.83828347046386,432.0,1.4,52.071848081109565,14.267962020277391,75.85303860874515,42.59898536179287,5.825959720313736,1.6,66.58672728779518,4512703.119875018,True,power_budget_seg:6,900.0,281.5697473061013,6,5.825959720316174,5.825959720316452,450.0,31.819690704459237,42.59898536179287,12.142826790203962,52.071848081109565,14.267962020277391,34.83963286188985,68.84957176990152,15.012519989523547,85.02037223837497,25.006111671512492
2025-10-06 15:30:04,2025-10-06T15:29:31.017000,75.85303860874515,433.0,1.1778339443915893,30.098782924844496,7.699594308281499,77.208567503287,25.448919119539116,5.825959720313606,1.6,66.58672728779518,4993672.536461517,True,power_budget_seg:6,900.0,162.20341562340872,6,5.825959720313707,5.825959720313751,450.0,31.160259641273818,25.448919119539113,7.785795873462863,30.098782924844496,7.699594308281499,34.88818518326958,68.84957176990152,15.01247434536943,85.02037223837497,25.006111671512492
2025-10-06 15:45:04,2025-10-06T15:44:49.273000,77.208567503287,433.0,1.4,52.071848081109565,14.267962020277391,79.22332264156829,42.59898536179287,5.825959720313591,1.6,66.58672728779518,5330784.531893209,True,power_budget_seg:6,900.0,281.5697473061013,6,5.825959720313609,5.8259597203136115,450.0,33.17501477955511,42.59898536179287,12.407626753934352,52.071848081109565,14.267962020277391,34.933105764814556,68.84957176990152,14.995623345037377,85.02037223837497,25.006111671512492
2025-10-06 16:00:04,2025-10-06T15:59:37.108000,79.22332264156829,433.0,1.2972010758286456,39.92667677567796,10.87800303270339,80.93304581420409,33.26418725138102,5.82595972031359,1.6,66.58672728779518,5851180.638778309,True,power_budget_seg:6,900.0,214.39451864566377,6,5.825959720313591,5.825959720313591,450.0,31.160259641273818,33.26418725138102,10.116813388336528,39.92667677567796,10.87800303270339,34.97466626262386,68.84957176990152,14.979643311105814,85.02037223837497,25.006111671512492
2025-10-06 16:15:05,2025-10-06T16:14:24.936000,80.93304581420409,433.0,1.3033779969707833,40.721882656630335,11.1165647969891,82.6610975677352,33.88536081602876,5.82595972031359,1.6,66.58672728779518,6310657.604419851,True,power_budget_seg:6,900.0,218.4309041767899,6,5.82595972031359,5.82595972031359,450.0,29.951624722206528,33.88536081602876,10.169436337530811,40.721882656630335,11.1165647969891,35.013118012773795,68.84957176990152,14.96452256762603,85.02037223837497,25.006111671512492
2025-10-06 16:30:05,2025-10-06T16:29:43.184000,82.6610975677352,436.0,1.317415541871585,42.52905130948889,11.658715392846668,84.43080248007553,35.297027179299825,5.82595972031359,1.6,66.58672728779518,6799296.7370725805,True,power_budget_seg:6,900.0,227.60391154183466,6,5.82595972031359,5.82595972031359,450.0,29.266481939682237,35.297027179299825,10.567000678898214,42.52905130948889,11.658715392846668,35.04869355126655,68.84957176990152,15.002195902447557,85.02037223837497,25.006111671512492
2025-10-06 16:45:05,2025-10-06T16:44:31.024000,84.43080248007553,433.0,1.352823114940957,47.071917961119794,13.017979490279949,86.30557115353153,38.843518127533045,5.82595972031359,1.6,66.58672728779518,7307436.606670139,True,power_budget_seg:6,900.0,250.74142816877438,6,5.82595972031359,5.82595972031359,450.0,31.14125061313824,38.843518127533045,11.190143576136219,47.071917961119794,13.017979490279949,35.0816080202859,68.84957176990152,14.936782665286545,85.02037223837497,25.006111671512492
2025-10-06 17:00:04,2025-10-06T16:59:49.333000,86.30557115353153,433.0,1.3969979958400116,51.75368779983887,14.188421949959718,88.31141854071349,42.360013919616506,5.82595972031359,1.6,66.58672728779518,7873888.341466157,True,power_budget_seg:6,900.0,279.60805055185654,6,5.82595972031359,5.82595972031359,450.0,32.06260013854554,42.360013919616506,12.141344810598689,51.75368779983887,14.188421949959718,35.11206046926417,68.84957176990152,14.92411433982736,85.02037223837497,25.006111671512492
2025-10-06 17:15:04,2025-10-06T17:14:37.151000,88.31141854071349,435.0,1.2438515426439138,34.83714105462076,9.27904701820692,89.862839346814,29.245185232282264,5.82595972031359,1.6,66.58672728779518,8502591.122801147,True,power_budget_seg:6,900.0,187.83793310549828,6,5.82595972031359,5.82595972031359,450.0,31.132324150895435,29.245185232282264,9.078768073561168,34.83714105462076,9.279047018206919,35.14023505862879,68.84957176990152,14.946581291286927,85.02037223837497,25.006111671512492
2025-10-06 17:30:04,2025-10-06T17:29:55.437000,89.862839346814,435.0,1.3385051584768388,45.24409117572958,12.473227352718874,91.6951228051816,37.41787541781337,5.82595972031359,1.6,66.58672728779518,9002347.234531067,True,power_budget_seg:6,900.0,241.38518239888577,6,5.82595972031359,5.82595972031359,450.0,32.964607609263034,37.41787541781337,11.357260419608416,45.24409117572958,12.473227352718874,35.16630217350783,68.84957176990152,14.935324716428134,85.02037223837497,25.006111671512492
2025-10-06 17:45:05,2025-10-06T17:44:43.202000,91.6951228051816,434.0,1.4,52.071848081109565,14.267962020277391,93.70987794346289,42.59898536179287,5.82595972031359,1.6,66.58672728779518,9613665.222030314,True,power_budget_seg:6,900.0,281.5697473061013,6,5.82595972031359,5.82595972031359,450.0,33.890048748170074,42.59898536179287,12.538226429190727,52.071848081109565,14.267962020277391,35.19041945412987,68.84957176990152,14.907680086621633,85.02037223837497,25.006111671512492
2025-10-06 18:00:05,2025-10-06T17:59:30.898000,93.70987794346289,433.0,1.4,52.071848081109565,14.267962020277391,95.72463308174416,42.59898536179287,5.82595972031359,1.6,66.58672728779518,10310114.141975844,True,power_budget_seg:6,900.0,281.5697473061013,6,5.82595972031359,5.82595972031359,450.0,34.466817565689155,42.59898536179287,12.578969616295936,52.071848081109565,14.267962020277391,35.21273274914932,68.84957176990152,14.880754555537665,85.02037223837497,25.006111671512492
2025-10-06 18:15:05,2025-10-06T18:14:49.245000,95.72463308174416,431.0,1.1796501956814431,30.229142848453083,7.743047616151028,97.0855512807512,25.55336056252444,5.82595972031359,1.6,66.58672728779518,11038066.851418523,True,power_budget_seg:6,900.0,162.90866281013118,6,5.82595972031359,5.82595972031359,450.0,31.953605271439425,25.553360562524436,8.087860214153967,30.229142848453083,7.743047616151028,35.233376997662575,68.84957176990152,14.837409298021583,85.02037223837497,25.006111671512492
2025-10-06 18:30:04,2025-10-06T18:29:37.049000,97.0855512807512,432.0,1.4,52.071848081109565,14.267962020277391,99.10030641903248,42.59898536179287,5.82595972031359,1.6,66.58672728779518,11527542.573701628,True,power_budget_seg:6,900.0,281.5697473061013,6,5.82595972031359,5.82595972031359,450.0,33.96836040972072,42.59898536179287,12.523769114593797,52.071848081109565,14.267962020277391,35.252477045248796,68.84957176990152,14.845964108343612,85.02037223837497,25.006111671512492
2025-10-06 18:45:04,2025-10-06T18:44:55.434000,99.10030641903248,431.0,1.1943457071625876,31.283900945404135,8.094633648468045,100.50483014007575,26.39840906053356,5.82595972031359,1.6,66.58672728779518,12301040.191997278,True,power_budget_seg:6,900.0,168.61490411463637,6,5.82595972031359,5.82595972031359,450.0,31.455148115470987,26.398409060533556,8.182957382902538,31.283900945404138,8.094633648468045,35.27014839897048,68.84957176990152,14.820948638876299,85.02037223837497,25.006111671512492
2025-10-06 19:00:05,2025-10-06T18:59:43.217000,100.50483014007575,434.0,1.39811302954482,51.87186199888777,14.217965499721943,102.51398613117048,42.448775026634536,5.82595972031359,1.6,66.58672728779518,12843842.011989862,True,power_budget_seg:6,900.0,280.3366831196425,6,5.82595972031359,5.82595972031359,450.0,33.46430410656569,42.44877502663455,12.443193307657744,51.8718619988878,14.21796549972195,35.28649792589951,68.84957176990152,14.864489735343817,85.02037223837497,25.006111671512492
2025-10-06 19:15:05,2025-10-06T19:14:31.044000,102.51398613117048,435.0,1.4,52.071848081109565,14.267962020277391,104.52874126945176,42.59898536179287,5.82595972031359,1.6,66.58672728779518,13632716.422268698,True,power_budget_seg:6,900.0,281.5697473061013,6,5.82595972031359,5.82595972031359,450.0,34.39534439265932,42.59898536179287,12.599125894262848,52.071848081109565,14.267962020277391,35.30162449939314,68.84957176990152,14.8744092563887,85.02037223837497,25.006111671512492
2025-10-06 19:30:05,2025-10-06T19:29:49.410000,104.52874126945176,434.0,1.4,52.071848081109565,14.267962020277391,106.54349640773304,42.59898536179287,5.82595972031359,1.6,66.58672728779518,14459152.97373142,True,power_budget_seg:6,900.0,281.5697473061013,6,5.82595972031359,5.82595972031359,450.0,34.97211321017839,42.59898536179287,12.59099879798,52.071848081109565,14.267962020277391,35.31561959702819,68.84957176990152,14.850982524291677,85.02037223837497,25.006111671512492
2025-10-06 19:45:05,2025-10-06T19:44:37.114000,106.54349640773304,434.0,1.4,52.071848081109565,14.267962020277391,108.55825154601432,42.59898536179287,5.82595972031359,1.6,66.58672728779518,15309641.070389878,True,power_budget_seg:6,900.0,281.5697473061013,6,5.82595972031359,5.82595972031359,450.0,35.42254009299106,42.59898536179287,12.547339191987014,52.071848081109565,14.267962020277391,35.32856785380932,68.84957176990152,14.84491440061412,85.02037223837497,25.006111671512492
2025-10-06 20:00:05,2025-10-06T19:59:55.492000,108.55825154601432,432.0,1.383650813100607,50.33911833616534,13.834779584041335,110.52449426398746,41.29752521599013,5.82595972031359,1.6,66.58672728779518,16185429.181166915,True,power_budget_seg:6,900.0,270.8861688812116,6,5.82595972031359,5.82595972031359,450.0,35.70953710746918,41.29752521599014,12.277875775074438,50.339118336165356,13.834779584041339,35.34054757399721,68.84957176990152,14.80549785366398,85.02037223837497,25.006111671512492
2025-10-06 20:15:05,2025-10-06T20:14:43.272000,110.52449426398746,432.0,1.4,52.071848081109565,14.267962020277391,112.53924940226877,42.59898536179287,5.82595972031359,1.6,66.58672728779518,17062171.279972807,True,power_budget_seg:6,900.0,281.5697473061013,6,5.82595972031359,5.82595972031359,450.0,36.16977423202181,42.59898536179287,12.352776269442032,52.071848081109565,14.267962020277391,35.35163120465161,68.84957176990152,14.800279576374205,85.02037223837497,25.006111671512492
2025-10-06 20:30:05,2025-10-06T20:29:30.982000,112.53924940226877,431.0,1.3265295638591847,43.70237434808615,12.010712304425844,114.33599806107068,36.213566243995736,5.82595972031359,1.6,66.58672728779518,17991925.777099706,True,power_budget_seg:6,900.0,233.55958195345048,6,5.82595972031359,5.82595972031359,450.0,33.656561937772075,36.213566243995736,11.311371062253809,43.702374348086146,12.010712304425844,35.36188577375308,68.84957176990152,14.778541061815147,85.02037223837497,25.006111671512492
2025-10-06 20:45:04,2025-10-06T20:44:49.362000,114.33599806107068,431.0,1.3722216772731075,49.127828519174464,13.531957129793616,116.26832746919943,40.38772065677938,5.82595972031359,1.6,66.58672728779518,18830856.283259545,True,power_budget_seg:6,900.0,263.41765869209996,6,5.82595972031359,5.82595972031359,450.0,35.588891345900834,40.38772065677938,12.145988523783563,49.127828519174464,13.531957129793616,35.371373295553084,68.84957176990152,14.774045467053412,85.02037223837497,25.006111671512492
2025-10-06 21:00:05,2025-10-06T20:59:37.025000,116.26832746919943,432.0,1.3184571246087176,42.66314282514967,11.6989428475449,118.04112303674118,35.40177251225972,5.82595972031359,1.6,66.58672728779518,19763746.75327533,True,power_budget_seg:6,900.0,228.2845466661772,6,5.82595972031359,5.82595972031359,450.0,33.181137453908626,35.40177251225972,11.04981223125417,42.66314282514967,11.6989428475449,35.380151145603634,68.84957176990152,14.7867224985508,85.02037223837497,25.006111671512492
2025-10-06 21:15:04,2025-10-06T21:14:55.372000,118.04112303674118,430.0,1.3968393420031398,51.73687324973378,14.184218312433446,120.04649965545832,42.347384444711246,5.82595972031359,1.6,66.58672728779518,20630853.638877697,True,power_budget_seg:6,900.0,279.5043762395461,6,5.82595972031359,5.82595972031359,450.0,35.18651407262576,42.347384444711246,12.48932314757496,51.73687324973378,14.184218312433446,35.388272407734455,68.84957176990152,14.749121178114647,85.02037223837497,25.006111671512492
2025-10-06 21:30:04,2025-10-06T21:29:43.195000,120.04649965545832,432.0,1.2598419181761118,35.984836940368886,9.661612313456295,121.64536819235283,30.16469339934563,5.82595972031359,1.6,66.58672728779518,21650855.380080216,True,power_budget_seg:6,900.0,194.04696784739565,6,5.82595972031359,5.82595972031359,450.0,32.685300988901034,30.16469339934563,9.854745437779968,35.984836940368886,9.661612313456295,35.39578619507621,68.84957176990152,14.77921095816552,85.02037223837497,25.006111671512492
2025-10-06 21:45:04,2025-10-06T21:44:30.942000,121.64536819235283,433.0,1.4,52.071848081109565,14.267962020277391,123.66012333063412,42.59898536179287,5.82595972031359,1.6,66.58672728779518,22463839.9666579,True,power_budget_seg:6,900.0,281.5697473061013,6,5.82595972031359,5.82595972031359,450.0,34.70005612718233,42.59898536179287,12.585139903419304,52.071848081109565,14.267962020277391,35.402737947070875,68.84957176990152,14.7926447831099,85.02037223837497,25.006111671512492
2025-10-06 22:00:04,2025-10-06T21:59:49.239000,123.66012333063412,431.0,1.4,52.071848081109565,14.267962020277391,125.6748784689154,42.59898536179287,5.82595972031359,1.6,66.58672728779518,23521414.60376215,True,power_budget_seg:6,900.0,281.5697473061013,6,5.82595972031359,5.82595972031359,450.0,35.62549726608936,42.59898536179287,12.47968033063345,52.071848081109565,14.267962020277391,35.40916970426564,68.84957176990152,14.755930765431634,85.02037223837497,25.006111671512492
2025-10-06 22:15:04,2025-10-06T22:14:37.025000,125.6748784689154,432.0,1.4,52.071848081109565,14.267962020277391,127.6896336071967,42.59898536179287,5.82595972031359,1.6,66.58672728779518,24601034.87249024,True,power_budget_seg:6,900.0,281.5697473061013,6,5.82595972031359,5.82595972031359,450.0,36.20226608360844,42.59898536179287,12.342350880844993,52.071848081109565,14.267962020277391,35.4151203625521,68.84957176990152,14.769844406959553,85.02037223837497,25.006111671512492
2025-10-06 22:30:04,2025-10-06T22:29:55.398000,127.6896336071967,431.0,1.379848659186572,49.936156083531934,13.734039020882983,129.6445943152516,40.99485867864032,5.82595972031359,1.6,66.58672728779518,25708870.025267035,True,power_budget_seg:6,900.0,268.401604372037,6,5.82595972031359,5.82595972031359,450.0,33.68905378935871,40.99485867864032,12.163175790656746,49.936156083531934,13.734039020882983,35.42062590838816,68.84957176990152,14.750375275463345,85.02037223837497,25.006111671512492
2025-10-06 22:45:04,2025-10-06T22:44:43.213000,129.6445943152516,433.0,1.331869041282637,44.38976920883263,12.216930762649788,131.45718663493932,36.75052343482919,5.82595972031359,1.6,66.58672728779518,26811984.619707,True,power_budget_seg:6,900.0,237.04872952711355,6,5.82595972031359,5.82595972031359,450.0,32.48041887029142,36.75052343482919,11.083171494074604,44.38976920883263,12.216930762649788,35.42571963642526,68.84957176990152,14.78142557375563,85.02037223837497,25.006111671512492
2025-10-07 07:00:05,2025-10-07T06:59:38.847000,22.13,515.0,1.5488641333494406,73.24184197184307,20.472552591552923,24.58647492840284,59.047912051794434,16.51867572596257,1.6,66.58672728779518,-1322.1337573647477,True,power_budget_seg:7,900.0,389.7581853106798,7,15.037040636956295,15.82263982445075,450.0,24.586474928402836,59.047912051794434,16.51867572596257,73.24184197184307,20.472552591552923,24.780615464573827,68.84957176990152,17.615014024402036,85.02037223837497,25.006111671512492
2025-10-07 07:15:04,2025-10-07T07:14:54.795000,24.58647492840284,515.0,1.479938979849747,62.90216576801173,17.37064973040352,26.838430449390643,50.97109360932368,15.412035225156174,1.6,66.58672728779518,-1320.1436815490915,True,power_budget_seg:7,900.0,338.48527081392797,7,15.282184517763705,17.524588188996887,450.0,32.54553172726768,50.97109360932365,14.736740190597118,62.9021657680117,17.37064973040351,25.9981274826508,68.84957176990152,17.946426428244916,85.02037223837497,25.006111671512492
2025-10-07 07:30:04,2025-10-07T07:29:42.608000,26.838430449390643,508.0,1.6847890682800355,95.0,28.0,29.698231097554924,76.64513905509547,18.27179073186693,1.6,66.58672728779518,-562.0727875593338,True,power_budget_seg:7,900.0,516.0354009091367,7,18.876594045081227,17.851440548520877,450.0,35.40533237543196,76.64513905509547,16.594521689771227,95.0,28.0,26.756925570891035,68.84957176990152,17.85859184828894,85.02037223837497,25.006111671512492
2025-10-07 07:45:04,2025-10-07T07:44:30.337000,29.698231097554924,505.0,1.559613594687233,74.85101130924429,20.95530339277329,32.18660255938871,60.304911625588105,15.96513835687412,1.6,66.58672728779518,-1197.438481799671,True,power_budget_seg:7,900.0,397.75463049902766,7,16.18275339584382,17.144199551224006,450.0,33.810396634033964,60.304911625588105,15.861887617659361,74.85101130924429,20.95530339277329,27.349507983789863,68.84957176990152,17.735554892027046,85.02037223837497,25.006111671512492
2025-10-07 08:00:04,2025-10-07T07:59:48.699000,32.18660255938871,500.0,1.5453441387463842,72.71490697435235,20.314472092305703,34.63263272018832,58.63629777859897,15.41346088153583,1.6,66.58672728779518,70.22880074964772,True,power_budget_seg:7,900.0,387.1396872276491,7,15.651361199543715,16.72730534941044,450.0,32.08180828827969,58.63629777859897,15.650950231623312,72.71490697435235,20.314472092305703,27.865176614475914,68.84957176990152,17.548262561082993,85.02037223837497,25.006111671512492
2025-10-07 08:15:04,2025-10-07T08:14:36.446000,34.63263272018832,495.0,1.166323718143985,29.272646022568143,7.424215340856048,35.95400768787118,24.78703678800112,9.75911286578238,1.6,66.58672728779518,6306.08273955065,True,power_budget_seg:7,900.0,157.73401498209364,7,9.399527566156772,16.158257651922206,450.0,31.10191782643278,24.787036788001117,7.762382503180946,29.272646022568143,7.424215340856048,28.3325705539948,68.84957176990152,17.34677286401148,85.02037223837497,25.006111671512492
2025-10-07 08:30:04,2025-10-07T08:29:54.818000,35.95400768787118,493.0,1.131873524265243,26.85342020302808,6.617806734342693,37.17315969514462,22.84880739582411,9.32937320181119,1.6,66.58672728779518,14861.384792013843,True,power_budget_seg:7,900.0,144.35706518954504,7,9.25257493344032,15.381918405792357,450.0,30.437411735637706,22.84880739582412,6.861978268156252,26.85342020302809,6.617806734342697,28.762114513416392,68.84957176990152,17.1929606804149,85.02037223837497,25.006111671512492
2025-10-07 08:45:04,2025-10-07T08:44:42.565000,37.17315969514462,488.0,1.0656953542348666,22.31494135782118,5.104980452607061,38.195943331348936,19.212680076702675,8.479876884942476,1.6,66.58672728779518,29982.126604810503,True,power_budget_seg:7,900.0,118.66019796798352,7,8.523439740185413,14.260980009982767,450.0,29.918908112556473,19.212680076702675,5.415847812657599,22.31494135782118,5.104980452607061,29.158668321965074,68.84957176990152,16.99900148853524,85.02037223837497,25.006111671512492
2025-10-07 09:00:04,2025-10-07T08:59:30.334000,38.195943331348936,558.0,1.2050149410920856,32.0496763244947,8.349892108164898,39.632125529595946,27.01193109538064,9.262929531457097,1.6,66.58672728779518,43316.625382250015,True,power_budget_seg:7,900.0,172.7577489155163,7,10.043462533583488,13.725334012894265,450.0,31.355090310803487,27.011931095380636,8.917631605189289,32.0496763244947,8.349892108164898,29.525303637688626,68.84957176990152,17.97004216505181,85.02037223837497,25.006111671512492
2025-10-07 09:15:04,2025-10-07T09:14:48.680000,39.632125529595946,528.0,1.0964392843206912,24.423350766074527,5.807783588691509,40.74613464798638,20.901890340916907,7.931725028359135,1.6,66.58672728779518,78179.03015845752,True,power_budget_seg:7,900.0,130.59801203751397,7,8.4001042428954,11.698287576817286,450.0,29.582124754223457,20.901890340916907,6.062081856175508,24.423350766074527,5.807783588691509,29.864438199929765,68.84957176990152,17.474987328382635,85.02037223837497,25.006111671512492
2025-10-07 09:30:05,2025-10-07T09:29:36.478000,40.74613464798638,508.0,1.2179479924161432,32.97793531158991,8.659311770529971,42.22069267651538,27.755631347671454,7.706191045321582,1.6,66.58672728779518,110637.67587647495,True,power_budget_seg:7,900.0,177.77963003570142,7,8.585631951173621,10.256379173525058,450.0,31.05668278275246,27.755631347671454,8.910795595934225,32.97793531158991,8.659311770529971,30.17818261704418,68.84957176990152,17.095203265013485,85.02037223837497,25.006111671512492
2025-10-07 09:45:05,2025-10-07T09:44:54.852000,42.22069267651538,503.0,1.2324844221645868,34.021275449672466,9.00709181655749,43.7383841889342,28.591532033476007,6.999119322108738,1.6,66.58672728779518,168512.24939543894,True,power_budget_seg:7,900.0,183.42410018272804,7,7.7494575810443305,8.718029878544321,450.0,31.796940267011156,28.591532033476007,9.435974960271093,34.021275449672466,9.00709181655749,30.468452025015818,68.84957176990152,16.960799542067466,85.02037223837497,25.006111671512492
2025-10-07 10:00:04,2025-10-07T09:59:42.583000,43.7383841889342,502.0,1.1814737638785182,30.360027936983368,7.786675978994456,45.10471340363157,25.658222755850115,6.46399607838486,1.6,66.58672728779518,239967.94425132067,True,power_budget_seg:7,900.0,163.61675113908,7,6.901341830764858,7.539638870069344,450.0,29.91968880327861,25.658222755850115,7.896360048770954,30.360027936983368,7.786675978994456,30.73700711278445,68.84957176990152,16.90336448797082,85.02037223837497,25.006111671512492
2025-10-07 10:15:05,2025-10-07T10:14:30.312000,45.10471340363157,498.0,1.245172569044092,34.93195662423613,9.31065220807871,46.660054049193086,29.32114933715424,6.179316034173075,1.6,66.58672728779518,317216.0753351242,True,power_budget_seg:7,900.0,188.35088533711746,7,6.5305692400762645,6.815506489449385,450.0,31.475029448840132,29.32114933715424,9.569795353829914,34.93195662423613,9.31065220807871,30.985473536104763,68.84957176990152,16.801296168640384,85.02037223837497,25.006111671512492
2025-10-07 10:30:05,2025-10-07T10:29:48.710000,46.660054049193086,498.0,1.3240166882066928,43.37887118996228,11.913661356988683,48.449346332299626,35.96086236601896,5.982759733929081,1.6,66.58672728779518,419419.349142205,True,power_budget_seg:7,900.0,231.91751227312955,7,6.21666975239597,6.314018760934845,450.0,32.2969083247656,35.96086236601896,11.473990662460254,43.37887118996228,11.913661356988685,31.215354358570135,68.84957176990152,16.775321808527515,85.02037223837497,25.006111671512492
2025-10-07 10:45:04,2025-10-07T10:44:36.509000,48.449346332299626,496.0,1.2745152850928887,37.04050719211179,10.012152157633537,50.09175468237158,31.00966135897372,5.88367167764672,1.6,66.58672728779518,551584.1139969336,True,power_budget_seg:7,900.0,199.74461045644023,7,5.973747530040875,6.019480339280175,450.0,30.453188310790487,31.009661358973716,9.990020081853668,37.04050719211179,10.012152157633537,31.428039918391924,68.84957176990152,16.71861989522632,85.02037223837497,25.006111671512492
2025-10-07 11:00:05,2025-10-07T10:59:54.855000,50.09175468237158,496.0,1.1760314061494437,29.969407243813816,7.656469081271272,51.44193496273692,25.34526622960168,5.847667624205499,1.6,66.58672728779518,688478.020929546,True,power_budget_seg:7,900.0,161.5034931890328,7,5.876418628333131,5.9008260062027,450.0,29.383279865939926,25.34526622960169,7.759527136112957,29.96940724381383,7.656469081271276,31.6248164677805,68.84957176990152,16.70099956256398,85.02037223837497,25.006111671512492
2025-10-07 11:15:04,2025-10-07T11:14:42.679000,51.44193496273692,495.0,0.8748196146947169,19.0,4.0,51.89833911106921,16.55682351251732,5.834444228906754,1.6,66.58672728779518,953400.51235828,True,power_budget_seg:7,900.0,85.96561400405419,7,5.837355822373633,5.857855870029096,450.0,28.77677740817804,16.55682351251732,1.9858779953654544,19.0,4.0,31.806874020401096,68.84957176990152,16.667975413113766,85.02037223837497,25.006111671512492
2025-10-07 11:30:04,2025-10-07T11:29:30.405000,51.89833911106921,495.0,1.2211950393396729,33.21098940012348,8.736996466707826,53.38253199826635,27.942349049142024,5.832089383933931,1.6,66.58672728779518,860551.7250537574,True,power_budget_seg:7,900.0,179.04045265466812,7,5.84309223040624,5.849525924447036,450.0,30.26097029537518,27.94234904914204,8.779392632964395,33.210989400123495,8.736996466707833,31.97531356845851,68.84957176990152,16.654613489667565,85.02037223837497,25.006111671512492
2025-10-07 11:45:04,2025-10-07T11:44:48.794000,53.38253199826635,494.0,1.0497662728528114,21.22252978399172,4.740843261330574,54.35804977985145,18.337464458694285,5.828239164199724,1.6,66.58672728779518,1021639.4836554856,True,power_budget_seg:7,900.0,112.47496363696114,7,5.830617872063998,5.834330696987637,450.0,29.496369789051652,18.337464458694285,5.071615056176606,21.22252978399172,4.740843261330574,32.13115374702546,68.84957176990152,16.62442081034085,85.02037223837497,25.006111671512492
2025-10-07 12:00:04,2025-10-07T11:59:36.541000,54.35804977985145,494.0,1.155775827458965,28.51557995378553,7.1718599845951765,55.64812632826582,24.1804924569666,5.826964756485266,1.6,66.58672728779518,1126731.5704156228,True,power_budget_seg:7,900.0,153.6382875499798,7,5.8286878082981595,5.830029062441282,450.0,30.786446337466025,24.18049245696661,7.447331128369952,28.515579953785547,7.171859984595182,32.275336996030575,68.84957176990152,16.61295335759236,85.02037223837497,25.006111671512492
2025-10-07 12:15:04,2025-10-07T12:14:54.868000,55.64812632826582,495.0,1.28974627422762,38.96695882913847,10.59008764874154,57.33572910611941,32.51450539893499,5.826255556175816,1.6,66.58672728779518,1283876.1590420457,True,power_budget_seg:7,900.0,209.52308632082395,7,5.827153318045525,5.827451911927844,450.0,31.561615988152113,32.51450539893499,10.525114143775562,38.96695882913847,10.590087648741541,32.408735260181594,68.84957176990152,16.619870421614532,85.02037223837497,25.006111671512492
2025-10-07 12:30:05,2025-10-07T12:29:42.613000,57.33572910611941,492.0,1.228081228637892,33.705239901628914,8.901746633876305,58.84035516296667,28.338331450362507,5.826032911552732,1.6,66.58672728779518,1496614.9884147495,True,power_budget_seg:7,900.0,181.71434786781242,7,5.826234871068575,5.8263275964156644,450.0,30.134281084499627,28.338331450362507,8.908952920746922,33.705239901628914,8.901746633876305,32.53215526219043,68.84957176990152,16.555257118830518,85.02037223837497,25.006111671512492
2025-10-07 12:45:04,2025-10-07T12:44:30.379000,58.84035516296667,492.0,1.2085074966905565,32.30035159369274,8.433450531230914,60.28690070993464,27.212766491037875,5.825978331830327,1.6,66.58672728779518,1703728.5802394638,True,power_budget_seg:7,900.0,174.11390212187771,7,5.826031128965445,5.826057261417361,450.0,29.126941822132146,27.212766491037875,8.501378418403322,32.30035159369274,8.433450531230914,32.64634338145663,68.84957176990152,16.544731309099454,85.02037223837497,25.006111671512492
2025-10-07 13:00:04,2025-10-07T12:59:48.802000,60.28690070993464,494.0,1.1106323389401913,25.39670615063564,6.132235383545214,61.44302442615767,21.68172081401792,5.825964980674749,1.6,66.58672728779518,1916122.9554748167,True,power_budget_seg:7,900.0,136.109150224899,7,5.8259759092745105,5.825985102593889,450.0,28.555908159049643,21.68172081401792,6.415239064734777,25.39670615063564,6.132235383545214,32.75199016779257,68.84957176990152,16.57006983288671,85.02037223837497,25.006111671512492
2025-10-07 13:15:04,2025-10-07T13:14:36.542000,61.44302442615767,496.0,1.3845293631542002,50.43222937707834,13.858057344269586,63.41187403765548,41.3674612860761,5.825960684330042,1.6,66.58672728779518,2097130.9478383376,True,power_budget_seg:7,900.0,271.4602682817208,7,5.8259669803508345,5.825967955531331,450.0,30.52475777054745,41.3674612860761,12.419171897880565,50.43222937707834,13.858057344269586,32.84973451751042,68.84957176990152,16.59516082399158,85.02037223837497,25.006111671512492
2025-10-07 13:30:04,2025-10-07T13:29:54.915000,63.41187403765548,498.0,1.3270850678982609,43.77388895359936,12.032166686079805,65.21027102585704,36.26942974236148,5.825959850168653,1.6,66.58672728779518,2423089.838493592,True,power_budget_seg:7,900.0,233.92258293957494,7,5.825960637821365,5.825960813641499,450.0,31.016295874496443,36.26942974236148,11.23292900627119,43.773888953599354,12.032166686079805,32.94016753713305,68.84957176990152,16.619998740465903,85.02037223837497,25.006111671512492
2025-10-07 13:45:04,2025-10-07T13:44:42.644000,65.21027102585704,498.0,1.378345497512357,49.77684706343204,13.69421176585801,67.16077145026729,40.87520104528355,5.82595973476881,1.6,66.58672728779518,2733287.195683714,True,power_budget_seg:7,900.0,267.4193447813561,7,5.825959856144442,5.825959874862578,450.0,32.9667962989067,40.87520104528355,12.718488798999445,49.77684706343204,13.69421176585801,33.02383611809634,68.84957176990152,16.609594126640072,85.02037223837497,25.006111671512492
2025-10-07 14:00:05,2025-10-07T13:59:30.387000,67.16077145026729,498.0,1.37826353998644,49.76816098969318,13.692040247423297,69.11102868472754,40.86867690103797,5.825959721673204,1.6,66.58672728779518,3096330.684530706,True,power_budget_seg:7,900.0,267.36578862220074,7,5.825959734767849,5.8259597367471025,450.0,33.86236830849515,40.86867690103797,12.89211848784719,49.76816098969318,13.692040247423295,33.10124624406166,68.84957176990152,16.59933696276915,85.02037223837497,25.006111671512492
2025-10-07 14:15:05,2025-10-07T14:14:48.766000,69.11102868472754,496.0,1.2804314604817653,37.7677862154314,10.23033586462942,70.77099191314593,31.577773987703164,5.825959720464204,1.6,66.58672728779518,3481773.3160688262,True,power_budget_seg:7,900.0,203.43620605090823,7,5.825959721554382,5.825959721856693,450.0,31.431676919711947,31.577773987703164,10.298989693974145,37.7677862154314,10.230335864629419,33.1728660508395,68.84957176990152,16.554287070350703,85.02037223837497,25.006111671512492
2025-10-07 14:30:04,2025-10-07T14:29:36.591000,70.77099191314593,493.0,1.3558900688825295,47.39696179073888,13.09924044768472,72.65486106111452,39.08765983002454,5.825959720326841,1.6,66.58672728779518,3829234.232796987,True,power_budget_seg:7,900.0,252.74556716124806,7,5.825959720475224,5.8259597205004585,450.0,33.31554606768053,39.08765983002452,12.334862902424787,47.39696179073885,13.099240447684712,33.23912865742916,68.84957176990152,16.49190433222679,85.02037223837497,25.006111671512492
2025-10-07 14:45:04,2025-10-07T14:44:54.869000,72.65486106111452,490.0,1.2930501978194495,39.39230009705873,10.71769002911762,74.35226746595819,32.846759923095945,5.82595972031478,1.6,66.58672728779518,4241928.162351091,True,power_budget_seg:7,900.0,211.68207606266026,7,5.825959720326074,5.825959720328876,450.0,30.969793951105043,32.846759923095924,10.428239302818898,39.3923000970587,10.71769002911761,33.30043478529509,68.84957176990152,16.429695608369663,85.02037223837497,25.006111671512492
2025-10-07 15:00:04,2025-10-07T14:59:42.634000,74.35226746595819,492.0,1.2439902831803893,34.847099041071964,9.282366347023988,75.90409995242304,29.253163347376248,5.825959720313711,1.6,66.58672728779518,4633305.281478578,True,power_budget_seg:7,900.0,187.89180581219932,7,5.825959720314719,5.825959720315047,450.0,29.841692705517467,29.253163347376248,9.256819372214128,34.847099041071964,9.282366347023988,33.35715518172,68.84957176990152,16.455910747100248,85.02037223837497,25.006111671512492
2025-10-07 15:15:04,2025-10-07T15:14:30.439000,75.90409995242304,489.0,1.1592997289217022,28.768505046283952,7.256168348761317,77.20463286114064,24.383130360522348,5.825959720313606,1.6,66.58672728779518,5015373.954949262,True,power_budget_seg:7,900.0,155.00661230039617,7,5.8259597203136995,5.8259597203137465,450.0,29.20220230673977,24.383130360522348,7.3841213668034875,28.768505046283952,7.256168348761317,33.40963286188985,68.84957176990152,16.39446463930816,85.02037223837497,25.006111671512492
2025-10-07 15:30:04,2025-10-07T15:29:48.808000,77.20463286114064,491.0,1.350615355885586,46.80313652815207,12.94094095844562,79.07285052163849,38.63572073587356,5.825959720313591,1.6,66.58672728779518,5327482.4530398855,True,power_budget_seg:7,900.0,249.2987407032471,7,5.825959720313609,5.825959720313612,450.0,31.070419967237616,38.635720735873555,11.687686339116638,46.803136528152066,12.940940958445621,33.45818518326958,68.84957176990152,16.421246389750852,85.02037223837497,25.006111671512492
2025-10-07 15:45:05,2025-10-07T15:44:36.609000,79.07285052163849,491.0,1.2796749588468852,37.67039553564712,10.201118660694137,80.73056900690842,31.50169744303197,5.82595972031359,1.6,66.58672728779518,5810606.446974832,True,power_budget_seg:7,900.0,202.94186069939119,7,5.825959720313591,5.825959720313591,450.0,30.70070523129481,31.501697443031972,10.101924807344473,37.67039553564712,10.201118660694135,33.503105764814556,68.84957176990152,16.41319052888968,85.02037223837497,25.006111671512492
2025-10-07 16:00:04,2025-10-07T15:59:54.908000,80.73056900690842,492.0,1.4,52.071848081109565,14.267962020277391,82.74532414518971,42.59898536179287,5.82595972031359,1.6,66.58672728779518,6256496.943333853,True,power_budget_seg:7,900.0,281.5697473061013,7,5.82595972031359,5.82595972031359,450.0,32.7154603695761,42.59898536179287,13.007113254455518,52.071848081109565,14.267962020277391,33.54466626262386,68.84957176990152,16.42289067265121,85.02037223837497,25.006111671512492
2025-10-07 16:15:05,2025-10-07T16:14:42.724000,82.74532414518971,491.0,1.4,52.071848081109565,14.267962020277391,84.760079283471,42.59898536179287,5.82595972031359,1.6,66.58672728779518,6819329.281457198,True,power_budget_seg:7,900.0,281.5697473061013,7,5.82595972031359,5.82595972031359,450.0,33.64090150848314,42.59898536179287,13.162976441021147,52.071848081109565,14.267962020277391,33.583118012773795,68.84957176990152,16.3981117543102,85.02037223837497,25.006111671512492
2025-10-07 16:30:05,2025-10-07T16:29:30.473000,84.760079283471,493.0,1.2837635320748813,38.19675120715269,10.359025362145807,86.42992966154502,31.912859176833656,5.82595972031359,1.6,66.58672728779518,7408679.052092527,True,power_budget_seg:7,900.0,205.61358945238635,7,5.82595972031359,5.82595972031359,450.0,31.160259641273818,31.912859176833656,10.285292195833618,38.196751207152694,10.359025362145807,33.61869355126655,68.84957176990152,16.42575142382124,85.02037223837497,25.006111671512492
2025-10-07 16:45:05,2025-10-07T16:44:48.818000,86.42992966154502,495.0,1.4,52.071848081109565,14.267962020277391,88.4446847998263,42.59898536179287,5.82595972031359,1.6,66.58672728779518,7909453.837092025,True,power_budget_seg:7,900.0,281.5697473061013,7,5.82595972031359,5.82595972031359,450.0,33.17501477955511,42.59898536179287,13.129645100997589,52.071848081109565,14.267962020277391,33.65160802028589,68.84957176990152,16.45346130846277,85.02037223837497,25.006111671512492
2025-10-07 17:00:05,2025-10-07T16:59:36.601000,88.4446847998263,494.0,1.2284796278664178,33.73383467443733,8.911278224812444,89.95049301398473,28.361240940114246,5.82595972031359,1.6,66.58672728779518,8545628.266654754,True,power_budget_seg:7,900.0,181.86904558870594,7,5.82595972031359,5.82595972031359,450.0,31.160259641273818,28.361240940114246,9.100025994577356,33.73383467443733,8.911278224812444,33.68206046926417,68.84957176990152,16.42985536452182,85.02037223837497,25.006111671512492
2025-10-07 17:15:05,2025-10-07T17:14:54.986000,89.95049301398473,497.0,1.4,52.071848081109565,14.267962020277391,91.965248152266,42.59898536179287,5.82595972031359,1.6,66.58672728779518,9029473.558478834,True,power_budget_seg:7,900.0,281.5697473061013,7,5.82595972031359,5.82595972031359,450.0,33.17501477955511,42.59898536179287,13.15127468206583,52.071848081109565,14.267962020277391,33.71023505862879,68.84957176990152,16.47510071949665,85.02037223837497,25.006111671512492
2025-10-07 17:30:04,2025-10-07T17:29:42.686000,91.965248152266,498.0,1.2586247093644336,35.89747279170042,9.632490930566806,93.56050490431532,30.094699205581637,5.82595972031359,1.6,66.58672728779518,10129739.701300444,True,power_budget_seg:7,900.0,193.57432780309927,7,5.82595972031359,5.82595972031359,450.0,31.160259641273818,30.094699205581634,9.772952982503611,35.89747279170042,9.632490930566806,33.73630217350783,68.84957176990152,16.486294133430164,85.02037223837497,25.006111671512492
2025-10-07 17:45:05,2025-10-07T17:44:30.504000,93.56050490431532,496.0,1.4,52.071848081109565,14.267962020277391,95.5752600425966,42.59898536179287,5.82595972031359,1.6,66.58672728779518,10255929.086899707,True,power_budget_seg:7,900.0,281.5697473061013,7,5.82595972031359,5.82595972031359,450.0,33.17501477955511,42.59898536179287,13.140474869634597,52.071848081109565,14.267962020277391,33.76041945412987,68.84957176990152,16.446813090029327,85.02037223837497,25.006111671512492
2025-10-07 18:00:04,2025-10-07T17:59:48.870000,95.5752600425966,495.0,1.3942065995753044,51.45784829616521,14.114462074041302,97.57282460876284,42.13780770153272,5.82595972031359,1.6,66.58672728779518,10973582.042813322,True,power_budget_seg:7,900.0,277.7839781320807,7,5.82595972031359,5.82595972031359,450.0,34.07536916961857,42.13780770153272,13.158184013305984,51.45784829616521,14.114462074041302,33.78273274914932,68.84957176990152,16.42465429940774,85.02037223837497,25.006111671512492
2025-10-07 18:15:04,2025-10-07T18:14:36.549000,97.57282460876284,595.0,1.3489072970844,46.583244065149785,12.874973219544934,99.4359740009129,38.46395215574345,5.82595972031359,1.6,66.58672728779518,11711006.886129327,True,power_budget_seg:7,900.0,248.1825885502938,7,5.82595972031359,5.82595972031359,450.0,31.584151102969734,38.46395215574345,12.522948308773188,46.583244065149785,12.874973219544934,33.803376997662575,68.84957176990152,17.86848928932345,85.02037223837497,25.006111671512492
2025-10-07 18:30:05,2025-10-07T18:29:54.998000,99.4359740009129,622.0,1.2088282313273253,32.323372055113126,8.441124018371044,100.88347125352853,27.231209967701396,5.82595972031359,1.6,66.58672728779518,12428074.440728206,True,power_budget_seg:7,900.0,174.238442818162,7,5.82595972031359,5.82595972031359,450.0,30.386093480359726,27.231209967701393,8.925367649278796,32.323372055113126,8.441124018371044,33.822477045248796,68.84957176990152,18.140495410078977,85.02037223837497,25.006111671512492
2025-10-07 18:45:05,2025-10-07T18:44:42.703000,100.88347125352853,597.0,1.4,52.071848081109565,14.267962020277391,102.8982263918098,42.59898536179287,5.82595972031359,1.6,66.58672728779518,12983223.19990944,True,power_budget_seg:7,900.0,281.5697473061013,7,5.82595972031359,5.82595972031359,450.0,32.40084861864102,42.59898536179287,13.898828028452069,52.071848081109565,14.267962020277391,33.84014839897048,68.84957176990152,17.878459202849676,85.02037223837497,25.006111671512492
2025-10-07 19:00:04,2025-10-07T18:59:30.446000,102.8982263918098,585.0,1.4,52.071848081109565,14.267962020277391,104.91298153009107,42.59898536179287,5.82595972031359,1.6,66.58672728779518,13788750.197929343,True,power_budget_seg:7,900.0,281.5697473061013,7,5.82595972031359,5.82595972031359,450.0,33.326289757548054,42.59898536179287,13.983708230797314,52.071848081109565,14.267962020277391,33.856497925899504,68.84957176990152,17.733433553661797,85.02037223837497,25.006111671512492
2025-10-07 19:15:05,2025-10-07T19:14:18.225000,104.91298153009107,580.0,1.2781934258669403,37.47966560541699,10.143899681625095,106.56630390985036,31.352709120027907,5.82595972031359,1.6,66.58672728779518,14625347.794093132,True,power_budget_seg:7,900.0,201.97373464653592,7,5.82595972031359,5.82595972031359,450.0,31.160259641273818,31.35270912002788,10.655500711475685,37.479665605416955,10.143899681625086,33.87162449939315,68.84957176990152,17.667284956304243,85.02037223837497,25.006111671512492
2025-10-07 19:30:05,2025-10-07T19:29:36.559000,106.56630390985036,570.0,1.2142703994037465,32.71397913612142,8.571326378707138,108.02994953404772,27.54415558819194,5.82595972031359,1.6,66.58672728779518,15330816.064163577,True,power_budget_seg:7,900.0,176.35162712641693,7,5.82595972031359,5.82595972031359,450.0,29.951624722206528,27.544155588191956,8.867082229495422,32.71397913612143,8.571326378707143,33.88561959702818,68.84957176990152,17.535605196517302,85.02037223837497,25.006111671512492
2025-10-07 19:45:05,2025-10-07T19:44:54.990000,108.02994953404772,558.0,1.4,52.071848081109565,14.267962020277391,110.044704672329,42.59898536179287,5.82595972031359,1.6,66.58672728779518,15955340.303531902,True,power_budget_seg:7,900.0,281.5697473061013,7,5.82595972031359,5.82595972031359,450.0,31.96637986048782,42.59898536179287,13.50611506040385,52.071848081109565,14.267962020277391,33.89856785380932,68.84957176990152,17.370600066187727,85.02037223837497,25.006111671512492
2025-10-07 20:00:05,2025-10-07T19:59:42.680000,110.044704672329,543.0,1.2594208705440664,35.95461659726128,9.65153886575376,111.64232384802769,30.14048153917956,5.82595972031359,1.6,66.58672728779518,16854085.84540908,True,power_budget_seg:7,900.0,193.88347579118349,7,5.82595972031359,5.82595972031359,450.0,31.160259641273818,30.14048153917956,10.03741354059036,35.95461659726128,9.651538865753759,33.91054757399721,68.84957176990152,17.1537977077507,85.02037223837497,25.006111671512492
2025-10-07 20:15:04,2025-10-07T20:14:30.514000,111.64232384802769,530.0,1.4,52.071848081109565,14.267962020277391,113.65707898630896,42.59898536179287,5.82595972031359,1.6,66.58672728779518,17573088.781533055,True,power_budget_seg:7,900.0,281.5697473061013,7,5.82595972031359,5.82595972031359,450.0,33.17501477955511,42.59898536179287,13.489559081721389,52.071848081109565,14.267962020277391,33.92163120465161,68.84957176990152,16.95581082744822,85.02037223837497,25.006111671512492
2025-10-07 20:30:05,2025-10-07T20:29:48.864000,113.65707898630896,528.0,1.2818592433852167,37.95159645607095,10.285478936821283,115.32127882935212,31.72135700831675,5.82595972031359,1.6,66.58672728779518,18516775.563378066,True,power_budget_seg:7,900.0,204.36920845137053,7,5.82595972031359,5.82595972031359,450.0,31.160259641273818,31.72135700831675,10.465544950828116,37.95159645607095,10.285478936821285,33.93188577375308,68.84957176990152,16.922083255350355,85.02037223837497,25.006111671512492
2025-10-07 20:45:05,2025-10-07T20:44:36.595000,115.32127882935212,520.0,1.2159651195329082,32.8356162618923,8.611872087297433,116.78995314248164,27.641608521458785,5.82595972031359,1.6,66.58672728779518,19314019.59950796,True,power_budget_seg:7,900.0,177.00968397683732,7,5.82595972031359,5.82595972031359,450.0,29.951624722206528,27.641608521458785,8.73994116515373,32.8356162618923,8.611872087297433,33.94137329555309,68.84957176990152,16.794569963438285,85.02037223837497,25.006111671512492
2025-10-07 21:00:05,2025-10-07T20:59:54.978000,116.78995314248164,517.0,1.3825007596616137,50.21723265375917,13.804308163439792,118.75278334360286,41.20597639918332,5.82595972031359,1.6,66.58672728779518,20014564.79040811,True,power_budget_seg:7,900.0,270.1346522349156,7,5.82595972031359,5.82595972031359,450.0,31.914454923327746,41.20597639918332,12.749546030335392,50.21723265375917,13.804308163439792,33.95015114560363,68.84957176990152,16.74450434984596,85.02037223837497,25.006111671512492
2025-10-07 21:15:05,2025-10-07T21:14:42.741000,118.75278334360286,513.0,1.3928075891732767,51.30957750129347,14.077394375323369,120.7461966708692,42.0264409226827,5.82595972031359,1.6,66.58672728779518,20986482.795546845,True,power_budget_seg:7,900.0,276.8697774786002,7,5.82595972031359,5.82595972031359,450.0,32.86067621554378,42.0264409226827,13.12195991599714,51.30957750129347,14.077394375323367,33.958272407734455,68.84957176990152,16.678175795174308,85.02037223837497,25.006111671512492
2025-10-07 21:30:05,2025-10-07T21:29:30.459000,120.7461966708692,510.0,1.3423982695000154,45.74528338938946,12.623585016816838,122.590032033281,37.80938076427779,5.82595972031359,1.6,66.58672728779518,22002566.667402785,True,power_budget_seg:7,900.0,243.92918395620197,7,5.82595972031359,5.82595972031359,450.0,31.093329846130537,37.80938076427779,11.674978524843393,45.74528338938946,12.623585016816838,33.96578619507621,68.84957176990152,16.627589320754673,85.02037223837497,25.006111671512492
2025-10-07 21:45:05,2025-10-07T21:44:48.822000,122.590032033281,508.0,1.4,52.071848081109565,14.267962020277391,124.6047871715623,42.59898536179287,5.82595972031359,1.6,66.58672728779518,22956649.31079096,True,power_budget_seg:7,900.0,281.5697473061013,7,5.82595972031359,5.82595972031359,450.0,33.10808498441183,42.59898536179287,13.255734332483172,52.071848081109565,14.267962020277391,33.97273794707088,68.84957176990152,16.59312025225134,85.02037223837497,25.006111671512492
2025-10-07 22:00:05,2025-10-07T21:59:36.608000,124.6047871715623,505.0,1.4,52.071848081109565,14.267962020277391,126.61954230984358,42.59898536179287,5.82595972031359,1.6,66.58672728779518,24023263.78729049,True,power_budget_seg:7,900.0,281.5697473061013,7,5.82595972031359,5.82595972031359,450.0,34.033526123318865,42.59898536179287,13.354913991462592,52.071848081109565,14.267962020277391,33.979169704265644,68.84957176990152,16.542239027729615,85.02037223837497,25.006111671512492
2025-10-07 22:15:05,2025-10-07T22:14:55.009000,126.61954230984358,499.0,1.4,52.071848081109565,14.267962020277391,128.63429744812487,42.59898536179287,5.82595972031359,1.6,66.58672728779518,25117062.77358667,True,power_budget_seg:7,900.0,281.5697473061013,7,5.82595972031359,5.82595972031359,450.0,34.610294940837946,42.59898536179287,13.311992922719302,52.071848081109565,14.267962020277391,33.9851203625521,68.84957176990152,16.441313393340057,85.02037223837497,25.006111671512492
2025-10-07 22:30:05,2025-10-07T22:29:42.741000,128.63429744812487,496.0,1.4,52.071848081109565,14.267962020277391,130.64905258640616,42.59898536179287,5.82595972031359,1.6,66.58672728779518,26234229.797279306,True,power_budget_seg:7,900.0,281.5697473061013,7,5.82595972031359,5.82595972031359,450.0,35.06072182365062,42.59898536179287,13.250820130770034,52.071848081109565,14.267962020277391,33.99062590838816,68.84957176990152,16.389636918364985,85.02037223837497,25.006111671512492
2025-10-07 22:45:05,2025-10-07T22:44:30.451000,130.64905258640616,491.0,1.4,52.071848081109565,14.267962020277391,132.66380772468744,42.59898536179287,5.82595972031359,1.6,66.58672728779518,27377749.37672272,True,power_budget_seg:7,900.0,281.5697473061013,7,5.82595972031359,5.82595972031359,450.0,35.45268589283039,42.59898536179287,13.13857706784134,52.071848081109565,14.267962020277391,33.99571963642526,68.84957176990152,16.303862153444484,85.02037223837497,25.006111671512492
2025-10-08 07:00:05,2025-10-08T06:59:38.680000,27.31,489.0,1.6288210692067238,87.80184024123359,25.84055207237008,30.00372859139723,71.0223102212571,17.034201015856738,1.6,66.58672728779518,-1161.7763098769792,True,power_budget_seg:8,900.0,464.0628240756529,8,17.73083218323677,17.505189994703038,450.0,30.00372859139723,71.0223102212571,17.034201015856738,87.80184024123359,25.840552072370077,29.960615464573827,68.84957176990152,16.81584112861213,85.02037223837497,25.006111671512492
2025-10-08 07:15:05,2025-10-08T07:14:57.044000,30.00372859139723,486.0,1.469745201434875,61.36020050894706,16.90806015268412,32.22543643915005,49.76659037377285,14.140135358254112,1.6,66.58672728779518,-1198.6737283943316,True,power_budget_seg:8,900.0,330.90219406289987,8,14.127221961071406,16.754283764268422,450.0,33.289580067405424,49.76659037377285,14.241045440957507,61.36020050894706,16.90806015268412,31.1781274826508,68.84957176990152,16.56418443985513,85.02037223837497,25.006111671512492
2025-10-08 07:30:05,2025-10-08T07:29:44.761000,32.22543643915005,484.0,1.236149363351612,34.28432355091236,9.094774516970787,33.754002814543014,28.80228026427839,10.214134294773793,1.6,66.58672728779518,-371.6666358613916,True,power_budget_seg:8,900.0,184.84719041043599,8,9.570042345555425,16.435183747328438,450.0,31.66317525376049,28.80228026427841,9.361411713507508,34.28432355091238,9.094774516970794,31.936925570891034,68.84957176990152,16.457693482047755,85.02037223837497,25.006111671512492
2025-10-08 07:45:05,2025-10-08T07:44:32.575000,33.754002814543014,482.0,1.1733529609536573,29.777164070711606,7.592388023570535,35.09623542999328,25.19124531698472,9.622892042424416,1.6,66.58672728779518,4503.964487324267,True,power_budget_seg:8,900.0,160.46345762254978,8,9.071921722442367,16.205943756700776,450.0,30.741209900987528,25.19124531698472,7.770223341160925,29.777164070711606,7.592388023570535,32.52950798378986,68.84957176990152,16.373654848787297,85.02037223837497,25.006111671512492
2025-10-08 08:00:05,2025-10-08T07:59:50.905000,35.09623542999328,481.0,1.2331589584763087,34.06968973163803,9.02322991054601,36.61592847247403,28.63032046882953,10.610115806087016,1.6,66.58672728779518,9460.332272782154,True,power_budget_seg:8,900.0,183.68602144816174,8,10.562789856388836,15.727432391522623,450.0,32.26090294346828,28.63032046882953,9.506814819054775,34.06968973163803,9.02322991054601,33.04517661447591,68.84957176990152,16.303271205438133,85.02037223837497,25.006111671512492
2025-10-08 08:15:05,2025-10-08T08:14:38.622000,36.61592847247403,477.0,1.1213114132780206,26.12907383240115,6.376357944133717,37.80373986503025,22.268477352086084,9.090484539093328,1.6,66.58672728779518,18824.409324158045,True,power_budget_seg:8,900.0,140.2558160390553,8,9.150907849829231,14.641106485136348,450.0,30.38109065119334,22.268477352086084,6.599781650864879,26.12907383240115,6.376357944133717,33.5125705539948,68.84957176990152,16.16340333434953,85.02037223837497,25.006111671512492
2025-10-08 08:30:05,2025-10-08T08:29:57.075000,37.80373986503025,479.0,1.0885753860749212,23.884047007555598,5.628015669185199,38.8944146892257,20.469812282047787,8.528748185112383,1.6,66.58672728779518,39942.45858489764,True,power_budget_seg:8,900.0,127.54447415677978,8,8.747896088678795,13.507122502894797,450.0,29.47706563789311,20.469812282047787,5.851158511234545,23.884047007555594,5.628015669185199,33.94211451341639,68.84957176990152,16.110647834444713,85.02037223837497,25.006111671512492
2025-10-08 08:45:05,2025-10-08T08:44:44.793000,38.8944146892257,480.0,1.4,52.071848081109565,14.267962020277391,40.90916982750699,42.59898536179287,9.258624494828886,1.6,66.58672728779518,69444.8927893975,True,power_budget_seg:8,900.0,281.5697473061013,8,11.041679131854973,12.276911239258308,450.0,31.4918207761744,42.59898536179287,12.652755417145709,52.071848081109565,14.267962020277391,34.33866832196507,68.84957176990152,16.017030248976642,85.02037223837497,25.006111671512492
2025-10-08 09:00:05,2025-10-08T08:59:32.478000,40.90916982750699,480.0,1.1220029678061485,26.176500432362644,6.392166810787548,42.09903324773536,22.30647447880072,7.410827736004868,1.6,66.58672728779518,116879.50436391038,True,power_budget_seg:8,900.0,140.52434544803737,8,7.954590380715636,9.949669843092135,450.0,31.160259641273818,22.30647447880073,6.82697996652076,26.17650043236266,6.392166810787553,34.70530363768862,68.84957176990152,15.885530748551275,85.02037223837497,25.006111671512492
2025-10-08 09:15:05,2025-10-08T09:14:50.913000,42.09903324773536,479.0,1.149265044486634,28.048273928652076,7.016091309550691,43.36979055770487,23.806097365057703,6.962541866705136,1.6,66.58672728779518,160003.8397440903,True,power_budget_seg:8,900.0,151.11016195400762,8,7.505255901248653,8.759092725737474,450.0,32.43101695124333,23.806097365057695,7.92457871671286,28.04827392865206,7.016091309550686,35.044438199929765,68.84957176990152,15.720774996438275,85.02037223837497,25.006111671512492
2025-10-08 09:30:05,2025-10-08T09:29:38.607000,43.36979055770487,478.0,1.2585828101901275,35.89446551336162,9.631488504453872,44.964922983671954,30.092289841718355,6.577951340162032,1.6,66.58672728779518,222420.8201273154,True,power_budget_seg:8,900.0,193.55805842728634,8,7.195041897808993,7.7436789952408995,450.0,33.163712027159015,30.092289841718355,10.351414203986288,35.89446551336162,9.631488504453873,35.35818261704418,68.84957176990152,15.543544862871641,85.02037223837497,25.006111671512492
2025-10-08 09:45:05,2025-10-08T09:44:57.004000,44.964922983671954,474.0,1.298962753283741,40.15347200916025,10.946041602748076,46.67987352557542,33.44134791757049,6.196263752347328,1.6,66.58672728779518,310075.8827906797,True,power_budget_seg:8,900.0,215.54570857129664,8,6.617448484085681,6.853279133899924,450.0,33.654655059075615,33.44134791757051,11.233019371912656,40.153472009160275,10.946041602748084,35.648452025015814,68.84957176990152,15.312588203857306,85.02037223837497,25.006111671512492
2025-10-08 10:00:05,2025-10-08T09:59:44.796000,46.67987352557542,471.0,0.549044423879892,19.0,4.0,46.16961535118595,16.55682351251732,5.825139104276262,1.6,66.58672728779518,410312.10139089177,True,power_budget_seg:8,900.0,53.95276948700788,8,5.828591778084479,6.298339458716168,450.0,31.525023397535602,16.55682351251732,0.0,19.0,4.0,35.91700711278445,68.84957176990152,15.093947429854257,85.02037223837497,25.006111671512492
2025-10-08 10:15:05,2025-10-08T10:14:32.534000,46.16961535118595,466.0,1.3592743097641544,47.75563252315707,13.188908130789269,48.06352644907435,39.35705883184244,6.022067182019372,1.6,66.58672728779518,389689.4213342347,True,power_budget_seg:8,900.0,254.95704122965572,8,6.325807700914224,6.424611881560114,450.0,33.418934495424004,39.35705883184244,12.152689793354796,47.75563252315707,13.188908130789267,36.16547353610476,68.84957176990152,14.846501582115176,85.02037223837497,25.006111671512492
2025-10-08 10:30:05,2025-10-08T10:29:50.927000,48.06352644907435,466.0,1.2743239662749923,37.02587160806653,10.00776148241996,49.705367104926175,30.998228800274312,5.89738855893312,1.6,66.58672728779518,522904.1956380654,True,power_budget_seg:8,900.0,199.67032169538487,8,6.004454513994391,6.058529364986605,450.0,31.06033435199896,30.998228800274312,9.882260080685928,37.025871608066524,10.007761482419959,36.39535435857013,68.84957176990152,14.672920072610198,85.02037223837497,25.006111671512492
2025-10-08 10:45:05,2025-10-08T10:44:38.671000,49.705367104926175,460.0,1.2677772979418709,36.55439221383146,9.851464071277157,51.32778204084777,30.621008292555747,5.851891391577257,1.6,66.58672728779518,655437.8375117136,True,power_budget_seg:8,900.0,197.12826187682828,8,5.896541446342537,5.9176258159286235,450.0,29.926054331173408,30.621008292555754,9.606213894800543,36.55439221383148,9.851464071277158,36.608039918391924,68.84957176990152,14.419919735483672,85.02037223837497,25.006111671512492
2025-10-08 11:00:05,2025-10-08T10:59:57.001000,51.32778204084777,461.0,1.106787855264867,25.13305262526322,6.04435087508774,52.47249814340336,21.470487530998035,5.835609565048017,1.6,66.58672728779518,804406.1557387316,True,power_budget_seg:8,900.0,134.61634396424043,8,5.846586599018169,5.85940981424628,450.0,29.283061350108575,21.470487530998046,6.213316583277109,25.133052625263232,6.044350875087745,36.8048164677805,68.84957176990152,14.268111152899767,85.02037223837497,25.006111671512492
2025-10-08 11:15:05,2025-10-08T11:14:44.723000,52.47249814340336,462.0,1.280614973890535,37.7914114064496,10.237423421934878,54.13300590530058,31.59622876082768,5.829698572319414,1.6,66.58672728779518,920751.3345851623,True,power_budget_seg:8,900.0,203.55612515799749,8,5.838242671349257,5.841496733824933,450.0,30.943569112005797,31.59622876082768,9.964510226158112,37.7914114064496,10.237423421934878,36.986874020401096,68.84957176990152,14.120586441581594,85.02037223837497,25.006111671512492
2025-10-08 11:30:05,2025-10-08T11:29:32.522000,54.13300590530058,456.0,1.2147592819893551,32.749068276522614,8.58302275884087,55.59810217518573,27.57226821939921,5.827074520837913,1.6,66.58672728779518,1100448.758997424,True,power_budget_seg:8,900.0,176.54145937598733,8,5.829403211894955,5.830639824039708,450.0,30.04930873299238,27.57226821939921,8.45333282866752,32.749068276522614,8.58302275884087,37.15531356845851,68.84957176990152,13.89058040982098,85.02037223837497,25.006111671512492
2025-10-08 11:45:05,2025-10-08T11:44:50.908000,55.59810217518573,455.0,1.4,52.071848081109565,14.267962020277391,57.61285731346703,42.59898536179287,5.8262116981056575,1.6,66.58672728779518,1278154.4198268666,True,power_budget_seg:8,900.0,281.5697473061013,8,5.827303848469918,5.827466318657251,450.0,32.064063871273675,42.59898536179287,12.457799983405637,52.071848081109565,14.267962020277391,37.31115374702546,68.84957176990152,13.732412751481476,85.02037223837497,25.006111671512492
2025-10-08 12:00:05,2025-10-08T11:59:38.600000,57.61285731346703,454.0,1.1791872454387162,30.19591498036369,7.731971660121229,58.97240181499935,25.526739140890268,5.826019618259906,1.6,66.58672728779518,1533127.704651397,True,power_budget_seg:8,900.0,162.72890004376754,8,5.826159616036068,5.8262412509101065,450.0,31.160259641273818,25.526739140890268,7.895866247607837,30.19591498036369,7.731971660121229,37.45533699603057,68.84957176990152,13.581900984936613,85.02037223837497,25.006111671512492
2025-10-08 12:15:05,2025-10-08T12:14:56.989000,58.97240181499935,453.0,1.2020863679180285,31.83948042407884,8.279826808026279,60.39989415156717,26.84352686084804,5.8259759918965175,1.6,66.58672728779518,1722455.7232172154,True,power_budget_seg:8,900.0,171.62058909426662,8,5.826021397321725,5.826043731560796,450.0,32.587751977841634,26.84352686084806,8.8902821861774,31.83948042407886,8.279826808026286,37.58873526018159,68.84957176990152,13.439200690900332,85.02037223837497,25.006111671512492
2025-10-08 12:30:05,2025-10-08T12:29:44.774000,60.39989415156717,452.0,1.236469041276967,34.307268167751154,9.102422722583718,61.92940909706172,28.820662975966563,5.825963490148464,1.6,66.58672728779518,1933702.0078966091,True,power_budget_seg:8,900.0,184.97132078753373,8,5.825976673433411,5.825981805912667,450.0,33.2903068572109,28.820662975966563,9.823626219618749,34.307268167751154,9.102422722583718,37.71215526219043,68.84957176990152,13.304314649041796,85.02037223837497,25.006111671512492
2025-10-08 12:45:05,2025-10-08T12:44:32.500000,61.92940909706172,452.0,1.1867181644166944,30.736440417650904,7.912146805883634,63.31129985403871,25.95979598135032,5.825960573711621,1.6,66.58672728779518,2171763.851221409,True,power_budget_seg:8,900.0,165.65314265949138,8,5.8259632672629795,5.825964621186468,450.0,31.397928073901582,25.95979598135032,8.110825379589613,30.736440417650904,7.912146805883634,37.82634338145664,68.84957176990152,13.188458526379023,85.02037223837497,25.006111671512492
2025-10-08 13:00:05,2025-10-08T12:59:50.908000,63.31129985403871,449.0,1.3357589797986666,44.8905529995448,12.36716589986344,65.13543466409146,37.14170974248317,5.825959858843318,1.6,66.58672728779518,2403170.234956876,True,power_budget_seg:8,900.0,239.59065797038946,8,5.825960721412995,5.825960894120062,450.0,33.22206288395434,37.14170974248317,11.523302762943807,44.8905529995448,12.36716589986344,37.93199016779257,68.84957176990152,13.046288940933708,85.02037223837497,25.006111671512492
2025-10-08 13:15:05,2025-10-08T13:14:38.665000,65.13543466409146,447.0,1.2965879724058111,39.847746927578704,10.854324078273612,66.84333859451517,33.20253135034291,5.825959739282869,1.6,66.58672728779518,2718896.103925097,True,power_budget_seg:8,900.0,213.99387862969675,8,5.82595985367662,5.82595988226638,450.0,30.952736997693787,33.20253135034291,10.18263219612854,39.847746927578704,10.854324078273612,38.02973451751042,68.84957176990152,12.923030475732244,85.02037223837497,25.006111671512492
2025-10-08 13:30:05,2025-10-08T13:28:55.806000,66.84333859451517,447.0,1.2117840442861083,32.53552306839018,8.511841022796725,68.29960653655351,27.401180594747643,5.825959723356643,1.6,66.58672728779518,3036913.929675199,True,power_budget_seg:8,900.0,175.38617979999083,8,5.825959737611207,5.8259597433257735,450.0,29.861390072822633,27.401180594747643,8.347893945453311,32.53552306839018,8.511841022796725,38.12016753713306,68.84957176990152,12.828688324292864,85.02037223837497,25.006111671512492
2025-10-08 13:45:05,2025-10-08T13:44:44.740000,68.29960653655351,446.0,1.1472133087013625,27.905417970893343,6.968472656964448,69.5642757964329,23.69164438016513,5.825959720898768,1.6,66.58672728779518,3318957.7407713416,True,power_budget_seg:8,900.0,150.3134765511981,8,5.825959723111783,5.825959724354277,450.0,29.24273471460861,23.691644380165126,7.024683303862835,27.905417970893346,6.968472656964448,38.20383611809634,68.84957176990152,12.729936659586244,85.02037223837497,25.006111671512492
2025-10-08 14:00:05,2025-10-08T13:59:32.485000,69.5642757964329,448.0,1.3488020026264835,46.56968864324296,12.870906592972888,71.4271127516997,38.45336336364839,5.825959720379977,1.6,66.58672728779518,3575122.705941992,True,power_budget_seg:8,900.0,248.1137825842369,8,5.825959721045393,5.825959721159331,450.0,31.105571669875417,38.45336336364839,11.255853237191559,46.569688643242955,12.870906592972887,38.28124624406166,68.84957176990152,12.66885797237736,85.02037223837497,25.006111671512492
2025-10-08 14:15:05,2025-10-08T14:14:50.851000,71.4271127516997,444.0,1.0471930380537535,21.046058121298223,4.6820193737660745,72.39499505582089,18.196079325997616,5.825959720326109,1.6,66.58672728779518,3994911.896567124,True,power_budget_seg:8,900.0,111.47578108279046,8,5.825959720359105,5.825959720389999,450.0,30.683830866762797,18.196079325997605,5.198258084976546,21.04605812129821,4.68201937376607,38.35286605083951,68.84957176990152,12.55081407027797,85.02037223837497,25.006111671512492
2025-10-08 14:30:05,2025-10-08T14:29:38.609000,72.39499505582089,444.0,1.283845006874752,38.20724012849648,10.362172038548945,74.06508719146733,31.92105257783394,5.825959720315311,1.6,66.58672728779518,4183736.288067541,True,power_budget_seg:8,900.0,205.66683016823526,8,5.825959720330735,5.825959720334593,450.0,32.35392300240923,31.92105257783394,10.266439416617084,38.20724012849648,10.362172038548943,38.41912865742916,68.84957176990152,12.479999632259158,85.02037223837497,25.006111671512492
2025-10-08 14:45:05,2025-10-08T14:44:57.011000,74.06508719146733,442.0,1.1621873824640914,28.975763974217998,7.325254658072665,75.37418854234751,24.54918155866524,5.825959720313822,1.6,66.58672728779518,4579996.56830256,True,power_budget_seg:8,900.0,156.12788310051934,8,5.825959720315083,5.8259597203156925,450.0,30.281684776668097,24.54918155866524,7.332171552661186,28.975763974217994,7.325254658072665,38.48043478529509,68.84957176990152,12.393868576119337,85.02037223837497,25.006111671512492
2025-10-08 15:00:05,2025-10-08T14:59:44.743000,75.37418854234751,441.0,1.4,52.071848081109565,14.267962020277391,77.3889436806288,42.59898536179287,5.825959720313605,1.6,66.58672728779518,4875628.737619238,True,power_budget_seg:8,900.0,281.5697473061013,8,5.825959720313884,5.825959720313916,450.0,32.29643991494939,42.59898536179287,12.333260078561668,52.071848081109565,14.267962020277391,38.53715518172,68.84957176990152,12.322859783552277,85.02037223837497,25.006111671512492
2025-10-08 15:15:05,2025-10-08T15:14:32.561000,77.3889436806288,441.0,1.2818771162312323,37.95389737459232,10.286169212377697,79.05319655719731,31.723154366452697,5.825959720313591,1.6,66.58672728779518,5374742.893151886,True,power_budget_seg:8,900.0,204.38088768369315,8,5.8259597203136035,5.825959720313607,450.0,31.160259641273818,31.723154366452697,9.877202534633422,37.95389737459232,10.286169212377697,38.58963286188985,68.84957176990152,12.266360569149384,85.02037223837497,25.006111671512492
2025-10-08 15:30:05,2025-10-08T15:29:50.865000,79.05319655719731,441.0,1.3828827909731758,50.257721335007794,13.814430333751949,81.01716034763226,41.236387607367945,5.82595972031359,1.6,66.58672728779518,5804578.618837754,True,power_budget_seg:8,900.0,270.3842953213243,8,5.825959720313591,5.825959720313591,450.0,33.12422343170877,41.236387607367945,12.213194311620054,50.257721335007794,13.814430333751949,38.63818518326958,68.84957176990152,12.213912266710324,85.02037223837497,25.006111671512492
2025-10-08 15:45:05,2025-10-08T15:44:38.668000,81.01716034763226,439.0,1.2887970871368406,38.844762165243445,10.553428649573034,82.70194663293594,32.41905170685612,5.82595972031359,1.6,66.58672728779518,6337132.587803328,True,power_budget_seg:8,900.0,208.9028282745592,8,5.82595972031359,5.82595972031359,450.0,31.000973510212813,32.41905170685612,9.972160674506927,38.844762165243445,10.553428649573034,38.683105764814556,68.84957176990152,12.145691094756518,85.02037223837497,25.006111671512492
2025-10-08 16:00:05,2025-10-08T15:59:26.452000,82.70194663293594,439.0,1.3803510346674046,49.98939915574868,13.74734978893717,84.65839802371585,41.03484976018802,5.82595972031359,1.6,66.58672728779518,6804964.245100251,True,power_budget_seg:8,900.0,268.7298878445574,8,5.82595972031359,5.82595972031359,450.0,32.95742490099271,41.034849760188024,12.110724300114846,49.98939915574868,13.74734978893717,38.72466626262386,68.84957176990152,12.10073114501861,85.02037223837497,25.006111671512492
2025-10-08 16:15:05,2025-10-08T16:14:44.803000,84.65839802371585,438.0,1.3157242492545964,42.31131729532676,11.593395188598029,86.42308441747147,35.12694466738458,5.82595972031359,1.6,66.58672728779518,7378347.414097042,True,power_budget_seg:8,900.0,226.49871545934909,8,5.82595972031359,5.82595972031359,450.0,30.977413964605606,35.12694466738458,10.495078370907933,42.31131729532676,11.593395188598027,38.763118012773795,68.84957176990152,12.049399012417402,85.02037223837497,25.006111671512492
2025-10-08 16:30:05,2025-10-08T16:29:32.550000,86.42308441747147,439.0,1.086159996684515,23.718400335151934,5.572800111717311,87.50659213384459,20.3370998884482,5.82595972031359,1.6,66.58672728779518,7918529.834594482,True,power_budget_seg:8,900.0,126.60658269763024,8,5.82595972031359,5.82595972031359,450.0,29.804653129179375,20.337099888448197,5.78241513183225,23.718400335151934,5.572800111717311,38.79869355126655,68.84957176990152,12.020398466361073,85.02037223837497,25.006111671512492
2025-10-08 16:45:05,2025-10-08T16:43:49.737000,87.50659213384459,438.0,1.3255868134204067,43.581006327362594,11.97430189820878,89.3005433993686,36.118759844957545,5.82595972031359,1.6,66.58672728779518,8245981.271923098,True,power_budget_seg:8,900.0,232.9435300170598,8,5.82595972031359,5.82595972031359,450.0,31.598604394703383,36.118759844957545,10.792264556780534,43.581006327362594,11.974301898208779,38.8316080202859,68.84957176990152,11.975088748021271,85.02037223837497,25.006111671512492
2025-10-08 17:00:05,2025-10-08T16:59:38.720000,89.3005433993686,436.0,1.0330058396594366,20.07310435488541,4.357701451628471,90.22632848264722,17.41657062033691,5.82595972031359,1.6,66.58672728779518,8845589.699556734,True,power_budget_seg:8,900.0,105.96691685736121,8,5.82595972031359,5.82595972031359,450.0,30.467799289144608,17.41657062033691,4.88849298676347,20.073104354885412,4.357701451628471,38.86206046926417,68.84957176990152,11.923033574167448,85.02037223837497,25.006111671512492
2025-10-08 17:15:05,2025-10-08T17:14:57.051000,90.22632848264722,434.0,1.3423324465380797,45.736809457922845,12.621042837376857,92.0699685306856,37.802761368795714,5.82595972031359,1.6,66.58672728779518,9124276.316304596,True,power_budget_seg:8,900.0,243.88617112747073,8,5.82595972031359,5.82595972031359,450.0,32.31143933718299,37.802761368795736,11.234361504122425,45.736809457922874,12.621042837376862,38.89023505862879,68.84957176990152,11.873558666358875,85.02037223837497,25.006111671512492
2025-10-08 17:30:05,2025-10-08T17:29:44.761000,92.0699685306856,435.0,1.3810160106399052,50.059875054905945,13.764968763726486,94.02839308343808,41.08778448602188,5.82595972031359,1.6,66.58672728779518,9740991.211387323,True,power_budget_seg:8,900.0,269.16442461978636,8,5.82595972031359,5.82595972031359,450.0,33.211006045874385,41.08778448602188,12.13151570125377,50.059875054905945,13.764968763726486,38.91630217350783,68.84957176990152,11.85477998425947,85.02037223837497,25.006111671512492
2025-10-08 17:45:05,2025-10-08T17:44:32.513000,94.02839308343808,484.0,1.3802097595950436,49.97442645272648,13.74360661318162,95.98442527320624,41.02360370389148,5.82595972031359,1.6,66.58672728779518,10422858.637015322,True,power_budget_seg:8,900.0,268.63756990089826,8,5.82595972031359,5.82595972031359,450.0,33.767472851730496,41.02360370389148,12.76876750346344,49.974426452726476,13.743606613181619,38.94041945412987,68.84957176990152,12.254996868982177,85.02037223837497,25.006111671512492
2025-10-08 18:00:05,2025-10-08T17:59:50.901000,95.98442527320624,556.0,1.4,52.071848081109565,14.267962020277391,97.99918041148752,42.59898536179287,5.82595972031359,1.6,66.58672728779518,11122369.262946676,True,power_budget_seg:8,900.0,281.5697473061013,8,5.82595972031359,5.82595972031359,450.0,34.32040676195057,42.59898536179287,13.83566523575887,52.071848081109565,14.267962020277391,38.96273274914932,68.84957176990152,12.715259767039075,85.02037223837497,25.006111671512492
2025-10-08 18:15:05,2025-10-08T18:14:38.692000,97.99918041148752,647.0,1.3946449938722678,51.504310474562025,14.126077618640506,99.9980458110546,42.17270562698651,5.82595972031359,1.6,66.58672728779518,11872104.529036054,True,power_budget_seg:8,900.0,278.07045230853083,8,5.82595972031359,5.82595972031359,450.0,34.67798996408195,42.17270562698651,14.226526789055253,51.504310474562025,14.126077618640506,38.983376997662575,68.84957176990152,13.00559050809761,85.02037223837497,25.006111671512492
