id,timestamp,device_id,update_type,temperature,co2,humidity,a1_raw,vcap_raw,sp_415,sp_445,sp_480,sp_515,sp_555,sp_590,sp_630,sp_680,sp_clear,sp_nir,spectral_gain,sleep_time,ppfd,hour,pn,ppfd_original,ppfd_adjusted,date,input_temp,co2_ppm,ppfd_dynamic,pred_pn,dt_s,ppfd_dynamic_measured,ppfd_dynamic_clipped,ppfd_dynamic_model,solar_vol_cmd,r_pwm,b_pwm,pred_power,replay_segment_id,pn_dynamic_exogenous,pn_baseline_exogenous,ppfd_baseline,temp_dynamic_segmented,power_dynamic_segmented,pn_dynamic_segmented,r_pwm_dynamic_segmented,b_pwm_dynamic_segmented,temp_baseline_segmented,power_baseline_segmented,pn_baseline_segmented,r_pwm_baseline_segmented,b_pwm_baseline_segmented
1,2025-11-02 09:00:12.127,L_6vSQ==,PACKET_DATA,22.12,457.5,91.4,-0.003,3.311,0.0,0.0,0.0,0.0,0.0,0.0,0.0,0.0,0.0,0.0,0.0,90.0,0.0,9,-0.7028592752575076,0.0,0.0,2025-11-02,22.12,457.5,0.0,-0.7028592752575076,900.0,0.0,0.0,0.0,0.0,19.0,4.0,16.55682351251732,0,0.0,9.071394904289281,182.65564292321923,31.160259641273818,16.55682351251732,0.0,19.0,4.0,23.631819174013327,28.47772968648808,9.486722611145717,33.8792315939407,8.959743864646901
2,2025-11-02 09:15:16.361,L_6vSQ==,PACKET_DATA,23.75,453.78,88.89,1.232,4.652,116.0,580.0,314.0,91.0,2788.0,200.0,118.0,130.0,2262.0,3525.0,1.0,90.0,186.05,9,11.592872309906989,186.05,236.05,2025-11-02,23.75,453.78,236.05,11.592872309906989,900.0,236.05,236.05,236.05000000000004,1.3303406755,44.19301010658209,12.157903031974627,36.59682543554443,0,11.508496418987443,9.493901884887908,182.65564292321923,32.96831688997065,36.59682543554443,11.400859848664142,44.19301010658209,12.157903031974627,24.326245822511122,28.47772968648808,9.59741857952152,33.8792315939407,8.959743864646901
3,2025-11-02 09:30:22.493,L_6vSQ==,PACKET_DATA,24.5,449.62,85.49,1.239,4.716,130.0,663.0,356.0,102.0,3127.0,225.0,133.0,146.0,2503.0,3979.0,1.0,90.0,210.38,9,12.468511453513802,210.38,260.38,2025-11-02,24.5,449.62,260.38,12.468511453513802,900.0,260.38,260.38,260.37999999999994,1.3675731178,48.63516198353808,13.40879049588452,40.01767687864703,0,12.422156340062303,9.597837474996622,182.65564292321923,33.849561464884744,40.01767687864703,12.208559342829536,48.63516198353808,13.40879049588452,24.75903794733587,28.47772968648808,9.620411113007194,33.8792315939407,8.959743864646901
4,2025-11-02 09:45:28.526,L_6vSQ==,PACKET_DATA,25.22,445.2,82.46,1.299,4.718,85.0,455.0,246.0,67.0,2046.0,146.0,86.0,95.0,1622.0,2571.0,1.0,90.0,137.11,9,9.78487623007599,137.11,187.11,2025-11-02,25.22,445.2,187.11,9.78487623007599,900.0,187.11,187.11,187.11000000000004,1.2419768674,34.7025878003697,9.234195933456565,29.137384186966017,0,9.854998026754192,9.60951400000719,182.65564292321923,31.45945549424664,29.137384186966017,9.186654522516019,34.7025878003697,9.234195933456565,25.097026413025127,28.47772968648808,9.610291097501463,33.8792315939407,8.959743864646901
5,2025-11-02 10:00:34.590,L_6vSQ==,PACKET_DATA,25.18,440.5,82.57,1.13,4.724,96.0,498.0,270.0,75.0,2301.0,164.0,97.0,107.0,1843.0,2897.0,1.0,90.0,149.7,10,10.282943711035507,149.7,199.7,2025-11-02,25.18,440.5,199.7,10.282943711035507,900.0,199.7,199.7,199.7,1.2744003979999998,37.03171851297307,10.009515553891921,31.002796098944952,0,10.517671231470178,9.58679996590562,182.65564292321923,33.10152294351585,31.002796098944952,10.336307262984219,37.03171851297307,10.009515553891921,25.391145923654978,28.47772968648808,9.580917615000761,33.8792315939407,8.959743864646901
6,2025-11-02 10:15:40.616,L_6vSQ==,PACKET_DATA,25.25,437.73,82.02,1.169,4.721,102.0,537.0,289.0,79.0,2440.0,174.0,103.0,113.0,1945.0,3068.0,1.0,90.0,154.68,10,10.46389863392795,154.68,204.68,2025-11-02,25.25,437.73,204.68,10.46389863392795,900.0,204.68,204.68,204.67999999999998,1.2823348507999999,38.01282531176737,10.303847593530211,31.769185812734914,0,10.668348926179034,9.571901183120389,182.65564292321923,33.89013476428313,31.769185812734914,10.722963542202425,38.01282531176737,10.303847593530211,25.657731223947067,28.47772968648808,9.548618803947466,33.8792315939407,8.959743864646901
7,2025-11-02 10:30:46.629,L_6vSQ==,PACKET_DATA,25.51,434.5,81.4,1.185,4.721,77.0,414.0,224.0,60.0,1852.0,132.0,78.0,86.0,1475.0,2316.0,1.0,90.0,117.88,10,8.867192928160659,117.88,167.88,2025-11-02,25.51,434.5,167.88,8.867192928160659,900.0,167.88,167.88,167.88,1.1924530791999999,31.148059149722737,8.049353049907578,26.28957566476323,0,8.737738717860445,9.54440286007739,182.65564292321923,31.823629737352043,26.28957566476323,8.292514733039644,31.148059149722737,8.049353049907578,25.902728207709696,28.47772968648808,9.505104012077965,33.8792315939407,8.959743864646901
8,2025-11-02 10:45:52.765,L_6vSQ==,PACKET_DATA,25.48,431.5,82.08,1.086,4.723,196.0,956.0,511.0,153.0,4688.0,339.0,200.0,220.0,3751.0,6058.0,1.0,90.0,317.86,10,15.096877427280752,317.86,367.86,2025-11-02,25.48,431.5,367.86,15.096877427280752,900.0,367.86,367.86,367.86,1.5194268408,68.83514780753829,19.150544342261487,55.605631269017444,0,15.182810283869511,9.531194317626905,182.65564292321923,34.19275632741362,55.605631269017444,14.143358383261049,68.83514780753829,19.150544342261487,26.128908753060244,28.47772968648808,9.456510859362831,33.8792315939407,8.959743864646901
9,2025-11-02 11:02:29.360,L_6vSQ==,PACKET_DATA,27.06,426.5,76.5,1.498,4.718,228.0,1118.0,594.0,177.0,5421.0,393.0,234.0,254.0,4216.0,7151.0,1.0,90.0,363.04,11,15.89272795324547,363.04,413.04,2025-11-02,27.06,426.5,413.04,15.89272795324547,900.0,413.04,413.04,413.03999999999996,1.5761047976,77.8296564336018,22.13186257344072,62.80170389983028,0,15.952887678060424,9.224692662998445,182.65564292321923,35.35822137329352,62.80170389983028,14.376493678250363,77.8296564336018,22.13186257344072,26.33802482726621,28.47772968648808,9.394160861149917,33.8792315939407,8.959743864646901
10,2025-11-02 11:16:04.777,L_6vSQ==,PACKET_DATA,27.94,421.5,73.17,1.532,4.721,120.0,620.0,335.0,94.0,2877.0,207.0,123.0,133.0,2230.0,3738.0,1.0,90.0,189.32,11,11.236113589927044,189.32,239.32,2025-11-02,27.94,421.5,239.32,11.236113589927044,900.0,239.32,239.32,239.31999999999996,1.3353447891999999,44.837230835910866,12.35116925077326,37.100057235563135,0,11.166720361505075,8.955018243464552,182.65564292321923,32.79902281972345,37.100057235563135,11.118477034401971,44.837230835910866,12.35116925077326,26.531455425034643,28.47772968648808,9.329545958481521,33.8792315939407,8.959743864646901
11,2025-11-02 11:31:10.894,L_6vSQ==,PACKET_DATA,27.5,417.5,75.78,1.226,4.72,104.0,538.0,292.0,82.0,2496.0,179.0,106.0,116.0,1967.0,3191.0,1.0,90.0,167.92,11,10.530023872103028,167.92,217.92,2025-11-02,27.5,417.5,217.92,10.530023872103028,900.0,217.92,217.92,217.91999999999996,1.3025961551999998,40.62122973265824,11.086368919797472,33.80673597550182,0,10.580467012804528,9.059840235025995,182.65564292321923,31.268864699217467,33.80673597550182,10.110854637330524,40.62122973265824,11.086368919797472,26.710404364204685,28.47772968648808,9.269023366021885,33.8792315939407,8.959743864646901
12,2025-11-02 11:46:16.883,L_6vSQ==,PACKET_DATA,27.0,415.75,77.59,1.195,4.722,102.0,536.0,290.0,80.0,2439.0,174.0,103.0,113.0,1928.0,3090.0,1.0,90.0,161.72,11,10.39157111541595,161.72,211.72,2025-11-02,27.0,415.75,211.72,10.39157111541595,900.0,211.72,211.72,211.72,1.2931082332,39.39977146909908,10.719931440729724,32.852596171185,0,10.506399128085869,9.188204417549171,182.65564292321923,30.401459020425193,32.852596171185,9.824041595148227,39.39977146909908,10.719931440729724,26.875963971950952,28.47772968648808,9.219947459456403,33.8792315939407,8.959743864646901
13,2025-11-02 12:01:22.992,L_6vSQ==,PACKET_DATA,27.0,413.71,78.3,1.195,4.724,247.0,1234.0,651.0,192.0,5876.0,424.0,252.0,275.0,4600.0,7660.0,1.0,90.0,398.67,12,16.247416392312523,398.67,448.67,2025-11-02,27.0,413.71,448.67,16.247416392312523,900.0,448.67,448.67,448.66999999999996,1.6129173573,84.76129333488969,24.904517333955873,68.63284929474659,0,16.264262141427572,9.178058217085994,182.65564292321923,33.047997035237394,68.63284929474659,15.003011545076998,84.76129333488969,24.904517333955873,27.029138484208136,28.47772968648808,9.170445925596596,33.8792315939407,8.959743864646901
14,2025-11-02 12:16:29.072,L_6vSQ==,PACKET_DATA,28.72,407.36,72.7,1.598,4.725,110.0,577.0,312.0,86.0,2629.0,188.0,112.0,122.0,2029.0,3402.0,1.0,90.0,171.76,12,10.283934786315688,171.76,221.76,2025-11-02,28.72,407.36,221.76,10.283934786315688,900.0,221.76,221.76,221.76,1.3084725456,41.37774581847554,11.313323745542663,34.397687080110956,0,10.278248562674868,8.688816458639552,182.65564292321923,33.14158627150324,34.397687080110956,10.635977496972002,41.37774581847554,11.313323745542663,27.170855118663283,28.47772968648808,9.100836355436146,33.8792315939407,8.959743864646901
15,2025-11-02 12:30:04.451,L_6vSQ==,PACKET_DATA,27.91,404.17,75.81,1.185,4.721,110.0,577.0,312.0,86.0,2635.0,188.0,112.0,122.0,2067.0,3365.0,1.0,90.0,171.31,12,10.462907062484334,171.31,221.31,2025-11-02,27.91,404.17,221.31,10.462907062484334,900.0,221.31,221.31,221.30999999999995,1.3077839060999998,41.289091589668814,11.286727476900646,34.32843499753957,0,10.466461268376221,8.878406698638244,182.65564292321923,31.544217647880924,34.32843499753957,10.142961728762208,41.289091589668814,11.286727476900646,27.30197117068442,28.47772968648808,9.048901991145375,33.8792315939407,8.959743864646901
16,2025-11-02 12:45:10.487,L_6vSQ==,PACKET_DATA,27.03,402.5,77.83,1.122,4.721,110.0,474.0,267.0,87.0,2661.0,195.0,114.0,126.0,2184.0,3504.0,1.0,90.0,179.15,12,10.942525506767112,179.15,229.15,2025-11-02,27.03,402.5,229.15,10.942525506767112,900.0,229.15,229.15,229.14999999999995,1.3197815364999999,42.833645264879124,11.750093579463737,35.53496016944988,0,10.94743080464986,9.113364334376088,182.65564292321923,30.638712133982512,35.53496016944988,10.233335360154127,42.833645264879124,11.750093579463737,27.423279640989463,28.47772968648808,9.006759935231434,33.8792315939407,8.959743864646901
17,2025-11-02 13:00:16.532,L_6vSQ==,PACKET_DATA,27.3,403.0,78.19,1.202,4.725,63.0,331.0,182.0,49.0,1508.0,107.0,64.0,70.0,1195.0,1901.0,1.0,90.0,92.65,13,7.233743560077352,92.65,142.65,2025-11-02,27.3,403.0,142.65,7.233743560077352,900.0,142.65,142.65,142.65,1.127477251,26.551925114800426,6.5173083716001425,22.607256302544638,0,6.948031320461816,9.043487013059854,182.65564292321923,30.02464969265626,22.607256302544638,6.536923555094372,26.551925114800426,6.5173083716001425,27.535514163249623,28.47772968648808,8.977829803861699,33.8792315939407,8.959743864646901
18,2025-11-02 13:15:22.569,L_6vSQ==,PACKET_DATA,26.73,402.9,80.8,1.001,4.723,157.0,785.0,422.0,123.0,3768.0,271.0,160.0,176.0,3009.0,4833.0,1.0,90.0,253.83,13,13.293149951317488,253.83,303.83000000000004,2025-11-02,26.73,402.9,303.83000000000004,13.293149951317488,900.0,303.83000000000004,303.83000000000004,303.8300000000001,1.4333525924000001,55.85526048232951,15.256578144698853,45.466416920062116,0,13.238604613740744,9.189900677843937,182.65564292321923,32.138370913522095,45.466416920062116,12.369340774171489,55.85526048232951,15.256578144698853,27.639353480006196,28.47772968648808,8.948053467608517,33.8792315939407,8.959743864646901
19,2025-11-02 13:30:28.675,L_6vSQ==,PACKET_DATA,27.5,402.67,77.97,1.34,4.721,212.0,1034.0,553.0,165.0,5056.0,366.0,217.0,237.0,3965.0,6636.0,1.0,90.0,338.7,13,15.043932830700092,338.7,388.7,2025-11-02,27.5,402.67,388.7,15.043932830700092,900.0,388.7,388.7,388.70000000000005,1.547441636,73.02889743022156,20.40866922906647,58.88157082726413,0,15.008221432385122,8.986140296906044,182.65564292321923,33.26476919843247,58.88157082726413,14.039451197212884,73.02889743022156,20.40866922906647,27.7354255590455,28.47772968648808,8.919796967057462,33.8792315939407,8.959743864646901
20,2025-11-02 13:45:34.765,L_6vSQ==,PACKET_DATA,28.62,399.1,74.17,1.451,4.72,199.0,954.0,514.0,155.0,4724.0,343.0,204.0,221.0,3665.0,6279.0,1.0,90.0,316.13,13,14.281608525294732,316.13,366.13,2025-11-02,28.62,399.1,366.13,14.281608525294732,900.0,366.13,366.13,366.13,1.5171012364,68.48701024289134,19.046103072867403,55.33368427113995,0,14.110708604666282,8.66947143715763,182.65564292321923,32.532294516757375,55.33368427113995,13.574550921430667,68.48701024289134,19.046103072867403,27.824311394500718,28.47772968648808,8.87672793462718,33.8792315939407,8.959743864646901
21,2025-11-02 14:00:40.756,L_6vSQ==,PACKET_DATA,29.12,394.7,72.92,1.481,4.719,166.0,825.0,444.0,129.0,3943.0,285.0,170.0,184.0,3047.0,5188.0,1.0,90.0,259.02,14,12.76740368197081,259.02,309.02,2025-11-02,29.12,394.7,309.02,12.76740368197081,900.0,309.02,309.02,309.02,1.4403294056,56.910610435560606,15.573183130668182,46.29080153303085,0,12.57567506307412,8.547295155931494,182.65564292321923,31.054468141931142,46.29080153303085,12.292490553019864,56.910610435560606,15.573183130668182,27.906548521436264,28.47772968648808,8.831292174579273,33.8792315939407,8.959743864646901
22,2025-11-02 14:15:46.824,L_6vSQ==,PACKET_DATA,28.88,392.0,73.52,1.372,4.719,53.0,279.0,154.0,42.0,1280.0,91.0,55.0,59.0,1008.0,1647.0,1.0,90.0,82.03,14,6.295973708505915,82.03,132.03,2025-11-02,28.88,392.0,132.03,6.295973708505915,900.0,132.03,132.03,132.02999999999997,1.1001271402,24.67626280466266,5.89208760155422,21.104517785972913,0,6.056160162401897,8.577195337781822,182.65564292321923,30.21672792893316,21.104517785972913,6.0376938820889325,24.67626280466266,5.89208760155422,27.98263426688634,28.47772968648808,8.796352407189701,33.8792315939407,8.959743864646901
23,2025-11-02 14:30:52.823,L_6vSQ==,PACKET_DATA,27.62,389.5,78.5,0.934,4.726,194.0,951.0,510.0,151.0,4631.0,335.0,198.0,217.0,3670.0,6021.0,1.0,90.0,309.08,14,14.25837462137362,309.08,359.08,2025-11-02,27.62,389.5,359.08,14.25837462137362,900.0,359.08,359.08,359.0799999999999,1.5076240624,67.06829935805845,18.62048980741754,54.225460956090075,0,14.12660072311813,8.884545992771987,182.65564292321923,32.55083251147422,54.225460956090075,13.286842056673493,67.06829935805845,18.62048980741754,28.053028757519755,28.47772968648808,8.764152858621268,33.8792315939407,8.959743864646901
24,2025-11-02 14:45:58.885,L_6vSQ==,PACKET_DATA,28.74,387.8,74.73,1.414,4.72,162.0,788.0,427.0,126.0,3860.0,279.0,166.0,180.0,3013.0,5083.0,1.0,90.0,251.91,14,12.615659186261915,251.91,301.91,2025-11-02,28.74,387.8,301.91,12.615659186261915,900.0,301.91,301.91,301.91,1.4307715748,55.46484200252145,15.139452600756435,45.16144226555343,0,12.424692875191798,8.584563924247355,182.65564292321923,32.16176756712197,45.16144226555343,12.122394642721929,55.46484200252145,15.139452600756435,28.11815770227181,28.47772968648808,8.737702134145648,33.8792315939407,8.959743864646901
25,2025-11-02 15:01:04.975,L_6vSQ==,PACKET_DATA,28.94,384.21,74.48,1.373,4.72,166.0,825.0,444.0,129.0,3946.0,285.0,169.0,184.0,3068.0,5170.0,1.0,90.0,260.07,15,12.722944853015044,260.07,310.07,2025-11-02,28.94,384.21,310.07,12.722944853015044,900.0,310.07,310.07,310.07000000000005,1.4417408996,57.12412054170564,15.637236162511694,46.4575845472153,0,12.51224475027907,8.52482043271911,182.65564292321923,30.75663809727428,46.4575845472153,12.177802408159996,57.12412054170564,15.637236162511694,28.17841496681668,28.47772968648808,8.702865137236657,33.8792315939407,8.959743864646901
26,2025-11-02 15:16:11.044,L_6vSQ==,PACKET_DATA,29.25,381.43,74.2,1.344,4.721,256.0,1259.0,667.0,198.0,6063.0,439.0,262.0,283.0,4665.0,8047.0,1.0,90.0,402.66,15,15.214290839305557,402.66,452.66,2025-11-02,29.25,381.43,452.66,15.214290839305557,900.0,452.66,452.66,452.66,1.6170397854,85.54649023912657,25.163947071737972,69.2605478476448,0,15.02065917608892,8.457185814957452,182.65564292321923,33.41540846137137,69.2605478476448,14.369124026182497,85.54649023912657,25.163947071737972,28.234164955462685,28.47772968648808,8.6735682639289,33.8792315939407,8.959743864646901
27,2025-11-02 15:31:17.023,L_6vSQ==,PACKET_DATA,30.23,377.33,70.83,1.561,4.719,98.0,495.0,271.0,77.0,2343.0,168.0,101.0,109.0,1804.0,3073.0,1.0,90.0,153.09,15,9.021087104168798,153.09,203.09,2025-11-02,30.23,377.33,203.09,9.021087104168798,900.0,203.09,203.09,203.09000000000006,1.2799016579,37.699580369983664,10.209874110995099,31.524495120982714,0,9.279800322511813,8.372721643095225,182.65564292321923,33.17994799400118,31.524495120982714,9.920860048133019,37.699580369983664,10.209874110995099,28.285744814878996,28.47772968648808,8.638494231466618,33.8792315939407,8.959743864646901
28,2025-11-02 15:46:23.104,L_6vSQ==,PACKET_DATA,29.0,376.89,74.87,1.163,4.726,110.0,574.0,311.0,86.0,2628.0,188.0,112.0,122.0,2054.0,3370.0,1.0,90.0,171.46,15,9.970320946028291,171.46,221.46,2025-11-02,29.0,376.89,221.46,9.970320946028291,900.0,221.46,221.46,221.46000000000006,1.3080134526,41.31864299927108,11.295592899781324,34.35151902506338,0,9.956595875244819,8.474823743469642,182.65564292321923,34.92175438702525,34.35151902506338,10.772587094385756,41.31864299927108,11.295592899781324,28.333466472981947,28.47772968648808,8.623907360172588,33.8792315939407,8.959743864646901
29,2025-11-02 16:01:29.142,L_6vSQ==,PACKET_DATA,28.74,376.57,76.18,1.186,4.721,141.0,697.0,379.0,110.0,3362.0,242.0,143.0,156.0,2643.0,4355.0,1.0,90.0,220.75,16,11.63229848166111,220.75,270.75,2025-11-02,28.74,376.57,270.75,11.63229848166111,900.0,270.75,270.75,270.74999999999994,1.3834424324999999,50.31703361310464,13.82925840327616,41.28093729339085,0,11.430698734813054,8.525592456271157,182.65564292321923,35.82462821319875,41.28093729339085,11.63763646128668,50.31703361310464,13.82925840327616,28.377618525311412,28.47772968648808,8.611019063867307,33.8792315939407,8.959743864646901
30,2025-11-02 16:15:04.608,L_6vSQ==,PACKET_DATA,28.74,375.45,75.84,1.305,4.721,141.0,702.0,381.0,110.0,3373.0,243.0,144.0,157.0,2644.0,4391.0,1.0,90.0,220.47,16,11.61268955409243,220.47,270.47,2025-11-02,28.74,375.45,270.47,11.61268955409243,900.0,270.47,270.47,270.4700000000001,1.3830139457000001,50.271621457243654,13.817905364310914,41.24682804400531,0,11.4102990728967,8.519651886623125,182.65564292321923,36.38511283209349,41.24682804400531,11.499173281827623,50.271621457243654,13.817905364310914,28.418467980305174,28.47772968648808,8.59485518077523,33.8792315939407,8.959743864646901
31,2025-11-02 16:30:10.605,L_6vSQ==,PACKET_DATA,29.72,375.33,73.05,1.428,4.717,137.0,939.0,480.0,106.0,3227.0,219.0,135.0,144.0,2313.0,3923.0,1.0,90.0,210.0,16,11.025007213008776,210.0,260.0,2025-11-02,29.72,375.33,260.0,11.025007213008776,900.0,260.0,260.0,260.0,1.3669916,48.57353120058387,13.393382800145968,39.97138575448093,0,10.892053296373097,8.37273775200398,182.65564292321923,36.730652227245436,39.97138575448093,11.243924963630281,48.57353120058387,13.393382800145968,28.456261874025795,28.47772968648808,8.584881875943692,33.8792315939407,8.959743864646901
32,2025-11-02 16:45:16.660,L_6vSQ==,PACKET_DATA,29.25,374.0,75.11,1.24,4.721,229.0,1115.0,596.0,178.0,5442.0,394.0,234.0,255.0,4236.0,7179.0,1.0,90.0,364.68,16,14.54990158578266,364.68,414.68,2025-11-02,29.25,374.0,414.68,14.54990158578266,900.0,414.68,414.68,414.68,1.5777992292,78.14871016691957,22.25948406676783,63.07010351946718,0,14.370620875562356,8.417508269910854,182.65564292321923,37.225254878377086,63.07010351946718,12.526607054231112,78.14871016691957,22.25948406676783,28.491228764105088,28.47772968648808,8.569282170759656,33.8792315939407,8.959743864646901
33,2025-11-02 17:00:22.764,L_6vSQ==,PACKET_DATA,30.06,370.64,71.55,1.466,4.718,160.0,785.0,425.0,125.0,3799.0,275.0,164.0,177.0,2922.0,5041.0,1.0,90.0,253.29,17,12.06298644790686,253.29,303.29,2025-11-02,30.06,370.64,303.29,12.06298644790686,900.0,303.29,303.29,303.2900000000001,1.4326266812000001,55.7454552848835,15.223636585465048,45.38064279848155,0,11.914502519817054,8.333616767146365,182.65564292321923,34.03704061160368,45.38064279848155,12.160241518455948,55.7454552848835,15.223636585465048,28.523580111940678,28.47772968648808,8.54356045974137,33.8792315939407,8.959743864646901
34,2025-11-02 17:15:28.833,L_6vSQ==,PACKET_DATA,29.87,368.86,72.88,1.337,4.717,133.0,661.0,360.0,104.0,3178.0,229.0,136.0,148.0,2471.0,4166.0,1.0,90.0,208.69,17,10.882835346835035,208.69,258.69,2025-11-02,29.87,368.86,258.69,10.882835346835035,900.0,258.69,258.69,258.69000000000005,1.3649868939,48.36106718566274,13.340266796415685,39.81180319485563,0,10.764156909882029,8.328664983942058,182.65564292321923,32.50378888388156,39.81180319485563,10.93867009704636,48.36106718566274,13.340266796415685,28.55351156150357,28.47772968648808,8.526900533074333,33.8792315939407,8.959743864646901
35,2025-11-02 17:30:34.884,L_6vSQ==,PACKET_DATA,29.38,369.2,74.54,1.255,4.72,98.0,495.0,271.0,77.0,2347.0,168.0,100.0,109.0,1840.0,3035.0,1.0,90.0,154.07,17,9.181898886519836,154.07,204.07,2025-11-02,29.38,369.2,204.07,9.181898886519836,900.0,204.07,204.07,204.07000000000005,1.2814013617,37.89264957938495,10.267794873815484,31.675310767471498,0,9.322313147393842,8.37350881052315,182.65564292321923,31.634629521969053,31.675310767471498,9.403142388762262,37.89264957938495,10.267794873815484,28.581204122490167,28.47772968648808,8.522206623152249,33.8792315939407,8.959743864646901
36,2025-11-02 17:45:40.841,L_6vSQ==,PACKET_DATA,29.0,369.0,76.82,1.146,4.724,258.0,1275.0,674.0,200.0,6115.0,442.0,263.0,286.0,4753.0,8033.0,1.0,90.0,411.78,17,15.176691515691523,411.78,461.78,2025-11-02,29.0,369.0,461.78,15.176691515691523,900.0,461.78,461.78,461.7799999999999,1.6264624782,87.3503233845606,25.705097015368178,70.66960868562182,0,14.96588096452205,8.4326670083423,182.65564292321923,34.321359541574466,70.66960868562182,14.07446460348542,87.3503233845606,25.705097015368178,28.606825264973935,28.47772968648808,8.51517004345376,33.8792315939407,8.959743864646901
37,2025-11-02 18:00:46.902,L_6vSQ==,PACKET_DATA,30.47,367.5,71.27,1.516,4.719,93.0,491.0,268.0,73.0,2227.0,159.0,95.0,103.0,1700.0,2898.0,1.0,90.0,144.33,18,8.587543157088202,144.33,194.33,2025-11-02,30.47,367.5,194.33,8.587543157088202,900.0,194.33,194.33,194.33000000000004,1.2605708222,36.03715341959335,9.679051139864452,30.20660818750185,0,8.864266784977294,8.328658180993964,182.65564292321923,33.267631931139306,30.20660818750185,9.57479845818232,36.03715341959335,9.679051139864452,28.630529932176483,28.47772968648808,8.50165848734404,33.8792315939407,8.959743864646901
38,2025-11-02 18:15:53.012,L_6vSQ==,PACKET_DATA,29.24,366.0,75.09,1.129,4.725,189.0,912.0,492.0,147.0,4496.0,326.0,193.0,210.0,3524.0,5915.0,1.0,90.0,298.14,18,13.251949313459384,298.14,348.14,2025-11-02,29.24,366.0,348.14,13.251949313459384,900.0,348.14,348.14,348.14000000000004,1.4929176392,64.86538696164952,17.959616088494858,52.50466011864507,0,13.004132185484684,8.375892646756613,182.65564292321923,35.55809861364911,52.50466011864507,12.620006796832687,64.86538696164952,17.959616088494858,28.652461477482845,28.47772968648808,8.48858852806191,33.8792315939407,8.959743864646901
39,2025-11-02 18:30:59.024,L_6vSQ==,PACKET_DATA,29.87,367.5,73.14,1.473,4.719,96.0,493.0,270.0,75.0,2289.0,164.0,98.0,106.0,1775.0,2965.0,1.0,90.0,146.58,18,8.777197238155063,146.58,196.58,2025-11-02,29.87,367.5,196.58,8.777197238155063,900.0,196.58,196.58,196.57999999999998,1.2663653371999999,36.45304990757856,9.817683302526186,30.539815112876582,0,8.97609057125353,8.321141632277552,182.65564292321923,32.692131192032136,30.539815112876582,9.457741317079263,36.45304990757856,9.817683302526186,28.672752531367507,28.47772968648808,8.492072811929335,33.8792315939407,8.959743864646901
40,2025-11-02 18:46:05.033,L_6vSQ==,PACKET_DATA,29.01,367.64,76.27,1.128,4.724,117.0,579.0,317.0,91.0,2794.0,201.0,119.0,130.0,2207.0,3620.0,1.0,90.0,178.59,18,10.141457127021082,178.59,228.59,2025-11-02,29.01,367.64,228.59,10.141457127021082,900.0,228.59,228.59,228.59,1.3189245629,42.72332000236411,11.716996000709234,35.44877980002772,0,10.080025677138224,8.42350320256064,182.65564292321923,34.46631377429176,35.44877980002772,10.742234326595682,42.72332000236411,11.716996000709234,28.691525803473922,28.47772968648808,8.488621985517616,33.8792315939407,8.959743864646901
41,2025-11-02 19:01:11.095,L_6vSQ==,PACKET_DATA,28.77,369.5,77.12,1.195,4.723,87.0,453.0,248.0,69.0,2098.0,150.0,89.0,97.0,1650.0,2683.0,1.0,90.0,140.59,19,8.821532324524567,140.59,190.59,2025-11-02,28.77,369.5,190.59,8.821532324524567,900.0,190.59,190.59,190.59000000000003,1.2509390506,35.34584103512016,9.448613678373386,29.652744231545615,0,8.869721899061553,8.481442457115193,182.65564292321923,32.26089853974784,29.652744231545615,9.08061050255489,35.34584103512016,9.448613678373386,28.708894824697985,28.47772968648808,8.494743493675756,33.8792315939407,8.959743864646901
42,2025-11-02 19:16:17.210,L_6vSQ==,PACKET_DATA,28.5,371.0,78.51,1.103,4.725,125.0,620.0,338.0,98.0,2988.0,215.0,128.0,139.0,2368.0,3860.0,1.0,90.0,197.37,19,10.933092280036416,197.37,247.37,2025-11-02,28.5,371.0,247.37,10.933092280036416,900.0,247.37,247.37,247.36999999999998,1.3476637847,46.42315648456431,12.826946945369293,38.33890004600676,0,10.779832379499199,8.551156594841187,182.65564292321923,34.120358097301136,38.33890004600676,11.089205703730595,46.42315648456431,12.826946945369293,28.724964633763342,28.47772968648808,8.499231501434911,33.8792315939407,8.959743864646901
43,2025-11-02 19:31:23.224,L_6vSQ==,PACKET_DATA,28.62,372.5,78.11,1.225,4.724,90.0,454.0,249.0,70.0,2153.0,154.0,92.0,100.0,1702.0,2767.0,1.0,90.0,134.84,19,8.648335549598492,134.84,184.84,2025-11-02,28.62,372.5,184.84,8.648335549598492,900.0,184.84,184.84,184.84000000000003,1.2361308456,34.2829944547135,9.094331484904501,28.801215422254614,0,8.638735424781737,8.530841082141569,182.65564292321923,31.805836476351153,28.801215422254614,8.712483023779251,34.2829944547135,9.094331484904501,28.73983241244043,28.47772968648808,8.50399193387324,33.8792315939407,8.959743864646901
44,2025-11-02 19:46:29.238,L_6vSQ==,PACKET_DATA,28.12,374.14,79.28,1.096,4.723,57.0,292.0,162.0,45.0,1369.0,98.0,58.0,63.0,1091.0,1737.0,1.0,90.0,88.54,19,6.733037933716699,88.54,138.54000000000002,2025-11-02,28.12,374.14,138.54000000000002,6.733037933716699,900.0,138.54000000000002,138.54000000000002,138.54000000000002,1.1168926036,25.82603320381491,6.275344401271637,22.025688006583266,0,6.492004040969672,8.665164204115204,182.65564292321923,30.692754362907372,22.025688006583266,6.3841083536308165,25.82603320381491,6.275344401271637,28.753588073250818,28.47772968648808,8.509744851269161,33.8792315939407,8.959743864646901
45,2025-11-02 20:00:04.691,L_6vSQ==,PACKET_DATA,27.73,376.64,81.0,0.948,4.723,57.0,292.0,161.0,45.0,1369.0,98.0,58.0,63.0,1098.0,1728.0,1.0,90.0,89.38,20,6.87807996647931,89.38,139.38,2025-11-02,27.73,376.64,139.38,6.87807996647931,900.0,139.38,139.38,139.38000000000002,1.1190558892,25.974390674673266,6.324796891557755,22.144548680210406,0,6.630268451987657,8.78558138299779,182.65564292321923,30.06177790810545,22.144548680210406,6.3394289096820415,25.974390674673266,6.324796891557755,28.766314803210967,28.47772968648808,8.520280229965278,33.8792315939407,8.959743864646901
46,2025-11-02 20:15:10.817,L_6vSQ==,PACKET_DATA,28.38,376.86,78.93,1.321,4.717,68.0,644.0,321.0,52.0,1588.0,98.0,63.0,67.0,1033.0,1670.0,1.0,90.0,96.0,20,7.032654534566088,96.0,146.0,2025-11-02,28.38,376.86,146.0,7.032654534566088,900.0,146.0,146.0,145.99999999999997,1.1361046399999999,27.143588837866474,6.714529612622158,23.081283989033825,0,6.7986797059411055,8.611956644836662,182.65564292321923,29.633885491871617,23.081283989033825,6.6365017356792135,27.143588837866474,6.714529612622158,28.778089566903617,28.47772968648808,8.518928821591082,33.8792315939407,8.959743864646901
47,2025-11-02 20:30:16.812,L_6vSQ==,PACKET_DATA,27.62,377.9,80.98,0.935,4.724,123.0,619.0,336.0,96.0,2940.0,211.0,125.0,137.0,2341.0,3763.0,1.0,90.0,192.37,20,11.065439244151264,192.37,242.37,2025-11-02,27.62,377.9,242.37,11.065439244151264,900.0,242.37,242.37,242.36999999999995,1.3400122346999999,45.438109497823035,12.53143284934691,37.56943246188028,0,10.964298155202844,8.822987402729174,182.65564292321923,31.47064084939997,37.56943246188028,10.438753176066337,45.438109497823035,12.53143284934691,28.78898357191919,28.47772968648808,8.52212082378358,33.8792315939407,8.959743864646901
48,2025-11-02 20:45:22.907,L_6vSQ==,PACKET_DATA,28.05,380.0,79.75,1.231,4.721,133.0,661.0,359.0,104.0,3181.0,229.0,136.0,148.0,2512.0,4119.0,1.0,90.0,209.3,20,11.515290269157756,209.3,259.3,2025-11-02,28.05,380.0,259.3,11.515290269157756,900.0,259.3,259.3,259.3,1.365920383,48.460000810931355,13.365000202732839,39.88611263101702,0,11.348997517116086,8.715205513919429,182.65564292321923,32.349632811839605,39.88611263101702,11.049713847149537,48.460000810931355,13.365000202732839,28.799062699481926,28.47772968648808,8.531085147632854,33.8792315939407,8.959743864646901
49,2025-11-02 21:00:28.956,L_6vSQ==,PACKET_DATA,28.62,381.18,78.36,1.253,4.719,98.0,496.0,271.0,77.0,2347.0,168.0,100.0,109.0,1848.0,3025.0,1.0,90.0,154.47,21,9.47773337036241,154.47,204.47,2025-11-02,28.62,381.18,204.47,9.47773337036241,900.0,204.47,204.47,204.46999999999997,1.2820134856999998,37.97145333832423,10.29143600149727,31.7368681742016,0,9.581146150944768,8.576796019536078,182.65564292321923,30.843127897923367,31.7368681742016,9.376251445654088,37.97145333832423,10.29143600149727,28.808387902864958,28.47772968648808,8.535345327383931,33.8792315939407,8.959743864646901
50,2025-11-02 21:15:35.016,L_6vSQ==,PACKET_DATA,28.05,379.33,79.11,1.148,4.723,144.0,704.0,383.0,112.0,3433.0,248.0,147.0,160.0,2716.0,4458.0,1.0,90.0,222.87,21,11.91574935751593,222.87,272.87,2025-11-02,28.05,379.33,272.87,11.91574935751593,900.0,272.87,272.87,272.87000000000006,1.3866866897,50.66086850748085,13.915217126870212,41.53919303873869,0,11.730765035367664,8.711657786979123,182.65564292321923,32.818378875603834,41.53919303873869,11.459116114393012,50.66086850748085,13.915217126870212,28.817015576003687,28.47772968648808,8.523789995152011,33.8792315939407,8.959743864646901
51,2025-11-02 21:30:41.029,L_6vSQ==,PACKET_DATA,28.51,379.86,77.48,1.309,4.723,54.0,290.0,160.0,43.0,1309.0,93.0,55.0,60.0,1026.0,1661.0,1.0,90.0,86.14,21,6.542624560053543,86.14,136.14,2025-11-02,28.51,379.86,136.14,6.542624560053543,900.0,136.14,136.14,136.14,1.1107117876,25.40215471564818,6.134051571882726,21.686086081934285,0,6.3020360490922265,8.595771004207123,182.65564292321923,31.03637112148193,21.686086081934285,6.371555726745386,25.40215471564818,6.134051571882726,28.82499789453673,28.47772968648808,8.52492825273297,33.8792315939407,8.959743864646901
52,2025-11-02 21:45:47.046,L_6vSQ==,PACKET_DATA,27.62,380.45,80.56,0.95,4.72,131.0,660.0,357.0,102.0,3130.0,225.0,133.0,146.0,2485.0,4015.0,1.0,90.0,204.53,21,11.479786506782776,204.53,254.53,2025-11-02,27.62,380.45,254.53,11.479786506782776,900.0,254.53,254.53,254.52999999999994,1.3586208042999999,47.686372298584914,13.171593074646228,39.30503720398442,0,11.345430198586651,8.836661614159254,182.65564292321923,32.92834309347093,39.30503720398442,11.077689993194518,47.686372298584914,13.171593074646228,28.832383131336783,28.47772968648808,8.52651202437045,33.8792315939407,8.959743864646901
53,2025-11-02 22:00:53.133,L_6vSQ==,PACKET_DATA,28.25,382.0,78.95,1.267,4.719,210.0,1032.0,552.0,163.0,5003.0,362.0,215.0,234.0,3911.0,6561.0,1.0,90.0,330.84,22,14.41812291991122,330.84,380.84,2025-11-02,28.25,382.0,380.84,14.41812291991122,900.0,380.84,380.84,380.8399999999999,1.5368755952,71.44718572032276,19.93415571609683,57.64601972708086,0,14.264042356927881,8.672423711785456,182.65564292321923,34.04034028069053,57.64601972708086,13.533010856195766,71.44718572032276,19.93415571609683,28.83921594843962,28.47772968648808,8.53326670246131,33.8792315939407,8.959743864646901
54,2025-11-02 22:15:59.174,L_6vSQ==,PACKET_DATA,29.55,380.44,74.7,1.486,4.72,248.0,1232.0,653.0,192.0,5865.0,424.0,254.0,274.0,4478.0,7801.0,1.0,90.0,390.16,22,14.929395922634043,390.16,440.16,2025-11-02,29.55,380.44,440.16,14.929395922634043,900.0,440.16,440.16,440.15999999999997,1.6041249104,83.1057157309054,24.242286292362163,67.24011712211855,0,14.743512920852801,8.41475504881965,182.65564292321923,34.79050238994601,67.24011712211855,14.008297792405042,83.1057157309054,24.242286292362163,28.845537667136636,28.47772968648808,8.523754425717767,33.8792315939407,8.959743864646901
55,2025-11-02 22:31:05.199,L_6vSQ==,PACKET_DATA,30.43,378.78,71.34,1.505,4.723,77.0,409.0,224.0,60.0,1839.0,131.0,78.0,85.0,1404.0,2383.0,1.0,90.0,115.36,22,7.502919598138903,115.36,165.36,2025-11-02,30.43,378.78,165.36,7.502919598138903,900.0,165.36,165.36,165.35999999999996,1.1859632223999999,30.682255083179292,7.8940850277264305,25.91638390834352,0,7.579450518489799,8.390395112611289,182.65564292321923,33.0597671591079,25.91638390834352,8.42203150206611,30.682255083179292,7.8940850277264305,28.85138651786434,28.47772968648808,8.513793470253555,33.8792315939407,8.959743864646901
56,2025-11-02 22:46:11.311,L_6vSQ==,PACKET_DATA,29.12,378.5,76.18,1.049,4.723,144.0,704.0,383.0,112.0,3430.0,248.0,147.0,160.0,2704.0,4472.0,1.0,90.0,223.1,22,11.609989327712736,223.1,273.1,2025-11-02,29.12,378.5,273.1,11.609989327712736,900.0,273.1,273.1,273.1,1.387038661,50.698171349795246,13.924542837448811,41.56721135073397,0,11.415249966728378,8.462176109048986,182.65564292321923,35.036062529989515,41.56721135073397,11.763219636510769,50.698171349795246,13.924542837448811,28.856797871401973,28.47772968648808,8.51120944229852,33.8792315939407,8.959743864646901
57,2025-11-02 23:01:17.364,L_6vSQ==,PACKET_DATA,29.05,378.57,75.66,1.275,4.723,81.0,413.0,228.0,64.0,1956.0,140.0,83.0,91.0,1540.0,2520.0,1.0,90.0,128.07,23,8.294911277873556,128.07,178.07,2025-11-02,29.05,378.57,178.07,8.294911277873556,900.0,178.07,178.07,178.06999999999996,1.2186957937999998,33.03160813308687,8.677202711028958,27.79863280679372,0,8.248234984442663,8.474664506367564,182.65564292321923,32.572057026066794,27.79863280679372,8.734204755706966,33.03160813308687,8.677202711028958,28.861804452775388,28.47772968648808,8.510562116429659,33.8792315939407,8.959743864646901
58,2025-11-02 23:16:23.378,L_6vSQ==,PACKET_DATA,28.5,379.5,78.25,1.078,4.725,112.0,575.0,313.0,88.0,2685.0,192.0,114.0,125.0,2117.0,3439.0,1.0,90.0,177.78,23,10.35103199343714,177.78,227.78,2025-11-02,28.5,379.5,227.78,10.35103199343714,900.0,227.78,227.78,227.77999999999994,1.3176850117999999,42.56374239051202,11.669122717153606,35.324126051399226,0,10.290336385072871,8.59628710089147,182.65564292321923,34.342561527922385,35.324126051399226,10.824430725331574,42.56374239051202,11.669122717153606,28.866436539160862,28.47772968648808,8.514539362105346,33.8792315939407,8.959743864646901
59,2025-11-02 23:31:29.359,L_6vSQ==,PACKET_DATA,28.52,380.5,78.21,1.189,4.725,131.0,660.0,358.0,102.0,3126.0,225.0,133.0,146.0,2460.0,4038.0,1.0,90.0,203.99,23,11.224746324424103,203.99,253.99,2025-11-02,28.52,380.5,253.99,11.224746324424103,900.0,253.99,253.99,253.98999999999995,1.3577944369,47.598791712281546,13.149697928070387,39.23925508016941,0,11.059098155160921,8.596736241359624,182.65564292321923,35.21047814569592,39.23925508016941,11.442628307650718,47.598791712281546,13.149697928070387,28.87072214298554,28.47772968648808,8.518951999170305,33.8792315939407,8.959743864646901
60,2025-11-02 23:45:04.844,L_6vSQ==,PACKET_DATA,28.74,381.5,77.36,1.248,4.722,131.0,660.0,358.0,102.0,3126.0,225.0,134.0,145.0,2451.0,4051.0,1.0,90.0,201.99,23,11.10822527772272,201.99,251.99,2025-11-02,28.74,381.5,251.99,11.10822527772272,900.0,251.99,251.99,251.99000000000007,1.3547338169,47.27441917041723,13.068604792604308,38.99561758455827,0,10.949207390326452,8.5516159920056,182.65564292321923,35.735542555414945,38.99561758455827,11.395207740853945,47.27441917041723,13.068604792604308,28.87468718133191,28.47772968648808,8.523423899378487,33.8792315939407,8.959743864646901
61,2025-11-03 00:00:10.939,L_6vSQ==,PACKET_DATA,28.94,381.5,77.01,1.248,4.722,140.0,670.0,367.0,110.0,3347.0,243.0,144.0,157.0,2648.0,4393.0,1.0,90.0,224.78,0,11.74187842712692,224.78,274.78,2025-11-03,28.94,381.5,274.78,11.74187842712692,900.0,274.78,274.78,274.78000000000003,1.3896095818,50.97064428496128,13.99266107124032,41.771866847047335,0,11.543566733446614,8.51056194683222,182.65564292321923,36.17907669909873,41.771866847047335,11.685604098726067,50.97064428496128,13.99266107124032,28.878355632670704,28.47772968648808,8.522687007559918,33.8792315939407,8.959743864646901
62,2025-11-03 00:15:16.931,L_6vSQ==,PACKET_DATA,29.05,380.8,76.46,1.274,4.721,102.0,533.0,289.0,79.0,2430.0,173.0,103.0,112.0,1891.0,3120.0,1.0,90.0,152.34,0,9.279667945279655,152.34,202.34,2025-11-03,29.05,380.8,202.34,9.279667945279655,900.0,202.34,202.34,202.34000000000006,1.2787539254,37.55182332197247,10.165546996591742,31.409074983363737,0,9.41648042957646,8.486479822690779,182.65564292321923,33.70531087945917,31.409074983363737,10.112218554357892,37.55182332197247,10.165546996591742,28.881749681870108,28.47772968648808,8.51831778829727,33.8792315939407,8.959743864646901
63,2025-11-03 00:30:22.965,L_6vSQ==,PACKET_DATA,28.72,382.15,77.69,1.193,4.724,120.0,617.0,335.0,94.0,2880.0,206.0,123.0,134.0,2263.0,3704.0,1.0,90.0,187.85,0,10.656949129128703,187.85,237.85,2025-11-03,28.72,382.15,237.85,10.656949129128703,900.0,237.85,237.85,237.85,1.3330952335,44.54762702180894,12.264288106542683,36.87383376582996,0,10.54965624373222,8.559398552916576,182.65564292321923,35.52154164016498,36.87383376582996,11.168384321851512,44.54762702180894,12.264288106542683,28.8848898543582,28.47772968648808,8.524800713695125,33.8792315939407,8.959743864646901
64,2025-11-03 00:45:29.048,L_6vSQ==,PACKET_DATA,28.62,382.83,77.5,1.231,4.724,78.0,403.0,221.0,61.0,1880.0,134.0,80.0,87.0,1482.0,2405.0,1.0,90.0,118.13,0,8.000010372628484,118.13,168.13,2025-11-03,28.62,382.83,168.13,8.000010372628484,900.0,168.13,168.13,168.13,1.1930969141999999,31.194269870609983,8.064756623536661,26.326598656471536,0,7.856109398435679,8.585456036617398,182.65564292321923,33.262328474943736,26.326598656471536,8.648868272062868,31.194269870609983,8.064756623536661,28.887795140249956,28.47772968648808,8.527797327636865,33.8792315939407,8.959743864646901
65,2025-11-03 01:02:05.699,L_6vSQ==,PACKET_DATA,28.05,384.71,79.61,1.052,4.722,0.0,0.0,0.0,0.0,0.0,0.0,0.0,0.0,0.0,0.0,1.0,90.0,0.0,1,-1.334585371849398,0.0,0.0,2025-11-03,28.05,384.71,0.0,-1.334585371849398,900.0,0.0,0.0,0.0,0.0,19.0,4.0,16.55682351251732,0,0.0,8.74000735085887,182.65564292321923,32.17584488286896,16.55682351251732,0.0,19.0,4.0,28.89048310918951,28.47772968648808,8.537130301981424,33.8792315939407,8.959743864646901
66,2025-11-03 01:15:37.572,L_6vSQ==,PACKET_DATA,27.05,389.43,82.91,-0.003,4.673,0.0,0.0,0.0,0.0,0.0,0.0,0.0,0.0,0.0,0.0,0.0,90.0,0.0,1,-1.172129667929136,0.0,0.0,2025-11-03,27.05,389.43,0.0,-1.172129667929136,900.0,0.0,0.0,0.0,0.0,19.0,4.0,16.55682351251732,0,0.0,9.039521709221543,182.65564292321923,31.559946417834084,16.55682351251732,0.0,19.0,4.0,28.892970016602142,28.47772968648808,8.56128179547846,33.8792315939407,8.959743864646901
67,2025-11-03 01:30:37.499,L_6vSQ==,PACKET_DATA,26.24,396.22,85.01,-0.003,4.621,0.0,0.0,0.0,0.0,0.0,0.0,0.0,0.0,0.0,0.0,0.0,90.0,0.0,1,-1.0316483719760043,0.0,0.0,2025-11-03,26.24,396.22,0.0,-1.0316483719760043,900.0,0.0,0.0,0.0,0.0,19.0,4.0,16.55682351251732,0,0.0,9.255090101257759,182.65564292321923,31.142279038405142,16.55682351251732,0.0,19.0,4.0,28.895270901998543,28.47772968648808,8.595941887465226,33.8792315939407,8.959743864646901
68,2025-11-03 01:45:37.523,L_6vSQ==,PACKET_DATA,25.75,401.3,86.4,-0.003,4.578,0.0,0.0,0.0,0.0,0.0,0.0,0.0,0.0,0.0,0.0,0.0,90.0,0.0,1,-0.9514334508339992,0.0,0.0,2025-11-03,25.75,401.3,0.0,-0.9514334508339992,900.0,0.0,0.0,0.0,0.0,19.0,4.0,16.55682351251732,0,0.0,9.349976873471649,182.65564292321923,30.81637976904309,16.55682351251732,0.0,19.0,4.0,28.89739967992589,28.47772968648808,8.621523213815703,33.8792315939407,8.959743864646901
69,2025-11-03 02:00:37.569,L_6vSQ==,PACKET_DATA,25.38,405.5,87.49,-0.003,4.527,0.0,0.0,0.0,0.0,0.0,0.0,0.0,0.0,0.0,0.0,0.0,90.0,0.0,2,-0.8957517908430095,0.0,0.0,2025-11-03,25.38,405.5,0.0,-0.8957517908430095,900.0,0.0,0.0,0.0,0.0,19.0,4.0,16.55682351251732,0,0.0,9.397824263312842,182.65564292321923,30.53988644698846,16.55682351251732,0.0,19.0,4.0,28.899369224115727,28.47772968648808,8.64245200238068,33.8792315939407,8.959743864646901
70,2025-11-03 02:15:37.628,L_6vSQ==,PACKET_DATA,25.12,410.11,88.53,-0.002,4.482,0.0,0.0,0.0,0.0,0.0,0.0,0.0,0.0,0.0,0.0,0.0,90.0,0.0,2,-0.8638500504613962,0.0,0.0,2025-11-03,25.12,410.11,0.0,-0.8638500504613962,900.0,0.0,0.0,0.0,0.0,19.0,4.0,16.55682351251732,0,0.0,9.426388820635301,182.65564292321923,30.29526962010698,16.55682351251732,0.0,19.0,4.0,28.90119144533753,28.47772968648808,8.665296688232766,33.8792315939407,8.959743864646901
71,2025-11-03 02:30:37.553,L_6vSQ==,PACKET_DATA,25.02,413.91,89.18,-0.003,4.427,0.0,0.0,0.0,0.0,0.0,0.0,0.0,0.0,0.0,0.0,0.0,90.0,0.0,2,-0.857558094743208,0.0,0.0,2025-11-03,25.02,413.91,0.0,-0.857558094743208,900.0,0.0,0.0,0.0,0.0,19.0,4.0,16.55682351251732,0,0.0,9.4453964160823,182.65564292321923,30.074678462649974,16.55682351251732,0.0,19.0,4.0,28.902877363428797,28.47772968648808,8.683935574809805,33.8792315939407,8.959743864646901
72,2025-11-03 02:45:37.618,L_6vSQ==,PACKET_DATA,24.86,419.61,90.03,-0.003,4.381,0.0,0.0,0.0,0.0,0.0,0.0,0.0,0.0,0.0,0.0,0.0,90.0,0.0,2,-0.8470803525876001,0.0,0.0,2025-11-03,24.86,419.61,0.0,-0.8470803525876001,900.0,0.0,0.0,0.0,0.0,19.0,4.0,16.55682351251732,0,0.0,9.469915273214502,182.65564292321923,29.874087631557316,16.55682351251732,0.0,19.0,4.0,28.904437173937232,28.47772968648808,8.711807603712387,33.8792315939407,8.959743864646901
73,2025-11-03 03:00:37.601,L_6vSQ==,PACKET_DATA,24.62,425.92,90.55,-0.003,4.335,0.0,0.0,0.0,0.0,0.0,0.0,0.0,0.0,0.0,0.0,0.0,90.0,0.0,3,-0.8274439862496035,0.0,0.0,2025-11-03,24.62,425.92,0.0,-0.8274439862496035,900.0,0.0,0.0,0.0,0.0,19.0,4.0,16.55682351251732,0,0.0,9.485972988690548,182.65564292321923,29.691031982350662,16.55682351251732,0.0,19.0,4.0,28.905880309778063,28.47772968648808,8.742320492598026,33.8792315939407,8.959743864646901
74,2025-11-03 03:15:37.599,L_6vSQ==,PACKET_DATA,24.56,428.3,90.79,-0.003,4.287,0.0,0.0,0.0,0.0,0.0,0.0,0.0,0.0,0.0,0.0,0.0,90.0,0.0,3,-0.8248500304211106,0.0,0.0,2025-11-03,24.56,428.3,0.0,-0.8248500304211106,900.0,0.0,0.0,0.0,0.0,19.0,4.0,16.55682351251732,0,0.0,9.492788807740288,182.65564292321923,29.52372569784321,16.55682351251732,0.0,19.0,4.0,28.907215498279385,28.47772968648808,8.753568299295392,33.8792315939407,8.959743864646901
75,2025-11-03 03:30:37.582,L_6vSQ==,PACKET_DATA,24.31,430.44,91.14,-0.003,4.256,0.0,0.0,0.0,0.0,0.0,0.0,0.0,0.0,0.0,0.0,0.0,90.0,0.0,3,-0.7970720411628385,0.0,0.0,2025-11-03,24.31,430.44,0.0,-0.7970720411628385,900.0,0.0,0.0,0.0,0.0,19.0,4.0,16.55682351251732,0,0.0,9.472753843171601,182.65564292321923,29.370715961439256,16.55682351251732,0.0,19.0,4.0,28.908450813960428,28.47772968648808,8.76362315381645,33.8792315939407,8.959743864646901
76,2025-11-03 03:45:37.625,L_6vSQ==,PACKET_DATA,24.25,431.89,91.44,-0.003,4.199,0.0,0.0,0.0,0.0,0.0,0.0,0.0,0.0,0.0,0.0,0.0,90.0,0.0,3,-0.7931188314174644,0.0,0.0,2025-11-03,24.25,431.89,0.0,-0.7931188314174644,900.0,0.0,0.0,0.0,0.0,19.0,4.0,16.55682351251732,0,0.0,9.471567341188358,182.65564292321923,29.23074335115429,16.55682351251732,0.0,19.0,4.0,28.909593727362036,28.47772968648808,8.770350143549017,33.8792315939407,8.959743864646901
77,2025-11-03 04:00:37.647,L_6vSQ==,PACKET_DATA,23.99,435.29,91.67,-0.003,4.168,0.0,0.0,0.0,0.0,0.0,0.0,0.0,0.0,0.0,0.0,0.0,90.0,0.0,4,-0.7712077987500319,0.0,0.0,2025-11-03,23.99,435.29,0.0,-0.7712077987500319,900.0,0.0,0.0,0.0,0.0,19.0,4.0,16.55682351251732,0,0.0,9.444660136487041,182.65564292321923,29.102682473645917,16.55682351251732,0.0,19.0,4.0,28.910651150224567,28.47772968648808,8.786337396995588,33.8792315939407,8.959743864646901
78,2025-11-03 04:15:37.668,L_6vSQ==,PACKET_DATA,24.0,439.5,91.95,-0.003,4.115,0.0,0.0,0.0,0.0,0.0,0.0,0.0,0.0,0.0,0.0,0.0,90.0,0.0,4,-0.7820712219116963,0.0,0.0,2025-11-03,24.0,439.5,0.0,-0.7820712219116963,900.0,0.0,0.0,0.0,0.0,19.0,4.0,16.55682351251732,0,0.0,9.469379948216336,182.65564292321923,28.985514014342918,16.55682351251732,0.0,19.0,4.0,28.911629477286464,28.47772968648808,8.806012672310505,33.8792315939407,8.959743864646901
79,2025-11-03 04:30:37.679,L_6vSQ==,PACKET_DATA,23.98,443.0,92.13,-0.003,4.072,0.0,0.0,0.0,0.0,0.0,0.0,0.0,0.0,0.0,0.0,0.0,90.0,0.0,4,-0.7878439132872792,0.0,0.0,2025-11-03,23.98,443.0,0.0,-0.7878439132872792,900.0,0.0,0.0,0.0,0.0,19.0,4.0,16.55682351251732,0,0.0,9.484304247094467,182.65564292321923,28.878309333646783,16.55682351251732,0.0,19.0,4.0,28.912534624956294,28.47772968648808,8.822195681195575,33.8792315939407,8.959743864646901
80,2025-11-03 04:45:37.685,L_6vSQ==,PACKET_DATA,23.74,444.6,92.19,-0.003,4.025,0.0,0.0,0.0,0.0,0.0,0.0,0.0,0.0,0.0,0.0,0.0,90.0,0.0,4,-0.7672022123364144,0.0,0.0,2025-11-03,23.74,444.6,0.0,-0.7672022123364144,900.0,0.0,0.0,0.0,0.0,19.0,4.0,16.55682351251732,0,0.0,9.443023918692807,182.65564292321923,28.780220294998987,16.55682351251732,0.0,19.0,4.0,28.913372067092062,28.47772968648808,8.829467388843755,33.8792315939407,8.959743864646901
81,2025-11-03 05:00:37.644,L_6vSQ==,PACKET_DATA,23.75,445.88,92.3,-0.003,3.978,0.0,0.0,0.0,0.0,0.0,0.0,0.0,0.0,0.0,0.0,0.0,90.0,0.0,5,-0.7710019796596281,0.0,0.0,2025-11-03,23.75,445.88,0.0,-0.7710019796596281,900.0,0.0,0.0,0.0,0.0,19.0,4.0,16.55682351251732,0,0.0,9.452106697128754,182.65564292321923,28.690471470487708,16.55682351251732,0.0,19.0,4.0,28.91414686810425,28.47772968648808,8.835243813207903,33.8792315939407,8.959743864646901
82,2025-11-03 05:15:37.622,L_6vSQ==,PACKET_DATA,23.62,447.6,92.45,-0.003,3.941,0.0,0.0,0.0,0.0,0.0,0.0,0.0,0.0,0.0,0.0,0.0,90.0,0.0,5,-0.762885187759899,0.0,0.0,2025-11-03,23.62,447.6,0.0,-0.762885187759899,900.0,0.0,0.0,0.0,0.0,19.0,4.0,16.55682351251732,0,0.0,9.431654011144538,182.65564292321923,28.608353592568474,16.55682351251732,0.0,19.0,4.0,28.914863713582697,28.47772968648808,8.843034795695543,33.8792315939407,8.959743864646901
83,2025-11-03 05:30:37.679,L_6vSQ==,PACKET_DATA,23.55,449.44,92.45,-0.003,3.89,0.0,0.0,0.0,0.0,0.0,0.0,0.0,0.0,0.0,0.0,0.0,90.0,0.0,5,-0.7608677495616298,0.0,0.0,2025-11-03,23.55,449.44,0.0,-0.7608677495616298,900.0,0.0,0.0,0.0,0.0,19.0,4.0,16.55682351251732,0,0.0,9.424804352467888,182.65564292321923,28.533217787551024,16.55682351251732,0.0,19.0,4.0,28.915526938632592,28.47772968648808,8.851348835714752,33.8792315939407,8.959743864646901
84,2025-11-03 05:45:37.732,L_6vSQ==,PACKET_DATA,23.52,451.0,92.66,-0.003,3.85,0.0,0.0,0.0,0.0,0.0,0.0,0.0,0.0,0.0,0.0,0.0,90.0,0.0,5,-0.7617417038322536,0.0,0.0,2025-11-03,23.52,451.0,0.0,-0.7617417038322536,900.0,0.0,0.0,0.0,0.0,19.0,4.0,16.55682351251732,0,0.0,9.425843211480363,182.65564292321923,28.46447038615869,16.55682351251732,0.0,19.0,4.0,28.916140554090926,28.47772968648808,8.85835608707439,33.8792315939407,8.959743864646901
85,2025-11-03 06:00:37.677,L_6vSQ==,PACKET_DATA,23.45,453.5,92.71,-0.003,3.807,0.0,0.0,0.0,0.0,0.0,0.0,0.0,0.0,0.0,0.0,0.0,90.0,0.0,6,-0.7614274372719851,0.0,0.0,2025-11-03,23.45,453.5,0.0,-0.7614274372719851,900.0,0.0,0.0,0.0,0.0,19.0,4.0,16.55682351251732,0,0.0,9.421828581459803,182.65564292321923,28.401568208785445,16.55682351251732,0.0,19.0,4.0,28.91670827078191,28.47772968648808,8.8695986008397,33.8792315939407,8.959743864646901
86,2025-11-03 06:15:37.716,L_6vSQ==,PACKET_DATA,23.44,454.83,92.92,-0.003,3.762,0.0,0.0,0.0,0.0,0.0,0.0,0.0,0.0,0.0,0.0,0.0,90.0,0.0,6,-0.7634583471835761,0.0,0.0,2025-11-03,23.44,454.83,0.0,-0.7634583471835761,900.0,0.0,0.0,0.0,0.0,19.0,4.0,16.55682351251732,0,0.0,9.426383468851142,182.65564292321923,28.34401426452954,16.55682351251732,0.0,19.0,4.0,28.917233521958106,28.47772968648808,8.875507513321589,33.8792315939407,8.959743864646901
87,2025-11-03 06:30:37.754,L_6vSQ==,PACKET_DATA,23.47,457.4,93.01,-0.003,3.724,0.0,0.0,0.0,0.0,0.0,0.0,0.0,0.0,0.0,0.0,0.0,90.0,0.0,6,-0.7712104146490422,0.0,0.0,2025-11-03,23.47,457.4,0.0,-0.7712104146490422,900.0,0.0,0.0,0.0,0.0,19.0,4.0,16.55682351251732,0,0.0,9.447432892550175,182.65564292321923,28.291353820893175,16.55682351251732,0.0,19.0,4.0,28.917719484062935,28.47772968648808,8.886957791571438,33.8792315939407,8.959743864646901
88,2025-11-03 06:45:37.674,L_6vSQ==,PACKET_DATA,23.47,458.67,93.06,-0.004,3.684,0.0,0.0,0.0,0.0,0.0,0.0,0.0,0.0,0.0,0.0,0.0,90.0,0.0,6,-0.7738273291847939,0.0,0.0,2025-11-03,23.47,458.67,0.0,-0.7738273291847939,900.0,0.0,0.0,0.0,0.0,19.0,4.0,16.55682351251732,0,0.0,9.454094041708203,182.65564292321923,28.243170809574156,16.55682351251732,0.0,19.0,4.0,28.91816909594013,28.47772968648808,8.892547481070668,33.8792315939407,8.959743864646901
89,2025-11-03 07:00:37.696,L_6vSQ==,PACKET_DATA,23.27,460.0,93.13,-0.003,3.648,0.0,0.0,0.0,0.0,0.0,0.0,0.0,0.0,0.0,0.0,0.0,90.0,0.0,7,-0.7615801900093402,0.0,0.0,2025-11-03,23.27,460.0,0.0,-0.7615801900093402,900.0,0.0,0.0,0.0,0.0,19.0,4.0,16.55682351251732,0,0.0,9.409901587386955,182.65564292321923,28.19908453859413,16.55682351251732,0.0,19.0,4.0,28.918585076606327,28.47772968648808,8.898389017172304,33.8792315939407,8.959743864646901
90,2025-11-03 07:15:37.686,L_6vSQ==,PACKET_DATA,23.12,461.0,93.06,-0.003,3.608,0.0,0.0,0.0,0.0,0.0,0.0,0.0,0.0,0.0,0.0,0.0,90.0,0.0,7,-0.7536586751772099,0.0,0.0,2025-11-03,23.12,461.0,0.0,-0.7536586751772099,900.0,0.0,0.0,0.0,0.0,19.0,4.0,16.55682351251732,0,0.0,9.374849973333077,182.65564292321923,28.15874668426224,16.55682351251732,0.0,19.0,4.0,28.91896994169426,28.47772968648808,8.902753338014891,33.8792315939407,8.959743864646901
91,2025-11-03 07:30:37.740,L_6vSQ==,PACKET_DATA,23.38,462.27,93.32,-0.003,3.563,0.0,0.0,0.0,0.0,0.0,0.0,0.0,0.0,0.0,0.0,0.0,90.0,0.0,7,-0.7741599182158065,0.0,0.0,2025-11-03,23.38,462.27,0.0,-0.7741599182158065,900.0,0.0,0.0,0.0,0.0,19.0,4.0,16.55682351251732,0,0.0,9.450308903059673,182.65564292321923,28.121838539006024,16.55682351251732,0.0,19.0,4.0,28.91932601866597,28.47772968648808,8.908301061266922,33.8792315939407,8.959743864646901
92,2025-11-03 07:45:37.726,L_6vSQ==,PACKET_DATA,23.05,463.11,93.34,-0.003,3.522,0.0,0.0,0.0,0.0,0.0,0.0,0.0,0.0,0.0,0.0,0.0,90.0,0.0,7,-0.7536611786682013,0.0,0.0,2025-11-03,23.05,463.11,0.0,-0.7536611786682013,900.0,0.0,0.0,0.0,0.0,19.0,4.0,16.55682351251732,0,0.0,9.3667475857409,182.65564292321923,28.088068493246745,16.55682351251732,0.0,19.0,4.0,28.919655460888077,28.47772968648808,8.91194223622996,33.8792315939407,8.959743864646901
93,2025-11-03 08:00:37.791,L_6vSQ==,PACKET_DATA,23.05,463.71,93.34,-0.003,3.49,0.0,0.0,0.0,0.0,0.0,0.0,0.0,0.0,0.0,0.0,0.0,90.0,0.0,8,-0.754871975251481,0.0,0.0,2025-11-03,23.05,463.71,0.0,-0.754871975251481,900.0,0.0,0.0,0.0,0.0,19.0,4.0,16.55682351251732,0,0.0,9.36991672421239,182.65564292321923,28.057169731393603,16.55682351251732,0.0,19.0,4.0,28.91996026065423,28.47772968648808,8.91452516483198,33.8792315939407,8.959743864646901
94,2025-11-03 08:15:37.747,L_6vSQ==,PACKET_DATA,23.1,464.83,93.46,-0.003,3.449,0.0,0.0,0.0,0.0,0.0,0.0,0.0,0.0,0.0,0.0,0.0,90.0,0.0,8,-0.7601483695395075,0.0,0.0,2025-11-03,23.1,464.83,0.0,-0.7601483695395075,900.0,0.0,0.0,0.0,0.0,19.0,4.0,16.55682351251732,0,0.0,9.389573048866614,182.65564292321923,28.028898123741428,16.55682351251732,0.0,19.0,4.0,28.920242261233422,28.47772968648808,8.919384866442002,33.8792315939407,8.959743864646901
95,2025-11-03 08:30:37.740,L_6vSQ==,PACKET_DATA,23.0,466.22,93.57,-0.004,3.405,0.0,0.0,0.0,0.0,0.0,0.0,0.0,0.0,0.0,0.0,0.0,90.0,0.0,8,-0.7569645931605358,0.0,0.0,2025-11-03,23.0,466.22,0.0,-0.7569645931605358,900.0,0.0,0.0,0.0,0.0,19.0,4.0,16.55682351251732,0,0.0,9.369252812731203,182.65564292321923,28.003030297611247,16.55682351251732,0.0,19.0,4.0,28.920503168017145,28.47772968648808,8.925408765530559,33.8792315939407,8.959743864646901
96,2025-11-03 08:45:37.743,L_6vSQ==,PACKET_DATA,23.02,574.08,92.72,-0.002,3.414,0.0,0.0,0.0,0.0,0.0,0.0,0.0,0.0,0.0,0.0,0.0,90.0,0.0,8,-0.880472142893705,0.0,0.0,2025-11-03,23.02,574.08,0.0,-0.880472142893705,900.0,0.0,0.0,0.0,0.0,19.0,4.0,16.55682351251732,0,0.0,9.839420489251804,182.65564292321923,27.979361872492337,16.55682351251732,0.0,19.0,4.0,28.920744558832673,28.47772968648808,9.303567308659144,33.8792315939407,8.959743864646901
97,2025-11-03 09:00:37.778,L_6vSQ==,PACKET_DATA,23.12,576.24,92.84,-0.003,3.391,0.0,0.0,0.0,0.0,0.0,0.0,0.0,0.0,0.0,0.0,0.0,90.0,0.0,9,-0.8858364189486707,0.0,0.0,2025-11-03,23.12,576.24,0.0,-0.8858364189486707,900.0,0.0,0.0,0.0,0.0,19.0,4.0,16.55682351251732,0,0.0,9.868981378017141,182.65564292321923,27.957705845240866,16.55682351251732,0.0,19.0,4.0,28.920967893484967,28.47772968648808,9.308954869688872,33.8792315939407,8.959743864646901
98,2025-11-03 09:15:42.674,L_6vSQ==,PACKET_DATA,24.0,557.21,92.14,1.019,4.046,137.0,702.0,375.0,107.0,3311.0,235.0,139.0,154.0,2670.0,4168.0,1.0,90.0,218.04,9,13.351581602896442,218.04,268.04,2025-11-03,24.0,557.21,268.04,13.351581602896442,900.0,268.04,268.04,268.03999999999996,1.3792952924,49.877508818878475,13.719377204719619,40.950808486837744,0,13.352507133816914,9.9743193385352,182.65564292321923,29.911024565697243,40.950808486837744,12.813093333320472,49.877508818878475,13.719377204719619,28.92117452258477,28.47772968648808,9.257983084920474,33.8792315939407,8.959743864646901
99,2025-11-03 09:30:48.630,L_6vSQ==,PACKET_DATA,25.31,541.62,88.78,1.312,4.715,176.0,862.0,461.0,137.0,4215.0,303.0,180.0,198.0,3353.0,5460.0,1.0,90.0,280.06,9,15.313202305615883,280.06,330.06,2025-11-03,25.31,541.62,330.06,15.313202305615883,900.0,330.06,330.06,330.05999999999995,1.4686130568,61.18894627679042,16.856683883037125,49.63281545535505,0,15.455646498983512,9.9795756924638,182.65564292321923,30.929982600151295,49.63281545535505,14.706848176840325,61.18894627679042,16.856683883037125,28.921365695716425,28.47772968648808,9.210972865597526,33.8792315939407,8.959743864646901
100,2025-11-03 09:45:54.720,L_6vSQ==,PACKET_DATA,26.49,530.5,84.34,1.39,4.717,159.0,792.0,424.0,124.0,3807.0,274.0,163.0,178.0,2990.0,4956.0,1.0,90.0,252.97,9,14.441727246101047,252.97,302.97,2025-11-03,26.49,530.5,302.97,14.441727246101047,900.0,302.97,302.97,302.9700000000001,1.4321965116000002,55.68038553824882,15.204115661474647,45.32981368939678,0,14.558190058025433,9.765345675757876,182.65564292321923,31.798746227539954,45.32981368939678,13.897381656204294,55.68038553824882,15.204115661474647,28.92154256899469,28.47772968648808,9.174694462204112,33.8792315939407,8.959743864646901
101,2025-11-03 10:01:00.784,L_6vSQ==,PACKET_DATA,26.89,518.08,81.44,1.361,4.717,53.0,284.0,156.0,42.0,1288.0,91.0,54.0,59.0,1015.0,1630.0,1.0,90.0,83.06,10,7.121400981767225,83.06,133.06,2025-11-03,26.89,518.08,133.06,7.121400981767225,900.0,133.06,133.06,133.06,1.1027797404,24.858177322500886,5.952725774166962,21.2502636119681,0,6.669890230065815,9.630652887137344,182.65564292321923,30.464841071752943,21.2502636119681,6.298798656732558,24.858177322500886,5.952725774166962,28.92170621205631,28.47772968648808,9.13160625345554,33.8792315939407,8.959743864646901
102,2025-11-03 10:16:06.856,L_6vSQ==,PACKET_DATA,26.02,512.25,83.74,0.953,4.726,101.0,538.0,289.0,79.0,2437.0,173.0,103.0,113.0,1937.0,3063.0,1.0,90.0,158.13,10,10.919389308826696,158.13,208.13,2025-11-03,26.02,512.25,208.13,10.919389308826696,900.0,208.13,208.13,208.13000000000002,1.2876144203,38.69250773261885,10.507752319785656,32.30011844578219,0,11.153263640297432,9.805567740765856,182.65564292321923,32.146118067510535,32.30011844578219,10.781220751885698,38.69250773261885,10.507752319785656,28.92185761452863,28.47772968648808,9.11046628777994,33.8792315939407,8.959743864646901
103,2025-11-03 10:31:12.931,L_6vSQ==,PACKET_DATA,26.54,508.0,83.49,1.173,4.721,133.0,667.0,359.0,103.0,3183.0,228.0,135.0,149.0,2532.0,4079.0,1.0,90.0,204.62,10,12.663153397157371,204.62,254.62,2025-11-03,26.54,508.0,254.62,12.663153397157371,900.0,254.62,254.62,254.62,1.3587585322,47.70096906296882,13.175242265742204,39.316000891286926,0,12.709620405856992,9.685917139535855,182.65564292321923,33.01534870922751,39.316000891286926,12.45400090662978,47.70096906296882,13.175242265742204,28.921997692014337,28.47772968648808,9.09469764332073,33.8792315939407,8.959743864646901
104,2025-11-03 10:46:18.974,L_6vSQ==,PACKET_DATA,27.12,502.83,81.8,1.265,4.719,110.0,578.0,311.0,86.0,2630.0,187.0,111.0,122.0,2066.0,3344.0,1.0,90.0,173.45,10,11.324576380302169,173.45,223.45,2025-11-03,27.12,502.83,223.45,11.324576380302169,900.0,223.45,223.45,223.45000000000005,1.3110587695,41.7106916999941,11.41320750999823,34.65776712354572,0,11.426010733550346,9.520374288359854,182.65564292321923,30.776482482576718,34.65776712354572,10.883844744192036,41.7106916999941,11.41320750999823,28.922127291628534,28.47772968648808,9.075128585594708,33.8792315939407,8.959743864646901
105,2025-11-03 11:01:24.973,L_6vSQ==,PACKET_DATA,27.25,495.56,81.88,1.221,4.721,208.0,1036.0,550.0,161.0,4949.0,356.0,212.0,232.0,3880.0,6438.0,1.0,90.0,326.81,11,16.043926562579887,326.81,376.81,2025-11-03,27.25,495.56,376.81,16.043926562579887,900.0,376.81,376.81,376.80999999999995,1.5314581468,70.63620630672327,19.69086189201698,57.012524697343146,0,16.155434156149937,9.459562282090534,182.65564292321923,33.18130918281012,57.012524697343146,15.359075104830483,70.63620630672327,19.69086189201698,28.922247197121663,28.47772968648808,9.046906896918669,33.8792315939407,8.959743864646901
106,2025-11-03 11:15:00.395,L_6vSQ==,PACKET_DATA,28.44,488.5,77.98,1.483,4.72,208.0,1037.0,551.0,161.0,4944.0,356.0,212.0,231.0,3814.0,6514.0,1.0,90.0,326.03,11,15.70854354001831,326.03,376.03,2025-11-03,28.44,488.5,376.03,15.70854354001831,900.0,376.03,376.03,376.03000000000003,1.5304096084,70.47924254925242,19.643772764775726,56.889912756103605,0,15.725395521783584,9.115484365245665,182.65564292321923,34.28138219002944,56.889912756103605,15.136919458973956,70.47924254925242,19.643772764775726,28.92235813361922,28.47772968648808,9.01872415918717,33.8792315939407,8.959743864646901
107,2025-11-03 11:30:06.439,L_6vSQ==,PACKET_DATA,28.25,478.87,78.72,1.276,4.722,148.0,669.0,368.0,116.0,3546.0,258.0,153.0,167.0,2833.0,4698.0,1.0,90.0,236.19,11,13.18737265347789,236.19,286.19,2025-11-03,28.25,478.87,286.19,13.18737265347789,900.0,286.19,286.19,286.19000000000005,1.4070704189,52.82118963629729,14.455297409074323,43.16181875950895,0,13.124264810102405,9.123605156644464,182.65564292321923,32.37380105113007,43.16181875950895,12.924045524991037,52.82118963629729,14.455297409074323,28.9224607720069,28.47772968648808,8.979097435593934,33.8792315939407,8.959743864646901
108,2025-11-03 11:45:12.490,L_6vSQ==,PACKET_DATA,28.5,470.75,78.16,1.327,4.723,73.0,376.0,206.0,57.0,1757.0,125.0,75.0,81.0,1380.0,2258.0,1.0,90.0,109.36,11,7.980328502835423,109.36,159.36,2025-11-03,28.5,470.75,159.36,7.980328502835423,900.0,159.36,159.36,159.35999999999996,1.1705111823999998,29.57319778188539,7.5243992606284635,25.02783210734421,0,7.69361657408362,9.030445912710897,182.65564292321923,30.927070887852736,25.02783210734421,7.717512532352804,29.57319778188539,7.5243992606284635,28.922555732987806,28.47772968648808,8.944651441696909,33.8792315939407,8.959743864646901
109,2025-11-03 12:00:18.621,L_6vSQ==,PACKET_DATA,27.74,465.3,80.75,1.033,4.726,120.0,621.0,335.0,94.0,2884.0,206.0,122.0,134.0,2281.0,3679.0,1.0,90.0,190.45,12,11.635494128277305,190.45,240.45,2025-11-03,27.74,465.3,240.45,11.635494128277305,900.0,240.45,240.45,240.45000000000005,1.3370740395,45.05985145491441,12.417955436474323,37.27395690957573,0,11.61065145268589,9.206228218992884,182.65564292321923,32.75510783257152,37.27395690957573,11.57070598617577,45.05985145491441,12.417955436474323,28.922643590836106,28.47772968648808,8.921016754612745,33.8792315939407,8.959743864646901
110,2025-11-03 12:15:24.627,L_6vSQ==,PACKET_DATA,27.99,463.88,80.4,1.24,4.723,140.0,697.0,377.0,109.0,3355.0,241.0,143.0,157.0,2649.0,4344.0,1.0,90.0,218.29,12,12.548179702182106,218.29,268.29,2025-11-03,27.99,463.88,268.29,12.548179702182106,900.0,268.29,268.29,268.2900000000001,1.3796778699,49.918055386611535,13.729513846652884,40.98126317378915,0,12.465994119881794,9.131021627453903,182.65564292321923,33.652850708108744,40.98126317378915,12.525311545349028,49.918055386611535,13.729513846652884,28.922724876869953,28.47772968648808,8.914782564559129,33.8792315939407,8.959743864646901
111,2025-11-03 12:30:30.654,L_6vSQ==,PACKET_DATA,28.53,457.44,79.37,1.322,4.724,258.0,1282.0,675.0,199.0,6115.0,441.0,263.0,286.0,4732.0,8043.0,1.0,90.0,404.81,12,16.78066064729184,404.81,454.81,2025-11-03,28.53,457.44,454.81,16.78066064729184,900.0,454.81,454.81,454.81,1.6192611439,85.97173599161376,25.29152079748413,69.59272776010648,0,16.737195962028427,8.966852171411551,182.65564292321923,34.415870245425864,69.59272776010648,15.653133067324372,85.97173599161376,25.29152079748413,28.922800082664608,28.47772968648808,8.886226471339636,33.8792315939407,8.959743864646901
112,2025-11-03 12:45:36.707,L_6vSQ==,PACKET_DATA,30.06,451.88,74.01,1.557,4.726,54.0,291.0,160.0,43.0,1303.0,92.0,55.0,60.0,997.0,1681.0,1.0,90.0,86.24,12,6.484103538608522,86.24,136.24,2025-11-03,30.06,451.88,136.24,6.484103538608522,900.0,136.24,136.24,136.24000000000004,1.1109693216,25.419816319321804,6.139938773107268,21.700236162128,0,6.303104256256727,8.766764254977732,182.65564292321923,33.20061909760282,21.700236162128,7.557161446080635,25.419816319321804,6.139938773107268,28.922869663025253,28.47772968648808,8.861140338645042,33.8792315939407,8.959743864646901
113,2025-11-03 13:00:42.736,L_6vSQ==,PACKET_DATA,28.38,446.8,79.34,0.927,4.725,143.0,698.0,379.0,111.0,3414.0,246.0,146.0,160.0,2704.0,4430.0,1.0,90.0,220.37,13,12.376919237859122,220.37,270.37,2025-11-03,28.38,446.8,270.37,12.376919237859122,900.0,270.37,270.37,270.37,1.3828609147,50.25540283015043,13.813850707537608,41.234646169224746,0,12.260513828934986,8.955592819299472,182.65564292321923,35.16451797527082,41.234646169224746,12.493445455429349,50.25540283015043,13.813850707537608,28.922934038737374,28.47772968648808,8.837880167438227,33.8792315939407,8.959743864646901
114,2025-11-03 13:15:48.886,L_6vSQ==,PACKET_DATA,29.0,441.67,78.54,1.302,4.721,78.0,407.0,222.0,61.0,1884.0,134.0,80.0,87.0,1479.0,2413.0,1.0,90.0,118.61,13,8.194601839304536,118.61,168.61,2025-11-03,29.0,441.67,168.61,8.194601839304536,900.0,168.61,168.61,168.61000000000007,1.1943330774,31.28299445471351,8.094331484904503,26.39768280055149,0,8.029631176989128,8.800367583936703,182.65564292321923,32.71637298438796,26.39768280055149,8.746775000304762,31.28299445471351,8.094331484904503,28.9229935991115,28.47772968648808,8.814071725348503,33.8792315939407,8.959743864646901
115,2025-11-03 13:30:54.882,L_6vSQ==,PACKET_DATA,28.5,440.0,80.44,1.073,4.725,157.0,789.0,424.0,123.0,3762.0,270.0,161.0,176.0,2963.0,4870.0,1.0,90.0,252.19,13,13.25551051754367,252.19,302.19,2025-11-03,28.5,440.0,302.19,13.25551051754367,900.0,302.19,302.19,302.19000000000005,1.4311479732,55.5217780308268,15.15653340924804,45.20591773600262,0,13.145608826612921,8.895759517089155,182.65564292321923,34.82355250908823,45.20591773600262,13.083887695696342,55.5217780308268,15.15653340924804,28.923048704337507,28.47772968648808,8.806246626615227,33.8792315939407,8.959743864646901
116,2025-11-03 13:46:00.913,L_6vSQ==,PACKET_DATA,29.12,436.92,78.52,1.349,4.723,175.0,864.0,464.0,136.0,4174.0,301.0,179.0,195.0,3249.0,5476.0,1.0,90.0,274.42,13,13.654959789850754,274.42,324.42,2025-11-03,29.12,436.92,324.42,13.654959789850754,900.0,324.42,324.42,324.42,1.4610313176,60.0420919923543,16.51262759770629,48.736952407735835,0,13.513064559457664,8.758206550855721,182.65564292321923,35.83217693145883,48.736952407735835,13.191784127683523,60.0420919923543,16.51262759770629,28.923099687662877,28.47772968648808,8.791737886074586,33.8792315939407,8.959743864646901
117,2025-11-03 14:01:07.004,L_6vSQ==,PACKET_DATA,29.74,434.22,76.57,1.414,4.721,114.0,581.0,316.0,89.0,2737.0,196.0,117.0,127.0,2125.0,3564.0,1.0,90.0,175.46,14,10.354395260148893,175.46,225.46,2025-11-03,29.74,434.22,225.46,10.354395260148893,900.0,225.46,225.46,225.46,1.3141346926,42.106680588664084,11.532004176599225,34.96709309236455,0,10.41724125305919,8.681484188700473,182.65564292321923,33.0872636340547,34.96709309236455,10.967948068068853,42.106680588664084,11.532004176599225,28.923146857408,28.47772968648808,8.778928092386789,33.8792315939407,8.959743864646901
118,2025-11-03 14:16:13.002,L_6vSQ==,PACKET_DATA,29.25,431.71,78.3,1.22,4.723,69.0,371.0,202.0,54.0,1650.0,117.0,70.0,76.0,1286.0,2091.0,1.0,90.0,105.18,14,7.472649657686678,105.18,155.18,2025-11-03,29.25,431.71,155.18,7.472649657686678,900.0,155.18,155.18,155.18000000000004,1.1597462612,28.800554528650654,7.266851509550219,24.40880768598137,0,7.247306485357768,8.7141185347751,182.65564292321923,31.76720083289561,24.40880768598137,7.6454740192815285,28.800554528650654,7.266851509550219,28.92319049883074,28.47772968648808,8.76694496609546,33.8792315939407,8.959743864646901
119,2025-11-03 14:31:19.073,L_6vSQ==,PACKET_DATA,28.62,429.57,80.97,1.01,4.725,54.0,291.0,160.0,43.0,1314.0,93.0,55.0,61.0,1039.0,1651.0,1.0,90.0,86.89,14,6.709781471811254,86.89,136.89,2025-11-03,28.62,429.57,136.89,6.709781471811254,900.0,136.89,136.89,136.88999999999996,1.1126432925999998,25.534616743200274,6.178205581066759,21.792211683387087,0,6.376115570419744,8.81935410365546,182.65564292321923,31.018892566747795,21.792211683387087,6.493655626697206,25.534616743200274,6.178205581066759,28.923230875851512,28.47772968648808,8.756671539711101,33.8792315939407,8.959743864646901
120,2025-11-03 14:46:25.161,L_6vSQ==,PACKET_DATA,28.01,429.64,82.8,0.944,4.728,193.0,945.0,506.0,150.0,4606.0,332.0,197.0,216.0,3637.0,5989.0,1.0,90.0,305.55,14,14.62928035515834,305.55,355.55,2025-11-03,28.01,429.64,355.55,14.62928035515834,900.0,355.55,355.55,355.55000000000007,1.5028787540000001,66.35793773770955,18.407381321312865,53.670563324582865,0,14.528820599043957,8.974181814889084,182.65564292321923,33.338916547176396,53.670563324582865,13.920030447098934,66.35793773770955,18.407381321312865,28.923268232649345,28.47772968648808,8.757001175899012,33.8792315939407,8.959743864646901
121,2025-11-03 15:00:00.610,L_6vSQ==,PACKET_DATA,29.37,426.67,78.24,1.41,4.718,194.0,956.0,512.0,151.0,4623.0,333.0,199.0,216.0,3571.0,6108.0,1.0,90.0,306.52,15,14.232248374083536,306.52,356.52,2025-11-03,29.37,426.67,356.52,14.232248374083536,900.0,356.52,356.52,356.5199999999999,1.5041827056,66.5531362566156,18.465940876984682,53.823042277149995,0,14.090928491926537,8.674141150637194,182.65564292321923,34.4102237867395,53.823042277149995,13.861162463365218,66.5531362566156,18.465940876984682,28.923302795138547,28.47772968648808,8.74266508008982,33.8792315939407,8.959743864646901
122,2025-11-03 15:15:06.612,L_6vSQ==,PACKET_DATA,30.01,422.33,75.78,1.422,4.721,173.0,904.0,481.0,134.0,4110.0,294.0,176.0,190.0,3129.0,5374.0,1.0,90.0,266.88,15,13.04610245485448,266.88,316.88,2025-11-03,30.01,422.33,316.88,13.04610245485448,900.0,316.88,316.88,316.88000000000005,1.4508954464000001,58.5088860872748,16.05266582618244,47.539291524925744,0,12.937421730192147,8.614416632583609,182.65564292321923,32.1297436308942,47.539291524925744,12.92195305813382,58.5088860872748,16.05266582618244,28.923334772334908,28.47772968648808,8.72154623613708,33.8792315939407,8.959743864646901
123,2025-11-03 15:30:12.624,L_6vSQ==,PACKET_DATA,30.27,418.14,75.17,1.345,4.723,73.0,374.0,206.0,57.0,1753.0,125.0,75.0,81.0,1360.0,2279.0,1.0,90.0,108.85,15,7.422022255094428,108.85,158.85,2025-11-03,30.27,418.14,158.85,7.422022255094428,900.0,158.85,158.85,158.84999999999994,1.1691977589999998,29.478927911275406,7.492975970425135,24.952305204259265,0,7.393714778229736,8.59925445407712,182.65564292321923,30.730897215629394,24.952305204259265,7.461217403697662,29.478927911275406,7.492975970425135,28.923364357619725,28.47772968648808,8.700966708728545,33.8792315939407,8.959743864646901
124,2025-11-03 15:45:18.695,L_6vSQ==,PACKET_DATA,29.25,417.43,79.04,1.025,4.725,212.0,1030.0,552.0,165.0,5057.0,365.0,217.0,237.0,3969.0,6636.0,1.0,90.0,337.09,15,14.77371400941059,337.09,387.09,2025-11-03,29.25,417.43,387.09,14.77371400941059,900.0,387.09,387.09,387.0899999999999,1.5452773452,72.70490813595474,20.311472440786424,58.62848720496195,0,14.66673716141927,8.643437946388756,182.65564292321923,33.17672918207133,58.62848720496195,14.274034905956515,72.70490813595474,20.311472440786424,28.923391729909284,28.47772968648808,8.697457013866362,33.8792315939407,8.959743864646901
125,2025-11-03 16:00:24.788,L_6vSQ==,PACKET_DATA,30.53,415.33,74.84,1.473,4.723,79.0,413.0,226.0,62.0,1892.0,135.0,81.0,87.0,1454.0,2454.0,1.0,90.0,121.2,16,7.9299025477177505,121.2,171.2,2025-11-03,30.53,415.33,171.2,7.9299025477177505,900.0,171.2,171.2,171.2,1.201003208,31.76173752310536,8.253912507701786,26.78124099464951,0,8.030280201809028,8.604275063563538,182.65564292321923,32.51215446311413,26.78124099464951,8.631082698738267,31.76173752310536,8.253912507701786,28.92341705473681,28.47772968648808,8.687056258024018,33.8792315939407,8.959743864646901
126,2025-11-03 16:15:30.788,L_6vSQ==,PACKET_DATA,29.44,412.3,78.15,1.041,4.725,102.0,536.0,291.0,80.0,2438.0,173.0,103.0,113.0,1902.0,3115.0,1.0,90.0,160.2,16,9.69456986108828,160.2,210.2,2025-11-03,29.44,412.3,210.2,9.69456986108828,900.0,210.2,210.2,210.20000000000005,1.290782162,39.10031718512974,10.630095155538923,32.618678025610556,0,9.811146296321029,8.59372767560181,182.65564292321923,34.20283099768204,32.618678025610556,10.724995403403238,39.10031718512974,10.630095155538923,28.923440485253572,28.47772968648808,8.671972572158156,33.8792315939407,8.959743864646901
127,2025-11-03 16:30:36.842,L_6vSQ==,PACKET_DATA,29.38,411.33,79.31,1.147,4.725,161.0,785.0,425.0,126.0,3856.0,278.0,165.0,181.0,3035.0,5047.0,1.0,90.0,257.5,16,12.844258846711442,257.5,307.5,2025-11-03,29.38,411.33,307.5,12.844258846711442,900.0,307.5,307.5,307.5,1.4382861,56.60152913904591,15.480458741713774,46.04936326487816,0,12.688247346409804,8.595641766986656,182.65564292321923,35.18045458380228,46.04936326487816,12.767951924544139,56.60152913904591,15.480458741713774,28.92346216315504,28.47772968648808,8.667121538917732,33.8792315939407,8.959743864646901
128,2025-11-03 16:45:42.914,L_6vSQ==,PACKET_DATA,29.99,411.0,76.96,1.317,4.72,76.0,403.0,220.0,60.0,1822.0,129.0,77.0,84.0,1411.0,2337.0,1.0,90.0,120.19,16,7.931657715866795,120.19,170.19,2025-11-03,29.99,411.0,170.19,7.931657715866795,900.0,170.19,170.19,170.19,1.1984021146,31.57504621072089,8.191682070240297,26.631668108147966,0,7.921986914065071,8.554566131023526,182.65564292321923,32.52189186741338,26.631668108147966,8.56585285237427,31.57504621072089,8.191682070240297,28.923482219537785,28.47772968648808,8.665466624886704,33.8792315939407,8.959743864646901
129,2025-11-03 17:00:48.979,L_6vSQ==,PACKET_DATA,29.12,409.5,79.37,1.032,4.726,69.0,357.0,196.0,54.0,1670.0,119.0,71.0,77.0,1317.0,2127.0,1.0,90.0,103.98,17,7.358997935535256,103.98,153.98000000000002,2025-11-03,29.12,409.5,153.98000000000002,7.358997935535256,900.0,153.98000000000002,153.98000000000002,153.98000000000002,1.1566558532,28.578743068391873,7.192914356130624,24.231097325781505,0,7.1415588615476056,8.623161127839701,182.65564292321923,31.24335613013805,24.231097325781505,7.323820947513349,28.578743068391873,7.192914356130624,28.923500775692276,28.47772968648808,8.657944498070979,33.8792315939407,8.959743864646901
130,2025-11-03 17:20:26.817,L_6vSQ==,PACKET_DATA,29.0,411.5,80.5,1.292,4.727,147.0,745.0,401.0,115.0,3512.0,251.0,150.0,164.0,2744.0,4548.0,1.0,90.0,233.65,17,12.289401007424669,233.65,283.65,2025-11-03,29.0,411.5,283.65,12.289401007424669,900.0,283.65,283.65,283.65,1.4031834315,52.40923650812958,14.352309127032395,42.85239914008278,0,12.124898484304069,8.653790550727868,182.65564292321923,33.26755736307228,42.85239914008278,12.204364046688578,52.40923650812958,14.352309127032395,28.9235179438364,28.47772968648808,8.667961044096144,33.8792315939407,8.959743864646901
131,2025-11-03 17:34:02.236,L_6vSQ==,PACKET_DATA,29.38,409.85,79.79,0.934,4.725,54.0,291.0,160.0,43.0,1314.0,93.0,55.0,61.0,1029.0,1665.0,1.0,90.0,86.89,17,6.488965592486625,86.89,136.89,2025-11-03,29.38,409.85,136.89,6.488965592486625,900.0,136.89,136.89,136.88999999999996,1.1126432925999998,25.534616743200274,6.178205581066759,21.792211683387087,0,6.263014006783659,8.588069118993012,182.65564292321923,31.189883424353063,21.792211683387087,6.50874515645436,25.534616743200274,6.178205581066759,28.923533827794085,28.47772968648808,8.65969451701699,33.8792315939407,8.959743864646901
132,2025-11-03 17:47:37.728,L_6vSQ==,PACKET_DATA,28.5,410.5,82.03,0.946,4.727,63.0,332.0,182.0,49.0,1510.0,107.0,64.0,70.0,1194.0,1906.0,1.0,90.0,92.91,17,6.977689562905089,92.91,142.91,2025-11-03,28.5,410.5,142.91,6.977689562905089,900.0,142.91,142.91,142.90999999999997,1.1281468393999998,26.597845284351813,6.532615094783939,22.64404651104827,0,6.680744283869526,8.754881849210765,182.65564292321923,29.975436357624893,22.64404651104827,6.560781240284984,26.597845284351813,6.532615094783939,28.92354852362316,28.47772968648808,8.662950257983848,33.8792315939407,8.959743864646901
133,2025-11-03 18:02:43.747,L_6vSQ==,PACKET_DATA,28.55,411.55,82.44,0.998,4.723,167.0,830.0,447.0,130.0,4003.0,287.0,171.0,187.0,3147.0,5202.0,1.0,90.0,261.03,18,13.180719648453223,261.03,311.03,2025-11-03,28.55,411.55,311.03,13.180719648453223,900.0,311.03,311.03,311.03,1.4430314084,57.31932978160965,15.695798934482896,46.610071874469625,0,13.012890609542264,8.748178774172732,182.65564292321923,32.1178772201932,46.610071874469625,12.641451386826606,57.31932978160965,15.695798934482896,28.923562120196294,28.47772968648808,8.668202610525633,33.8792315939407,8.959743864646901
134,2025-11-03 18:16:19.179,L_6vSQ==,PACKET_DATA,29.49,410.2,79.27,1.365,4.721,104.0,538.0,292.0,81.0,2489.0,178.0,106.0,115.0,1932.0,3217.0,1.0,90.0,158.76,18,9.613362911415642,158.76,208.76,2025-11-03,29.49,410.2,208.76,9.613362911415642,900.0,208.76,208.76,208.75999999999993,1.2885785155999998,38.81662365294824,10.544987095884471,32.39707136138212,0,9.744498580816934,8.577683650124097,182.65564292321923,31.560693295346784,32.39707136138212,9.849292640294014,38.81662365294824,10.544987095884471,28.92357469973842,28.47772968648808,8.661441837779908,33.8792315939407,8.959743864646901
135,2025-11-03 18:31:25.248,L_6vSQ==,PACKET_DATA,29.38,408.5,79.67,1.161,4.723,54.0,291.0,160.0,43.0,1313.0,93.0,55.0,61.0,1029.0,1664.0,1.0,90.0,86.97,18,6.488571134335675,86.97,136.97,2025-11-03,29.38,408.5,136.97,6.488571134335675,900.0,136.97,136.97,136.97000000000003,1.1128493198,25.548746026139177,6.1829153420463925,21.80353174754206,0,6.2652274954939635,8.58114535619581,182.65564292321923,30.27349381483802,21.80353174754206,6.298685447049136,25.548746026139177,6.1829153420463925,28.92358633832401,28.47772968648808,8.652903415349073,33.8792315939407,8.959743864646901
136,2025-11-03 18:45:00.696,L_6vSQ==,PACKET_DATA,28.73,409.5,82.22,0.926,4.724,54.0,291.0,160.0,43.0,1314.0,93.0,55.0,61.0,1038.0,1652.0,1.0,90.0,86.89,18,6.624164116022618,86.89,136.89,2025-11-03,28.73,409.5,136.89,6.624164116022618,900.0,136.89,136.89,136.88999999999996,1.1126432925999998,25.534616743200274,6.178205581066759,21.792211683387087,0,6.334064659081392,8.697349659037359,182.65564292321923,29.543814885471843,21.792211683387087,6.256495195399937,25.534616743200274,6.178205581066759,28.92359710633712,28.47772968648808,8.657926101754093,33.8792315939407,8.959743864646901
137,2025-11-03 19:00:06.775,L_6vSQ==,PACKET_DATA,29.26,407.5,79.91,1.268,4.722,93.0,668.0,344.0,72.0,2209.0,148.0,91.0,98.0,1587.0,2615.0,1.0,90.0,138.7,19,8.847820174064944,138.7,188.7,2025-11-03,29.26,407.5,188.7,8.847820174064944,900.0,188.7,188.7,188.70000000000002,1.246071658,34.996487985212575,9.332162661737526,29.372850414230832,0,8.905082358708466,8.591731707804554,182.65564292321923,31.10182336898713,29.372850414230832,8.941901292333318,34.996487985212575,9.332162661737526,28.923607068897034,28.47772968648808,8.647864912786812,33.8792315939407,8.959743864646901
138,2025-11-03 19:15:12.774,L_6vSQ==,PACKET_DATA,29.01,406.44,80.69,1.073,4.72,90.0,457.0,250.0,70.0,2157.0,154.0,92.0,100.0,1701.0,2766.0,1.0,90.0,134.92,19,8.744415332947737,134.92,184.92,2025-11-03,29.01,406.44,184.92,8.744415332947737,900.0,184.92,184.92,184.92000000000002,1.2363368728,34.29778188539742,9.099260628465807,28.813062779601267,0,8.74440687805393,8.62648930264904,182.65564292321923,31.77531239060223,28.813062779601267,8.929068671667522,34.29778188539742,9.099260628465807,28.923616286252095,28.47772968648808,8.642515913472904,33.8792315939407,8.959743864646901
139,2025-11-03 19:30:18.917,L_6vSQ==,PACKET_DATA,29.0,405.5,81.23,1.088,4.72,153.0,744.0,404.0,120.0,3671.0,264.0,157.0,172.0,2898.0,4785.0,1.0,90.0,244.96,19,12.549409554994456,244.96,294.96000000000004,2025-11-03,29.0,405.5,294.96000000000004,12.549409554994456,900.0,294.96000000000004,294.96000000000004,294.96000000000004,1.4204912376,54.24356323237238,14.810890808093095,44.23016917776384,0,12.38279719411954,8.62352699969495,182.65564292321923,32.36948742832371,44.23016917776384,12.234581084763622,54.24356323237238,14.810890808093095,28.923624814144024,28.47772968648808,8.637763305532761,33.8792315939407,8.959743864646901
140,2025-11-03 19:45:24.944,L_6vSQ==,PACKET_DATA,29.7,404.75,78.8,1.329,4.721,104.0,537.0,292.0,81.0,2486.0,177.0,106.0,115.0,1929.0,3213.0,1.0,90.0,157.83,19,9.493791814624716,157.83,207.83,2025-11-03,29.7,404.75,207.83,9.493791814624716,900.0,207.83,207.83,207.82999999999996,1.2871553272999998,38.63340491341436,10.490021474024308,32.25395039073459,0,9.651258960658618,8.53188054842808,182.65564292321923,31.35094317810747,32.25395039073459,9.73380560729565,38.63340491341436,10.490021474024308,28.923632704145035,28.47772968648808,8.633965032763738,33.8792315939407,8.959743864646901
141,2025-11-03 20:00:30.941,L_6vSQ==,PACKET_DATA,29.47,404.4,79.26,1.147,4.721,102.0,536.0,291.0,80.0,2436.0,173.0,103.0,113.0,1897.0,3118.0,1.0,90.0,160.35,20,9.640332353783036,160.35,210.35,2025-11-03,29.47,404.4,210.35,9.640332353783036,900.0,210.35,210.35,210.35,1.2910117085,39.12986859473197,10.63896057841959,32.64176205313434,0,9.753414961211504,8.549754340996847,182.65564292321923,30.104896397441966,32.64176205313434,9.696732014999336,39.12986859473197,10.63896057841959,28.923640003969716,28.47772968648808,8.63218996979964,33.8792315939407,8.959743864646901
142,2025-11-03 20:17:07.642,L_6vSQ==,PACKET_DATA,29.25,401.83,79.99,1.139,4.721,104.0,537.0,292.0,81.0,2491.0,178.0,106.0,116.0,1951.0,3198.0,1.0,90.0,158.93,20,9.62241553853305,158.93,208.93,2025-11-03,29.25,401.83,208.93,9.62241553853305,900.0,208.93,208.93,208.93,1.2888386683,38.85011525049745,10.555034575149236,32.42323325924242,0,9.726845431312494,8.564044120900611,182.65564292321923,29.398545832029363,32.42323325924242,9.702117631100748,38.85011525049745,10.555034575149236,28.92364675776357,28.47772968648808,8.619129327399257,33.8792315939407,8.959743864646901
143,2025-11-03 20:30:43.046,L_6vSQ==,PACKET_DATA,29.12,400.5,80.06,1.139,4.718,81.0,416.0,228.0,64.0,1959.0,140.0,83.0,91.0,1544.0,2513.0,1.0,90.0,129.05,20,8.437374056044174,129.05,179.05,2025-11-03,29.12,400.5,179.05,8.437374056044174,900.0,179.05,179.05,179.05,1.221219627,33.212754158964884,8.737584719654961,27.943762934290277,0,8.392179954721403,8.577254564398878,182.65564292321923,28.919538972355944,27.943762934290277,8.427077635762899,33.212754158964884,8.737584719654961,28.92365300637,28.47772968648808,8.612345420171756,33.8792315939407,8.959743864646901
144,2025-11-03 20:45:49.144,L_6vSQ==,PACKET_DATA,28.88,399.64,81.19,1.063,4.721,85.0,453.0,246.0,67.0,2045.0,145.0,86.0,95.0,1603.0,2592.0,1.0,90.0,135.62,20,8.769028580172016,135.62,185.62,2025-11-03,28.88,399.64,185.62,8.769028580172016,900.0,185.62,185.62,185.61999999999995,1.2381396107999998,34.42717190388169,9.142390634627231,28.91672715638451,0,8.769541065989895,8.616485518909936,182.65564292321923,28.545777473910896,28.91672715638451,8.843748777858172,34.42717190388169,9.142390634627231,28.9236587875773,28.47772968648808,8.607949745086,33.8792315939407,8.959743864646901
145,2025-11-03 21:00:55.153,L_6vSQ==,PACKET_DATA,28.72,401.1,81.79,1.088,4.721,87.0,455.0,248.0,68.0,2101.0,149.0,89.0,97.0,1655.0,2675.0,1.0,90.0,132.21,21,8.674261210122706,132.21,182.21,2025-11-03,28.72,401.1,182.21,8.674261210122706,900.0,182.21,182.21,182.20999999999998,1.2293577014,33.79685767097966,8.932285890326556,28.411733549483237,0,8.634110339726607,8.657255968585083,182.65564292321923,28.228677780611555,28.411733549483237,8.753048382706499,33.79685767097966,8.932285890326556,28.92366413634717,28.47772968648808,8.615405188391637,33.8792315939407,8.959743864646901
146,2025-11-03 21:16:01.201,L_6vSQ==,PACKET_DATA,28.64,401.5,82.01,1.111,4.723,178.0,873.0,470.0,139.0,4252.0,306.0,182.0,199.0,3343.0,5549.0,1.0,90.0,283.88,21,13.602860666464275,283.88,333.88,2025-11-03,28.64,401.5,333.88,13.602860666464275,900.0,333.88,333.88,333.88,1.4737482064,61.96571637724185,17.089714913172557,50.23958794505461,0,13.405269442315443,8.677082958800112,182.65564292321923,30.462263617193962,50.23958794505461,12.979010589063785,61.96571637724185,17.089714913172557,28.923669085026173,28.47772968648808,8.61744364678135,33.8792315939407,8.959743864646901
147,2025-11-03 21:31:07.296,L_6vSQ==,PACKET_DATA,29.74,399.0,78.07,1.399,4.721,172.0,834.0,452.0,134.0,4110.0,297.0,177.0,192.0,3190.0,5442.0,1.0,90.0,268.83,21,12.884768843862023,268.83,318.83,2025-11-03,29.74,399.0,318.83,12.884768843862023,900.0,318.83,318.83,318.83000000000004,1.4535167924,58.90540485582984,16.171621456748955,47.849031408411115,0,12.71589318619463,8.498994605616842,182.65564292321923,31.846531944879835,47.849031408411115,12.599911955191116,58.90540485582984,16.171621456748955,28.923673663541315,28.47772968648808,8.604672074474953,33.8792315939407,8.959743864646901
148,2025-11-03 21:46:13.276,L_6vSQ==,PACKET_DATA,30.24,397.5,76.32,1.372,4.72,96.0,496.0,271.0,75.0,2293.0,164.0,98.0,106.0,1772.0,2972.0,1.0,90.0,146.65,21,8.9105410905872,146.65,196.65,2025-11-03,30.24,397.5,196.65,8.9105410905872,900.0,196.65,196.65,196.65000000000003,1.266545611,36.465988909427,9.821996303142331,30.550181550554914,0,9.17414343087952,8.485291584332966,182.65564292321923,30.503251293582423,30.550181550554914,9.183441265199827,36.465988909427,9.821996303142331,28.92367789958105,28.47772968648808,8.596981214945696,33.8792315939407,8.959743864646901
149,2025-11-03 22:01:19.336,L_6vSQ==,PACKET_DATA,29.55,396.0,78.63,1.111,4.725,77.0,412.0,225.0,60.0,1847.0,131.0,78.0,85.0,1440.0,2349.0,1.0,90.0,115.14,22,7.717107346079393,115.14,165.14,2025-11-03,29.55,396.0,165.14,7.717107346079393,900.0,165.14,165.14,165.14000000000001,1.1853966476,30.641589648798526,7.8805298829328425,25.88380367564022,0,7.62076122025548,8.497726322174211,182.65564292321923,29.741781449693434,25.88380367564022,7.611530191568165,30.641589648798526,7.8805298829328425,28.92368181876273,28.47772968648808,8.589269957869428,33.8792315939407,8.959743864646901
150,2025-11-03 22:16:25.407,L_6vSQ==,PACKET_DATA,29.0,397.0,80.42,1.047,4.725,120.0,620.0,335.0,94.0,2880.0,206.0,122.0,134.0,2261.0,3697.0,1.0,90.0,190.34,22,10.787443372942526,190.34,240.34,2025-11-03,29.0,397.0,240.34,10.787443372942526,900.0,240.34,240.34,240.34000000000003,1.3369057054,45.0381804212061,12.411454126361829,37.257028622724945,0,10.688121314663483,8.580079935987811,182.65564292321923,31.569318902011666,37.257028622724945,10.596735196601058,45.0381804212061,12.411454126361829,28.92368544478751,28.47772968648808,8.59441185441267,33.8792315939407,8.959743864646901
151,2025-11-03 22:30:00.816,L_6vSQ==,PACKET_DATA,29.31,396.78,79.74,1.209,4.722,120.0,620.0,336.0,94.0,2879.0,206.0,123.0,134.0,2248.0,3712.0,1.0,90.0,188.3,22,10.63229783998281,188.3,238.3,2025-11-03,29.31,396.78,238.3,10.63229783998281,900.0,238.3,238.3,238.30000000000004,1.333783873,44.63628125061566,12.2908843751847,36.943085848401346,0,10.557870423676718,8.52948046329378,182.65564292321923,32.39524675272662,36.943085848401346,10.726386187078502,44.63628125061566,12.2908843751847,28.923688799583676,28.47772968648808,8.593280610677182,33.8792315939407,8.959743864646901
152,2025-11-03 22:45:06.916,L_6vSQ==,PACKET_DATA,30.25,395.4,76.22,1.454,4.72,220.0,941.0,519.0,171.0,5238.0,385.0,228.0,248.0,4115.0,7139.0,1.0,90.0,344.65,22,14.263372603400445,344.65,394.65,2025-11-03,30.25,395.4,394.65,14.263372603400445,900.0,394.65,394.65,394.6499999999999,1.555440102,74.22624916990318,20.767874750970957,59.81687986620691,0,14.1835745417997,8.474078182793287,182.65564292321923,33.10405369778637,59.81687986620691,14.004868471755316,74.22624916990318,20.767874750970957,28.923691903439277,28.47772968648808,8.586178129364168,33.8792315939407,8.959743864646901
153,2025-11-03 23:00:12.931,L_6vSQ==,PACKET_DATA,31.25,394.4,73.33,1.51,4.723,205.0,998.0,536.0,159.0,4857.0,351.0,210.0,227.0,3697.0,6515.0,1.0,90.0,319.57,23,13.556426700182747,319.57,369.57,2025-11-03,31.25,394.4,369.57,13.556426700182747,900.0,369.57,369.57,369.57000000000005,1.5217255596,69.1792606604552,19.253778198136562,55.87443437096571,0,13.549069258494931,8.604742433019382,182.65564292321923,32.60672514978677,55.87443437096571,13.559050710867613,69.1792606604552,19.253778198136562,28.923694775124808,28.47772968648808,8.581020613432386,33.8792315939407,8.959743864646901
154,2025-11-03 23:15:19.015,L_6vSQ==,PACKET_DATA,31.47,393.17,72.56,1.408,4.72,120.0,619.0,336.0,94.0,2869.0,205.0,123.0,133.0,2185.0,3771.0,1.0,90.0,187.17,23,10.202487084124064,187.17,237.17,2025-11-03,31.47,393.17,237.17,10.202487084124064,900.0,237.17,237.17,237.16999999999996,1.3320546226999999,44.41366063161212,12.224098189483636,36.76918617438875,0,10.456599792111742,8.651885531730692,182.65564292321923,31.11429558169172,36.76918617438875,10.407482883262789,44.41366063161212,12.224098189483636,28.923697432006712,28.47772968648808,8.574664846695697,33.8792315939407,8.959743864646901
155,2025-11-03 23:30:25.043,L_6vSQ==,PACKET_DATA,30.47,392.0,74.9,1.194,4.724,106.0,539.0,294.0,83.0,2546.0,182.0,109.0,118.0,1980.0,3308.0,1.0,90.0,163.81,23,9.482796796921766,163.81,213.81,2025-11-03,30.47,392.0,213.81,9.482796796921766,900.0,213.81,213.81,213.80999999999997,1.2963065810999999,39.81152110955692,10.843456332867076,33.174233621349856,0,9.699146482137134,8.468262406275782,182.65564292321923,30.26827720933222,33.174233621349856,9.697450663855726,39.81152110955692,10.843456332867076,28.923699890152413,28.47772968648808,8.56860675205111,33.8792315939407,8.959743864646901
156,2025-11-03 23:45:31.120,L_6vSQ==,PACKET_DATA,30.08,390.0,76.73,1.181,4.725,129.0,661.0,357.0,100.0,3075.0,220.0,131.0,143.0,2393.0,3977.0,1.0,90.0,196.44,23,10.655154811310611,196.44,246.44,2025-11-03,30.08,390.0,246.44,10.655154811310611,900.0,246.44,246.44,246.44,1.3462405964,46.23993774503044,12.77198132350913,38.19577907535924,0,10.620412869691817,8.440781079518622,182.65564292321923,32.12351378568087,38.19577907535924,10.7947633549044,46.23993774503044,12.77198132350913,28.923702164427493,28.47772968648808,8.558223757481533,33.8792315939407,8.959743864646901
157,2025-11-04 00:00:37.197,L_6vSQ==,PACKET_DATA,29.99,390.5,76.83,1.249,4.726,96.0,496.0,270.0,75.0,2294.0,164.0,98.0,106.0,1787.0,2953.0,1.0,90.0,147.42,0,8.93860682461838,147.42,197.42,2025-11-04,29.99,390.5,197.42,8.93860682461838,900.0,197.42,197.42,197.42000000000002,1.2685286228,36.60831792975971,9.869439309919903,30.66421236501649,0,9.168076203641228,8.444023938564209,182.65564292321923,30.659995410453725,30.66421236501649,9.182693654711379,36.60831792975971,9.869439309919903,28.923704268585567,28.47772968648808,8.560822237544578,33.8792315939407,8.959743864646901
158,2025-11-04 00:15:43.196,L_6vSQ==,PACKET_DATA,29.49,390.73,78.18,1.132,4.725,85.0,453.0,247.0,67.0,2043.0,145.0,87.0,95.0,1596.0,2601.0,1.0,90.0,133.65,0,8.491672596491615,133.65,183.65,2025-11-04,29.49,390.73,183.65,8.491672596491615,900.0,183.65,183.65,183.64999999999998,1.2330661909999998,34.0630314232902,9.021010474430067,28.624985981723075,0,8.52550505474424,8.47588433014806,182.65564292321923,29.549511681975616,28.624985981723075,8.5193775078431,34.0630314232902,9.021010474430067,28.923706215351483,28.47772968648808,8.562016623577854,33.8792315939407,8.959743864646901
159,2025-11-04 00:30:49.280,L_6vSQ==,PACKET_DATA,29.12,392.79,79.4,1.088,4.72,199.0,959.0,516.0,155.0,4744.0,343.0,204.0,222.0,3728.0,6225.0,1.0,90.0,315.7,0,14.030830442293608,315.7,365.7,2025-11-04,29.12,392.79,365.7,14.030830442293608,900.0,365.7,365.7,365.70000000000005,1.516523196,68.40047894069588,19.020143682208765,55.26609050866175,0,13.840068803430238,8.53736748564144,182.65564292321923,31.910022379526453,55.26609050866175,13.437750908109987,68.40047894069588,19.020143682208765,28.92370801649826,28.47772968648808,8.57269668440678,33.8792315939407,8.959743864646901
160,2025-11-04 00:45:55.365,L_6vSQ==,PACKET_DATA,30.25,389.25,75.36,1.407,4.722,54.0,291.0,160.0,43.0,1308.0,93.0,55.0,60.0,1011.0,1677.0,1.0,90.0,86.62,0,6.281070623401392,86.62,136.62,2025-11-04,30.25,389.25,136.62,6.281070623401392,900.0,136.62,136.62,136.61999999999998,1.1119479507999999,25.48693041328152,6.162310137760508,21.754006466864077,0,6.250072391174966,8.439967995550518,182.65564292321923,32.24457946471098,21.754006466864077,6.882708860115141,25.48693041328152,6.162310137760508,28.923709682918282,28.47772968648808,8.554319932725319,33.8792315939407,8.959743864646901
161,2025-11-04 01:01:01.385,L_6vSQ==,PACKET_DATA,29.0,390.2,79.25,0.92,4.722,18.0,67.0,70.0,106.0,461.0,33.0,169.0,229.0,266.0,171.0,1.0,90.0,712.04,1,16.28610575758202,712.04,762.04,2025-11-04,29.0,390.2,762.04,16.28610575758202,900.0,762.04,600.0,600.0,1.783429,95.0,28.0,76.64513905509547,0,16.85581460089226,8.544861632316303,182.65564292321923,35.39707123300336,76.64513905509547,14.926848455886347,95.0,28.0,28.923711224689193,28.47772968648808,8.559261814793983,33.8792315939407,8.959743864646901
162,2025-11-04 01:16:03.235,L_6vSQ==,PACKET_DATA,27.75,394.0,82.83,-0.002,4.671,0.0,0.0,0.0,0.0,0.0,0.0,0.0,0.0,0.0,0.0,0.0,90.0,0.0,1,-1.313542060982989,0.0,0.0,2025-11-04,27.75,394.0,0.0,-1.313542060982989,900.0,0.0,0.0,0.0,0.0,19.0,4.0,16.55682351251732,0,0.0,8.871440180284758,182.65564292321923,34.72830171231937,16.55682351251732,0.46397811042996473,19.0,4.0,28.923712651134803,28.47772968648808,8.578951877925114,33.8792315939407,8.959743864646901
163,2025-11-04 01:31:03.200,L_6vSQ==,PACKET_DATA,27.0,397.83,85.24,-0.003,4.619,0.0,0.0,0.0,0.0,0.0,0.0,0.0,0.0,0.0,0.0,0.0,90.0,0.0,1,-1.1863841812403084,0.0,0.0,2025-11-04,27.0,397.83,0.0,-1.1863841812403084,900.0,0.0,0.0,0.0,0.0,19.0,4.0,16.55682351251732,0,0.0,9.096856142517302,182.65564292321923,32.819621585599904,16.55682351251732,0.0,19.0,4.0,28.923713970881515,28.47772968648808,8.598667830174097,33.8792315939407,8.959743864646901
164,2025-11-04 01:46:03.211,L_6vSQ==,PACKET_DATA,26.49,402.06,86.64,-0.002,4.564,0.0,0.0,0.0,0.0,0.0,0.0,0.0,0.0,0.0,0.0,0.0,90.0,0.0,1,-1.0973231319737646,0.0,0.0,2025-11-04,26.49,402.06,0.0,-1.0973231319737646,900.0,0.0,0.0,0.0,0.0,19.0,4.0,16.55682351251732,0,0.0,9.238706205809667,182.65564292321923,31.737641913873595,16.55682351251732,0.0,19.0,4.0,28.923715191910457,28.47772968648808,8.620287445031048,33.8792315939407,8.959743864646901
165,2025-11-04 02:01:03.159,L_6vSQ==,PACKET_DATA,26.09,406.44,87.77,-0.002,4.528,0.0,0.0,0.0,0.0,0.0,0.0,0.0,0.0,0.0,0.0,0.0,90.0,0.0,2,-1.0303603972299218,0.0,0.0,2025-11-04,26.09,406.44,0.0,-1.0303603972299218,900.0,0.0,0.0,0.0,0.0,19.0,4.0,16.55682351251732,0,0.0,9.33477335812763,182.65564292321923,31.003904715714278,16.55682351251732,0.0,19.0,4.0,28.923716321605777,28.47772968648808,8.642496756795936,33.8792315939407,8.959743864646901
166,2025-11-04 02:16:03.171,L_6vSQ==,PACKET_DATA,25.87,410.25,88.81,-0.003,4.477,0.0,0.0,0.0,0.0,0.0,0.0,0.0,0.0,0.0,0.0,0.0,90.0,0.0,2,-0.998121738297467,0.0,0.0,2025-11-04,25.87,410.25,0.0,-0.998121738297467,900.0,0.0,0.0,0.0,0.0,19.0,4.0,16.55682351251732,0,0.0,9.385351123282488,182.65564292321923,30.431381151363077,16.55682351251732,0.0,19.0,4.0,28.92371736679928,28.47772968648808,8.661665247114144,33.8792315939407,8.959743864646901
167,2025-11-04 02:31:03.184,L_6vSQ==,PACKET_DATA,25.69,414.5,89.56,-0.003,4.426,0.0,0.0,0.0,0.0,0.0,0.0,0.0,0.0,0.0,0.0,0.0,90.0,0.0,2,-0.9753628445488864,0.0,0.0,2025-11-04,25.69,414.5,0.0,-0.9753628445488864,900.0,0.0,0.0,0.0,0.0,19.0,4.0,16.55682351251732,0,0.0,9.427070010317083,182.65564292321923,29.94565148841572,16.55682351251732,0.0,19.0,4.0,28.923718333811742,28.47772968648808,8.682877662008215,33.8792315939407,8.959743864646901
168,2025-11-04 02:46:03.254,L_6vSQ==,PACKET_DATA,25.38,417.44,90.08,-0.003,4.385,0.0,0.0,0.0,0.0,0.0,0.0,0.0,0.0,0.0,0.0,0.0,90.0,0.0,2,-0.9270202899752054,0.0,0.0,2025-11-04,25.38,417.44,0.0,-0.9270202899752054,900.0,0.0,0.0,0.0,0.0,19.0,4.0,16.55682351251732,0,0.0,9.462871447886753,182.65564292321923,29.5159208606036,16.55682351251732,0.0,19.0,4.0,28.92371922849115,28.47772968648808,8.697444374871626,33.8792315939407,8.959743864646901
169,2025-11-04 03:01:03.200,L_6vSQ==,PACKET_DATA,25.19,420.0,90.51,-0.003,4.337,0.0,0.0,0.0,0.0,0.0,0.0,0.0,0.0,0.0,0.0,0.0,90.0,0.0,3,-0.9009532332251008,0.0,0.0,2025-11-04,25.19,420.0,0.0,-0.9009532332251008,900.0,0.0,0.0,0.0,0.0,19.0,4.0,16.55682351251732,0,0.0,9.480571608192273,182.65564292321923,29.128397329241107,16.55682351251732,0.0,19.0,4.0,28.923720056248058,28.47772968648808,8.710055420095646,33.8792315939407,8.959743864646901
170,2025-11-04 03:16:03.236,L_6vSQ==,PACKET_DATA,25.0,423.75,90.91,-0.003,4.298,0.0,0.0,0.0,0.0,0.0,0.0,0.0,0.0,0.0,0.0,0.0,90.0,0.0,3,-0.8792296939256214,0.0,0.0,2025-11-04,25.0,423.75,0.0,-0.8792296939256214,900.0,0.0,0.0,0.0,0.0,19.0,4.0,16.55682351251732,0,0.0,9.498260444401344,182.65564292321923,28.7760093726245,16.55682351251732,0.0,19.0,4.0,28.923720822088303,28.47772968648808,8.728403909604033,33.8792315939407,8.959743864646901
171,2025-11-04 03:31:03.260,L_6vSQ==,PACKET_DATA,24.75,427.91,91.09,-0.003,4.246,0.0,0.0,0.0,0.0,0.0,0.0,0.0,0.0,0.0,0.0,0.0,90.0,0.0,3,-0.8510268177198874,0.0,0.0,2025-11-04,24.75,427.91,0.0,-0.8510268177198874,900.0,0.0,0.0,0.0,0.0,19.0,4.0,16.55682351251732,0,0.0,9.507712925890086,182.65564292321923,28.454426348018252,16.55682351251732,0.0,19.0,4.0,28.923721530643284,28.47772968648808,8.748581327372458,33.8792315939407,8.959743864646901
172,2025-11-04 03:46:03.219,L_6vSQ==,PACKET_DATA,24.62,430.6,91.15,-0.003,4.204,0.0,0.0,0.0,0.0,0.0,0.0,0.0,0.0,0.0,0.0,0.0,90.0,0.0,3,-0.8387263148319821,0.0,0.0,2025-11-04,24.62,430.6,0.0,-0.8387263148319821,900.0,0.0,0.0,0.0,0.0,19.0,4.0,16.55682351251732,0,0.0,9.511181258131788,182.65564292321923,28.16051102095396,16.55682351251732,0.0,19.0,4.0,28.923722186197967,28.47772968648808,8.761527414974026,33.8792315939407,8.959743864646901
173,2025-11-04 04:01:03.291,L_6vSQ==,PACKET_DATA,24.52,432.5,91.43,-0.003,4.156,0.0,0.0,0.0,0.0,0.0,0.0,0.0,0.0,0.0,0.0,0.0,90.0,0.0,4,-0.8293878202954783,0.0,0.0,2025-11-04,24.52,432.5,0.0,-0.8293878202954783,900.0,0.0,0.0,0.0,0.0,19.0,4.0,16.55682351251732,0,0.0,9.511009489910059,182.65564292321923,27.891711155775038,16.55682351251732,0.0,19.0,4.0,28.92372279271681,28.47772968648808,8.770622718832959,33.8792315939407,8.959743864646901
174,2025-11-04 04:16:03.233,L_6vSQ==,PACKET_DATA,24.5,434.75,91.52,-0.003,4.108,0.0,0.0,0.0,0.0,0.0,0.0,0.0,0.0,0.0,0.0,0.0,90.0,0.0,4,-0.8319449120035927,0.0,0.0,2025-11-04,24.5,434.75,0.0,-0.8319449120035927,900.0,0.0,0.0,0.0,0.0,19.0,4.0,16.55682351251732,0,0.0,9.52074164050116,182.65564292321923,27.645814262821702,16.55682351251732,0.0,19.0,4.0,28.923723353867715,28.47772968648808,8.781340635921289,33.8792315939407,8.959743864646901
175,2025-11-04 04:31:03.299,L_6vSQ==,PACKET_DATA,24.25,436.93,91.72,-0.003,4.068,0.0,0.0,0.0,0.0,0.0,0.0,0.0,0.0,0.0,0.0,0.0,90.0,0.0,4,-0.8049456956211429,0.0,0.0,2025-11-04,24.25,436.93,0.0,-0.8049456956211429,900.0,0.0,0.0,0.0,0.0,19.0,4.0,16.55682351251732,0,0.0,9.498744382504645,182.65564292321923,27.420843307260636,16.55682351251732,0.0,19.0,4.0,28.923723873044228,28.47772968648808,8.791669787555662,33.8792315939407,8.959743864646901
176,2025-11-04 04:46:03.263,L_6vSQ==,PACKET_DATA,24.22,439.85,91.86,-0.003,4.016,0.0,0.0,0.0,0.0,0.0,0.0,0.0,0.0,0.0,0.0,0.0,90.0,0.0,4,-0.8080027637075933,0.0,0.0,2025-11-04,24.22,439.85,0.0,-0.8080027637075933,900.0,0.0,0.0,0.0,0.0,19.0,4.0,16.55682351251732,0,0.0,9.509630039457063,182.65564292321923,27.215007608147214,16.55682351251732,0.0,19.0,4.0,28.92372435338606,28.47772968648808,8.80541873750377,33.8792315939407,8.959743864646901
177,2025-11-04 05:01:03.307,L_6vSQ==,PACKET_DATA,24.12,441.67,91.84,-0.003,3.976,0.0,0.0,0.0,0.0,0.0,0.0,0.0,0.0,0.0,0.0,0.0,90.0,0.0,5,-0.8003858851680903,0.0,0.0,2025-11-04,24.12,441.67,0.0,-0.8003858851680903,900.0,0.0,0.0,0.0,0.0,19.0,4.0,16.55682351251732,0,0.0,9.50276779189226,182.65564292321923,27.02667577780151,16.55682351251732,0.0,19.0,4.0,28.923724797798062,28.47772968648808,8.813937541460783,33.8792315939407,8.959743864646901
178,2025-11-04 05:16:03.302,L_6vSQ==,PACKET_DATA,23.98,443.64,92.01,-0.003,3.922,0.0,0.0,0.0,0.0,0.0,0.0,0.0,0.0,0.0,0.0,0.0,90.0,0.0,5,-0.7892747855138573,0.0,0.0,2025-11-04,23.98,443.64,0.0,-0.7892747855138573,900.0,0.0,0.0,0.0,0.0,19.0,4.0,16.55682351251732,0,0.0,9.487713384658546,182.65564292321923,26.854357852264734,16.55682351251732,0.0,19.0,4.0,28.92372520896781,28.47772968648808,8.82311403081996,33.8792315939407,8.959743864646901
179,2025-11-04 05:31:03.366,L_6vSQ==,PACKET_DATA,24.1,444.25,92.14,-0.003,3.88,0.0,0.0,0.0,0.0,0.0,0.0,0.0,0.0,0.0,0.0,0.0,90.0,0.0,5,-0.8038599180413666,0.0,0.0,2025-11-04,24.1,444.25,0.0,-0.8038599180413666,900.0,0.0,0.0,0.0,0.0,19.0,4.0,16.55682351251732,0,0.0,9.512953958302305,182.65564292321923,26.69669159849832,16.55682351251732,0.0,19.0,4.0,28.92372558938183,28.47772968648808,8.825945997834365,33.8792315939407,8.959743864646901
180,2025-11-04 05:46:03.322,L_6vSQ==,PACKET_DATA,23.87,446.83,92.33,-0.004,3.826,0.0,0.0,0.0,0.0,0.0,0.0,0.0,0.0,0.0,0.0,0.0,90.0,0.0,5,-0.7848717649445245,0.0,0.0,2025-11-04,23.87,446.83,0.0,-0.7848717649445245,900.0,0.0,0.0,0.0,0.0,19.0,4.0,16.55682351251732,0,0.0,9.482779717296905,182.65564292321923,26.552431010693667,16.55682351251732,0.0,19.0,4.0,28.923725941340685,28.47772968648808,8.837874251491254,33.8792315939407,8.959743864646901
181,2025-11-04 06:01:03.387,L_6vSQ==,PACKET_DATA,23.87,447.67,92.4,-0.003,3.781,0.0,0.0,0.0,0.0,0.0,0.0,0.0,0.0,0.0,0.0,0.0,90.0,0.0,6,-0.7867083465907285,0.0,0.0,2025-11-04,23.87,447.67,0.0,-0.7867083465907285,900.0,0.0,0.0,0.0,0.0,19.0,4.0,16.55682351251732,0,0.0,9.487228564652279,182.65564292321923,26.420436179949824,16.55682351251732,0.0,19.0,4.0,28.923726266972825,28.47772968648808,8.841740323831761,33.8792315939407,8.959743864646901
182,2025-11-04 06:16:03.380,L_6vSQ==,PACKET_DATA,23.62,449.11,92.41,-0.004,3.736,0.0,0.0,0.0,0.0,0.0,0.0,0.0,0.0,0.0,0.0,0.0,90.0,0.0,6,-0.7661949594187742,0.0,0.0,2025-11-04,23.62,449.11,0.0,-0.7661949594187742,900.0,0.0,0.0,0.0,0.0,19.0,4.0,16.55682351251732,0,0.0,9.439733661831072,182.65564292321923,26.299664177723287,16.55682351251732,0.0,19.0,4.0,28.923726568247506,28.47772968648808,8.848347746738579,33.8792315939407,8.959743864646901
183,2025-11-04 06:31:03.352,L_6vSQ==,PACKET_DATA,23.49,451.5,92.56,-0.003,3.696,0.0,0.0,0.0,0.0,0.0,0.0,0.0,0.0,0.0,0.0,0.0,90.0,0.0,6,-0.7603549882863518,0.0,0.0,2025-11-04,23.49,451.5,0.0,-0.7603549882863518,900.0,0.0,0.0,0.0,0.0,19.0,4.0,16.55682351251732,0,0.0,9.421131371987185,182.65564292321923,26.189160773202993,16.55682351251732,0.0,19.0,4.0,28.92372684698668,28.47772968648808,8.859257568315874,33.8792315939407,8.959743864646901
184,2025-11-04 06:46:03.365,L_6vSQ==,PACKET_DATA,23.49,452.41,92.62,-0.003,3.654,0.0,0.0,0.0,0.0,0.0,0.0,0.0,0.0,0.0,0.0,0.0,90.0,0.0,6,-0.7623112874081972,0.0,0.0,2025-11-04,23.49,452.41,0.0,-0.7623112874081972,900.0,0.0,0.0,0.0,0.0,19.0,4.0,16.55682351251732,0,0.0,9.425983599435613,182.65564292321923,26.088052877587387,16.55682351251732,0.0,19.0,4.0,28.923727104876008,28.47772968648808,8.863392736162893,33.8792315939407,8.959743864646901
185,2025-11-04 07:01:03.372,L_6vSQ==,PACKET_DATA,23.26,454.0,92.53,-0.003,3.609,0.0,0.0,0.0,0.0,0.0,0.0,0.0,0.0,0.0,0.0,0.0,90.0,0.0,7,-0.7483122695021311,0.0,0.0,2025-11-04,23.26,454.0,0.0,-0.7483122695021311,900.0,0.0,0.0,0.0,0.0,19.0,4.0,16.55682351251732,0,0.0,9.375342743039392,182.65564292321923,25.995541639529,16.55682351251732,0.0,19.0,4.0,28.92372734347508,28.47772968648808,8.870592928389458,33.8792315939407,8.959743864646901
186,2025-11-04 07:16:03.366,L_6vSQ==,PACKET_DATA,23.47,454.29,92.72,-0.004,3.567,0.0,0.0,0.0,0.0,0.0,0.0,0.0,0.0,0.0,0.0,0.0,90.0,0.0,7,-0.764699848455761,0.0,0.0,2025-11-04,23.47,454.29,0.0,-0.764699848455761,900.0,0.0,0.0,0.0,0.0,19.0,4.0,16.55682351251732,0,0.0,9.431016295784751,182.65564292321923,25.910896131008723,16.55682351251732,0.0,19.0,4.0,28.92372756422681,28.47772968648808,8.871902690077809,33.8792315939407,8.959743864646901
187,2025-11-04 07:31:03.390,L_6vSQ==,PACKET_DATA,23.26,457.27,92.69,-0.003,3.522,0.0,0.0,0.0,0.0,0.0,0.0,0.0,0.0,0.0,0.0,0.0,90.0,0.0,7,-0.755229608914437,0.0,0.0,2025-11-04,23.26,457.27,0.0,-0.755229608914437,900.0,0.0,0.0,0.0,0.0,19.0,4.0,16.55682351251732,0,0.0,9.392802769118044,182.65564292321923,25.83344757136682,16.55682351251732,0.0,19.0,4.0,28.923727768466193,28.47772968648808,8.885299842795089,33.8792315939407,8.959743864646901
188,2025-11-04 07:46:03.399,L_6vSQ==,PACKET_DATA,23.25,459.45,92.8,-0.003,3.485,0.0,0.0,0.0,0.0,0.0,0.0,0.0,0.0,0.0,0.0,0.0,90.0,0.0,7,-0.7590590708174023,0.0,0.0,2025-11-04,23.25,459.45,0.0,-0.7590590708174023,900.0,0.0,0.0,0.0,0.0,19.0,4.0,16.55682351251732,0,0.0,9.401704634844831,182.65564292321923,25.762584042934925,16.55682351251732,0.0,19.0,4.0,28.92372795742836,28.47772968648808,8.895028045409477,33.8792315939407,8.959743864646901
189,2025-11-04 08:01:03.362,L_6vSQ==,PACKET_DATA,23.24,460.0,92.8,-0.003,3.448,0.0,0.0,0.0,0.0,0.0,0.0,0.0,0.0,0.0,0.0,0.0,90.0,0.0,8,-0.7595011415425859,0.0,0.0,2025-11-04,23.24,460.0,0.0,-0.7595011415425859,900.0,0.0,0.0,0.0,0.0,19.0,4.0,16.55682351251732,0,0.0,9.401952942859209,182.65564292321923,25.69774565616271,16.55682351251732,0.0,19.0,4.0,28.923728132256052,28.47772968648808,8.897472631999495,33.8792315939407,8.959743864646901
190,2025-11-04 08:16:03.404,L_6vSQ==,PACKET_DATA,23.12,460.14,92.83,-0.004,3.397,0.0,0.0,0.0,0.0,0.0,0.0,0.0,0.0,0.0,0.0,0.0,90.0,0.0,8,-0.7518920233782023,0.0,0.0,2025-11-04,23.12,460.14,0.0,-0.7518920233782023,900.0,0.0,0.0,0.0,0.0,19.0,4.0,16.55682351251732,0,0.0,9.370288035190264,182.65564292321923,25.63842012590223,16.55682351251732,0.0,19.0,4.0,28.92372829400654,28.47772968648808,8.898094239109012,33.8792315939407,8.959743864646901
191,2025-11-04 08:31:03.383,L_6vSQ==,PACKET_DATA,23.12,461.9,92.87,-0.003,3.358,0.0,0.0,0.0,0.0,0.0,0.0,0.0,0.0,0.0,0.0,0.0,90.0,0.0,8,-0.75549565776757,0.0,0.0,2025-11-04,23.12,461.9,0.0,-0.75549565776757,900.0,0.0,0.0,0.0,0.0,19.0,4.0,16.55682351251732,0,0.0,9.379612621893894,182.65564292321923,25.584138723845616,16.55682351251732,0.0,19.0,4.0,28.923728443658007,28.47772968648808,8.905887151826835,33.8792315939407,8.959743864646901
192,2025-11-04 08:46:03.451,L_6vSQ==,PACKET_DATA,23.0,468.23,92.78,-0.003,3.313,0.0,0.0,0.0,0.0,0.0,0.0,0.0,0.0,0.0,0.0,0.0,90.0,0.0,8,-0.7609146435098069,0.0,0.0,2025-11-04,23.0,468.23,0.0,-0.7609146435098069,900.0,0.0,0.0,0.0,0.0,19.0,4.0,16.55682351251732,0,0.0,9.379784899240043,182.65564292321923,25.534472575116137,16.55682351251732,0.0,19.0,4.0,28.92372858211546,28.47772968648808,8.933575113166954,33.8792315939407,8.959743864646901
193,2025-11-04 09:01:03.457,L_6vSQ==,PACKET_DATA,23.05,485.21,92.93,-0.004,3.285,0.0,0.0,0.0,0.0,0.0,0.0,0.0,0.0,0.0,0.0,0.0,90.0,0.0,9,-0.7946639196973688,0.0,0.0,2025-11-04,23.05,485.21,0.0,-0.7946639196973688,900.0,0.0,0.0,0.0,0.0,19.0,4.0,16.55682351251732,0,0.0,9.47991272185504,182.65564292321923,25.489029269744336,16.55682351251732,0.0,19.0,4.0,28.92372871021622,28.47772968648808,9.005113399926095,33.8792315939407,8.959743864646901
194,2025-11-04 09:16:08.247,L_6vSQ==,PACKET_DATA,25.0,487.64,88.66,1.354,4.714,140.0,707.0,379.0,109.0,3366.0,241.0,143.0,157.0,2674.0,4315.0,1.0,90.0,219.83,9,13.116243495118653,219.83,269.83000000000004,2025-11-04,25.0,487.64,269.83000000000004,13.116243495118653,900.0,269.83000000000004,269.83000000000004,269.83,1.3820345473,50.167822243847056,13.791955560961764,41.168864045409734,0,13.143601349344966,9.802208037614488,182.65564292321923,27.45047609380964,41.168864045409734,12.876188257076645,50.167822243847056,13.791955560961764,28.923728828734976,28.47772968648808,9.015012469130033,33.8792315939407,8.959743864646901
195,2025-11-04 09:31:14.293,L_6vSQ==,PACKET_DATA,25.75,483.06,85.0,1.297,4.715,107.0,550.0,297.0,83.0,2561.0,183.0,109.0,120.0,2036.0,3278.0,1.0,90.0,163.25,9,11.030337792979957,163.25,213.25,2025-11-04,25.75,483.06,213.25,11.030337792979957,900.0,213.25,213.25,213.25000000000003,1.2954496075,39.70119584704191,10.810358754112574,33.088053251927704,0,11.216498425798628,9.73990870734775,182.65564292321923,30.993080082453336,33.088053251927704,10.434799873653239,39.70119584704191,10.810358754112574,28.923728938388468,28.47772968648808,8.996282629430342,33.8792315939407,8.959743864646901
196,2025-11-04 09:46:20.404,L_6vSQ==,PACKET_DATA,25.87,474.75,83.25,1.205,4.723,59.0,324.0,176.0,47.0,1436.0,101.0,60.0,66.0,1138.0,1789.0,1.0,90.0,95.86,9,7.904472824023629,95.86,145.86,2025-11-04,25.87,474.75,145.86,7.904472824023629,900.0,145.86,145.86,145.86,1.1357440924,27.118862592723424,6.706287530907808,23.06147387676264,0,7.5817609410397715,9.690750272940221,182.65564292321923,29.817245575107478,23.06147387676264,6.832193361250976,27.118862592723424,6.706287530907808,28.923729039839817,28.47772968648808,8.961524774394881,33.8792315939407,8.959743864646901
197,2025-11-04 10:01:26.400,L_6vSQ==,PACKET_DATA,25.62,467.62,84.32,0.99,4.723,203.0,991.0,528.0,157.0,4850.0,350.0,207.0,228.0,3867.0,6270.0,1.0,90.0,318.5,10,15.574152434407411,318.5,368.5,2025-11-04,25.62,467.62,368.5,15.574152434407411,900.0,368.5,368.5,368.49999999999994,1.52028718,68.96393858289899,19.189181574869696,55.70623593875246,0,15.7141028654979,9.690093185191593,182.65564292321923,32.188925022209276,55.70623593875246,14.733677515298686,68.96393858289899,19.189181574869696,28.923729133702548,28.47772968648808,8.930930267417162,33.8792315939407,8.959743864646901
198,2025-11-04 10:15:01.882,L_6vSQ==,PACKET_DATA,27.5,459.64,79.16,1.519,4.722,204.0,1002.0,534.0,159.0,4866.0,351.0,209.0,228.0,3794.0,6397.0,1.0,90.0,327.76,10,15.605723452769912,327.76,377.76,2025-11-04,27.5,459.64,377.76,15.605723452769912,900.0,377.76,377.76,377.76,1.5327352128,70.82738011389934,19.748214034169802,57.161859753981076,0,15.643150907330202,9.250776068364143,182.65564292321923,33.33221568149959,57.161859753981076,14.815386156638908,70.82738011389934,19.748214034169802,28.9237292205443,28.47772968648808,8.89587277101377,33.8792315939407,8.959743864646901
199,2025-11-04 10:30:07.974,L_6vSQ==,PACKET_DATA,27.12,452.5,78.07,1.319,4.722,139.0,709.0,380.0,108.0,3327.0,239.0,142.0,155.0,2613.0,4291.0,1.0,90.0,216.44,10,12.597375767991394,216.44,266.44,2025-11-04,27.12,452.5,266.44,12.597375767991394,900.0,266.44,266.44,266.44,1.3768467964,49.618010785387014,13.654502696346754,40.75589849034883,0,12.552444501368923,9.32675699461746,182.65564292321923,32.395442226784,40.75589849034883,12.074258379151278,49.618010785387014,13.654502696346754,28.92372930089024,28.47772968648808,8.863800752335509,33.8792315939407,8.959743864646901
200,2025-11-04 10:45:13.968,L_6vSQ==,PACKET_DATA,27.36,445.7,77.72,1.276,4.72,111.0,572.0,309.0,87.0,2663.0,190.0,113.0,124.0,2096.0,3415.0,1.0,90.0,175.99,10,11.055708524562457,175.99,225.99,2025-11-04,27.36,445.7,225.99,11.055708524562457,900.0,225.99,225.99,225.99000000000007,1.3149457569,42.21109556925867,11.5633286707776,35.04865665628196,0,11.089584375569643,9.230414798408763,182.65564292321923,30.94446609302682,35.04865665628196,10.540818769276775,42.21109556925867,11.5633286707776,28.92372937522626,28.47772968648808,8.832659158074396,33.8792315939407,8.959743864646901
201,2025-11-04 11:00:20.011,L_6vSQ==,PACKET_DATA,27.25,441.0,78.9,1.227,4.721,138.0,695.0,374.0,107.0,3300.0,237.0,141.0,154.0,2610.0,4245.0,1.0,90.0,212.25,11,12.340292272227522,212.25,262.25,2025-11-04,27.25,441.0,262.25,12.340292272227522,900.0,262.25,262.25,262.25,1.3704347975,48.938450310181246,13.484612577545311,40.245477937043475,0,12.277311306006037,9.240199360131108,182.65564292321923,32.87149334985432,40.245477937043475,11.944869546159106,48.938450310181246,13.484612577545311,28.923729444001907,28.47772968648808,8.810805178134146,33.8792315939407,8.959743864646901
202,2025-11-04 11:15:26.104,L_6vSQ==,PACKET_DATA,27.53,435.25,77.86,1.276,4.723,118.0,622.0,334.0,92.0,2826.0,202.0,120.0,131.0,2213.0,3611.0,1.0,90.0,184.17,11,11.252900833853085,184.17,234.17,2025-11-04,27.53,435.25,234.17,11.252900833853085,900.0,234.17,234.17,234.16999999999996,1.3274636926999999,43.82263243956736,12.046789731870208,36.30750562391286,0,11.233777126315962,9.135221892193155,182.65564292321923,30.885137294349143,36.30750562391286,10.692316770744725,43.82263243956736,12.046789731870208,28.923729507633098,28.47772968648808,8.78371342618446,33.8792315939407,8.959743864646901
203,2025-11-04 11:30:32.134,L_6vSQ==,PACKET_DATA,27.5,428.54,78.07,1.25,4.725,230.0,1160.0,611.0,178.0,5472.0,394.0,234.0,256.0,4271.0,7122.0,1.0,90.0,365.22,11,15.90286406275067,365.22,415.22,2025-11-04,27.5,428.54,415.22,15.90286406275067,900.0,415.22,415.22,415.22000000000014,1.5783571518000001,78.25376444496325,22.3015057779853,63.158479003981796,0,15.921235487788898,9.112593252277572,182.65564292321923,33.42912591478048,63.158479003981796,14.865090827024298,78.25376444496325,22.3015057779853,28.92372956650464,28.47772968648808,8.751619037302726,33.8792315939407,8.959743864646901
204,2025-11-04 11:45:38.218,L_6vSQ==,PACKET_DATA,28.8,419.91,73.14,1.483,4.72,90.0,460.0,251.0,70.0,2153.0,154.0,92.0,100.0,1671.0,2793.0,1.0,90.0,135.6,11,8.897251576284475,135.6,185.6,2025-11-04,28.8,419.91,185.6,8.897251576284475,900.0,185.6,185.6,185.59999999999997,1.2380881039999998,34.42347504621072,9.141158348736905,28.913765317047847,0,8.891690637588237,8.734016261711382,182.65564292321923,32.81998235732883,28.913765317047847,9.437501441632735,34.42347504621072,9.141158348736905,28.923729620972562,28.47772968648808,8.709611414486513,33.8792315939407,8.959743864646901
205,2025-11-04 12:00:44.200,L_6vSQ==,PACKET_DATA,27.74,415.77,77.12,1.124,4.724,111.0,571.0,309.0,87.0,2667.0,191.0,113.0,124.0,2105.0,3413.0,1.0,90.0,176.04,12,10.76427880863926,176.04,226.04,2025-11-04,27.74,415.77,226.04,10.76427880863926,900.0,226.04,226.04,226.0399999999999,1.3150222723999998,42.22094603912605,11.566283811737815,35.05635133212321,0,10.756674027771219,8.983482518808168,182.65564292321923,34.582585797575746,35.05635133212321,11.19684370490638,42.22094603912605,11.566283811737815,28.923729671366253,28.47772968648808,8.68917889180335,33.8792315939407,8.959743864646901
206,2025-11-04 12:15:50.320,L_6vSQ==,PACKET_DATA,27.94,411.29,77.6,1.222,4.719,249.0,1230.0,649.0,192.0,5908.0,426.0,254.0,277.0,4606.0,7737.0,1.0,90.0,389.56,12,15.934871944614745,389.56,439.56,2025-11-04,27.94,411.29,439.56,15.934871944614745,900.0,439.56,439.56,439.5600000000001,1.6035049964,82.98898875530138,24.19559550212055,67.14192213932459,0,15.858252282737345,8.905452069765474,182.65564292321923,35.785396235843805,67.14192213932459,14.155590707662872,82.98898875530138,24.19559550212055,28.923729717990465,28.47772968648808,8.666870460195767,33.8792315939407,8.959743864646901
207,2025-11-04 12:30:56.392,L_6vSQ==,PACKET_DATA,29.49,404.65,71.77,1.563,4.72,257.0,1275.0,672.0,199.0,6078.0,439.0,262.0,283.0,4610.0,8098.0,1.0,90.0,408.45,12,15.63860312374555,408.45,458.45,2025-11-04,29.49,404.65,458.45,15.63860312374555,900.0,458.45,458.45,458.45000000000005,1.6230219555,86.6916869400107,25.507506082003207,70.15511607701839,0,15.4840125685243,8.54896265871746,182.65564292321923,36.63612327988655,70.15511607701839,13.650296227842567,86.6916869400107,25.507506082003207,28.923729761127163,28.47772968648808,8.633439775653459,33.8792315939407,8.959743864646901
208,2025-11-04 12:46:02.386,L_6vSQ==,PACKET_DATA,30.44,396.0,69.47,1.593,4.722,117.0,585.0,319.0,91.0,2794.0,201.0,120.0,130.0,2146.0,3689.0,1.0,90.0,178.06,12,10.023482481337725,178.06,228.06,2025-11-04,30.44,396.0,228.06,10.023482481337725,900.0,228.06,228.06,228.05999999999995,1.3181134985999998,42.61890502176953,11.68567150653086,35.36721623611031,0,10.13933054549289,8.488399385472194,182.65564292321923,33.276224188647106,35.36721623611031,10.719180108119488,42.61890502176953,11.68567150653086,28.923729801037215,28.47772968648808,8.589260691114701,33.8792315939407,8.959743864646901
209,2025-11-04 13:01:08.403,L_6vSQ==,PACKET_DATA,29.0,392.67,73.92,1.186,4.724,62.0,325.0,179.0,49.0,1494.0,106.0,63.0,69.0,1172.0,1904.0,1.0,90.0,97.17,13,7.001272841270406,97.17,147.17000000000002,2025-11-04,29.0,392.67,147.17000000000002,7.001272841270406,900.0,147.17000000000002,147.17000000000002,147.17000000000004,1.1391177878,27.35022960084777,6.783409866949256,23.246839927300215,0,6.777115221160875,8.557700052270013,182.65564292321923,31.6604071024798,23.246839927300215,7.0987188198585685,27.35022960084777,6.783409866949256,28.92372983796197,28.47772968648808,8.572071318297928,33.8792315939407,8.959743864646901
210,2025-11-04 13:16:14.550,L_6vSQ==,PACKET_DATA,28.05,392.17,77.87,0.999,4.725,196.0,953.0,511.0,152.0,4675.0,337.0,200.0,219.0,3694.0,6093.0,1.0,90.0,307.19,13,14.156979006124097,307.19,357.19,2025-11-04,28.05,392.17,357.19,14.156979006124097,900.0,357.19,357.19,357.18999999999994,1.5050833732,66.68796409957135,18.506389229871406,53.928362790778834,0,13.992558729076595,8.778782377737482,182.65564292321923,33.986972779073966,53.928362790778834,13.352733317772163,66.68796409957135,18.506389229871406,28.92372987212474,28.47772968648808,8.569481858510834,33.8792315939407,8.959743864646901
211,2025-11-04 13:31:20.509,L_6vSQ==,PACKET_DATA,29.38,389.6,73.06,1.486,4.72,255.0,1255.0,663.0,197.0,6039.0,437.0,261.0,283.0,4640.0,8038.0,1.0,90.0,401.34,13,15.304394764055306,401.34,451.34,2025-11-04,29.38,389.6,451.34,15.304394764055306,900.0,451.34,451.34,451.34000000000003,1.6156759746,85.28540912597164,25.085622737791493,69.05660483162181,0,15.124783462198508,8.482672132165568,182.65564292321923,35.206371781532546,69.05660483162181,14.131454051841647,85.28540912597164,25.085622737791493,28.92372990373211,28.47772968648808,8.556137716354622,33.8792315939407,8.959743864646901
212,2025-11-04 13:46:26.606,L_6vSQ==,PACKET_DATA,30.28,384.11,70.0,1.606,4.726,54.0,282.0,156.0,42.0,1287.0,91.0,55.0,59.0,991.0,1663.0,1.0,90.0,77.47,13,5.824750346091445,77.47,127.47,2025-11-04,30.28,384.11,127.47,5.824750346091445,900.0,127.47,127.47,127.46999999999996,1.0883835897999998,23.87089367714588,5.623631225715292,20.459274129139857,0,5.831099212655955,8.412421216363493,182.65564292321923,33.167256897836445,20.459274129139857,6.983359718221792,23.87089367714588,5.623631225715292,28.923729932975235,28.47772968648808,8.527443565833078,33.8792315939407,8.959743864646901
213,2025-11-04 14:00:02.069,L_6vSQ==,PACKET_DATA,28.62,383.21,76.57,0.925,4.73,55.0,294.0,161.0,43.0,1320.0,93.0,56.0,61.0,1041.0,1660.0,1.0,90.0,81.96,14,6.323887042188464,81.96,131.95999999999998,2025-11-04,28.62,383.21,131.95999999999998,6.323887042188464,900.0,131.95999999999998,131.95999999999998,131.95999999999995,1.0999468663999998,24.663899682091127,5.887966560697042,21.094612729837316,0,6.085901223683317,8.587446951395773,182.65564292321923,31.564851730758598,21.094612729837316,6.372924507618736,24.663899682091127,5.887966560697042,28.923729960030954,28.47772968648808,8.522715645132397,33.8792315939407,8.959743864646901
214,2025-11-04 14:15:08.051,L_6vSQ==,PACKET_DATA,28.25,381.83,76.6,1.167,4.726,210.0,624.0,378.0,165.0,5067.0,386.0,224.0,247.0,4277.0,7109.0,1.0,90.0,338.95,14,14.560973762059248,338.95,388.95,2025-11-04,28.25,381.83,388.95,14.560973762059248,900.0,388.95,388.95,388.95,1.547777706,73.07920632684683,20.42376189805405,58.92086952637937,0,14.424487144585315,8.671530301801777,182.65564292321923,34.018102937973666,58.92086952637937,13.64541916759569,73.07920632684683,20.42376189805405,28.923729985062895,28.47772968648808,8.515453324993224,33.8792315939407,8.959743864646901
215,2025-11-04 14:30:14.122,L_6vSQ==,PACKET_DATA,29.8,378.33,71.31,1.514,4.722,122.0,617.0,335.0,95.0,2909.0,209.0,125.0,135.0,2239.0,3817.0,1.0,90.0,187.15,14,10.313009578780736,187.15,237.15,2025-11-04,29.8,378.33,237.15,10.313009578780736,900.0,237.15,237.15,237.14999999999998,1.3320240165,44.40972044366516,12.222916133099547,36.766108304052246,0,10.27536717350038,8.384149878432337,182.65564292321923,32.53542185427962,36.766108304052246,10.542776705980193,44.40972044366516,12.222916133099547,28.92373000822243,28.47772968648808,8.496965737890187,33.8792315939407,8.959743864646901
216,2025-11-04 14:45:20.218,L_6vSQ==,PACKET_DATA,29.02,376.5,73.93,1.242,4.724,169.0,834.0,449.0,131.0,4017.0,289.0,172.0,188.0,3136.0,5253.0,1.0,90.0,261.94,14,12.65134257067084,261.94,311.94,2025-11-04,29.02,376.5,311.94,12.65134257067084,900.0,311.94,311.94,311.93999999999994,1.4442547032,57.504371873602,15.7513115620806,46.75461715342946,0,12.428068075027053,8.46907465633061,182.65564292321923,34.68149256045199,46.75461715342946,12.401407461085151,57.504371873602,15.7513115620806,28.923730029649622,28.47772968648808,8.487260859360134,33.8792315939407,8.959743864646901
217,2025-11-04 15:00:26.297,L_6vSQ==,PACKET_DATA,29.55,373.71,73.06,1.395,4.727,187.0,917.0,492.0,145.0,4445.0,321.0,191.0,208.0,3448.0,5857.0,1.0,90.0,292.09,15,13.138476052278705,292.09,342.09,2025-11-04,29.55,373.71,342.09,13.138476052278705,900.0,342.09,342.09,342.09000000000003,1.4847847452,63.63516206433771,17.590548619301316,51.54367227501097,0,12.911320942578492,8.378393449556295,182.65564292321923,35.72249196961596,51.54367227501097,12.615428754127423,63.63516206433771,17.590548619301316,28.92373004947405,28.47772968648808,8.472415136526363,33.8792315939407,8.959743864646901
218,2025-11-04 15:15:32.306,L_6vSQ==,PACKET_DATA,29.94,372.5,71.73,1.42,4.721,142.0,687.0,374.0,110.0,3379.0,244.0,145.0,158.0,2629.0,4461.0,1.0,90.0,216.43,15,11.129451178648798,216.43,266.43,2025-11-04,29.94,372.5,266.43,11.129451178648798,900.0,266.43,266.43,266.43000000000006,1.3768314933,49.61638892267771,13.654097230669427,40.75468030287078,0,11.002889804440633,8.346208306773454,182.65564292321923,32.88740049452039,40.75468030287078,11.24399503234038,49.61638892267771,13.654097230669427,28.923730067815598,28.47772968648808,8.46595828598725,33.8792315939407,8.959743864646901
219,2025-11-04 15:30:38.305,L_6vSQ==,PACKET_DATA,29.47,370.5,72.65,1.313,4.726,104.0,515.0,282.0,81.0,2489.0,179.0,106.0,116.0,1953.0,3235.0,1.0,90.0,159.31,15,9.362614340994767,159.31,209.31,2025-11-04,29.47,370.5,209.31,9.362614340994767,900.0,209.31,209.31,209.30999999999997,1.2894201860999999,38.92497882148978,10.577493646446934,32.48171279563603,0,9.466999528909582,8.369573868751162,182.65564292321923,31.52396989083021,32.48171279563603,9.524836749045193,38.92497882148978,10.577493646446934,28.923730084785188,28.47772968648808,8.45526184319803,33.8792315939407,8.959743864646901
220,2025-11-04 15:45:44.417,L_6vSQ==,PACKET_DATA,28.74,370.33,74.68,1.17,4.725,158.0,772.0,418.0,123.0,3778.0,273.0,162.0,177.0,2974.0,4931.0,1.0,90.0,247.26,15,12.292538710556313,247.26,297.26,2025-11-04,28.74,370.33,297.26,12.292538710556313,900.0,297.26,297.26,297.26,1.4240109506,54.61659165551636,14.90414791387909,44.510352297716665,0,12.0797250363738,8.492364347374574,182.65564292321923,33.609971956232314,44.510352297716665,11.999445810624254,54.61659165551636,14.90414791387909,28.923730100485443,28.47772968648808,8.454351279196647,33.8792315939407,8.959743864646901
221,2025-11-04 16:00:50.447,L_6vSQ==,PACKET_DATA,29.25,369.5,73.17,1.358,4.727,87.0,434.0,239.0,69.0,2099.0,151.0,90.0,98.0,1653.0,2722.0,1.0,90.0,140.56,16,8.69843037520308,140.56,190.56,2025-11-04,29.25,369.5,190.56,8.69843037520308,900.0,190.56,190.56,190.56,1.2508617904,35.340295748613684,9.446765249537894,29.648301472540613,0,8.774861544776298,8.393299296983432,182.65564292321923,31.383696266846208,29.648301472540613,8.832043904789495,35.340295748613684,9.446765249537894,28.92373011501131,28.47772968648808,8.449902555533058,33.8792315939407,8.959743864646901
222,2025-11-04 16:15:56.474,L_6vSQ==,PACKET_DATA,28.44,370.0,75.47,1.104,4.726,98.0,502.0,273.0,77.0,2358.0,169.0,101.0,110.0,1873.0,3034.0,1.0,90.0,154.59,16,9.45407885587318,154.59,204.59,2025-11-04,28.44,370.0,204.59,9.45407885587318,900.0,204.59,204.59,204.59000000000006,1.2821971229,37.995094466006044,10.298528339801813,31.75533539622065,0,9.55046928262192,8.560448457836914,182.65564292321923,33.04889868898614,31.75533539622065,9.845775488469023,37.995094466006044,10.298528339801813,28.923730128450636,28.47772968648808,8.452583108845715,33.8792315939407,8.959743864646901
223,2025-11-04 16:31:02.566,L_6vSQ==,PACKET_DATA,28.12,369.67,76.18,1.142,4.721,113.0,563.0,306.0,88.0,2701.0,194.0,115.0,126.0,2141.0,3477.0,1.0,90.0,174.96,16,10.277729914680725,174.96,224.96,2025-11-04,28.12,369.67,224.96,10.277729914680725,900.0,224.96,224.96,224.95999999999995,1.3133695375999999,42.00817588998994,11.502452766996983,34.89014633395189,0,10.23231082753383,8.641167912317762,182.65564292321923,33.85626591774711,34.89014633395189,10.546748304079943,42.00817588998994,11.502452766996983,28.923730140884693,28.47772968648808,8.450814144326715,33.8792315939407,8.959743864646901
224,2025-11-04 16:46:08.633,L_6vSQ==,PACKET_DATA,28.25,371.33,75.6,1.188,4.724,52.0,263.0,146.0,41.0,1245.0,89.0,53.0,58.0,992.0,1583.0,1.0,90.0,80.59,16,6.306692565261015,80.59,130.59,2025-11-04,28.25,371.33,130.59,6.306692565261015,900.0,130.59,130.59,130.59000000000003,1.0964186506,24.421935711762636,5.807311903920878,20.900756631183533,0,6.083534776455787,8.615785391975733,182.65564292321923,31.671939936805636,20.900756631183533,6.336629157829353,24.421935711762636,5.807311903920878,28.923730152388675,28.47772968648808,8.459704452365393,33.8792315939407,8.959743864646901
225,2025-11-04 17:01:14.686,L_6vSQ==,PACKET_DATA,27.5,375.22,79.21,0.932,4.727,119.0,582.0,317.0,93.0,2847.0,205.0,121.0,133.0,2281.0,3655.0,1.0,90.0,187.69,17,10.9154921289322,187.69,237.69,2025-11-04,27.5,375.22,237.69,10.9154921289322,900.0,237.69,237.69,237.68999999999997,1.3328503838999999,44.51610551823322,12.254831655469964,36.84921080313791,0,10.836611122349083,8.841788189241424,182.65564292321923,33.48744416311065,36.84921080313791,10.78296824394581,44.51610551823322,12.254831655469964,28.923730163032154,28.47772968648808,8.480457291162113,33.8792315939407,8.959743864646901
226,2025-11-04 17:26:54.898,L_6vSQ==,PACKET_DATA,27.99,375.8,77.12,1.241,4.72,128.0,638.0,346.0,100.0,3071.0,221.0,131.0,143.0,2422.0,3977.0,1.0,90.0,200.96,17,11.230896766972798,200.96,250.96,2025-11-04,27.99,375.8,250.96,11.230896766972798,900.0,250.96,250.96,250.95999999999995,1.3531575975999999,47.10736731135709,13.026841827839272,38.87014427431852,0,11.083111903752314,8.709214377385813,182.65564292321923,34.34904095144196,38.87014427431852,11.256879167141854,47.10736731135709,13.026841827839272,28.923730172879495,28.47772968648808,8.483541707237709,33.8792315939407,8.959743864646901
227,2025-11-04 17:31:26.735,L_6vSQ==,PACKET_DATA,28.25,375.2,76.83,1.256,4.721,177.0,843.0,456.0,138.0,4231.0,306.0,182.0,199.0,3335.0,5561.0,1.0,90.0,280.41,17,13.29521680233256,280.41,330.41,2025-11-04,28.25,375.2,330.41,13.29521680233256,900.0,330.41,330.41,330.41,1.4690835548,61.26011631217211,16.878034893651634,49.68840979341655,0,13.072856488427384,8.636458555244374,182.65564292321923,34.98449258698727,49.68840979341655,12.631159742624662,61.26011631217211,16.878034893651634,28.923730181990248,28.47772968648808,8.480350882189995,33.8792315939407,8.959743864646901
228,2025-11-04 17:45:02.230,L_6vSQ==,PACKET_DATA,28.88,372.5,73.59,1.377,4.718,177.0,843.0,456.0,138.0,4227.0,307.0,182.0,198.0,3302.0,5596.0,1.0,90.0,280.74,17,13.082737260802082,280.74,330.74,2025-11-04,28.88,372.5,330.74,13.082737260802082,900.0,330.74,330.74,330.74000000000007,1.4695271672,61.327219488389126,16.898165846516736,49.740827312160235,0,12.83777528513285,8.474630412041,182.65564292321923,35.483339792302,49.740827312160235,12.515296668796047,61.327219488389126,16.898165846516736,28.923730190419512,28.47772968648808,8.465958262013197,33.8792315939407,8.959743864646901
229,2025-11-04 18:00:08.208,L_6vSQ==,PACKET_DATA,28.44,370.75,75.63,1.173,4.722,138.0,539.0,308.0,108.0,3313.0,246.0,144.0,158.0,2718.0,4475.0,1.0,90.0,217.44,18,11.562308034848982,217.44,267.44,2025-11-04,28.44,370.75,267.44,11.562308034848982,900.0,267.44,267.44,267.43999999999994,1.3783771063999999,49.780197056319174,13.695049264079794,40.877717238154396,0,11.361585702428902,8.564465274234875,182.65564292321923,32.70617261357303,40.877717238154396,11.205729835408572,49.780197056319174,13.695049264079794,28.923730198218266,28.47772968648808,8.456600495070099,33.8792315939407,8.959743864646901
230,2025-11-04 18:15:14.296,L_6vSQ==,PACKET_DATA,28.72,369.0,74.49,1.284,4.724,187.0,895.0,482.0,145.0,4448.0,322.0,191.0,209.0,3491.0,5854.0,1.0,90.0,292.81,18,13.345945755585408,292.81,342.81,2025-11-04,28.72,369.0,342.81,13.345945755585408,900.0,342.81,342.81,342.81000000000006,1.4857526268,63.78156899426574,17.63447069827972,51.658037770451735,0,13.099163313859993,8.489616304627319,182.65564292321923,34.975378783544755,51.658037770451735,12.709294704893866,63.78156899426574,17.63447069827972,28.923730205433664,28.47772968648808,8.447220159882997,33.8792315939407,8.959743864646901
231,2025-11-04 18:30:20.339,L_6vSQ==,PACKET_DATA,29.3,367.0,72.12,1.403,4.718,122.0,600.0,327.0,96.0,2928.0,211.0,126.0,137.0,2284.0,3844.0,1.0,90.0,195.41,18,10.608558528764842,195.41,245.41,2025-11-04,29.3,367.0,245.41,10.608558528764842,900.0,245.41,245.41,245.41000000000003,1.3446643771,46.03701806576174,12.711105419728522,38.037268753029196,0,10.481895943279591,8.372476394527947,182.65564292321923,32.13661281564003,38.037268753029196,10.523372272417294,46.03701806576174,12.711105419728522,28.923730212109348,28.47772968648808,8.436472589308897,33.8792315939407,8.959743864646901
232,2025-11-04 18:45:26.409,L_6vSQ==,PACKET_DATA,28.88,366.8,73.89,1.22,4.718,152.0,752.0,406.0,119.0,3631.0,262.0,155.0,170.0,2845.0,4737.0,1.0,90.0,244.52,18,12.138918602994435,244.52,294.52,2025-11-04,28.88,366.8,294.52,12.138918602994435,900.0,294.52,294.52,294.52000000000004,1.4198179012,54.17220127316223,14.793050318290557,44.17656892872939,0,11.920064502642543,8.444081098595365,182.65564292321923,34.21017297942847,44.17656892872939,11.96549143155409,54.17220127316223,14.793050318290557,28.92373021828569,28.47772968648808,8.435396255004642,33.8792315939407,8.959743864646901
233,2025-11-04 19:00:32.454,L_6vSQ==,PACKET_DATA,29.06,364.7,73.28,1.355,4.725,165.0,796.0,431.0,128.0,3927.0,284.0,169.0,184.0,3076.0,5164.0,1.0,90.0,255.26,19,12.330640795461608,255.26,305.26,2025-11-04,29.06,364.7,305.26,12.330640795461608,900.0,305.26,305.26,305.25999999999993,1.4352749128,56.146040912603176,15.343812273780953,45.693559501284696,0,12.104057992943162,8.398582842717769,182.65564292321923,35.22955753295355,45.693559501284696,12.104635626442509,56.146040912603176,15.343812273780953,28.923730224000035,28.47772968648808,8.424077679875278,33.8792315939407,8.959743864646901
234,2025-11-04 19:15:38.523,L_6vSQ==,PACKET_DATA,29.36,360.86,72.81,1.362,4.722,144.0,710.0,385.0,112.0,3433.0,247.0,147.0,160.0,2676.0,4496.0,1.0,90.0,222.87,19,11.347933654931762,222.87,272.87,2025-11-04,29.36,360.86,272.87,11.347933654931762,900.0,272.87,272.87,272.87000000000006,1.3866866897,50.66086850748085,13.915217126870212,41.53919303873869,0,11.148275047627806,8.330790965006525,182.65564292321923,32.58242657197093,41.53919303873869,11.178338524542742,50.66086850748085,13.915217126870212,28.923730229286946,28.47772968648808,8.403301737310958,33.8792315939407,8.959743864646901
235,2025-11-04 19:30:44.507,L_6vSQ==,PACKET_DATA,29.01,360.5,72.59,1.305,4.723,65.0,336.0,185.0,51.0,1569.0,112.0,67.0,73.0,1233.0,2011.0,1.0,90.0,98.93,19,6.95079176303355,98.93,148.93,2025-11-04,29.01,360.5,148.93,6.95079176303355,900.0,148.93,148.93,148.93000000000004,1.1436503862,27.661073825503365,6.887024608501122,23.49588133870946,0,6.7909163446960354,8.38490687815895,182.65564292321923,31.309388507455616,23.49588133870946,6.957970713065045,27.661073825503365,6.887024608501122,28.92373023417839,28.47772968648808,8.401348850829406,33.8792315939407,8.959743864646901
236,2025-11-04 19:45:50.622,L_6vSQ==,PACKET_DATA,28.04,361.0,77.33,0.995,4.725,205.0,1001.0,535.0,159.0,4884.0,353.0,209.0,229.0,3852.0,6364.0,1.0,90.0,323.82,19,14.025082014300107,323.82,373.82,2025-11-04,28.04,361.0,373.82,14.025082014300107,900.0,373.82,373.82,373.81999999999994,1.5274387496,70.03451190308493,19.510353570925478,56.542512255924834,0,13.834884401367939,8.615482377573288,182.65564292321923,33.70228857870424,56.542512255924834,13.079465497837132,70.03451190308493,19.510353570925478,28.923730238703953,28.47772968648808,8.404060955759393,33.8792315939407,8.959743864646901
237,2025-11-04 20:00:56.647,L_6vSQ==,PACKET_DATA,29.38,362.25,71.96,1.441,4.721,55.0,294.0,161.0,43.0,1314.0,93.0,56.0,61.0,1020.0,1676.0,1.0,90.0,82.42,20,6.116366302212747,82.42,132.42000000000002,2025-11-04,29.38,362.25,132.42000000000002,6.116366302212747,900.0,132.42000000000002,132.42000000000002,132.42000000000004,1.1011315228,24.745143058989765,5.915047686329922,21.159703098728382,0,6.002071999586642,8.335731468660914,182.65564292321923,32.34615538743344,21.159703098728382,6.6927631035316475,24.745143058989765,5.915047686329922,28.923730242891004,28.47772968648808,8.410833836757536,33.8792315939407,8.959743864646901
238,2025-11-04 20:16:02.728,L_6vSQ==,PACKET_DATA,27.87,363.0,76.79,0.94,4.723,88.0,458.0,249.0,69.0,2108.0,150.0,89.0,98.0,1671.0,2669.0,1.0,90.0,138.17,20,8.920624024733177,138.17,188.17,2025-11-04,27.87,363.0,188.17,8.920624024733177,900.0,188.17,188.17,188.17000000000002,1.2447067278,34.898521256931616,9.29950708564387,29.294361671809224,0,8.94387007239203,8.672714801844212,182.65564292321923,33.900113757144226,29.294361671809224,9.536232608632373,34.898521256931616,9.29950708564387,28.92373024676486,28.47772968648808,8.414892461766735,33.8792315939407,8.959743864646901
239,2025-11-04 20:31:08.814,L_6vSQ==,PACKET_DATA,27.74,365.29,77.04,1.112,4.724,102.0,538.0,291.0,80.0,2442.0,174.0,103.0,113.0,1926.0,3089.0,1.0,90.0,161.47,20,9.860196690465122,161.47,211.47,2025-11-04,27.74,365.29,211.47,9.860196690465122,900.0,211.47,211.47,211.47000000000006,1.2927256557,39.350519119762026,10.705155735928608,32.81412279197868,0,9.913989600393245,8.721105512362035,182.65564292321923,34.67934418749736,32.81412279197868,10.422694750829075,39.350519119762026,10.705155735928608,28.923730250348946,28.47772968648808,8.427260788262313,33.8792315939407,8.959743864646901
240,2025-11-04 20:46:14.838,L_6vSQ==,PACKET_DATA,27.74,367.83,76.92,1.153,4.723,137.0,705.0,378.0,107.0,3273.0,234.0,139.0,153.0,2575.0,4194.0,1.0,90.0,218.13,20,11.739558910241552,218.13,268.13,2025-11-04,27.74,367.83,268.13,11.739558910241552,900.0,268.13,268.13,268.13000000000005,1.3794330203,49.892105583262385,13.723026395815596,40.96177217414026,0,11.563016385743913,8.73503568071203,182.65564292321923,35.238642445914806,40.96177217414026,11.543381003074378,49.892105583262385,13.723026395815596,28.923730253664946,28.47772968648808,8.440936311947066,33.8792315939407,8.959743864646901
241,2025-11-04 21:02:51.424,L_6vSQ==,PACKET_DATA,28.5,365.75,74.23,1.315,4.72,230.0,1159.0,612.0,178.0,5455.0,393.0,234.0,255.0,4213.0,7150.0,1.0,90.0,363.78,21,14.632691794427608,363.78,413.78,2025-11-04,28.5,365.75,413.78,14.632691794427608,900.0,413.78,413.78,413.78,1.5768693582,77.97361970351348,22.18944788140539,62.9228110452762,0,14.456698775624572,8.522963179603279,182.65564292321923,35.80639996186467,62.9228110452762,13.202743144090583,77.97361970351348,22.18944788140539,28.923730256732902,28.47772968648808,8.429740843394638,33.8792315939407,8.959743864646901
242,2025-11-04 21:16:26.877,L_6vSQ==,PACKET_DATA,29.5,362.1,70.5,1.487,4.72,74.0,377.0,207.0,58.0,1766.0,126.0,75.0,82.0,1373.0,2287.0,1.0,90.0,114.36,21,7.527461052695648,114.36,164.36,2025-11-04,29.5,362.1,164.36,7.527461052695648,900.0,164.36,164.36,164.36,1.1833878824,30.49741219963032,7.832470733210107,25.76829194151031,0,7.461124102869382,8.320409457318544,182.65564292321923,32.806137525149126,25.76829194151031,8.176473901371866,30.49741219963032,7.832470733210107,28.92373025957138,28.47772968648808,8.410021647416203,33.8792315939407,8.959743864646901
243,2025-11-04 21:30:02.400,L_6vSQ==,PACKET_DATA,28.05,363.53,75.02,1.029,4.726,74.0,377.0,207.0,58.0,1770.0,126.0,75.0,82.0,1405.0,2254.0,1.0,90.0,114.05,21,7.87185375962474,114.05,164.05,2025-11-04,28.05,363.53,164.05,7.87185375962474,900.0,164.05,164.05,164.05,1.182589527,30.440110905730133,7.8133703019100444,25.72238343179201,0,7.716683507484566,8.626637390824515,182.65564292321923,31.274583508704158,25.72238343179201,7.610162543364789,30.440110905730133,7.8133703019100444,28.92373026219753,28.47772968648808,8.417758227521489,33.8792315939407,8.959743864646901
244,2025-11-04 21:45:08.442,L_6vSQ==,PACKET_DATA,27.69,365.83,77.44,1.059,4.722,161.0,482.0,294.0,127.0,3907.0,298.0,172.0,191.0,3337.0,5425.0,1.0,90.0,262.26,21,12.896357088558933,262.26,312.26,2025-11-04,27.69,365.83,312.26,12.896357088558933,900.0,312.26,312.26,312.25999999999993,1.4446848728,57.569441620236674,15.770832486071003,46.80544626251424,0,12.705982198722547,8.737890335334654,182.65564292321923,33.42193064339664,46.80544626251424,12.17560789953186,57.569441620236674,15.770832486071003,28.92373026462725,28.47772968648808,8.430172004032622,33.8792315939407,8.959743864646901
245,2025-11-04 22:00:14.513,L_6vSQ==,PACKET_DATA,28.68,366.0,73.26,1.365,4.719,118.0,621.0,334.0,92.0,2821.0,201.0,120.0,131.0,2188.0,3631.0,1.0,90.0,183.39,22,10.38153838287131,183.39,233.39,2025-11-04,28.68,366.0,233.39,10.38153838287131,900.0,233.39,233.39,233.38999999999993,1.3262700508999998,43.668965109635714,12.000689532890714,36.187468680789124,0,10.284286251388234,8.482378294982613,182.65564292321923,31.57607979595622,36.187468680789124,10.106726645093735,43.668965109635714,12.000689532890714,28.92373026687522,28.47772968648808,8.431088073399573,33.8792315939407,8.959743864646901
246,2025-11-04 22:15:20.539,L_6vSQ==,PACKET_DATA,28.25,363.69,74.13,1.23,4.72,144.0,711.0,384.0,112.0,3440.0,248.0,147.0,161.0,2711.0,4468.0,1.0,90.0,225.06,22,11.761159127280164,225.06,275.06,2025-11-04,28.25,363.69,275.06,11.761159127280164,900.0,275.06,275.06,275.06,1.3900380686,51.01605644082228,14.00401411020557,41.80597609643289,0,11.549941312158008,8.574555053563195,182.65564292321923,33.561275213247605,41.80597609643289,11.456666267563556,51.01605644082228,14.00401411020557,28.923730268955044,28.47772968648808,8.418622983563143,33.8792315939407,8.959743864646901
247,2025-11-04 22:30:26.569,L_6vSQ==,PACKET_DATA,28.5,362.5,73.64,1.285,4.718,147.0,748.0,402.0,115.0,3519.0,253.0,150.0,164.0,2748.0,4560.0,1.0,90.0,235.01,22,11.950863824991584,235.01,285.01,2025-11-04,28.5,362.5,285.01,11.950863824991584,900.0,285.01,285.01,285.00999999999993,1.4052646531,52.62980983659732,14.40745245914933,43.018072637098356,0,11.727377426946067,8.505393328240432,182.65564292321923,34.53907322514276,43.018072637098356,11.75810111178664,52.62980983659732,14.40745245914933,28.923730270879297,28.47772968648808,8.412187133847388,33.8792315939407,8.959743864646901
248,2025-11-04 22:45:32.593,L_6vSQ==,PACKET_DATA,28.55,361.33,73.1,1.319,4.718,102.0,538.0,291.0,80.0,2438.0,174.0,104.0,113.0,1899.0,3118.0,1.0,90.0,160.49,22,9.580641834193075,160.49,210.49,2025-11-04,28.55,361.33,210.49,9.580641834193075,900.0,210.49,210.49,210.49000000000007,1.2912259519,39.15744991036074,10.647234973108223,32.663307145489895,0,9.62639588952439,8.48710539457754,182.65564292321923,32.00587405444175,32.663307145489895,9.588048521484874,39.15744991036074,10.647234973108223,28.92373027265961,28.47772968648808,8.405850017287914,33.8792315939407,8.959743864646901
249,2025-11-04 23:00:38.690,L_6vSQ==,PACKET_DATA,28.05,360.5,74.99,1.18,4.724,133.0,668.0,361.0,104.0,3190.0,229.0,136.0,149.0,2521.0,4118.0,1.0,90.0,210.5,23,11.361511380410382,210.5,260.5,2025-11-04,28.05,360.5,260.5,11.361511380410382,900.0,260.5,260.5,260.50000000000006,1.367756755,48.65462433604996,13.41365608401249,40.032295128383716,0,11.175018410409068,8.61004771808862,182.65564292321923,33.92495484126052,40.032295128383716,11.191999515141145,48.65462433604996,13.41365608401249,28.92373027430676,28.47772968648808,8.401348842960623,33.8792315939407,8.959743864646901
250,2025-11-04 23:15:44.697,L_6vSQ==,PACKET_DATA,28.5,360.5,74.17,1.259,4.72,158.0,791.0,425.0,123.0,3766.0,271.0,161.0,176.0,2953.0,4887.0,1.0,90.0,249.04,23,12.292460494025455,249.04,299.04,2025-11-04,28.5,360.5,299.04,12.292460494025455,900.0,299.04,299.04,299.03999999999996,1.4267349024,54.905283217775604,14.976320804443901,44.72718966881058,0,12.072341820399068,8.494537946562575,182.65564292321923,34.886834599751126,44.72718966881058,11.978906187723322,54.905283217775604,14.976320804443901,28.9237302758307,28.47772968648808,8.40134884266197,33.8792315939407,8.959743864646901
251,2025-11-04 23:30:50.790,L_6vSQ==,PACKET_DATA,28.51,360.33,72.83,1.354,4.719,96.0,499.0,271.0,75.0,2299.0,164.0,98.0,107.0,1797.0,2949.0,1.0,90.0,148.14,23,9.124080582824622,148.14,198.14,2025-11-04,28.51,360.33,198.14,9.124080582824622,900.0,198.14,198.14,198.14000000000004,1.2703828676,36.74140480591498,9.913801601971661,30.770838581136413,0,9.239466958476546,8.491208612630691,182.65564292321923,32.27212517339106,30.770838581136413,9.323744838917666,36.74140480591498,9.913801601971661,28.923730277240647,28.47772968648808,8.40042634438494,33.8792315939407,8.959743864646901
252,2025-11-04 23:45:56.864,L_6vSQ==,PACKET_DATA,27.97,359.0,75.2,1.148,4.723,154.0,754.0,407.0,120.0,3687.0,266.0,158.0,173.0,2919.0,4787.0,1.0,90.0,242.67,23,12.25864954993363,242.67,292.67,2025-11-04,27.97,359.0,292.67,12.25864954993363,900.0,292.67,292.67,292.66999999999996,1.4169868277,53.87215667193771,14.718039167984427,43.95120424528906,0,12.053449121451866,8.623399790202567,182.65564292321923,34.337284783170276,43.95120424528906,11.834690887316565,53.87215667193771,14.718039167984427,28.92373027854513,28.47772968648808,8.393202506176934,33.8792315939407,8.959743864646901
253,2025-11-05 00:01:02.924,L_6vSQ==,PACKET_DATA,28.5,359.5,73.24,1.313,4.724,55.0,294.0,161.0,43.0,1317.0,93.0,56.0,61.0,1033.0,1665.0,1.0,90.0,82.19,0,6.2859552411756106,82.19,132.19,2025-11-05,28.5,359.5,132.19,6.2859552411756106,900.0,132.19,132.19,132.19000000000005,1.1005391946,24.704521370540455,5.901507123513485,21.127157914282854,0,6.099351837870435,8.489098131713458,182.65564292321923,31.759583220569883,21.127157914282854,6.416754026347329,24.704521370540455,5.901507123513485,28.923730279752036,28.47772968648808,8.395919612819842,33.8792315939407,8.959743864646901
254,2025-11-05 00:16:08.920,L_6vSQ==,PACKET_DATA,27.25,361.1,77.49,0.937,4.721,55.0,294.0,161.0,43.0,1321.0,93.0,55.0,61.0,1052.0,1647.0,1.0,90.0,83.17,0,6.636967748616494,83.17,133.17000000000002,2025-11-05,27.25,361.1,133.17000000000002,6.636967748616494,900.0,133.17000000000002,133.17000000000002,133.17000000000002,1.1030630278,24.877605086541863,5.959201695513954,21.26582870018118,0,6.4338201158487225,8.831083522225585,182.65564292321923,30.519934613637048,21.26582870018118,6.097232707322417,24.877605086541863,5.959201695513954,28.923730280868668,28.47772968648808,8.404603166910372,33.8792315939407,8.959743864646901
255,2025-11-05 00:31:14.969,L_6vSQ==,PACKET_DATA,26.87,364.18,78.98,0.948,4.721,88.0,458.0,248.0,69.0,2107.0,150.0,89.0,98.0,1685.0,2648.0,1.0,90.0,139.09,0,9.193974163128717,139.09,189.09,2025-11-05,26.87,364.18,189.09,9.193974163128717,900.0,189.09,189.09,189.08999999999997,1.2470760405999999,35.06857670979667,9.35619223659889,29.43060628129578,0,9.263234084313648,8.944339312116927,182.65564292321923,32.08092336957452,29.43060628129578,8.920384282596258,35.06857670979667,9.35619223659889,28.923730281901772,28.47772968648808,8.421270198987939,33.8792315939407,8.959743864646901
256,2025-11-05 00:46:21.068,L_6vSQ==,PACKET_DATA,26.87,366.5,78.46,1.103,4.719,96.0,499.0,270.0,75.0,2303.0,164.0,97.0,107.0,1832.0,2908.0,1.0,90.0,149.95,0,9.632281333799837,149.95,199.95,2025-11-05,26.87,366.5,199.95,9.632281333799837,900.0,199.95,199.95,199.94999999999996,1.2750442329999998,37.080970862310124,10.024291258693038,31.041269478151268,0,9.817514001009679,8.957609343637023,182.65564292321923,32.83605471679573,31.041269478151268,9.633229392483077,37.080970862310124,10.024291258693038,28.9237302828576,28.47772968648808,8.43378120945523,33.8792315939407,8.959743864646901
257,2025-11-05 01:01:27.018,L_6vSQ==,PACKET_DATA,27.0,369.25,78.51,1.148,4.723,0.0,0.0,0.0,0.0,0.0,0.0,0.0,0.0,0.0,0.0,1.0,90.0,0.0,1,-1.1001819163555222,0.0,0.0,2025-11-05,27.0,369.25,0.0,-1.1001819163555222,900.0,0.0,0.0,0.0,0.0,19.0,4.0,16.55682351251732,0,0.0,8.941438357582838,182.65564292321923,30.797227995434685,16.55682351251732,0.0,19.0,4.0,28.923730283741932,28.47772968648808,8.448561560774493,33.8792315939407,8.959743864646901
258,2025-11-05 01:17:58.236,L_6vSQ==,PACKET_DATA,25.48,373.0,81.66,-0.003,4.665,0.0,0.0,0.0,0.0,0.0,0.0,0.0,0.0,0.0,0.0,0.0,90.0,0.0,1,-0.8177084935684089,0.0,0.0,2025-11-05,25.48,373.0,0.0,-0.8177084935684089,900.0,0.0,0.0,0.0,0.0,19.0,4.0,16.55682351251732,0,0.0,9.205775186828324,182.65564292321923,29.816730973753486,16.55682351251732,0.0,19.0,4.0,28.92373028456012,28.47772968648808,8.468627696962322,33.8792315939407,8.959743864646901
259,2025-11-05 01:31:28.298,L_6vSQ==,PACKET_DATA,25.0,378.0,83.68,-0.004,4.617,0.0,0.0,0.0,0.0,0.0,0.0,0.0,0.0,0.0,0.0,0.0,90.0,0.0,1,-0.7515136234278845,0.0,0.0,2025-11-05,25.0,378.0,0.0,-0.7515136234278845,900.0,0.0,0.0,0.0,0.0,19.0,4.0,16.55682351251732,0,0.0,9.236567592775067,182.65564292321923,29.26091345839504,16.55682351251732,0.0,19.0,4.0,28.9237302853171,28.47772968648808,8.495217558427937,33.8792315939407,8.959743864646901
260,2025-11-05 01:46:28.319,L_6vSQ==,PACKET_DATA,24.56,383.64,85.08,-0.003,4.574,0.0,0.0,0.0,0.0,0.0,0.0,0.0,0.0,0.0,0.0,0.0,90.0,0.0,1,-0.7024874104553032,0.0,0.0,2025-11-05,24.56,383.64,0.0,-0.7024874104553032,900.0,0.0,0.0,0.0,0.0,19.0,4.0,16.55682351251732,0,0.0,9.235941256536156,182.65564292321923,28.883989568728715,16.55682351251732,0.0,19.0,4.0,28.92373028601746,28.47772968648808,8.524975303605839,33.8792315939407,8.959743864646901
261,2025-11-05 02:01:28.322,L_6vSQ==,PACKET_DATA,24.25,389.36,86.01,-0.003,4.517,0.0,0.0,0.0,0.0,0.0,0.0,0.0,0.0,0.0,0.0,0.0,90.0,0.0,2,-0.6786410699693626,0.0,0.0,2025-11-05,24.25,389.36,0.0,-0.6786410699693626,900.0,0.0,0.0,0.0,0.0,19.0,4.0,16.55682351251732,0,0.0,9.226888738094488,182.65564292321923,28.589881801884886,16.55682351251732,0.0,19.0,4.0,28.923730286665435,28.47772968648808,8.554888585094648,33.8792315939407,8.959743864646901
262,2025-11-05 02:16:28.349,L_6vSQ==,PACKET_DATA,23.94,394.89,86.54,-0.003,4.475,0.0,0.0,0.0,0.0,0.0,0.0,0.0,0.0,0.0,0.0,0.0,90.0,0.0,2,-0.658848912964066,0.0,0.0,2025-11-05,23.94,394.89,0.0,-0.658848912964066,900.0,0.0,0.0,0.0,0.0,19.0,4.0,16.55682351251732,0,0.0,9.202352551971986,182.65564292321923,28.340360427823818,16.55682351251732,0.0,19.0,4.0,28.923730287264938,28.47772968648808,8.583541775763692,33.8792315939407,8.959743864646901
263,2025-11-05 02:31:28.271,L_6vSQ==,PACKET_DATA,23.55,397.05,86.59,-0.003,4.429,0.0,0.0,0.0,0.0,0.0,0.0,0.0,0.0,0.0,0.0,0.0,90.0,0.0,2,-0.6267737183269819,0.0,0.0,2025-11-05,23.55,397.05,0.0,-0.6267737183269819,900.0,0.0,0.0,0.0,0.0,19.0,4.0,16.55682351251732,0,0.0,9.125387573280108,182.65564292321923,28.11960599401559,16.55682351251732,0.0,19.0,4.0,28.9237302878196,28.47772968648808,8.594660093170496,33.8792315939407,8.959743864646901
264,2025-11-05 02:46:28.298,L_6vSQ==,PACKET_DATA,23.5,401.0,86.86,-0.004,4.381,0.0,0.0,0.0,0.0,0.0,0.0,0.0,0.0,0.0,0.0,0.0,90.0,0.0,2,-0.6338695196630244,0.0,0.0,2025-11-05,23.5,401.0,0.0,-0.6338695196630244,900.0,0.0,0.0,0.0,0.0,19.0,4.0,16.55682351251732,0,0.0,9.136490870120408,182.65564292321923,27.920533523456903,16.55682351251732,0.0,19.0,4.0,28.92373028833277,28.47772968648808,8.614882375684997,33.8792315939407,8.959743864646901
265,2025-11-05 03:02:58.336,L_6vSQ==,PACKET_DATA,23.38,406.33,86.96,-0.003,4.337,0.0,0.0,0.0,0.0,0.0,0.0,0.0,0.0,0.0,0.0,0.0,90.0,0.0,3,-0.6391023750378988,0.0,0.0,2025-11-05,23.38,406.33,0.0,-0.6391023750378988,900.0,0.0,0.0,0.0,0.0,19.0,4.0,16.55682351251732,0,0.0,9.137057125339178,182.65564292321923,27.73951034565877,16.55682351251732,0.0,19.0,4.0,28.92373028880756,28.47772968648808,8.641938555124087,33.8792315939407,8.959743864646901
266,2025-11-05 03:16:28.312,L_6vSQ==,PACKET_DATA,23.12,408.75,87.16,-0.004,4.293,0.0,0.0,0.0,0.0,0.0,0.0,0.0,0.0,0.0,0.0,0.0,90.0,0.0,3,-0.6268473515454236,0.0,0.0,2025-11-05,23.12,408.75,0.0,-0.6268473515454236,900.0,0.0,0.0,0.0,0.0,19.0,4.0,16.55682351251732,0,0.0,9.080068555950572,182.65564292321923,27.574311791204494,16.55682351251732,0.0,19.0,4.0,28.92373028924683,28.47772968648808,8.65413301382136,33.8792315939407,8.959743864646901
267,2025-11-05 03:31:28.351,L_6vSQ==,PACKET_DATA,23.03,412.67,87.48,-0.004,4.248,0.0,0.0,0.0,0.0,0.0,0.0,0.0,0.0,0.0,0.0,0.0,90.0,0.0,3,-0.6318679489399663,0.0,0.0,2025-11-05,23.03,412.67,0.0,-0.6318679489399663,900.0,0.0,0.0,0.0,0.0,19.0,4.0,16.55682351251732,0,0.0,9.077722871482974,182.65564292321923,27.423326249531616,16.55682351251732,0.0,19.0,4.0,28.923730289653246,28.47772968648808,8.673763734976406,33.8792315939407,8.959743864646901
268,2025-11-05 03:46:28.320,L_6vSQ==,PACKET_DATA,22.97,415.9,87.61,-0.003,4.204,0.0,0.0,0.0,0.0,0.0,0.0,0.0,0.0,0.0,0.0,0.0,90.0,0.0,3,-0.6369976493840852,0.0,0.0,2025-11-05,22.97,415.9,0.0,-0.6369976493840852,900.0,0.0,0.0,0.0,0.0,19.0,4.0,16.55682351251732,0,0.0,9.079536733462572,182.65564292321923,27.285242626431696,16.55682351251732,0.0,19.0,4.0,28.92373029002926,28.47772968648808,8.689823071673615,33.8792315939407,8.959743864646901
269,2025-11-05 04:01:28.345,L_6vSQ==,PACKET_DATA,22.75,419.27,87.66,-0.004,4.162,0.0,0.0,0.0,0.0,0.0,0.0,0.0,0.0,0.0,0.0,0.0,90.0,0.0,4,-0.6339444451300746,0.0,0.0,2025-11-05,22.75,419.27,0.0,-0.6339444451300746,900.0,0.0,0.0,0.0,0.0,19.0,4.0,16.55682351251732,0,0.0,9.035234032534023,182.65564292321923,27.15892435664607,16.55682351251732,0.0,19.0,4.0,28.923730290377147,28.47772968648808,8.706464305530602,33.8792315939407,8.959743864646901
270,2025-11-05 04:16:28.343,L_6vSQ==,PACKET_DATA,22.49,421.0,87.63,-0.004,4.115,0.0,0.0,0.0,0.0,0.0,0.0,0.0,0.0,0.0,0.0,0.0,90.0,0.0,4,-0.626745305163384,0.0,0.0,2025-11-05,22.49,421.0,0.0,-0.626745305163384,900.0,0.0,0.0,0.0,0.0,19.0,4.0,16.55682351251732,0,0.0,8.969055571899696,182.65564292321923,27.043355829052334,16.55682351251732,0.0,19.0,4.0,28.923730290699012,28.47772968648808,8.714961066715608,33.8792315939407,8.959743864646901
271,2025-11-05 04:31:28.359,L_6vSQ==,PACKET_DATA,22.49,422.0,87.86,-0.003,4.072,0.0,0.0,0.0,0.0,0.0,0.0,0.0,0.0,0.0,0.0,0.0,90.0,0.0,4,-0.629407911521481,0.0,0.0,2025-11-05,22.49,422.0,0.0,-0.629407911521481,900.0,0.0,0.0,0.0,0.0,19.0,4.0,16.55682351251732,0,0.0,8.97491585235454,182.65564292321923,26.937617163305728,16.55682351251732,0.0,19.0,4.0,28.923730290996804,28.47772968648808,8.719858058926643,33.8792315939407,8.959743864646901
272,2025-11-05 04:46:28.428,L_6vSQ==,PACKET_DATA,22.27,423.85,87.87,-0.004,4.032,0.0,0.0,0.0,0.0,0.0,0.0,0.0,0.0,0.0,0.0,0.0,90.0,0.0,4,-0.6261783338547886,0.0,0.0,2025-11-05,22.27,423.85,0.0,-0.6261783338547886,900.0,0.0,0.0,0.0,0.0,19.0,4.0,16.55682351251732,0,0.0,8.922072895904737,182.65564292321923,26.840870308682625,16.55682351251732,0.0,19.0,4.0,28.92373029127232,28.47772968648808,8.728889369540989,33.8792315939407,8.959743864646901
273,2025-11-05 05:01:28.439,L_6vSQ==,PACKET_DATA,22.25,428.56,88.02,-0.004,3.989,0.0,0.0,0.0,0.0,0.0,0.0,0.0,0.0,0.0,0.0,0.0,90.0,0.0,5,-0.6378238311328559,0.0,0.0,2025-11-05,22.25,428.56,0.0,-0.6378238311328559,900.0,0.0,0.0,0.0,0.0,19.0,4.0,16.55682351251732,0,0.0,8.943807392654957,182.65564292321923,26.75234986442071,16.55682351251732,0.0,19.0,4.0,28.923730291527228,28.47772968648808,8.75171531291409,33.8792315939407,8.959743864646901
274,2025-11-05 05:17:58.364,L_6vSQ==,PACKET_DATA,22.25,432.5,88.16,-0.004,3.947,0.0,0.0,0.0,0.0,0.0,0.0,0.0,0.0,0.0,0.0,0.0,90.0,0.0,5,-0.6478854274426631,0.0,0.0,2025-11-05,22.25,432.5,0.0,-0.6478854274426631,900.0,0.0,0.0,0.0,0.0,19.0,4.0,16.55682351251732,0,0.0,8.966606138360255,182.65564292321923,26.671356045669476,16.55682351251732,0.0,19.0,4.0,28.923730291763064,28.47772968648808,8.770621324632085,33.8792315939407,8.959743864646901
275,2025-11-05 05:31:28.394,L_6vSQ==,PACKET_DATA,22.06,432.62,88.2,-0.004,3.904,0.0,0.0,0.0,0.0,0.0,0.0,0.0,0.0,0.0,0.0,0.0,90.0,0.0,5,-0.6425314425707889,0.0,0.0,2025-11-05,22.06,432.62,0.0,-0.6425314425707889,900.0,0.0,0.0,0.0,0.0,19.0,4.0,16.55682351251732,0,0.0,8.914196642064267,182.65564292321923,26.597248773996064,16.55682351251732,0.0,19.0,4.0,28.923730291981265,28.47772968648808,8.771194405230172,33.8792315939407,8.959743864646901
276,2025-11-05 05:46:28.387,L_6vSQ==,PACKET_DATA,22.12,433.73,88.3,-0.004,3.861,0.0,0.0,0.0,0.0,0.0,0.0,0.0,0.0,0.0,0.0,0.0,90.0,0.0,5,-0.6470192799321968,0.0,0.0,2025-11-05,22.12,433.73,0.0,-0.6470192799321968,900.0,0.0,0.0,0.0,0.0,19.0,4.0,16.55682351251732,0,0.0,8.93714662040318,182.65564292321923,26.52944247339603,16.55682351251732,0.0,19.0,4.0,28.923730292183144,28.47772968648808,8.77648765659279,33.8792315939407,8.959743864646901
277,2025-11-05 06:01:28.381,L_6vSQ==,PACKET_DATA,22.12,435.0,88.38,-0.003,3.815,0.0,0.0,0.0,0.0,0.0,0.0,0.0,0.0,0.0,0.0,0.0,90.0,0.0,6,-0.6502050917020146,0.0,0.0,2025-11-05,22.12,435.0,0.0,-0.6502050917020146,900.0,0.0,0.0,0.0,0.0,19.0,4.0,16.55682351251732,0,0.0,8.944456714061161,182.65564292321923,26.46740138708309,16.55682351251732,0.0,19.0,4.0,28.923730292369918,28.47772968648808,8.78252667398575,33.8792315939407,8.959743864646901
278,2025-11-05 06:16:28.475,L_6vSQ==,PACKET_DATA,22.02,436.75,88.35,-0.003,3.773,0.0,0.0,0.0,0.0,0.0,0.0,0.0,0.0,0.0,0.0,0.0,90.0,0.0,6,-0.6518228297919322,0.0,0.0,2025-11-05,22.02,436.75,0.0,-0.6518228297919322,900.0,0.0,0.0,0.0,0.0,19.0,4.0,16.55682351251732,0,0.0,8.927062895467625,182.65564292321923,26.41063532266977,16.55682351251732,0.0,19.0,4.0,28.923730292542725,28.47772968648808,8.790817805987029,33.8792315939407,8.959743864646901
279,2025-11-05 06:31:28.402,L_6vSQ==,PACKET_DATA,21.97,440.0,88.45,-0.004,3.736,0.0,0.0,0.0,0.0,0.0,0.0,0.0,0.0,0.0,0.0,0.0,90.0,0.0,6,-0.6585415977854723,0.0,0.0,2025-11-05,21.97,440.0,0.0,-0.6585415977854723,900.0,0.0,0.0,0.0,0.0,19.0,4.0,16.55682351251732,0,0.0,8.93219664970131,182.65564292321923,26.3586957707607,16.55682351251732,0.0,19.0,4.0,28.923730292702604,28.47772968648808,8.806121231984608,33.8792315939407,8.959743864646901
280,2025-11-05 06:46:28.474,L_6vSQ==,PACKET_DATA,21.75,441.64,88.48,-0.004,3.696,0.0,0.0,0.0,0.0,0.0,0.0,0.0,0.0,0.0,0.0,0.0,90.0,0.0,6,-0.6575330133760211,0.0,0.0,2025-11-05,21.75,441.64,0.0,-0.6575330133760211,900.0,0.0,0.0,0.0,0.0,19.0,4.0,16.55682351251732,0,0.0,8.88468823291759,182.65564292321923,26.311172358053412,16.55682351251732,0.0,19.0,4.0,28.923730292850525,28.47772968648808,8.813796430501345,33.8792315939407,8.959743864646901
281,2025-11-05 07:01:28.468,L_6vSQ==,PACKET_DATA,21.66,444.0,88.57,-0.003,3.659,0.0,0.0,0.0,0.0,0.0,0.0,0.0,0.0,0.0,0.0,0.0,90.0,0.0,7,-0.6614197594161482,0.0,0.0,2025-11-05,21.66,444.0,0.0,-0.6614197594161482,900.0,0.0,0.0,0.0,0.0,19.0,4.0,16.55682351251732,0,0.0,8.876134303403138,182.65564292321923,26.26768960374535,16.55682351251732,0.0,19.0,4.0,28.92373029298738,28.47772968648808,8.824785009239559,33.8792315939407,8.959743864646901
282,2025-11-05 07:16:28.523,L_6vSQ==,PACKET_DATA,21.74,444.9,88.72,-0.004,3.622,0.0,0.0,0.0,0.0,0.0,0.0,0.0,0.0,0.0,0.0,0.0,90.0,0.0,7,-0.6651672701256626,0.0,0.0,2025-11-05,21.74,444.9,0.0,-0.6651672701256626,900.0,0.0,0.0,0.0,0.0,19.0,4.0,16.55682351251732,0,0.0,8.900732574152492,182.65564292321923,26.227903952394275,16.55682351251732,0.0,19.0,4.0,28.923730293114,28.47772968648808,8.828957943765493,33.8792315939407,8.959743864646901
283,2025-11-05 07:31:28.526,L_6vSQ==,PACKET_DATA,21.63,448.25,88.75,-0.004,3.582,0.0,0.0,0.0,0.0,0.0,0.0,0.0,0.0,0.0,0.0,0.0,90.0,0.0,7,-0.6709166404788043,0.0,0.0,2025-11-05,21.63,448.25,0.0,-0.6709166404788043,900.0,0.0,0.0,0.0,0.0,19.0,4.0,16.55682351251732,0,0.0,8.893038765370733,182.65564292321923,26.19150105931616,16.55682351251732,0.0,19.0,4.0,28.92373029323115,28.47772968648808,8.844404010841577,33.8792315939407,8.959743864646901
284,2025-11-05 07:46:28.517,L_6vSQ==,PACKET_DATA,21.5,447.4,88.77,-0.004,3.544,0.0,0.0,0.0,0.0,0.0,0.0,0.0,0.0,0.0,0.0,0.0,90.0,0.0,7,-0.6665454956326098,0.0,0.0,2025-11-05,21.5,447.4,0.0,-0.6665454956326098,900.0,0.0,0.0,0.0,0.0,19.0,4.0,16.55682351251732,0,0.0,8.858454119910038,182.65564292321923,26.158193306890382,16.55682351251732,0.0,19.0,4.0,28.923730293339535,28.47772968648808,8.840497849695096,33.8792315939407,8.959743864646901
285,2025-11-05 08:01:28.548,L_6vSQ==,PACKET_DATA,21.52,449.2,89.0,-0.004,3.501,0.0,0.0,0.0,0.0,0.0,0.0,0.0,0.0,0.0,0.0,0.0,90.0,0.0,8,-0.671122393630613,0.0,0.0,2025-11-05,21.52,449.2,0.0,-0.671122393630613,900.0,0.0,0.0,0.0,0.0,19.0,4.0,16.55682351251732,0,0.0,8.873056307814759,182.65564292321923,26.127717532078375,16.55682351251732,0.0,19.0,4.0,28.92373029343981,28.47772968648808,8.848759189211055,33.8792315939407,8.959743864646901
286,2025-11-05 08:16:28.548,L_6vSQ==,PACKET_DATA,21.56,450.5,89.04,-0.004,3.46,0.0,0.0,0.0,0.0,0.0,0.0,0.0,0.0,0.0,0.0,0.0,90.0,0.0,8,-0.6748579846341372,0.0,0.0,2025-11-05,21.56,450.5,0.0,-0.6748579846341372,900.0,0.0,0.0,0.0,0.0,19.0,4.0,16.55682351251732,0,0.0,8.889422148713985,182.65564292321923,26.099832947173798,16.55682351251732,0.0,19.0,4.0,28.92373029353259,28.47772968648808,8.854700797378442,33.8792315939407,8.959743864646901
287,2025-11-05 08:31:28.490,L_6vSQ==,PACKET_DATA,21.5,450.0,89.06,-0.004,3.419,0.0,0.0,0.0,0.0,0.0,0.0,0.0,0.0,0.0,0.0,0.0,90.0,0.0,8,-0.6726299867222458,0.0,0.0,2025-11-05,21.5,450.0,0.0,-0.6726299867222458,900.0,0.0,0.0,0.0,0.0,19.0,4.0,16.55682351251732,0,0.0,8.873099072917313,182.65564292321923,26.074319237345776,16.55682351251732,0.0,19.0,4.0,28.923730293618426,28.47772968648808,8.852418047384369,33.8792315939407,8.959743864646901
288,2025-11-05 08:46:28.558,L_6vSQ==,PACKET_DATA,21.5,513.26,89.01,-0.004,3.383,0.0,0.0,0.0,0.0,0.0,0.0,0.0,0.0,0.0,0.0,0.0,90.0,0.0,8,-0.7899760107399096,0.0,0.0,2025-11-05,21.5,513.26,0.0,-0.7899760107399096,900.0,0.0,0.0,0.0,0.0,19.0,4.0,16.55682351251732,0,0.0,9.20761330939208,182.65564292321923,26.05097481993992,16.55682351251732,0.0,19.0,4.0,28.923730293697844,28.47772968648808,9.113872108160669,33.8792315939407,8.959743864646901
289,2025-11-05 09:01:29.126,L_6vSQ==,PACKET_DATA,21.12,623.67,72.1,-0.003,3.391,0.0,0.0,0.0,0.0,0.0,0.0,0.0,0.0,0.0,0.0,0.0,90.0,0.0,9,-0.8409642119512863,0.0,0.0,2025-11-05,21.12,623.67,0.0,-0.8409642119512863,900.0,0.0,0.0,0.0,0.0,19.0,4.0,16.55682351251732,0,0.0,9.567315270457218,182.65564292321923,26.029615251782374,16.55682351251732,0.0,19.0,4.0,28.92373029377132,28.47772968648808,9.402260175614149,33.8792315939407,8.959743864646901
290,2025-11-05 09:15:03.969,L_6vSQ==,PACKET_DATA,22.74,593.22,74.84,1.191,4.443,101.0,667.0,342.0,78.0,2409.0,165.0,99.0,109.0,1846.0,2828.0,1.0,90.0,156.07,9,10.964868483537984,156.07,206.07,2025-11-05,22.74,593.22,206.07,10.964868483537984,900.0,206.07,206.07,206.06999999999994,1.2844619816999998,38.28666837408144,10.38600051222443,31.98309780112207,0,11.036037062556751,9.832483310581729,182.65564292321923,27.70153811712969,31.98309780112207,10.955284128724196,38.28666837408144,10.38600051222443,28.9237302938393,28.47772968648808,9.347814369234523,33.8792315939407,8.959743864646901
291,2025-11-05 09:30:10.066,L_6vSQ==,PACKET_DATA,23.0,567.24,79.03,1.013,4.725,180.0,430.0,278.0,142.0,4381.0,340.0,193.0,218.0,3899.0,6107.0,1.0,90.0,298.38,9,15.283375185448074,298.38,348.38,2025-11-05,23.0,567.24,348.38,15.283375185448074,900.0,348.38,348.38,348.37999999999994,1.4932402664,64.9141892716255,17.974256781487654,52.54278195045864,0,15.250498516937538,9.812232680228497,182.65564292321923,28.75406206884772,52.54278195045864,15.726831768079046,64.9141892716255,17.974256781487654,28.923730293902196,28.47772968648808,9.285409556770105,33.8792315939407,8.959743864646901
292,2025-11-05 09:45:16.102,L_6vSQ==,PACKET_DATA,25.11,549.4,73.02,1.499,4.719,138.0,708.0,378.0,108.0,3308.0,238.0,141.0,154.0,2605.0,4249.0,1.0,90.0,222.52,9,13.593854099172628,222.52,272.52,2025-11-05,25.11,549.4,272.52,13.593854099172628,900.0,272.52,272.52,272.52,1.3861510812,50.60410331265458,13.901025828163645,41.49655647700673,0,13.679444105462117,10.011306392441933,182.65564292321923,32.027917521169954,41.49655647700673,13.145027307521424,50.60410331265458,13.901025828163645,28.923730293960386,28.47772968648808,9.234666223436063,33.8792315939407,8.959743864646901
293,2025-11-05 10:00:22.146,L_6vSQ==,PACKET_DATA,25.25,533.61,72.87,1.317,4.721,257.0,1277.0,668.0,199.0,6099.0,441.0,261.0,286.0,4787.0,7923.0,1.0,90.0,415.99,10,18.017186739486053,415.99,465.99,2025-11-05,25.25,533.61,465.99,18.017186739486053,900.0,465.99,465.99,465.99000000000007,1.6308122081,88.18301390454718,25.954904171364152,71.3200633049073,0,18.270208615120993,9.960163012155862,182.65564292321923,34.727554355434364,71.3200633049073,16.887436184428196,88.18301390454718,25.954904171364152,28.923730294014224,28.47772968648808,9.184736672090336,33.8792315939407,8.959743864646901
294,2025-11-05 10:15:28.209,L_6vSQ==,PACKET_DATA,26.94,515.76,68.64,1.601,4.716,152.0,744.0,401.0,119.0,3636.0,263.0,156.0,170.0,2835.0,4783.0,1.0,90.0,244.56,10,14.017151116607856,244.56,294.56,2025-11-05,26.94,515.76,294.56,14.017151116607856,900.0,294.56,294.56,294.55999999999995,1.4198791136,54.1786887239995,14.794672180999875,44.1814416786416,0,14.08428103713541,9.610421543043785,182.65564292321923,33.30810883633137,44.1814416786416,13.736416450117218,54.1786887239995,14.794672180999875,28.923730294064036,28.47772968648808,9.122956836623464,33.8792315939407,8.959743864646901
295,2025-11-05 10:30:34.218,L_6vSQ==,PACKET_DATA,26.52,500.55,71.04,1.334,4.717,161.0,787.0,423.0,126.0,3848.0,278.0,165.0,180.0,3035.0,5007.0,1.0,90.0,259.86,10,14.428500448645488,259.86,309.86,2025-11-05,26.52,500.55,309.86,14.428500448645488,900.0,309.86,309.86,309.86000000000007,1.4414586008,57.081418520476646,15.624425556142993,46.424227944378416,0,14.508272114819494,9.665636969086501,182.65564292321923,35.44588275712303,46.424227944378416,13.8028524872157,57.081418520476646,15.624425556142993,28.923730294110122,28.47772968648808,9.066112857822747,33.8792315939407,8.959743864646901
296,2025-11-05 10:45:40.310,L_6vSQ==,PACKET_DATA,26.49,487.74,71.22,1.353,4.719,53.0,283.0,155.0,42.0,1284.0,91.0,54.0,59.0,1015.0,1621.0,1.0,90.0,83.79,10,7.193567333082601,83.79,133.79000000000002,2025-11-05,26.49,487.74,133.79000000000002,7.193567333082601,900.0,133.79000000000002,133.79000000000002,133.79000000000008,1.1046597386,24.987107029318278,5.9957023431060925,21.353559197382175,0,6.7916102658217845,9.626828590744145,182.65564292321923,32.77527586985966,21.353559197382175,7.290809099025716,24.987107029318278,5.9957023431060925,28.923730294152758,28.47772968648808,9.015417723911181,33.8792315939407,8.959743864646901
297,2025-11-05 11:00:46.380,L_6vSQ==,PACKET_DATA,25.25,479.5,77.13,0.95,4.722,54.0,295.0,161.0,43.0,1318.0,93.0,55.0,61.0,1058.0,1630.0,1.0,90.0,87.37,11,7.559057975231175,87.37,137.37,2025-11-05,25.25,479.5,137.37,7.559057975231175,900.0,137.37,137.37,137.37000000000003,1.1138794558,25.619392440833636,6.206464146944545,21.860132068316894,0,7.201350592716649,9.764897852228625,182.65564292321923,31.490947941640734,21.860132068316894,6.790687269527721,25.619392440833636,6.206464146944545,28.923730294192207,28.47772968648808,8.981512913037118,33.8792315939407,8.959743864646901
298,2025-11-05 11:18:53.589,L_6vSQ==,PACKET_DATA,25.0,473.7,79.64,0.986,4.722,69.0,374.0,202.0,54.0,1654.0,117.0,69.0,77.0,1327.0,2040.0,1.0,90.0,108.1,11,8.600133167939033,108.1,158.1,2025-11-05,25.0,473.7,158.1,8.600133167939033,900.0,158.1,158.1,158.09999999999997,1.1672662539999998,29.340295748613674,7.446765249537892,24.841236229134356,0,8.356002638625002,9.742711594423959,182.65564292321923,32.815119665876935,24.841236229134356,8.44493573263682,29.340295748613674,7.446765249537892,28.923730294228704,28.47772968648808,8.95706319907907,33.8792315939407,8.959743864646901
299,2025-11-05 11:30:58.497,L_6vSQ==,PACKET_DATA,25.0,470.33,80.41,1.053,4.721,186.0,904.0,483.0,145.0,4459.0,322.0,190.0,210.0,3590.0,5732.0,1.0,90.0,300.36,11,15.115499141608256,300.36,350.36,2025-11-05,25.0,470.33,350.36,15.115499141608256,900.0,350.36,350.36,350.36,1.4959019408,65.31352504376873,18.094057513130622,52.8547223309504,0,15.203830000097579,9.727729776744507,182.65564292321923,33.87127137502852,52.8547223309504,14.43758455993824,65.31352504376873,18.094057513130622,28.92373029426247,28.47772968648808,8.942640938504356,33.8792315939407,8.959743864646901
300,2025-11-05 11:46:04.533,L_6vSQ==,PACKET_DATA,26.55,461.0,74.0,1.414,4.719,133.0,668.0,359.0,104.0,3179.0,229.0,136.0,149.0,2506.0,4106.0,1.0,90.0,213.01,11,12.643862066212447,213.01,263.01,2025-11-05,26.55,461.0,263.01,12.643862066212447,900.0,263.01,263.01,263.01000000000005,1.3715978331,49.061711876089696,13.515427969022424,40.33806018537571,0,12.642059402201298,9.507143251334218,182.65564292321923,32.052686034346124,40.33806018537571,11.99385567630711,49.061711876089696,13.515427969022424,28.923730294293712,28.47772968648808,8.901906877495978,33.8792315939407,8.959743864646901
301,2025-11-05 12:01:10.563,L_6vSQ==,PACKET_DATA,26.49,450.31,74.7,1.289,4.719,128.0,664.0,356.0,100.0,3073.0,220.0,131.0,143.0,2421.0,3928.0,1.0,90.0,202.21,12,12.205015078447463,202.21,252.21,2025-11-05,26.49,450.31,252.21,12.205015078447463,900.0,252.21,252.21,252.20999999999998,1.3550704851,47.31010015002229,13.077525037505573,39.022417709075484,0,12.2068633102796,9.474173635935431,182.65564292321923,30.668958219171383,39.022417709075484,11.368139863358227,47.31010015002229,13.077525037505573,28.923730294322617,28.47772968648808,8.853833718695775,33.8792315939407,8.959743864646901
302,2025-11-05 12:16:16.588,L_6vSQ==,PACKET_DATA,26.63,442.17,75.23,1.251,4.723,137.0,705.0,377.0,107.0,3266.0,234.0,139.0,152.0,2573.0,4178.0,1.0,90.0,218.77,12,12.671361630520208,218.77,268.77,2025-11-05,26.63,442.17,268.77,12.671361630520208,900.0,268.77,268.77,268.77,1.3804124187,49.995904796658955,13.748976199164739,41.039736172735815,0,12.644867642700845,9.405840946226013,182.65564292321923,32.625591752831404,41.039736172735815,12.073119443704107,49.995904796658955,13.748976199164739,28.92373029434936,28.47772968648808,8.81627000267367,33.8792315939407,8.959743864646901
303,2025-11-05 12:31:22.699,L_6vSQ==,PACKET_DATA,26.74,436.88,74.43,1.299,4.718,190.0,921.0,493.0,148.0,4544.0,329.0,195.0,213.0,3589.0,5937.0,1.0,90.0,303.83,12,14.89904362160902,303.83,353.83,2025-11-05,26.74,436.88,353.83,14.89904362160902,900.0,353.83,353.83,353.83,1.5005665924,66.0118125289276,18.303543758678284,53.40018827466998,0,14.913102782470308,9.355298800954188,182.65564292321923,33.688101198495325,53.40018827466998,14.00784769815932,66.0118125289276,18.303543758678284,28.923730294374103,28.47772968648808,8.791432306734965,33.8792315939407,8.959743864646901
304,2025-11-05 12:47:59.320,L_6vSQ==,PACKET_DATA,27.51,427.85,72.63,1.32,4.72,94.0,484.0,263.0,74.0,2262.0,162.0,96.0,105.0,1780.0,2903.0,1.0,90.0,150.1,12,9.8835573255438,150.1,200.1,2025-11-05,27.51,427.85,200.1,9.8835573255438,900.0,200.1,200.1,200.1,1.2753260309999999,37.11052227191237,10.033156681573711,31.06435350567507,0,10.068618985171042,9.106517350484097,182.65564292321923,32.09609347915486,31.06435350567507,9.89570893580313,37.11052227191237,10.033156681573711,28.923730294396996,28.47772968648808,8.748290010753994,33.8792315939407,8.959743864646901
305,2025-11-05 13:00:04.154,L_6vSQ==,PACKET_DATA,26.87,424.0,75.39,1.149,4.725,96.0,499.0,270.0,75.0,2298.0,164.0,97.0,107.0,1820.0,2914.0,1.0,90.0,150.33,13,10.014566161528162,150.33,200.33,2025-11-05,26.87,424.0,200.33,10.014566161528162,900.0,200.33,200.33,200.32999999999996,1.2756780022999998,37.15583443330246,10.046750329990738,31.099749014544877,0,10.225989303602944,9.261982816347055,182.65564292321923,30.70384917983848,31.099749014544877,9.563118217281152,37.15583443330246,10.046750329990738,28.923730294418174,28.47772968648808,8.729620027583149,33.8792315939407,8.959743864646901
306,2025-11-05 13:15:10.239,L_6vSQ==,PACKET_DATA,27.5,419.0,73.76,1.34,4.721,123.0,764.0,396.0,96.0,2931.0,203.0,123.0,133.0,2204.0,3613.0,1.0,90.0,195.13,13,11.529514601168644,195.13,245.13,2025-11-05,27.5,419.0,245.13,11.529514601168644,900.0,245.13,245.13,245.13000000000005,1.3442358903,45.98185543450424,12.69455663035127,37.99417856831812,0,11.460950815707811,9.067115943716011,182.65564292321923,32.5531372557806,37.99417856831812,11.176147573541481,45.98185543450424,12.69455663035127,28.92373029443777,28.47772968648808,8.70513538339871,33.8792315939407,8.959743864646901
307,2025-11-05 13:31:46.838,L_6vSQ==,PACKET_DATA,27.25,413.29,75.07,1.212,4.725,114.0,576.0,312.0,89.0,2726.0,196.0,116.0,127.0,2158.0,3493.0,1.0,90.0,178.89,13,10.967340344719553,178.89,228.89,2025-11-05,27.25,413.29,228.89,10.967340344719553,900.0,228.89,228.89,228.88999999999993,1.3193836558999998,42.782422821568574,11.734726846470572,35.4949478550753,0,10.969092076569723,9.108975181391006,182.65564292321923,30.641340390346006,35.4949478550753,10.321964351454072,42.782422821568574,11.734726846470572,28.9237302944559,28.47772968648808,8.676854535369815,33.8792315939407,8.959743864646901
308,2025-11-05 13:45:22.315,L_6vSQ==,PACKET_DATA,27.06,410.57,75.97,1.215,4.725,87.0,457.0,248.0,68.0,2100.0,150.0,89.0,98.0,1661.0,2663.0,1.0,90.0,134.58,13,9.241703527198364,134.58,184.58,2025-11-05,27.06,410.57,184.58,9.241703527198364,900.0,184.58,184.58,184.57999999999998,1.2354612571999999,34.234935304990756,9.078311768330252,28.762711510877967,0,9.250185238503823,9.14660858358305,182.65564292321923,29.534516752518464,28.762711510877967,8.674692735061557,34.234935304990756,9.078311768330252,28.923730294472673,28.47772968648808,8.663266253920868,33.8792315939407,8.959743864646901
309,2025-11-05 14:00:05.374,L_6vSQ==,PACKET_DATA,26.72,405.83,77.21,1.103,4.718,88.0,458.0,249.0,69.0,2120.0,151.0,119.0,132.0,2289.0,3664.0,1.0,5.0,124.24,14,8.839775039933839,124.24,174.24,2025-11-05,26.72,405.83,174.24,8.839775039933839,900.0,174.24,174.24,174.24,1.2088322416,32.32365988909427,8.441219963031426,27.2314405738225,0,8.759058091092367,9.20747196156632,182.65564292321923,28.90708806001467,27.2314405738225,8.204670218910548,32.32365988909427,8.441219963031426,28.92373029448819,28.47772968648808,8.639411959843923,33.8792315939407,8.959743864646901
310,2025-11-05 14:15:02.722,L_6vSQ==,PACKET_DATA,27.0,402.5,76.41,1.281,4.722,124.0,641.0,345.0,97.0,2970.0,213.0,126.0,138.0,2333.0,3783.0,1.0,5.0,197.06,14,11.566503282030151,197.06,247.06,2025-11-05,27.0,402.5,247.06,11.566503282030151,900.0,247.06,247.06,247.05999999999997,1.3471893886,46.36208357138635,12.808625071415905,38.29119305579092,0,11.50796697566442,9.121137348906972,182.65564292321923,30.765139957166415,38.29119305579092,10.747830320061658,46.36208357138635,12.808625071415905,28.923730294502548,28.47772968648808,8.62252385916732,33.8792315939407,8.959743864646901
311,2025-11-05 14:30:05.635,L_6vSQ==,PACKET_DATA,26.87,399.5,77.09,1.182,4.721,124.0,556.0,308.0,97.0,2986.0,218.0,183.0,203.0,3514.0,5727.0,1.0,5.0,170.3,14,10.63018903682233,170.3,220.3,2025-11-05,26.87,399.5,220.3,10.63018903682233,900.0,220.3,220.3,220.29999999999995,1.3062382929999998,41.090112098347085,11.227033629504126,34.17300254554603,0,10.687662190791023,9.138380970991784,182.65564292321923,30.668824503939817,34.17300254554603,9.955234361000318,41.090112098347085,11.227033629504126,28.923730294515835,28.47772968648808,8.607219930422104,33.8792315939407,8.959743864646901
312,2025-11-05 14:45:02.828,L_6vSQ==,PACKET_DATA,27.97,396.5,72.74,1.44,4.718,187.0,908.0,487.0,146.0,4464.0,323.0,192.0,209.0,3485.0,5880.0,1.0,5.0,300.35,14,14.091217514412396,300.35,350.35,2025-11-05,27.97,396.5,350.35,14.091217514412396,900.0,350.35,350.35,350.35,1.495888498,65.31151268790373,18.09345380637112,52.853150382985795,0,13.93124759572168,8.822942761072389,182.65564292321923,32.96810652091663,52.853150382985795,13.273158871725748,65.31151268790373,18.09345380637112,28.923730294528124,28.47772968648808,8.591833025891713,33.8792315939407,8.959743864646901
313,2025-11-05 15:00:00.091,L_6vSQ==,PACKET_DATA,27.87,390.85,73.61,1.31,4.721,142.0,698.0,378.0,111.0,3404.0,246.0,146.0,159.0,2678.0,4439.0,1.0,5.0,224.81,15,12.135743877650643,224.81,274.81,2025-11-05,27.87,390.85,274.81,12.135743877650643,900.0,274.81,274.81,274.81000000000006,1.3896554911,50.97550987308925,13.993877468272313,41.775521409481506,0,11.971647123052307,8.821588046207266,182.65564292321923,32.052560940845225,41.775521409481506,11.500346230054603,50.97550987308925,13.993877468272313,28.923730294539496,28.47772968648808,8.562635129930925,33.8792315939407,8.959743864646901
314,2025-11-05 15:15:02.982,L_6vSQ==,PACKET_DATA,27.5,388.55,76.55,1.127,4.725,93.0,496.0,268.0,73.0,2241.0,159.0,95.0,104.0,1765.0,2834.0,1.0,5.0,146.02,15,9.486250182309556,146.02,196.02,2025-11-05,27.5,388.55,196.02,9.486250182309556,900.0,196.02,196.02,196.02000000000004,1.2649231468,36.34953789279113,9.783179297597046,30.456883611449985,0,9.60519070146883,8.9131152048519,182.65564292321923,30.668857668852457,30.456883611449985,9.103088733181131,36.34953789279113,9.783179297597046,28.923730294550015,28.47772968648808,8.550669376797456,33.8792315939407,8.959743864646901
315,2025-11-05 15:30:00.254,L_6vSQ==,PACKET_DATA,27.27,387.25,77.65,1.129,4.727,96.0,498.0,270.0,75.0,2297.0,164.0,97.0,107.0,1819.0,2913.0,1.0,5.0,150.0,15,9.689648615883778,150.0,200.0,2025-11-05,27.27,387.25,200.0,9.689648615883778,900.0,200.0,200.0,200.0,1.275173,37.09082133217755,10.027246399653265,31.04896415399254,0,9.866244843118846,8.969541526588747,182.65564292321923,29.884473323335868,31.04896415399254,9.277406478336724,37.09082133217755,10.027246399653265,28.923730294559746,28.47772968648808,8.543886141586604,33.8792315939407,8.959743864646901
316,2025-11-05 15:45:03.123,L_6vSQ==,PACKET_DATA,27.0,385.36,78.66,1.064,4.722,78.0,401.0,219.0,61.0,1871.0,133.0,79.0,87.0,1494.0,2366.0,1.0,5.0,120.2,15,8.501612433915986,120.2,170.2,2025-11-05,27.0,385.36,170.2,8.501612433915986,900.0,170.2,170.2,170.20000000000005,1.198427868,31.576894639556386,8.192298213185463,26.633149027816305,0,8.38938749079236,9.030447050311547,182.65564292321923,29.352548383340366,26.633149027816305,7.847424743339694,31.576894639556386,8.192298213185463,28.923730294568752,28.47772968648808,8.533998971420477,33.8792315939407,8.959743864646901
317,2025-11-05 16:00:00.387,L_6vSQ==,PACKET_DATA,29.0,381.62,71.71,1.631,4.721,255.0,1262.0,666.0,198.0,6043.0,437.0,261.0,282.0,4603.0,8065.0,1.0,5.0,408.84,16,15.379021471378984,408.84,458.84,2025-11-05,29.0,381.62,458.84,15.379021471378984,900.0,458.84,458.84,458.84000000000003,1.6234248996,86.76882454162464,25.530647362487393,70.21537196811609,0,15.187165207418412,8.499873824861094,182.65564292321923,32.03026509294639,70.21537196811609,14.535380169384378,86.76882454162464,25.530647362487393,28.923730294577084,28.47772968648808,8.514346775573086,33.8792315939407,8.959743864646901
318,2025-11-05 16:15:03.284,L_6vSQ==,PACKET_DATA,28.77,375.5,72.9,1.317,4.721,158.0,790.0,425.0,123.0,3758.0,270.0,161.0,175.0,2917.0,4917.0,1.0,5.0,247.76,16,12.35667254832378,247.76,297.76,2025-11-05,28.77,375.5,297.76,12.35667254832378,900.0,297.76,297.76,297.75999999999993,1.4247761056,54.69768479098243,14.924421197745607,44.571261671619446,0,12.150768822331449,8.513443325079285,182.65564292321923,33.239365398772414,44.571261671619446,12.027401214864746,54.69768479098243,14.924421197745607,28.923730294584793,28.47772968648808,8.48194661730986,33.8792315939407,8.959743864646901
319,2025-11-05 16:30:00.493,L_6vSQ==,PACKET_DATA,28.5,371.0,74.33,1.28,4.723,131.0,665.0,359.0,102.0,3127.0,224.0,133.0,146.0,2446.0,4045.0,1.0,5.0,204.35,16,11.152668700357786,204.35,254.35,2025-11-05,28.5,371.0,254.35,11.152668700357786,900.0,254.35,254.35,254.34999999999994,1.3583453484999999,47.65717876981712,13.16429469245428,39.28310982937941,0,10.978178407962794,8.551156594841187,182.65564292321923,31.622812637718347,39.28310982937941,10.690667874184172,47.65717876981712,13.16429469245428,28.923730294591927,28.47772968648808,8.457938689702903,33.8792315939407,8.959743864646901
320,2025-11-05 16:45:03.452,L_6vSQ==,PACKET_DATA,27.55,368.2,78.2,1.036,4.724,72.0,362.0,199.0,56.0,1731.0,124.0,73.0,81.0,1386.0,2206.0,1.0,5.0,108.69,16,7.782314965297736,108.69,158.69,2025-11-05,27.55,368.2,158.69,7.782314965297736,900.0,158.69,158.69,158.68999999999997,1.1687857045999999,29.449353049907575,7.483117683302525,24.92861048956596,0,7.601181998969084,8.789593848096942,182.65564292321923,30.706432149836512,24.92861048956596,7.270557271185866,29.449353049907575,7.483117683302525,28.923730294598524,28.47772968648808,8.442924568214798,33.8792315939407,8.959743864646901
321,2025-11-05 17:00:00.639,L_6vSQ==,PACKET_DATA,27.5,367.77,79.02,1.063,4.72,79.0,416.0,226.0,62.0,1905.0,136.0,80.0,88.0,1514.0,2403.0,1.0,5.0,124.19,17,8.465929450461239,124.19,174.19,2025-11-05,27.5,367.77,174.19,8.465929450461239,900.0,174.19,174.19,174.18999999999997,1.2087034745999998,32.31441774491682,8.438139248305605,27.22403597548083,0,8.379635526288475,8.800974613909387,182.65564292321923,32.15355921579822,27.22403597548083,8.344652211108855,32.31441774491682,8.438139248305605,28.923730294604628,28.47772968648808,8.440613789994664,33.8792315939407,8.959743864646901
322,2025-11-05 17:15:03.497,L_6vSQ==,PACKET_DATA,27.06,368.0,80.0,1.038,4.721,73.0,376.0,206.0,57.0,1766.0,126.0,75.0,82.0,1413.0,2232.0,1.0,5.0,110.16,17,7.959743046179853,110.16,160.16,2025-11-05,27.06,368.0,160.16,7.959743046179853,900.0,160.16,160.16,160.15999999999997,1.1725714543999999,29.72107208872458,7.573690696241527,25.146305680810784,0,7.800436408606642,8.919279748052425,182.65564292321923,30.36659040732129,25.146305680810784,7.292211160504957,29.72107208872458,7.573690696241527,28.923730294610277,28.47772968648808,8.441849953010658,33.8792315939407,8.959743864646901
323,2025-11-05 17:30:00.809,L_6vSQ==,PACKET_DATA,27.0,369.57,81.03,1.038,4.723,72.0,365.0,200.0,57.0,1738.0,124.0,73.0,81.0,1397.0,2202.0,1.0,5.0,116.74,17,8.269606453272624,116.74,166.74,2025-11-05,27.0,369.57,166.74,8.269606453272624,900.0,166.74,166.74,166.74000000000004,1.1895171916,30.937338262476903,7.979112754158968,26.120750822573367,0,8.147841912058995,8.943239995284106,182.65564292321923,29.50721497526928,26.120750822573367,7.601165186521261,30.937338262476903,7.979112754158968,28.923730294615503,28.47772968648808,8.450277908084754,33.8792315939407,8.959743864646901
324,2025-11-05 17:45:03.629,L_6vSQ==,PACKET_DATA,27.5,369.17,79.47,1.258,4.72,125.0,626.0,339.0,97.0,2989.0,215.0,127.0,140.0,2365.0,3851.0,1.0,5.0,192.68,17,11.026784010089273,192.68,242.68,2025-11-05,27.5,369.17,242.68,11.026784010089273,900.0,242.68,242.68,242.67999999999995,1.3404866307999999,45.499182411000994,12.549754723300298,37.617139452096126,0,10.92424258283693,8.80869434879128,182.65564292321923,31.345377993199182,37.617139452096126,10.339031622190058,45.499182411000994,12.549754723300298,28.923730294620338,28.47772968648808,8.44813235485471,33.8792315939407,8.959743864646901
325,2025-11-05 18:00:00.991,L_6vSQ==,PACKET_DATA,26.74,370.0,81.06,0.981,4.723,63.0,334.0,182.0,49.0,1513.0,107.0,64.0,70.0,1205.0,1895.0,1.0,5.0,93.49,18,7.273052721329002,93.49,143.49,2025-11-05,26.74,370.0,143.49,7.273052721329002,900.0,143.49,143.49,143.49,1.1296405366,26.70028258565878,6.5667608618862605,22.726116976171777,0,7.06595029666108,9.007829983841448,182.65564292321923,30.606451230602566,22.726116976171777,6.579280200518868,26.70028258565878,6.5667608618862605,28.92373029462481,28.47772968648808,8.452583076327043,33.8792315939407,8.959743864646901
326,2025-11-05 18:15:03.852,L_6vSQ==,PACKET_DATA,26.97,370.0,81.16,1.113,4.725,87.0,457.0,248.0,68.0,2102.0,150.0,89.0,98.0,1670.0,2656.0,1.0,5.0,134.43,18,9.022866364922598,134.43,184.43,2025-11-05,26.97,370.0,184.43,9.022866364922598,900.0,184.43,184.43,184.42999999999998,1.2350749561999999,34.20720887245841,9.069069624152803,28.740497715852985,0,9.042076834665433,8.953128213402621,182.65564292321923,32.13182955195701,28.740497715852985,8.78215552548392,34.20720887245841,9.069069624152803,28.92373029462895,28.47772968648808,8.452583076325986,33.8792315939407,8.959743864646901
327,2025-11-05 18:30:01.054,L_6vSQ==,PACKET_DATA,28.09,368.5,77.61,1.387,4.72,170.0,835.0,449.0,132.0,4055.0,293.0,174.0,190.0,3173.0,5310.0,1.0,5.0,266.01,18,12.919414019264265,266.01,316.01,2025-11-05,28.09,368.5,316.01,12.919414019264265,900.0,316.01,316.01,316.01000000000005,1.4497259228000001,58.331977713611785,15.999593314083535,47.40109988460151,0,12.703034595616401,8.64288567271521,182.65564292321923,33.12504516623863,47.40109988460151,12.242974060699154,58.331977713611785,15.999593314083535,28.92373029463278,28.47772968648808,8.444535950587767,33.8792315939407,8.959743864646901
328,2025-11-05 18:45:03.965,L_6vSQ==,PACKET_DATA,27.5,366.75,79.43,1.066,4.719,79.0,416.0,226.0,62.0,1906.0,136.0,80.0,88.0,1509.0,2410.0,1.0,5.0,124.11,18,8.45692435990784,124.11,174.11,2025-11-05,27.5,366.75,174.11,8.45692435990784,900.0,174.11,174.11,174.10999999999999,1.2084974473999999,32.2996303142329,8.433210104744301,27.212188618134178,0,8.370848920300471,8.795335888246163,182.65564292321923,31.62298985878987,27.212188618134178,8.159046477638126,32.2996303142329,8.433210104744301,28.92373029463632,28.47772968648808,8.435127112304246,33.8792315939407,8.959743864646901
329,2025-11-05 19:00:01.202,L_6vSQ==,PACKET_DATA,29.0,362.46,74.83,1.482,4.718,210.0,1039.0,553.0,163.0,4995.0,361.0,215.0,234.0,3851.0,6602.0,1.0,5.0,332.68,19,13.922277240935182,332.68,382.68,2025-11-05,29.0,362.46,382.68,13.922277240935182,900.0,382.68,382.68,382.68000000000006,1.5393490704000001,71.81745919948484,20.045237759845456,57.93525815256907,0,13.710683072749582,8.397391017427168,182.65564292321923,34.05123104468904,57.93525815256907,13.217667751900871,71.81745919948484,20.045237759845456,28.923730294639597,28.47772968648808,8.411970629443903,33.8792315939407,8.959743864646901
330,2025-11-05 19:15:04.050,L_6vSQ==,PACKET_DATA,27.99,360.55,76.68,1.167,4.72,106.0,541.0,294.0,83.0,2548.0,182.0,108.0,119.0,2007.0,3274.0,1.0,5.0,166.47,19,9.940804828732608,166.47,216.47,2025-11-05,27.99,360.55,216.47,9.940804828732608,900.0,216.47,216.47,216.46999999999994,1.3003772056999998,40.33556610650327,11.000669831950981,33.583590376105136,0,9.948197944944056,8.626516665829438,182.65564292321923,32.45698822922175,33.583590376105136,9.849969956152403,40.33556610650327,11.000669831950981,28.92373029464263,28.47772968648808,8.401620125073878,33.8792315939407,8.959743864646901
331,2025-11-05 19:30:01.269,L_6vSQ==,PACKET_DATA,27.94,360.43,78.21,1.137,4.72,98.0,499.0,272.0,77.0,2353.0,168.0,100.0,110.0,1863.0,3007.0,1.0,5.0,155.12,19,9.539199212095491,155.12,205.12,2025-11-05,27.94,360.43,205.12,9.539199212095491,900.0,205.12,205.12,205.11999999999998,1.2830081871999999,38.0995094466006,10.32985283398018,31.836898960138043,0,9.634514133432964,8.639437502397376,182.65564292321923,30.993936849938088,31.836898960138043,9.246431631406487,38.0995094466006,10.32985283398018,28.923730294645438,28.47772968648808,8.400969010289028,33.8792315939407,8.959743864646901
332,2025-11-05 19:45:04.178,L_6vSQ==,PACKET_DATA,27.25,360.5,80.46,0.968,4.723,60.0,332.0,180.0,47.0,1456.0,103.0,61.0,67.0,1153.0,1810.0,1.0,5.0,91.62,19,7.0372397107792,91.62,141.62,2025-11-05,27.25,360.5,141.62,7.0372397107792,900.0,141.62,141.62,141.62,1.1248246508,26.370010596962207,6.456670198987402,22.46151047654945,0,6.832421950652066,8.827683221551254,182.65564292321923,30.16457218641176,22.46151047654945,6.42043096200516,26.370010596962207,6.456670198987402,28.92373029464803,28.47772968648808,8.401348838972087,33.8792315939407,8.959743864646901
333,2025-11-05 20:00:01.421,L_6vSQ==,PACKET_DATA,27.0,362.0,81.04,1.03,4.72,71.0,375.0,204.0,56.0,1709.0,121.0,72.0,79.0,1363.0,2146.0,1.0,5.0,112.56,20,8.048611750790393,112.56,162.56,2025-11-05,27.0,362.0,162.56,8.048611750790393,900.0,162.56,162.56,162.56,1.1787522704,30.164695009242145,7.721565003080715,25.50172640121051,0,7.911292482092745,8.900270231246388,182.65564292321923,31.522826000399093,25.50172640121051,7.609151004483012,30.164695009242145,7.721565003080715,28.923730294650433,28.47772968648808,8.409480098075484,33.8792315939407,8.959743864646901
334,2025-11-05 20:15:04.292,L_6vSQ==,PACKET_DATA,27.74,363.55,77.98,1.347,4.72,153.0,743.0,402.0,119.0,3654.0,264.0,157.0,171.0,2883.0,4771.0,1.0,5.0,238.58,20,12.261488091580778,238.58,288.58000000000004,2025-11-05,27.74,363.55,288.58000000000004,12.261488091580778,900.0,288.58000000000004,288.58000000000004,288.5800000000001,1.4107278598000002,53.20881482382518,14.552203705956295,43.45296556676428,0,12.073392824585003,8.711522638533573,182.65564292321923,32.46288878992409,43.45296556676428,11.537891987009537,53.20881482382518,14.552203705956295,28.923730294652657,28.47772968648808,8.417866325495446,33.8792315939407,8.959743864646901
335,2025-11-05 20:30:07.247,L_6vSQ==,PACKET_DATA,27.12,364.5,80.16,1.016,4.722,92.0,391.0,221.0,72.0,2215.0,162.0,95.0,105.0,1824.0,2908.0,1.0,5.0,143.19,20,9.30652360039656,143.19,193.19,2025-11-05,27.12,364.5,193.19,9.30652360039656,900.0,193.19,193.19,193.19000000000003,1.2576349346,35.82643253234751,9.608810844115837,30.03778334531198,0,9.406555947352052,8.884189471171513,182.65564292321923,31.260088958040882,30.03778334531198,8.88687979830433,35.82643253234751,9.608810844115837,28.92373029465471,28.47772968648808,8.42299809276328,33.8792315939407,8.959743864646901
336,2025-11-05 20:45:04.451,L_6vSQ==,PACKET_DATA,27.25,364.0,80.04,1.147,4.725,96.0,498.0,270.0,75.0,2297.0,164.0,97.0,107.0,1820.0,2914.0,1.0,5.0,150.0,20,9.538122984793516,150.0,200.0,2025-11-05,27.25,364.0,200.0,9.538122984793516,900.0,200.0,200.0,200.0,1.275173,37.09082133217755,10.027246399653265,31.04896415399254,0,9.705681319628232,8.847458294784868,182.65564292321923,30.031867657032336,31.04896415399254,9.101204206302148,37.09082133217755,10.027246399653265,28.923730294656615,28.47772968648808,8.420297942332649,33.8792315939407,8.959743864646901
337,2025-11-05 21:00:01.742,L_6vSQ==,PACKET_DATA,29.0,362.2,74.78,1.529,4.721,216.0,1078.0,572.0,168.0,5130.0,370.0,221.0,240.0,3942.0,6773.0,1.0,5.0,345.41,21,14.130726797822046,345.41,395.41,2025-11-05,29.0,362.2,395.41,14.130726797822046,900.0,395.41,395.41,395.4100000000001,1.5564617548000002,74.37918821564406,20.81375646469322,59.936347911517274,0,13.944924414056427,8.395982662150939,182.65564292321923,32.510886764997124,59.936347911517274,13.403674005942541,74.37918821564406,20.81375646469322,28.923730294658373,28.47772968648808,8.410563114945905,33.8792315939407,8.959743864646901
338,2025-11-05 21:15:04.582,L_6vSQ==,PACKET_DATA,28.05,360.22,76.92,1.137,4.72,98.0,500.0,272.0,77.0,2353.0,168.0,100.0,110.0,1858.0,3017.0,1.0,5.0,155.53,21,9.524276783527696,155.53,205.53,2025-11-05,28.05,360.22,205.53,9.524276783527696,900.0,205.53,205.53,205.52999999999997,1.2836356142999998,38.180283299513384,10.354084989854016,31.899995302036416,0,9.613348760017187,8.608510249023444,182.65564292321923,32.61623225585439,31.899995302036416,9.637641870378522,38.180283299513384,10.354084989854016,28.923730294660004,28.47772968648808,8.39982932745579,33.8792315939407,8.959743864646901
339,2025-11-05 21:30:01.843,L_6vSQ==,PACKET_DATA,28.5,359.5,75.79,1.328,4.722,150.0,737.0,398.0,117.0,3589.0,259.0,154.0,168.0,2818.0,4689.0,1.0,5.0,236.61,21,11.959777689487812,236.61,286.61,2025-11-05,28.5,359.5,286.61,11.959777689487812,900.0,286.61,286.61,286.61000000000007,1.4077131491000001,52.88930787008881,14.472326967522202,43.212982633587295,0,11.732860458956068,8.489098131713458,182.65564292321923,34.65387437520339,43.212982633587295,11.752282380964488,52.88930787008881,14.472326967522202,28.92373029466151,28.47772968648808,8.395919609895827,33.8792315939407,8.959743864646901
340,2025-11-05 21:45:04.683,L_6vSQ==,PACKET_DATA,27.94,361.0,78.03,1.086,4.721,85.0,455.0,247.0,67.0,2046.0,145.0,86.0,95.0,1612.0,2583.0,1.0,5.0,135.52,21,8.78423870366421,135.52,185.52,2025-11-05,27.94,361.0,185.52,8.78423870366421,900.0,185.52,185.52,185.51999999999998,1.2378820767999998,34.4086876155268,9.1362292051756,28.90191795970119,0,8.782718632839778,8.64257629621181,182.65564292321923,32.111379665724435,28.90191795970119,8.759233160417917,34.4086876155268,9.1362292051756,28.923730294662903,28.47772968648808,8.404060944786762,33.8792315939407,8.959743864646901
341,2025-11-05 22:00:01.960,L_6vSQ==,PACKET_DATA,27.0,362.0,80.65,0.933,4.682,54.0,293.0,160.0,43.0,1316.0,93.0,55.0,61.0,1050.0,1639.0,1.0,5.0,87.55,22,6.906030446559729,87.55,137.55,2025-11-05,27.0,362.0,137.55,6.906030446559729,900.0,137.55,137.55,137.55,1.114343017,25.651183327446134,6.217061109148712,21.88560221266556,0,6.703484845643008,8.900270231246388,182.65564292321923,30.888662470503384,21.88560221266556,6.362533957309573,25.651183327446134,6.217061109148712,28.923730294664193,28.47772968648808,8.409480098072997,33.8792315939407,8.959743864646901
342,2025-11-05 22:15:04.843,L_6vSQ==,PACKET_DATA,27.06,364.4,80.23,1.129,4.723,93.0,496.0,268.0,73.0,2242.0,159.0,95.0,104.0,1772.0,2825.0,1.0,5.0,145.94,22,9.42564454059534,145.94,195.94,2025-11-05,27.06,364.4,195.94,9.42564454059534,900.0,195.94,195.94,195.93999999999994,1.2647171195999998,36.3347504621072,9.778250154035733,30.445036254103318,0,9.557360527045764,8.898924384845417,182.65564292321923,32.50199703693307,30.445036254103318,9.34174927869483,36.3347504621072,9.778250154035733,28.923730294665383,28.47772968648808,8.422458201660344,33.8792315939407,8.959743864646901
343,2025-11-05 22:30:02.096,L_6vSQ==,PACKET_DATA,27.99,364.5,77.75,1.328,4.722,147.0,747.0,401.0,115.0,3512.0,252.0,150.0,164.0,2750.0,4541.0,1.0,5.0,235.21,22,12.119321952095486,235.21,285.21000000000004,2025-11-05,27.99,364.5,285.21000000000004,12.119321952095486,900.0,285.21000000000004,285.21000000000004,285.21000000000004,1.4055707151,52.662247090783765,14.415561772695941,43.04243638665948,0,11.916943739795842,8.648162712600447,182.65564292321923,33.43503084123684,43.04243638665948,11.650938541506331,52.662247090783765,14.415561772695941,28.923730294666488,28.47772968648808,8.422998092761286,33.8792315939407,8.959743864646901
344,2025-11-05 22:45:04.891,L_6vSQ==,PACKET_DATA,27.06,363.67,80.29,0.976,4.723,60.0,332.0,180.0,47.0,1457.0,103.0,61.0,67.0,1153.0,1813.0,1.0,5.0,91.54,22,7.088508157002249,91.54,141.54000000000002,2025-11-05,27.06,363.67,141.54000000000002,7.088508157002249,900.0,141.54000000000002,141.54000000000002,141.54000000000002,1.1246186236,26.355881314023318,6.451960438007773,22.450190412394484,0,6.882025783744719,8.89477700385481,182.65564292321923,31.21209856280195,22.450190412394484,6.6229128380548525,26.355881314023318,6.451960438007773,28.923730294667507,28.47772968648808,8.41851489352078,33.8792315939407,8.959743864646901
345,2025-11-05 23:00:02.226,L_6vSQ==,PACKET_DATA,26.73,367.3,81.89,0.942,4.687,54.0,293.0,160.0,43.0,1317.0,93.0,55.0,61.0,1052.0,1637.0,1.0,5.0,87.48,23,6.979140244763909,87.48,137.48000000000002,2025-11-05,26.73,367.3,137.48000000000002,6.979140244763909,900.0,137.48000000000002,137.48000000000002,137.48000000000005,1.1141627432,25.638820204874612,6.212940068291537,21.875697156529974,0,6.772863907202947,8.994657352662585,182.65564292321923,29.993292914841042,21.875697156529974,6.2348850265999705,25.638820204874612,6.212940068291537,28.923730294668452,28.47772968648808,8.438086538221224,33.8792315939407,8.959743864646901
346,2025-11-05 23:15:05.054,L_6vSQ==,PACKET_DATA,29.0,366.38,74.18,1.606,4.718,257.0,1283.0,675.0,199.0,6088.0,440.0,263.0,284.0,4633.0,8105.0,1.0,5.0,408.62,23,15.089428251090707,408.62,458.62,2025-11-05,29.0,366.38,458.62,15.089428251090707,900.0,458.62,458.62,458.61999999999995,1.6231975978,86.72531102276547,25.517593306829642,70.18138146544557,0,14.874084919211246,8.41857004169925,182.65564292321923,32.67033515907296,70.18138146544557,14.173924926976525,86.72531102276547,25.517593306829642,28.923730294669326,28.47772968648808,8.433135015144071,33.8792315939407,8.959743864646901
347,2025-11-05 23:30:02.278,L_6vSQ==,PACKET_DATA,27.74,365.44,77.72,1.006,4.728,68.0,364.0,199.0,53.0,1635.0,116.0,69.0,75.0,1284.0,2049.0,1.0,5.0,101.16,23,7.38335423553085,101.16,151.16,2025-11-05,27.74,365.44,151.16,7.38335423553085,900.0,151.16,151.16,151.15999999999997,1.1493933943999999,28.05748613678373,7.019162045594577,23.813477979311823,0,7.176171134977894,8.721930101246455,182.65564292321923,33.237250216078294,23.813477979311823,7.87814909908208,28.05748613678373,7.019162045594577,28.923730294670136,28.47772968648808,8.428069656997607,33.8792315939407,8.959743864646901
348,2025-11-05 23:45:05.142,L_6vSQ==,PACKET_DATA,27.0,368.43,80.73,0.942,4.684,54.0,293.0,160.0,43.0,1317.0,93.0,55.0,61.0,1054.0,1646.0,1.0,5.0,87.48,23,6.926716929352574,87.48,137.48000000000002,2025-11-05,27.0,368.43,137.48000000000002,6.926716929352574,900.0,137.48000000000002,137.48000000000002,137.48000000000005,1.1141627432,25.638820204874612,6.212940068291537,21.875697156529974,0,6.710378731919216,8.936815630161213,182.65564292321923,31.621112451114193,21.875697156529974,6.599586757757853,25.638820204874612,6.212940068291537,28.923730294670886,28.47772968648808,8.444160019439128,33.8792315939407,8.959743864646901
349,2025-11-06 00:00:02.427,L_6vSQ==,PACKET_DATA,27.12,370.5,80.06,1.164,4.717,98.0,500.0,272.0,77.0,2353.0,168.0,100.0,110.0,1873.0,2995.0,1.0,5.0,155.53,0,9.82144689133771,155.53,205.53,2025-11-06,27.12,370.5,205.53,9.82144689133771,900.0,205.53,205.53,205.52999999999997,1.2836356142999998,38.180283299513384,10.354084989854016,31.899995302036416,0,9.95137158237709,8.917917371613138,182.65564292321923,33.29058326285882,31.899995302036416,9.953454305650537,38.180283299513384,10.354084989854016,28.92373029467158,28.47772968648808,8.455261802131373,33.8792315939407,8.959743864646901
350,2025-11-06 00:15:05.293,L_6vSQ==,PACKET_DATA,28.55,369.8,75.23,1.432,4.717,202.0,999.0,532.0,157.0,4808.0,347.0,207.0,225.0,3723.0,6340.0,1.0,5.0,320.7,0,13.960990543954436,320.7,370.7,2025-11-06,28.55,369.8,370.7,13.960990543954436,900.0,370.7,370.7,370.70000000000005,1.523244596,69.40665687320146,19.321997061960438,56.05206449096661,0,13.75081184793971,8.532770545277089,182.65564292321923,34.384001934736894,56.05206449096661,13.160224297367229,69.40665687320146,19.321997061960438,28.923730294672218,28.47772968648808,8.451511073100287,33.8792315939407,8.959743864646901
351,2025-11-06 00:30:02.510,L_6vSQ==,PACKET_DATA,27.62,369.08,77.67,1.086,4.721,85.0,455.0,247.0,67.0,2047.0,145.0,86.0,95.0,1611.0,2584.0,1.0,5.0,135.44,0,8.910666470260614,135.44,185.44,2025-11-06,27.62,369.08,185.44,8.910666470260614,900.0,185.44,185.44,185.44,1.2376760495999999,34.393900184842884,9.131300061614295,28.890070602354537,0,8.914037367160107,8.775097033608592,182.65564292321923,32.30712621515585,28.890070602354537,8.87865253397694,34.393900184842884,9.131300061614295,28.923730294672808,28.47772968648808,8.44764944499136,33.8792315939407,8.959743864646901
352,2025-11-06 00:45:05.305,L_6vSQ==,PACKET_DATA,28.5,369.0,75.36,1.412,4.72,170.0,835.0,449.0,132.0,4056.0,293.0,162.0,176.0,2926.0,4892.0,1.0,5.0,271.16,0,12.932301699900218,271.16,321.16,2025-11-06,28.5,369.0,321.16,12.932301699900218,900.0,321.16,321.16,321.16,1.4566489648,59.37919394851356,16.313758184554068,48.219130858934655,0,12.69394261128987,8.540444192223697,182.65564292321923,34.48997401806389,48.219130858934655,12.435469856850139,59.37919394851356,16.313758184554068,28.92373029467336,28.47772968648808,8.44722014241437,33.8792315939407,8.959743864646901
353,2025-11-06 01:00:02.638,L_6vSQ==,PACKET_DATA,28.25,368.4,75.44,1.316,4.72,155.0,769.0,447.0,214.0,3720.0,267.0,310.0,382.0,2812.0,4373.0,1.0,5.0,938.07,1,12.424018653920156,938.07,988.07,2025-11-06,28.25,368.4,988.07,12.424018653920156,900.0,988.07,600.0,600.0,1.783429,95.0,28.0,76.64513905509547,0,16.56380812484499,8.600037816903736,182.65564292321923,35.938013790744314,76.64513905509547,14.149310769423014,95.0,28.0,28.923730294673867,28.47772968648808,8.44399889526336,33.8792315939407,8.959743864646901
354,2025-11-06 01:15:03.060,L_6vSQ==,PACKET_DATA,26.55,372.18,80.84,-0.003,4.621,0.0,0.0,0.0,0.0,0.0,0.0,0.0,0.0,0.0,0.0,0.0,5.0,0.0,1,-1.0207394441866755,0.0,0.0,2025-11-06,26.55,372.18,0.0,-1.0207394441866755,900.0,0.0,0.0,0.0,0.0,19.0,4.0,16.55682351251732,0,0.0,9.061537050219567,182.65564292321923,34.72830171231937,16.55682351251732,0.659375375435415,19.0,4.0,28.923730294674336,28.47772968648808,8.464248809214881,33.8792315939407,8.959743864646901
355,2025-11-06 01:30:03.683,L_6vSQ==,PACKET_DATA,25.74,380.79,83.86,-0.003,4.559,0.0,0.0,0.0,0.0,0.0,0.0,0.0,0.0,0.0,0.0,0.0,5.0,0.0,1,-0.8897914312366719,0.0,0.0,2025-11-06,25.74,380.79,0.0,-0.8897914312366719,900.0,0.0,0.0,0.0,0.0,19.0,4.0,16.55682351251732,0,0.0,9.234516363545081,182.65564292321923,32.819621585599904,16.55682351251732,0.0,19.0,4.0,28.92373029467477,28.47772968648808,8.509970030572072,33.8792315939407,8.959743864646901
356,2025-11-06 01:45:04.447,L_6vSQ==,PACKET_DATA,25.25,388.71,85.66,-0.003,4.5,0.0,0.0,0.0,0.0,0.0,0.0,0.0,0.0,0.0,0.0,0.0,5.0,0.0,1,-0.8256115529826182,0.0,0.0,2025-11-06,25.25,388.71,0.0,-0.8256115529826182,900.0,0.0,0.0,0.0,0.0,19.0,4.0,16.55682351251732,0,0.0,9.304758199895529,182.65564292321923,31.737641913873595,16.55682351251732,0.0,19.0,4.0,28.92373029467517,28.47772968648808,8.551503244376173,33.8792315939407,8.959743864646901
357,2025-11-06 02:00:00.125,L_6vSQ==,PACKET_DATA,24.72,395.64,87.07,-0.003,4.44,0.0,0.0,0.0,0.0,0.0,0.0,0.0,0.0,0.0,0.0,0.0,5.0,0.0,2,-0.7611810215359256,0.0,0.0,2025-11-06,24.72,395.64,0.0,-0.7611810215359256,900.0,0.0,0.0,0.0,0.0,19.0,4.0,16.55682351251732,0,0.0,9.323940215527706,182.65564292321923,31.003904715714278,16.55682351251732,0.0,19.0,4.0,28.923730294675543,28.47772968648808,8.587407053093838,33.8792315939407,8.959743864646901
358,2025-11-06 02:15:00.792,L_6vSQ==,PACKET_DATA,24.5,399.75,87.98,-0.003,4.376,0.0,0.0,0.0,0.0,0.0,0.0,0.0,0.0,0.0,0.0,0.0,5.0,0.0,2,-0.7416129421698301,0.0,0.0,2025-11-06,24.5,399.75,0.0,-0.7416129421698301,900.0,0.0,0.0,0.0,0.0,19.0,4.0,16.55682351251732,0,0.0,9.324922233825538,182.65564292321923,30.431381151363077,16.55682351251732,0.0,19.0,4.0,28.923730294675885,28.47772968648808,8.608498450777148,33.8792315939407,8.959743864646901
359,2025-11-06 02:30:01.481,L_6vSQ==,PACKET_DATA,24.06,406.18,88.69,-0.003,4.316,0.0,0.0,0.0,0.0,0.0,0.0,0.0,0.0,0.0,0.0,0.0,5.0,0.0,2,-0.7043834758219223,0.0,0.0,2025-11-06,24.06,406.18,0.0,-0.7043834758219223,900.0,0.0,0.0,0.0,0.0,19.0,4.0,16.55682351251732,0,0.0,9.29333169004697,182.65564292321923,29.94565148841572,16.55682351251732,0.0,19.0,4.0,28.923730294676204,28.47772968648808,8.641180828825199,33.8792315939407,8.959743864646901
360,2025-11-06 02:45:02.167,L_6vSQ==,PACKET_DATA,23.94,411.0,89.48,-0.003,4.253,0.0,0.0,0.0,0.0,0.0,0.0,0.0,0.0,0.0,0.0,0.0,5.0,0.0,2,-0.7042846903301232,0.0,0.0,2025-11-06,23.94,411.0,0.0,-0.7042846903301232,900.0,0.0,0.0,0.0,0.0,19.0,4.0,16.55682351251732,0,0.0,9.2977613876052,182.65564292321923,29.5159208606036,16.55682351251732,0.0,19.0,4.0,28.9237302946765,28.47772968648808,8.665419320669766,33.8792315939407,8.959743864646901
361,2025-11-06 03:00:02.916,L_6vSQ==,PACKET_DATA,23.74,415.6,90.01,-0.003,4.201,0.0,0.0,0.0,0.0,0.0,0.0,0.0,0.0,0.0,0.0,0.0,5.0,0.0,3,-0.6961777271970568,0.0,0.0,2025-11-06,23.74,415.6,0.0,-0.6961777271970568,900.0,0.0,0.0,0.0,0.0,19.0,4.0,16.55682351251732,0,0.0,9.280975536898922,182.65564292321923,29.128397329241107,16.55682351251732,0.0,19.0,4.0,28.923730294676773,28.47772968648808,8.688335969488202,33.8792315939407,8.959743864646901
362,2025-11-06 03:15:03.634,L_6vSQ==,PACKET_DATA,23.74,417.75,90.46,-0.003,4.138,0.0,0.0,0.0,0.0,0.0,0.0,0.0,0.0,0.0,0.0,0.0,5.0,0.0,3,-0.7018580161846177,0.0,0.0,2025-11-06,23.74,417.75,0.0,-0.7018580161846177,900.0,0.0,0.0,0.0,0.0,19.0,4.0,16.55682351251732,0,0.0,9.293394264023464,182.65564292321923,28.7760093726245,16.55682351251732,0.0,19.0,4.0,28.92373029467702,28.47772968648808,8.698973052060799,33.8792315939407,8.959743864646901
363,2025-11-06 03:30:09.367,L_6vSQ==,PACKET_DATA,23.49,424.62,90.55,-0.004,4.081,0.0,0.0,0.0,0.0,0.0,0.0,0.0,0.0,0.0,0.0,0.0,5.0,0.0,3,-0.6970871376080208,0.0,0.0,2025-11-06,23.49,424.62,0.0,-0.6970871376080208,900.0,0.0,0.0,0.0,0.0,19.0,4.0,16.55682351251732,0,0.0,9.272426264837776,182.65564292321923,28.454426348018252,16.55682351251732,0.0,19.0,4.0,28.923730294677256,28.47772968648808,8.732637508272559,33.8792315939407,8.959743864646901
364,2025-11-06 03:45:05.007,L_6vSQ==,PACKET_DATA,23.25,430.56,90.4,-0.003,4.023,0.0,0.0,0.0,0.0,0.0,0.0,0.0,0.0,0.0,0.0,0.0,5.0,0.0,3,-0.6934149336032078,0.0,0.0,2025-11-06,23.25,430.56,0.0,-0.6934149336032078,900.0,0.0,0.0,0.0,0.0,19.0,4.0,16.55682351251732,0,0.0,9.24311187569176,182.65564292321923,28.16051102095396,16.55682351251732,0.0,19.0,4.0,28.923730294677473,28.47772968648808,8.761333985139485,33.8792315939407,8.959743864646901
365,2025-11-06 04:00:00.768,L_6vSQ==,PACKET_DATA,23.12,436.25,90.67,-0.004,3.968,0.0,0.0,0.0,0.0,0.0,0.0,0.0,0.0,0.0,0.0,0.0,5.0,0.0,4,-0.6984569700066086,0.0,0.0,2025-11-06,23.12,436.25,0.0,-0.6984569700066086,900.0,0.0,0.0,0.0,0.0,19.0,4.0,16.55682351251732,0,0.0,9.239474522895817,182.65564292321923,27.891711155775038,16.55682351251732,0.0,19.0,4.0,28.92373029467767,28.47772968648808,8.78845251637305,33.8792315939407,8.959743864646901
366,2025-11-06 04:15:01.450,L_6vSQ==,PACKET_DATA,23.05,438.1,90.61,-0.004,3.91,0.0,0.0,0.0,0.0,0.0,0.0,0.0,0.0,0.0,0.0,0.0,5.0,0.0,4,-0.6984589457114225,0.0,0.0,2025-11-06,23.05,438.1,0.0,-0.6984589457114225,900.0,0.0,0.0,0.0,0.0,19.0,4.0,16.55682351251732,0,0.0,9.23023632108059,182.65564292321923,27.645814262821702,16.55682351251732,0.0,19.0,4.0,28.923730294677856,28.47772968648808,8.797189596525246,33.8792315939407,8.959743864646901
367,2025-11-06 04:30:02.103,L_6vSQ==,PACKET_DATA,23.0,439.6,90.64,-0.003,3.851,0.0,0.0,0.0,0.0,0.0,0.0,0.0,0.0,0.0,0.0,0.0,5.0,0.0,4,-0.6990004156756839,0.0,0.0,2025-11-06,23.0,439.6,0.0,-0.6990004156756839,900.0,0.0,0.0,0.0,0.0,19.0,4.0,16.55682351251732,0,0.0,9.224495269597718,182.65564292321923,27.420843307260636,16.55682351251732,0.0,19.0,4.0,28.923730294678027,28.47772968648808,8.804244410299027,33.8792315939407,8.959743864646901
368,2025-11-06 04:45:02.789,L_6vSQ==,PACKET_DATA,22.74,442.83,90.72,-0.004,3.795,0.0,0.0,0.0,0.0,0.0,0.0,0.0,0.0,0.0,0.0,0.0,5.0,0.0,4,-0.6926309679470872,0.0,0.0,2025-11-06,22.74,442.83,0.0,-0.6926309679470872,900.0,0.0,0.0,0.0,0.0,19.0,4.0,16.55682351251732,0,0.0,9.167661976539508,182.65564292321923,27.215007608147214,16.55682351251732,0.0,19.0,4.0,28.923730294678187,28.47772968648808,8.819345614693864,33.8792315939407,8.959743864646901
369,2025-11-06 05:00:03.498,L_6vSQ==,PACKET_DATA,22.88,447.62,90.7,-0.003,3.739,0.0,0.0,0.0,0.0,0.0,0.0,0.0,0.0,0.0,0.0,0.0,5.0,0.0,5,-0.7108132675015781,0.0,0.0,2025-11-06,22.88,447.62,0.0,-0.7108132675015781,900.0,0.0,0.0,0.0,0.0,19.0,4.0,16.55682351251732,0,0.0,9.234878219814961,182.65564292321923,27.02667577780151,16.55682351251732,0.0,19.0,4.0,28.923730294678332,28.47772968648808,8.841509707116902,33.8792315939407,8.959743864646901
370,2025-11-06 05:15:04.219,L_6vSQ==,PACKET_DATA,22.56,449.56,90.68,-0.003,3.695,0.0,0.0,0.0,0.0,0.0,0.0,0.0,0.0,0.0,0.0,0.0,5.0,0.0,5,-0.7000918933103382,0.0,0.0,2025-11-06,22.56,449.56,0.0,-0.7000918933103382,900.0,0.0,0.0,0.0,0.0,19.0,4.0,16.55682351251732,0,0.0,9.15285372345044,182.65564292321923,26.854357852264734,16.55682351251732,0.0,19.0,4.0,28.923730294678467,28.47772968648808,8.850406657242843,33.8792315939407,8.959743864646901
371,2025-11-06 05:30:04.939,L_6vSQ==,PACKET_DATA,22.73,452.5,90.77,-0.003,3.643,0.0,0.0,0.0,0.0,0.0,0.0,0.0,0.0,0.0,0.0,0.0,5.0,0.0,5,-0.7141633888997401,0.0,0.0,2025-11-06,22.73,452.5,0.0,-0.7141633888997401,900.0,0.0,0.0,0.0,0.0,19.0,4.0,16.55682351251732,0,0.0,9.218499067801826,182.65564292321923,26.69669159849832,16.55682351251732,0.0,19.0,4.0,28.92373029467859,28.47772968648808,8.863800573220862,33.8792315939407,8.959743864646901
372,2025-11-06 05:45:00.638,L_6vSQ==,PACKET_DATA,22.49,455.5,90.95,-0.003,3.586,0.0,0.0,0.0,0.0,0.0,0.0,0.0,0.0,0.0,0.0,0.0,5.0,0.0,5,-0.7105113307336062,0.0,0.0,2025-11-06,22.49,455.5,0.0,-0.7105113307336062,900.0,0.0,0.0,0.0,0.0,19.0,4.0,16.55682351251732,0,0.0,9.165416330675923,182.65564292321923,26.552431010693667,16.55682351251732,0.0,19.0,4.0,28.92373029467871,28.47772968648808,8.877355692219668,33.8792315939407,8.959743864646901
373,2025-11-06 06:00:01.414,L_6vSQ==,PACKET_DATA,22.38,458.0,90.67,-0.003,3.533,0.0,0.0,0.0,0.0,0.0,0.0,0.0,0.0,0.0,0.0,0.0,5.0,0.0,6,-0.7119303034716165,0.0,0.0,2025-11-06,22.38,458.0,0.0,-0.7119303034716165,900.0,0.0,0.0,0.0,0.0,19.0,4.0,16.55682351251732,0,0.0,9.147475649214892,182.65564292321923,26.420436179949824,16.55682351251732,0.0,19.0,4.0,28.923730294678816,28.47772968648808,8.888563866013403,33.8792315939407,8.959743864646901
374,2025-11-06 06:15:02.039,L_6vSQ==,PACKET_DATA,22.44,459.44,90.86,-0.003,3.478,0.0,0.0,0.0,0.0,0.0,0.0,0.0,0.0,0.0,0.0,0.0,5.0,0.0,6,-0.7171354472265996,0.0,0.0,2025-11-06,22.44,459.44,0.0,-0.7171354472265996,900.0,0.0,0.0,0.0,0.0,19.0,4.0,16.55682351251732,0,0.0,9.172594969415616,182.65564292321923,26.299664177723287,16.55682351251732,0.0,19.0,4.0,28.923730294678915,28.47772968648808,8.894983145304515,33.8792315939407,8.959743864646901
375,2025-11-06 06:30:02.764,L_6vSQ==,PACKET_DATA,22.44,461.56,90.82,-0.003,3.429,0.0,0.0,0.0,0.0,0.0,0.0,0.0,0.0,0.0,0.0,0.0,5.0,0.0,6,-0.7216122624712629,0.0,0.0,2025-11-06,22.44,461.56,0.0,-0.7216122624712629,900.0,0.0,0.0,0.0,0.0,19.0,4.0,16.55682351251732,0,0.0,9.184149569377023,182.65564292321923,26.189160773202993,16.55682351251732,0.0,19.0,4.0,28.923730294679004,28.47772968648808,8.90438454106004,33.8792315939407,8.959743864646901
376,2025-11-06 06:45:03.464,L_6vSQ==,PACKET_DATA,22.12,465.5,90.73,-0.004,3.377,0.0,0.0,0.0,0.0,0.0,0.0,0.0,0.0,0.0,0.0,0.0,5.0,0.0,6,-0.7198194640504152,0.0,0.0,2025-11-06,22.12,465.5,0.0,-0.7198194640504152,900.0,0.0,0.0,0.0,0.0,19.0,4.0,16.55682351251732,0,0.0,9.115248409648338,182.65564292321923,26.088052877587387,16.55682351251732,0.0,19.0,4.0,28.92373029467909,28.47772968648808,8.921699364808353,33.8792315939407,8.959743864646901
377,2025-11-06 07:00:04.149,L_6vSQ==,PACKET_DATA,22.12,466.0,90.69,-0.003,3.323,0.0,0.0,0.0,0.0,0.0,0.0,0.0,0.0,0.0,0.0,0.0,5.0,0.0,7,-0.7208482569204904,0.0,0.0,2025-11-06,22.12,466.0,0.0,-0.7208482569204904,900.0,0.0,0.0,0.0,0.0,19.0,4.0,16.55682351251732,0,0.0,9.117965108509994,182.65564292321923,25.995541639529,16.55682351251732,0.0,19.0,4.0,28.923730294679167,28.47772968648808,8.923881871035558,33.8792315939407,8.959743864646901
378,2025-11-06 07:15:04.909,L_6vSQ==,PACKET_DATA,22.06,467.5,90.67,-0.004,3.273,0.0,0.0,0.0,0.0,0.0,0.0,0.0,0.0,0.0,0.0,0.0,5.0,0.0,7,-0.7223624331250793,0.0,0.0,2025-11-06,22.06,467.5,0.0,-0.7223624331250793,900.0,0.0,0.0,0.0,0.0,19.0,4.0,16.55682351251732,0,0.0,9.109696603364789,182.65564292321923,25.910896131008723,16.55682351251732,0.0,19.0,4.0,28.923730294679242,28.47772968648808,8.93040919162524,33.8792315939407,8.959743864646901
379,2025-11-06 07:30:00.641,L_6vSQ==,PACKET_DATA,22.0,469.0,90.67,-0.004,3.223,0.0,0.0,0.0,0.0,0.0,0.0,0.0,0.0,0.0,0.0,0.0,5.0,0.0,7,-0.7239378316216296,0.0,0.0,2025-11-06,22.0,469.0,0.0,-0.7239378316216296,900.0,0.0,0.0,0.0,0.0,19.0,4.0,16.55682351251732,0,0.0,9.1016388470213,182.65564292321923,25.83344757136682,16.55682351251732,0.0,19.0,4.0,28.92373029467931,28.47772968648808,8.936906047562662,33.8792315939407,8.959743864646901
380,2025-11-06 07:45:01.272,L_6vSQ==,PACKET_DATA,21.74,471.94,90.61,-0.003,3.175,0.0,0.0,0.0,0.0,0.0,0.0,0.0,0.0,0.0,0.0,0.0,5.0,0.0,7,-0.7243229508905866,0.0,0.0,2025-11-06,21.74,471.94,0.0,-0.7243229508905866,900.0,0.0,0.0,0.0,0.0,19.0,4.0,16.55682351251732,0,0.0,9.050515335442888,182.65564292321923,25.762584042934925,16.55682351251732,0.0,19.0,4.0,28.92373029467937,28.47772968648808,8.949550688157345,33.8792315939407,8.959743864646901
381,2025-11-06 08:00:02.019,L_6vSQ==,PACKET_DATA,21.99,477.31,90.7,-0.004,3.12,0.0,0.0,0.0,0.0,0.0,0.0,0.0,0.0,0.0,0.0,0.0,5.0,0.0,8,-0.7399603845512512,0.0,0.0,2025-11-06,21.99,477.31,0.0,-0.7399603845512512,900.0,0.0,0.0,0.0,0.0,19.0,4.0,16.55682351251732,0,0.0,9.143523319163709,182.65564292321923,25.69774565616271,16.55682351251732,0.0,19.0,4.0,28.92373029467943,28.47772968648808,8.972336920588713,33.8792315939407,8.959743864646901
382,2025-11-06 09:04:37.133,L_6vSQ==,PACKET_DATA,22.38,522.0,83.28,0.931,3.687,143.0,703.0,377.0,111.0,3425.0,249.0,145.0,161.0,2808.0,4322.0,1.0,5.0,227.5,9,12.97957990222889,227.5,277.5,2025-11-06,22.38,522.0,277.5,12.97957990222889,900.0,277.5,277.5,277.50000000000006,1.393772025,51.411790941896776,14.102947735474194,42.1032138410785,1,12.736099532308522,9.471013816110482,182.65564292321923,24.376275066903556,42.1032138410785,13.537389090903954,51.411790941896776,14.102947735474194,23.891819174013325,28.47772968648808,9.835118069301688,33.8792315939407,8.959743864646901
383,2025-11-06 09:15:05.234,L_6vSQ==,PACKET_DATA,23.62,513.0,79.25,1.19,4.689,143.0,696.0,375.0,112.0,3419.0,249.0,146.0,161.0,2763.0,4379.0,1.0,5.0,233.72,9,13.479580303394696,233.72,283.72,2025-11-06,23.62,513.0,283.72,13.479580303394696,900.0,283.72,283.72,283.71999999999997,1.4032905532,52.420589547094835,14.355147386773709,42.86092645242917,1,13.40547394473931,9.746445148502527,182.65564292321923,25.334445125124503,42.86092645242917,13.835752346628597,52.420589547094835,14.355147386773709,24.58624582251112,28.47772968648808,9.886063009222521,33.8792315939407,8.959743864646901
384,2025-11-06 09:30:02.396,L_6vSQ==,PACKET_DATA,25.49,498.85,74.39,1.332,4.718,210.0,1038.0,551.0,163.0,4986.0,363.0,214.0,234.0,3905.0,6517.0,1.0,5.0,337.42,9,16.303994937664672,337.42,387.42,2025-11-06,25.49,498.85,387.42,16.303994937664672,900.0,387.42,387.42,387.41999999999996,1.5457209576,72.77131587950012,20.331394763850035,58.68036148779407,1,16.536145334366722,9.827143433394946,182.65564292321923,26.03499617218006,58.68036148779407,16.59006333705897,72.77131587950012,20.331394763850035,25.019037947335867,28.47772968648808,9.8471026944083,33.8792315939407,8.959743864646901
385,2025-11-06 09:45:05.262,L_6vSQ==,PACKET_DATA,24.47,489.25,78.75,0.854,4.644,54.0,286.0,157.0,43.0,1309.0,94.0,55.0,61.0,1059.0,1629.0,1.0,5.0,88.51,9,7.693258504697545,88.51,138.51,2025-11-06,24.47,489.25,138.51,7.693258504697545,900.0,138.51,138.51,138.51,1.1168153433999999,25.82073472271282,6.273578240904274,22.021442982525148,1,7.309174259830131,9.780487430354873,182.65564292321923,32.51628254864349,22.021442982525148,7.377453383248433,25.82073472271282,6.273578240904274,25.357026413025125,28.47772968648808,9.799746051691187,33.8792315939407,8.959743864646901
386,2025-11-06 10:00:02.607,L_6vSQ==,PACKET_DATA,25.47,482.36,75.89,1.2,4.719,153.0,753.0,405.0,120.0,3658.0,266.0,156.0,172.0,2915.0,4727.0,1.0,5.0,251.54,10,14.061624741140882,251.54,301.54,2025-11-06,25.47,482.36,301.54,14.061624741140882,900.0,301.54,301.54,301.5400000000001,1.4302741912,55.38960510797512,15.116881532392537,45.102671108174164,1,14.149899362868185,9.764679303588721,182.65564292321923,34.62086932791229,45.102671108174164,13.594099863031275,55.38960510797512,15.116881532392537,25.651145923654976,28.47772968648808,9.748362000481352,33.8792315939407,8.959743864646901
387,2025-11-06 10:15:05.445,L_6vSQ==,PACKET_DATA,27.06,470.88,71.26,1.411,4.72,251.0,1242.0,654.0,194.0,5920.0,431.0,236.0,255.0,4183.0,7184.0,1.0,5.0,409.48,10,17.307180693383764,409.48,459.48,2025-11-06,27.06,470.88,459.48,17.307180693383764,900.0,459.48,459.48,459.4800000000001,1.6240861412,86.89540932376038,25.568622797128114,70.31425343043027,1,17.410956559287015,9.419386322256655,182.65564292321923,35.85173105639046,70.31425343043027,15.216969151913489,86.89540932376038,25.568622797128114,25.917731223947065,28.47772968648808,9.667964265140643,33.8792315939407,8.959743864646901
388,2025-11-06 10:30:02.752,L_6vSQ==,PACKET_DATA,25.48,461.15,77.76,0.853,4.674,54.0,284.0,156.0,43.0,1304.0,93.0,55.0,60.0,1048.0,1630.0,1.0,5.0,87.44,10,7.489172801888552,87.44,137.44,2025-11-06,25.48,461.15,137.44,7.489172801888552,900.0,137.44,137.44,137.43999999999997,1.1140597295999999,25.631755563405154,6.210585187801717,21.870037124452477,1,7.152946701673364,9.673113530794366,182.65564292321923,33.24551865751895,21.870037124452477,7.6644156412305415,25.631755563405154,6.210585187801717,26.162728207709694,28.47772968648808,9.586938509564414,33.8792315939407,8.959743864646901
389,2025-11-06 10:45:05.566,L_6vSQ==,PACKET_DATA,25.99,452.88,75.62,1.209,4.715,149.0,749.0,402.0,116.0,3547.0,257.0,169.0,185.0,3151.0,5145.0,1.0,5.0,228.26,10,13.12043284531176,228.26,278.26,2025-11-06,25.99,452.88,278.26,13.12043284531176,900.0,278.26,278.26,278.26,1.3949350606,51.53505250780521,14.133763126951303,42.19579608941073,1,13.135331961955334,9.579078397387923,182.65564292321923,35.245244762826296,42.19579608941073,12.713313942872198,51.53505250780521,14.133763126951303,26.388908753060242,28.47772968648808,9.507110499250912,33.8792315939407,8.959743864646901
390,2025-11-06 11:00:02.901,L_6vSQ==,PACKET_DATA,27.06,442.67,72.73,1.311,4.721,196.0,947.0,508.0,152.0,4645.0,339.0,200.0,218.0,3637.0,6114.0,1.0,5.0,310.32,11,15.08012562100099,310.32,360.32,2025-11-06,27.06,442.67,360.32,15.08012562100099,900.0,360.32,360.32,360.32000000000005,1.5092909696,67.31783148531987,18.695349445595962,54.42038250370171,1,15.088999011423986,9.299661655258545,182.65564292321923,36.31964519118908,54.42038250370171,13.528725160247303,67.31783148531987,18.695349445595962,26.598024827266208,28.47772968648808,9.415516332185472,33.8792315939407,8.959743864646901
391,2025-11-06 11:15:00.142,L_6vSQ==,PACKET_DATA,26.31,435.9,77.48,1.006,4.718,89.0,444.0,243.0,70.0,2146.0,155.0,91.0,100.0,1723.0,2742.0,1.0,5.0,141.95,11,9.83183979307726,141.95,191.95,2025-11-06,26.31,435.9,191.95,9.83183979307726,900.0,191.95,191.95,191.95000000000002,1.254441513,35.59722735674677,9.53240911891559,29.85414930643879,1,9.962577161828674,9.445052285065447,182.65564292321923,33.391517599550504,29.85414930643879,10.065054730614602,35.59722735674677,9.53240911891559,26.79145542503464,28.47772968648808,9.338131489673243,33.8792315939407,8.959743864646901
392,2025-11-06 11:30:02.943,L_6vSQ==,PACKET_DATA,26.62,427.25,76.5,1.18,4.719,138.0,705.0,379.0,108.0,3299.0,239.0,141.0,154.0,2605.0,4238.0,1.0,5.0,221.9,11,12.64178150706675,221.9,271.9,2025-11-06,26.62,427.25,271.9,12.64178150706675,900.0,271.9,271.9,271.9,1.385202289,50.50354782467664,13.87588695616916,41.42102885336727,1,12.599789469854054,9.337942799168319,182.65564292321923,35.36236396242613,41.42102885336727,12.29440216737202,50.50354782467664,13.87588695616916,26.970404364204683,28.47772968648808,9.251877094871322,33.8792315939407,8.959743864646901
393,2025-11-06 11:45:00.211,L_6vSQ==,PACKET_DATA,27.37,418.08,74.2,1.261,4.723,180.0,876.0,471.0,140.0,4287.0,313.0,185.0,201.0,3364.0,5624.0,1.0,5.0,285.56,11,14.16094834712506,285.56,335.56,2025-11-06,27.37,418.08,335.56,14.16094834712506,900.0,335.56,335.56,335.56,1.4760065968,62.30733254707389,17.19219976412217,50.5064407677497,1,14.071194528983778,9.099221136718679,182.65564292321923,36.39139910086227,50.5064407677497,12.876102217619117,62.30733254707389,17.19219976412217,27.13596397195095,28.47772968648808,9.163616000636221,33.8792315939407,8.959743864646901
394,2025-11-06 12:00:03.062,L_6vSQ==,PACKET_DATA,26.28,415.6,78.45,0.964,4.726,79.0,407.0,223.0,62.0,1902.0,137.0,81.0,89.0,1522.0,2409.0,1.0,5.0,123.48,12,8.933166218612408,123.48,173.48000000000002,2025-11-06,26.28,415.6,173.48000000000002,8.933166218612408,900.0,173.48000000000002,173.48000000000002,173.47999999999996,1.2068749831999999,32.183179297597036,8.394393099199013,27.118890679029246,1,8.855883761527084,9.35044424256981,182.65564292321923,33.589633234160885,27.118890679029246,9.214471459974979,32.183179297597036,8.394393099199013,27.289138484208134,28.47772968648808,9.109587513154473,33.8792315939407,8.959743864646901
395,2025-11-06 12:15:00.359,L_6vSQ==,PACKET_DATA,27.27,408.78,76.22,1.216,4.722,162.0,778.0,421.0,127.0,3866.0,282.0,166.0,182.0,3060.0,5064.0,1.0,5.0,264.35,12,13.547596714353022,264.35,314.35,2025-11-06,27.27,408.78,314.35,13.547596714353022,900.0,314.35,314.35,314.34999999999997,1.447494418,57.99442840294439,15.898328520883318,47.137423881224194,1,13.451198135309795,9.080986268613279,182.65564292321923,35.74531704262534,47.137423881224194,12.721040946900208,57.99442840294439,15.898328520883318,27.43085511866328,28.47772968648808,9.036312446515504,33.8792315939407,8.959743864646901
396,2025-11-06 12:30:03.237,L_6vSQ==,PACKET_DATA,28.05,402.33,73.39,1.296,4.716,204.0,972.0,523.0,159.0,4848.0,355.0,210.0,228.0,3778.0,6440.0,1.0,5.0,327.92,12,14.717093957205572,327.92,377.92,2025-11-06,28.05,402.33,377.92,14.717093957205572,900.0,377.92,377.92,377.92,1.5329502976,70.85957780773953,19.757873342321858,57.18701092141484,1,14.60754934049337,8.83054704264964,182.65564292321923,36.851964203730816,57.18701092141484,12.882114721244056,70.85957780773953,19.757873342321858,27.56197117068442,28.47772968648808,8.966985161436856,33.8792315939407,8.959743864646901
397,2025-11-06 12:45:00.497,L_6vSQ==,PACKET_DATA,27.99,398.1,74.42,1.204,4.718,161.0,780.0,422.0,125.0,3824.0,279.0,165.0,179.0,3001.0,5021.0,1.0,5.0,251.5,12,12.930237285778574,251.5,301.5,2025-11-06,27.99,398.1,301.5,12.930237285778574,900.0,301.5,301.5,301.49999999999994,1.43022042,55.38147138964576,15.114441416893728,45.096317469538555,1,12.781651897554356,8.82558842210678,182.65564292321923,33.83401567675725,45.096317469538555,12.494700158491865,55.38147138964576,15.114441416893728,27.68327964098946,28.47772968648808,8.911262787010816,33.8792315939407,8.959743864646901
398,2025-11-06 13:00:03.305,L_6vSQ==,PACKET_DATA,27.62,392.75,75.25,1.167,4.721,141.0,705.0,381.0,110.0,3352.0,243.0,144.0,157.0,2633.0,4348.0,1.0,5.0,223.27,13,12.170291791703889,223.27,273.27,2025-11-06,27.62,392.75,273.27,12.170291791703889,900.0,273.27,273.27,273.27,1.3872988137,50.7257430158537,13.931435753963425,41.5879205378609,1,12.023870881087202,8.901489599786725,182.65564292321923,32.382646852088634,41.5879205378609,11.546697368006871,50.7257430158537,13.931435753963425,27.79551416324962,28.47772968648808,8.8522240903268,33.8792315939407,8.959743864646901
399,2025-11-06 13:15:00.637,L_6vSQ==,PACKET_DATA,27.55,387.5,76.17,1.146,4.719,132.0,664.0,360.0,103.0,3157.0,229.0,135.0,147.0,2487.0,4082.0,1.0,5.0,207.41,13,11.652169703585788,207.41,257.41,2025-11-06,27.55,387.5,257.41,11.652169703585788,900.0,257.41,257.41,257.40999999999997,1.3630280971,48.15346875886956,13.28836718971739,39.65587519766448,1,11.522525427895221,8.893632769121021,182.65564292321923,31.559904716051523,39.65587519766448,10.943320119233316,48.15346875886956,13.28836718971739,27.899353480006194,28.47772968648808,8.79599847786806,33.8792315939407,8.959743864646901
400,2025-11-06 13:30:03.496,L_6vSQ==,PACKET_DATA,27.5,382.92,77.48,1.094,4.721,116.0,582.0,316.0,91.0,2766.0,200.0,118.0,129.0,2192.0,3559.0,1.0,5.0,186.13,13,10.927960753887422,186.13,236.13,2025-11-06,27.5,382.92,236.13,10.927960753887422,900.0,236.13,236.13,236.13000000000005,1.3304631003,44.20877085836995,12.162631257510986,36.609136916890456,1,10.861223765464706,8.883263234061218,182.65564292321923,31.00196769978549,36.609136916890456,10.268401953128077,44.20877085836995,12.162631257510986,27.995425559045497,28.47772968648808,8.745498899533478,33.8792315939407,8.959743864646901
401,2025-11-06 13:45:00.762,L_6vSQ==,PACKET_DATA,27.01,380.5,79.7,0.995,4.723,90.0,447.0,245.0,70.0,2151.0,155.0,91.0,100.0,1721.0,2748.0,1.0,5.0,137.54,13,9.204943020820378,137.54,187.54,2025-11-06,27.01,380.5,187.54,9.204943020820378,900.0,187.54,187.54,187.54,1.2430842636,34.78207024029575,9.260690080098584,29.201063732704295,1,9.251129545378923,9.00143309362763,182.65564292321923,30.566618244916032,29.201063732704295,8.640566998647104,34.78207024029575,9.260690080098584,28.084311394500716,28.47772968648808,8.708559950785627,33.8792315939407,8.959743864646901
402,2025-11-06 14:00:03.579,L_6vSQ==,PACKET_DATA,26.73,380.0,80.2,0.963,4.724,82.0,417.0,229.0,65.0,1980.0,143.0,84.0,92.0,1588.0,2518.0,1.0,5.0,133.38,14,9.08704993305492,133.38,183.38,2025-11-06,26.73,380.0,183.38,9.08704993305492,900.0,183.38,183.38,183.37999999999997,1.2323708491999998,34.01312384473197,9.004374614910658,28.585001150678103,1,9.103369255114774,9.066405321172164,182.65564292321923,30.197267257210065,28.585001150678103,8.421354859959711,34.01312384473197,9.004374614910658,28.166548521436262,28.47772968648808,8.683880488346986,33.8792315939407,8.959743864646901
403,2025-11-06 14:15:00.851,L_6vSQ==,PACKET_DATA,26.49,379.17,81.67,0.897,4.726,65.0,326.0,180.0,51.0,1563.0,113.0,66.0,73.0,1263.0,1978.0,1.0,5.0,101.56,14,7.735954860142152,101.56,151.56,2025-11-06,26.49,379.17,151.56,7.735954860142152,900.0,151.56,151.56,151.56,1.1504235304,28.13142329020333,7.04380776340111,23.872714766045117,1,7.542441206395935,9.113509579998096,182.65564292321923,29.870498183921832,23.872714766045117,6.901523978643901,28.13142329020333,7.04380776340111,28.242634266886338,28.47772968648808,8.659435872769372,33.8792315939407,8.959743864646901
404,2025-11-06 14:30:03.723,L_6vSQ==,PACKET_DATA,26.74,379.0,80.8,1.062,4.72,103.0,515.0,281.0,80.0,2462.0,178.0,105.0,115.0,1969.0,3153.0,1.0,5.0,157.35,14,10.024674537399962,157.35,207.35,2025-11-06,26.74,379.0,207.35,10.024674537399962,900.0,207.35,207.35,207.35000000000002,1.2864207785,38.538840402687214,10.461652120806164,32.18008150265846,1,10.162377229278574,9.058546250908956,182.65564292321923,31.548233324475532,32.18008150265846,9.550287466369543,38.538840402687214,10.461652120806164,28.313028757519753,28.47772968648808,8.640301700749415,33.8792315939407,8.959743864646901
405,2025-11-06 14:45:00.955,L_6vSQ==,PACKET_DATA,26.87,377.57,81.21,1.022,4.721,97.0,497.0,270.0,76.0,2318.0,167.0,98.0,108.0,1844.0,2949.0,1.0,5.0,154.35,14,9.876932098750904,154.35,204.35,2025-11-06,26.87,377.57,204.35,9.876932098750904,900.0,204.35,204.35,204.35000000000002,1.2818298485,37.947812210642454,10.284343663192736,31.718400952182574,1,10.031493953034689,9.019951332939058,182.65564292321923,32.298990678500594,31.718400952182574,9.660580816669235,37.947812210642454,10.284343663192736,28.378157702271807,28.47772968648808,8.616180258079368,33.8792315939407,8.959743864646901
406,2025-11-06 15:00:03.794,L_6vSQ==,PACKET_DATA,28.25,372.5,75.96,1.332,4.721,208.0,984.0,530.0,161.0,4924.0,360.0,213.0,231.0,3835.0,6552.0,1.0,5.0,325.41,15,14.174259111614283,325.41,375.41,2025-11-06,28.25,372.5,375.41,14.174259111614283,900.0,375.41,375.41,375.40999999999997,1.5295761548,70.3544764856217,19.606342945686514,56.79245198229778,1,13.992644851727313,8.622050751343485,182.65564292321923,32.98582757133342,56.79245198229778,13.290274105823954,70.3544764856217,19.606342945686514,28.438414966816676,28.47772968648808,8.574209365927059,33.8792315939407,8.959743864646901
407,2025-11-06 15:15:01.046,L_6vSQ==,PACKET_DATA,27.5,369.33,77.9,1.06,4.721,101.0,521.0,284.0,79.0,2424.0,175.0,103.0,113.0,1912.0,3103.0,1.0,5.0,157.93,15,9.817517220088073,157.93,207.93,2025-11-06,27.5,369.33,207.93,9.817517220088073,900.0,207.93,207.93,207.93000000000006,1.2873083583,38.653105853149206,10.495931755944763,32.26933974241713,1,9.910105050272216,8.809575145864557,182.65564292321923,32.36604525407491,32.26933974241713,9.697902268501696,38.653105853149206,10.495931755944763,28.494164955462683,28.47772968648808,8.543624583233557,33.8792315939407,8.959743864646901
408,2025-11-06 15:30:03.963,L_6vSQ==,PACKET_DATA,27.12,368.0,79.9,0.987,4.721,88.0,456.0,249.0,69.0,2122.0,153.0,90.0,99.0,1686.0,2695.0,1.0,5.0,138.02,15,9.124041633286732,138.02,188.02,2025-11-06,27.12,368.0,188.02,9.124041633286732,900.0,188.02,188.02,188.01999999999998,1.2443204267999999,34.87079482439926,9.29026494146642,29.27214787678424,1,9.171801698379971,8.903918963840747,182.65564292321923,30.92083676807936,29.27214787678424,8.624137134047576,34.87079482439926,9.29026494146642,28.545744814878994,28.47772968648808,8.524124767079254,33.8792315939407,8.959743864646901
409,2025-11-06 15:45:01.216,L_6vSQ==,PACKET_DATA,28.19,366.83,76.02,1.302,4.719,186.0,912.0,491.0,145.0,4421.0,322.0,190.0,207.0,3443.0,5817.0,1.0,5.0,297.6,15,13.568106473127312,297.6,347.6,2025-11-06,28.19,366.83,347.6,13.568106473127312,900.0,347.6,347.6,347.6000000000001,1.492191728,64.75558176420351,17.926674529261057,52.418885997064514,1,13.342730125128877,8.60726200820784,182.65564292321923,33.20914947746148,52.418885997064514,12.760055629659114,64.75558176420351,17.926674529261057,28.593466472981945,28.47772968648808,8.506617601302835,33.8792315939407,8.959743864646901
410,2025-11-06 16:00:04.021,L_6vSQ==,PACKET_DATA,28.74,362.83,75.42,1.229,4.717,175.0,857.0,462.0,136.0,4147.0,302.0,179.0,194.0,3225.0,5461.0,1.0,5.0,275.33,16,12.87606095739205,275.33,325.33,2025-11-06,28.74,362.83,325.33,12.87606095739205,900.0,325.33,325.33,325.33,1.4622546124,60.22713408434665,16.568140225303996,48.88149768669568,1,12.620979385979517,8.452019465204527,182.65564292321923,32.018160228100555,48.88149768669568,12.20229067455029,60.22713408434665,16.568140225303996,28.63761852531141,28.47772968648808,8.474857444076346,33.8792315939407,8.959743864646901
411,2025-11-06 16:15:06.868,L_6vSQ==,PACKET_DATA,27.98,361.0,77.74,1.06,4.721,221.0,630.0,386.0,174.0,5322.0,411.0,236.0,260.0,4500.0,7532.0,1.0,5.0,362.9,16,14.679080293608386,362.9,412.9,2025-11-06,27.98,361.0,412.9,14.679080293608386,900.0,412.9,412.9,412.9000000000001,1.575960151,77.80242013929421,22.120968055717682,62.77879173717837,1,14.530332937010773,8.631701772532177,182.65564292321923,34.555036304586785,62.77879173717837,13.472232173092763,77.80242013929421,22.120968055717682,28.67846798030517,28.47772968648808,8.455703364087695,33.8792315939407,8.959743864646901
412,2025-11-06 16:30:04.114,L_6vSQ==,PACKET_DATA,29.4,356.92,72.89,1.388,4.717,243.0,1197.0,636.0,188.0,5728.0,417.0,248.0,268.0,4369.0,7652.0,1.0,5.0,383.67,16,14.463708830604824,383.67,433.67,2025-11-06,29.4,356.92,433.67,14.463708830604824,900.0,433.67,433.67,433.66999999999996,1.5974195073,81.84311894478813,23.737247577915255,66.1779747248969,1,14.242952503546014,8.303986154430719,182.65564292321923,35.74955246075959,66.1779747248969,13.215894368278072,81.84311894478813,23.737247577915255,28.716261874025793,28.47772968648808,8.425125289422628,33.8792315939407,8.959743864646901
413,2025-11-06 16:45:01.350,L_6vSQ==,PACKET_DATA,27.94,354.17,78.42,0.878,4.727,64.0,332.0,183.0,50.0,1526.0,109.0,65.0,71.0,1209.0,1933.0,1.0,5.0,96.45,16,7.070637482128268,96.45,146.45,2025-11-06,27.94,354.17,146.45,7.070637482128268,900.0,146.45,146.45,146.45000000000002,1.137263543,27.22306605439774,6.741022018132581,23.144959349905513,1,6.875000065520634,8.604758524209512,182.65564292321923,32.99736926963131,23.144959349905513,7.532024613579817,27.22306605439774,6.741022018132581,28.751228764105086,28.47772968648808,8.402481135159494,33.8792315939407,8.959743864646901
414,2025-11-06 17:00:04.237,L_6vSQ==,PACKET_DATA,27.99,353.78,78.83,1.076,4.724,116.0,581.0,316.0,90.0,2765.0,200.0,118.0,129.0,2187.0,3567.0,1.0,5.0,177.59,17,10.27177678509684,177.59,227.59,2025-11-06,27.99,353.78,227.59,10.27177678509684,900.0,227.59,227.59,227.59000000000006,1.3173942529,42.52631060501587,11.657893181504761,35.29488628320244,1,10.206423801600405,8.589067908974982,182.65564292321923,34.76701101188595,35.29488628320244,10.62885732519313,42.52631060501587,11.657893181504761,28.783580111940676,28.47772968648808,8.393410121365154,33.8792315939407,8.959743864646901
415,2025-11-06 17:15:01.522,L_6vSQ==,PACKET_DATA,28.25,355.0,78.8,1.123,4.724,124.0,620.0,337.0,97.0,2966.0,215.0,127.0,138.0,2337.0,3834.0,1.0,5.0,195.79,17,10.804994626960683,195.79,245.79,2025-11-06,28.25,355.0,245.79,10.804994626960683,900.0,245.79,245.79,245.78999999999996,1.3452458949,46.11188163675406,12.73356449102622,38.095748289422794,1,10.649539667571029,8.527015562317075,182.65564292321923,35.617824460871915,38.095748289422794,11.009209498120441,46.11188163675406,12.73356449102622,28.813511561503567,28.47772968648808,8.393763935247438,33.8792315939407,8.959743864646901
416,2025-11-06 17:30:04.303,L_6vSQ==,PACKET_DATA,29.48,352.45,74.66,1.347,4.719,223.0,1075.0,576.0,173.0,5288.0,387.0,229.0,247.0,4065.0,7058.0,1.0,5.0,352.6,17,13.918930142272927,352.6,402.6,2025-11-06,29.48,352.45,402.6,13.918930142272927,900.0,402.6,402.6,402.6000000000001,1.565318294,75.79860705809114,21.319442823236457,61.09311119921491,1,13.730076940914007,8.269629722511675,182.65564292321923,36.33502240644174,61.09311119921491,12.672845906679594,75.79860705809114,21.319442823236457,28.841204122490165,28.47772968648808,8.374062818870653,33.8792315939407,8.959743864646901
417,2025-11-06 17:45:01.606,L_6vSQ==,PACKET_DATA,28.73,351.25,76.72,1.11,4.721,126.0,621.0,339.0,99.0,3021.0,219.0,129.0,141.0,2370.0,3938.0,1.0,5.0,202.26,17,10.833032256231231,202.26,252.26,2025-11-06,28.73,351.25,252.26,10.833032256231231,900.0,252.26,252.26,252.26,1.3551470006,47.318209463568905,13.079552365892226,39.02850864646577,1,10.649973129667417,8.391093485913713,182.65564292321923,33.194191111556606,39.02850864646577,10.752486372009653,47.318209463568905,13.079552365892226,28.866825264973933,28.47772968648808,8.362242971057622,33.8792315939407,8.959743864646901
418,2025-11-06 18:00:04.476,L_6vSQ==,PACKET_DATA,29.25,349.0,75.28,1.265,4.72,183.0,872.0,473.0,142.0,4345.0,318.0,188.0,203.0,3377.0,5763.0,1.0,5.0,284.96,18,12.737039344251016,284.96,334.96,2025-11-06,29.25,349.0,334.96,12.737039344251016,900.0,334.96,334.96,334.96,1.4752000288,62.18532677213387,17.15559803164016,50.411136188215735,1,12.464680023793301,8.281492047304983,182.65564292321923,35.432084894394386,50.411136188215735,12.236810059578385,62.18532677213387,17.15559803164016,28.89052993217648,28.47772968648808,8.345105379583037,33.8792315939407,8.959743864646901
419,2025-11-06 18:15:01.654,L_6vSQ==,PACKET_DATA,28.88,348.75,77.03,1.131,4.722,130.0,659.0,357.0,102.0,3105.0,225.0,133.0,144.0,2422.0,4024.0,1.0,5.0,208.14,18,10.939780827786262,208.14,258.14,2025-11-06,28.88,348.75,258.14,10.939780827786262,900.0,258.14,258.14,258.14,1.3641452234,48.27186473665004,13.31796618416251,39.74480288356255,1,10.740345520603652,8.345845203804306,182.65564292321923,32.63338110503396,39.74480288356255,10.71738157470974,48.27186473665004,13.31796618416251,28.912461477482843,28.47772968648808,8.339368447571987,33.8792315939407,8.959743864646901
420,2025-11-06 18:30:04.501,L_6vSQ==,PACKET_DATA,29.44,346.71,75.58,1.278,4.721,187.0,909.0,490.0,145.0,4426.0,323.0,191.0,207.0,3424.0,5853.0,1.0,5.0,292.75,18,12.801543140726356,292.75,342.75,2025-11-06,29.44,346.71,342.75,12.801543140726356,900.0,342.75,342.75,342.75,1.48567197,63.76936841677173,17.630810525031517,51.64850731249833,1,12.533797653147499,8.242675714482777,182.65564292321923,34.90234794465817,51.64850731249833,12.37395865245864,63.76936841677173,17.630810525031517,28.932752531367505,28.47772968648808,8.324152465747103,33.8792315939407,8.959743864646901
421,2025-11-06 18:45:01.738,L_6vSQ==,PACKET_DATA,28.98,344.0,77.23,1.083,4.724,120.0,615.0,334.0,93.0,2854.0,206.0,122.0,133.0,2226.0,3677.0,1.0,5.0,182.19,18,10.066765020153676,182.19,232.19,2025-11-06,28.98,344.0,232.19,10.066765020153676,900.0,232.19,232.19,232.19000000000003,1.3244336789,43.43255383281783,11.92976614984535,36.00279646059879,1,9.972828458438011,8.300117479748875,182.65564292321923,32.06388818448754,36.00279646059879,9.953897659820122,43.43255383281783,11.92976614984535,28.95152580347392,28.47772968648808,8.305554632357415,33.8792315939407,8.959743864646901
422,2025-11-06 19:00:04.578,L_6vSQ==,PACKET_DATA,28.12,344.36,79.5,0.98,4.725,83.0,414.0,228.0,65.0,1982.0,143.0,84.0,92.0,1576.0,2536.0,1.0,5.0,129.28,19,8.38563307207507,129.28,179.28,2025-11-06,28.12,344.36,179.28,8.38563307207507,900.0,179.28,179.28,179.28000000000003,1.2218119552,33.255268022181156,8.751756007393718,27.977824086661922,1,8.342672307693949,8.501743591093692,182.65564292321923,30.69883773078771,27.977824086661922,8.068219879646962,33.255268022181156,8.751756007393718,28.968894824697983,28.47772968648808,8.30421523678602,33.8792315939407,8.959743864646901
423,2025-11-06 19:15:01.847,L_6vSQ==,PACKET_DATA,29.98,343.7,73.2,1.409,4.719,261.0,1274.0,677.0,202.0,6154.0,449.0,267.0,287.0,4664.0,8256.0,1.0,5.0,412.49,19,14.3427861389709,412.49,462.49,2025-11-06,29.98,343.7,462.49,14.3427861389709,900.0,462.49,462.49,462.4900000000001,1.6271960431,87.49075337724246,25.747226013172735,70.77930530787664,1,14.135266590430843,8.183811158656603,182.65564292321923,33.38774443410046,70.77930530787664,13.693964949338623,87.49075337724246,25.747226013172735,28.98496463376334,28.47772968648808,8.297521674156622,33.8792315939407,8.959743864646901
424,2025-11-06 19:30:04.717,L_6vSQ==,PACKET_DATA,29.62,341.75,74.14,1.208,4.722,168.0,826.0,447.0,131.0,3992.0,290.0,172.0,186.0,3084.0,5265.0,1.0,5.0,265.14,19,12.096991250194137,265.14,315.14,2025-11-06,29.62,341.75,315.14,12.096991250194137,900.0,315.14,315.14,315.1400000000001,1.4485563992000001,58.155069339948774,15.946520801984631,47.26290824427727,1,11.852963111292889,8.195515084405693,182.65564292321923,33.27445820256125,47.26290824427727,11.846999175248044,58.155069339948774,15.946520801984631,28.999832412440426,28.47772968648808,8.283942719238976,33.8792315939407,8.959743864646901
425,2025-11-06 19:45:01.848,L_6vSQ==,PACKET_DATA,30.88,338.88,71.31,1.424,4.718,254.0,1234.0,657.0,196.0,5977.0,436.0,260.0,279.0,4518.0,8040.0,1.0,5.0,395.55,19,13.755474247835624,395.55,445.55,2025-11-06,30.88,338.88,445.55,13.755474247835624,900.0,445.55,445.55,445.55,1.6096938045,84.15431306174858,24.66172522469943,68.12223538421789,1,13.647175665026538,8.202913583169707,182.65564292321923,35.91143107206797,68.12223538421789,12.910805885568735,84.15431306174858,24.66172522469943,29.013588073250816,28.47772968648808,8.265471626530042,33.8792315939407,8.959743864646901
426,2025-11-06 20:00:04.771,L_6vSQ==,PACKET_DATA,28.88,339.3,77.73,0.862,4.726,61.0,329.0,180.0,48.0,1470.0,105.0,62.0,68.0,1153.0,1855.0,1.0,5.0,94.93,20,6.711214577062865,94.93,144.93,2025-11-06,28.88,339.3,144.93,6.711214577062865,900.0,144.93,144.93,144.92999999999998,1.1333490261999999,26.95460967855881,6.651536559519604,22.92987813096116,1,6.583822739179242,8.293601751275965,182.65564292321923,33.11158913511388,22.92987813096116,7.471516371793054,26.95460967855881,6.651536559519604,29.026314803210965,28.47772968648808,8.26546101690626,33.8792315939407,8.959743864646901
427,2025-11-06 20:15:01.994,L_6vSQ==,PACKET_DATA,28.88,339.0,77.32,1.143,4.722,130.0,658.0,357.0,102.0,3104.0,224.0,133.0,144.0,2427.0,4016.0,1.0,5.0,207.05,20,10.808829624407704,207.05,257.05,2025-11-06,28.88,339.0,257.05,10.808829624407704,900.0,257.05,257.05,257.05,1.3624771855,48.09508170133398,13.273770425333495,39.61202044845448,1,10.605897734596205,8.291934983216809,182.65564292321923,35.01500402391545,39.61202044845448,11.005472814609796,48.09508170133398,13.273770425333495,29.038089566903615,28.47772968648808,8.261647032026953,33.8792315939407,8.959743864646901
428,2025-11-06 20:30:04.793,L_6vSQ==,PACKET_DATA,27.99,340.83,80.46,0.838,4.67,55.0,291.0,160.0,43.0,1329.0,95.0,56.0,61.0,1057.0,1671.0,1.0,5.0,82.42,20,6.354392964664028,82.42,132.42000000000002,2025-11-06,27.99,340.83,132.42000000000002,6.354392964664028,900.0,132.42000000000002,132.42000000000002,132.42000000000004,1.1011315228,24.745143058989765,5.915047686329922,21.159703098728382,1,6.199932950550123,8.516276592539764,182.65564292321923,32.64424439335893,21.159703098728382,6.786047520221999,24.745143058989765,5.915047686329922,29.048983571919187,28.47772968648808,8.269826608323369,33.8792315939407,8.959743864646901
429,2025-11-06 20:45:02.035,L_6vSQ==,PACKET_DATA,28.26,345.56,79.72,1.104,4.72,120.0,616.0,333.0,93.0,2854.0,206.0,122.0,133.0,2239.0,3659.0,1.0,5.0,183.43,20,10.32176439004378,183.43,233.43,2025-11-06,28.26,345.56,233.43,10.32176439004378,900.0,233.43,233.43,233.43,1.3263312633,43.67684548552966,12.003053645658898,36.193624421462154,1,10.21434008629767,8.472082340957689,182.65564292321923,34.4404046412427,36.193624421462154,10.593754942301807,43.67684548552966,12.003053645658898,29.059062699481924,28.47772968648808,8.294175895282258,33.8792315939407,8.959743864646901
430,2025-11-06 21:00:04.860,L_6vSQ==,PACKET_DATA,28.06,344.67,80.4,1.015,4.722,95.0,493.0,268.0,74.0,2266.0,163.0,96.0,105.0,1784.0,2882.0,1.0,5.0,146.44,21,9.071331184538549,146.44,196.44,2025-11-06,28.06,344.67,196.44,9.071331184538549,900.0,196.44,196.44,196.44000000000003,1.2660047896,36.42717190388171,9.809057301293903,30.51908223751994,1,9.169854383945456,8.519346361035867,182.65564292321923,32.206870401895515,30.51908223751994,9.108444095228403,36.42717190388171,9.809057301293903,29.068387902864956,28.47772968648808,8.287599303705697,33.8792315939407,8.959743864646901
431,2025-11-06 21:15:02.153,L_6vSQ==,PACKET_DATA,28.51,346.33,78.47,1.184,4.72,145.0,705.0,384.0,113.0,3467.0,252.0,149.0,162.0,2725.0,4535.0,1.0,5.0,226.41,21,11.536259780528296,226.41,276.41,2025-11-06,28.51,346.33,276.41,11.536259780528296,900.0,276.41,276.41,276.41,1.3921039871,51.23500790658071,14.058751976645178,41.97043140597042,1,11.300424101022951,8.414343530803604,182.65564292321923,34.19819595319364,41.97043140597042,11.358210062373326,51.23500790658071,14.058751976645178,29.077015576003685,28.47772968648808,8.295232382994788,33.8792315939407,8.959743864646901
432,2025-11-06 21:30:04.900,L_6vSQ==,PACKET_DATA,27.97,347.4,80.09,0.994,4.722,91.0,456.0,250.0,71.0,2181.0,158.0,93.0,102.0,1730.0,2797.0,1.0,5.0,140.52,21,8.886981828700689,140.52,190.52,2025-11-06,27.97,347.4,190.52,8.886981828700689,900.0,190.52,190.52,190.51999999999998,1.2507587768,35.332902033271715,9.444300677757239,29.642377793867283,1,8.932783323887088,8.558762196732017,182.65564292321923,31.71496030342405,29.642377793867283,8.753278248511796,35.332902033271715,9.444300677757239,29.084997894536727,28.47772968648808,8.299725214123413,33.8792315939407,8.959743864646901
433,2025-11-06 21:45:02.195,L_6vSQ==,PACKET_DATA,28.27,348.0,78.97,1.127,4.721,135.0,662.0,360.0,105.0,3217.0,234.0,138.0,150.0,2531.0,4184.0,1.0,5.0,209.87,21,11.157061462609418,209.87,259.87,2025-11-06,28.27,348.0,259.87,11.157061462609418,900.0,259.87,259.87,259.87,1.3667926597,48.55244698536269,13.388111746340673,39.9555493172662,1,10.954192810775421,8.483118868711259,182.65564292321923,33.63118036103968,39.9555493172662,10.968446889441747,48.55244698536269,13.388111746340673,29.09238313133678,28.47772968648808,8.30173782544655,33.8792315939407,8.959743864646901
434,2025-11-06 22:00:04.983,L_6vSQ==,PACKET_DATA,28.25,347.6,79.19,1.086,4.723,114.0,577.0,314.0,89.0,2713.0,196.0,116.0,126.0,2134.0,3492.0,1.0,5.0,177.88,22,10.159533454409264,177.88,227.88,2025-11-06,28.25,347.6,227.88,10.159533454409264,900.0,227.88,227.88,227.87999999999994,1.3178380427999998,42.583443330246844,11.675032999074052,35.339515403081755,1,10.083239865601785,8.48602607646973,182.65564292321923,31.244037343387046,35.339515403081755,9.74123277705051,42.583443330246844,11.675032999074052,29.099215948439618,28.47772968648808,8.298346185606443,33.8792315939407,8.959743864646901
435,2025-11-06 22:15:02.255,L_6vSQ==,PACKET_DATA,28.88,346.83,77.17,1.204,4.719,164.0,788.0,428.0,128.0,3907.0,285.0,168.0,183.0,3056.0,5146.0,1.0,5.0,260.93,22,12.296902727361228,260.93,310.93,2025-11-06,28.88,346.83,310.93,12.296902727361228,900.0,310.93,310.93,310.93,1.4428969804,57.29899548578632,15.689698645735897,46.594187777880634,1,12.036042589941832,8.335272675134897,182.65564292321923,33.38607932204282,46.594187777880634,11.86844086967629,57.29899548578632,15.689698645735897,29.105537667136634,28.47772968648808,8.29300875281903,33.8792315939407,8.959743864646901
436,2025-11-06 22:30:05.055,L_6vSQ==,PACKET_DATA,28.75,346.33,77.71,1.135,4.723,130.0,660.0,358.0,102.0,3109.0,225.0,133.0,145.0,2428.0,4025.0,1.0,5.0,208.13,22,10.952680068952072,208.13,258.13,2025-11-06,28.75,346.33,258.13,10.952680068952072,900.0,258.13,258.13,258.12999999999994,1.3641299203,48.27024287394071,13.317560718485177,39.74358469608449,1,10.74929827268042,8.359662017056431,182.65564292321923,31.559442360337886,39.74358469608449,10.494047291195136,48.27024287394071,13.317560718485177,29.11138651786434,28.47772968648808,8.289244016312063,33.8792315939407,8.959743864646901
437,2025-11-06 22:45:02.307,L_6vSQ==,PACKET_DATA,28.25,345.33,79.02,1.044,4.723,99.0,498.0,273.0,78.0,2380.0,172.0,101.0,111.0,1884.0,3060.0,1.0,5.0,158.94,22,9.485704471361109,158.94,208.94,2025-11-06,28.25,345.33,208.94,9.485704471361109,900.0,208.94,208.94,208.93999999999994,1.2888539713999998,38.85208534447092,10.555625603341277,32.424772194410664,1,9.538763819729551,8.473363439652386,182.65564292321923,30.272488311648765,32.424772194410664,9.189131385933033,38.85208534447092,10.555625603341277,29.11679787140197,28.47772968648808,8.282797561634768,33.8792315939407,8.959743864646901
438,2025-11-06 23:00:05.098,L_6vSQ==,PACKET_DATA,27.73,346.17,81.01,0.927,4.72,74.0,375.0,207.0,58.0,1787.0,129.0,76.0,83.0,1428.0,2278.0,1.0,5.0,113.67,23,7.846740369990141,113.67,163.67000000000002,2025-11-06,27.73,346.17,163.67000000000002,7.846740369990141,900.0,163.67000000000002,163.67000000000002,163.67000000000002,1.1816108978,30.369870609981522,7.789956869993841,25.666108484395387,1,7.715743364192402,8.616814871000102,182.65564292321923,29.542948511011353,25.666108484395387,7.367006244700706,30.369870609981522,7.789956869993841,29.121804452775386,28.47772968648808,8.286578084846656,33.8792315939407,8.959743864646901
439,2025-11-06 23:15:02.407,L_6vSQ==,PACKET_DATA,28.38,346.89,79.26,1.167,4.72,141.0,703.0,381.0,110.0,3355.0,243.0,144.0,157.0,2633.0,4355.0,1.0,5.0,222.24,23,11.465636219381729,222.24,272.24,2025-11-06,28.38,346.89,272.24,11.465636219381729,900.0,272.24,272.24,272.24,1.3857225944,50.55869115679358,13.889672789198395,41.46244722762117,1,11.237257124379283,8.449164117835728,182.65564292321923,31.515338759488678,41.46244722762117,10.823759350695841,50.55869115679358,13.889672789198395,29.12643653916086,28.47772968648808,8.289760739578345,33.8792315939407,8.959743864646901
440,2025-11-06 23:30:05.241,L_6vSQ==,PACKET_DATA,27.73,349.75,81.45,0.892,4.723,66.0,334.0,185.0,52.0,1588.0,114.0,71.0,78.0,1341.0,2133.0,1.0,5.0,101.33,23,7.323940327350026,101.33,151.32999999999998,2025-11-06,27.73,349.75,151.32999999999998,7.323940327350026,900.0,151.32999999999998,151.32999999999998,151.32999999999998,1.1498312022,28.08890942698706,7.029636475662353,23.838653613673472,1,7.145787861965298,8.637136688404906,182.65564292321923,31.027399623262188,23.838653613673472,6.952388056143278,28.08890942698706,7.029636475662353,29.130722142985537,28.47772968648808,8.304780922301372,33.8792315939407,8.959743864646901
441,2025-11-06 23:45:02.475,L_6vSQ==,PACKET_DATA,29.0,349.43,76.8,1.285,4.718,203.0,993.0,533.0,157.0,4806.0,350.0,207.0,224.0,3713.0,6354.0,1.0,5.0,315.56,23,13.416136625435314,315.56,365.56,2025-11-06,29.0,349.43,365.56,13.416136625435314,900.0,365.56,365.56,365.55999999999995,1.5163349968,68.3723059585857,19.01169178757571,55.24408323715719,1,13.157522306359983,8.326286571583385,182.65564292321923,33.38735188333548,55.24408323715719,12.754631629254217,68.3723059585857,19.01169178757571,29.13468718133191,28.47772968648808,8.30235179049917,33.8792315939407,8.959743864646901
442,2025-11-07 00:00:05.336,L_6vSQ==,PACKET_DATA,29.05,348.3,76.51,1.186,4.723,152.0,747.0,405.0,118.0,3608.0,262.0,151.0,164.0,2734.0,4592.0,1.0,5.0,237.64,0,11.694895356152813,237.64,287.64,2025-11-07,29.05,348.3,287.64,11.694895356152813,900.0,287.64,287.64,287.64000000000004,1.4092893684,53.05635972914893,14.514089932287233,43.33845594382703,1,11.457677885514396,8.3109028996792,182.65564292321923,32.24282815569852,43.33845594382703,11.277784323911515,53.05635972914893,14.514089932287233,29.138355632670702,28.47772968648808,8.295515669705583,33.8792315939407,8.959743864646901
443,2025-11-07 00:15:02.497,L_6vSQ==,PACKET_DATA,29.0,346.5,76.86,1.177,4.721,139.0,702.0,380.0,108.0,3304.0,239.0,141.0,154.0,2574.0,4286.0,1.0,5.0,215.9,0,11.104437600920685,215.9,265.9,2025-11-07,29.0,346.5,265.9,11.104437600920685,900.0,265.9,265.9,265.9,1.376020429,49.53043019908364,13.63260754977091,40.690116366533815,1,10.888334943003837,8.310158319790762,182.65564292321923,30.821794703937904,40.690116366533815,10.633046482089334,49.53043019908364,13.63260754977091,29.141749681870106,28.47772968648808,8.28502597647398,33.8792315939407,8.959743864646901
444,2025-11-07 00:30:05.406,L_6vSQ==,PACKET_DATA,29.11,343.67,76.46,1.205,4.721,156.0,750.0,408.0,122.0,3718.0,271.0,145.0,157.0,2622.0,4397.0,1.0,5.0,255.97,0,12.070333672083024,255.97,305.97,2025-11-07,29.11,343.67,305.97,12.070333672083024,900.0,305.97,305.97,305.96999999999997,1.4362293516,56.29041441294887,15.387124323884661,45.80633658706655,1,11.818568919287003,8.274793070711272,182.65564292321923,32.94405204053198,45.80633658706655,11.678669462223134,56.29041441294887,15.387124323884661,29.144889854358198,28.47772968648808,8.268869976511576,33.8792315939407,8.959743864646901
445,2025-11-07 00:45:02.615,L_6vSQ==,PACKET_DATA,28.5,390.29,78.35,1.015,4.721,99.0,499.0,273.0,78.0,2380.0,172.0,101.0,111.0,1881.0,3063.0,1.0,5.0,159.34,0,9.757933570548657,159.34,209.34,2025-11-07,28.5,390.29,209.34,9.757933570548657,900.0,209.34,209.34,209.34,1.2894660954,38.93088910341024,10.57926673102307,32.486329601140795,1,9.824814029127872,8.65260173361466,182.65564292321923,31.497395983896574,32.486329601140795,9.686601986378808,38.93088910341024,10.57926673102307,29.147795140249954,28.47772968648808,8.51976313321916,33.8792315939407,8.959743864646901
446,2025-11-07 01:15:03.996,L_6vSQ==,PACKET_DATA,27.87,410.7,81.01,-0.001,4.628,0.0,0.0,0.0,0.0,0.0,0.0,0.0,0.0,0.0,0.0,0.0,5.0,0.0,1,-1.3783473500789345,0.0,0.0,2025-11-07,27.87,410.7,0.0,-1.3783473500789345,900.0,0.0,0.0,0.0,0.0,19.0,4.0,16.55682351251732,1,0.0,8.922057655442458,182.65564292321923,30.222615353461798,16.55682351251732,0.0,19.0,4.0,29.15048310918951,28.47772968648808,8.624351716438797,33.8792315939407,8.959743864646901
447,2025-11-07 01:30:04.679,L_6vSQ==,PACKET_DATA,26.51,418.36,84.19,-0.003,4.563,0.0,0.0,0.0,0.0,0.0,0.0,0.0,0.0,0.0,0.0,0.0,5.0,0.0,1,-1.1435714851032373,0.0,0.0,2025-11-07,26.51,418.36,0.0,-1.1435714851032373,900.0,0.0,0.0,0.0,0.0,19.0,4.0,16.55682351251732,1,0.0,9.318519388589191,182.65564292321923,29.49997633777113,16.55682351251732,0.0,19.0,4.0,29.15297001660214,28.47772968648808,8.662417567150928,33.8792315939407,8.959743864646901
448,2025-11-07 01:45:00.346,L_6vSQ==,PACKET_DATA,26.05,428.5,86.37,-0.002,4.5,0.0,0.0,0.0,0.0,0.0,0.0,0.0,0.0,0.0,0.0,0.0,5.0,0.0,1,-1.0776057639237493,0.0,0.0,2025-11-07,26.05,428.5,0.0,-1.0776057639237493,900.0,0.0,0.0,0.0,0.0,19.0,4.0,16.55682351251732,1,0.0,9.454428926743415,182.65564292321923,29.009923575682272,16.55682351251732,0.0,19.0,4.0,29.15527090199854,28.47772968648808,8.712092917979788,33.8792315939407,8.959743864646901
449,2025-11-07 02:00:01.066,L_6vSQ==,PACKET_DATA,25.55,438.0,87.72,-0.002,4.436,0.0,0.0,0.0,0.0,0.0,0.0,0.0,0.0,0.0,0.0,0.0,5.0,0.0,2,-1.0056828973383354,0.0,0.0,2025-11-07,25.55,438.0,0.0,-1.0056828973383354,900.0,0.0,0.0,0.0,0.0,19.0,4.0,16.55682351251732,1,0.0,9.558962293499405,182.65564292321923,28.627543133781405,16.55682351251732,0.0,19.0,4.0,29.157399679925888,28.47772968648808,8.75768360934342,33.8792315939407,8.959743864646901
450,2025-11-07 02:15:01.767,L_6vSQ==,PACKET_DATA,25.38,444.78,88.64,-0.003,4.375,0.0,0.0,0.0,0.0,0.0,0.0,0.0,0.0,0.0,0.0,0.0,5.0,0.0,2,-0.9902738778055812,0.0,0.0,2025-11-07,25.38,444.78,0.0,-0.9902738778055812,900.0,0.0,0.0,0.0,0.0,19.0,4.0,16.55682351251732,1,0.0,9.6023602175013,182.65564292321923,28.303131118753434,16.55682351251732,0.0,19.0,4.0,29.159369224115725,28.47772968648808,8.78956038825733,33.8792315939407,8.959743864646901
451,2025-11-07 02:30:02.424,L_6vSQ==,PACKET_DATA,25.02,450.47,89.36,-0.003,4.316,0.0,0.0,0.0,0.0,0.0,0.0,0.0,0.0,0.0,0.0,0.0,5.0,0.0,2,-0.94240728042098,0.0,0.0,2025-11-07,25.02,450.47,0.0,-0.94240728042098,900.0,0.0,0.0,0.0,0.0,19.0,4.0,16.55682351251732,1,0.0,9.63525260837226,182.65564292321923,28.016120072234592,16.55682351251732,0.0,19.0,4.0,29.16119144533753,28.47772968648808,8.815891169526315,33.8792315939407,8.959743864646901
452,2025-11-07 02:45:03.163,L_6vSQ==,PACKET_DATA,25.0,455.5,90.06,-0.003,4.255,0.0,0.0,0.0,0.0,0.0,0.0,0.0,0.0,0.0,0.0,0.0,5.0,0.0,2,-0.9493031803144802,0.0,0.0,2025-11-07,25.0,455.5,0.0,-0.9493031803144802,900.0,0.0,0.0,0.0,0.0,19.0,4.0,16.55682351251732,1,0.0,9.659116303613237,182.65564292321923,27.757298552220306,16.55682351251732,0.0,19.0,4.0,29.162877363428795,28.47772968648808,8.838846267235782,33.8792315939407,8.959743864646901
453,2025-11-07 03:00:03.885,L_6vSQ==,PACKET_DATA,24.56,459.64,90.43,-0.002,4.195,0.0,0.0,0.0,0.0,0.0,0.0,0.0,0.0,0.0,0.0,0.0,5.0,0.0,3,-0.8930276213104893,0.0,0.0,2025-11-07,24.56,459.64,0.0,-0.8930276213104893,900.0,0.0,0.0,0.0,0.0,19.0,4.0,16.55682351251732,1,0.0,9.653619876194604,182.65564292321923,27.52194358875378,16.55682351251732,0.0,19.0,4.0,29.16443717393723,28.47772968648808,8.857491051560055,33.8792315939407,8.959743864646901
454,2025-11-07 03:15:04.584,L_6vSQ==,PACKET_DATA,24.5,465.78,91.02,-0.003,4.135,0.0,0.0,0.0,0.0,0.0,0.0,0.0,0.0,0.0,0.0,0.0,5.0,0.0,3,-0.896595607041835,0.0,0.0,2025-11-07,24.5,465.78,0.0,-0.896595607041835,900.0,0.0,0.0,0.0,0.0,19.0,4.0,16.55682351251732,1,0.0,9.677125253956735,182.65564292321923,27.307162806418464,16.55682351251732,0.0,19.0,4.0,29.16588030977806,28.47772968648808,8.884880372282542,33.8792315939407,8.959743864646901
455,2025-11-07 03:30:00.268,L_6vSQ==,PACKET_DATA,24.37,470.86,91.31,-0.003,4.075,0.0,0.0,0.0,0.0,0.0,0.0,0.0,0.0,0.0,0.0,0.0,5.0,0.0,3,-0.8891019140004186,0.0,0.0,2025-11-07,24.37,470.86,0.0,-0.8891019140004186,900.0,0.0,0.0,0.0,0.0,19.0,4.0,16.55682351251732,1,0.0,9.686395155526716,182.65564292321923,27.11086089040625,16.55682351251732,0.0,19.0,4.0,29.167215498279383,28.47772968648808,8.907164042905531,33.8792315939407,8.959743864646901
456,2025-11-07 03:45:01.016,L_6vSQ==,PACKET_DATA,24.25,474.0,91.63,-0.003,4.015,0.0,0.0,0.0,0.0,0.0,0.0,0.0,0.0,0.0,0.0,0.0,5.0,0.0,3,-0.8800356686515904,0.0,0.0,2025-11-07,24.25,474.0,0.0,-0.8800356686515904,900.0,0.0,0.0,0.0,0.0,19.0,4.0,16.55682351251732,1,0.0,9.68526276288809,182.65564292321923,26.931333238393382,16.55682351251732,0.0,19.0,4.0,29.168450813960426,28.47772968648808,8.920717085747896,33.8792315939407,8.959743864646901
457,2025-11-07 04:00:01.628,L_6vSQ==,PACKET_DATA,23.97,476.71,91.59,-0.003,3.957,0.0,0.0,0.0,0.0,0.0,0.0,0.0,0.0,0.0,0.0,0.0,5.0,0.0,4,-0.8536839873770727,0.0,0.0,2025-11-07,23.97,476.71,0.0,-0.8536839873770727,900.0,0.0,0.0,0.0,0.0,19.0,4.0,16.55682351251732,1,0.0,9.652674160702638,182.65564292321923,26.767102159632284,16.55682351251732,0.0,19.0,4.0,29.169593727362034,28.47772968648808,8.932301229014513,33.8792315939407,8.959743864646901
458,2025-11-07 04:15:02.311,L_6vSQ==,PACKET_DATA,24.11,481.58,91.83,-0.002,3.896,0.0,0.0,0.0,0.0,0.0,0.0,0.0,0.0,0.0,0.0,0.0,5.0,0.0,4,-0.8768139317151178,0.0,0.0,2025-11-07,24.11,481.58,0.0,-0.8768139317151178,900.0,0.0,0.0,0.0,0.0,19.0,4.0,16.55682351251732,1,0.0,9.699422949322729,182.65564292321923,26.616847220344702,16.55682351251732,0.0,19.0,4.0,29.170651150224565,28.47772968648808,8.95300531489535,33.8792315939407,8.959743864646901
459,2025-11-07 04:30:03.010,L_6vSQ==,PACKET_DATA,23.79,484.3,91.99,-0.002,3.837,0.0,0.0,0.0,0.0,0.0,0.0,0.0,0.0,0.0,0.0,0.0,5.0,0.0,4,-0.8486767775530062,0.0,0.0,2025-11-07,23.79,484.3,0.0,-0.8486767775530062,900.0,0.0,0.0,0.0,0.0,19.0,4.0,16.55682351251732,1,0.0,9.653841521546685,182.65564292321923,26.479372449895457,16.55682351251732,0.0,19.0,4.0,29.171629477286462,28.47772968648808,8.964378803161663,33.8792315939407,8.959743864646901
460,2025-11-07 04:45:03.796,L_6vSQ==,PACKET_DATA,23.65,486.22,91.98,-0.003,3.783,0.0,0.0,0.0,0.0,0.0,0.0,0.0,0.0,0.0,0.0,0.0,5.0,0.0,4,-0.8392230101911213,0.0,0.0,2025-11-07,23.65,486.22,0.0,-0.8392230101911213,900.0,0.0,0.0,0.0,0.0,19.0,4.0,16.55682351251732,1,0.0,9.633327687255708,182.65564292321923,26.35358826738203,16.55682351251732,0.0,19.0,4.0,29.172534624956292,28.47772968648808,8.972318898872055,33.8792315939407,8.959743864646901
461,2025-11-07 05:00:04.438,L_6vSQ==,PACKET_DATA,23.62,489.0,92.15,-0.003,3.728,0.0,0.0,0.0,0.0,0.0,0.0,0.0,0.0,0.0,0.0,0.0,5.0,0.0,5,-0.8410861020562255,0.0,0.0,2025-11-07,23.62,489.0,0.0,-0.8410861020562255,900.0,0.0,0.0,0.0,0.0,19.0,4.0,16.55682351251732,1,0.0,9.639766255094226,182.65564292321923,26.238499546817554,16.55682351251732,0.0,19.0,4.0,29.17337206709206,28.47772968648808,8.983785886184277,33.8792315939407,8.959743864646901
462,2025-11-07 05:15:00.135,L_6vSQ==,PACKET_DATA,23.49,492.5,92.2,-0.003,3.678,0.0,0.0,0.0,0.0,0.0,0.0,0.0,0.0,0.0,0.0,0.0,5.0,0.0,5,-0.8360006018891362,0.0,0.0,2025-11-07,23.49,492.5,0.0,-0.8360006018891362,900.0,0.0,0.0,0.0,0.0,19.0,4.0,16.55682351251732,1,0.0,9.62653456499866,182.65564292321923,26.13319647190154,16.55682351251732,0.0,19.0,4.0,29.17414686810425,28.47772968648808,8.998103253043887,33.8792315939407,8.959743864646901
463,2025-11-07 05:30:00.915,L_6vSQ==,PACKET_DATA,23.49,495.17,92.22,-0.002,3.623,0.0,0.0,0.0,0.0,0.0,0.0,0.0,0.0,0.0,0.0,0.0,5.0,0.0,5,-0.8400235027324765,0.0,0.0,2025-11-07,23.49,495.17,0.0,-0.8400235027324765,900.0,0.0,0.0,0.0,0.0,19.0,4.0,16.55682351251732,1,0.0,9.63891159324119,182.65564292321923,26.03684685286685,16.55682351251732,0.0,19.0,4.0,29.174863713582695,28.47772968648808,9.008891851194193,33.8792315939407,8.959743864646901
464,2025-11-07 05:45:01.606,L_6vSQ==,PACKET_DATA,23.5,497.71,92.48,-0.003,3.567,0.0,0.0,0.0,0.0,0.0,0.0,0.0,0.0,0.0,0.0,0.0,5.0,0.0,5,-0.8445168470776068,0.0,0.0,2025-11-07,23.5,497.71,0.0,-0.8445168470776068,900.0,0.0,0.0,0.0,0.0,19.0,4.0,16.55682351251732,1,0.0,9.652872594793463,182.65564292321923,25.948689360579774,16.55682351251732,0.0,19.0,4.0,29.17552693863259,28.47772968648808,9.019061719673246,33.8792315939407,8.959743864646901
465,2025-11-07 06:00:02.301,L_6vSQ==,PACKET_DATA,23.49,500.17,92.34,-0.003,3.514,0.0,0.0,0.0,0.0,0.0,0.0,0.0,0.0,0.0,0.0,0.0,5.0,0.0,6,-0.8472542422980727,0.0,0.0,2025-11-07,23.49,500.17,0.0,-0.8472542422980727,900.0,0.0,0.0,0.0,0.0,19.0,4.0,16.55682351251732,1,0.0,9.661737645721562,182.65564292321923,25.868027437724304,16.55682351251732,0.0,19.0,4.0,29.176140554090924,28.47772968648808,9.028824683818904,33.8792315939407,8.959743864646901
466,2025-11-07 06:15:07.980,L_6vSQ==,PACKET_DATA,23.44,502.89,92.48,-0.003,3.461,0.0,0.0,0.0,0.0,0.0,0.0,0.0,0.0,0.0,0.0,0.0,5.0,0.0,6,-0.8472699797247767,0.0,0.0,2025-11-07,23.44,502.89,0.0,-0.8472699797247767,900.0,0.0,0.0,0.0,0.0,19.0,4.0,16.55682351251732,1,0.0,9.662383366720409,182.65564292321923,25.794223766953294,16.55682351251732,0.0,19.0,4.0,29.17670827078191,28.47772968648808,9.039528276309134,33.8792315939407,8.959743864646901
467,2025-11-07 06:30:03.667,L_6vSQ==,PACKET_DATA,23.38,503.5,92.59,-0.003,3.408,0.0,0.0,0.0,0.0,0.0,0.0,0.0,0.0,0.0,0.0,0.0,5.0,0.0,6,-0.843764209917147,0.0,0.0,2025-11-07,23.38,503.5,0.0,-0.843764209917147,900.0,0.0,0.0,0.0,0.0,19.0,4.0,16.55682351251732,1,0.0,9.650926843408945,182.65564292321923,25.72669522452732,16.55682351251732,0.0,19.0,4.0,29.177233521958104,28.47772968648808,9.041866078963741,33.8792315939407,8.959743864646901
468,2025-11-07 06:45:04.425,L_6vSQ==,PACKET_DATA,23.26,506.0,92.66,-0.004,3.356,0.0,0.0,0.0,0.0,0.0,0.0,0.0,0.0,0.0,0.0,0.0,5.0,0.0,6,-0.8390005320594138,0.0,0.0,2025-11-07,23.26,506.0,0.0,-0.8390005320594138,900.0,0.0,0.0,0.0,0.0,19.0,4.0,16.55682351251732,1,0.0,9.632918276833166,182.65564292321923,25.664908268859126,16.55682351251732,0.0,19.0,4.0,29.177719484062933,28.47772968648808,9.051587429481145,33.8792315939407,8.959743864646901
469,2025-11-07 07:00:05.128,L_6vSQ==,PACKET_DATA,23.25,507.14,92.79,-0.003,3.302,0.0,0.0,0.0,0.0,0.0,0.0,0.0,0.0,0.0,0.0,0.0,5.0,0.0,7,-0.8398715470984506,0.0,0.0,2025-11-07,23.25,507.14,0.0,-0.8398715470984506,900.0,0.0,0.0,0.0,0.0,19.0,4.0,16.55682351251732,1,0.0,9.635563311895488,182.65564292321923,25.608374723397837,16.55682351251732,0.0,19.0,4.0,29.178169095940127,28.47772968648808,9.055962031580316,33.8792315939407,8.959743864646901
470,2025-11-07 07:15:05.782,L_6vSQ==,PACKET_DATA,23.24,510.44,92.99,-0.003,3.25,0.0,0.0,0.0,0.0,0.0,0.0,0.0,0.0,0.0,0.0,0.0,5.0,0.0,7,-0.843512002200038,0.0,0.0,2025-11-07,23.24,510.44,0.0,-0.843512002200038,900.0,0.0,0.0,0.0,0.0,19.0,4.0,16.55682351251732,1,0.0,9.64780877290185,182.65564292321923,25.556647918940424,16.55682351251732,0.0,19.0,4.0,29.178585076606325,28.47772968648808,9.068616329420673,33.8792315939407,8.959743864646901
471,2025-11-07 07:30:01.455,L_6vSQ==,PACKET_DATA,23.25,513.88,92.94,-0.002,3.202,0.0,0.0,0.0,0.0,0.0,0.0,0.0,0.0,0.0,0.0,0.0,5.0,0.0,7,-0.8484244956755553,0.0,0.0,2025-11-07,23.25,513.88,0.0,-0.8484244956755553,900.0,0.0,0.0,0.0,0.0,19.0,4.0,16.55682351251732,1,0.0,9.66541407112642,182.65564292321923,25.509319164276587,16.55682351251732,0.0,19.0,4.0,29.17896994169426,28.47772968648808,9.081631656541767,33.8792315939407,8.959743864646901
472,2025-11-07 07:45:02.247,L_6vSQ==,PACKET_DATA,23.25,514.5,93.05,-0.002,3.144,0.0,0.0,0.0,0.0,0.0,0.0,0.0,0.0,0.0,0.0,0.0,5.0,0.0,7,-0.8491749117543712,0.0,0.0,2025-11-07,23.25,514.5,0.0,-0.8491749117543712,900.0,0.0,0.0,0.0,0.0,19.0,4.0,16.55682351251732,1,0.0,9.668116896791624,182.65564292321923,25.466014517044826,16.55682351251732,0.0,19.0,4.0,29.179326018665968,28.47772968648808,9.083925038532199,33.8792315939407,8.959743864646901
473,2025-11-07 08:00:02.933,L_6vSQ==,PACKET_DATA,23.13,516.22,92.98,-0.002,3.094,0.0,0.0,0.0,0.0,0.0,0.0,0.0,0.0,0.0,0.0,0.0,5.0,0.0,8,-0.8439512022496505,0.0,0.0,2025-11-07,23.13,516.22,0.0,-0.8439512022496505,900.0,0.0,0.0,0.0,0.0,19.0,4.0,16.55682351251732,1,0.0,9.645674366634957,182.65564292321923,25.426391829194916,16.55682351251732,0.0,19.0,4.0,29.179655460888075,28.47772968648808,9.090330195172168,33.8792315939407,8.959743864646901
474,2025-11-07 08:15:03.621,L_6vSQ==,PACKET_DATA,23.02,518.75,93.03,-0.003,3.039,0.0,0.0,0.0,0.0,0.0,0.0,0.0,0.0,0.0,0.0,0.0,5.0,0.0,8,-0.840837800686371,0.0,0.0,2025-11-07,23.02,518.75,0.0,-0.840837800686371,900.0,0.0,0.0,0.0,0.0,19.0,4.0,16.55682351251732,1,0.0,9.628542954808587,182.65564292321923,25.390138043677933,16.55682351251732,0.0,19.0,4.0,29.179960260654227,28.47772968648808,9.099685759877833,33.8792315939407,8.959743864646901
475,2025-11-07 08:30:04.338,L_6vSQ==,PACKET_DATA,23.0,520.55,92.99,-0.003,2.988,0.0,0.0,0.0,0.0,0.0,0.0,0.0,0.0,0.0,0.0,0.0,5.0,0.0,8,-0.8418601085511561,0.0,0.0,2025-11-07,23.0,520.55,0.0,-0.8418601085511561,900.0,0.0,0.0,0.0,0.0,19.0,4.0,16.55682351251732,1,0.0,9.631209171429218,182.65564292321923,25.35696672099148,16.55682351251732,0.0,19.0,4.0,29.18024226123342,28.47772968648808,9.106271605007304,33.8792315939407,8.959743864646901
476,2025-11-07 08:51:20.989,L_6vSQ==,PACKET_DATA,22.56,622.06,87.17,-0.003,2.975,0.0,0.0,0.0,0.0,0.0,0.0,0.0,0.0,0.0,0.0,0.0,5.0,0.0,8,-0.8595651249754539,0.0,0.0,2025-11-07,22.56,622.06,0.0,-0.8595651249754539,900.0,0.0,0.0,0.0,0.0,19.0,4.0,16.55682351251732,1,0.0,9.865732770303058,182.65564292321923,25.326615776032213,16.55682351251732,0.0,19.0,4.0,29.180503168017143,28.47772968648808,9.380986800636236,33.8792315939407,8.959743864646901
477,2025-11-07 09:00:08.357,L_6vSQ==,PACKET_DATA,22.62,645.21,85.14,0.569,2.968,254.0,1230.0,649.0,196.0,6044.0,441.0,257.0,286.0,4931.0,7664.0,1.0,5.0,408.25,9,17.446763434231656,408.25,458.25,2025-11-07,22.62,645.21,458.25,17.446763434231656,900.0,458.25,458.25,458.25,1.6228153175,86.65212919559326,25.49563875867798,70.12421562004519,1,17.50325020226059,9.923359973903368,182.65564292321923,28.002523692134954,70.12421562004519,19.186951505271203,86.65212919559326,25.49563875867798,29.18074455883267,28.47772968648808,9.412401613534048,33.8792315939407,8.959743864646901
478,2025-11-07 09:15:00.072,L_6vSQ==,PACKET_DATA,25.99,592.39,77.9,1.393,4.716,258.0,1270.0,669.0,199.0,6092.0,445.0,263.0,285.0,4699.0,8055.0,1.0,5.0,409.01,9,18.667047638844775,409.01,459.01,2025-11-07,25.99,592.39,459.01,18.667047638844775,900.0,459.01,459.01,459.00999999999993,1.6236005419,86.80244862437942,25.54073458731383,70.24163735654328,1,18.925760074804572,9.995633343567473,182.65564292321923,29.235053539174626,70.24163735654328,18.60896223435665,86.80244862437942,25.54073458731383,29.180967893484965,28.47772968648808,9.322468665308406,33.8792315939407,8.959743864646901
479,2025-11-07 09:30:02.941,L_6vSQ==,PACKET_DATA,27.51,561.5,73.13,1.453,4.723,259.0,1252.0,663.0,200.0,6103.0,446.0,265.0,285.0,4663.0,8170.0,1.0,5.0,408.74,9,18.421895559254203,408.74,458.74,2025-11-07,27.51,561.5,458.74,18.421895559254203,900.0,458.74,458.74,458.7400000000001,1.6233215806,86.74904566941595,25.524713700824787,70.1999217396295,1,18.588586205239885,9.57561850491909,182.65564292321923,30.00031423601476,70.1999217396295,18.099580008764384,86.74904566941595,25.524713700824787,29.18117452258477,28.47772968648808,9.241524119051908,33.8792315939407,8.959743864646901
480,2025-11-07 09:45:00.229,L_6vSQ==,PACKET_DATA,27.0,549.17,76.34,1.104,4.724,121.0,601.0,327.0,95.0,2901.0,211.0,124.0,136.0,2296.0,3765.0,1.0,5.0,195.06,9,12.416181971271058,195.06,245.06,2025-11-07,27.0,549.17,245.06,12.416181971271058,900.0,245.06,245.06,245.05999999999995,1.3441287685999999,45.968064776689836,12.690419433006952,37.98340602214033,1,12.487102709441853,9.685237471630305,182.65564292321923,33.238403952093265,37.98340602214033,12.566283044377515,45.968064776689836,12.690419433006952,29.181365695716423,28.47772968648808,9.203940512046987,33.8792315939407,8.959743864646901
481,2025-11-07 10:00:03.084,L_6vSQ==,PACKET_DATA,27.53,536.0,75.87,1.249,4.72,167.0,790.0,429.0,130.0,3989.0,292.0,172.0,187.0,3143.0,5261.0,1.0,5.0,263.46,10,14.645217116032672,263.46,313.46,2025-11-07,27.53,536.0,313.46,14.645217116032672,900.0,313.46,313.46,313.4599999999999,1.4462980088,57.8134531701167,15.844035951035009,46.996055421582156,1,14.703160642542866,9.507808303016173,182.65564292321923,35.39053769373616,46.996055421582156,14.23160770223287,57.8134531701167,15.844035951035009,29.181542568994686,28.47772968648808,9.16070042959026,33.8792315939407,8.959743864646901
482,2025-11-07 10:15:00.342,L_6vSQ==,PACKET_DATA,27.0,528.33,79.01,1.033,4.723,96.0,488.0,266.0,75.0,2303.0,166.0,98.0,107.0,1828.0,2939.0,1.0,5.0,149.08,10,10.403200123617909,149.08,199.08,2025-11-07,27.0,528.33,199.08,10.403200123617909,900.0,199.08,199.08,199.08,1.2728036872,36.91515711645102,9.971719038817007,30.91004502995963,1,10.656085829607935,9.631484646219167,182.65564292321923,32.701558342427,30.91004502995963,10.78050275730941,36.91515711645102,9.971719038817007,29.18170621205631,28.47772968648808,9.13409873943107,33.8792315939407,8.959743864646901
483,2025-11-07 10:30:03.212,L_6vSQ==,PACKET_DATA,27.01,517.48,79.39,1.116,4.723,120.0,610.0,330.0,94.0,2873.0,208.0,122.0,134.0,2274.0,3691.0,1.0,5.0,192.52,10,12.175855059535875,192.52,242.52,2025-11-07,27.01,517.48,242.52,12.175855059535875,900.0,242.52,242.52,242.52000000000007,1.3402417812,45.4676609074253,12.54029827222759,37.5925164894041,1,12.227380279024189,9.59704805609411,182.65564292321923,34.5389948259561,37.5925164894041,12.494194652415342,45.4676609074253,12.54029827222759,29.181857614528628,28.47772968648808,9.09477378508298,33.8792315939407,8.959743864646901
484,2025-11-07 10:45:00.461,L_6vSQ==,PACKET_DATA,27.13,509.53,79.34,1.113,4.717,121.0,620.0,335.0,95.0,2894.0,209.0,123.0,135.0,2281.0,3709.0,1.0,5.0,195.63,10,12.230396328829318,195.63,245.63,2025-11-07,27.13,509.53,245.63,12.230396328829318,900.0,245.63,245.63,245.62999999999994,1.3450010452999999,46.08036013317834,12.724108039953503,38.071125326730744,1,12.26261157214531,9.539654461733948,182.65564292321923,35.403596566991,38.071125326730744,12.507879615627429,46.08036013317834,12.724108039953503,29.181997692014335,28.47772968648808,9.064735927234928,33.8792315939407,8.959743864646901
485,2025-11-07 11:00:03.293,L_6vSQ==,PACKET_DATA,26.4,507.8,82.36,0.84,4.667,52.0,268.0,148.0,41.0,1265.0,91.0,53.0,59.0,1022.0,1594.0,1.0,5.0,81.67,11,7.135099536177421,81.67,131.67000000000002,2025-11-07,26.4,507.8,131.67000000000002,7.135099536177421,900.0,131.67000000000002,131.67000000000002,131.66999999999996,1.0992000177999999,24.612681031437646,5.870893677145883,21.053577497275562,1,6.710260295974106,9.71685053598296,182.65564292321923,33.099183844462026,21.053577497275562,7.427448291257864,24.612681031437646,5.870893677145883,29.182127291628532,28.47772968648808,9.058055071795245,33.8792315939407,8.959743864646901
486,2025-11-07 11:15:00.556,L_6vSQ==,PACKET_DATA,27.27,503.5,80.46,1.17,4.719,141.0,684.0,372.0,110.0,3367.0,245.0,144.0,158.0,2668.0,4379.0,1.0,5.0,223.41,11,13.171789374085224,223.41,273.41,2025-11-07,27.27,503.5,273.41,13.171789374085224,900.0,273.41,273.41,273.41,1.3875130571,50.74844909378422,13.937112273446054,41.60497516255369,1,13.173066795138055,9.48122204702707,182.65564292321923,35.07688687574519,41.60497516255369,13.13368441526904,50.74844909378422,13.937112273446054,29.18224719712166,28.47772968648808,9.041271204745888,33.8792315939407,8.959743864646901
487,2025-11-07 11:30:03.425,L_6vSQ==,PACKET_DATA,26.99,496.0,81.51,1.015,4.721,95.0,475.0,260.0,74.0,2269.0,164.0,97.0,106.0,1809.0,2905.0,1.0,5.0,145.82,11,10.14594511991972,145.82,195.82,2025-11-07,26.99,496.0,195.82,10.14594511991972,900.0,195.82,195.82,195.82,1.2644080787999998,36.31256931608133,9.770856438693777,30.42726521808334,1,10.327474840267142,9.532180719582104,182.65564292321923,32.611080361184236,30.42726521808334,10.366148203397453,36.31256931608133,9.770856438693777,29.182358133619218,28.47772968648808,9.011334637205305,33.8792315939407,8.959743864646901
488,2025-11-07 11:45:00.603,L_6vSQ==,PACKET_DATA,27.94,487.9,78.34,1.275,4.72,185.0,892.0,481.0,144.0,4392.0,320.0,189.0,206.0,3426.0,5791.0,1.0,5.0,294.48,11,15.040851203798637,294.48,344.48,2025-11-07,27.94,487.9,344.48,15.040851203798637,900.0,344.48,344.48,344.48,1.4879975744,64.12115173451544,17.73634552035463,51.92330218348791,1,15.02437722868664,9.23952558203718,182.65564292321923,34.886947892495286,51.92330218348791,14.432674962737721,64.12115173451544,17.73634552035463,29.1824607720069,28.47772968648808,8.978071919569475,33.8792315939407,8.959743864646901
489,2025-11-07 12:00:09.077,L_6vSQ==,PACKET_DATA,28.5,480.18,77.64,1.208,4.722,112.0,754.0,389.0,87.0,2645.0,182.0,110.0,119.0,1927.0,3207.0,1.0,5.0,174.65,12,10.915455675791367,174.65,224.65,2025-11-07,28.5,480.18,224.65,10.915455675791367,900.0,224.65,224.65,224.64999999999995,1.3128951414999999,41.94710297681198,11.484130893043595,34.84243934373605,1,10.953194764777457,9.06899729025726,182.65564292321923,32.0396591426582,34.84243934373605,11.025056860577003,41.94710297681198,11.484130893043595,29.182555732987804,28.47772968648808,8.945500293743684,33.8792315939407,8.959743864646901
490,2025-11-07 12:15:00.773,L_6vSQ==,PACKET_DATA,27.87,472.65,79.6,1.066,4.724,104.0,527.0,288.0,82.0,2496.0,180.0,106.0,116.0,1969.0,3208.0,1.0,5.0,167.57,12,10.75446804974503,167.57,217.57,2025-11-07,27.87,472.65,217.57,10.75446804974503,900.0,217.57,217.57,217.57000000000002,1.3020605467,40.552276443586365,11.065682933075909,33.75287324461297,1,10.831767613832012,9.19968442294942,182.65564292321923,30.670362718478533,33.75287324461297,10.456132589626202,40.552276443586365,11.065682933075909,29.182643590836104,28.47772968648808,8.912943358523489,33.8792315939407,8.959743864646901
491,2025-11-07 12:30:03.630,L_6vSQ==,PACKET_DATA,27.5,467.75,81.79,0.972,4.721,85.0,448.0,244.0,67.0,2050.0,147.0,87.0,95.0,1620.0,2596.0,1.0,5.0,135.12,12,9.433526235497045,135.12,185.12,2025-11-07,27.5,467.75,185.12,9.433526235497045,900.0,185.12,185.12,185.11999999999995,1.2368519407999998,34.3347504621072,9.111583487369067,28.8426811729679,1,9.427952604320657,9.284131087107774,182.65564292321923,29.89414522934045,28.8426811729679,8.979984056829238,34.3347504621072,9.111583487369067,29.18272487686995,28.47772968648808,8.891350365296482,33.8792315939407,8.959743864646901
492,2025-11-07 12:45:00.817,L_6vSQ==,PACKET_DATA,27.06,466.64,82.74,0.947,4.72,76.0,395.0,216.0,59.0,1821.0,131.0,77.0,84.0,1448.0,2302.0,1.0,5.0,113.68,12,8.533455354181058,113.68,163.68,2025-11-07,27.06,466.64,163.68,8.533455354181058,900.0,163.68,163.68,163.67999999999995,1.1816366511999998,30.371719038816998,7.790573012938999,25.66758940406371,1,8.303733478794053,9.402326651548064,182.65564292321923,29.367758587774688,25.66758940406371,7.7980267455785786,30.371719038816998,7.790573012938999,29.182800082664606,28.47772968648808,8.886408002138777,33.8792315939407,8.959743864646901
493,2025-11-07 13:00:03.713,L_6vSQ==,PACKET_DATA,26.74,466.12,84.04,0.839,4.664,54.0,278.0,153.0,42.0,1293.0,93.0,54.0,60.0,1038.0,1623.0,1.0,5.0,81.43,13,6.96832565487542,81.43,131.43,2025-11-07,26.74,466.12,131.43,6.96832565487542,900.0,131.43,131.43,131.43,1.0985819362,24.570293182620983,5.856764394206994,21.019617304810673,1,6.5805437614030655,9.483302719031041,182.65564292321923,28.95702739271996,21.019617304810673,6.077245503192795,24.570293182620983,5.856764394206994,29.18286966302525,28.47772968648808,8.884082584902085,33.8792315939407,8.959743864646901
494,2025-11-07 13:15:00.960,L_6vSQ==,PACKET_DATA,27.37,466.67,83.0,1.102,4.72,121.0,609.0,330.0,94.0,2891.0,209.0,123.0,135.0,2285.0,3717.0,1.0,5.0,187.38,13,11.617989794586212,187.38,237.38,2025-11-07,27.37,466.67,237.38,11.617989794586212,900.0,237.38,237.38,237.37999999999997,1.3323759877999999,44.45503260505525,12.236509781516576,36.80150381292206,1,11.622395846955499,9.316543141537197,182.65564292321923,30.77112395862343,36.80150381292206,11.057585886106622,44.45503260505525,12.236509781516576,29.182934038737372,28.47772968648808,8.886523507727505,33.8792315939407,8.959743864646901
495,2025-11-07 13:30:03.761,L_6vSQ==,PACKET_DATA,27.97,462.56,81.69,1.12,4.718,129.0,647.0,351.0,101.0,3081.0,223.0,132.0,144.0,2423.0,3986.0,1.0,5.0,205.25,13,12.094632542494043,205.25,255.25,2025-11-07,27.97,462.56,255.25,12.094632542494043,900.0,255.25,255.25,255.25000000000006,1.3597226275,47.803146413656094,13.200786603414024,39.39274670240445,1,12.02361866778977,9.130979084634692,182.65564292321923,31.64166862428384,39.39274670240445,11.697970363620138,47.803146413656094,13.200786603414024,29.182993599111498,28.47772968648808,8.868117418168143,33.8792315939407,8.959743864646901
496,2025-11-07 13:45:01.054,L_6vSQ==,PACKET_DATA,27.94,458.7,80.84,1.13,4.717,131.0,647.0,352.0,102.0,3135.0,227.0,134.0,146.0,2467.0,4076.0,1.0,5.0,203.3,13,12.005904418423755,203.3,253.3,2025-11-07,27.94,458.7,253.3,12.005904418423755,900.0,253.3,253.3,253.3,1.356738523,47.486883185338364,13.121720796334591,39.155200144183574,1,11.935183687936345,9.122985976465058,182.65564292321923,32.1687672551901,39.155200144183574,11.71561721496522,47.486883185338364,13.121720796334591,29.183048704337505,28.47772968648808,8.850638126522389,33.8792315939407,8.959743864646901
497,2025-11-07 14:00:03.869,L_6vSQ==,PACKET_DATA,28.44,454.0,80.18,1.173,4.72,143.0,679.0,371.0,111.0,3402.0,248.0,146.0,159.0,2682.0,4470.0,1.0,5.0,221.06,14,12.442761625735873,221.06,271.06,2025-11-07,28.44,454.0,271.06,12.442761625735873,900.0,271.06,271.06,271.05999999999995,1.3839168285999999,50.36731135709361,13.841827839273403,41.318701105210586,1,12.33410774007407,8.972913145448715,182.65564292321923,32.60852497120971,41.318701105210586,12.265793416716106,50.36731135709361,13.841827839273403,29.183099687662875,28.47772968648808,8.829110654885529,33.8792315939407,8.959743864646901
498,2025-11-07 14:15:01.141,L_6vSQ==,PACKET_DATA,28.5,449.9,80.03,1.122,4.717,133.0,651.0,355.0,104.0,3180.0,231.0,136.0,149.0,2500.0,4151.0,1.0,5.0,210.91,14,12.054238706830702,210.91,260.91,2025-11-07,28.5,449.9,260.91,12.054238706830702,900.0,260.91,260.91,260.91,1.3683841821,48.721120707132144,13.430280176783036,40.082240814984,1,11.947662911500386,8.940558984942621,182.65564292321923,32.89148006806738,40.082240814984,12.012485756079593,48.721120707132144,13.430280176783036,29.183146857407998,28.47772968648808,8.810114882654315,33.8792315939407,8.959743864646901
499,2025-11-07 14:30:03.988,L_6vSQ==,PACKET_DATA,29.99,443.12,75.1,1.43,4.722,257.0,1242.0,661.0,198.0,6057.0,442.0,263.0,283.0,4587.0,8149.0,1.0,5.0,398.67,14,16.02772339166785,398.67,448.67,2025-11-07,29.99,443.12,448.67,16.02772339166785,900.0,448.67,448.67,448.66999999999996,1.6129173573,84.76129333488969,24.904517333955873,68.63284929474659,1,15.954733007145988,8.721509706748492,182.65564292321923,33.358155014079756,68.63284929474659,15.542640649954821,84.76129333488969,24.904517333955873,29.183190498830736,28.47772968648808,8.77827803415712,33.8792315939407,8.959743864646901
500,2025-11-07 14:45:01.215,L_6vSQ==,PACKET_DATA,29.38,436.7,77.1,1.144,4.723,144.0,692.0,378.0,112.0,3424.0,249.0,147.0,160.0,2671.0,4517.0,1.0,5.0,223.64,14,12.120643881473171,223.64,273.64,2025-11-07,29.38,436.7,273.64,12.120643881473171,900.0,273.64,273.64,273.64000000000004,1.3878650284,50.78575193609861,13.946437984024653,41.632993474548975,1,12.007452615564414,8.722338562493096,182.65564292321923,33.14158627150324,41.632993474548975,12.248781406992087,50.78575193609861,13.946437984024653,29.18323087585151,28.47772968648808,8.747654830370697,33.8792315939407,8.959743864646901
501,2025-11-07 15:00:04.017,L_6vSQ==,PACKET_DATA,28.72,435.25,79.9,1.033,4.727,100.0,510.0,279.0,78.0,2399.0,173.0,102.0,111.0,1885.0,3088.0,1.0,5.0,153.24,15,9.739523216795668,153.24,203.24,2025-11-07,28.72,435.25,203.24,9.739523216795668,900.0,203.24,203.24,203.24000000000004,1.2801312044,37.7291317795859,10.21873953387577,31.547579148506504,1,9.885113143658637,8.824271157143421,182.65564292321923,31.544217647880924,31.547579148506504,9.884724696674713,37.7291317795859,10.21873953387577,29.183268232649343,28.47772968648808,8.740671861724934,33.8792315939407,8.959743864646901
502,2025-11-07 15:15:06.867,L_6vSQ==,PACKET_DATA,28.5,432.82,80.76,1.035,4.718,93.0,504.0,273.0,73.0,2230.0,159.0,94.0,103.0,1735.0,2825.0,1.0,5.0,146.46,15,9.502963683237123,146.46,196.46,2025-11-07,28.5,432.82,196.46,9.502963683237123,900.0,196.46,196.46,196.46000000000004,1.2660562964,36.43086876155269,9.81028958718423,30.522044076856602,1,9.622625601097155,8.86246162388851,182.65564292321923,30.638712133982512,30.522044076856602,9.426168793044026,36.43086876155269,9.81028958718423,29.183302795138545,28.47772968648808,8.728922914560723,33.8792315939407,8.959743864646901
503,2025-11-07 15:30:04.180,L_6vSQ==,PACKET_DATA,28.25,431.4,81.94,1.006,4.724,93.0,484.0,264.0,73.0,2239.0,161.0,95.0,104.0,1762.0,2857.0,1.0,5.0,146.17,15,9.549191777109964,146.17,196.17,2025-11-07,28.25,431.4,196.17,9.549191777109964,900.0,196.17,196.17,196.17000000000002,1.2653094478,36.37726432532348,9.792421441774493,30.479097406474967,1,9.663752324617596,8.918143182845373,182.65564292321923,30.02464969265626,30.479097406474967,9.374512418109862,36.37726432532348,9.792421441774493,29.183334772334906,28.47772968648808,8.722026564206349,33.8792315939407,8.959743864646901
504,2025-11-07 15:45:01.386,L_6vSQ==,PACKET_DATA,28.22,432.5,82.73,1.002,4.723,91.0,456.0,251.0,71.0,2178.0,157.0,93.0,101.0,1725.0,2792.0,1.0,5.0,138.43,15,9.233657636190234,138.43,188.43,2025-11-07,28.22,432.5,188.43,9.233657636190234,900.0,188.43,188.43,188.43000000000004,1.2453763162,34.946580406654355,9.315526802218118,29.332865583185864,1,9.250108691596854,8.931094232587045,182.65564292321923,29.545506453736042,29.332865583185864,8.995121647670693,34.946580406654355,9.315526802218118,29.183364357619723,28.47772968648808,8.727362704577377,33.8792315939407,8.959743864646901
505,2025-11-07 16:00:04.194,L_6vSQ==,PACKET_DATA,27.97,432.14,83.22,0.962,4.718,81.0,397.0,219.0,63.0,1937.0,140.0,82.0,90.0,1547.0,2486.0,1.0,5.0,122.91,16,8.609703413955627,122.91,172.91,2025-11-07,27.97,432.14,172.91,8.609703413955627,900.0,172.91,172.91,172.90999999999997,1.2054070393999998,32.077818853974115,8.359272951324707,27.03447825793431,1,8.45885887865707,8.996836174445516,182.65564292321923,29.1390007683186,27.03447825793431,8.206112851438231,32.077818853974115,8.359272951324707,29.18339172990928,28.47772968648808,8.725612300622863,33.8792315939407,8.959743864646901
506,2025-11-07 16:15:01.451,L_6vSQ==,PACKET_DATA,28.5,432.33,81.4,1.135,4.719,139.0,684.0,372.0,108.0,3311.0,240.0,142.0,154.0,2595.0,4315.0,1.0,5.0,214.26,16,12.022210791977502,214.26,264.26,2025-11-07,28.5,432.33,264.26,12.022210791977502,900.0,264.26,264.26,264.25999999999993,1.3735107206,49.26444471475489,13.566111178688722,40.49033362013267,1,11.89084201513286,8.860165143043828,182.65564292321923,31.075155113556125,40.49033362013267,11.570663344876753,49.26444471475489,13.566111178688722,29.183417054736807,28.47772968648808,8.726530470593492,33.8792315939407,8.959743864646901
507,2025-11-07 16:30:04.290,L_6vSQ==,PACKET_DATA,29.62,428.5,77.91,1.306,4.719,201.0,956.0,516.0,156.0,4771.0,349.0,207.0,223.0,3682.0,6374.0,1.0,5.0,314.91,16,14.368568155943368,314.91,364.91,2025-11-07,29.62,428.5,364.91,14.368568155943368,900.0,364.91,364.91,364.91000000000014,1.5154612148000002,68.24150282736001,18.972450848208005,55.14190661945758,1,14.250118328221971,8.659717500392597,182.65564292321923,32.15796534324215,55.14190661945758,14.027024134560847,68.24150282736001,18.972450848208005,29.18344048525357,28.47772968648808,8.707870977733833,33.8792315939407,8.959743864646901
508,2025-11-07 16:45:07.101,L_6vSQ==,PACKET_DATA,28.88,425.85,80.15,1.026,4.724,84.0,471.0,254.0,66.0,2005.0,142.0,85.0,92.0,1543.0,2524.0,1.0,5.0,131.44,16,8.727558530259687,131.44,181.44,2025-11-07,28.88,425.85,181.44,8.727558530259687,900.0,181.44,181.44,181.44,1.2273746896,33.65452865064695,8.884842883548984,28.297702735021666,1,8.681392063908383,8.746945434468298,182.65564292321923,32.23469707814069,28.297702735021666,9.051194194163132,33.65452865064695,8.884842883548984,29.18346216315504,28.47772968648808,8.694870945832276,33.8792315939407,8.959743864646901
509,2025-11-07 17:00:04.354,L_6vSQ==,PACKET_DATA,28.44,424.29,82.05,0.949,4.726,81.0,403.0,223.0,64.0,1950.0,141.0,83.0,91.0,1552.0,2505.0,1.0,5.0,129.41,17,8.742956543566311,129.41,179.41,2025-11-07,28.44,424.29,179.41,8.742956543566311,900.0,179.41,179.41,179.40999999999997,1.2221467493999998,33.27929759704251,8.759765865680837,27.99707604235023,1,8.660464227054948,8.836564813509447,182.65564292321923,30.815258933207758,27.99707604235023,8.529081988583583,33.27929759704251,8.759765865680837,29.183482219537783,28.47772968648808,8.687183690792457,33.8792315939407,8.959743864646901
510,2025-11-07 17:15:01.602,L_6vSQ==,PACKET_DATA,28.94,422.3,80.74,1.164,4.723,141.0,684.0,372.0,110.0,3355.0,244.0,144.0,157.0,2632.0,4394.0,1.0,5.0,222.83,17,12.083848001377552,222.83,272.83000000000004,2025-11-07,28.94,422.3,272.83000000000004,12.083848001377552,900.0,272.83000000000004,272.83000000000004,272.83,1.3866254773,50.65438105664355,13.913595264160888,41.53432028882645,1,11.93450738441681,8.71827920769115,182.65564292321923,32.790328277288026,41.53432028882645,11.98122543632568,50.65438105664355,13.913595264160888,29.183500775692274,28.47772968648808,8.67734318594996,33.8792315939407,8.959743864646901
511,2025-11-07 17:30:04.512,L_6vSQ==,PACKET_DATA,28.74,419.4,81.52,1.042,4.725,103.0,513.0,281.0,80.0,2460.0,178.0,105.0,115.0,1940.0,3178.0,1.0,5.0,156.69,17,9.779696555918513,156.69,206.69,2025-11-07,28.74,419.4,206.69,9.779696555918513,900.0,206.69,206.69,206.68999999999994,1.2854107738999998,38.40881420043735,10.422644260131205,32.07851178155375,1,9.887528377985072,8.744077260241301,182.65564292321923,31.035801502547343,32.07851178155375,9.761121171897113,38.40881420043735,10.422644260131205,29.1835179438364,28.47772968648808,8.662934222951689,33.8792315939407,8.959743864646901
512,2025-11-07 17:45:07.347,L_6vSQ==,PACKET_DATA,27.94,419.5,83.59,0.831,4.661,138.0,342.0,221.0,109.0,3355.0,260.0,148.0,165.0,2912.0,4730.0,1.0,5.0,226.08,17,12.433399866280364,226.08,276.08000000000004,2025-11-07,27.94,419.5,276.08000000000004,12.433399866280364,900.0,276.08000000000004,276.08000000000004,276.08000000000004,1.3915989848,51.1814864371731,14.045371609293275,41.93023121919458,1,12.299050898173673,8.945420072890242,182.65564292321923,33.02562857664382,41.93023121919458,12.077489591266911,51.1814864371731,14.045371609293275,29.183533827794083,28.47772968648808,8.663429977676449,33.8792315939407,8.959743864646901
513,2025-11-07 18:00:04.655,L_6vSQ==,PACKET_DATA,28.76,421.93,81.13,1.195,4.718,154.0,728.0,398.0,120.0,3666.0,267.0,158.0,172.0,2882.0,4834.0,1.0,5.0,241.3,18,12.686475339607352,241.3,291.3,2025-11-07,28.76,421.93,291.3,12.686475339607352,900.0,291.3,291.3,291.29999999999995,1.414890303,53.649961480760645,14.662490370190161,43.78431256079543,1,12.538198136710294,8.75217098886468,182.65564292321923,33.971364612400784,43.78431256079543,12.614422191896205,53.649961480760645,14.662490370190161,29.18354852362316,28.47772968648808,8.675502588022978,33.8792315939407,8.959743864646901
514,2025-11-07 18:15:07.420,L_6vSQ==,PACKET_DATA,28.51,419.75,81.63,1.025,4.72,106.0,522.0,287.0,83.0,2542.0,184.0,109.0,118.0,2009.0,3292.0,1.0,5.0,164.6,18,10.15379573151894,164.6,214.6,2025-11-07,28.51,419.75,214.6,10.15379573151894,900.0,214.6,214.6,214.60000000000005,1.297515526,39.967158533462054,10.890147560038617,33.29580949964185,1,10.200097262396456,8.797797935208026,182.65564292321923,31.401622354879,33.29580949964185,10.059442715596642,39.967158533462054,10.890147560038617,29.183562120196292,28.47772968648808,8.664670656940519,33.8792315939407,8.959743864646901
515,2025-11-07 18:30:04.696,L_6vSQ==,PACKET_DATA,28.62,419.5,81.77,1.041,4.719,106.0,522.0,287.0,83.0,2539.0,184.0,108.0,118.0,2008.0,3288.0,1.0,5.0,166.11,18,10.180767670686294,166.11,216.11,2025-11-07,28.62,419.5,216.11,10.180767670686294,900.0,216.11,216.11,216.10999999999996,1.2998262940999998,40.264642723457904,10.97939281703737,33.528188710048035,1,10.217789595177392,8.7709744471692,182.65564292321923,30.16580147633645,33.528188710048035,9.984868930932796,40.264642723457904,10.97939281703737,29.18357469973842,28.47772968648808,8.663423841393907,33.8792315939407,8.959743864646901
516,2025-11-07 18:45:01.927,L_6vSQ==,PACKET_DATA,27.99,420.86,82.82,0.934,4.722,77.0,399.0,219.0,60.0,1840.0,132.0,78.0,85.0,1454.0,2336.0,1.0,5.0,116.18,18,8.248428614756198,116.18,166.18,2025-11-07,27.99,420.86,166.18,8.248428614756198,900.0,166.18,166.18,166.17999999999998,1.1880750011999999,30.833826247689462,7.944608749229821,26.037819321146756,1,8.046319935820554,8.938115283786793,182.65564292321923,29.465247701107398,26.037819321146756,7.770913837996017,30.833826247689462,7.944608749229821,29.18358633832401,28.47772968648808,8.670187152530257,33.8792315939407,8.959743864646901
517,2025-11-07 19:00:04.802,L_6vSQ==,PACKET_DATA,27.76,422.0,84.24,0.847,4.696,57.0,285.0,159.0,44.0,1364.0,98.0,58.0,63.0,1095.0,1732.0,1.0,5.0,80.39,19,6.565130018905515,80.39,130.39,2025-11-07,27.76,422.0,130.39,6.565130018905515,900.0,130.39,130.39,130.39,1.0959035825999999,24.3866125044154,5.7955375014718,20.872456470796113,1,6.223944570839013,9.007890136431088,182.65564292321923,28.990171895499728,20.872456470796113,5.985064442644727,24.3866125044154,5.7955375014718,29.183597106337118,28.47772968648808,8.675842302902959,33.8792315939407,8.959743864646901
518,2025-11-07 19:15:02.080,L_6vSQ==,PACKET_DATA,27.37,425.2,85.0,0.832,4.649,54.0,284.0,157.0,43.0,1310.0,94.0,55.0,61.0,1046.0,1646.0,1.0,5.0,87.63,19,7.039001915533433,87.63,137.63,2025-11-07,27.37,425.2,137.63,7.039001915533433,900.0,137.63,137.63,137.63,1.1145490442,25.665312610385023,6.221770870128341,21.896922276820526,1,6.703202326920325,9.13347845484929,182.65564292321923,28.61947773654765,21.896922276820526,6.409129317690226,25.665312610385023,6.221770870128341,29.183607068897032,28.47772968648808,8.691650618356356,33.8792315939407,8.959743864646901
519,2025-11-07 19:30:04.959,L_6vSQ==,PACKET_DATA,27.97,426.86,83.83,1.085,4.721,110.0,562.0,305.0,86.0,2625.0,189.0,112.0,122.0,2067.0,3363.0,1.0,5.0,172.61,19,10.652591475592672,172.61,222.61,2025-11-07,27.97,426.86,222.61,10.652591475592672,900.0,222.61,222.61,222.60999999999999,1.3097733091,41.54520380622156,11.363561141866466,34.528496569412454,1,10.662579676114184,8.972156764388787,182.65564292321923,30.366506095577456,34.528496569412454,10.24102279729049,41.54520380622156,11.363561141866466,29.183616286252093,28.47772968648808,8.6998100789451,33.8792315939407,8.959743864646901
520,2025-11-07 19:45:02.201,L_6vSQ==,PACKET_DATA,27.99,427.29,83.55,1.002,4.721,94.0,470.0,258.0,74.0,2266.0,164.0,96.0,106.0,1799.0,2915.0,1.0,5.0,150.55,19,9.77700574474047,150.55,200.55,2025-11-07,27.99,427.29,200.55,9.77700574474047,900.0,200.55,200.55,200.55000000000004,1.2760146705,37.1991765007191,10.059752950215728,31.13360558824646,1,9.940822641718503,8.968661504094818,182.65564292321923,30.320644930173657,31.13360558824646,9.566865007592401,37.1991765007191,10.059752950215728,29.18362481414402,28.47772968648808,8.70191820313028,33.8792315939407,8.959743864646901
521,2025-11-07 20:00:05.024,L_6vSQ==,PACKET_DATA,28.44,423.82,82.35,1.103,4.72,125.0,606.0,332.0,98.0,2990.0,217.0,128.0,140.0,2361.0,3898.0,1.0,5.0,198.81,20,11.45071685985534,198.81,248.81,2025-11-07,28.44,423.82,248.81,11.45071685985534,900.0,248.81,248.81,248.80999999999995,1.3498674310999998,46.70685001674579,12.912055005023737,38.56050671023519,1,11.340290599640554,8.834316104993256,182.65564292321923,32.18664329733413,38.56050671023519,11.232040602416742,46.70685001674579,12.912055005023737,29.183632704145033,28.47772968648808,8.68484135155237,33.8792315939407,8.959743864646901
522,2025-11-07 20:15:02.258,L_6vSQ==,PACKET_DATA,29.6,420.38,78.08,1.331,4.717,209.0,1005.0,540.0,162.0,4939.0,361.0,214.0,231.0,3800.0,6590.0,1.0,5.0,328.51,20,14.54246541120504,328.51,378.51,2025-11-07,29.6,420.38,378.51,14.54246541120504,900.0,378.51,378.51,378.51,1.5337434228,70.97830680377517,19.793492041132552,57.279755851326804,1,14.431303232239799,8.62003260427469,182.65564292321923,33.29437145686678,57.279755851326804,14.1778620548403,70.97830680377517,19.793492041132552,29.183640003969714,28.47772968648808,8.66779350138545,33.8792315939407,8.959743864646901
523,2025-11-07 20:30:10.697,L_6vSQ==,PACKET_DATA,30.74,414.47,74.31,1.391,4.718,230.0,1215.0,638.0,177.0,5404.0,389.0,231.0,247.0,4011.0,7153.0,1.0,5.0,355.36,20,14.63237698419239,355.36,405.36,2025-11-07,30.74,414.47,405.36,14.63237698419239,900.0,405.36,405.36,405.36000000000007,1.5681698984,76.33555114586983,21.534220458347928,61.54480812006726,1,14.626829105853574,8.625653572569542,182.65564292321923,34.013991689225,61.54480812006726,14.43909347285694,76.33555114586983,21.534220458347928,29.18364675776357,28.47772968648808,8.63823744767067,33.8792315939407,8.959743864646901
524,2025-11-07 20:45:02.308,L_6vSQ==,PACKET_DATA,30.88,411.5,73.31,1.363,4.724,225.0,1086.0,583.0,174.0,5312.0,388.0,231.0,248.0,4029.0,7147.0,1.0,5.0,349.35,20,14.446454740017984,349.35,399.35,2025-11-07,30.88,411.5,399.35,14.446454740017984,900.0,399.35,399.35,399.35,1.561758218,75.1663359402358,21.066534376094317,60.56122170908081,1,14.461624057716664,8.630904116716772,182.65564292321923,34.53851443396248,60.56122170908081,14.235928441239398,75.1663359402358,21.066534376094317,29.183653006369997,28.47772968648808,8.62325941321089,33.8792315939407,8.959743864646901
525,2025-11-07 21:00:05.144,L_6vSQ==,PACKET_DATA,29.12,409.3,79.28,0.818,4.65,55.0,284.0,157.0,43.0,1314.0,94.0,56.0,61.0,1037.0,1669.0,1.0,5.0,82.47,21,6.319251379394345,82.47,132.47,2025-11-07,29.12,409.3,132.47,6.319251379394345,900.0,132.47,132.47,132.46999999999997,1.1012602898,24.75397386082656,5.917991286942186,21.166778138825226,1,6.064394591662248,8.62214894958918,182.65564292321923,32.66551909520494,21.166778138825226,6.973361848387578,24.75397386082656,5.917991286942186,29.183658787577297,28.47772968648808,8.612112033515606,33.8792315939407,8.959743864646901
526,2025-11-07 21:15:02.349,L_6vSQ==,PACKET_DATA,28.74,410.31,81.13,0.982,4.724,90.0,445.0,246.0,70.0,2157.0,156.0,92.0,100.0,1712.0,2778.0,1.0,5.0,134.92,21,8.833178664932415,134.92,184.92,2025-11-07,28.74,410.31,184.92,8.833178664932415,900.0,184.92,184.92,184.92000000000002,1.2363368728,34.29778188539742,9.099260628465807,28.813062779601267,1,8.818721058038792,8.699236653842258,182.65564292321923,34.19464186139752,28.813062779601267,9.883063805764241,34.29778188539742,9.099260628465807,29.18366413634717,28.47772968648808,8.6172339536545,33.8792315939407,8.959743864646901
527,2025-11-07 21:30:05.264,L_6vSQ==,PACKET_DATA,30.56,406.92,75.18,1.434,4.72,258.0,1246.0,664.0,200.0,6087.0,445.0,264.0,283.0,4592.0,8181.0,1.0,5.0,409.34,21,15.350540631123284,409.34,459.34,2025-11-07,30.56,406.92,459.34,15.350540631123284,900.0,459.34,459.34,459.3399999999999,1.6239414946,86.86771890266816,25.560315670800446,70.29262311054903,1,15.262326373562685,8.560579721843691,182.65564292321923,35.425306442253735,70.29262311054903,14.409142298431078,86.86771890266816,25.560315670800446,29.18366908502617,28.47772968648808,8.600002676805207,33.8792315939407,8.959743864646901
528,2025-11-07 21:45:02.402,L_6vSQ==,PACKET_DATA,29.72,407.4,78.07,1.032,4.723,102.0,522.0,286.0,80.0,2437.0,176.0,104.0,113.0,1900.0,3147.0,1.0,5.0,159.78,21,9.581887792720815,159.78,209.78,2025-11-07,29.72,407.4,209.78,9.581887792720815,900.0,209.78,209.78,209.78,1.2901394318,39.017573238243465,10.60527197147304,32.55404274854392,1,9.727713591184473,8.544563097406293,182.65564292321923,33.244172632168144,32.55404274854392,10.372706607798895,39.017573238243465,10.60527197147304,29.183673663541313,28.47772968648808,8.60244796552741,33.8792315939407,8.959743864646901
529,2025-11-07 22:00:05.321,L_6vSQ==,PACKET_DATA,29.0,406.67,80.58,1.006,4.724,90.0,447.0,246.0,70.0,2158.0,156.0,92.0,100.0,1700.0,2770.0,1.0,5.0,135.65,22,8.778845039307237,135.65,185.65,2025-11-07,29.0,406.67,185.65,8.778845039307237,900.0,185.65,185.65,185.64999999999998,1.2382168709999999,34.43271719038817,9.144239063462724,28.921169915389513,1,8.785507348460895,8.629455278752932,182.65564292321923,31.62667669818233,28.921169915389513,8.919766400259462,34.43271719038817,9.144239063462724,29.18367789958105,28.47772968648808,8.598726560138518,33.8792315939407,8.959743864646901
530,2025-11-07 22:15:02.511,L_6vSQ==,PACKET_DATA,28.5,408.0,81.94,0.935,4.723,77.0,403.0,221.0,60.0,1849.0,132.0,78.0,86.0,1458.0,2348.0,1.0,5.0,116.17,22,8.061485918563113,116.17,166.17000000000002,2025-11-07,28.5,408.0,166.17000000000002,8.061485918563113,900.0,166.17000000000002,166.17000000000002,166.17000000000002,1.1880492478,30.83197781885398,7.9439926062846595,26.03633840147843,1,7.8757094812219925,8.742469109580803,182.65564292321923,30.709761550812615,26.03633840147843,7.7768923653508555,30.83197781885398,7.9439926062846595,29.18368181876273,28.47772968648808,8.605501313080284,33.8792315939407,8.959743864646901
531,2025-11-07 22:30:05.332,L_6vSQ==,PACKET_DATA,28.5,410.7,82.09,1.028,4.726,96.0,486.0,267.0,75.0,2296.0,165.0,103.0,113.0,1917.0,3118.0,1.0,5.0,145.15,22,9.32513811893458,145.15,195.15,2025-11-07,28.5,410.7,195.15,9.32513811893458,900.0,195.15,195.15,195.14999999999998,1.2626826009999998,36.18872458410351,9.729574861367837,30.32804360030508,1,9.419569726669305,8.755871832678531,182.65564292321923,32.317059155156336,30.32804360030508,9.609517948787564,36.18872458410351,9.729574861367837,29.183685444787507,28.47772968648808,8.619206309201575,33.8792315939407,8.959743864646901
532,2025-11-07 22:45:02.630,L_6vSQ==,PACKET_DATA,28.62,410.94,82.09,1.032,4.723,104.0,529.0,289.0,81.0,2492.0,180.0,106.0,116.0,1962.0,3204.0,1.0,5.0,159.64,22,9.874423393003813,159.64,209.64,2025-11-07,28.62,410.94,209.64,9.874423393003813,900.0,209.64,209.64,209.63999999999993,1.2899251883999998,38.9899919226147,10.596997576784409,32.532497656188376,1,9.951696431728957,8.728933112313909,182.65564292321923,33.09247265881663,32.532497656188376,10.349010439934252,38.9899919226147,10.596997576784409,29.183688799583674,28.47772968648808,8.620420864135841,33.8792315939407,8.959743864646901
533,2025-11-07 23:00:05.387,L_6vSQ==,PACKET_DATA,29.74,409.33,78.02,1.277,4.72,203.0,981.0,528.0,158.0,4812.0,351.0,178.0,192.0,3136.0,5402.0,1.0,5.0,337.34,23,14.505652373048264,337.34,387.34,2025-11-07,29.74,409.33,387.34,14.505652373048264,900.0,387.34,387.34,387.34000000000003,1.5456134152,72.75521703258005,20.326565109774013,58.667785904077206,1,14.398662143206067,8.553532746250466,182.65564292321923,33.79293235430368,58.667785904077206,14.117551663621988,72.75521703258005,20.326565109774013,29.183691903439275,28.47772968648808,8.61225927052555,33.8792315939407,8.959743864646901
534,2025-11-07 23:15:02.620,L_6vSQ==,PACKET_DATA,29.8,405.78,78.04,1.157,4.721,148.0,735.0,399.0,115.0,3514.0,255.0,151.0,164.0,2724.0,4609.0,1.0,5.0,229.29,23,11.883421641572316,229.29,279.29,2025-11-07,29.8,405.78,279.29,11.883421641572316,900.0,279.29,279.29,279.2900000000001,1.3965112799000001,51.702104366865356,14.175526091716339,42.32126939965048,1,11.759538347012771,8.531814731873823,182.65564292321923,32.51528180063637,42.32126939965048,11.881768073525532,51.702104366865356,14.175526091716339,29.183694775124806,28.47772968648808,8.594181306472791,33.8792315939407,8.959743864646901
535,2025-11-07 23:30:05.497,L_6vSQ==,PACKET_DATA,29.11,404.23,79.73,1.033,4.721,102.0,529.0,289.0,80.0,2446.0,176.0,109.0,119.0,2004.0,3295.0,1.0,5.0,157.37,23,9.613573253910994,157.37,207.37,2025-11-07,29.11,404.23,207.37,9.613573253910994,900.0,207.37,207.37,207.36999999999998,1.2864513846999999,38.54278059063417,10.46283417719025,32.18315937299496,1,9.722606047770887,8.598012544647723,182.65564292321923,31.040793298557297,32.18315937299496,9.66309139227102,38.54278059063417,10.46283417719025,29.18369743200671,28.47772968648808,8.586252859201906,33.8792315939407,8.959743864646901
536,2025-11-07 23:45:02.765,L_6vSQ==,PACKET_DATA,28.94,406.0,80.65,1.058,4.72,107.0,533.0,292.0,83.0,2550.0,184.0,109.0,119.0,2008.0,3296.0,1.0,5.0,161.41,23,9.825173054256265,161.41,211.41,2025-11-07,28.94,406.0,211.41,9.825173054256265,900.0,211.41,211.41,211.41,1.2926338371,39.33869855592112,10.701609566776336,32.804889180969155,1,9.895285356017776,8.637172588616933,182.65564292321923,30.204945236270518,32.804889180969155,9.738188551200421,39.33869855592112,10.701609566776336,29.18369989015241,28.47772968648808,8.595304079553593,33.8792315939407,8.959743864646901
537,2025-11-08 00:00:00.027,L_6vSQ==,PACKET_DATA,29.12,405.67,79.87,1.147,4.72,137.0,694.0,376.0,107.0,3273.0,237.0,140.0,152.0,2549.0,4256.0,1.0,5.0,215.62,0,11.653536898210923,215.62,265.62,2025-11-08,29.12,405.67,265.62,11.653536898210923,900.0,265.62,265.62,265.62,1.3755919422,49.48501804322264,13.62125451080566,40.656007117148256,1,11.497551342348784,8.603714205386822,182.65564292321923,32.14727512391483,40.656007117148256,11.464593861287678,49.48501804322264,13.62125451080566,29.18370216442749,28.47772968648808,8.593618232632725,33.8792315939407,8.959743864646901
538,2025-11-08 00:15:02.849,L_6vSQ==,PACKET_DATA,30.25,403.69,76.47,1.313,4.718,212.0,1025.0,551.0,164.0,5011.0,365.0,217.0,234.0,3838.0,6692.0,1.0,5.0,329.0,0,14.11178612325331,329.0,379.0,2025-11-08,30.25,403.69,379.0,14.11178612325331,900.0,379.0,379.0,379.0,1.53440212,71.07691224116073,19.82307367234822,57.35678130159268,1,14.016004455998338,8.519719937944599,182.65564292321923,33.25590106180225,57.35678130159268,13.899188153556437,71.07691224116073,19.82307367234822,29.183704268585565,28.47772968648808,8.583484846304655,33.8792315939407,8.959743864646901
539,2025-11-08 00:30:00.091,L_6vSQ==,PACKET_DATA,30.84,401.46,74.61,1.315,4.721,217.0,1062.0,570.0,168.0,5133.0,374.0,222.0,239.0,3902.0,6867.0,1.0,5.0,337.83,0,14.0871977936523,337.83,387.83,2025-11-08,30.84,401.46,387.83,14.0871977936523,900.0,387.83,387.83,387.83000000000004,1.5462721124,72.85382246996559,20.35614674098968,58.74481135434309,1,14.063184048571106,8.566542863267749,182.65564292321923,34.008320067516266,58.74481135434309,13.9731103939762,72.85382246996559,20.35614674098968,29.18370621535148,28.47772968648808,8.57203130650692,33.8792315939407,8.959743864646901
540,2025-11-08 00:45:02.881,L_6vSQ==,PACKET_DATA,30.12,399.75,76.67,1.148,4.722,140.0,695.0,378.0,109.0,3322.0,241.0,143.0,155.0,2573.0,4354.0,1.0,5.0,217.69,0,11.400857893025682,217.69,267.69,2025-11-08,30.12,399.75,267.69,11.400857893025682,900.0,267.69,267.69,267.69000000000005,1.3787596839,49.820743624052234,13.705185906013059,40.908171925105805,1,11.320166089316096,8.49448490726995,182.65564292321923,32.52141138217997,40.908171925105805,11.524250009582943,49.820743624052234,13.705185906013059,29.183708016498258,28.47772968648808,8.563219683915937,33.8792315939407,8.959743864646901
541,2025-11-08 01:00:00.158,L_6vSQ==,PACKET_DATA,28.94,401.5,81.12,0.919,4.675,73.0,353.0,229.0,151.0,1777.0,128.0,228.0,294.0,1305.0,1823.0,1.0,5.0,811.29,1,15.287813634319118,811.29,861.29,2025-11-08,28.94,401.5,861.29,15.287813634319118,900.0,861.29,600.0,600.0,1.783429,95.0,28.0,76.64513905509547,1,17.155749092898716,8.61432100471692,182.65564292321923,35.67390315047235,76.64513905509547,14.985439689635104,95.0,28.0,29.18370968291828,28.47772968648808,8.572236586424069,33.8792315939407,8.959743864646901
542,2025-11-08 01:15:04.832,L_6vSQ==,PACKET_DATA,27.55,407.36,84.97,-0.002,4.577,0.0,0.0,0.0,0.0,0.0,0.0,0.0,0.0,0.0,0.0,0.0,5.0,0.0,1,-1.3152354805633912,0.0,0.0,2025-11-08,27.55,407.36,0.0,-1.3152354805633912,900.0,0.0,0.0,0.0,0.0,19.0,4.0,16.55682351251732,1,0.0,8.995700435320188,182.65564292321923,34.72830171231937,16.55682351251732,0.3499717911996463,19.0,4.0,29.18371122468919,28.47772968648808,8.602238458470408,33.8792315939407,8.959743864646901
543,2025-11-08 01:30:00.501,L_6vSQ==,PACKET_DATA,27.0,415.27,87.17,-0.002,4.509,0.0,0.0,0.0,0.0,0.0,0.0,0.0,0.0,0.0,0.0,0.0,5.0,0.0,1,-1.232426537881258,0.0,0.0,2025-11-08,27.0,415.27,0.0,-1.232426537881258,900.0,0.0,0.0,0.0,0.0,19.0,4.0,16.55682351251732,1,0.0,9.185823056134426,182.65564292321923,32.819621585599904,16.55682351251732,0.0,19.0,4.0,29.1837126511348,28.47772968648808,8.642247636924527,33.8792315939407,8.959743864646901
544,2025-11-08 01:45:01.299,L_6vSQ==,PACKET_DATA,26.5,424.5,88.51,-0.002,4.452,0.0,0.0,0.0,0.0,0.0,0.0,0.0,0.0,0.0,0.0,0.0,5.0,0.0,1,-1.1563858083064351,0.0,0.0,2025-11-08,26.5,424.5,0.0,-1.1563858083064351,900.0,0.0,0.0,0.0,0.0,19.0,4.0,16.55682351251732,1,0.0,9.35115041509785,182.65564292321923,31.737641913873595,16.55682351251732,0.0,19.0,4.0,29.183713970881513,28.47772968648808,8.688185066365325,33.8792315939407,8.959743864646901
545,2025-11-08 02:00:01.984,L_6vSQ==,PACKET_DATA,26.25,430.5,89.39,-0.003,4.388,0.0,0.0,0.0,0.0,0.0,0.0,0.0,0.0,0.0,0.0,0.0,5.0,0.0,2,-1.1210565797065897,0.0,0.0,2025-11-08,26.25,430.5,0.0,-1.1210565797065897,900.0,0.0,0.0,0.0,0.0,19.0,4.0,16.55682351251732,1,0.0,9.430394902215896,182.65564292321923,31.003904715714278,16.55682351251732,0.0,19.0,4.0,29.183715191910455,28.47772968648808,8.717591728333504,33.8792315939407,8.959743864646901
546,2025-11-08 02:15:02.636,L_6vSQ==,PACKET_DATA,25.87,437.5,90.18,-0.003,4.332,0.0,0.0,0.0,0.0,0.0,0.0,0.0,0.0,0.0,0.0,0.0,5.0,0.0,2,-1.0635042730890607,0.0,0.0,2025-11-08,25.87,437.5,0.0,-1.0635042730890607,900.0,0.0,0.0,0.0,0.0,19.0,4.0,16.55682351251732,1,0.0,9.523966787482978,182.65564292321923,30.431381151363077,16.55682351251732,0.0,19.0,4.0,29.183716321605775,28.47772968648808,8.751424462184815,33.8792315939407,8.959743864646901
547,2025-11-08 02:30:03.335,L_6vSQ==,PACKET_DATA,25.55,444.5,90.91,-0.003,4.265,0.0,0.0,0.0,0.0,0.0,0.0,0.0,0.0,0.0,0.0,0.0,5.0,0.0,2,-1.0195959327751218,0.0,0.0,2025-11-08,25.55,444.5,0.0,-1.0195959327751218,900.0,0.0,0.0,0.0,0.0,19.0,4.0,16.55682351251732,1,0.0,9.59057418757307,182.65564292321923,29.94565148841572,16.55682351251732,0.0,19.0,4.0,29.18371736679928,28.47772968648808,8.784724315867962,33.8792315939407,8.959743864646901
548,2025-11-08 02:45:04.022,L_6vSQ==,PACKET_DATA,25.44,451.5,91.45,-0.002,4.207,0.0,0.0,0.0,0.0,0.0,0.0,0.0,0.0,0.0,0.0,0.0,5.0,0.0,2,-1.0144046463929275,0.0,0.0,2025-11-08,25.44,451.5,0.0,-1.0144046463929275,900.0,0.0,0.0,0.0,0.0,19.0,4.0,16.55682351251732,1,0.0,9.631290873294947,182.65564292321923,29.5159208606036,16.55682351251732,0.0,19.0,4.0,29.18371833381174,28.47772968648808,8.817468876417653,33.8792315939407,8.959743864646901
549,2025-11-08 03:00:04.717,L_6vSQ==,PACKET_DATA,25.25,456.0,91.8,-0.003,4.15,0.0,0.0,0.0,0.0,0.0,0.0,0.0,0.0,0.0,0.0,0.0,5.0,0.0,3,-0.9907417678859628,0.0,0.0,2025-11-08,25.25,456.0,0.0,-0.9907417678859628,900.0,0.0,0.0,0.0,0.0,19.0,4.0,16.55682351251732,1,0.0,9.660537181680484,182.65564292321923,29.128397329241107,16.55682351251732,0.0,19.0,4.0,29.18371922849115,28.47772968648808,8.838215211729691,33.8792315939407,8.959743864646901
550,2025-11-08 03:15:00.470,L_6vSQ==,PACKET_DATA,25.12,461.5,92.18,-0.002,4.088,0.0,0.0,0.0,0.0,0.0,0.0,0.0,0.0,0.0,0.0,0.0,5.0,0.0,3,-0.979787847145314,0.0,0.0,2025-11-08,25.12,461.5,0.0,-0.979787847145314,900.0,0.0,0.0,0.0,0.0,19.0,4.0,16.55682351251732,1,0.0,9.68812071405874,182.65564292321923,28.7760093726245,16.55682351251732,0.0,19.0,4.0,29.183720056248056,28.47772968648808,8.863238843074496,33.8792315939407,8.959743864646901
551,2025-11-08 03:30:06.190,L_6vSQ==,PACKET_DATA,25.0,467.0,92.47,-0.003,4.031,0.0,0.0,0.0,0.0,0.0,0.0,0.0,0.0,0.0,0.0,0.0,5.0,0.0,3,-0.9707430785000656,0.0,0.0,2025-11-08,25.0,467.0,0.0,-0.9707430785000656,900.0,0.0,0.0,0.0,0.0,19.0,4.0,16.55682351251732,1,0.0,9.712701335150904,182.65564292321923,28.454426348018252,16.55682351251732,0.0,19.0,4.0,29.1837208220883,28.47772968648808,8.887885805332873,33.8792315939407,8.959743864646901
552,2025-11-08 03:45:01.917,L_6vSQ==,PACKET_DATA,24.94,469.0,92.59,-0.003,3.972,0.0,0.0,0.0,0.0,0.0,0.0,0.0,0.0,0.0,0.0,0.0,5.0,0.0,3,-0.9650184601682223,0.0,0.0,2025-11-08,24.94,469.0,0.0,-0.9650184601682223,900.0,0.0,0.0,0.0,0.0,19.0,4.0,16.55682351251732,1,0.0,9.720576462794332,182.65564292321923,28.16051102095396,16.55682351251732,0.0,19.0,4.0,29.183721530643282,28.47772968648808,8.896752732184922,33.8792315939407,8.959743864646901
553,2025-11-08 04:00:02.539,L_6vSQ==,PACKET_DATA,24.74,474.22,92.92,-0.004,3.911,0.0,0.0,0.0,0.0,0.0,0.0,0.0,0.0,0.0,0.0,0.0,5.0,0.0,4,-0.9444226625537232,0.0,0.0,2025-11-08,24.74,474.22,0.0,-0.9444226625537232,900.0,0.0,0.0,0.0,0.0,19.0,4.0,16.55682351251732,1,0.0,9.735737419533208,182.65564292321923,27.891711155775038,16.55682351251732,0.0,19.0,4.0,29.183722186197965,28.47772968648808,8.91965018206408,33.8792315939407,8.959743864646901
554,2025-11-08 04:15:03.266,L_6vSQ==,PACKET_DATA,24.69,479.82,93.03,-0.003,3.849,0.0,0.0,0.0,0.0,0.0,0.0,0.0,0.0,0.0,0.0,0.0,5.0,0.0,4,-0.9465392926931724,0.0,0.0,2025-11-08,24.69,479.82,0.0,-0.9465392926931724,900.0,0.0,0.0,0.0,0.0,19.0,4.0,16.55682351251732,1,0.0,9.757570190388138,182.65564292321923,27.645814262821702,16.55682351251732,0.0,19.0,4.0,29.183722792716807,28.47772968648808,8.943811341297433,33.8792315939407,8.959743864646901
555,2025-11-08 04:30:03.923,L_6vSQ==,PACKET_DATA,24.69,485.2,93.22,-0.003,3.79,0.0,0.0,0.0,0.0,0.0,0.0,0.0,0.0,0.0,0.0,0.0,5.0,0.0,4,-0.9548914471367738,0.0,0.0,2025-11-08,24.69,485.2,0.0,-0.9548914471367738,900.0,0.0,0.0,0.0,0.0,19.0,4.0,16.55682351251732,1,0.0,9.78098693547062,182.65564292321923,27.420843307260636,16.55682351251732,0.0,19.0,4.0,29.183723353867713,28.47772968648808,8.966619558986089,33.8792315939407,8.959743864646901
556,2025-11-08 04:45:04.636,L_6vSQ==,PACKET_DATA,24.5,486.2,93.35,-0.003,3.737,0.0,0.0,0.0,0.0,0.0,0.0,0.0,0.0,0.0,0.0,0.0,5.0,0.0,4,-0.9308696438764752,0.0,0.0,2025-11-08,24.5,486.2,0.0,-0.9308696438764752,900.0,0.0,0.0,0.0,0.0,19.0,4.0,16.55682351251732,1,0.0,9.770201984496447,182.65564292321923,27.215007608147214,16.55682351251732,0.0,19.0,4.0,29.183723873044226,28.47772968648808,8.970814487913461,33.8792315939407,8.959743864646901
557,2025-11-08 05:00:00.341,L_6vSQ==,PACKET_DATA,24.5,490.0,93.47,-0.003,3.691,0.0,0.0,0.0,0.0,0.0,0.0,0.0,0.0,0.0,0.0,0.0,5.0,0.0,5,-0.936506614441628,0.0,0.0,2025-11-08,24.5,490.0,0.0,-0.936506614441628,900.0,0.0,0.0,0.0,0.0,19.0,4.0,16.55682351251732,1,0.0,9.786607242750021,182.65564292321923,27.02667577780151,16.55682351251732,0.0,19.0,4.0,29.183724353386058,28.47772968648808,8.986626195625886,33.8792315939407,8.959743864646901
558,2025-11-08 05:15:01.061,L_6vSQ==,PACKET_DATA,24.37,492.29,93.55,-0.002,3.634,0.0,0.0,0.0,0.0,0.0,0.0,0.0,0.0,0.0,0.0,0.0,5.0,0.0,5,-0.9234580253094437,0.0,0.0,2025-11-08,24.37,492.29,0.0,-0.9234580253094437,900.0,0.0,0.0,0.0,0.0,19.0,4.0,16.55682351251732,1,0.0,9.782847096120102,182.65564292321923,26.854357852264734,16.55682351251732,0.0,19.0,4.0,29.18372479779806,28.47772968648808,8.996054901748138,33.8792315939407,8.959743864646901
559,2025-11-08 05:30:01.812,L_6vSQ==,PACKET_DATA,24.25,493.7,93.53,-0.003,3.578,0.0,0.0,0.0,0.0,0.0,0.0,0.0,0.0,0.0,0.0,0.0,5.0,0.0,5,-0.9111659738512348,0.0,0.0,2025-11-08,24.25,493.7,0.0,-0.9111659738512348,900.0,0.0,0.0,0.0,0.0,19.0,4.0,16.55682351251732,1,0.0,9.774029892045744,182.65564292321923,26.69669159849832,16.55682351251732,0.0,19.0,4.0,29.183725208967807,28.47772968648808,9.001822516242068,33.8792315939407,8.959743864646901
560,2025-11-08 05:45:02.492,L_6vSQ==,PACKET_DATA,24.25,497.0,93.66,-0.003,3.522,0.0,0.0,0.0,0.0,0.0,0.0,0.0,0.0,0.0,0.0,0.0,5.0,0.0,5,-0.91577088113352,0.0,0.0,2025-11-08,24.25,497.0,0.0,-0.91577088113352,900.0,0.0,0.0,0.0,0.0,19.0,4.0,16.55682351251732,1,0.0,9.788146772806185,182.65564292321923,26.552431010693667,16.55682351251732,0.0,19.0,4.0,29.18372558938183,28.47772968648808,9.015207360184997,33.8792315939407,8.959743864646901
561,2025-11-08 06:00:03.240,L_6vSQ==,PACKET_DATA,24.25,500.0,93.77,-0.003,3.471,0.0,0.0,0.0,0.0,0.0,0.0,0.0,0.0,0.0,0.0,0.0,5.0,0.0,6,-0.919803999657697,0.0,0.0,2025-11-08,24.25,500.0,0.0,-0.919803999657697,900.0,0.0,0.0,0.0,0.0,19.0,4.0,16.55682351251732,1,0.0,9.80078754268583,182.65564292321923,26.420436179949824,16.55682351251732,0.0,19.0,4.0,29.183725941340683,28.47772968648808,9.027235244748688,33.8792315939407,8.959743864646901
562,2025-11-08 06:15:03.933,L_6vSQ==,PACKET_DATA,24.25,503.38,93.91,-0.003,3.415,0.0,0.0,0.0,0.0,0.0,0.0,0.0,0.0,0.0,0.0,0.0,5.0,0.0,6,-0.924172718059788,0.0,0.0,2025-11-08,24.25,503.38,0.0,-0.924172718059788,900.0,0.0,0.0,0.0,0.0,19.0,4.0,16.55682351251732,1,0.0,9.81480729940994,182.65564292321923,26.299664177723287,16.55682351251732,0.0,19.0,4.0,29.183726266972823,28.47772968648808,9.040624381907348,33.8792315939407,8.959743864646901
563,2025-11-08 06:30:04.558,L_6vSQ==,PACKET_DATA,24.12,507.0,93.85,-0.003,3.358,0.0,0.0,0.0,0.0,0.0,0.0,0.0,0.0,0.0,0.0,0.0,5.0,0.0,6,-0.9142061318554102,0.0,0.0,2025-11-08,24.12,507.0,0.0,-0.9142061318554102,900.0,0.0,0.0,0.0,0.0,19.0,4.0,16.55682351251732,1,0.0,9.811712880583796,182.65564292321923,26.189160773202993,16.55682351251732,0.0,19.0,4.0,29.183726568247504,28.47772968648808,9.0547706397003,33.8792315939407,8.959743864646901
564,2025-11-08 06:45:05.258,L_6vSQ==,PACKET_DATA,24.06,509.6,93.91,-0.002,3.307,0.0,0.0,0.0,0.0,0.0,0.0,0.0,0.0,0.0,0.0,0.0,5.0,0.0,6,-0.9109777015915466,0.0,0.0,2025-11-08,24.06,509.6,0.0,-0.9109777015915466,900.0,0.0,0.0,0.0,0.0,19.0,4.0,16.55682351251732,1,0.0,9.813273165781409,182.65564292321923,26.088052877587387,16.55682351251732,0.0,19.0,4.0,29.183726846986676,28.47772968648808,9.064805601812509,33.8792315939407,8.959743864646901
565,2025-11-08 07:00:00.975,L_6vSQ==,PACKET_DATA,23.98,511.4,94.08,-0.003,3.255,0.0,0.0,0.0,0.0,0.0,0.0,0.0,0.0,0.0,0.0,0.0,5.0,0.0,7,-0.904926817645766,0.0,0.0,2025-11-08,23.98,511.4,0.0,-0.904926817645766,900.0,0.0,0.0,0.0,0.0,19.0,4.0,16.55682351251732,1,0.0,9.807791120928389,182.65564292321923,25.995541639529,16.55682351251732,0.0,19.0,4.0,29.183727104876006,28.47772968648808,9.071690771396483,33.8792315939407,8.959743864646901
566,2025-11-08 07:15:01.660,L_6vSQ==,PACKET_DATA,24.0,511.42,94.05,-0.003,3.204,0.0,0.0,0.0,0.0,0.0,0.0,0.0,0.0,0.0,0.0,0.0,5.0,0.0,7,-0.9069597452226432,0.0,0.0,2025-11-08,24.0,511.42,0.0,-0.9069597452226432,900.0,0.0,0.0,0.0,0.0,19.0,4.0,16.55682351251732,1,0.0,9.81115274457119,182.65564292321923,25.910896131008723,16.55682351251732,0.0,19.0,4.0,29.183727343475077,28.47772968648808,9.071766959118301,33.8792315939407,8.959743864646901
567,2025-11-08 07:30:07.472,L_6vSQ==,PACKET_DATA,23.98,511.9,94.19,-0.003,3.15,0.0,0.0,0.0,0.0,0.0,0.0,0.0,0.0,0.0,0.0,0.0,5.0,0.0,7,-0.9055088944411124,0.0,0.0,2025-11-08,23.98,511.9,0.0,-0.9055088944411124,900.0,0.0,0.0,0.0,0.0,19.0,4.0,16.55682351251732,1,0.0,9.809825043014376,182.65564292321923,25.83344757136682,16.55682351251732,0.0,19.0,4.0,29.183727564226807,28.47772968648808,9.073594192034546,33.8792315939407,8.959743864646901
568,2025-11-08 07:45:03.113,L_6vSQ==,PACKET_DATA,23.99,515.22,94.34,-0.002,3.097,0.0,0.0,0.0,0.0,0.0,0.0,0.0,0.0,0.0,0.0,0.0,5.0,0.0,7,-0.910268111262809,0.0,0.0,2025-11-08,23.99,515.22,0.0,-0.910268111262809,900.0,0.0,0.0,0.0,0.0,19.0,4.0,16.55682351251732,1,0.0,9.824826858768175,182.65564292321923,25.762584042934925,16.55682351251732,0.0,19.0,4.0,29.18372776846619,28.47772968648808,9.086132248478604,33.8792315939407,8.959743864646901
569,2025-11-08 08:00:03.849,L_6vSQ==,PACKET_DATA,23.97,517.36,94.25,-0.003,3.045,0.0,0.0,0.0,0.0,0.0,0.0,0.0,0.0,0.0,0.0,0.0,5.0,0.0,8,-0.9106107419219356,0.0,0.0,2025-11-08,23.97,517.36,0.0,-0.9106107419219356,900.0,0.0,0.0,0.0,0.0,19.0,4.0,16.55682351251732,1,0.0,9.830063139301075,182.65564292321923,25.69774565616271,16.55682351251732,0.0,19.0,4.0,29.183727957428356,28.47772968648808,9.094120165245778,33.8792315939407,8.959743864646901
570,2025-11-08 08:15:04.565,L_6vSQ==,PACKET_DATA,23.98,519.0,94.18,-0.003,2.991,0.0,0.0,0.0,0.0,0.0,0.0,0.0,0.0,0.0,0.0,0.0,5.0,0.0,8,-0.913334965611348,0.0,0.0,2025-11-08,23.98,519.0,0.0,-0.913334965611348,900.0,0.0,0.0,0.0,0.0,19.0,4.0,16.55682351251732,1,0.0,9.838141978073612,182.65564292321923,25.63842012590223,16.55682351251732,0.0,19.0,4.0,29.18372813225605,28.47772968648808,9.100191450920779,33.8792315939407,8.959743864646901
571,2025-11-08 09:00:48.614,L_6vSQ==,PACKET_DATA,23.94,522.0,94.38,-0.003,2.974,0.0,0.0,0.0,0.0,0.0,0.0,0.0,0.0,0.0,0.0,0.0,5.0,0.0,9,-0.912490990414252,0.0,0.0,2025-11-08,23.94,522.0,0.0,-0.912490990414252,900.0,0.0,0.0,0.0,0.0,19.0,4.0,16.55682351251732,1,0.0,9.843265361782281,182.65564292321923,25.584138723845616,16.55682351251732,0.0,19.0,4.0,29.18372829400654,28.47772968648808,9.111183461194303,33.8792315939407,8.959743864646901
572,2025-11-08 09:15:05.979,L_6vSQ==,PACKET_DATA,24.77,521.17,93.1,1.014,3.82,79.0,444.0,237.0,61.0,1896.0,133.0,79.0,87.0,1496.0,2334.0,1.0,5.0,117.08,9,9.19034993383916,117.08,167.07999999999998,2025-11-08,24.77,521.17,167.07999999999998,9.19034993383916,900.0,167.07999999999998,167.07999999999998,167.07999999999998,1.1903928071999998,31.00018484288355,8.000061614294516,26.171102091296657,1,9.005311767834698,9.925082574231222,182.65564292321923,26.97693313103365,26.171102091296657,8.661869568835453,31.00018484288355,8.000061614294516,29.183728443658005,28.47772968648808,9.10815714906825,33.8792315939407,8.959743864646901
573,2025-11-08 09:30:03.282,L_6vSQ==,PACKET_DATA,25.47,515.5,91.42,0.955,4.177,77.0,387.0,212.0,60.0,1862.0,134.0,79.0,87.0,1502.0,2360.0,1.0,5.0,117.2,9,9.130296211037248,117.2,167.2,2025-11-08,25.47,515.5,167.2,9.130296211037248,900.0,167.2,167.2,167.19999999999993,1.1907018479999998,31.022365988909417,8.007455329636471,26.188873127316633,1,8.962193514866584,9.88741849628536,182.65564292321923,27.61802613443668,26.188873127316633,8.48035675399719,31.022365988909417,8.007455329636471,29.183728582115457,28.47772968648808,9.087181512176596,33.8792315939407,8.959743864646901
574,2025-11-08 09:45:00.500,L_6vSQ==,PACKET_DATA,27.37,503.94,86.02,1.378,4.715,232.0,1112.0,591.0,180.0,5494.0,401.0,237.0,257.0,4246.0,7334.0,1.0,5.0,372.31,9,17.089044140389042,372.31,422.31,2025-11-08,27.37,503.94,422.31,17.089044140389042,900.0,422.31,422.31,422.30999999999995,1.5856824689,79.63308820668456,22.853235282673822,64.3188163839974,1,17.232697646636673,9.45479852596139,182.65564292321923,28.352522367180207,64.3188163839974,16.986782316560713,79.63308820668456,22.853235282673822,29.18372871021622,28.47772968648808,9.042825639798759,33.8792315939407,8.959743864646901
575,2025-11-08 10:00:03.306,L_6vSQ==,PACKET_DATA,27.53,490.25,83.59,1.165,4.719,147.0,713.0,387.0,115.0,3510.0,255.0,151.0,164.0,2753.0,4604.0,1.0,5.0,234.31,10,13.38939276613652,234.31,284.31,2025-11-08,27.53,490.25,284.31,13.38939276613652,900.0,284.31,284.31,284.30999999999995,1.4041934361,52.51627944694481,14.379069861736202,42.93279951363446,1,13.372109414984479,9.36203364817937,182.65564292321923,32.8881489268803,42.93279951363446,13.099547442034016,52.51627944694481,14.379069861736202,29.183728828734974,28.47772968648808,8.9876586575175,33.8792315939407,8.959743864646901
576,2025-11-08 10:15:00.610,L_6vSQ==,PACKET_DATA,26.87,485.63,85.4,0.832,4.635,54.0,280.0,154.0,42.0,1299.0,93.0,55.0,60.0,1039.0,1636.0,1.0,5.0,79.67,10,6.885621093120603,79.67,129.67000000000002,2025-11-08,26.87,485.63,129.67000000000002,6.885621093120603,900.0,129.67000000000002,129.67000000000002,129.67000000000002,1.0940493378,24.259448957965386,5.753149652655129,20.770575893401425,1,6.4641859093716345,9.526501660862907,182.65564292321923,31.340504380219716,20.770575893401425,6.349335714717327,24.259448957965386,5.753149652655129,29.183728938388466,28.47772968648808,8.968424425604365,33.8792315939407,8.959743864646901
577,2025-11-08 10:30:03.444,L_6vSQ==,PACKET_DATA,27.62,478.0,82.97,1.22,4.721,160.0,752.0,409.0,125.0,3815.0,278.0,164.0,179.0,3010.0,5031.0,1.0,5.0,255.83,10,13.941027753968635,255.83,305.83000000000004,2025-11-08,27.62,478.0,305.83000000000004,13.941027753968635,900.0,305.83000000000004,305.83000000000004,305.83000000000004,1.4360411524,56.26194639879621,15.378583919638864,45.78409885184198,1,13.925349637012511,9.290688100634256,182.65564292321923,33.462203279336244,45.78409885184198,13.597909986646272,56.26194639879621,15.378583919638864,29.183729039839815,28.47772968648808,8.936004596151196,33.8792315939407,8.959743864646901
578,2025-11-08 10:45:06.338,L_6vSQ==,PACKET_DATA,28.38,469.79,82.03,1.204,4.72,234.0,811.0,469.0,183.0,5616.0,426.0,248.0,271.0,4602.0,7849.0,1.0,5.0,375.79,10,16.51407191591509,375.79,425.79,2025-11-08,28.38,469.79,425.79,16.51407191591509,900.0,425.79,425.79,425.7899999999999,1.5892779701,80.3101046651881,23.124041866075242,64.88834728420252,1,16.52018001826633,9.054726503929292,182.65564292321923,34.645622840787375,64.88834728420252,15.47406917735917,80.3101046651881,23.124041866075242,29.183729133702546,28.47772968648808,8.90023995197117,33.8792315939407,8.959743864646901
579,2025-11-08 11:00:03.519,L_6vSQ==,PACKET_DATA,29.72,458.5,77.31,1.42,4.721,250.0,1208.0,642.0,193.0,5896.0,430.0,256.0,275.0,4472.0,7940.0,1.0,5.0,391.07,11,16.2418565783579,391.07,441.07,2025-11-08,29.72,458.5,441.07,16.2418565783579,900.0,441.07,441.07,441.07,1.6050651133,83.2827516439049,24.31310065756196,67.38904617935609,1,16.18944801226254,8.801528688816026,182.65564292321923,35.46494554329366,67.38904617935609,15.09691491794812,83.2827516439049,24.31310065756196,29.183729220544297,28.47772968648808,8.849634259865983,33.8792315939407,8.959743864646901
580,2025-11-08 11:15:00.828,L_6vSQ==,PACKET_DATA,29.27,449.06,78.45,1.181,4.722,149.0,709.0,387.0,116.0,3553.0,259.0,153.0,166.0,2775.0,4710.0,1.0,5.0,232.41,11,12.53753542715962,232.41,282.41,2025-11-08,29.27,449.06,282.41,12.53753542715962,900.0,282.41,282.41,282.41,1.4012858471,52.2081255321737,14.302031383043426,42.70134389280387,1,12.434424926322581,8.794584495142177,182.65564292321923,33.06851632388813,42.70134389280387,12.604209351286856,52.2081255321737,14.302031383043426,29.18372930089024,28.47772968648808,8.806117916293498,33.8792315939407,8.959743864646901
581,2025-11-08 11:30:03.579,L_6vSQ==,PACKET_DATA,28.38,445.8,82.55,0.898,4.726,70.0,352.0,195.0,55.0,1684.0,121.0,71.0,78.0,1339.0,2156.0,1.0,5.0,108.6,11,7.889642687170501,108.6,158.6,2025-11-08,28.38,445.8,158.6,7.889642687170501,900.0,158.6,158.6,158.59999999999997,1.1685539239999998,29.432717190388164,7.477572396796055,24.915282212550963,1,7.612971602871882,8.95110889923067,182.65564292321923,31.485483928828376,24.915282212550963,7.759823119948572,29.432717190388164,7.477572396796055,29.183729375226257,28.47772968648808,8.790846427498545,33.8792315939407,8.959743864646901
582,2025-11-08 11:45:00.849,L_6vSQ==,PACKET_DATA,28.74,443.25,81.36,1.126,4.723,137.0,670.0,364.0,107.0,3278.0,238.0,140.0,153.0,2572.0,4287.0,1.0,5.0,217.05,11,12.139510617940472,217.05,267.05,2025-11-08,28.74,443.25,267.05,12.139510617940472,900.0,267.05,267.05,267.05000000000007,1.3777802855,49.71694441065565,13.679236102663912,40.83020792651024,1,12.01803732649448,8.857260638869365,182.65564292321923,33.434307217679816,40.83020792651024,12.22108300947363,49.71694441065565,13.679236102663912,29.183729444001905,28.47772968648808,8.778816240911286,33.8792315939407,8.959743864646901
583,2025-11-08 12:00:03.699,L_6vSQ==,PACKET_DATA,29.49,437.36,79.27,1.218,4.719,174.0,810.0,441.0,136.0,4152.0,304.0,180.0,195.0,3238.0,5545.0,1.0,5.0,278.04,12,13.649026736415063,278.04,328.04,2025-11-08,29.49,437.36,328.04,13.649026736415063,900.0,328.04,328.04,328.03999999999996,1.4658976112,60.778193501159045,16.733458050347714,49.3119567042574,1,13.518273631629981,8.714361566566799,182.65564292321923,34.449564206671354,49.3119567042574,13.531448645090137,60.778193501159045,16.733458050347714,29.183729507633096,28.47772968648808,8.750751042175946,33.8792315939407,8.959743864646901
584,2025-11-08 12:15:00.929,L_6vSQ==,PACKET_DATA,28.5,435.5,83.17,0.819,4.642,53.0,274.0,152.0,42.0,1289.0,92.0,54.0,60.0,1025.0,1638.0,1.0,5.0,83.77,12,6.59557487964984,83.77,133.76999999999998,2025-11-08,28.5,435.5,133.76999999999998,6.59557487964984,900.0,133.76999999999998,133.76999999999998,133.76999999999998,1.1046082318,24.983574708583536,5.994524902861179,21.35072918134342,1,6.242752171267604,8.874967964512786,182.65564292321923,31.773477340360227,21.35072918134342,6.643313523807441,24.983574708583536,5.994524902861179,29.18372956650464,28.47772968648808,8.74180939253694,33.8792315939407,8.959743864646901
585,2025-11-08 12:30:03.888,L_6vSQ==,PACKET_DATA,28.62,435.0,83.07,1.049,4.723,109.0,540.0,295.0,85.0,2617.0,189.0,112.0,122.0,2066.0,3394.0,1.0,5.0,168.04,12,10.35553936243058,168.04,218.04,2025-11-08,28.62,435.0,218.04,10.35553936243058,900.0,218.04,218.04,218.04000000000002,1.3027797924,40.64487086034004,11.093461258102014,33.825203197520864,1,10.39168451064136,8.844937148252031,182.65564292321923,33.49975406056724,33.825203197520864,10.913505158320536,40.64487086034004,11.093461258102014,29.18372962097256,28.47772968648808,8.73939936070651,33.8792315939407,8.959743864646901
586,2025-11-08 12:45:01.052,L_6vSQ==,PACKET_DATA,28.5,433.77,83.97,0.958,4.723,83.0,421.0,231.0,65.0,1986.0,143.0,84.0,92.0,1569.0,2543.0,1.0,5.0,129.3,12,8.767203907231867,129.3,179.3,2025-11-08,28.5,433.77,179.3,8.767203907231867,900.0,179.3,179.3,179.3,1.221863462,33.25896487985213,8.752988293284044,27.980785925998585,1,8.682361812747205,8.866905312870951,182.65564292321923,31.355631284840356,27.980785925998585,8.69725008050266,33.25896487985213,8.752988293284044,29.18372967136625,28.47772968648808,8.733459313971913,33.8792315939407,8.959743864646901
587,2025-11-08 13:00:03.856,L_6vSQ==,PACKET_DATA,30.44,431.11,78.15,1.381,4.719,250.0,1185.0,633.0,193.0,5906.0,432.0,257.0,276.0,4482.0,8003.0,1.0,5.0,389.49,13,15.549666211915223,389.49,439.49,2025-11-08,30.44,431.11,439.49,15.549666211915223,900.0,439.49,439.49,439.48999999999995,1.6034326731,82.97537060814753,24.190148243259014,67.13046605799859,1,15.49180694291838,8.681523068806303,182.65564292321923,33.9740256990422,67.13046605799859,15.121223312399605,82.97537060814753,24.190148243259014,29.183729717990463,28.47772968648808,8.720558520395834,33.8792315939407,8.959743864646901
588,2025-11-08 13:15:01.151,L_6vSQ==,PACKET_DATA,30.06,425.89,79.28,1.134,4.724,141.0,656.0,361.0,110.0,3351.0,245.0,145.0,157.0,2617.0,4464.0,1.0,5.0,220.49,13,11.754742963394746,220.49,270.49,2025-11-08,30.06,425.89,270.49,11.754742963394746,900.0,270.49,270.49,270.49000000000007,1.3830445519,50.274865182662296,13.818716295665574,41.249264418961424,1,11.692801558021145,8.633484275567074,182.65564292321923,33.05332546635762,41.249264418961424,12.023058548135298,50.274865182662296,13.818716295665574,29.18372976112716,28.47772968648808,8.695027957768845,33.8792315939407,8.959743864646901
589,2025-11-08 13:30:03.947,L_6vSQ==,PACKET_DATA,29.55,422.83,81.27,1.026,4.726,100.0,498.0,273.0,78.0,2384.0,172.0,102.0,111.0,1870.0,3093.0,1.0,5.0,153.78,13,9.484575607590989,153.78,203.78,2025-11-08,29.55,422.83,203.78,9.484575607590989,900.0,203.78,203.78,203.78,1.2809575718,37.835516854153944,10.250655056246183,31.63068164759215,1,9.671133553192144,8.636584541029704,182.65564292321923,31.473273497762186,31.63068164759215,9.78786807276332,37.835516854153944,10.250655056246183,29.183729801037213,28.47772968648808,8.679932961896798,33.8792315939407,8.959743864646901
590,2025-11-08 13:45:01.252,L_6vSQ==,PACKET_DATA,29.87,419.87,80.61,1.174,4.724,143.0,661.0,364.0,111.0,3407.0,249.0,147.0,160.0,2676.0,4531.0,1.0,5.0,219.46,13,11.709307436405732,219.46,269.46000000000004,2025-11-08,29.87,419.87,269.46000000000004,11.709307436405732,900.0,269.46000000000004,269.46000000000004,269.4600000000001,1.3814683326000001,50.10781332360217,13.776953330900543,41.123791108721676,1,11.619563169329949,8.603263239327658,182.65564292321923,33.43304021102565,41.123791108721676,12.007199921099634,50.10781332360217,13.776953330900543,29.18372983796197,28.47772968648808,8.665242845069853,33.8792315939407,8.959743864646901
591,2025-11-08 14:00:04.059,L_6vSQ==,PACKET_DATA,29.87,416.5,80.51,1.121,4.724,138.0,659.0,360.0,107.0,3286.0,239.0,141.0,154.0,2566.0,4344.0,1.0,5.0,211.97,14,11.442527322550342,211.97,261.97,2025-11-08,29.87,416.5,261.97,11.442527322550342,900.0,261.97,261.97,261.97,1.3700063107,48.89303815432024,13.47325953858006,40.21136868765791,1,11.36162975657307,8.585664500769187,182.65564292321923,34.28359024044534,40.21136868765791,11.944848151894861,48.89303815432024,13.47325953858006,29.183729872124736,28.47772968648808,8.648414257399208,33.8792315939407,8.959743864646901
592,2025-11-08 14:15:01.327,L_6vSQ==,PACKET_DATA,29.44,414.0,82.16,1.011,4.724,93.0,461.0,254.0,73.0,2231.0,161.0,95.0,104.0,1756.0,2896.0,1.0,5.0,145.84,14,9.136602234173631,145.84,195.84,2025-11-08,29.44,414.0,195.84,9.136602234173631,900.0,195.84,195.84,195.83999999999997,1.2644595855999998,36.31626617375231,9.772088724584103,30.43022705742,1,9.290430889849143,8.602418691717512,182.65564292321923,31.88424682814666,30.43022705742,9.52511340944768,36.31626617375231,9.772088724584103,29.183729903732107,28.47772968648808,8.635860204396812,33.8792315939407,8.959743864646901
593,2025-11-08 14:30:04.171,L_6vSQ==,PACKET_DATA,29.0,413.64,84.0,0.817,4.638,53.0,271.0,151.0,42.0,1281.0,92.0,54.0,59.0,1018.0,1631.0,1.0,5.0,83.27,14,6.39685162631436,83.27,133.26999999999998,2025-11-08,29.0,413.64,133.26999999999998,6.39685162631436,900.0,133.26999999999998,133.26999999999998,133.26999999999998,1.1033205618,24.89526669021547,5.965088896738489,21.279978780374883,1,6.120443940159798,8.664500380014855,182.65564292321923,30.7303728647042,21.279978780374883,6.216003023813586,24.89526669021547,5.965088896738489,29.183729932975233,28.47772968648808,8.634047579342262,33.8792315939407,8.959743864646901
594,2025-11-08 14:45:01.424,L_6vSQ==,PACKET_DATA,30.3,409.33,80.16,1.292,4.721,199.0,929.0,504.0,155.0,4736.0,346.0,205.0,222.0,3654.0,6370.0,1.0,5.0,315.19,14,13.911636850741331,315.19,365.19,2025-11-08,30.3,409.33,365.19,13.911636850741331,900.0,365.19,365.19,365.19,1.5158376132,68.2978487915803,18.98935463747409,55.185921162466634,1,13.810369986532,8.553020111481544,182.65564292321923,33.08884925430111,55.185921162466634,13.755034058321453,68.2978487915803,18.98935463747409,29.183729960030952,28.47772968648808,8.612253459501924,33.8792315939407,8.959743864646901
595,2025-11-08 15:00:04.273,L_6vSQ==,PACKET_DATA,30.74,407.83,78.2,1.216,4.721,179.0,845.0,459.0,139.0,4254.0,311.0,184.0,199.0,3277.0,5710.0,1.0,5.0,279.24,15,13.001507213724016,279.24,329.24,2025-11-08,30.74,407.83,329.24,13.001507213724016,900.0,329.24,329.24,329.23999999999995,1.4675107472,61.022205051039066,16.80666151531172,49.50256586332531,1,12.94275500781958,8.588030300806762,182.65564292321923,32.2381996961656,49.50256586332531,12.981776582948019,61.022205051039066,16.80666151531172,29.183729985062893,28.47772968648808,8.604628799206106,33.8792315939407,8.959743864646901
596,2025-11-08 15:15:01.491,L_6vSQ==,PACKET_DATA,29.62,408.0,82.13,0.877,4.722,67.0,343.0,190.0,52.0,1605.0,115.0,68.0,74.0,1260.0,2057.0,1.0,5.0,97.63,15,6.955771335158387,97.63,147.63,2025-11-08,29.62,408.0,147.63,6.955771335158387,900.0,147.63,147.63,147.62999999999994,1.1403024441999998,27.43147297774637,6.810490992582123,23.31193029619125,1,6.781773742230735,8.554616159699686,182.65564292321923,30.818074342137663,23.31193029619125,6.904959884865068,27.43147297774637,6.810490992582123,29.18373000822243,28.47772968648808,8.605493939584163,33.8792315939407,8.959743864646901
597,2025-11-08 15:30:04.269,L_6vSQ==,PACKET_DATA,29.49,405.57,82.85,0.989,4.724,93.0,458.0,253.0,73.0,2226.0,161.0,95.0,104.0,1755.0,2888.0,1.0,5.0,145.84,15,9.0749414538936,145.84,195.84,2025-11-08,29.49,405.57,195.84,9.0749414538936,900.0,195.84,195.84,195.83999999999997,1.2644595855999998,36.31626617375231,9.772088724584103,30.43022705742,1,9.230505429897702,8.553740698080933,182.65564292321923,32.43064473615141,30.43022705742,9.640622398466896,36.31626617375231,9.772088724584103,29.18373002964962,28.47772968648808,8.593103006788015,33.8792315939407,8.959743864646901
598,2025-11-08 15:45:01.586,L_6vSQ==,PACKET_DATA,30.37,406.33,80.12,1.202,4.72,168.0,802.0,436.0,131.0,4003.0,292.0,173.0,187.0,3098.0,5334.0,1.0,5.0,264.76,15,12.71132462599635,264.76,314.76,2025-11-08,30.37,406.33,314.76,12.71132462599635,900.0,314.76,314.76,314.76000000000005,1.4480455728000001,58.07779901582009,15.923339704746025,47.20254867723909,1,12.621410086155528,8.540823380588893,182.65564292321923,33.421570099528005,47.20254867723909,12.810829039514855,58.07779901582009,15.923339704746025,29.183730049474047,28.47772968648808,8.5969839887489,33.8792315939407,8.959743864646901
599,2025-11-08 16:00:04.429,L_6vSQ==,PACKET_DATA,29.49,405.9,83.11,0.811,4.63,53.0,268.0,149.0,41.0,1273.0,91.0,54.0,59.0,1008.0,1628.0,1.0,5.0,75.37,16,5.884863063646442,75.37,125.37,2025-11-08,29.49,405.9,125.37,5.884863063646442,900.0,125.37,125.37,125.37000000000003,1.0829753758,23.500000000000007,5.500000000000002,20.16212244507201,1,5.698037400596975,8.555452925193748,182.65564292321923,31.607353171178655,20.16212244507201,6.137487348437922,23.500000000000007,5.500000000000002,29.183730067815596,28.47772968648808,8.594788792003069,33.8792315939407,8.959743864646901
600,2025-11-08 16:15:01.700,L_6vSQ==,PACKET_DATA,30.25,403.78,80.72,1.204,4.719,162.0,762.0,416.0,126.0,3862.0,282.0,167.0,181.0,3003.0,5151.0,1.0,5.0,252.16,16,12.385240546897222,252.16,302.16,2025-11-08,30.25,403.78,302.16,12.385240546897222,900.0,302.16,302.16,302.15999999999997,1.4311076448,55.51567774207978,15.154703322623934,45.20115250702591,1,12.3032405124023,8.520213192998263,182.65564292321923,33.71441303070517,45.20115250702591,12.572323665491089,55.51567774207978,15.154703322623934,29.183730084785186,28.47772968648808,8.583942207575099,33.8792315939407,8.959743864646901
601,2025-11-08 16:30:04.458,L_6vSQ==,PACKET_DATA,30.74,400.11,79.42,1.223,4.719,162.0,762.0,416.0,126.0,3850.0,281.0,167.0,180.0,2981.0,5150.0,1.0,5.0,251.58,16,12.223143787626668,251.58,301.58000000000004,2025-11-08,30.74,400.11,301.58000000000004,12.223143787626668,900.0,301.58000000000004,301.58000000000004,301.58,1.4303279624,55.39773882630444,15.119321647891331,45.10902474680975,1,12.2037484463682,8.543962739507009,182.65564292321923,34.678876461846535,45.10902474680975,12.563017671884861,55.39773882630444,15.119321647891331,29.18373010048544,28.47772968648808,8.565073345627296,33.8792315939407,8.959743864646901
602,2025-11-08 16:45:01.700,L_6vSQ==,PACKET_DATA,31.12,399.83,78.45,1.239,4.725,170.0,802.0,437.0,132.0,4034.0,294.0,175.0,189.0,3108.0,5407.0,1.0,5.0,263.04,16,12.444567452594264,263.04,313.04,2025-11-08,31.12,399.83,313.04,12.444567452594264,900.0,313.04,313.04,313.03999999999996,1.4457334112,57.7280491276587,15.818414738297609,46.92934221590839,1,12.453433591883059,8.608596885898548,182.65564292321923,35.361202504752534,46.92934221590839,12.672029009341916,57.7280491276587,15.818414738297609,29.183730115011308,28.47772968648808,8.563629041304544,33.8792315939407,8.959743864646901
603,2025-11-08 17:00:04.572,L_6vSQ==,PACKET_DATA,29.87,399.21,82.41,0.809,4.617,53.0,268.0,150.0,41.0,1272.0,91.0,54.0,59.0,1005.0,1631.0,1.0,5.0,74.61,17,5.772495744150324,74.61,124.61,2025-11-08,29.87,399.21,124.61,5.772495744150324,900.0,124.61,124.61,124.61000000000001,1.0810181174,23.36577181208054,5.455257270693513,20.054581835599834,1,5.667791708903027,8.494044428733774,182.65564292321923,32.67436660758205,20.054581835599834,6.624605383345408,23.36577181208054,5.455257270693513,29.183730128450634,28.47772968648808,8.560428589805417,33.8792315939407,8.959743864646901
604,2025-11-08 17:15:01.815,L_6vSQ==,PACKET_DATA,29.87,400.5,83.02,1.023,4.724,101.0,495.0,273.0,79.0,2419.0,175.0,103.0,113.0,1902.0,3150.0,1.0,5.0,156.99,17,9.396974049754366,156.99,206.99,2025-11-08,29.87,400.5,206.99,9.396974049754366,900.0,206.99,206.99,206.99000000000004,1.2858698669,38.467917019641845,10.440375105892555,32.12467983660136,1,9.579904465854366,8.500952424391842,182.65564292321923,34.35046704573396,32.12467983660136,10.584627750701587,38.467917019641845,10.440375105892555,29.18373014088469,28.47772968648808,8.567083940839806,33.8792315939407,8.959743864646901
605,2025-11-08 17:30:04.553,L_6vSQ==,PACKET_DATA,31.0,397.31,79.62,1.288,4.716,204.0,952.0,516.0,158.0,4832.0,353.0,210.0,226.0,3705.0,6528.0,1.0,5.0,315.73,17,13.576209399781764,315.73,365.73,2025-11-08,31.0,397.31,365.73,13.576209399781764,900.0,365.73,365.73,365.72999999999996,1.5165635244,68.4065160082909,19.02195480248727,55.27080635255556,1,13.538090508987864,8.569949457573863,182.65564292321923,35.434779680013676,55.27080635255556,13.341666445072473,68.4065160082909,19.02195480248727,29.183730152388673,28.47772968648808,8.550600719778403,33.8792315939407,8.959743864646901
606,2025-11-08 17:45:07.391,L_6vSQ==,PACKET_DATA,31.0,393.2,79.01,1.212,4.72,138.0,743.0,397.0,107.0,3267.0,233.0,140.0,150.0,2457.0,4256.0,1.0,5.0,210.28,17,10.956252495188542,210.28,260.28,2025-11-08,31.0,393.2,260.28,10.956252495188542,900.0,260.28,260.28,260.28,1.3674200868,48.61894335644487,13.404735839111218,40.005495003866486,1,11.025626038017151,8.545755458002922,182.65564292321923,32.479042357684065,40.005495003866486,11.255822312334956,48.61894335644487,13.404735839111218,29.183730163032152,28.47772968648808,8.529239877349491,33.8792315939407,8.959743864646901
607,2025-11-08 18:00:04.562,L_6vSQ==,PACKET_DATA,30.94,391.8,79.79,1.143,4.721,134.0,645.0,353.0,104.0,3189.0,232.0,137.0,149.0,2473.0,4227.0,1.0,5.0,205.38,18,10.80147576272491,205.38,255.38,2025-11-08,30.94,391.8,255.38,10.80147576272491,900.0,255.38,255.38,255.3799999999999,1.3599215677999998,47.82423062887725,13.206057657219313,39.408583139619154,1,10.874640137006192,8.52682186963041,182.65564292321923,31.057591671830046,39.408583139619154,10.88215754363584,47.82423062887725,13.206057657219313,29.183730172879493,28.47772968648808,8.521932557171212,33.8792315939407,8.959743864646901
608,2025-11-08 18:15:01.797,L_6vSQ==,PACKET_DATA,30.37,390.17,81.61,0.994,4.725,92.0,453.0,251.0,72.0,2211.0,160.0,95.0,103.0,1735.0,2884.0,1.0,5.0,140.51,18,8.603430783229461,140.51,190.51,2025-11-08,30.37,390.17,190.51,8.603430783229461,900.0,190.51,190.51,190.50999999999996,1.2507330233999998,35.33105360443622,9.443684534812075,29.640896874198948,1,8.830024721779619,8.450899370255886,182.65564292321923,30.251809327829395,29.640896874198948,8.826133507333008,35.33105360443622,9.443684534812075,29.183730181990246,28.47772968648808,8.513405203074736,33.8792315939407,8.959743864646901
609,2025-11-08 18:30:04.612,L_6vSQ==,PACKET_DATA,29.8,392.71,83.77,0.81,4.63,53.0,267.0,149.0,41.0,1273.0,91.0,54.0,59.0,1010.0,1629.0,1.0,5.0,74.97,18,5.781209389168103,74.97,124.97,2025-11-08,29.8,392.71,124.97,5.781209389168103,900.0,124.97,124.97,124.97000000000003,1.0819452398,23.42935358530555,5.47645119510185,20.10552212429718,1,5.678117693675732,8.462096511032964,182.65564292321923,29.705373479852724,20.10552212429718,5.674890374823594,23.42935358530555,5.47645119510185,29.18373019041951,28.47772968648808,8.526684088378886,33.8792315939407,8.959743864646901
610,2025-11-08 18:45:01.868,L_6vSQ==,PACKET_DATA,31.06,393.46,79.68,1.292,4.724,205.0,953.0,517.0,159.0,4847.0,355.0,211.0,227.0,3720.0,6542.0,1.0,5.0,319.75,18,13.580331101337794,319.75,369.75,2025-11-08,31.06,393.46,369.75,13.580331101337794,900.0,369.75,369.75,369.74999999999994,1.52196753,69.21548306602539,19.264644919807616,55.90272943432868,1,13.548690968696665,8.558683538896128,182.65564292321923,32.0820389758612,55.90272943432868,13.527883916383145,69.21548306602539,19.264644919807616,29.183730198218264,28.47772968648808,8.530595221994528,33.8792315939407,8.959743864646901
611,2025-11-08 19:00:04.716,L_6vSQ==,PACKET_DATA,32.3,389.73,75.48,1.399,4.722,249.0,1168.0,627.0,193.0,5870.0,430.0,257.0,274.0,4410.0,8034.0,1.0,5.0,390.97,19,14.436231844941798,390.97,440.97,2025-11-08,32.3,389.73,440.97,14.436231844941798,900.0,440.97,440.97,440.9700000000001,1.6049617943,83.26329714797092,24.305318859188365,67.37268034889044,1,14.483598554501352,8.898162295005438,182.65564292321923,33.28683497232185,67.37268034889044,14.428208541877382,83.26329714797092,24.305318859188365,29.183730205433662,28.47772968648808,8.51109976671632,33.8792315939407,8.959743864646901
612,2025-11-08 19:15:01.985,L_6vSQ==,PACKET_DATA,32.94,386.33,73.43,1.399,4.722,249.0,1164.0,627.0,192.0,5850.0,429.0,256.0,273.0,4378.0,8031.0,1.0,5.0,382.45,19,14.255866452993098,382.45,432.45,2025-11-08,32.94,386.33,432.45,14.255866452993098,900.0,432.45,432.45,432.45000000000005,1.5961590155,81.60577409439323,23.64230963775729,65.9783115932158,1,14.291267356239278,9.125761962745935,182.65564292321923,33.99211243061082,65.9783115932158,14.206330965477328,81.60577409439323,23.64230963775729,29.183730212109346,28.47772968648808,8.493234641789584,33.8792315939407,8.959743864646901
613,2025-11-08 19:30:04.861,L_6vSQ==,PACKET_DATA,33.26,382.0,72.36,1.362,4.72,249.0,1168.0,629.0,192.0,5854.0,429.0,256.0,273.0,4371.0,8039.0,1.0,5.0,382.1,19,14.186523918288357,382.1,432.1,2025-11-08,33.26,382.0,432.1,14.186523918288357,900.0,432.1,432.1,432.1000000000001,1.595797399,81.5376833586242,23.615073343449676,65.92103118658599,1,14.186482924659845,9.225343126189644,182.65564292321923,34.57055327114836,65.92103118658599,14.021509497272138,81.5376833586242,23.615073343449676,29.18373021828569,28.47772968648808,8.470356565861836,33.8792315939407,8.959743864646901
614,2025-11-08 19:45:02.096,L_6vSQ==,PACKET_DATA,31.62,381.5,78.58,0.908,4.724,77.0,380.0,211.0,60.0,1839.0,133.0,79.0,85.0,1434.0,2402.0,1.0,5.0,114.74,19,7.467865389903792,114.74,164.74,2025-11-08,31.62,381.5,164.74,7.467865389903792,900.0,164.74,164.74,164.74,1.1843665116,30.56765249537893,7.8558841651263105,25.82456688890693,1,7.822917975557454,8.62051186969898,182.65564292321923,32.982274556768715,25.82456688890693,8.376519949353238,30.56765249537893,7.8558841651263105,29.183730224000033,28.47772968648808,8.467705854515586,33.8792315939407,8.959743864646901
615,2025-11-08 20:00:04.856,L_6vSQ==,PACKET_DATA,31.69,382.57,78.67,1.174,4.724,153.0,724.0,397.0,119.0,3636.0,265.0,157.0,170.0,2809.0,4857.0,1.0,5.0,236.47,20,11.507659171646292,236.47,286.47,2025-11-08,31.69,382.57,286.47,11.507659171646292,900.0,286.47,286.47,286.47,1.4074989057,52.86660179215829,14.466650448039573,43.195928008894505,1,11.631157417427644,8.647445865454372,182.65564292321923,35.01928095851701,43.195928008894505,12.052393324525633,52.86660179215829,14.466650448039573,29.183730229286944,28.47772968648808,8.473376150894232,33.8792315939407,8.959743864646901
616,2025-11-08 20:15:02.081,L_6vSQ==,PACKET_DATA,31.12,382.75,80.23,1.023,4.724,109.0,530.0,292.0,85.0,2594.0,188.0,111.0,121.0,2019.0,3410.0,1.0,5.0,168.05,20,9.488913448147992,168.05,218.05,2025-11-08,31.12,382.75,218.05,9.488913448147992,900.0,218.05,218.05,218.04999999999995,1.3027950954999998,40.64684095431351,11.094052286294055,33.826742132689105,1,9.792316146842495,8.506669145626924,182.65564292321923,32.47759960868113,33.826742132689105,10.10279218472654,40.64684095431351,11.094052286294055,29.183730234178388,28.47772968648808,8.474329209940132,33.8792315939407,8.959743864646901
617,2025-11-08 20:30:04.998,L_6vSQ==,PACKET_DATA,31.93,384.43,78.47,1.206,4.722,173.0,801.0,438.0,134.0,4103.0,300.0,178.0,192.0,3162.0,5531.0,1.0,5.0,265.14,20,12.215475946472155,265.14,315.14,2025-11-08,31.93,384.43,315.14,12.215475946472155,900.0,315.14,315.14,315.1400000000001,1.4485563992000001,58.155069339948774,15.946520801984631,47.26290824427727,1,12.31857334746983,8.733963958773346,182.65564292321923,34.636434600054606,47.26290824427727,12.56436111544742,58.155069339948774,15.946520801984631,29.18373023870395,28.47772968648808,8.483212920540483,33.8792315939407,8.959743864646901
618,2025-11-08 20:45:02.187,L_6vSQ==,PACKET_DATA,31.06,384.33,80.75,1.009,4.728,95.0,457.0,254.0,74.0,2275.0,165.0,98.0,106.0,1782.0,2991.0,1.0,5.0,142.58,20,8.57954852273401,142.58,192.58,2025-11-08,31.06,384.33,192.58,8.57954852273401,900.0,192.58,192.58,192.58000000000004,1.2560639772,35.713678373382635,9.571226124460878,29.94744724554372,1,8.963065020750756,8.504385971999042,182.65564292321923,31.938881432190744,29.94744724554372,9.173277630715594,35.713678373382635,9.571226124460878,29.183730242891002,28.47772968648808,8.482684712694907,33.8792315939407,8.959743864646901
619,2025-11-08 21:00:04.968,L_6vSQ==,PACKET_DATA,30.88,386.22,81.17,0.981,4.724,95.0,458.0,254.0,75.0,2281.0,165.0,98.0,106.0,1793.0,2992.0,1.0,5.0,150.74,21,8.912037426070558,150.74,200.74,2025-11-08,30.88,386.22,200.74,8.912037426070558,900.0,200.74,200.74,200.73999999999995,1.2763054293999998,37.236608286215244,10.070982485864574,31.16284535644325,1,9.316094019480976,8.48416090089886,182.65564292321923,33.58660162031148,31.16284535644325,10.08429011311585,37.236608286215244,10.070982485864574,29.183730246764856,28.47772968648808,8.49265517245093,33.8792315939407,8.959743864646901
620,2025-11-08 21:15:02.202,L_6vSQ==,PACKET_DATA,32.5,389.5,75.74,1.368,4.721,250.0,1176.0,631.0,193.0,5891.0,431.0,257.0,275.0,4429.0,8049.0,1.0,5.0,387.18,21,14.374775152765537,387.18,437.18,2025-11-08,32.5,389.5,437.18,14.374775152765537,900.0,437.18,437.18,437.18000000000006,1.6010460042,82.52597175207191,24.010388700828766,66.75241537424175,1,14.425955325153502,8.972410605631486,182.65564292321923,34.786060549006244,66.75241537424175,14.150369791010089,82.52597175207191,24.010388700828766,29.183730250348944,28.47772968648808,8.5098940468175,33.8792315939407,8.959743864646901
621,2025-11-08 21:30:05.008,L_6vSQ==,PACKET_DATA,33.0,390.1,73.88,1.285,4.722,220.0,1026.0,556.0,171.0,5201.0,381.0,227.0,243.0,3925.0,7103.0,1.0,5.0,345.52,21,13.839483474420256,345.52,395.52,2025-11-08,33.0,390.1,395.52,13.839483474420256,900.0,395.52,395.52,395.5199999999999,1.5566096256,74.40132413015917,20.82039723904775,59.95363933912796,1,13.92243860245408,9.176585930781524,182.65564292321923,33.03111604806934,59.95363933912796,13.922310165380084,74.40132413015917,20.82039723904775,29.183730253664944,28.47772968648808,8.51303851952256,33.8792315939407,8.959743864646901
622,2025-11-08 21:45:02.222,L_6vSQ==,PACKET_DATA,31.01,391.82,79.6,0.798,4.619,53.0,267.0,149.0,42.0,1274.0,91.0,54.0,59.0,1001.0,1644.0,1.0,5.0,83.1,21,6.094542206016308,83.1,133.1,2025-11-08,31.01,391.82,133.1,6.094542206016308,900.0,133.1,133.1,133.1,1.102882754,24.865241963970327,5.955080654656776,21.255923644045584,1,6.248973100914923,8.53945827058558,182.65564292321923,31.455421538418584,21.255923644045584,6.396264929805334,24.865241963970327,5.955080654656776,29.1837302567329,28.47772968648808,8.522037044038456,33.8792315939407,8.959743864646901
623,2025-11-08 22:00:05.114,L_6vSQ==,PACKET_DATA,31.19,393.25,80.03,1.112,4.721,137.0,648.0,356.0,107.0,3269.0,238.0,141.0,153.0,2546.0,4343.0,1.0,5.0,214.24,22,11.053460911794506,214.24,264.24,2025-11-08,31.19,393.25,264.24,11.053460911794506,900.0,264.24,264.24,264.24,1.3734801144,49.26120098933625,13.565300247334063,40.48789724517656,1,11.145395923401633,8.58436645364088,182.65564292321923,33.39148506685601,40.48789724517656,11.558879361583662,49.26120098933625,13.565300247334063,29.183730259571377,28.47772968648808,8.52950054862101,33.8792315939407,8.959743864646901
624,2025-11-08 22:15:02.242,L_6vSQ==,PACKET_DATA,30.72,394.57,80.7,0.972,4.727,91.0,453.0,250.0,71.0,2170.0,156.0,93.0,101.0,1697.0,2819.0,1.0,5.0,137.9,22,8.487695048368217,137.9,187.9,2025-11-08,30.72,394.57,187.9,8.487695048368217,900.0,187.9,187.9,187.9,1.244011386,34.84861367837338,9.282871226124461,29.254376840764255,1,8.760913349080058,8.509473083349704,182.65564292321923,30.97895360891613,29.254376840764255,8.798402545824763,34.84861367837338,9.282871226124461,29.18373026219753,28.47772968648808,8.536375397358333,33.8792315939407,8.959743864646901
625,2025-11-08 22:30:05.093,L_6vSQ==,PACKET_DATA,29.87,396.8,83.2,0.84,4.698,59.0,303.0,168.0,46.0,1409.0,101.0,60.0,65.0,1110.0,1798.0,1.0,5.0,87.16,22,6.378356812372106,87.16,137.16,2025-11-08,29.87,396.8,137.16,6.378356812372106,900.0,137.16,137.16,137.16000000000003,1.1133386344,25.582303073119043,6.1941010243730155,21.830416899910105,1,6.255576464530069,8.481109542269419,182.65564292321923,29.818737350987575,21.830416899910105,6.2537212352822,25.582303073119043,6.1941010243730155,29.183730264627247,28.47772968648808,8.547957592395479,33.8792315939407,8.959743864646901
626,2025-11-08 22:45:02.375,L_6vSQ==,PACKET_DATA,31.12,398.5,78.7,1.301,4.718,207.0,956.0,519.0,160.0,4891.0,358.0,213.0,229.0,3758.0,6620.0,1.0,5.0,318.18,22,13.618608276806594,318.18,368.18,2025-11-08,31.12,398.5,368.18,13.618608276806594,900.0,368.18,368.18,368.17999999999995,1.5198570104,68.89954319521863,19.169862958565588,55.65593360388494,1,13.598654808758035,8.600709175632403,182.65564292321923,32.18914036956926,55.65593360388494,13.588197874232607,68.89954319521863,19.169862958565588,29.18373026687522,28.47772968648808,8.556759573654416,33.8792315939407,8.959743864646901
627,2025-11-08 23:00:05.157,L_6vSQ==,PACKET_DATA,31.25,397.33,78.43,1.158,4.724,145.0,689.0,377.0,113.0,3460.0,252.0,150.0,162.0,2684.0,4613.0,1.0,5.0,225.04,23,11.402288215418082,225.04,275.04,2025-11-08,31.25,397.33,275.04,11.402288215418082,900.0,275.04,275.04,275.0400000000001,1.3900074624,51.012812715403655,14.003203178850914,41.80353972147679,1,11.483624425278869,8.622372295551319,182.65564292321923,32.27560265293163,41.80353972147679,11.62597935973149,51.012812715403655,14.003203178850914,29.183730268955042,28.47772968648808,8.550704309238526,33.8792315939407,8.959743864646901
628,2025-11-08 23:15:02.340,L_6vSQ==,PACKET_DATA,29.99,398.17,81.96,0.818,4.66,55.0,272.0,152.0,43.0,1334.0,96.0,57.0,62.0,1061.0,1721.0,1.0,5.0,81.24,23,6.08124017626438,81.24,131.24,2025-11-08,29.99,398.17,131.24,6.08124017626438,900.0,131.24,131.24,131.24,1.0980926216,24.536736135641117,5.845578711880373,20.99273215244263,1,5.9849112343518955,8.485696666387367,182.65564292321923,30.84813888749634,20.99273215244263,6.129766919052055,24.536736135641117,5.845578711880373,29.183730270879295,28.47772968648808,8.555052831101513,33.8792315939407,8.959743864646901
629,2025-11-08 23:30:05.247,L_6vSQ==,PACKET_DATA,29.99,399.86,81.76,1.072,4.724,115.0,575.0,314.0,90.0,2749.0,198.0,118.0,128.0,2146.0,3578.0,1.0,5.0,179.38,23,10.18536546500514,179.38,229.38,2025-11-08,29.99,399.86,229.38,10.18536546500514,900.0,229.38,229.38,229.37999999999994,1.3201335077999998,42.878957426269224,11.763687227880766,35.5703556783197,1,10.227624255081293,8.49483033553167,182.65564292321923,32.62590873335991,35.5703556783197,10.595659726629346,42.878957426269224,11.763687227880766,29.18373027265961,28.47772968648808,8.563783795212474,33.8792315939407,8.959743864646901
630,2025-11-08 23:45:02.545,L_6vSQ==,PACKET_DATA,29.25,402.17,83.59,0.818,4.637,53.0,273.0,152.0,42.0,1284.0,92.0,54.0,59.0,1019.0,1636.0,1.0,5.0,83.01,23,6.2987777263349685,83.01,133.01,2025-11-08,29.25,402.17,133.01,6.2987777263349685,900.0,133.01,133.01,133.00999999999996,1.1026509733999998,24.84934652066407,5.9497821735546905,21.243188571871244,1,6.073319924491523,8.565797104309404,182.65564292321923,30.417052934852467,21.243188571871244,6.1241891502542725,24.84934652066407,5.9497821735546905,29.183730274306757,28.47772968648808,8.575678784313107,33.8792315939407,8.959743864646901
631,2025-11-09 00:00:05.408,L_6vSQ==,PACKET_DATA,29.38,403.69,83.53,0.993,4.724,94.0,465.0,256.0,73.0,2242.0,162.0,97.0,106.0,1796.0,2944.0,1.0,5.0,141.02,0,8.893534094997808,141.02,191.02,2025-11-09,29.38,403.69,191.02,8.893534094997808,900.0,191.02,191.02,191.01999999999998,1.2520464467999999,35.42532347504621,9.475107825015403,29.71642377728389,1,8.98561535700696,8.55635245149605,182.65564292321923,31.992790218417674,29.71642377728389,9.260871349412263,35.42532347504621,9.475107825015403,29.183730275830698,28.47772968648808,8.58348084131928,33.8792315939407,8.959743864646901
632,2025-11-09 00:15:02.671,L_6vSQ==,PACKET_DATA,29.8,403.25,81.58,1.168,4.723,144.0,695.0,379.0,112.0,3428.0,249.0,147.0,160.0,2673.0,4520.0,1.0,5.0,223.71,0,11.693146477396272,223.71,273.71000000000004,2025-11-09,29.8,403.25,273.71000000000004,11.693146477396272,900.0,273.71000000000004,273.71000000000004,273.71,1.3879721501,50.79710497506385,13.949276243765963,41.641520786895356,1,11.57107594717977,8.518410302366167,182.65564292321923,32.90183787137302,41.641520786895356,11.79430491218903,50.79710497506385,13.949276243765963,29.183730277240645,28.47772968648808,8.581224404641983,33.8792315939407,8.959743864646901
633,2025-11-09 00:30:05.393,L_6vSQ==,PACKET_DATA,30.74,399.62,78.05,1.291,4.717,200.0,929.0,504.0,155.0,4747.0,348.0,206.0,222.0,3643.0,6383.0,1.0,5.0,311.01,0,13.574274995982512,311.01,361.01,2025-11-09,30.74,399.62,361.01,13.574274995982512,900.0,361.01,361.01,361.01,1.5102185228,67.45668404000563,18.737005212001687,54.52884691325977,1,13.503535659263315,8.54115463868555,182.65564292321923,33.57223148187384,54.52884691325977,13.536143549290946,67.45668404000563,18.737005212001687,29.183730278545127,28.47772968648808,8.562545355246527,33.8792315939407,8.959743864646901
634,2025-11-09 00:45:02.649,L_6vSQ==,PACKET_DATA,30.47,396.86,78.78,1.118,4.723,130.0,620.0,341.0,102.0,3106.0,226.0,134.0,145.0,2425.0,4110.0,1.0,5.0,205.87,0,10.938928429876638,205.87,255.87,2025-11-09,30.47,396.86,255.87,10.938928429876638,900.0,255.87,255.87,255.87000000000006,1.3606714197,47.90370190163404,13.22592547540851,39.468274326043904,1,10.934785016772787,8.495627798510064,182.65564292321923,32.18591061279369,39.468274326043904,11.122890429493285,47.90370190163404,13.22592547540851,29.183730279752034,28.47772968648808,8.548268655589682,33.8792315939407,8.959743864646901
635,2025-11-09 01:00:05.470,L_6vSQ==,PACKET_DATA,30.48,396.5,78.9,1.189,4.719,18.0,68.0,70.0,108.0,469.0,34.0,172.0,232.0,270.0,172.0,1.0,5.0,727.34,1,15.74269077337732,727.34,777.34,2025-11-09,30.48,396.5,777.34,15.74269077337732,900.0,777.34,600.0,600.0,1.783429,95.0,28.0,76.64513905509547,1,16.53795632186263,8.49444539939402,182.65564292321923,35.33840238108607,76.64513905509547,15.092892200860234,95.0,28.0,29.183730280868666,28.47772968648808,8.54640181734984,33.8792315939407,8.959743864646901
636,2025-11-09 01:15:04.627,L_6vSQ==,PACKET_DATA,28.73,400.88,84.01,-0.002,4.621,0.0,0.0,0.0,0.0,0.0,0.0,0.0,0.0,0.0,0.0,0.0,5.0,0.0,1,-1.4654886971897412,0.0,0.0,2025-11-09,28.73,400.88,0.0,-1.4654886971897412,900.0,0.0,0.0,0.0,0.0,19.0,4.0,16.55682351251732,1,0.0,8.653965470981463,182.65564292321923,34.72830171231937,16.55682351251732,0.40471071327667296,19.0,4.0,29.18373028190177,28.47772968648808,8.569041725960375,33.8792315939407,8.959743864646901
637,2025-11-09 01:30:00.320,L_6vSQ==,PACKET_DATA,27.98,411.18,87.02,-0.002,4.559,0.0,0.0,0.0,0.0,0.0,0.0,0.0,0.0,0.0,0.0,0.0,5.0,0.0,1,-1.3970062722149486,0.0,0.0,2025-11-09,27.98,411.18,0.0,-1.3970062722149486,900.0,0.0,0.0,0.0,0.0,19.0,4.0,16.55682351251732,1,0.0,8.893834531904064,182.65564292321923,32.819621585599904,16.55682351251732,0.0,19.0,4.0,29.1837302828576,28.47772968648808,8.621629087276919,33.8792315939407,8.959743864646901
638,2025-11-09 01:45:00.945,L_6vSQ==,PACKET_DATA,27.5,420.42,88.51,-0.002,4.495,0.0,0.0,0.0,0.0,0.0,0.0,0.0,0.0,0.0,0.0,0.0,5.0,0.0,1,-1.3389380481495063,0.0,0.0,2025-11-09,27.5,420.42,0.0,-1.3389380481495063,900.0,0.0,0.0,0.0,0.0,19.0,4.0,16.55682351251732,1,0.0,9.073972604929622,182.65564292321923,31.737641913873595,16.55682351251732,0.0,19.0,4.0,29.18373028374193,28.47772968648808,8.667978858853576,33.8792315939407,8.959743864646901
639,2025-11-09 02:00:01.720,L_6vSQ==,PACKET_DATA,26.87,429.07,89.72,-0.002,4.433,0.0,0.0,0.0,0.0,0.0,0.0,0.0,0.0,0.0,0.0,0.0,5.0,0.0,2,-1.2398899144665716,0.0,0.0,2025-11-09,26.87,429.07,0.0,-1.2398899144665716,900.0,0.0,0.0,0.0,0.0,19.0,4.0,16.55682351251732,1,0.0,9.286331582762235,182.65564292321923,31.003904715714278,16.55682351251732,0.0,19.0,4.0,29.183730284560117,28.47772968648808,8.710614394078899,33.8792315939407,8.959743864646901
640,2025-11-09 02:15:02.336,L_6vSQ==,PACKET_DATA,26.55,434.5,90.36,-0.002,4.37,0.0,0.0,0.0,0.0,0.0,0.0,0.0,0.0,0.0,0.0,0.0,5.0,0.0,2,-1.1889905343310154,0.0,0.0,2025-11-09,26.55,434.5,0.0,-1.1889905343310154,900.0,0.0,0.0,0.0,0.0,19.0,4.0,16.55682351251732,1,0.0,9.388413684720073,182.65564292321923,30.431381151363077,16.55682351251732,0.0,19.0,4.0,29.183730285317097,28.47772968648808,8.736986561882516,33.8792315939407,8.959743864646901
641,2025-11-09 02:30:03.044,L_6vSQ==,PACKET_DATA,26.25,440.14,90.87,-0.002,4.309,0.0,0.0,0.0,0.0,0.0,0.0,0.0,0.0,0.0,0.0,0.0,5.0,0.0,2,-1.1421762852981363,0.0,0.0,2025-11-09,26.25,440.14,0.0,-1.1421762852981363,900.0,0.0,0.0,0.0,0.0,19.0,4.0,16.55682351251732,1,0.0,9.476459421793564,182.65564292321923,29.94565148841572,16.55682351251732,0.0,19.0,4.0,29.183730286017457,28.47772968648808,8.76404510706027,33.8792315939407,8.959743864646901
642,2025-11-09 02:45:03.805,L_6vSQ==,PACKET_DATA,26.24,446.1,91.49,-0.001,4.248,0.0,0.0,0.0,0.0,0.0,0.0,0.0,0.0,0.0,0.0,0.0,5.0,0.0,2,-1.152506439881499,0.0,0.0,2025-11-09,26.24,446.1,0.0,-1.152506439881499,900.0,0.0,0.0,0.0,0.0,19.0,4.0,16.55682351251732,1,0.0,9.505944834836349,182.65564292321923,29.5159208606036,16.55682351251732,0.0,19.0,4.0,29.183730286665433,28.47772968648808,8.79225675294281,33.8792315939407,8.959743864646901
643,2025-11-09 03:00:04.480,L_6vSQ==,PACKET_DATA,25.74,451.56,91.67,-0.003,4.186,0.0,0.0,0.0,0.0,0.0,0.0,0.0,0.0,0.0,0.0,0.0,5.0,0.0,3,-1.068362860879045,0.0,0.0,2025-11-09,25.74,451.56,0.0,-1.068362860879045,900.0,0.0,0.0,0.0,0.0,19.0,4.0,16.55682351251732,1,0.0,9.605961073956983,182.65564292321923,29.128397329241107,16.55682351251732,0.0,19.0,4.0,29.183730287264936,28.47772968648808,8.817745406255279,33.8792315939407,8.959743864646901
644,2025-11-09 03:15:00.182,L_6vSQ==,PACKET_DATA,25.7,457.31,92.11,-0.003,4.127,0.0,0.0,0.0,0.0,0.0,0.0,0.0,0.0,0.0,0.0,0.0,5.0,0.0,3,-1.0720205975517487,0.0,0.0,2025-11-09,25.7,457.31,0.0,-1.0720205975517487,900.0,0.0,0.0,0.0,0.0,19.0,4.0,16.55682351251732,1,0.0,9.636506874087061,182.65564292321923,28.7760093726245,16.55682351251732,0.0,19.0,4.0,29.183730287819596,28.47772968648808,8.844207475256194,33.8792315939407,8.959743864646901
645,2025-11-09 03:30:00.887,L_6vSQ==,PACKET_DATA,25.48,461.78,92.34,-0.002,4.068,0.0,0.0,0.0,0.0,0.0,0.0,0.0,0.0,0.0,0.0,0.0,5.0,0.0,3,-1.0408943404978377,0.0,0.0,2025-11-09,25.48,461.78,0.0,-1.0408943404978377,900.0,0.0,0.0,0.0,0.0,19.0,4.0,16.55682351251732,1,0.0,9.67594335890726,182.65564292321923,28.454426348018252,16.55682351251732,0.0,19.0,4.0,29.183730288332768,28.47772968648808,8.864501402528331,33.8792315939407,8.959743864646901
646,2025-11-09 03:45:01.652,L_6vSQ==,PACKET_DATA,25.25,465.5,92.47,-0.003,4.008,0.0,0.0,0.0,0.0,0.0,0.0,0.0,0.0,0.0,0.0,0.0,5.0,0.0,3,-1.0083045980433225,0.0,0.0,2025-11-09,25.25,465.5,0.0,-1.0083045980433225,900.0,0.0,0.0,0.0,0.0,19.0,4.0,16.55682351251732,1,0.0,9.704068821014536,182.65564292321923,28.16051102095396,16.55682351251732,0.0,19.0,4.0,29.183730288807556,28.47772968648808,8.881200589148033,33.8792315939407,8.959743864646901
647,2025-11-09 04:00:02.285,L_6vSQ==,PACKET_DATA,25.06,471.5,92.67,-0.003,3.95,0.0,0.0,0.0,0.0,0.0,0.0,0.0,0.0,0.0,0.0,0.0,5.0,0.0,4,-0.9879282252579316,0.0,0.0,2025-11-09,25.06,471.5,0.0,-0.9879282252579316,900.0,0.0,0.0,0.0,0.0,19.0,4.0,16.55682351251732,1,0.0,9.733428847110222,182.65564292321923,27.891711155775038,16.55682351251732,0.0,19.0,4.0,29.183730289246828,28.47772968648808,8.90776244148384,33.8792315939407,8.959743864646901
648,2025-11-09 04:15:03.013,L_6vSQ==,PACKET_DATA,25.0,475.5,92.85,-0.002,3.89,0.0,0.0,0.0,0.0,0.0,0.0,0.0,0.0,0.0,0.0,0.0,5.0,0.0,4,-0.9852115289448964,0.0,0.0,2025-11-09,25.0,475.5,0.0,-0.9852115289448964,900.0,0.0,0.0,0.0,0.0,19.0,4.0,16.55682351251732,1,0.0,9.750619360758431,182.65564292321923,27.645814262821702,16.55682351251732,0.0,19.0,4.0,29.183730289653244,28.47772968648808,8.92520888602201,33.8792315939407,8.959743864646901
649,2025-11-09 04:30:03.698,L_6vSQ==,PACKET_DATA,24.87,478.5,92.86,-0.002,3.83,0.0,0.0,0.0,0.0,0.0,0.0,0.0,0.0,0.0,0.0,0.0,5.0,0.0,4,-0.9703636198321242,0.0,0.0,2025-11-09,24.87,478.5,0.0,-0.9703636198321242,900.0,0.0,0.0,0.0,0.0,19.0,4.0,16.55682351251732,1,0.0,9.76074503145177,182.65564292321923,27.420843307260636,16.55682351251732,0.0,19.0,4.0,29.183730290029256,28.47772968648808,8.938153412966354,33.8792315939407,8.959743864646901
650,2025-11-09 04:45:04.403,L_6vSQ==,PACKET_DATA,24.62,484.5,92.73,-0.003,3.773,0.0,0.0,0.0,0.0,0.0,0.0,0.0,0.0,0.0,0.0,0.0,5.0,0.0,4,-0.9442081191171994,0.0,0.0,2025-11-09,24.62,484.5,0.0,-0.9442081191171994,900.0,0.0,0.0,0.0,0.0,19.0,4.0,16.55682351251732,1,0.0,9.773096669922747,182.65564292321923,27.215007608147214,16.55682351251732,0.0,19.0,4.0,29.183730290377145,28.47772968648808,8.963673827371464,33.8792315939407,8.959743864646901
651,2025-11-09 05:00:00.099,L_6vSQ==,PACKET_DATA,24.5,488.17,92.8,-0.002,3.717,0.0,0.0,0.0,0.0,0.0,0.0,0.0,0.0,0.0,0.0,0.0,5.0,0.0,5,-0.9338212307486752,0.0,0.0,2025-11-09,24.5,488.17,0.0,-0.9338212307486752,900.0,0.0,0.0,0.0,0.0,19.0,4.0,16.55682351251732,1,0.0,9.778743520310362,182.65564292321923,27.02667577780151,16.55682351251732,0.0,19.0,4.0,29.18373029069901,28.47772968648808,8.979036497192462,33.8792315939407,8.959743864646901
652,2025-11-09 05:15:00.843,L_6vSQ==,PACKET_DATA,24.37,490.1,92.83,-0.003,3.671,0.0,0.0,0.0,0.0,0.0,0.0,0.0,0.0,0.0,0.0,0.0,5.0,0.0,5,-0.9202858909920372,0.0,0.0,2025-11-09,24.37,490.1,0.0,-0.9202858909920372,900.0,0.0,0.0,0.0,0.0,19.0,4.0,16.55682351251732,1,0.0,9.773408745175605,182.65564292321923,26.854357852264734,16.55682351251732,0.0,19.0,4.0,29.183730290996802,28.47772968648808,8.987038772674937,33.8792315939407,8.959743864646901
653,2025-11-09 05:30:01.473,L_6vSQ==,PACKET_DATA,24.25,491.38,92.96,-0.003,3.611,0.0,0.0,0.0,0.0,0.0,0.0,0.0,0.0,0.0,0.0,0.0,5.0,0.0,5,-0.9078232092517772,0.0,0.0,2025-11-09,24.25,491.38,0.0,-0.9078232092517772,900.0,0.0,0.0,0.0,0.0,19.0,4.0,16.55682351251732,1,0.0,9.763973532303723,182.65564292321923,26.69669159849832,16.55682351251732,0.0,19.0,4.0,29.18373029127232,28.47772968648808,8.992316492048124,33.8792315939407,8.959743864646901
654,2025-11-09 05:45:02.196,L_6vSQ==,PACKET_DATA,24.25,493.5,92.99,-0.003,3.556,0.0,0.0,0.0,0.0,0.0,0.0,0.0,0.0,0.0,0.0,0.0,5.0,0.0,5,-0.9108812273881116,0.0,0.0,2025-11-09,24.25,493.5,0.0,-0.9108812273881116,900.0,0.0,0.0,0.0,0.0,19.0,4.0,16.55682351251732,1,0.0,9.773167233363678,182.65564292321923,26.552431010693667,16.55682351251732,0.0,19.0,4.0,29.183730291527226,28.47772968648808,9.00100554788835,33.8792315939407,8.959743864646901
655,2025-11-09 06:00:02.922,L_6vSQ==,PACKET_DATA,24.12,494.17,92.89,-0.003,3.505,0.0,0.0,0.0,0.0,0.0,0.0,0.0,0.0,0.0,0.0,0.0,5.0,0.0,6,-0.8971901986519661,0.0,0.0,2025-11-09,24.12,494.17,0.0,-0.8971901986519661,900.0,0.0,0.0,0.0,0.0,19.0,4.0,16.55682351251732,1,0.0,9.75745012509603,182.65564292321923,26.420436179949824,16.55682351251732,0.0,19.0,4.0,29.183730291763062,28.47772968648808,9.003738002469944,33.8792315939407,8.959743864646901
656,2025-11-09 06:15:03.581,L_6vSQ==,PACKET_DATA,23.87,497.0,92.95,-0.003,3.449,0.0,0.0,0.0,0.0,0.0,0.0,0.0,0.0,0.0,0.0,0.0,5.0,0.0,6,-0.8755490649966227,0.0,0.0,2025-11-09,23.87,497.0,0.0,-0.8755490649966227,900.0,0.0,0.0,0.0,0.0,19.0,4.0,16.55682351251732,1,0.0,9.7272576819471,182.65564292321923,26.299664177723287,16.55682351251732,0.0,19.0,4.0,29.183730291981263,28.47772968648808,9.01520679087208,33.8792315939407,8.959743864646901
657,2025-11-09 06:30:04.332,L_6vSQ==,PACKET_DATA,23.94,498.25,92.98,-0.002,3.397,0.0,0.0,0.0,0.0,0.0,0.0,0.0,0.0,0.0,0.0,0.0,5.0,0.0,6,-0.8841430264415298,0.0,0.0,2025-11-09,23.94,498.25,0.0,-0.8841430264415298,900.0,0.0,0.0,0.0,0.0,19.0,4.0,16.55682351251732,1,0.0,9.745489552210492,182.65564292321923,26.189160773202993,16.55682351251732,0.0,19.0,4.0,29.183730292183142,28.47772968648808,9.020234764591763,33.8792315939407,8.959743864646901
658,2025-11-09 06:45:04.978,L_6vSQ==,PACKET_DATA,23.75,501.3,92.93,-0.003,3.343,0.0,0.0,0.0,0.0,0.0,0.0,0.0,0.0,0.0,0.0,0.0,5.0,0.0,6,-0.8703827202113938,0.0,0.0,2025-11-09,23.75,501.3,0.0,-0.8703827202113938,900.0,0.0,0.0,0.0,0.0,19.0,4.0,16.55682351251732,1,0.0,9.722898363944546,182.65564292321923,26.088052877587387,16.55682351251732,0.0,19.0,4.0,29.183730292369916,28.47772968648808,9.032404892023704,33.8792315939407,8.959743864646901
659,2025-11-09 07:00:00.682,L_6vSQ==,PACKET_DATA,23.74,502.67,92.85,-0.002,3.292,0.0,0.0,0.0,0.0,0.0,0.0,0.0,0.0,0.0,0.0,0.0,5.0,0.0,7,-0.8713393626416153,0.0,0.0,2025-11-09,23.74,502.67,0.0,-0.8713393626416153,900.0,0.0,0.0,0.0,0.0,19.0,4.0,16.55682351251732,1,0.0,9.726879413528609,182.65564292321923,25.995541639529,16.55682351251732,0.0,19.0,4.0,29.183730292542723,28.47772968648808,9.037825775339629,33.8792315939407,8.959743864646901
660,2025-11-09 07:15:01.398,L_6vSQ==,PACKET_DATA,23.49,504.8,92.8,-0.002,3.238,0.0,0.0,0.0,0.0,0.0,0.0,0.0,0.0,0.0,0.0,0.0,5.0,0.0,7,-0.8535964266365301,0.0,0.0,2025-11-09,23.49,504.8,0.0,-0.8535964266365301,900.0,0.0,0.0,0.0,0.0,19.0,4.0,16.55682351251732,1,0.0,9.682458574473143,182.65564292321923,25.910896131008723,16.55682351251732,0.0,19.0,4.0,29.183730292702602,28.47772968648808,9.046197046098868,33.8792315939407,8.959743864646901
661,2025-11-09 07:30:02.104,L_6vSQ==,PACKET_DATA,23.55,507.18,92.76,-0.003,3.189,0.0,0.0,0.0,0.0,0.0,0.0,0.0,0.0,0.0,0.0,0.0,5.0,0.0,7,-0.8613575860400378,0.0,0.0,2025-11-09,23.55,507.18,0.0,-0.8613575860400378,900.0,0.0,0.0,0.0,0.0,19.0,4.0,16.55682351251732,1,0.0,9.706395487872774,182.65564292321923,25.83344757136682,16.55682351251732,0.0,19.0,4.0,29.183730292850523,28.47772968648808,9.055468332100363,33.8792315939407,8.959743864646901
662,2025-11-09 07:45:02.779,L_6vSQ==,PACKET_DATA,23.31,509.17,92.81,-0.002,3.135,0.0,0.0,0.0,0.0,0.0,0.0,0.0,0.0,0.0,0.0,0.0,5.0,0.0,7,-0.8464544869447241,0.0,0.0,2025-11-09,23.31,509.17,0.0,-0.8464544869447241,900.0,0.0,0.0,0.0,0.0,19.0,4.0,16.55682351251732,1,0.0,9.6593680047476,182.65564292321923,25.762584042934925,16.55682351251732,0.0,19.0,4.0,29.183730292987377,28.47772968648808,9.063152864260768,33.8792315939407,8.959743864646901
663,2025-11-09 08:00:03.507,L_6vSQ==,PACKET_DATA,23.25,508.55,92.64,-0.003,3.083,0.0,0.0,0.0,0.0,0.0,0.0,0.0,0.0,0.0,0.0,0.0,5.0,0.0,8,-0.8417205817506535,0.0,0.0,2025-11-09,23.25,508.55,0.0,-0.8417205817506535,900.0,0.0,0.0,0.0,0.0,19.0,4.0,16.55682351251732,1,0.0,9.641878432860233,182.65564292321923,25.69774565616271,16.55682351251732,0.0,19.0,4.0,29.183730293114,28.47772968648808,9.060765318782984,33.8792315939407,8.959743864646901
664,2025-11-09 08:15:04.279,L_6vSQ==,PACKET_DATA,23.25,509.25,92.67,-0.003,3.029,0.0,0.0,0.0,0.0,0.0,0.0,0.0,0.0,0.0,0.0,0.0,5.0,0.0,8,-0.8426268120875928,0.0,0.0,2025-11-09,23.25,509.25,0.0,-0.8426268120875928,900.0,0.0,0.0,0.0,0.0,19.0,4.0,16.55682351251732,1,0.0,9.644999857789808,182.65564292321923,25.63842012590223,16.55682351251732,0.0,19.0,4.0,29.183730293231147,28.47772968648808,9.06346049615173,33.8792315939407,8.959743864646901
665,2025-11-09 08:30:04.958,L_6vSQ==,PACKET_DATA,23.25,509.56,92.7,-0.004,2.973,0.0,0.0,0.0,0.0,0.0,0.0,0.0,0.0,0.0,0.0,0.0,5.0,0.0,8,-0.8430256542426982,0.0,0.0,2025-11-09,23.25,509.56,0.0,-0.8430256542426982,900.0,0.0,0.0,0.0,0.0,19.0,4.0,16.55682351251732,1,0.0,9.646379280178211,182.65564292321923,25.584138723845616,16.55682351251732,0.0,19.0,4.0,29.183730293339533,28.47772968648808,9.064651621814326,33.8792315939407,8.959743864646901
666,2025-11-09 09:00:35.275,L_6vSQ==,PACKET_DATA,23.01,509.9,92.46,-0.003,2.971,0.0,0.0,0.0,0.0,0.0,0.0,0.0,0.0,0.0,0.0,0.0,5.0,0.0,9,-0.8293875234417403,0.0,0.0,2025-11-09,23.01,509.9,0.0,-0.8293875234417403,900.0,0.0,0.0,0.0,0.0,19.0,4.0,16.55682351251732,1,0.0,9.586475954931682,182.65564292321923,25.534472575116137,16.55682351251732,0.0,19.0,4.0,29.183730293439808,28.47772968648808,9.065956282929992,33.8792315939407,8.959743864646901
667,2025-11-09 09:15:03.944,L_6vSQ==,PACKET_DATA,24.72,505.0,88.34,1.183,4.693,144.0,607.0,337.0,113.0,3464.0,256.0,149.0,165.0,2838.0,4585.0,1.0,5.0,235.08,9,13.687393987273929,235.08,285.08000000000004,2025-11-09,24.72,505.0,285.08000000000004,13.687393987273929,900.0,285.08000000000004,285.08000000000004,285.08000000000004,1.4053717748,52.641162875562586,14.410290718890646,43.02659994944476,1,13.730470392431325,9.863545612646936,182.65564292321923,27.5651672092575,43.02659994944476,13.512452815078122,52.641162875562586,14.410290718890646,29.183730293532587,28.47772968648808,9.046979509527874,33.8792315939407,8.959743864646901
668,2025-11-09 09:30:01.200,L_6vSQ==,PACKET_DATA,24.44,496.23,87.54,0.845,4.536,52.0,260.0,144.0,41.0,1265.0,91.0,53.0,59.0,1032.0,1589.0,1.0,5.0,81.78,9,7.360506231352475,81.78,131.78,2025-11-09,24.44,496.23,131.78,7.360506231352475,900.0,131.78,131.78,131.78,1.0994833052,24.63210879547863,5.877369598492876,21.069142585488645,1,6.95344405136232,9.807081178398857,182.65564292321923,31.210247301264538,21.069142585488645,6.4238428995756385,24.63210879547863,5.877369598492876,29.183730293618424,28.47772968648808,9.012098010804422,33.8792315939407,8.959743864646901
669,2025-11-09 09:45:04.029,L_6vSQ==,PACKET_DATA,25.62,487.17,83.98,1.215,4.717,153.0,695.0,379.0,119.0,3651.0,268.0,157.0,172.0,2931.0,4800.0,1.0,5.0,242.38,9,13.839197009319726,242.38,292.38,2025-11-09,25.62,487.17,292.38,13.839197009319726,900.0,292.38,292.38,292.37999999999994,1.4165430378,53.82512265336738,14.706280663341845,43.91587680842545,1,13.916714151332538,9.770634636846511,182.65564292321923,33.27409006744231,43.91587680842545,13.352444425053655,53.82512265336738,14.706280663341845,29.18373029369784,28.47772968648808,8.974869350500462,33.8792315939407,8.959743864646901
670,2025-11-09 10:00:01.324,L_6vSQ==,PACKET_DATA,25.74,479.67,83.0,1.037,4.719,98.0,471.0,258.0,77.0,2363.0,172.0,101.0,111.0,1905.0,3041.0,1.0,5.0,157.22,10,10.76709622477502,157.22,207.22,2025-11-09,25.74,479.67,207.22,10.76709622477502,900.0,207.22,207.22,207.22,1.2862218382,38.51322918103194,10.453968754309582,32.160075345471164,1,10.989591721271497,9.727557506152404,182.65564292321923,31.314202756826624,32.160075345471164,10.279891910828361,38.51322918103194,10.453968754309582,29.18373029377132,28.47772968648808,8.943168735437117,33.8792315939407,8.959743864646901
671,2025-11-09 10:15:04.207,L_6vSQ==,PACKET_DATA,25.37,472.7,84.74,0.832,4.631,51.0,258.0,142.0,40.0,1240.0,89.0,52.0,58.0,1010.0,1558.0,1.0,5.0,78.94,10,7.086277905757045,78.94,128.94,2025-11-09,25.37,472.7,128.94,7.086277905757045,900.0,128.94,128.94,128.93999999999997,1.0921693395999998,24.130519251147998,5.710173083716,20.667280307987355,1,6.721781059892841,9.730692798839694,182.65564292321923,30.075364398969107,20.667280307987355,5.954499981998246,24.130519251147998,5.710173083716,29.183730293839297,28.47772968648808,8.913018605852903,33.8792315939407,8.959743864646901
672,2025-11-09 10:30:01.577,L_6vSQ==,PACKET_DATA,25.01,471.78,85.86,0.868,4.634,57.0,294.0,162.0,45.0,1373.0,98.0,58.0,64.0,1111.0,1713.0,1.0,5.0,89.78,10,7.684274978275845,89.78,139.78,2025-11-09,25.01,471.78,139.78,7.684274978275845,900.0,139.78,139.78,139.78000000000003,1.1200860252,26.04503708936772,6.348345696455906,22.201149000985236,1,7.33892154285853,9.734326869314371,182.65564292321923,31.25953973660423,22.201149000985236,6.805751152985089,26.04503708936772,6.348345696455906,29.183730293902194,28.47772968648808,8.90899057310733,33.8792315939407,8.959743864646901
673,2025-11-09 10:45:04.398,L_6vSQ==,PACKET_DATA,25.48,465.92,83.53,1.027,4.723,89.0,443.0,242.0,69.0,2135.0,154.0,90.0,100.0,1721.0,2710.0,1.0,5.0,135.54,10,9.800092353386946,135.54,185.54,2025-11-09,25.48,465.92,185.54,9.800092353386946,900.0,185.54,185.54,185.53999999999996,1.2379335835999998,34.412384473197775,9.137461491065926,28.904879799037854,1,9.858844843727857,9.694340641010786,182.65564292321923,31.964090729509817,28.904879799037854,9.397554360046051,34.412384473197775,9.137461491065926,29.183730293960384,28.47772968648808,8.88307498738639,33.8792315939407,8.959743864646901
674,2025-11-09 11:00:01.690,L_6vSQ==,PACKET_DATA,27.3,457.5,77.01,1.434,4.714,246.0,1142.0,609.0,190.0,5814.0,427.0,252.0,273.0,4500.0,7815.0,1.0,5.0,389.26,11,16.768843909910995,389.26,439.26,2025-11-09,27.3,457.5,439.26,16.768843909910995,900.0,439.26,439.26,439.2600000000001,1.6031950394,82.93062526749934,24.172250106999737,67.09282464792759,1,16.833549359180672,9.298276705070869,182.65564292321923,32.71346296263865,67.09282464792759,15.758202423330374,82.93062526749934,24.172250106999737,29.18373029401422,28.47772968648808,8.84507507189345,33.8792315939407,8.959743864646901
675,2025-11-09 11:15:04.562,L_6vSQ==,PACKET_DATA,27.25,451.38,77.6,1.194,4.718,143.0,671.0,366.0,112.0,3414.0,250.0,147.0,160.0,2704.0,4493.0,1.0,5.0,230.26,11,13.00767618499557,230.26,280.26,2025-11-09,27.25,451.38,280.26,13.00767618499557,900.0,280.26,280.26,280.26,1.3979956806,51.85942504966954,14.214856262417385,42.43943358502188,1,12.956935667711491,9.28607809765841,182.65564292321923,33.05111413899559,42.43943358502188,12.573308547510058,51.85942504966954,14.214856262417385,29.183730294064034,28.47772968648808,8.816910666747514,33.8792315939407,8.959743864646901
676,2025-11-09 11:30:01.798,L_6vSQ==,PACKET_DATA,26.55,447.0,80.5,1.007,4.721,89.0,439.0,241.0,70.0,2133.0,154.0,91.0,100.0,1708.0,2731.0,1.0,5.0,141.83,11,9.842860290490544,141.83,191.83,2025-11-09,26.55,447.0,191.83,9.842860290490544,900.0,191.83,191.83,191.83000000000004,1.2541324722,35.5750462107209,9.525015403573633,29.83637827041881,1,9.966345767426093,9.446054527788021,182.65564292321923,31.471496029948757,29.83637827041881,9.441473197779576,35.5750462107209,9.525015403573633,29.18373029411012,28.47772968648808,8.796481933294732,33.8792315939407,8.959743864646901
677,2025-11-09 11:45:04.645,L_6vSQ==,PACKET_DATA,26.25,442.64,81.85,0.965,4.72,82.0,405.0,222.0,64.0,1963.0,142.0,83.0,92.0,1579.0,2498.0,1.0,5.0,127.98,11,9.265634600993623,127.98,177.98000000000002,2025-11-09,26.25,442.64,177.98000000000002,9.265634600993623,900.0,177.98000000000002,177.98000000000002,177.98000000000002,1.2184640132,33.01497227356747,8.671657424522492,27.785304529778738,1,9.2258556548067,9.48812456622844,182.65564292321923,30.576052807612196,27.785304529778738,8.513012437273849,33.01497227356747,8.671657424522492,29.183730294152756,28.47772968648808,8.775927427902792,33.8792315939407,8.959743864646901
678,2025-11-09 12:00:01.907,L_6vSQ==,PACKET_DATA,26.75,438.83,78.51,1.186,4.719,143.0,665.0,363.0,112.0,3424.0,251.0,147.0,161.0,2733.0,4489.0,1.0,5.0,231.07,12,13.009185798374336,231.07,281.07,2025-11-09,26.75,438.83,281.07,13.009185798374336,900.0,281.07,281.07,281.07000000000005,1.3992352317,51.99079592912461,14.247698982281152,42.538106770744406,1,12.977382423515524,9.361888334349679,182.65564292321923,32.58853867333356,42.538106770744406,12.35042015893219,51.99079592912461,14.247698982281152,29.183730294192205,28.47772968648808,8.757791134772114,33.8792315939407,8.959743864646901
679,2025-11-09 12:15:04.821,L_6vSQ==,PACKET_DATA,28.01,433.85,75.25,1.388,4.72,230.0,1066.0,571.0,178.0,5447.0,400.0,236.0,256.0,4217.0,7319.0,1.0,5.0,364.52,12,15.87066302695669,364.52,414.52,2025-11-09,28.01,433.85,414.52,15.87066302695669,900.0,414.52,414.52,414.5199999999999,1.5776339188,78.11758297342514,22.247033189370057,63.04391819072211,1,15.853469457393073,8.99373394407565,182.65564292321923,33.756087851217025,63.04391819072211,14.920965178376225,78.11758297342514,22.247033189370057,29.183730294228702,28.47772968648808,8.733846057486025,33.8792315939407,8.959743864646901
680,2025-11-09 12:30:07.699,L_6vSQ==,PACKET_DATA,27.62,427.45,76.99,1.118,4.72,103.0,573.0,305.0,80.0,2452.0,174.0,104.0,113.0,1890.0,3093.0,1.0,5.0,158.3,12,10.187409032015426,158.3,208.3,2025-11-09,27.62,427.45,208.3,10.187409032015426,900.0,208.3,208.3,208.29999999999998,1.2878745729999999,38.72599933016805,10.517799799050414,32.32628034364249,1,10.303012475776878,9.073417536539708,182.65564292321923,32.813252230574804,32.32628034364249,10.361034779241107,38.72599933016805,10.517799799050414,29.183730294262467,28.47772968648808,8.702687010771049,33.8792315939407,8.959743864646901
681,2025-11-09 12:45:04.969,L_6vSQ==,PACKET_DATA,27.03,422.83,78.83,1.051,4.722,99.0,478.0,262.0,77.0,2367.0,172.0,101.0,111.0,1895.0,3054.0,1.0,5.0,152.83,12,10.076352078736372,152.83,202.83,2025-11-09,27.03,422.83,202.83,10.076352078736372,900.0,202.83,202.83,202.83000000000004,1.2795037773,37.648357926673114,10.194507378001934,31.484482806608128,1,10.25921497239035,9.215011883482266,182.65564292321923,31.280302318190856,31.484482806608128,9.718138476089715,37.648357926673114,10.194507378001934,29.18373029429371,28.47772968648808,8.67993288830586,33.8792315939407,8.959743864646901
682,2025-11-09 13:00:02.294,L_6vSQ==,PACKET_DATA,27.5,417.83,77.51,1.174,4.722,149.0,699.0,381.0,116.0,3567.0,261.0,153.0,168.0,2829.0,4692.0,1.0,5.0,235.29,13,12.79963012538404,235.29,285.29,2025-11-09,27.5,417.83,285.29,12.79963012538404,900.0,285.29,285.29,285.2900000000001,1.4056931399,52.67522199245835,14.418805498114587,43.05218188648393,1,12.694449720300295,9.0614437684102,182.65564292321923,33.31195052873326,43.05218188648393,12.331401338956205,52.67522199245835,14.418805498114587,29.183730294322615,28.47772968648808,8.655068783475462,33.8792315939407,8.959743864646901
683,2025-11-09 13:15:10.819,L_6vSQ==,PACKET_DATA,27.94,413.38,76.45,1.215,4.716,165.0,764.0,415.0,128.0,3923.0,288.0,169.0,185.0,3095.0,5203.0,1.0,5.0,259.75,13,13.331910412241037,259.75,309.75,2025-11-09,27.94,413.38,309.75,13.331910412241037,900.0,309.75,309.75,309.75000000000006,1.44131073,57.05905079507097,15.617715238521292,46.40675543813052,1,13.19676664132421,8.915712170876116,182.65564292321923,34.29369656648254,46.40675543813052,12.881609666687408,57.05905079507097,15.617715238521292,29.18373029434936,28.47772968648808,8.63273765762818,33.8792315939407,8.959743864646901
684,2025-11-09 13:30:02.446,L_6vSQ==,PACKET_DATA,27.99,411.2,75.22,1.251,4.722,164.0,730.0,401.0,128.0,3906.0,288.0,169.0,184.0,3097.0,5216.0,1.0,5.0,261.84,13,13.34997085996004,261.84,311.84,2025-11-09,27.99,411.2,311.84,13.34997085996004,900.0,311.84,311.84,311.84,1.4441202752,57.48403757777867,15.745211273333602,46.738733056840466,1,13.206243785061146,8.891173646176993,182.65564292321923,34.92010919247237,46.738733056840466,12.865265505011482,57.48403757777867,15.745211273333602,29.1837302943741,28.47772968648808,8.621730273468787,33.8792315939407,8.959743864646901
685,2025-11-09 13:45:05.363,L_6vSQ==,PACKET_DATA,27.44,409.57,77.43,1.086,4.721,107.0,506.0,278.0,84.0,2561.0,187.0,110.0,120.0,2048.0,3331.0,1.0,5.0,171.29,13,10.617250069169035,171.29,221.29,2025-11-09,27.44,409.57,221.29,10.617250069169035,900.0,221.29,221.29,221.29,1.3077532998999999,41.28515140172186,11.28554542051656,34.32535712720307,1,10.645569431101235,9.03769181252289,182.65564292321923,32.23939744998382,34.32535712720307,10.365494793331546,41.28515140172186,11.28554542051656,29.183730294396995,28.47772968648808,8.613471469582663,33.8792315939407,8.959743864646901
686,2025-11-09 14:00:02.625,L_6vSQ==,PACKET_DATA,26.62,410.75,81.0,0.9,4.722,65.0,325.0,179.0,51.0,1578.0,114.0,67.0,74.0,1272.0,2004.0,1.0,5.0,101.06,14,7.817767484877996,101.06,151.06,2025-11-09,26.62,410.75,151.06,7.817767484877996,900.0,151.06,151.06,151.06,1.1491358604,28.03900184842884,7.013000616142946,23.798668782628507,1,7.573009931593966,9.255775080605073,182.65564292321923,30.950209971735937,23.798668782628507,7.10803499541111,28.03900184842884,7.013000616142946,29.183730294418172,28.47772968648808,8.619452658428848,33.8792315939407,8.959743864646901
687,2025-11-09 14:15:05.398,L_6vSQ==,PACKET_DATA,26.09,413.5,82.69,0.861,4.714,57.0,290.0,160.0,45.0,1386.0,100.0,58.0,65.0,1121.0,1746.0,1.0,5.0,91.08,14,7.438765635806472,91.08,141.07999999999998,2025-11-09,26.09,413.5,141.07999999999998,7.438765635806472,900.0,141.07999999999998,141.07999999999998,141.08,1.1234339672,26.274637937124695,6.424879312374898,22.38510004350343,1,7.170433860154303,9.371971775985108,182.65564292321923,30.219404099666765,22.38510004350343,6.498551151143631,26.274637937124695,6.424879312374898,29.18373029443777,28.47772968648808,8.633342289858565,33.8792315939407,8.959743864646901
688,2025-11-09 14:30:02.803,L_6vSQ==,PACKET_DATA,25.94,414.6,83.42,0.875,4.722,60.0,292.0,162.0,47.0,1440.0,104.0,61.0,67.0,1173.0,1823.0,1.0,5.0,92.46,14,7.5337558686371775,92.46,142.45999999999998,2025-11-09,25.94,414.6,142.45999999999998,7.5337558686371775,900.0,142.45999999999998,142.45999999999998,142.46,1.1269879364,26.51836806782056,6.50612268927352,22.58037115017659,1,7.270409553390503,9.399432167149548,182.65564292321923,29.723813039148162,22.58037115017659,6.537732550630322,26.51836806782056,6.50612268927352,29.1837302944559,28.47772968648808,8.638878485003124,33.8792315939407,8.959743864646901
689,2025-11-09 14:45:00.088,L_6vSQ==,PACKET_DATA,26.55,414.43,80.55,1.148,4.718,139.0,623.0,343.0,108.0,3321.0,244.0,143.0,157.0,2672.0,4376.0,1.0,5.0,217.0,14,12.383301008140776,217.0,267.0,2025-11-09,26.55,414.43,267.0,12.383301008140776,900.0,267.0,267.0,266.99999999999994,1.3777037699999999,49.70883509710902,13.677208774277254,40.82411698911994,1,12.332085057968822,9.290041941959437,182.65564292321923,31.672409285999354,40.82411698911994,11.518512517938312,49.70883509710902,13.677208774277254,29.18373029447267,28.47772968648808,8.638023631312716,33.8792315939407,8.959743864646901
690,2025-11-09 15:00:02.882,L_6vSQ==,PACKET_DATA,26.37,413.44,82.22,0.949,4.724,78.0,365.0,203.0,61.0,1871.0,136.0,80.0,88.0,1519.0,2407.0,1.0,5.0,120.74,15,8.785906686003425,120.74,170.74,2025-11-09,26.37,413.44,170.74,8.785906686003425,900.0,170.74,170.74,170.74,1.1998185516,31.67670979667283,8.225569932224277,26.713118689906235,1,8.681883124846323,9.322269392841388,182.65564292321923,30.95277954283132,26.713118689906235,8.070798310597128,31.67670979667283,8.225569932224277,29.18373029448819,28.47772968648808,8.633039990496204,33.8792315939407,8.959743864646901
691,2025-11-09 15:15:00.262,L_6vSQ==,PACKET_DATA,25.97,413.85,83.71,0.883,4.721,62.0,293.0,163.0,49.0,1493.0,108.0,63.0,70.0,1221.0,1906.0,1.0,5.0,99.92,15,7.887833651437234,99.92,149.92000000000002,2025-11-09,25.97,413.85,149.92000000000002,7.887833651437234,900.0,149.92000000000002,149.92000000000002,149.91999999999996,1.1461999727999999,27.835923701872126,6.945307900624042,23.635967132627155,1,7.652396624014457,9.391442853375818,182.65564292321923,29.78485194887562,23.635967132627155,6.9082434957831635,27.835923701872126,6.945307900624042,29.183730294502546,28.47772968648808,8.63510503367921,33.8792315939407,8.959743864646901
692,2025-11-09 15:30:03.084,L_6vSQ==,PACKET_DATA,26.62,411.43,81.11,1.164,4.721,134.0,619.0,339.0,105.0,3210.0,235.0,138.0,151.0,2575.0,4204.0,1.0,5.0,215.63,15,12.304266371407126,215.63,265.63,2025-11-09,26.62,411.43,265.63,12.304266371407126,900.0,265.63,265.63,265.62999999999994,1.3756072453,49.48663990593195,13.621659976482988,40.65722530462631,1,12.246820351346972,9.25925165472508,182.65564292321923,31.727227244919977,40.65722530462631,11.455870769861642,49.48663990593195,13.621659976482988,29.183730294515833,28.47772968648808,8.622893671046858,33.8792315939407,8.959743864646901
693,2025-11-09 15:45:00.358,L_6vSQ==,PACKET_DATA,26.73,408.0,80.59,1.097,4.721,114.0,543.0,297.0,89.0,2737.0,199.0,117.0,128.0,2192.0,3553.0,1.0,5.0,178.97,15,11.033375327546562,178.97,228.97,2025-11-09,26.73,408.0,228.97,11.033375327546562,900.0,228.97,228.97,228.96999999999997,1.3195060806999999,42.79818357335645,11.739455072006933,35.507259336421335,1,11.059110048466875,9.216308261703844,182.65564292321923,30.933270094321724,35.507259336421335,10.298603075119052,42.79818357335645,11.739455072006933,29.18373029452812,28.47772968648808,8.605493895777377,33.8792315939407,8.959743864646901
694,2025-11-09 16:00:03.309,L_6vSQ==,PACKET_DATA,26.05,407.62,82.59,0.868,4.724,60.0,292.0,162.0,47.0,1439.0,104.0,61.0,67.0,1170.0,1828.0,1.0,5.0,92.53,16,7.495393637483659,92.53,142.53,2025-11-09,26.05,407.62,142.53,7.495393637483659,900.0,142.53,142.53,142.53000000000003,1.1271682102,26.530731190392093,6.510243730130698,22.59027620631219,1,7.240791955703166,9.347109339878616,182.65564292321923,29.76917022875631,22.59027620631219,6.529112933198668,26.530731190392093,6.510243730130698,29.183730294539494,28.47772968648808,8.603559687441505,33.8792315939407,8.959743864646901
695,2025-11-09 16:15:00.573,L_6vSQ==,PACKET_DATA,25.75,412.5,84.15,0.847,4.676,54.0,258.0,144.0,42.0,1309.0,95.0,55.0,61.0,1074.0,1663.0,1.0,5.0,80.61,16,6.96279714999932,80.61,130.61,2025-11-09,25.75,412.5,130.61,6.96279714999932,900.0,130.61,130.61,130.61,1.0964701574,24.425468032497353,5.8084893441657846,20.903586647222273,1,6.690282985678891,9.4106523198761,182.65564292321923,29.10927317593482,20.903586647222273,5.976655271286774,24.425468032497353,5.8084893441657846,29.183730294550013,28.47772968648808,8.628299598133243,33.8792315939407,8.959743864646901
696,2025-11-09 16:30:09.067,L_6vSQ==,PACKET_DATA,27.25,409.64,77.78,1.313,4.716,98.0,887.0,433.0,75.0,2271.0,144.0,91.0,96.0,1487.0,2462.0,1.0,5.0,150.43,16,9.851910231510484,150.43,200.43,2025-11-09,27.25,409.64,200.43,9.851910231510484,900.0,200.43,200.43,200.42999999999995,1.2758310332999998,37.175535373037285,10.052660611911186,31.115138366227406,1,10.036650768481623,9.09078796175832,182.65564292321923,30.75558570365401,31.115138366227406,9.467661616543557,37.175535373037285,10.052660611911186,29.183730294559744,28.47772968648808,8.61382663907189,33.8792315939407,8.959743864646901
697,2025-11-09 16:45:00.674,L_6vSQ==,PACKET_DATA,26.69,407.5,79.96,0.951,4.722,78.0,366.0,203.0,61.0,1878.0,137.0,80.0,88.0,1521.0,2425.0,1.0,5.0,121.37,16,8.726940198975386,121.37,171.37,2025-11-09,26.69,407.5,171.37,8.726940198975386,900.0,171.37,171.37,171.37,1.2014410158,31.793160813308692,8.264386937769563,26.806416629011164,1,8.620595433414184,9.22308961943131,182.65564292321923,30.004791230945294,26.806416629011164,7.966732849472608,31.793160813308692,8.264386937769563,29.18373029456875,28.47772968648808,8.60294861645576,33.8792315939407,8.959743864646901
698,2025-11-09 17:00:03.594,L_6vSQ==,PACKET_DATA,27.62,406.5,77.07,1.246,4.716,181.0,813.0,443.0,140.0,4302.0,317.0,186.0,203.0,3404.0,5735.0,1.0,5.0,281.98,17,13.8845975000157,281.98,331.98,2025-11-09,27.62,406.5,331.98,13.8845975000157,900.0,331.98,331.98,331.98,1.4711940744,61.57936475659848,16.973809426979543,49.93779010986374,1,13.754177492040167,8.971631880663312,182.65564292321923,32.23079827318955,49.93779010986374,13.016781334215027,61.57936475659848,16.973809426979543,29.18373029457708,28.47772968648808,8.597851367147186,33.8792315939407,8.959743864646901
699,2025-11-09 17:15:00.897,L_6vSQ==,PACKET_DATA,26.37,407.33,81.74,0.832,4.643,52.0,260.0,144.0,41.0,1262.0,91.0,53.0,59.0,1021.0,1597.0,1.0,5.0,82.0,17,6.916057255302109,82.0,132.0,2025-11-09,26.37,407.33,132.0,6.916057255302109,900.0,132.0,132.0,132.00000000000003,1.10004988,24.670964323560586,5.890321441186861,21.10027276191481,1,6.640047010930592,9.290580716520001,182.65564292321923,31.822764179710784,21.10027276191481,6.527354234360347,24.670964323560586,5.890321441186861,29.18373029458479,28.47772968648808,8.602082712424737,33.8792315939407,8.959743864646901
700,2025-11-09 17:30:03.746,L_6vSQ==,PACKET_DATA,26.37,408.0,82.82,1.007,4.721,92.0,443.0,243.0,72.0,2204.0,160.0,94.0,103.0,1778.0,2826.0,1.0,5.0,144.97,17,9.791084556480188,144.97,194.97,2025-11-09,26.37,408.0,194.97,9.791084556480188,900.0,194.97,194.97,194.97000000000003,1.2622190398,36.1554528650647,9.718484288354901,30.30138704627511,1,9.951372303591624,9.294085977164574,182.65564292321923,33.42868627370581,30.30138704627511,9.991975380822609,36.1554528650647,9.718484288354901,29.183730294591925,28.47772968648808,8.605493895767788,33.8792315939407,8.959743864646901
701,2025-11-09 17:45:01.001,L_6vSQ==,PACKET_DATA,26.52,405.5,81.35,1.101,4.716,115.0,554.0,303.0,90.0,2764.0,201.0,118.0,130.0,2212.0,3576.0,1.0,5.0,182.67,17,11.17910122798196,182.67,232.67,2025-11-09,26.52,405.5,232.67,11.17910122798196,900.0,232.67,232.67,232.66999999999996,1.3251682276999999,43.52711834354498,11.958135503063493,36.07666534867492,1,11.196784427239187,9.250496879129962,182.65564292321923,34.252134652631675,36.07666534867492,11.177294076405754,43.52711834354498,11.958135503063493,29.183730294598522,28.47772968648808,8.592745250670603,33.8792315939407,8.959743864646901
702,2025-11-09 18:00:03.941,L_6vSQ==,PACKET_DATA,26.63,402.67,81.16,1.094,4.722,112.0,520.0,286.0,88.0,2690.0,197.0,115.0,127.0,2167.0,3504.0,1.0,5.0,181.69,18,11.105879678413697,181.69,231.69,2025-11-09,26.63,402.67,231.69,11.105879678413697,900.0,231.69,231.69,231.68999999999997,1.3236685239,43.3340491341437,11.900214740243108,35.925849702186134,1,11.120473698122382,9.211652785359785,182.65564292321923,34.75756986670627,35.925849702186134,11.214740886998044,43.3340491341437,11.900214740243108,29.183730294604626,28.47772968648808,8.578247448400978,33.8792315939407,8.959743864646901
703,2025-11-09 18:15:01.218,L_6vSQ==,PACKET_DATA,26.37,402.14,82.47,0.971,4.72,82.0,405.0,222.0,64.0,1971.0,143.0,84.0,92.0,1586.0,2514.0,1.0,5.0,126.85,18,8.99800596983336,126.85,176.85,2025-11-09,26.37,402.14,176.85,8.99800596983336,900.0,176.85,176.85,176.84999999999997,1.2155538789999998,32.80609981515711,8.602033271719037,27.617960607257192,1,8.956415178534742,9.263178093945868,182.65564292321923,32.53414452578009,27.617960607257192,8.814979904524131,32.80609981515711,8.602033271719037,29.183730294610275,28.47772968648808,8.57552459279099,33.8792315939407,8.959743864646901
704,2025-11-09 18:30:04.130,L_6vSQ==,PACKET_DATA,25.78,404.95,84.28,0.832,4.648,52.0,260.0,144.0,41.0,1270.0,92.0,53.0,59.0,1033.0,1600.0,1.0,5.0,82.15,18,7.012546406562402,82.15,132.15,2025-11-09,25.78,404.95,132.15,7.012546406562402,900.0,132.15,132.15,132.15000000000003,1.100436181,24.697456729071007,5.899152243023669,21.121497882205368,1,6.753320498917718,9.36693210359413,182.65564292321923,31.464871741649965,21.121497882205368,6.381010674075265,24.697456729071007,5.899152243023669,29.1837302946155,28.47772968648808,8.58993313033822,33.8792315939407,8.959743864646901
705,2025-11-09 18:45:01.361,L_6vSQ==,PACKET_DATA,26.01,404.33,83.08,1.036,4.72,100.0,479.0,263.0,78.0,2402.0,175.0,102.0,113.0,1938.0,3087.0,1.0,5.0,156.82,18,10.284334804568312,156.82,206.82,2025-11-09,26.01,404.33,206.82,10.284334804568312,900.0,206.82,206.82,206.81999999999994,1.2856097141999998,38.43442542209262,10.430327626627786,32.09851793874104,1,10.462522027587623,9.335293552407231,182.65564292321923,33.140200237001025,32.09851793874104,10.236247376671459,38.43442542209262,10.430327626627786,29.183730294620336,28.47772968648808,8.586759924453188,33.8792315939407,8.959743864646901
706,2025-11-09 19:00:04.224,L_6vSQ==,PACKET_DATA,26.63,402.22,81.24,1.174,4.718,138.0,631.0,346.0,108.0,3306.0,242.0,142.0,156.0,2650.0,4341.0,1.0,5.0,221.48,19,12.39458270241307,221.48,271.48,2025-11-09,26.63,402.22,271.48,12.39458270241307,900.0,271.48,271.48,271.47999999999996,1.3845595588,50.43542959088512,13.85885739772128,41.36986497928892,1,12.324170085593632,9.209290325089986,182.65564292321923,34.04459666234707,41.36986497928892,11.948013126450464,50.43542959088512,13.85885739772128,29.18373029462481,28.47772968648808,8.575935744647708,33.8792315939407,8.959743864646901
707,2025-11-09 19:15:01.562,L_6vSQ==,PACKET_DATA,27.0,398.0,79.92,1.153,4.72,138.0,631.0,346.0,108.0,3304.0,242.0,142.0,156.0,2642.0,4346.0,1.0,5.0,221.63,19,12.301140377674596,221.63,271.63,2025-11-09,27.0,398.0,271.63,12.301140377674596,900.0,271.63,271.63,271.62999999999994,1.3847891052999999,50.45975753152494,13.864939382881236,41.388137791459755,1,12.202838474587049,9.097745775577108,182.65564292321923,34.60943861991695,41.388137791459755,11.960109894143802,50.45975753152494,13.864939382881236,29.183730294628948,28.47772968648808,8.554173242536999,33.8792315939407,8.959743864646901
708,2025-11-09 19:30:04.399,L_6vSQ==,PACKET_DATA,27.0,397.69,80.52,1.074,4.721,113.0,549.0,300.0,88.0,2712.0,197.0,116.0,127.0,2163.0,3506.0,1.0,5.0,175.19,19,10.76988000251801,175.19,225.19,2025-11-09,27.0,397.69,225.19,10.76988000251801,900.0,225.19,225.19,225.18999999999994,1.3137215088999998,42.05348805138004,11.516046415414012,34.92554184282171,1,10.792550955570679,9.09612318045129,182.65564292321923,32.153973392246456,34.92554184282171,10.33356434983574,42.05348805138004,11.516046415414012,29.183730294632777,28.47772968648808,8.552568674899542,33.8792315939407,8.959743864646901
709,2025-11-09 19:45:01.631,L_6vSQ==,PACKET_DATA,26.62,396.67,80.92,1.039,4.718,102.0,479.0,264.0,80.0,2445.0,178.0,104.0,115.0,1969.0,3166.0,1.0,5.0,163.15,19,10.388514757931675,163.15,213.15,2025-11-09,26.62,396.67,213.15,10.388514757931675,900.0,213.15,213.15,213.15000000000003,1.2952965765,39.68149490730708,10.804448472192126,33.072663900245175,1,10.500248575246257,9.182112609066458,182.65564292321923,30.973109752708982,33.072663900245175,9.75650363163922,39.68149490730708,10.804448472192126,29.18373029463632,28.47772968648808,8.547283510611189,33.8792315939407,8.959743864646901
710,2025-11-09 20:00:04.555,L_6vSQ==,PACKET_DATA,26.24,395.86,82.24,0.956,4.721,78.0,369.0,205.0,61.0,1880.0,137.0,80.0,88.0,1527.0,2414.0,1.0,5.0,120.76,20,8.72126891880726,120.76,170.76,2025-11-09,26.24,395.86,170.76,8.72126891880726,900.0,170.76,170.76,170.76,1.1998700584,31.68040665434381,8.226802218114603,26.716080529242898,1,8.632648928506015,9.253125973823789,182.65564292321923,30.303709765160367,26.716080529242898,7.898585454234018,31.68040665434381,8.226802218114603,29.183730294639595,28.47772968648808,8.543080362614939,33.8792315939407,8.959743864646901
711,2025-11-09 20:15:01.855,L_6vSQ==,PACKET_DATA,26.25,395.6,83.0,0.962,4.719,78.0,370.0,205.0,61.0,1880.0,137.0,80.0,88.0,1530.0,2411.0,1.0,5.0,121.16,20,8.735899422913755,121.16,171.16,2025-11-09,26.25,395.6,171.16,8.735899422913755,900.0,171.16,171.16,171.16000000000003,1.2009001944,31.75434380776341,8.251447935921135,26.77531731597619,1,8.650496668614819,9.249967629014463,182.65564292321923,29.849760690009862,26.77531731597619,7.9050280276857166,31.75434380776341,8.251447935921135,29.18373029464263,28.47772968648808,8.541730064302445,33.8792315939407,8.959743864646901
712,2025-11-09 20:30:04.736,L_6vSQ==,PACKET_DATA,25.99,397.5,83.43,0.974,4.722,81.0,404.0,221.0,64.0,1961.0,142.0,83.0,92.0,1581.0,2493.0,1.0,5.0,132.14,20,9.252717571279872,132.14,182.14,2025-11-09,25.99,397.5,182.14,9.252717571279872,900.0,182.14,182.14,182.13999999999996,1.2291774275999998,33.78391866913123,8.92797288971041,28.401367111804912,1,9.273977312032311,9.300879174213078,182.65564292321923,31.357639463039177,28.401367111804912,8.625225672129293,33.78391866913123,8.92797288971041,29.183730294645436,28.47772968648808,8.551584835871948,33.8792315939407,8.959743864646901
713,2025-11-09 20:45:02.009,L_6vSQ==,PACKET_DATA,26.37,396.4,82.49,1.085,4.718,110.0,519.0,284.0,86.0,2631.0,192.0,112.0,124.0,2120.0,3404.0,1.0,5.0,176.04,20,10.895329995694832,176.04,226.04,2025-11-09,26.37,396.4,226.04,10.895329995694832,900.0,226.04,226.04,226.0399999999999,1.3150222723999998,42.22094603912605,11.566283811737815,35.05635133212321,1,10.942225140119678,9.232363965205497,182.65564292321923,32.16725930427461,35.05635133212321,10.346972903436244,42.22094603912605,11.566283811737815,29.18373029464803,28.47772968648808,8.545883059825188,33.8792315939407,8.959743864646901
714,2025-11-09 21:00:04.851,L_6vSQ==,PACKET_DATA,26.49,394.44,81.65,1.108,4.72,118.0,556.0,304.0,92.0,2820.0,206.0,121.0,132.0,2264.0,3662.0,1.0,5.0,185.49,21,11.19296534165817,185.49,235.49,2025-11-09,26.49,394.44,235.49,11.19296534165817,900.0,235.49,235.49,235.48999999999995,1.3294837018999999,44.08268484406705,12.124805453220116,36.51064506612225,1,11.192084229059475,9.197922319047356,182.65564292321923,32.74674956147537,36.51064506612225,10.728236121821782,44.08268484406705,12.124805453220116,29.18373029465043,28.47772968648808,8.535698947829427,33.8792315939407,8.959743864646901
715,2025-11-09 21:15:02.129,L_6vSQ==,PACKET_DATA,26.05,395.0,82.57,0.971,4.721,82.0,406.0,222.0,64.0,1966.0,142.0,83.0,92.0,1581.0,2501.0,1.0,5.0,128.16,21,9.063174301864237,128.16,178.16,2025-11-09,26.05,395.0,178.16,9.063174301864237,900.0,178.16,178.16,178.15999999999997,1.2189275743999999,33.04824399260628,8.682747997535428,27.811961083808708,1,9.04491717808353,9.278657688764362,182.65564292321923,30.504062227110595,27.811961083808708,8.270548787519154,33.04824399260628,8.682747997535428,29.183730294652655,28.47772968648808,8.538611886636877,33.8792315939407,8.959743864646901
716,2025-11-09 21:30:04.999,L_6vSQ==,PACKET_DATA,27.0,393.0,79.87,1.207,4.718,161.0,743.0,404.0,125.0,3847.0,282.0,166.0,181.0,3058.0,5074.0,1.0,5.0,252.29,21,13.104302362770127,252.29,302.29,2025-11-09,27.0,393.0,302.29,13.104302362770127,900.0,302.29,302.29,302.29,1.4312824012,55.54211232665013,15.162633697995037,45.22180183259161,1,13.01835973597583,9.071401563433385,182.65564292321923,32.611640635723404,45.22180183259161,12.266780224363485,55.54211232665013,15.162633697995037,29.18373029465471,28.47772968648808,8.528196911231927,33.8792315939407,8.959743864646901
717,2025-11-09 21:45:02.355,L_6vSQ==,PACKET_DATA,27.12,389.8,79.34,1.155,4.718,136.0,631.0,346.0,106.0,3249.0,238.0,140.0,153.0,2593.0,4264.0,1.0,5.0,213.89,21,11.96629624275246,213.89,263.89,2025-11-09,27.12,389.8,263.89,11.96629624275246,900.0,263.89,263.89,263.89000000000004,1.3729445059,49.20443579451,13.5511089486275,40.445260683444616,1,11.8566611003853,9.02321991369289,182.65564292321923,31.451361575569152,40.445260683444616,11.123033163451808,49.20443579451,13.5511089486275,29.183730294656613,28.47772968648808,8.511466627087996,33.8792315939407,8.959743864646901
718,2025-11-09 22:00:05.186,L_6vSQ==,PACKET_DATA,27.25,386.22,78.89,1.174,4.72,141.0,636.0,350.0,110.0,3364.0,247.0,145.0,159.0,2692.0,4441.0,1.0,5.0,223.58,22,12.195032936471357,223.58,273.58000000000004,2025-11-09,27.25,386.22,273.58000000000004,12.195032936471357,900.0,273.58000000000004,273.58000000000004,273.58,1.3877732098,50.77602075984267,13.944005189960668,41.62568434968063,1,12.065780299844546,8.969451047178605,182.65564292321923,30.18561283609727,41.62568434968063,11.323934678066571,50.77602075984267,13.944005189960668,29.18373029465837,28.47772968648808,8.492655164911689,33.8792315939407,8.959743864646901
719,2025-11-09 22:15:02.439,L_6vSQ==,PACKET_DATA,27.53,383.75,78.32,1.179,4.72,152.0,705.0,384.0,118.0,3626.0,265.0,156.0,171.0,2877.0,4777.0,1.0,5.0,237.79,22,12.512519503831102,237.79,287.79,2025-11-09,27.53,383.75,287.79,12.512519503831102,900.0,287.79,287.79,287.79,1.4095189149,53.08068766978875,14.520171917447188,43.35672875599787,1,12.363492344850124,8.879347198734472,182.65564292321923,32.22861314665215,43.35672875599787,11.751456815273443,53.08068766978875,14.520171917447188,29.183730294660002,28.47772968648808,8.479619637948497,33.8792315939407,8.959743864646901
720,2025-11-09 22:30:05.282,L_6vSQ==,PACKET_DATA,27.51,380.6,78.18,1.193,4.721,148.0,672.0,369.0,116.0,3548.0,261.0,153.0,167.0,2826.0,4695.0,1.0,5.0,238.69,22,12.50730662039696,238.69,288.69,2025-11-09,27.51,380.6,288.69,12.50730662039696,900.0,288.69,288.69,288.69,1.4108961939,53.226655313627695,14.556663828406924,43.466365629022874,1,12.356268673046394,8.868071505294512,182.65564292321923,33.17299212493366,43.466365629022874,11.894312226594874,53.226655313627695,14.556663828406924,29.18373029466151,28.47772968648808,8.462929998400844,33.8792315939407,8.959743864646901
721,2025-11-09 22:45:02.545,L_6vSQ==,PACKET_DATA,28.74,377.6,74.59,1.398,4.717,248.0,1145.0,612.0,192.0,5874.0,432.0,255.0,276.0,4521.0,7940.0,1.0,5.0,394.8,22,15.207285258447929,394.8,444.8,2025-11-09,28.74,377.6,444.8,15.207285258447929,900.0,444.8,444.8,444.80000000000007,1.608918912,84.00840434224351,24.6033617368974,67.9994916557254,1,15.01694017287021,8.531046428338517,182.65564292321923,33.927226484442116,67.9994916557254,14.16293480832038,84.00840434224351,24.6033617368974,29.1837302946629,28.47772968648808,8.446968668661977,33.8792315939407,8.959743864646901
722,2025-11-09 23:00:05.452,L_6vSQ==,PACKET_DATA,27.5,375.5,78.2,0.993,4.725,87.0,410.0,227.0,68.0,2079.0,151.0,90.0,99.0,1691.0,2729.0,1.0,5.0,134.92,23,8.957019690693976,134.92,184.92,2025-11-09,27.5,375.5,184.92,8.957019690693976,900.0,184.92,184.92,184.92000000000002,1.2363368728,34.29778188539742,9.099260628465807,28.813062779601267,1,8.957799720447087,8.843309168536557,182.65564292321923,33.10437828502028,28.813062779601267,9.206211302261265,34.29778188539742,9.099260628465807,29.18373029466419,28.47772968648808,8.435758122774295,33.8792315939407,8.959743864646901
723,2025-11-09 23:15:02.721,L_6vSQ==,PACKET_DATA,28.75,373.3,74.54,1.397,4.715,248.0,1152.0,615.0,192.0,5866.0,431.0,255.0,276.0,4514.0,7915.0,1.0,5.0,394.97,23,15.128299636238191,394.97,444.97,2025-11-09,28.75,373.3,444.97,15.128299636238191,900.0,444.97,444.97,444.9699999999999,1.6090945543,84.0414769853313,24.616590794132517,68.02731356751701,1,14.930507509657442,8.506049150846506,182.65564292321923,35.739573018540725,68.02731356751701,13.577831038958454,84.0414769853313,24.616590794132517,29.18373029466538,28.47772968648808,8.423981258990635,33.8792315939407,8.959743864646901
724,2025-11-09 23:30:05.556,L_6vSQ==,PACKET_DATA,27.74,373.0,78.14,1.003,4.725,87.0,412.0,228.0,68.0,2079.0,151.0,91.0,100.0,1710.0,2762.0,1.0,5.0,134.34,23,8.85945750161928,134.34,184.34,2025-11-09,27.74,373.0,184.34,8.85945750161928,900.0,184.34,184.34,184.34000000000003,1.2348431756,34.19057301293901,9.063524337646337,28.727169438838004,1,8.84774082883129,8.763170290460854,182.65564292321923,33.10601274437483,28.727169438838004,9.165438552830997,34.19057301293901,9.063524337646337,29.183730294666486,28.47772968648808,8.422372784886022,33.8792315939407,8.959743864646901
725,2025-11-09 23:45:02.884,L_6vSQ==,PACKET_DATA,27.5,372.5,78.59,1.161,4.723,132.0,630.0,343.0,103.0,3146.0,229.0,135.0,147.0,2498.0,4100.0,1.0,5.0,208.71,23,11.561988040073649,208.71,258.71000000000004,2025-11-09,27.5,372.5,258.71000000000004,11.561988040073649,900.0,258.71000000000004,258.71000000000004,258.71000000000004,1.3650175001,48.36431091108138,13.341077727770346,39.81423956981174,1,11.418591583107682,8.826963677980384,182.65564292321923,35.01696542758468,39.81423956981174,11.432118458376422,48.36431091108138,13.341077727770346,29.183730294667505,28.47772968648808,8.419690653952891,33.8792315939407,8.959743864646901
726,2025-11-10 00:00:00.084,L_6vSQ==,PACKET_DATA,27.25,374.27,80.54,1.015,4.723,92.0,444.0,244.0,72.0,2207.0,160.0,94.0,103.0,1773.0,2840.0,1.0,5.0,144.31,0,9.385807967731186,144.31,194.31,2025-11-10,27.25,374.27,194.31,9.385807967731186,900.0,194.31,194.31,194.30999999999997,1.2605193153999998,36.033456561922364,9.677818853974122,30.20364634816518,1,9.493248638534748,8.904625364862921,182.65564292321923,32.63656167554605,30.20364634816518,9.400977336533924,36.033456561922364,9.677818853974122,29.18373029466845,28.47772968648808,8.429177839257205,33.8792315939407,8.959743864646901
727,2025-11-10 00:15:02.979,L_6vSQ==,PACKET_DATA,27.37,373.8,79.32,1.18,4.718,141.0,665.0,362.0,110.0,3373.0,246.0,145.0,158.0,2681.0,4414.0,1.0,5.0,223.11,0,12.029748468193704,223.11,273.11,2025-11-10,27.37,373.8,273.11,12.029748468193704,900.0,273.11,273.11,273.10999999999996,1.3870539641,50.69979321250455,13.924948303126138,41.56842953821201,1,11.8785743319603,8.869688924960625,182.65564292321923,34.61290245482771,41.56842953821201,11.69090692378522,50.69979321250455,13.924948303126138,29.183730294669324,28.47772968648808,8.42666070280712,33.8792315939407,8.959743864646901
728,2025-11-10 00:30:00.310,L_6vSQ==,PACKET_DATA,27.5,373.5,79.14,1.132,4.72,133.0,630.0,344.0,104.0,3188.0,233.0,137.0,150.0,2535.0,4169.0,1.0,5.0,211.97,0,11.670526663584033,211.97,261.97,2025-11-10,27.5,373.5,261.97,11.670526663584033,900.0,261.97,261.97,261.97,1.3700063107,48.89303815432024,13.47325953858006,40.21136868765791,1,11.522408150796027,8.832424214538353,182.65564292321923,35.446878418229204,40.21136868765791,11.496900586949051,48.89303815432024,13.47325953858006,29.183730294670134,28.47772968648808,8.425053238792717,33.8792315939407,8.959743864646901
729,2025-11-10 00:45:03.160,L_6vSQ==,PACKET_DATA,26.62,373.0,81.66,0.92,4.719,70.0,335.0,186.0,55.0,1693.0,123.0,72.0,79.0,1374.0,2170.0,1.0,5.0,109.53,0,8.045399215917723,109.53,159.53,2025-11-10,26.62,373.0,159.53,8.045399215917723,900.0,159.53,159.53,159.52999999999997,1.1709489901999999,29.604621072088722,7.534873690696241,25.05300774170586,1,7.891712196139875,9.051449295664844,182.65564292321923,33.04753500593052,25.05300774170586,8.151584260769924,29.604621072088722,7.534873690696241,29.183730294670884,28.47772968648808,8.422372784885779,33.8792315939407,8.959743864646901
730,2025-11-10 09:00:00.000,L_6vSQ==,PACKET_DATA,26.41,526.5,88.53,1.54,4.71,244.57,937.57,518.43,190.43,5960.0,447.14,256.57,281.29,4769.86,8065.43,1.0,90.0,395.3,9,17.81566242815748,395.3,445.3,2025-11-10,26.41,526.5,445.3,17.81566242815748,900.0,445.3,445.3,445.29999999999995,1.609435507,84.10567682191353,24.642270728765414,68.0813208080537,2,18.03756060808548,9.772148493033075,182.65564292321923,29.0462064315816,68.0813208080537,17.54928927617294,84.10567682191353,24.642270728765414,27.921819174013326,28.47772968648808,9.375147524501392,33.8792315939407,8.959743864646901
731,2025-11-10 09:15:00.000,L_6vSQ==,PACKET_DATA,26.46,509.7,76.58,1.03,4.72,68.22,275.11,157.33,53.67,1676.0,125.11,71.33,78.44,1368.22,2198.78,1.0,90.0,108.06,9,8.508968042211828,108.06,158.06,2025-11-10,26.46,509.7,158.06,8.508968042211828,900.0,158.06,158.06,158.05999999999997,1.1671632403999999,29.332902033271715,7.444300677757239,24.83531255046103,2,8.228693185304612,9.70975107831854,182.65564292321923,33.10918551841601,24.83531255046103,8.740989752248666,29.332902033271715,7.444300677757239,28.61624582251112,28.47772968648808,9.156244546132934,33.8792315939407,8.959743864646901
732,2025-11-10 09:30:00.000,L_6vSQ==,PACKET_DATA,26.28,491.67,70.34,1.14,4.72,111.56,428.89,244.89,87.67,2737.88,205.56,116.56,128.89,2248.75,3617.75,1.0,90.0,180.31,9,11.69400202802015,180.31,230.31,2025-11-10,26.28,491.67,230.31,11.69400202802015,900.0,230.31,230.31,230.31000000000006,1.3215566961,43.06217616580312,11.818652849740936,35.713476648967244,2,11.794735924826686,9.686107178603015,182.65564292321923,34.89117834548422,35.713476648967244,12.010516448533748,43.06217616580312,11.818652849740936,29.04903794733587,28.47772968648808,9.011681151127531,33.8792315939407,8.959743864646901
733,2025-11-10 09:45:00.000,L_6vSQ==,PACKET_DATA,26.11,481.94,71.8,1.07,4.72,60.0,247.0,141.0,47.0,1469.83,109.14,62.0,69.0,1212.4,1902.5,1.0,90.0,93.62,9,7.769376794750746,93.62,143.62,2025-11-10,26.11,481.94,143.62,7.769376794750746,900.0,143.62,143.62,143.62000000000003,1.1299753308,26.72324267043448,6.574414223478161,22.7445120804236,2,7.422240559067762,9.681562981098992,182.65564292321923,32.67577040675401,22.7445120804236,7.69539148406061,26.72324267043448,6.574414223478161,29.387026413025126,28.47772968648808,8.93046253119394,33.8792315939407,8.959743864646901
734,2025-11-10 10:00:00.000,L_6vSQ==,PACKET_DATA,25.68,481.3,71.43,1.05,4.72,84.67,335.11,191.33,66.4,2083.56,156.1,88.4,97.5,1721.9,2711.2,1.0,90.0,134.13,10,9.784233799035285,134.13,184.13,2025-11-10,25.68,481.3,184.13,9.784233799035285,900.0,184.13,184.13,184.13000000000005,1.2343023542,34.15175600739373,9.050585335797908,28.69607012580303,2,9.827030160153193,9.741001203764592,182.65564292321923,34.198856210860626,28.69607012580303,10.33202660342188,34.15175600739373,9.050585335797908,29.681145923654977,28.47772968648808,8.908719115235241,33.8792315939407,8.959743864646901
735,2025-11-10 10:15:00.000,L_6vSQ==,PACKET_DATA,26.22,477.11,68.87,1.22,4.72,137.89,524.29,297.57,108.44,3383.14,254.89,144.33,159.78,2764.38,4486.11,1.0,90.0,226.49,10,13.245646614050028,226.49,276.49,2025-11-10,26.22,477.11,276.49,13.245646614050028,900.0,276.49,276.49,276.49000000000007,1.3922264119,51.24798280825529,14.061995702063822,41.98017690579487,2,13.27746744453362,9.642386433774522,182.65564292321923,35.113702255185416,41.98017690579487,12.94373184198605,51.24798280825529,14.061995702063822,29.947731223947066,28.47772968648808,8.88672111408631,33.8792315939407,8.959743864646901
736,2025-11-10 10:30:00.000,L_6vSQ==,PACKET_DATA,27.11,473.4,65.99,1.36,4.72,187.0,706.14,397.14,146.14,4554.14,344.29,196.14,215.14,3668.43,6140.0,1.0,90.0,303.43,10,15.269747807293315,303.43,353.43,2025-11-10,27.11,473.4,353.43,15.269747807293315,900.0,353.43,353.43,353.42999999999995,1.5000288804,65.93131829432716,18.279395488298146,53.33731035608558,2,15.307842552696258,9.415765021225063,182.65564292321923,35.775440304569806,53.33731035608558,14.092594646486909,65.93131829432716,18.279395488298146,30.192728207709695,28.47772968648808,8.878775498023645,33.8792315939407,8.959743864646901
737,2025-11-10 10:45:00.000,L_6vSQ==,PACKET_DATA,27.38,473.5,64.16,1.26,4.72,124.78,487.0,276.12,98.0,3054.75,229.33,130.44,143.44,2461.11,4068.33,1.0,90.0,201.99,10,12.197073126887188,201.99,251.99,2025-11-10,27.38,473.5,251.99,12.197073126887188,900.0,251.99,251.99,251.99000000000007,1.3547338169,47.27441917041723,13.068604792604308,38.99561758455827,2,12.171420317327522,9.34100888562787,182.65564292321923,32.88247556772998,38.99561758455827,12.011989758086827,47.27441917041723,13.068604792604308,30.418908753060244,28.47772968648808,8.899045406255459,33.8792315939407,8.959743864646901
738,2025-11-10 11:00:00.000,L_6vSQ==,PACKET_DATA,27.99,473.5,61.61,1.46,4.72,241.9,904.3,504.3,188.9,5866.11,444.6,254.1,277.3,4658.4,8022.7,1.0,90.0,396.09,11,17.009092866779085,396.09,446.09,2025-11-10,27.99,473.5,446.09,17.009092866779085,900.0,446.09,446.09,446.08999999999986,1.6102517270999999,84.2593673397922,24.70374693591688,68.21061086873245,2,17.03326979654267,9.170246194595485,182.65564292321923,35.521103943154955,68.21061086873245,15.345078948904826,84.2593673397922,24.70374693591688,30.62802482726621,28.47772968648808,8.926715337846208,33.8792315939407,8.959743864646901
739,2025-11-10 11:15:00.000,L_6vSQ==,PACKET_DATA,29.02,472.75,57.62,1.58,4.72,248.0,925.2,515.5,193.3,5997.9,454.7,261.1,283.2,4705.1,8293.1,1.0,90.0,402.47,11,16.854578417895546,402.47,452.47,2025-11-10,29.02,472.75,452.47,16.854578417895546,900.0,452.47,452.47,452.46999999999997,1.6168434793,85.50891038193002,25.152673114579006,69.23119241352028,2,16.81910730142374,8.937034052383353,182.65564292321923,36.76165370441123,69.23119241352028,14.477496967488662,85.50891038193002,25.152673114579006,30.821455425034642,28.47772968648808,8.956295061077741,33.8792315939407,8.959743864646901
740,2025-11-10 11:30:00.000,L_6vSQ==,PACKET_DATA,29.03,470.87,57.33,1.44,4.72,187.33,688.22,389.78,146.44,4548.56,345.38,197.22,215.11,3615.11,6245.89,1.0,90.0,303.46,11,14.806803213002624,303.46,353.46,2025-11-10,29.03,470.87,353.46,14.806803213002624,900.0,353.46,353.46,353.46000000000004,1.5000692088,65.9373553619222,18.28120660857666,53.342026199979415,2,14.736440325386285,8.927330077011195,182.65564292321923,33.42521075322907,53.342026199979415,14.511891895040794,65.9373553619222,18.28120660857666,31.000404364204684,28.47772968648808,8.983770120173922,33.8792315939407,8.959743864646901
741,2025-11-10 11:45:00.000,L_6vSQ==,PACKET_DATA,28.1,471.89,58.38,1.25,4.72,129.0,477.0,273.33,101.14,3145.5,238.14,135.43,148.71,2544.57,4250.0,1.0,90.0,208.19,11,12.230685765260011,208.19,258.19,2025-11-10,28.1,471.89,258.19,12.230685765260011,900.0,258.19,258.19,258.19,1.3642217389,48.27997405019665,13.319993512549162,39.75089382095283,2,12.161415290666632,9.134347271573063,182.65564292321923,31.820674015325462,39.75089382095283,11.9155871782074,48.27997405019665,13.319993512549162,31.16596397195095,28.47772968648808,9.029085520621132,33.8792315939407,8.959743864646901
742,2025-11-10 12:00:00.000,L_6vSQ==,PACKET_DATA,27.37,475.2,58.93,1.25,4.72,129.89,503.78,285.33,101.89,3171.78,239.0,135.67,149.56,2567.0,4234.22,1.0,90.0,210.93,12,12.527352139297674,210.93,260.93,2025-11-10,27.37,475.2,260.93,12.527352139297674,900.0,260.93,260.93,260.93,1.3684147883,48.724364432550786,13.431091108137696,40.08467718994011,2,12.493517708703685,9.350487299625403,182.65564292321923,30.911105089319182,40.08467718994011,11.897239530228847,48.724364432550786,13.431091108137696,31.319138484208136,28.47772968648808,9.088379230523294,33.8792315939407,8.959743864646901
743,2025-11-10 12:15:00.000,L_6vSQ==,PACKET_DATA,27.14,474.67,58.31,1.26,4.72,132.89,508.38,288.78,104.0,3242.0,244.78,138.89,152.89,2629.75,4329.25,1.0,90.0,213.85,12,12.672880811014227,213.85,263.85,2025-11-10,27.14,474.67,263.85,12.672880811014227,900.0,263.85,263.85,263.84999999999997,1.3728832935,49.1979483436727,13.549487085918175,40.440387933532385,2,12.650619266839563,9.41252676022573,182.65564292321923,30.294287072548308,40.440387933532385,11.967534133065652,49.1979483436727,13.549487085918175,31.460855118663282,28.47772968648808,9.127459341685418,33.8792315939407,8.959743864646901
744,2025-11-10 12:30:00.000,L_6vSQ==,PACKET_DATA,26.62,474.5,60.09,1.13,4.72,88.5,355.3,202.1,69.5,2168.3,162.56,92.4,101.6,1768.9,2853.38,1.0,90.0,141.36,12,9.93655813722212,141.36,191.36,2025-11-10,26.62,474.5,191.36,9.93655813722212,900.0,191.36,191.36,191.36,1.2529220624,35.48817005545287,9.496056685150958,29.766775046007194,2,10.057775175830331,9.546109437157384,182.65564292321923,29.812993701565336,29.766775046007194,9.367718894268215,35.48817005545287,9.496056685150958,31.59197117068442,28.47772968648808,9.168174439241882,33.8792315939407,8.959743864646901
745,2025-11-10 12:45:00.000,L_6vSQ==,PACKET_DATA,26.39,481.33,60.57,1.19,4.72,114.4,449.7,255.1,90.0,2799.9,210.5,119.4,132.1,2288.0,3696.0,1.0,90.0,186.89,12,11.872916351356697,186.89,236.89,2025-11-10,26.39,481.33,236.89,11.872916351356697,900.0,236.89,236.89,236.89,1.3316261359,44.358498000354615,12.207549400106384,36.726095989677674,2,11.939862935774823,9.624552025028445,182.65564292321923,31.62486525586636,36.726095989677674,11.306978981930007,44.358498000354615,12.207549400106384,31.713279640989462,28.47772968648808,9.247044191491403,33.8792315939407,8.959743864646901
746,2025-11-10 13:00:00.000,L_6vSQ==,PACKET_DATA,27.28,475.15,58.29,1.39,4.72,198.67,740.14,417.0,155.56,4835.14,365.67,208.22,228.44,3883.89,6540.67,1.0,90.0,325.25,13,15.773298197132917,325.25,375.25,2025-11-10,27.28,475.15,375.25,15.773298197132917,900.0,375.25,375.25,375.25,1.52936107,70.32227879178154,19.59668363753446,56.767300814864036,2,15.848059353970639,9.37556804859103,182.65564292321923,32.72662044103871,56.767300814864036,15.012200455519967,70.32227879178154,19.59668363753446,31.825514163249622,28.47772968648808,9.252237315344217,33.8792315939407,8.959743864646901
747,2025-11-10 13:15:00.000,L_6vSQ==,PACKET_DATA,27.13,475.29,59.13,1.1,4.72,83.89,337.38,191.56,65.89,2059.38,153.78,87.67,96.78,1670.89,2709.44,1.0,90.0,133.95,13,9.499255793278042,133.95,183.95,2025-11-10,27.13,475.29,183.95,9.499255793278042,900.0,183.95,183.95,183.95,1.2338387929999999,34.1184842883549,9.039494762784965,28.66941357177304,2,9.493942695569842,9.4176910522546,182.65564292321923,32.364043758060674,28.66941357177304,9.52872333627121,34.1184842883549,9.039494762784965,31.929353480006196,28.47772968648808,9.291117025385802,33.8792315939407,8.959743864646901
748,2025-11-10 13:30:00.000,L_6vSQ==,PACKET_DATA,26.28,478.4,61.38,1.12,4.72,90.33,364.12,207.12,71.22,2235.88,167.62,94.88,104.22,1831.88,2927.0,1.0,90.0,145.74,13,10.205304494920856,145.74,195.74,2025-11-10,26.28,478.4,195.74,10.205304494920856,900.0,195.74,195.74,195.74,1.2642020515999999,36.29778188539741,9.765927295132473,30.41541786073668,2,10.405759192908752,9.635802250633407,182.65564292321923,33.97584997965847,30.41541786073668,10.75724232803394,36.29778188539741,9.765927295132473,32.0254255590455,28.47772968648808,9.345282356834065,33.8792315939407,8.959743864646901
749,2025-11-10 13:45:00.000,L_6vSQ==,PACKET_DATA,26.84,475.23,59.43,1.42,4.72,178.44,665.22,376.11,139.67,4344.67,329.1,187.11,205.6,3516.89,5853.9,1.0,90.0,290.98,13,15.014392452612276,290.98,340.98,2025-11-10,26.84,475.23,340.98,15.014392452612276,900.0,340.98,340.98,340.97999999999996,1.4832925944,63.40945138069867,17.522835414209602,51.36735880287313,2,15.056786348505863,9.494620334973519,182.65564292321923,35.01481564601878,51.36735880287313,14.17969092983548,63.40945138069867,17.522835414209602,32.11431139450072,28.47772968648808,9.36169675870092,33.8792315939407,8.959743864646901
750,2025-11-10 14:00:00.000,L_6vSQ==,PACKET_DATA,26.56,475.31,59.8,0.92,4.73,51.2,207.5,119.4,40.3,1255.7,93.9,53.3,58.9,1028.9,1644.12,1.0,90.0,80.67,14,6.986204076748741,80.67,130.67000000000002,2025-11-10,26.56,475.31,130.67000000000002,6.986204076748741,900.0,130.67000000000002,130.67000000000002,130.67000000000002,1.0966246778,24.43606499470152,5.812021664900508,20.9120766953385,2,6.591727206952091,9.563344622718192,182.65564292321923,32.185389014004,20.9120766953385,6.781042028635383,24.43606499470152,5.812021664900508,32.19654852143626,28.47772968648808,9.39482852665802,33.8792315939407,8.959743864646901
751,2025-11-10 14:15:00.000,L_6vSQ==,PACKET_DATA,25.6,476.5,63.07,0.97,4.72,58.89,239.44,137.44,46.67,1456.44,108.67,61.78,68.67,1211.71,1890.0,1.0,90.0,95.5,14,7.928811954808854,95.5,145.5,2025-11-10,25.6,476.5,145.5,7.928811954808854,900.0,145.5,145.5,145.5,1.13481697,27.055280819498414,6.685093606499471,23.010533588065293,2,7.606570910407434,9.729602436572808,182.65564292321923,33.41327501383116,23.010533588065293,8.17859737944257,27.055280819498414,6.685093606499471,32.27263426688634,28.47772968648808,9.43253984648984,33.8792315939407,8.959743864646901
752,2025-11-10 14:30:00.000,L_6vSQ==,PACKET_DATA,25.72,477.0,62.17,1.22,4.72,113.89,446.44,253.11,89.56,2789.0,210.0,118.89,131.67,2293.89,3662.56,1.0,90.0,186.23,14,11.890578866050728,186.23,236.23,2025-11-10,25.72,477.0,236.23,11.890578866050728,900.0,236.23,236.23,236.23000000000005,1.3306161313,44.22847179810478,12.168541539431434,36.624526268572986,2,11.969522959537718,9.719042848239223,182.65564292321923,34.244148670913575,36.624526268572986,11.949013378034678,44.22847179810478,12.168541539431434,32.343028757519754,28.47772968648808,9.464394113067984,33.8792315939407,8.959743864646901
753,2025-11-10 14:45:00.000,L_6vSQ==,PACKET_DATA,25.99,477.6,61.72,1.14,4.72,90.78,360.11,205.11,71.78,2238.14,167.56,94.78,104.78,1837.57,2930.29,1.0,90.0,149.11,14,10.388560597467649,149.11,199.11,2025-11-10,25.99,477.6,199.11,10.388560597467649,900.0,199.11,199.11,199.11000000000004,1.2728809474,36.920702402957495,9.973567467652499,30.91448778896463,2,10.647297841680478,9.684494762357751,182.65564292321923,31.994347238704993,30.91448778896463,10.18475995625772,36.920702402957495,9.973567467652499,32.40815770227181,28.47772968648808,9.495021184385934,33.8792315939407,8.959743864646901
754,2025-11-10 15:00:00.000,L_6vSQ==,PACKET_DATA,26.79,477.67,58.88,1.39,4.72,199.6,752.5,422.4,156.4,4859.5,367.7,209.5,230.1,3916.2,6556.1,1.0,90.0,328.56,15,15.92984889182998,328.56,378.56,2025-11-10,26.79,477.67,378.56,15.92984889182998,900.0,378.56,378.56,378.55999999999995,1.5338106368,70.98836858310023,19.796510574930068,57.28761559114985,2,16.057362906524403,9.516844722379663,182.65564292321923,34.40615440740775,57.28761559114985,15.000107401821303,70.98836858310023,19.796510574930068,32.46841496681668,28.47772968648808,9.520786344307608,33.8792315939407,8.959743864646901
755,2025-11-10 15:15:00.000,L_6vSQ==,PACKET_DATA,27.83,474.0,56.87,1.44,4.72,185.78,693.89,391.89,145.56,4520.22,342.33,195.22,213.78,3614.44,6144.44,1.0,90.0,303.75,15,15.154182525207869,303.75,353.75,2025-11-10,27.83,474.0,353.75,15.154182525207869,900.0,353.75,353.75,353.75000000000006,1.5004590500000001,65.99571368200753,18.29871410460226,53.387612690953105,2,15.1369036743858,9.216138329947947,182.65564292321923,32.40544970685518,53.387612690953105,14.516454930462917,65.99571368200753,18.29871410460226,32.52416495546268,28.47772968648808,9.522736235668965,33.8792315939407,8.959743864646901
756,2025-11-10 15:30:00.000,L_6vSQ==,PACKET_DATA,26.96,474.6,58.25,0.99,4.73,64.2,264.7,151.0,50.6,1573.7,117.2,66.8,73.4,1279.3,2058.67,1.0,90.0,102.23,15,8.016780335233504,102.23,152.23000000000002,2025-11-10,26.96,474.6,152.23000000000002,8.016780335233504,900.0,152.23000000000002,152.23000000000002,152.23,1.1521490081999999,28.255268022181145,7.085089340727048,23.97193638382337,2,7.69387759821773,9.460861907137282,182.65564292321923,30.952510118540843,23.97193638382337,7.359524919846644,28.255268022181145,7.085089340727048,32.575744814878995,28.47772968648808,9.548288091349747,33.8792315939407,8.959743864646901
757,2025-11-10 15:45:00.000,L_6vSQ==,PACKET_DATA,25.92,476.09,61.7,1.04,4.72,72.1,296.8,168.7,56.8,1773.0,132.5,75.0,83.1,1457.8,2297.5,1.0,90.0,116.07,15,8.8977221332037,116.07,166.07,2025-11-10,25.92,476.09,166.07,8.8977221332037,900.0,166.07,166.07,166.06999999999996,1.1877917137999998,30.81349353049907,7.937831176833024,26.0215292047951,2,8.726940802418266,9.689075378637288,182.65564292321923,32.337586384327835,26.0215292047951,8.616472337589393,30.81349353049907,7.937831176833024,32.623466472981946,28.47772968648808,9.577620067000556,33.8792315939407,8.959743864646901
758,2025-11-10 16:00:00.000,L_6vSQ==,PACKET_DATA,27.09,475.5,58.59,1.53,4.72,234.2,896.62,497.38,182.6,5678.44,429.3,244.9,268.4,4531.2,7689.8,1.0,90.0,382.55,16,16.93425322531987,382.55,432.55,2025-11-10,27.09,475.5,432.55,16.93425322531987,900.0,432.55,432.55,432.55,1.5962623345,81.62522859032723,23.650091436130893,65.99467742368147,2,17.051168898090978,9.429440175654426,182.65564292321923,33.53052535952497,65.99467742368147,15.911944432906981,81.62522859032723,23.650091436130893,32.66761852531141,28.47772968648808,9.593146325918328,33.8792315939407,8.959743864646901
759,2025-11-10 16:15:00.000,L_6vSQ==,PACKET_DATA,28.74,473.5,55.26,1.56,4.72,243.6,925.0,514.2,190.0,5901.6,446.8,256.3,278.6,4627.9,8119.1,1.0,90.0,396.24,16,16.837408017376426,396.24,446.24,2025-11-10,28.74,473.5,446.24,16.837408017376426,900.0,446.24,446.24,446.24,1.6104067056,84.28854908369324,24.715419633477296,68.23515961443096,2,16.814377028032595,8.990436062982562,182.65564292321923,34.34727188264851,68.23515961443096,15.861265606578828,84.28854908369324,24.715419633477296,32.70846798030517,28.47772968648808,9.598847566423775,33.8792315939407,8.959743864646901
760,2025-11-10 16:30:00.000,L_6vSQ==,PACKET_DATA,28.78,472.43,54.89,1.42,4.72,178.89,667.22,377.67,140.0,4355.75,329.89,188.44,205.78,3459.11,5953.56,1.0,90.0,289.77,16,14.544144705245328,289.77,339.77,2025-11-10,28.78,472.43,339.77,14.544144705245328,900.0,339.77,339.77,339.77000000000004,1.4816660156,63.16340640123633,17.4490219203709,51.17516123414633,2,14.464386409189819,8.978072309751843,182.65564292321923,33.11822311719999,51.17516123414633,14.236272626903745,63.16340640123633,17.4490219203709,32.7462618740258,28.47772968648808,9.608791376473233,33.8792315939407,8.959743864646901
761,2025-11-10 16:45:00.000,L_6vSQ==,PACKET_DATA,27.1,472.86,58.06,0.92,4.72,51.9,212.1,121.6,40.9,1272.0,94.7,53.9,59.0,1035.0,1653.8,1.0,90.0,81.79,16,6.920800479185276,81.79,131.79000000000002,2025-11-10,27.1,472.86,131.79000000000002,6.920800479185276,900.0,131.79000000000002,131.79000000000002,131.79000000000002,1.0995090586,24.633874955845997,5.877958318615332,21.07055759350802,2,6.510397527612577,9.416367724389495,182.65564292321923,31.525438314025966,21.07055759350802,6.511295582543788,24.633874955845997,5.877958318615332,32.78122876410509,28.47772968648808,9.626575150611982,33.8792315939407,8.959743864646901
762,2025-11-10 17:00:00.000,L_6vSQ==,PACKET_DATA,26.18,475.9,64.78,1.13,4.72,90.78,357.89,203.44,70.89,2226.12,166.78,94.22,104.67,1829.25,2910.38,1.0,90.0,143.26,17,10.101647471301217,143.26,193.26,2025-11-10,26.18,475.9,193.26,10.101647471301217,900.0,193.26,193.26,193.26,1.2578152083999998,35.839371534195934,9.613123844731978,30.0481497829903,2,10.266264776522222,9.645073099458251,182.65564292321923,33.118293059708336,30.0481497829903,10.304451835300652,35.839371534195934,9.613123844731978,32.81358011194068,28.47772968648808,9.658957036798165,33.8792315939407,8.959743864646901
763,2025-11-10 17:15:00.000,L_6vSQ==,PACKET_DATA,26.09,478.5,68.01,1.09,4.72,82.0,329.78,187.67,64.67,1987.0,148.62,85.22,94.33,1631.38,2583.14,1.0,90.0,133.8,17,9.705575126935216,133.8,183.8,2025-11-10,26.09,478.5,183.8,9.705575126935216,900.0,183.8,183.8,183.79999999999995,1.2334524919999998,34.090757855822545,9.030252618607514,28.647199776748053,2,9.738608376547305,9.67153662009907,182.65564292321923,31.144875089791185,28.647199776748053,9.12098847612517,34.090757855822545,9.030252618607514,32.84351156150357,28.47772968648808,9.68759400066077,33.8792315939407,8.959743864646901
764,2025-11-10 17:30:00.000,L_6vSQ==,PACKET_DATA,26.3,478.5,66.88,1.24,4.72,118.56,440.22,252.22,93.33,2916.38,219.89,124.56,137.78,2397.11,3860.0,1.0,90.0,193.72,17,12.121464448520756,193.72,243.72,2025-11-10,26.3,478.5,243.72,12.121464448520756,900.0,243.72,243.72,243.71999999999997,1.3420781532,45.70407218424318,12.611221655272955,37.777188709594434,2,12.17128258363956,9.632195505918753,182.65564292321923,32.98776058132627,37.777188709594434,11.855567746947225,45.70407218424318,12.611221655272955,32.87120412249017,28.47772968648808,9.699724145675514,33.8792315939407,8.959743864646901
765,2025-11-10 17:45:00.000,L_6vSQ==,PACKET_DATA,27.16,478.17,64.22,1.46,4.72,194.8,720.9,406.5,152.0,4741.89,359.4,204.0,224.2,3820.6,6408.8,1.0,90.0,315.51,17,15.602476034076275,315.51,365.51,2025-11-10,27.16,478.17,365.51,15.602476034076275,900.0,365.51,365.51,365.51,1.5162677828,68.36224417926066,19.0086732537782,55.23622349733415,2,15.668040684964108,9.420589440850462,182.65564292321923,34.0716701314467,55.23622349733415,14.824348698636179,68.36224417926066,19.0086732537782,32.896825264973934,28.47772968648808,9.708983423051892,33.8792315939407,8.959743864646901
766,2025-11-10 18:00:00.000,L_6vSQ==,PACKET_DATA,27.25,476.46,63.57,1.25,4.72,96.0,386.89,219.33,75.89,2361.25,176.89,100.56,110.89,1907.78,3115.67,1.0,90.0,157.89,18,10.525107681219218,157.89,207.89,2025-11-10,27.25,476.46,207.89,10.525107681219218,900.0,207.89,207.89,207.89,1.2872471459,38.645225477255266,10.49356764317658,32.263184001744115,2,10.692179597999447,9.389038960654226,182.65564292321923,32.24220268819407,32.263184001744115,10.547420950687101,38.645225477255266,10.49356764317658,32.92052993217648,28.47772968648808,9.709118981218827,33.8792315939407,8.959743864646901
767,2025-11-10 18:15:00.000,L_6vSQ==,PACKET_DATA,26.42,476.75,64.81,1.14,4.72,93.0,360.7,206.0,73.0,2278.3,171.2,97.0,107.0,1869.6,2994.4,1.0,90.0,149.16,18,10.322790348964345,149.16,199.16,2025-11-10,26.42,476.75,199.16,10.322790348964345,900.0,199.16,199.16,199.16,1.2730097143999999,36.92994454713494,9.976648182378312,30.921892387306286,2,10.571478613955643,9.600295056120125,182.65564292321923,30.821291952343273,30.921892387306286,9.8838532011443,36.92994454713494,9.976648182378312,32.942461477482844,28.47772968648808,9.720480026171204,33.8792315939407,8.959743864646901
768,2025-11-10 18:30:00.000,L_6vSQ==,PACKET_DATA,26.27,477.8,64.57,1.22,4.72,113.89,446.56,252.89,89.0,2781.33,209.0,118.0,131.0,2273.44,3660.67,1.0,90.0,182.35,18,11.696413608965043,182.35,232.35,2025-11-10,26.27,477.8,232.35,11.696413608965043,900.0,232.35,232.35,232.35000000000005,1.3246785285,43.464075336393556,11.939222600918066,36.02741942329084,2,11.779964853042554,9.63541998284908,182.65564292321923,32.61254809302166,36.02741942329084,11.409587684061743,43.464075336393556,11.939222600918066,32.96275253136751,28.47772968648808,9.735692866972563,33.8792315939407,8.959743864646901
769,2025-11-10 18:45:00.000,L_6vSQ==,PACKET_DATA,26.6,477.91,63.77,1.28,4.72,134.0,508.0,288.0,105.0,3268.88,247.0,140.0,154.0,2664.14,4348.62,1.0,90.0,217.62,18,12.91658213708571,217.62,267.62,2025-11-10,26.6,477.91,267.62,12.91658213708571,900.0,267.62,267.62,267.62000000000006,1.3786525622,49.80939058508698,13.702347646271745,40.89964461275942,2,12.927939257914156,9.564197811348086,182.65564292321923,33.5088935145238,40.89964461275942,12.631797378244386,49.80939058508698,13.702347646271745,32.98152580347392,28.47772968648808,9.74459467204503,33.8792315939407,8.959743864646901
770,2025-11-10 19:00:00.000,L_6vSQ==,PACKET_DATA,26.37,478.25,63.94,1.17,4.72,88.0,355.0,201.0,69.0,2166.44,162.0,92.0,101.9,1768.9,2831.6,1.0,90.0,140.29,19,9.950399392864735,140.29,190.29,2025-11-10,26.37,478.25,190.29,9.950399392864735,900.0,190.29,190.29,190.29000000000002,1.2501664486,35.29038817005546,9.430129390018486,29.608316641495648,2,10.066336308746454,9.616822919789788,182.65564292321923,31.076725230915514,29.608316641495648,9.45615386920759,35.29038817005546,9.430129390018486,32.998894824697985,28.47772968648808,9.754262559888303,33.8792315939407,8.959743864646901
771,2025-11-10 19:15:00.000,L_6vSQ==,PACKET_DATA,25.76,479.7,65.4,1.04,4.72,65.0,266.67,151.89,51.0,1596.78,119.0,67.0,75.0,1314.33,2061.67,1.0,90.0,103.22,19,8.305029916679068,103.22,153.22,2025-11-10,25.76,479.7,153.22,8.305029916679068,900.0,153.22,153.22,153.22,1.1546985948,28.438262476894643,7.146087492298213,24.118547430988258,2,8.025217417348166,9.725259415996264,182.65564292321923,29.907065380316034,24.118547430988258,7.24946494064469,28.438262476894643,7.146087492298213,33.01496463376334,28.47772968648808,9.77001298128582,33.8792315939407,8.959743864646901
772,2025-11-10 19:30:00.000,L_6vSQ==,PACKET_DATA,25.89,480.33,65.11,1.24,4.72,124.0,475.4,269.7,97.0,3029.22,228.6,129.0,143.0,2485.8,3994.9,1.0,90.0,200.15,19,12.40463438633561,200.15,250.15,2025-11-10,25.89,480.33,250.15,12.40463438633561,900.0,250.15,250.15,250.15000000000003,1.3519180465,46.97084260919247,12.991252782757739,38.7667240227811,2,12.453514580122784,9.710480404279368,182.65564292321923,31.77914847308319,38.7667240227811,11.744504562114859,46.97084260919247,12.991252782757739,33.02983241244043,28.47772968648808,9.780314308759092,33.8792315939407,8.959743864646901
773,2025-11-10 19:45:00.000,L_6vSQ==,PACKET_DATA,26.46,477.21,63.33,1.3,4.72,136.0,508.4,289.1,107.0,3327.8,252.0,142.4,157.0,2717.9,4437.9,1.0,90.0,224.55,19,13.159155618381856,224.55,274.55,2025-11-10,26.46,477.21,274.55,13.159155618381856,900.0,274.55,274.55,274.55000000000007,1.3892576105,50.93334144264689,13.983335360661723,41.74384853505206,2,13.179607004080903,9.593384359013534,182.65564292321923,32.689948157963116,41.74384853505206,12.63993297551835,50.93334144264689,13.983335360661723,33.04358807325082,28.47772968648808,9.767624345034674,33.8792315939407,8.959743864646901
774,2025-11-10 20:00:00.000,L_6vSQ==,PACKET_DATA,26.58,476.93,63.07,1.26,4.72,117.9,447.0,255.44,92.9,2899.44,218.8,123.9,136.8,2369.11,3851.56,1.0,90.0,193.19,20,12.052697630866632,193.19,243.19,2025-11-10,26.58,476.93,243.19,12.052697630866632,900.0,243.19,243.19,243.19000000000005,1.3412670889,45.599657203648626,12.579897161094587,37.69562514567704,2,12.091085258807466,9.565064297574152,182.65564292321923,31.060295116734572,37.69562514567704,11.364915872242056,45.599657203648626,12.579897161094587,33.05631480321097,28.47772968648808,9.77151878460056,33.8792315939407,8.959743864646901
775,2025-11-10 20:15:00.000,L_6vSQ==,PACKET_DATA,26.35,476.4,63.35,1.22,4.72,106.0,415.6,236.0,83.0,2599.5,195.8,111.0,122.0,2123.1,3421.2,1.0,90.0,169.13,20,11.160996462937124,169.13,219.13,2025-11-10,26.35,476.4,219.13,11.160996462937124,900.0,219.13,219.13,219.13000000000005,1.3044478303,40.859611103449645,11.157883331034894,33.99294713086044,2,11.299437615811287,9.613710876107977,182.65564292321923,29.87127310719736,33.99294713086044,10.514412620301044,40.859611103449645,11.157883331034894,33.068089566903616,28.47772968648808,9.77348106654795,33.8792315939407,8.959743864646901
776,2025-11-10 20:30:00.000,L_6vSQ==,PACKET_DATA,26.15,477.55,63.7,1.18,4.72,98.0,389.56,221.11,77.0,2410.33,181.0,102.0,113.0,1972.33,3155.89,1.0,90.0,158.52,20,10.76337541290604,158.52,208.52,2025-11-10,26.15,477.55,208.52,10.76337541290604,900.0,208.52,208.52,208.52000000000004,1.2882112412,38.769341397584675,10.530802419275402,32.36013691734406,2,10.971448422397108,9.657143537685059,182.65564292321923,29.19724835808154,32.36013691734406,10.230477163225714,38.769341397584675,10.530802419275402,33.07898357191919,28.47772968648808,9.78520238793673,33.8792315939407,8.959743864646901
777,2025-11-10 20:45:00.000,L_6vSQ==,PACKET_DATA,26.0,476.79,63.88,1.15,4.72,92.56,363.44,207.0,73.0,2274.0,171.0,96.44,107.0,1868.22,2974.33,1.0,90.0,151.9,20,10.502141111674469,151.9,201.9,2025-11-10,26.0,476.79,201.9,10.502141111674469,900.0,201.9,201.9,201.90000000000006,1.278080589,37.46513918713924,10.139541756141773,31.341361835960612,2,10.759666604471366,9.679653011436912,182.65564292321923,28.740163032146345,31.341361835960612,10.08289652872121,37.46513918713924,10.139541756141773,33.08906269948193,28.47772968648808,9.785033495244278,33.8792315939407,8.959743864646901
778,2025-11-10 21:00:00.000,L_6vSQ==,PACKET_DATA,27.05,477.12,61.0,1.42,4.72,221.5,858.5,514.0,172.75,5830.33,407.38,251.43,275.0,4628.86,7886.29,1.0,90.0,286.15,21,14.88271019308787,286.15,336.15,2025-11-10,27.05,477.12,336.15,14.88271019308787,900.0,336.15,336.15,336.15,1.476799722,62.427304892431565,17.22819146772947,50.60015693762476,2,14.906577771242382,9.44657734365017,182.65564292321923,30.982803533543283,50.60015693762476,14.080123743582487,62.427304892431565,17.22819146772947,33.09838790286496,28.47772968648808,9.791114961280586,33.8792315939407,8.959743864646901
779,2025-11-10 21:15:00.000,L_6vSQ==,PACKET_DATA,27.18,478.15,60.98,1.18,4.72,74.5,363.75,198.12,58.62,1778.43,133.88,75.0,84.0,1433.75,2327.0,1.0,90.0,126.19,21,9.140223978900645,126.19,176.19,2025-11-10,27.18,478.15,176.19,9.140223978900645,900.0,176.19,176.19,176.19,1.2138541546,32.68410351201479,8.561367837338263,27.520219909147272,2,9.033659063464793,9.414993683429753,182.65564292321923,31.874928169581803,27.520219909147272,8.94927205631602,32.68410351201479,8.561367837338263,33.10701557600368,28.47772968648808,9.801111261748899,33.8792315939407,8.959743864646901
780,2025-11-10 21:30:00.000,L_6vSQ==,PACKET_DATA,26.8,480.23,62.3,1.25,4.72,157.5,604.8,341.1,123.3,3849.22,291.2,165.1,181.5,3118.1,5135.1,1.0,90.0,255.86,21,14.108917615694812,255.86,305.86,2025-11-10,26.8,480.23,305.86,14.108917615694812,900.0,305.86,305.86,305.85999999999996,1.4360814808,56.2680466875432,15.380414006262958,45.78886408081866,2,14.151585447548007,9.524153318216761,182.65564292321923,33.99674673387209,45.78886408081866,13.66555423612091,56.2680466875432,15.380414006262958,33.11499789453673,28.47772968648808,9.81711320473583,33.8792315939407,8.959743864646901
781,2025-11-10 21:45:00.000,L_6vSQ==,PACKET_DATA,26.4,478.57,62.88,1.01,4.72,51.0,212.7,121.9,40.0,1258.67,93.9,53.0,58.9,1030.22,1624.4,1.0,90.0,79.1,21,6.941324015379067,79.1,129.1,2025-11-10,26.4,478.57,129.1,6.941324015379067,900.0,129.1,129.1,129.10000000000002,1.092581394,24.15877781702579,5.719592605675263,20.689920436297292,2,6.546981063633163,9.611722005790622,182.65564292321923,31.49601995538679,20.689920436297292,6.374336617592766,24.15877781702579,5.719592605675263,33.12238313133678,28.47772968648808,9.810377299110314,33.8792315939407,8.959743864646901
782,2025-11-10 22:00:00.000,L_6vSQ==,PACKET_DATA,25.7,481.0,64.4,0.99,4.72,66.0,272.6,155.1,52.0,1632.8,122.0,69.0,76.1,1346.2,2102.1,1.0,90.0,105.35,22,8.422713901827644,105.35,155.35,2025-11-10,25.7,481.0,155.35,8.422713901827644,900.0,155.35,155.35,155.34999999999997,1.1601840689999998,28.83197781885397,7.27732593961799,24.433983320343007,2,8.158395457267265,9.737564605688366,182.65564292321923,32.79917693818451,24.433983320343007,8.332041249107228,28.83197781885397,7.27732593961799,33.129215948439615,28.47772968648808,9.827961201646705,33.8792315939407,8.959743864646901
783,2025-11-10 22:15:00.000,L_6vSQ==,PACKET_DATA,26.27,480.2,62.83,1.26,4.72,161.0,608.4,344.1,126.1,3937.11,298.1,168.5,186.1,3206.9,5245.3,1.0,90.0,262.82,22,14.359228136388946,262.82,312.82,2025-11-10,26.27,480.2,312.82,14.359228136388946,900.0,312.82,312.82,312.81999999999994,1.4454376696,57.683313676847355,15.804994103054206,46.8943972034126,2,14.426659447597855,9.644825693742625,182.65564292321923,33.786547832156515,46.8943972034126,13.803621253171766,57.683313676847355,15.804994103054206,33.13553766713663,28.47772968648808,9.825939620649851,33.8792315939407,8.959743864646901
784,2025-11-10 22:30:00.000,L_6vSQ==,PACKET_DATA,27.98,476.8,57.71,1.55,4.72,240.22,926.67,513.11,187.11,5830.88,441.22,252.0,274.89,4596.67,7938.67,1.0,90.0,390.14,22,16.957986579428685,390.14,440.14,2025-11-10,27.98,476.8,440.14,16.957986579428685,900.0,440.14,440.14,440.13999999999993,1.6041042466,83.1018248317186,24.24072993268744,67.23684395602541,2,16.99145759321401,9.18605205919533,182.65564292321923,34.53669238860919,67.23684395602541,15.786924605944174,83.1018248317186,24.24072993268744,33.14138651786434,28.47772968648808,9.808012941242396,33.8792315939407,8.959743864646901
785,2025-11-10 22:45:00.000,L_6vSQ==,PACKET_DATA,28.59,475.64,56.01,1.46,4.72,186.33,696.33,393.78,146.0,4541.62,344.0,196.0,213.89,3601.33,6194.11,1.0,90.0,303.52,22,14.981107277653038,303.52,353.52,2025-11-10,28.59,475.64,353.52,14.981107277653038,900.0,353.52,353.52,353.52000000000004,1.5001498656,65.94942949711228,18.28482884913368,53.35145788776708,2,14.925726556328076,9.030575602062862,182.65564292321923,33.05957486977207,53.35145788776708,14.572848393690471,65.94942949711228,18.28482884913368,33.14679787140197,28.47772968648808,9.803347431934187,33.8792315939407,8.959743864646901
786,2025-11-10 23:00:00.000,L_6vSQ==,PACKET_DATA,27.53,474.78,59.88,1.22,4.72,89.22,359.71,204.11,70.11,2195.57,164.33,93.11,102.78,1773.38,2889.44,1.0,90.0,143.12,23,9.813014165571827,143.12,193.12,2025-11-10,27.53,474.78,193.12,9.813014165571827,900.0,193.12,193.12,193.12,1.2574546608,35.81349353049908,9.604497843499693,30.027416907633654,2,9.920507827614719,9.303607916418551,182.65564292321923,31.478296776365365,30.027416907633654,9.690044157256056,35.81349353049908,9.604497843499693,33.15180445277539,28.47772968648808,9.800308031492154,33.8792315939407,8.959743864646901
787,2025-11-10 23:15:00.000,L_6vSQ==,PACKET_DATA,26.25,477.0,62.87,1.0,4.72,51.0,212.0,121.0,40.0,1254.9,93.1,53.0,58.9,1030.1,1615.0,1.0,90.0,79.25,23,6.975401362735877,79.25,129.25,2025-11-10,26.25,477.0,129.25,6.975401362735877,900.0,129.25,129.25,129.25000000000003,1.092967695,24.18527022253621,5.728423407512071,20.711145556587855,2,6.588614851640122,9.636174353680442,182.65564292321923,30.58191255333014,20.711145556587855,6.068388768582048,24.18527022253621,5.728423407512071,33.156436539160865,28.47772968648808,9.815808404022082,33.8792315939407,8.959743864646901
788,2025-11-10 23:30:00.000,L_6vSQ==,PACKET_DATA,25.98,476.5,63.94,1.07,4.72,91.0,363.7,207.0,72.0,2246.67,169.0,95.0,106.0,1847.7,2926.1,1.0,90.0,151.04,23,10.466846803140806,151.04,201.04,2025-11-10,25.98,476.5,201.04,10.466846803140806,900.0,201.04,201.04,201.04000000000002,1.2767645224,37.295711105419734,10.08871333162592,31.209013411490847,2,10.731045599902416,9.68163901000448,182.65564292321923,32.23099499345237,31.209013411490847,10.335769432475256,37.295711105419734,10.08871333162592,33.16072214298554,28.47772968648808,9.814654095164043,33.8792315939407,8.959743864646901
789,2025-11-10 23:45:00.000,L_6vSQ==,PACKET_DATA,25.72,475.5,64.05,0.94,4.73,51.0,213.89,122.0,40.0,1256.12,93.56,53.0,58.89,1034.78,1608.22,1.0,90.0,79.42,23,7.07137881756287,79.42,129.42000000000002,2025-11-10,25.72,475.5,129.42000000000002,7.07137881756287,900.0,129.42000000000002,129.42000000000002,129.42000000000004,1.0934055028,24.215294948781356,5.738431649593786,20.73520069291716,2,6.7005540178251035,9.712871546461082,182.65564292321923,30.185637317241092,20.73520069291716,5.997581769198671,24.215294948781356,5.738431649593786,33.16468718133191,28.47772968648808,9.810317753560408,33.8792315939407,8.959743864646901
790,2025-11-11 00:00:00.000,L_6vSQ==,PACKET_DATA,25.91,477.0,63.76,1.13,4.72,109.0,428.5,243.3,86.0,2678.0,201.3,114.0,126.0,2199.8,3505.5,1.0,90.0,179.41,0,11.619646170299395,179.41,229.41,2025-11-11,25.91,477.0,229.41,11.619646170299395,900.0,229.41,229.41,229.40999999999997,1.3201794170999999,42.884867708189674,11.765460312456902,35.57497248382446,2,11.721455064040782,9.694226830489232,182.65564292321923,31.96354338830481,35.57497248382446,11.122856717174333,42.884867708189674,11.765460312456902,33.1683556326707,28.47772968648808,9.821020650264238,33.8792315939407,8.959743864646901
791,2025-11-11 00:15:00.000,L_6vSQ==,PACKET_DATA,26.86,474.18,61.16,1.39,4.72,161.56,614.67,347.44,126.67,3946.22,298.11,169.0,186.0,3190.11,5276.78,1.0,90.0,263.85,0,14.2763222051618,263.85,313.85,2025-11-11,26.86,474.18,313.85,14.2763222051618,900.0,313.85,313.85,313.84999999999997,1.446822278,57.89275692382772,15.867827077148315,47.05800339827924,2,14.302555128170955,9.485358172953076,182.65564292321923,32.95280144902256,47.05800339827924,13.66918394672034,57.89275692382772,15.867827077148315,33.17174968187011,28.47772968648808,9.805365790214797,33.8792315939407,8.959743864646901
792,2025-11-11 00:30:00.000,L_6vSQ==,PACKET_DATA,27.35,473.78,60.29,1.34,4.72,150.0,582.11,328.67,117.78,3665.78,276.44,157.0,172.56,2947.67,4901.0,1.0,90.0,245.19,0,13.6408381616448,245.19,295.19,2025-11-11,27.35,473.78,295.19,13.6408381616448,900.0,295.19,295.19,295.19,1.4208432089,54.28086607468678,14.820216518671694,44.25818748975912,2,13.633863935634302,9.350561978002942,182.65564292321923,31.59596966259769,44.25818748975912,13.00211926990005,54.28086607468678,14.820216518671694,33.1748898543582,28.47772968648808,9.8042955370133,33.8792315939407,8.959743864646901
793,2025-11-11 00:45:00.000,L_6vSQ==,PACKET_DATA,28.28,473.67,57.1,1.46,4.72,232.8,941.44,501.7,188.78,5868.89,443.44,253.56,265.8,4610.33,7990.67,1.0,90.0,436.08,0,17.559049286522622,436.08,486.08,2025-11-11,28.28,473.67,486.08,17.559049286522622,900.0,486.08,486.08,486.0799999999999,1.6515689952,92.15658933127631,27.146976799382895,74.42401420786325,2,17.57204681635254,9.095225442777965,182.65564292321923,34.35719744852463,74.42401420786325,16.283920537636547,92.15658933127631,27.146976799382895,33.177795140249955,28.47772968648808,9.804891787623237,33.8792315939407,8.959743864646901
794,2025-11-11 01:00:00.000,L_6vSQ==,PACKET_DATA,27.31,473.67,60.07,0.5,4.71,2.5,9.3,9.5,14.5,65.6,4.9,23.2,31.4,37.0,23.7,0.5,90.0,96.07,1,7.619519155817565,96.07,146.07,2025-11-11,27.31,473.67,146.07,7.619519155817565,900.0,146.07,146.07,146.07000000000002,1.1362849138,27.155951960438014,6.7186506534793375,23.09118904516943,2,7.247707913615068,9.361370959888328,182.65564292321923,33.50126347417184,23.09118904516943,8.24374555857973,27.155951960438014,6.7186506534793375,33.18048310918951,28.47772968648808,9.806064823896133,33.8792315939407,8.959743864646901
795,2025-11-11 01:15:00.000,L_6vSQ==,PACKET_DATA,25.16,477.5,65.46,-0.0,4.66,0.0,0.0,0.0,0.0,0.0,0.0,0.0,0.0,0.0,0.0,0.0,90.0,0.0,1,-1.01369485175646,0.0,0.0,2025-11-11,25.16,477.5,0.0,-1.01369485175646,900.0,0.0,0.0,0.0,0.0,19.0,4.0,16.55682351251732,2,0.0,9.758786240095851,182.65564292321923,31.833326651796163,16.55682351251732,0.0,19.0,4.0,33.18297001660214,28.47772968648808,9.83043432292631,33.8792315939407,8.959743864646901
796,2025-11-11 01:30:00.000,L_6vSQ==,PACKET_DATA,24.33,481.78,68.14,-0.0,4.61,0.0,0.0,0.0,0.0,0.0,0.0,0.0,0.0,0.0,0.0,0.0,90.0,0.0,1,-0.9026275703162004,0.0,0.0,2025-11-11,24.33,481.78,0.0,-0.9026275703162004,900.0,0.0,0.0,0.0,0.0,19.0,4.0,16.55682351251732,2,0.0,9.731780604273338,182.65564292321923,30.88781791501477,16.55682351251732,0.0,19.0,4.0,33.18527090199854,28.47772968648808,9.857185227127806,33.8792315939407,8.959743864646901
797,2025-11-11 01:45:00.000,L_6vSQ==,PACKET_DATA,23.95,484.67,68.01,-0.0,4.55,0.0,0.0,0.0,0.0,0.0,0.0,0.0,0.0,0.0,0.0,0.0,90.0,0.0,1,-0.8648678619856742,0.0,0.0,2025-11-11,23.95,484.67,0.0,-0.8648678619856742,900.0,0.0,0.0,0.0,0.0,19.0,4.0,16.55682351251732,2,0.0,9.686338966026035,182.65564292321923,30.246627558587612,16.55682351251732,0.0,19.0,4.0,33.18739967992589,28.47772968648808,9.875333180128656,33.8792315939407,8.959743864646901
798,2025-11-11 02:00:00.000,L_6vSQ==,PACKET_DATA,23.73,488.56,68.94,-0.0,4.51,0.0,0.0,0.0,0.0,0.0,0.0,0.0,0.0,0.0,0.0,0.0,90.0,0.0,2,-0.8499704763890641,0.0,0.0,2025-11-11,23.73,488.56,0.0,-0.8499704763890641,900.0,0.0,0.0,0.0,0.0,19.0,4.0,16.55682351251732,2,0.0,9.661355657476117,182.65564292321923,29.74631683533383,16.55682351251732,0.0,19.0,4.0,33.18936922411573,28.47772968648808,9.899150874967832,33.8792315939407,8.959743864646901
799,2025-11-11 02:15:00.000,L_6vSQ==,PACKET_DATA,23.55,489.2,70.81,-0.0,4.46,0.0,0.0,0.0,0.0,0.0,0.0,0.0,0.0,0.0,0.0,0.0,90.0,0.0,2,-0.8356273236533056,0.0,0.0,2025-11-11,23.55,489.2,0.0,-0.8356273236533056,900.0,0.0,0.0,0.0,0.0,19.0,4.0,16.55682351251732,2,0.0,9.624960981022316,182.65564292321923,29.321852631401192,16.55682351251732,0.0,19.0,4.0,33.19119144533753,28.47772968648808,9.90370202365264,33.8792315939407,8.959743864646901
800,2025-11-11 02:30:00.000,L_6vSQ==,PACKET_DATA,23.38,490.56,72.18,-0.0,4.41,0.0,0.0,0.0,0.0,0.0,0.0,0.0,0.0,0.0,0.0,0.0,90.0,0.0,2,-0.8247659229035591,0.0,0.0,2025-11-11,23.38,490.56,0.0,-0.8247659229035591,900.0,0.0,0.0,0.0,0.0,19.0,4.0,16.55682351251732,2,0.0,9.591116207779146,182.65564292321923,28.946324260881408,16.55682351251732,0.0,19.0,4.0,33.1928773634288,28.47772968648808,9.912391859217474,33.8792315939407,8.959743864646901
801,2025-11-11 02:45:00.000,L_6vSQ==,PACKET_DATA,23.25,491.29,73.13,-0.0,4.37,0.0,0.0,0.0,0.0,0.0,0.0,0.0,0.0,0.0,0.0,0.0,90.0,0.0,2,-0.8169261099667562,0.0,0.0,2025-11-11,23.25,491.29,0.0,-0.8169261099667562,900.0,0.0,0.0,0.0,0.0,19.0,4.0,16.55682351251732,2,0.0,9.562093392799637,182.65564292321923,28.607679373009336,16.55682351251732,0.0,19.0,4.0,33.19443717393723,28.47772968648808,9.917330552130451,33.8792315939407,8.959743864646901
802,2025-11-11 03:00:00.000,L_6vSQ==,PACKET_DATA,23.14,491.0,73.6,-0.0,4.32,0.0,0.0,0.0,0.0,0.0,0.0,0.0,0.0,0.0,0.0,0.0,90.0,0.0,3,-0.8094812038570058,0.0,0.0,2025-11-11,23.14,491.0,0.0,-0.8094812038570058,900.0,0.0,0.0,0.0,0.0,19.0,4.0,16.55682351251732,2,0.0,9.532201946010819,182.65564292321923,28.299738382596882,16.55682351251732,0.0,19.0,4.0,33.19588030977806,28.47772968648808,9.916274316612183,33.8792315939407,8.959743864646901
803,2025-11-11 03:15:00.000,L_6vSQ==,PACKET_DATA,23.06,491.56,74.37,-0.0,4.28,0.0,0.0,0.0,0.0,0.0,0.0,0.0,0.0,0.0,0.0,0.0,90.0,0.0,3,-0.8056332564587461,0.0,0.0,2025-11-11,23.06,491.56,0.0,-0.8056332564587461,900.0,0.0,0.0,0.0,0.0,19.0,4.0,16.55682351251732,2,0.0,9.513684764791781,182.65564292321923,28.01871687423466,16.55682351251732,0.0,19.0,4.0,33.197215498279384,28.47772968648808,9.92012040017468,33.8792315939407,8.959743864646901
804,2025-11-11 03:30:00.000,L_6vSQ==,PACKET_DATA,22.96,492.5,74.66,-0.0,4.23,0.0,0.0,0.0,0.0,0.0,0.0,0.0,0.0,0.0,0.0,0.0,90.0,0.0,3,-0.8016026826695555,0.0,0.0,2025-11-11,22.96,492.5,0.0,-0.8016026826695555,900.0,0.0,0.0,0.0,0.0,19.0,4.0,16.55682351251732,2,0.0,9.491243580235471,182.65564292321923,27.761873315270325,16.55682351251732,0.0,19.0,4.0,33.19845081396043,28.47772968648808,9.926123169267226,33.8792315939407,8.959743864646901
805,2025-11-11 03:45:00.000,L_6vSQ==,PACKET_DATA,22.94,493.43,74.75,-0.0,4.19,0.0,0.0,0.0,0.0,0.0,0.0,0.0,0.0,0.0,0.0,0.0,90.0,0.0,3,-0.8020174705431931,0.0,0.0,2025-11-11,22.94,493.43,0.0,-0.8020174705431931,900.0,0.0,0.0,0.0,0.0,19.0,4.0,16.55682351251732,2,0.0,9.49030803503801,182.65564292321923,27.52697738550962,16.55682351251732,0.0,19.0,4.0,33.199593727362036,28.47772968648808,9.932012354292574,33.8792315939407,8.959743864646901
806,2025-11-11 04:00:00.000,L_6vSQ==,PACKET_DATA,22.9,494.5,74.87,-0.0,4.15,0.0,0.0,0.0,0.0,0.0,0.0,0.0,0.0,0.0,0.0,0.0,90.0,0.0,4,-0.8016423271877144,0.0,0.0,2025-11-11,22.9,494.5,0.0,-0.8016423271877144,900.0,0.0,0.0,0.0,0.0,19.0,4.0,16.55682351251732,2,0.0,9.4845567333873,182.65564292321923,27.312095658329085,16.55682351251732,0.0,19.0,4.0,33.200651150224566,28.47772968648808,9.938656547475077,33.8792315939407,8.959743864646901
807,2025-11-11 04:15:00.000,L_6vSQ==,PACKET_DATA,22.81,493.25,75.11,-0.0,4.1,0.0,0.0,0.0,0.0,0.0,0.0,0.0,0.0,0.0,0.0,0.0,90.0,0.0,4,-0.7953080676448359,0.0,0.0,2025-11-11,22.81,493.25,0.0,-0.7953080676448359,900.0,0.0,0.0,0.0,0.0,19.0,4.0,16.55682351251732,2,0.0,9.453628321866486,182.65564292321923,27.115500463831893,16.55682351251732,0.0,19.0,4.0,33.20162947728647,28.47772968648808,9.931863682351661,33.8792315939407,8.959743864646901
808,2025-11-11 04:30:00.000,L_6vSQ==,PACKET_DATA,22.74,493.67,75.51,-0.0,4.06,0.0,0.0,0.0,0.0,0.0,0.0,0.0,0.0,0.0,0.0,0.0,90.0,0.0,4,-0.7927938542704531,0.0,0.0,2025-11-11,22.74,493.67,0.0,-0.7927938542704531,900.0,0.0,0.0,0.0,0.0,19.0,4.0,16.55682351251732,2,0.0,9.43619517401154,182.65564292321923,26.93562698104942,16.55682351251732,0.0,19.0,4.0,33.20253462495629,28.47772968648808,9.93469041566665,33.8792315939407,8.959743864646901
809,2025-11-11 04:45:00.000,L_6vSQ==,PACKET_DATA,22.62,494.79,75.46,-0.0,4.02,0.0,0.0,0.0,0.0,0.0,0.0,0.0,0.0,0.0,0.0,0.0,90.0,0.0,4,-0.7895537699558606,0.0,0.0,2025-11-11,22.62,494.79,0.0,-0.7895537699558606,900.0,0.0,0.0,0.0,0.0,19.0,4.0,16.55682351251732,2,0.0,9.408100442096623,182.65564292321923,26.77104959049477,16.55682351251732,0.0,19.0,4.0,33.20337206709206,28.47772968648808,9.941521950904388,33.8792315939407,8.959743864646901
810,2025-11-11 05:00:00.000,L_6vSQ==,PACKET_DATA,22.65,493.5,75.52,-0.0,3.97,0.0,0.0,0.0,0.0,0.0,0.0,0.0,0.0,0.0,0.0,0.0,90.0,0.0,5,-0.7887095933306512,0.0,0.0,2025-11-11,22.65,493.5,0.0,-0.7887095933306512,900.0,0.0,0.0,0.0,0.0,19.0,4.0,16.55682351251732,2,0.0,9.410150418967376,182.65564292321923,26.62046625851857,16.55682351251732,0.0,19.0,4.0,33.20414686810425,28.47772968648808,9.934414442855692,33.8792315939407,8.959743864646901
811,2025-11-11 05:15:00.000,L_6vSQ==,PACKET_DATA,22.62,493.56,75.47,-0.0,3.93,0.0,0.0,0.0,0.0,0.0,0.0,0.0,0.0,0.0,0.0,0.0,90.0,0.0,5,-0.7876000992767764,0.0,0.0,2025-11-11,22.62,493.56,0.0,-0.7876000992767764,900.0,0.0,0.0,0.0,0.0,19.0,4.0,16.55682351251732,2,0.0,9.402020664763546,182.65564292321923,26.48268657159165,16.55682351251732,0.0,19.0,4.0,33.2048637135827,28.47772968648808,9.935075868459725,33.8792315939407,8.959743864646901
812,2025-11-11 05:30:00.000,L_6vSQ==,PACKET_DATA,22.61,495.0,75.61,-0.0,3.89,0.0,0.0,0.0,0.0,0.0,0.0,0.0,0.0,0.0,0.0,0.0,90.0,0.0,5,-0.7894916966945793,0.0,0.0,2025-11-11,22.61,495.0,0.0,-0.7894916966945793,900.0,0.0,0.0,0.0,0.0,19.0,4.0,16.55682351251732,2,0.0,9.406329891915313,182.65564292321923,26.356621683584198,16.55682351251732,0.0,19.0,4.0,33.205526938632595,28.47772968648808,9.943676898953854,33.8792315939407,8.959743864646901
813,2025-11-11 05:45:00.000,L_6vSQ==,PACKET_DATA,22.54,497.0,75.77,-0.0,3.85,0.0,0.0,0.0,0.0,0.0,0.0,0.0,0.0,0.0,0.0,0.0,90.0,0.0,5,-0.7899711452518918,0.0,0.0,2025-11-11,22.54,497.0,0.0,-0.7899711452518918,900.0,0.0,0.0,0.0,0.0,19.0,4.0,16.55682351251732,2,0.0,9.396549906805067,182.65564292321923,26.2412754631888,16.55682351251732,0.0,19.0,4.0,33.20614055409092,28.47772968648808,9.955427106097547,33.8792315939407,8.959743864646901
814,2025-11-11 06:00:00.000,L_6vSQ==,PACKET_DATA,22.56,497.29,75.64,-0.0,3.8,0.0,0.0,0.0,0.0,0.0,0.0,0.0,0.0,0.0,0.0,0.0,90.0,0.0,6,-0.7911577511208989,0.0,0.0,2025-11-11,22.56,497.29,0.0,-0.7911577511208989,900.0,0.0,0.0,0.0,0.0,19.0,4.0,16.55682351251732,2,0.0,9.403580587644331,182.65564292321923,26.135736527247815,16.55682351251732,0.0,19.0,4.0,33.20670827078191,28.47772968648808,9.957335082134119,33.8792315939407,8.959743864646901
815,2025-11-11 06:15:00.000,L_6vSQ==,PACKET_DATA,22.44,498.0,75.2,-0.0,3.76,0.0,0.0,0.0,0.0,0.0,0.0,0.0,0.0,0.0,0.0,0.0,90.0,0.0,6,-0.78803454990544,0.0,0.0,2025-11-11,22.44,498.0,0.0,-0.78803454990544,900.0,0.0,0.0,0.0,0.0,19.0,4.0,16.55682351251732,2,0.0,9.37348832383123,182.65564292321923,26.039171002822272,16.55682351251732,0.0,19.0,4.0,33.2072335219581,28.47772968648808,9.961620533740339,33.8792315939407,8.959743864646901
816,2025-11-11 06:30:00.000,L_6vSQ==,PACKET_DATA,22.36,499.5,75.08,-0.0,3.73,0.0,0.0,0.0,0.0,0.0,0.0,0.0,0.0,0.0,0.0,0.0,90.0,0.0,6,-0.7877883664911121,0.0,0.0,2025-11-11,22.36,499.5,0.0,-0.7877883664911121,900.0,0.0,0.0,0.0,0.0,19.0,4.0,16.55682351251732,2,0.0,9.358605792890554,182.65564292321923,25.950815924478142,16.55682351251732,0.0,19.0,4.0,33.207719484062935,28.47772968648808,9.970370747152407,33.8792315939407,8.959743864646901
817,2025-11-11 06:45:00.000,L_6vSQ==,PACKET_DATA,22.32,500.9,74.86,-0.0,3.69,0.0,0.0,0.0,0.0,0.0,0.0,0.0,0.0,0.0,0.0,0.0,90.0,0.0,6,-0.7887163537084021,0.0,0.0,2025-11-11,22.32,500.9,0.0,-0.7887163537084021,900.0,0.0,0.0,0.0,0.0,19.0,4.0,16.55682351251732,2,0.0,9.354424946126535,182.65564292321923,25.869973200607824,16.55682351251732,0.0,19.0,4.0,33.20816909594013,28.47772968648808,9.978499088959406,33.8792315939407,8.959743864646901
818,2025-11-11 07:00:00.000,L_6vSQ==,PACKET_DATA,22.26,503.0,74.74,-0.0,3.65,0.0,0.0,0.0,0.0,0.0,0.0,0.0,0.0,0.0,0.0,0.0,90.0,0.0,7,-0.7901537562664966,0.0,0.0,2025-11-11,22.26,503.0,0.0,-0.7901537562664966,900.0,0.0,0.0,0.0,0.0,19.0,4.0,16.55682351251732,2,0.0,9.348228643368783,182.65564292321923,25.79600409571001,16.55682351251732,0.0,19.0,4.0,33.208585076606326,28.47772968648808,9.990510831591973,33.8792315939407,8.959743864646901
819,2025-11-11 07:15:00.000,L_6vSQ==,PACKET_DATA,22.26,504.31,74.87,-0.0,3.61,0.0,0.0,0.0,0.0,0.0,0.0,0.0,0.0,0.0,0.0,0.0,90.0,0.0,7,-0.7920823343608596,0.0,0.0,2025-11-11,22.26,504.31,0.0,-0.7920823343608596,900.0,0.0,0.0,0.0,0.0,19.0,4.0,16.55682351251732,2,0.0,9.35464321976272,182.65564292321923,25.728324182948136,16.55682351251732,0.0,19.0,4.0,33.20896994169426,28.47772968648808,9.998017673679284,33.8792315939407,8.959743864646901
820,2025-11-11 07:30:00.000,L_6vSQ==,PACKET_DATA,22.25,505.33,74.81,-0.0,3.57,0.0,0.0,0.0,0.0,0.0,0.0,0.0,0.0,0.0,0.0,0.0,90.0,0.0,7,-0.793293723108853,0.0,0.0,2025-11-11,22.25,505.33,0.0,-0.793293723108853,900.0,0.0,0.0,0.0,0.0,19.0,4.0,16.55682351251732,2,0.0,9.356885437320988,182.65564292321923,25.666398726303825,16.55682351251732,0.0,19.0,4.0,33.20932601866597,28.47772968648808,10.003865351474044,33.8792315939407,8.959743864646901
821,2025-11-11 07:45:00.000,L_6vSQ==,PACKET_DATA,22.2,505.5,75.28,-0.0,3.53,0.0,0.0,0.0,0.0,0.0,0.0,0.0,0.0,0.0,0.0,0.0,90.0,0.0,7,-0.7922207534035266,0.0,0.0,2025-11-11,22.2,505.5,0.0,-0.7922207534035266,900.0,0.0,0.0,0.0,0.0,19.0,4.0,16.55682351251732,2,0.0,9.34409535190464,182.65564292321923,25.60973845552986,16.55682351251732,0.0,19.0,4.0,33.20965546088808,28.47772968648808,10.004956757947943,33.8792315939407,8.959743864646901
822,2025-11-11 08:00:00.000,L_6vSQ==,PACKET_DATA,22.24,504.86,75.48,-0.0,3.49,0.0,0.0,0.0,0.0,0.0,0.0,0.0,0.0,0.0,0.0,0.0,90.0,0.0,8,-0.7923424435067563,0.0,0.0,2025-11-11,22.24,504.86,0.0,-0.7923424435067563,900.0,0.0,0.0,0.0,0.0,19.0,4.0,16.55682351251732,2,0.0,9.351861158190257,182.65564292321923,25.55789570040122,16.55682351251732,0.0,19.0,4.0,33.20996026065423,28.47772968648808,10.001524010490591,33.8792315939407,8.959743864646901
823,2025-11-11 08:15:00.000,L_6vSQ==,PACKET_DATA,22.22,504.14,75.63,-0.0,3.45,0.0,0.0,0.0,0.0,0.0,0.0,0.0,0.0,0.0,0.0,0.0,90.0,0.0,8,-0.790758526910551,0.0,0.0,2025-11-11,22.22,504.14,0.0,-0.790758526910551,900.0,0.0,0.0,0.0,0.0,19.0,4.0,16.55682351251732,2,0.0,9.342883422717643,182.65564292321923,25.510460853674957,16.55682351251732,0.0,19.0,4.0,33.21024226123342,28.47772968648808,9.997626211806896,33.8792315939407,8.959743864646901
824,2025-11-11 08:30:00.000,L_6vSQ==,PACKET_DATA,22.45,708.09,69.8,0.03,3.42,4.9,18.0,18.7,28.2,128.4,9.7,45.4,61.5,72.2,46.8,0.2,78.0,188.0,8,12.259737905422783,188.0,238.0,2025-11-11,22.45,708.09,238.0,12.259737905422783,900.0,238.0,238.0,237.99999999999994,1.3333247799999999,44.57717843141117,12.27315352942335,36.896917793353744,2,12.238108201965607,9.93364185501119,182.65564292321923,27.327372740381517,36.896917793353744,12.334600060758895,44.57717843141117,12.27315352942335,33.21050316801714,28.47772968648808,10.603188930078545,33.8792315939407,8.959743864646901
825,2025-11-11 08:45:00.000,L_6vSQ==,PACKET_DATA,22.61,656.56,72.95,-0.0,3.47,0.0,0.0,0.0,0.0,0.0,0.0,0.0,0.0,0.0,0.0,0.1,90.0,0.0,8,-0.8349925886087455,0.0,0.0,2025-11-11,22.61,656.56,0.0,-0.8349925886087455,900.0,0.0,0.0,0.0,0.0,19.0,4.0,16.55682351251732,2,0.0,9.937446163075496,182.65564292321923,30.539805815255917,16.55682351251732,0.0,19.0,4.0,33.21074455883267,28.47772968648808,10.571461247914021,33.8792315939407,8.959743864646901
826,2025-11-11 09:00:00.000,L_6vSQ==,PACKET_DATA,24.3,599.26,73.62,1.08,4.18,159.9,359.3,233.5,126.1,3935.7,310.7,172.8,192.5,3376.4,5570.1,0.7,90.0,267.27,9,15.123517669103393,267.27,317.27,2025-11-11,24.3,599.26,317.27,15.123517669103393,900.0,317.27,317.27,317.2699999999999,1.4514197156,58.588189840985784,16.076456952295736,47.6012395016228,2,15.231225699172946,10.107876941353595,182.65564292321923,32.70713703396637,47.6012395016228,15.07310998166668,58.588189840985784,16.076456952295736,33.21096789348496,28.47772968648808,10.430424245968439,33.8792315939407,8.959743864646901
827,2025-11-11 09:15:00.000,L_6vSQ==,PACKET_DATA,25.32,560.24,70.3,1.09,4.72,80.56,322.89,182.89,63.56,1983.44,148.56,83.89,93.44,1636.56,2579.56,1.0,90.0,132.33,9,9.978466329319502,132.33,182.33,2025-11-11,25.32,560.24,182.33,9.978466329319502,900.0,182.33,182.33,182.33000000000004,1.2296667422,33.819038817005556,8.939679605668518,28.429504585503235,2,10.006086211563701,10.026294068132742,182.65564292321923,31.638751639901976,28.429504585503235,9.589541613681215,33.819038817005556,8.939679605668518,33.21117452258477,28.47772968648808,10.27934084893706,33.8792315939407,8.959743864646901
828,2025-11-11 09:30:00.000,L_6vSQ==,PACKET_DATA,25.14,530.29,70.74,1.21,4.72,126.8,476.75,270.75,99.4,3107.25,234.6,132.1,146.9,2582.89,4082.33,1.0,90.0,207.0,9,12.95853850696068,207.0,257.0,2025-11-11,25.14,530.29,257.0,12.95853850696068,900.0,257.0,257.0,257.0,1.36240067,48.08697238778737,13.271743096946842,39.6059295110642,2,13.028640218193098,9.954960609935615,182.65564292321923,33.54193948670329,39.6059295110642,12.844640691233328,48.08697238778737,13.271743096946842,33.211365695716424,28.47772968648808,10.137674365771739,33.8792315939407,8.959743864646901
829,2025-11-11 09:45:00.000,L_6vSQ==,PACKET_DATA,24.84,514.0,71.02,0.94,4.72,51.1,206.2,118.0,40.5,1262.5,94.1,53.1,59.5,1058.2,1617.6,1.0,90.0,83.64,9,7.474557103079734,83.64,133.64,2025-11-11,24.84,514.0,133.64,7.474557103079734,900.0,133.64,133.64,133.63999999999996,1.1042734375999999,24.960614623807835,5.986871541269278,21.3323340770916,2,7.0696974539605435,9.90167705437935,182.65564292321923,31.171470341733585,21.3323340770916,6.537487411253062,24.960614623807835,5.986871541269278,33.21154256899469,28.47772968648808,10.052415884253428,33.8792315939407,8.959743864646901
830,2025-11-11 10:00:00.000,L_6vSQ==,PACKET_DATA,24.94,503.7,70.5,1.18,4.72,133.6,506.67,286.56,104.7,3272.5,247.1,139.2,155.1,2720.9,4292.9,1.0,90.0,218.87,10,13.192719245565613,218.87,268.87,2025-11-11,24.94,503.7,268.87,13.192719245565613,900.0,268.87,268.87,268.87,1.3805654497,50.01212342375218,13.753030855938045,41.05191804751638,2,13.230812725428336,9.865291491671218,182.65564292321923,33.1285579593941,41.05191804751638,12.853380998172659,50.01212342375218,13.753030855938045,33.211706212056306,28.47772968648808,9.995806789001088,33.8792315939407,8.959743864646901
831,2025-11-11 10:15:00.000,L_6vSQ==,PACKET_DATA,25.32,496.33,68.58,1.23,4.72,104.6,412.44,232.2,82.5,2564.0,193.0,108.7,121.3,2130.56,3349.44,1.0,90.0,174.93,10,11.588449888243115,174.93,224.93,2025-11-11,25.32,496.33,224.93,11.588449888243115,900.0,224.93,224.93,224.93000000000006,1.3133236283,42.00226560806952,11.500679682420856,34.88552952844715,2,11.716844966855344,9.829298232062351,182.65564292321923,30.97940922802325,34.88552952844715,10.915316221573518,42.00226560806952,11.500679682420856,33.21185761452863,28.47772968648808,9.954097042888236,33.8792315939407,8.959743864646901
832,2025-11-11 10:30:00.000,L_6vSQ==,PACKET_DATA,26.39,487.67,65.04,1.43,4.72,238.1,891.67,494.7,185.7,5788.5,438.8,249.3,274.6,4680.9,7803.7,1.0,90.0,392.01,10,17.27079974993429,392.01,442.01,2025-11-11,26.39,487.67,442.01,17.27079974993429,900.0,442.01,442.01,442.01000000000005,1.6060363119,83.46562390568461,24.386249562273846,67.54288498573335,2,17.45443441868412,9.648533598026951,182.65564292321923,33.60552933651029,67.54288498573335,16.233388422193684,83.46562390568461,24.386249562273846,33.211997692014336,28.47772968648808,9.903832581359989,33.8792315939407,8.959743864646901
833,2025-11-11 10:45:00.000,L_6vSQ==,PACKET_DATA,26.31,483.83,63.41,1.03,4.72,68.7,269.38,154.75,54.0,1691.3,127.1,71.7,79.5,1399.4,2214.22,1.0,90.0,109.54,10,8.541742290888914,109.54,159.54000000000002,2025-11-11,26.31,483.83,159.54000000000002,8.541742290888914,900.0,159.54000000000002,159.54000000000002,159.54000000000002,1.1709747436,29.60646950092422,7.535489833641407,25.054488661374197,2,8.294837357915968,9.65078406092955,182.65564292321923,33.0775539226721,25.054488661374197,8.692906068887208,29.60646950092422,7.535489833641407,33.21212729162853,28.47772968648808,9.881162041570725,33.8792315939407,8.959743864646901
834,2025-11-11 11:00:00.000,L_6vSQ==,PACKET_DATA,26.0,479.29,63.61,1.25,4.72,143.5,534.6,303.4,112.5,3509.4,265.7,149.7,166.5,2896.6,4644.4,1.0,90.0,235.67,11,13.566430529344135,235.67,285.67,2025-11-11,26.0,479.29,285.67,13.566430529344135,900.0,285.67,285.67,285.67,1.4062746577,52.73685277541256,14.43421319385314,43.098473010650046,2,13.619002225559395,9.689652909911194,182.65564292321923,35.11092765241641,43.098473010650046,13.166125055308761,52.73685277541256,14.43421319385314,33.21224719712166,28.47772968648808,9.854028534768709,33.8792315939407,8.959743864646901
835,2025-11-11 11:15:00.000,L_6vSQ==,PACKET_DATA,26.04,477.17,62.77,1.19,4.72,107.8,413.67,235.78,84.9,2649.0,199.9,112.7,125.3,2191.5,3478.9,1.0,90.0,177.26,11,11.525058265157783,177.26,227.26,2025-11-11,26.04,477.17,227.26,11.525058265157783,900.0,227.26,227.26,227.25999999999993,1.3168892505999998,42.461297503890925,11.638389251167277,35.24410142265007,2,11.633774683245338,9.674687186544574,182.65564292321923,32.5738940719695,35.24410142265007,11.24219024609431,42.461297503890925,11.638389251167277,33.21235813361922,28.47772968648808,9.841267502839875,33.8792315939407,8.959743864646901
836,2025-11-11 11:30:00.000,L_6vSQ==,PACKET_DATA,25.43,478.78,65.29,0.93,4.72,49.8,195.3,112.6,39.0,1230.0,91.8,51.8,57.8,1028.7,1579.11,1.0,90.0,77.24,11,7.001460670313762,77.24,127.24,2025-11-11,25.43,478.78,127.24,7.001460670313762,900.0,127.24,127.24,127.23999999999995,1.0877912615999998,23.830271988696566,5.610090662898855,20.42672894469433,2,6.62837508293304,9.752787969965011,182.65564292321923,31.3538032013374,20.42672894469433,6.221804623091591,23.830271988696566,5.610090662898855,33.2124607720069,28.47772968648808,9.851046843250407,33.8792315939407,8.959743864646901
837,2025-11-11 11:45:00.000,L_6vSQ==,PACKET_DATA,25.48,481.0,66.72,1.15,4.72,118.9,457.6,259.5,93.6,2920.7,220.2,123.9,137.9,2420.5,3816.7,1.0,90.0,196.5,11,12.297650948989626,196.5,246.5,2025-11-11,25.48,481.0,246.5,12.297650948989626,900.0,246.5,246.5,246.50000000000003,1.346332415,46.25175830887134,12.775527492661402,38.20501268636877,2,12.352087648004051,9.758382956125093,182.65564292321923,33.209312228086354,38.20501268636877,12.01848605124274,46.25175830887134,12.775527492661402,33.21255573298781,28.47772968648808,9.86444254822478,33.8792315939407,8.959743864646901
838,2025-11-11 12:00:00.000,L_6vSQ==,PACKET_DATA,25.61,479.3,65.88,1.11,4.72,82.67,309.0,178.33,64.78,2029.67,153.22,86.0,95.67,1696.67,2648.44,1.0,90.0,131.94,12,9.684860825035608,131.94,181.94,2025-11-11,25.61,479.3,181.94,9.684860825035608,900.0,181.94,181.94,181.94,1.2286623596,33.74695009242144,8.915650030807148,28.371748718438276,2,9.698576100067422,9.740160775496495,182.65564292321923,30.899845056346873,28.371748718438276,8.96669807795749,33.74695009242144,8.915650030807148,33.21264359083611,28.47772968648808,9.854261832273103,33.8792315939407,8.959743864646901
839,2025-11-11 12:15:00.000,L_6vSQ==,PACKET_DATA,25.91,477.83,65.43,1.23,4.72,143.56,518.56,296.89,112.67,3516.0,267.0,150.44,166.78,2913.0,4670.0,1.0,90.0,235.55,12,13.554610475406085,235.55,285.55,2025-11-11,25.91,477.83,285.55,13.554610475406085,900.0,285.55,285.55,285.54999999999995,1.4060910205,52.71739042290069,14.429347605725173,43.08385476091337,2,13.607182511326027,9.697576968715861,182.65564292321923,32.932673885290576,43.08385476091337,13.001346258492603,52.71739042290069,14.429347605725173,33.212724876869956,28.47772968648808,9.845423106238417,33.8792315939407,8.959743864646901
840,2025-11-11 12:30:00.000,L_6vSQ==,PACKET_DATA,26.52,476.45,63.01,1.34,4.72,158.8,578.33,329.78,124.8,3892.56,295.4,166.9,184.7,3196.4,5202.1,1.0,90.0,262.19,12,14.289103515622651,262.19,312.19,2025-11-11,26.52,476.45,312.19,14.289103515622651,900.0,312.19,312.19,312.19000000000005,1.4445907732,57.55520761316036,15.766562283948108,46.794327394901956,2,14.339937821225615,9.576986867285337,182.65564292321923,33.918890492806455,46.794327394901956,13.74920299832817,57.55520761316036,15.766562283948108,33.21280008266461,28.47772968648808,9.837093499904224,33.8792315939407,8.959743864646901
841,2025-11-11 12:45:00.000,L_6vSQ==,PACKET_DATA,26.63,476.6,61.18,1.31,4.72,129.0,486.38,276.4,101.8,3170.38,239.7,135.1,149.8,2600.7,4203.88,1.0,90.0,215.34,12,12.825885650135332,215.34,265.34000000000003,2025-11-11,26.63,476.6,265.34000000000003,12.825885650135332,900.0,265.34000000000003,265.34000000000003,265.34000000000003,1.3751634554,49.43960588736164,13.60990147184041,40.6218978677627,2,12.834457412003355,9.551988084861902,182.65564292321923,31.575204141449994,40.6218978677627,12.13416161495512,49.43960588736164,13.60990147184041,33.21286966302525,28.47772968648808,9.838034274892767,33.8792315939407,8.959743864646901
842,2025-11-11 13:00:00.000,L_6vSQ==,PACKET_DATA,27.18,475.67,59.19,1.44,4.72,218.6,806.5,452.6,171.0,5328.5,404.6,229.3,252.6,4304.7,7201.33,1.0,90.0,360.43,13,16.523234300986587,360.43,410.43,2025-11-11,27.18,475.67,410.43,16.523234300986587,900.0,410.43,410.43,410.4299999999999,1.5734081717,77.32189408972411,21.928757635889646,62.37455572467642,2,16.65987780043754,9.405405770840924,182.65564292321923,34.104507811236054,62.37455572467642,15.530275412702133,77.32189408972411,21.928757635889646,33.21293403873737,28.47772968648808,9.832411918121855,33.8792315939407,8.959743864646901
843,2025-11-11 13:15:00.000,L_6vSQ==,PACKET_DATA,27.17,474.17,58.73,1.17,4.72,104.8,390.56,224.44,82.6,2575.75,194.6,109.9,121.8,2115.3,3412.0,1.0,90.0,171.83,13,11.103475246294815,171.83,221.83,2025-11-11,27.17,474.17,221.83,11.103475246294815,900.0,221.83,221.83,221.82999999999996,1.3085796672999999,41.391536476289915,11.317460942886974,34.408459626288725,2,11.18917015287865,9.402311290797885,182.65564292321923,32.77392906139773,34.408459626288725,11.12261548343509,41.391536476289915,11.317460942886974,33.2129935991115,28.47772968648808,9.823295490129073,33.8792315939407,8.959743864646901
844,2025-11-11 13:30:00.000,L_6vSQ==,PACKET_DATA,26.77,473.2,60.18,1.29,4.72,153.9,553.3,316.8,120.9,3765.6,286.1,161.5,178.6,3101.6,5037.3,1.0,90.0,253.5,13,13.98242221406095,253.5,303.5,2025-11-11,26.77,473.2,303.5,13.98242221406095,900.0,303.5,303.5,303.50000000000006,1.43290898,55.788157306112495,15.236447191833749,45.413999401318435,2,14.020600619983806,9.504376916221272,182.65564292321923,34.88633396535221,45.413999401318435,13.501513554164514,55.788157306112495,15.236447191833749,33.2130487043375,28.47772968648808,9.817388626367006,33.8792315939407,8.959743864646901
845,2025-11-11 13:45:00.000,L_6vSQ==,PACKET_DATA,27.24,471.5,58.57,1.41,4.72,191.4,707.3,398.8,149.8,4666.0,353.9,200.6,221.2,3787.0,6278.38,1.0,90.0,314.31,13,15.487871539723432,314.31,364.31,2025-11-11,27.24,471.5,364.31,15.487871539723432,900.0,364.31,364.31,364.30999999999995,1.5146546468,68.1207614754593,18.93622844263779,55.047589741580964,2,15.534228071085199,9.372375878230748,182.65564292321923,35.96804487460382,55.047589741580964,14.132359454939625,68.1207614754593,18.93622844263779,33.213099687662876,28.47772968648808,9.806981223887483,33.8792315939407,8.959743864646901
846,2025-11-11 14:00:00.000,L_6vSQ==,PACKET_DATA,27.79,472.38,56.87,1.46,4.72,203.8,762.1,427.3,159.4,4963.1,376.0,213.6,234.7,3994.2,6701.8,1.0,90.0,334.48,14,15.854512503581844,334.48,384.48,2025-11-11,27.79,472.38,384.48,15.854512503581844,900.0,384.48,384.48,384.48000000000013,1.5417687744000002,72.17968325518687,20.153904976556063,58.21820878619884,2,15.906961131163548,9.220839118174442,182.65564292321923,36.66523875151659,58.21820878619884,13.960053102097895,72.17968325518687,20.153904976556063,33.213146857408,28.47772968648808,9.812406207029085,33.8792315939407,8.959743864646901
847,2025-11-11 14:15:00.000,L_6vSQ==,PACKET_DATA,27.46,470.8,57.35,1.27,4.72,130.0,489.3,278.4,102.0,3178.1,240.2,136.1,150.2,2596.0,4234.3,1.0,90.0,211.72,14,12.50365644446382,211.72,261.72,2025-11-11,27.46,470.8,261.72,12.50365644446382,900.0,261.72,261.72,261.7200000000001,1.3696237332,48.852491586587206,13.463122896646802,40.18091400070652,2,12.459472527396347,9.307707080257453,182.65564292321923,33.6138115122818,40.18091400070652,12.422673166988753,48.852491586587206,13.463122896646802,33.21319049883074,28.47772968648808,9.802713230845738,33.8792315939407,8.959743864646901
848,2025-11-11 14:30:00.000,L_6vSQ==,PACKET_DATA,26.49,472.0,59.85,1.07,4.72,78.3,306.1,175.1,61.6,1933.44,144.8,81.5,90.8,1596.7,2509.3,1.0,90.0,126.14,14,9.262060469176967,126.14,176.14,2025-11-11,26.49,472.0,176.14,9.262060469176967,900.0,176.14,176.14,176.13999999999996,1.2137253875999998,32.67486136783733,8.558287122612445,27.512815310805607,2,9.185771190257467,9.566044816620312,182.65564292321923,32.146342360244546,27.512815310805607,9.023112751090721,32.67486136783733,8.558287122612445,33.21323087585151,28.47772968648808,9.810110512881261,33.8792315939407,8.959743864646901
849,2025-11-11 14:45:00.000,L_6vSQ==,PACKET_DATA,26.37,471.5,60.82,1.22,4.72,142.9,526.3,299.8,112.2,3498.9,265.1,149.6,166.1,2890.6,4641.7,1.0,90.0,235.19,14,13.462433271068424,235.19,285.19,2025-11-11,26.37,471.5,285.19,13.462433271068424,900.0,285.19,285.19,285.18999999999994,1.4055401089,52.65900336536511,14.414750841341277,43.040000011703356,2,13.493407478605267,9.58992727453035,182.65564292321923,34.17753648678646,43.040000011703356,13.09400946454016,52.65900336536511,14.414750841341277,33.21326823264934,28.47772968648808,9.807054587800778,33.8792315939407,8.959743864646901
850,2025-11-11 15:00:00.000,L_6vSQ==,PACKET_DATA,26.08,473.54,61.44,1.06,4.72,72.8,277.7,160.2,57.3,1793.7,135.2,76.0,84.7,1496.0,2336.5,1.0,90.0,117.41,15,8.928613267118868,117.41,167.41,2025-11-11,26.08,473.54,167.41,8.928613267118868,900.0,167.41,167.41,167.40999999999997,1.1912426693999998,31.06118299445471,8.020394331484903,26.219972440351615,2,8.76881781566915,9.653306886252075,182.65564292321923,31.64329156797293,26.219972440351615,8.381335799486822,31.06118299445471,8.020394331484903,33.213302795138546,28.47772968648808,9.819579850265768,33.8792315939407,8.959743864646901
851,2025-11-11 15:15:00.000,L_6vSQ==,PACKET_DATA,25.31,473.8,62.9,0.95,4.73,51.6,210.44,120.44,40.8,1282.11,95.67,53.6,59.8,1069.8,1634.2,1.0,90.0,83.27,15,7.3245154737884945,83.27,133.26999999999998,2025-11-11,25.31,473.8,133.26999999999998,7.3245154737884945,900.0,133.26999999999998,133.26999999999998,133.26999999999998,1.1033205618,24.89526669021547,5.965088896738489,21.279978780374883,2,6.963716673047392,9.738335135347242,182.65564292321923,30.4245417992586,21.279978780374883,6.236886526046178,24.89526669021547,5.965088896738489,33.2133347723349,28.47772968648808,9.821183573562706,33.8792315939407,8.959743864646901
852,2025-11-11 15:30:00.000,L_6vSQ==,PACKET_DATA,25.33,473.5,62.5,1.1,4.72,108.7,420.2,238.7,85.7,2674.2,201.6,113.6,126.6,2223.11,3483.5,1.0,90.0,179.98,15,11.65191206302554,179.98,229.98,2025-11-11,25.33,473.5,229.98,11.65191206302554,900.0,229.98,229.98,229.97999999999996,1.3210516937999999,42.997163064678176,11.799148919403454,35.662691788414875,2,11.743645636819089,9.736143163459525,182.65564292321923,32.20503614912516,35.662691788414875,11.178510991132738,42.997163064678176,11.799148919403454,33.213364357619724,28.47772968648808,9.819361990816335,33.8792315939407,8.959743864646901
853,2025-11-11 15:45:00.000,L_6vSQ==,PACKET_DATA,25.39,474.8,61.68,1.11,4.72,83.11,327.44,186.56,65.44,2041.33,153.22,86.44,96.44,1699.0,2641.0,1.0,90.0,135.47,15,9.842950097407714,135.47,185.47,2025-11-11,25.39,474.8,185.47,9.842950097407714,900.0,185.47,185.47,185.47000000000003,1.2377533098,34.39944547134936,9.133148490449788,28.89451336135954,2,9.900430904903706,9.738552924621636,182.65564292321923,30.425597218871268,28.89451336135954,9.062450524772952,34.39944547134936,9.133148490449788,33.21339172990928,28.47772968648808,9.82731312638884,33.8792315939407,8.959743864646901
854,2025-11-11 16:00:00.000,L_6vSQ==,PACKET_DATA,24.95,477.1,63.12,1.0,4.72,51.67,210.78,120.67,40.67,1275.78,95.44,53.67,59.67,1068.0,1626.11,1.0,90.0,82.02,16,7.300540015462439,82.02,132.01999999999998,2025-11-11,24.95,477.1,132.01999999999998,7.300540015462439,900.0,132.01999999999998,132.01999999999998,132.01999999999995,1.1001013867999998,24.674496644295296,5.891498881431765,21.10310277795354,2,6.929613007531469,9.756808010783612,182.65564292321923,29.36110211032318,21.10310277795354,6.088999061412281,24.674496644295296,5.891498881431765,33.21341705473681,28.47772968648808,9.84130523049139,33.8792315939407,8.959743864646901
855,2025-11-11 16:15:00.000,L_6vSQ==,PACKET_DATA,24.49,474.88,64.49,0.94,4.72,51.8,215.25,122.33,40.8,1288.12,95.7,53.8,60.0,1079.88,1634.62,1.0,90.0,82.38,16,7.339155237827651,82.38,132.38,2025-11-11,24.49,474.88,132.38,7.339155237827651,900.0,132.38,132.38,132.37999999999997,1.1010285091999998,24.738078417520306,5.912692805840102,21.15404306665089,2,6.956258284808662,9.718602146037945,182.65564292321923,28.757668328005387,21.15404306665089,6.161023279286967,24.738078417520306,5.912692805840102,33.21344048525357,28.47772968648808,9.827822077003463,33.8792315939407,8.959743864646901
856,2025-11-11 16:30:00.000,L_6vSQ==,PACKET_DATA,24.64,475.4,64.29,1.13,4.72,85.89,339.62,193.38,67.89,2117.0,158.89,89.56,99.89,1772.57,2730.38,1.0,90.0,141.93,16,10.145179930416887,141.93,191.93,2025-11-11,24.64,475.4,191.93,10.145179930416887,900.0,191.93,191.93,191.93,1.2543900062,35.59353049907579,9.531176833025263,29.851187467102125,2,10.255619171457354,9.734315238763186,182.65564292321923,30.340359580555692,29.851187467102125,9.417774891164411,35.59353049907579,9.531176833025263,33.21346216315504,28.47772968648808,9.830999130966825,33.8792315939407,8.959743864646901
857,2025-11-11 16:45:00.000,L_6vSQ==,PACKET_DATA,25.01,474.67,63.01,1.21,4.72,111.6,431.0,244.7,87.6,2739.9,206.5,116.6,129.6,2280.7,3568.9,1.0,90.0,181.62,16,11.718311611402411,181.62,231.62,2025-11-11,25.01,474.67,231.62,11.718311611402411,900.0,231.62,231.62,231.62,1.3235614022,43.32025847632932,11.896077542898796,35.915077156008365,2,11.79109280437985,9.747093230993988,182.65564292321923,31.161617919575832,35.915077156008365,10.991658481859265,43.32025847632932,11.896077542898796,33.21348221953778,28.47772968648808,9.826559833579061,33.8792315939407,8.959743864646901
858,2025-11-11 17:00:00.000,L_6vSQ==,PACKET_DATA,26.33,473.45,63.74,1.5,4.72,245.9,944.9,521.5,191.9,5979.89,452.1,256.6,282.8,4808.6,8019.2,1.0,90.0,406.3,17,17.29251831333268,406.3,456.3,2025-11-11,26.33,473.45,456.3,17.29251831333268,900.0,456.3,456.3,456.2999999999999,1.620800597,86.26644118752347,25.37993235625704,69.82293616455668,2,17.458743041444947,9.60605452129725,182.65564292321923,31.925945140702638,69.82293616455668,16.352776151074195,86.26644118752347,25.37993235625704,33.213500775692275,28.47772968648808,9.819115533296781,33.8792315939407,8.959743864646901
859,2025-11-11 17:15:00.000,L_6vSQ==,PACKET_DATA,27.04,472.3,62.84,1.45,4.72,168.6,646.11,363.0,131.8,4110.89,310.3,175.9,193.7,3320.6,5490.7,1.0,90.0,274.0,17,14.513512855516849,274.0,324.0,2025-11-11,27.04,472.3,324.0,14.513512855516849,900.0,324.0,324.0,324.00000000000006,1.46046672,59.9566879498963,16.48700638496889,48.67023920206207,2,14.524097938154846,9.430425719387813,182.65564292321923,33.214944653122096,48.67023920206207,13.900205689533022,59.9566879498963,16.48700638496889,33.2135179438364,28.47772968648808,9.812076963575088,33.8792315939407,8.959743864646901
860,2025-11-11 17:30:00.000,L_6vSQ==,PACKET_DATA,27.21,471.5,61.38,1.51,4.72,216.8,830.67,461.4,169.0,5274.75,398.7,226.5,248.9,4232.2,7087.4,1.0,90.0,353.38,17,16.328413344225496,353.38,403.38,2025-11-11,27.21,471.5,403.38,16.328413344225496,900.0,403.38,403.38,403.38000000000005,1.5661241822,75.95035212637642,21.380140850550568,61.2207646768471,2,16.468760401981864,9.38071567671615,182.65564292321923,35.72263477341981,61.2207646768471,14.785743668997867,75.95035212637642,21.380140850550568,33.21353382779408,28.47772968648808,9.80717019414325,33.8792315939407,8.959743864646901
861,2025-11-11 17:45:00.000,L_6vSQ==,PACKET_DATA,26.86,471.55,60.7,1.25,4.72,117.6,460.3,260.8,92.0,2873.5,216.3,122.7,135.4,2345.7,3787.1,1.0,90.0,188.37,17,11.792075439745773,188.37,238.37,2025-11-11,26.86,471.55,238.37,11.792075439745773,900.0,238.37,238.37,238.37,1.3338909947,44.650071908430036,12.29502157252901,36.953858394579115,2,11.825173883526134,9.474947956744144,182.65564292321923,32.70614707051792,36.953858394579115,11.555973521160627,44.650071908430036,12.29502157252901,33.21354852362316,28.47772968648808,9.80748398559008,33.8792315939407,8.959743864646901
862,2025-11-11 18:00:00.000,L_6vSQ==,PACKET_DATA,25.9,472.3,62.31,1.16,4.72,93.78,370.86,209.89,73.78,2311.71,173.44,97.78,108.78,1909.33,3005.43,1.0,90.0,153.09,18,10.542454278043692,153.09,203.09,2025-11-11,25.9,472.3,203.09,10.542454278043692,900.0,203.09,203.09,203.09000000000006,1.2799016579,37.699580369983664,10.209874110995099,31.524495120982714,2,10.789478250443947,9.676421794720207,182.65564292321923,31.194211051053305,31.524495120982714,10.069093120933172,37.699580369983664,10.209874110995099,33.21356212019629,28.47772968648808,9.812096198294794,33.8792315939407,8.959743864646901
863,2025-11-11 18:15:00.000,L_6vSQ==,PACKET_DATA,25.14,471.5,64.19,0.94,4.73,51.9,217.62,123.5,41.0,1293.38,95.9,54.0,60.7,1076.2,1646.12,1.0,90.0,83.65,18,7.355941702871981,83.65,133.65,2025-11-11,25.14,471.5,133.65,7.355941702871981,900.0,133.65,133.65,133.65,1.104299191,24.962380784175203,5.987460261391735,21.333749085110973,2,6.997225928870034,9.733045021902164,182.65564292321923,30.337134993566824,21.333749085110973,6.23684229998182,24.962380784175203,5.987460261391735,33.21357469973842,28.47772968648808,9.807187984440711,33.8792315939407,8.959743864646901
864,2025-11-11 18:30:00.000,L_6vSQ==,PACKET_DATA,25.0,472.29,64.4,1.23,4.72,113.0,439.8,249.1,88.6,2764.2,208.0,117.0,131.0,2299.8,3591.6,1.0,90.0,184.5,18,11.808138746577498,184.5,234.5,2025-11-11,25.0,472.29,234.5,11.808138746577498,900.0,234.5,234.5,234.50000000000006,1.327968695,43.887645540692304,12.066293662207691,36.35829048446523,2,11.868620137808444,9.736471182485637,182.65564292321923,32.13815394025593,36.35829048446523,11.284365435302995,43.887645540692304,12.066293662207691,33.213586338324006,28.47772968648808,9.812045382920429,33.8792315939407,8.959743864646901
865,2025-11-11 18:45:00.000,L_6vSQ==,PACKET_DATA,25.1,472.5,63.96,1.11,4.72,84.3,344.8,195.0,66.6,2077.0,155.0,87.9,97.9,1723.44,2669.89,1.0,90.0,138.54,18,9.98288295287964,138.54,188.54,2025-11-11,25.1,472.5,188.54,9.98288295287964,900.0,188.54,188.54,188.53999999999996,1.2456596035999998,34.966913123844726,9.322304374614909,29.34915569953751,2,10.072595456379906,9.737790855163661,182.65564292321923,30.489964158479573,29.34915569953751,9.227448533780315,34.966913123844726,9.322304374614909,33.21359710633712,28.47772968648808,9.813338308808001,33.8792315939407,8.959743864646901
866,2025-11-11 19:00:00.000,L_6vSQ==,PACKET_DATA,25.44,472.64,63.22,1.33,4.72,144.0,566.0,317.67,113.0,3531.56,266.0,150.0,167.0,2907.11,4627.33,1.0,90.0,237.28,19,13.562995619334815,237.28,287.28,2025-11-11,25.44,472.64,287.28,13.562995619334815,900.0,287.28,287.28,287.2799999999999,1.4087384567999999,52.99797267161333,14.499493167903333,43.29460119461701,2,13.612500541307131,9.726243100361659,182.65564292321923,32.53064864063191,43.29460119461701,12.911890312135506,52.99797267161333,14.499493167903333,33.21360706889703,28.47772968648808,9.814201092381897,33.8792315939407,8.959743864646901
867,2025-11-11 19:15:00.000,L_6vSQ==,PACKET_DATA,25.4,474.67,62.6,1.19,4.72,100.0,406.78,228.5,78.9,2463.22,184.3,103.9,115.9,2031.44,3188.22,1.0,90.0,165.91,19,11.115775166795093,165.91,215.91,2025-11-11,25.4,474.67,215.91,11.115775166795093,900.0,215.91,215.91,215.91,1.2995202321,40.22524084398826,10.967572253196478,33.49741000668298,2,11.276495080797552,9.737412267300058,182.65564292321923,31.24157634266681,33.49741000668298,10.505512992044366,40.22524084398826,10.967572253196478,33.2136162862521,28.47772968648808,9.826618260372413,33.8792315939407,8.959743864646901
868,2025-11-11 19:30:00.000,L_6vSQ==,PACKET_DATA,25.03,476.5,63.4,1.11,4.72,84.0,344.5,194.56,66.0,2073.67,154.89,87.89,97.89,1722.62,2667.75,1.0,90.0,135.11,19,9.853377971604507,135.11,185.11,2025-11-11,25.03,476.5,185.11,9.853377971604507,900.0,185.11,185.11,185.11,1.2368261874,34.33290203327172,9.110967344423909,28.84120025329958,2,9.895245472326105,9.755245385163859,182.65564292321923,30.016987192685544,28.84120025329958,9.023815932332813,34.33290203327172,9.110967344423909,33.213624814144026,28.47772968648808,9.83775668612082,33.8792315939407,8.959743864646901
869,2025-11-11 19:45:00.000,L_6vSQ==,PACKET_DATA,25.13,476.44,62.89,1.21,4.72,121.8,499.78,281.22,95.7,3089.0,232.44,126.6,145.78,2551.78,4020.56,1.0,90.0,201.04,19,12.422607355664097,201.04,251.04,2025-11-11,25.13,476.44,251.04,12.422607355664097,900.0,251.04,251.04,251.03999999999996,1.3532800224,47.12034221303166,13.030085553257916,38.87988977414297,2,12.454743291910074,9.754685250510661,182.65564292321923,31.89311163305714,38.87988977414297,11.76011413786625,47.12034221303166,13.030085553257916,33.213632704145034,28.47772968648808,9.83739589506225,33.8792315939407,8.959743864646901
870,2025-11-11 20:00:00.000,L_6vSQ==,PACKET_DATA,25.44,476.5,61.95,1.26,4.72,125.9,500.56,280.9,98.9,3092.89,232.7,130.9,145.9,2547.11,4034.78,1.0,90.0,207.72,20,12.655670614681672,207.72,257.72,2025-11-11,25.44,476.5,257.72,12.655670614681672,900.0,257.72,257.72,257.71999999999997,1.3635024932,48.20374650285853,13.300936625714632,39.69363900948421,2,12.691035322985774,9.742599950665795,182.65564292321923,32.79914091811004,39.69363900948421,12.182513478687444,48.20374650285853,13.300936625714632,33.213640003969715,28.47772968648808,9.837763310334234,33.8792315939407,8.959743864646901
871,2025-11-11 20:15:00.000,L_6vSQ==,PACKET_DATA,25.77,475.43,60.56,1.36,4.72,157.0,597.6,337.0,123.0,3832.6,290.0,163.9,181.2,3147.44,5064.0,1.0,90.0,257.37,20,14.174767442761707,257.37,307.37,2025-11-11,25.77,475.43,307.37,14.174767442761707,900.0,307.37,307.37,307.36999999999995,1.4381113436,56.57509455447556,15.472528366342669,46.02871393931246,2,14.25206784673958,9.70663792645226,182.65564292321923,33.40828330192415,46.02871393931246,13.594151105744949,56.57509455447556,15.472528366342669,33.21364675776357,28.47772968648808,9.831262217140178,33.8792315939407,8.959743864646901
872,2025-11-11 20:30:00.000,L_6vSQ==,PACKET_DATA,25.71,474.83,60.12,1.26,4.72,111.0,439.5,248.9,87.0,2722.33,204.9,115.8,128.0,2245.67,3551.7,1.0,90.0,178.75,20,11.597606242544645,178.75,228.75,2025-11-11,25.71,474.83,228.75,11.597606242544645,900.0,228.75,228.75,228.75000000000003,1.3191694125,42.75484150593984,11.726452451781952,35.47340276271977,2,11.70132399337712,9.711237630382122,182.65564292321923,31.514909074021137,35.47340276271977,10.971537317774347,42.75484150593984,11.726452451781952,33.21365300637,28.47772968648808,9.827609898353963,33.8792315939407,8.959743864646901
873,2025-11-11 20:45:00.000,L_6vSQ==,PACKET_DATA,25.18,475.89,60.94,1.13,4.73,82.2,342.0,193.0,65.0,2025.1,151.1,85.0,95.0,1675.5,2597.7,1.0,90.0,136.04,20,9.88550956170808,136.04,186.04,2025-11-11,25.18,475.89,186.04,9.88550956170808,900.0,186.04,186.04,186.03999999999996,1.2392212535999998,34.504805914972266,9.16826863832409,28.978925782454464,2,9.945290705499986,9.751496943961753,182.65564292321923,30.236692398111344,28.978925782454464,9.083270689534688,34.504805914972266,9.16826863832409,33.213658787577295,28.47772968648808,9.834065812958702,33.8792315939407,8.959743864646901
874,2025-11-11 21:00:00.000,L_6vSQ==,PACKET_DATA,26.14,477.0,58.35,1.54,4.72,250.0,962.78,532.2,195.1,6064.78,459.0,260.8,287.3,4892.0,8124.4,1.0,90.0,412.87,21,17.421827666981585,412.87,462.87,2025-11-11,26.14,477.0,462.87,17.421827666981585,900.0,462.87,462.87,462.8700000000001,1.6275886553,87.56591309163554,25.76977392749066,70.83801617612568,2,17.604390198850044,9.656757213953888,182.65564292321923,32.926764087070275,70.83801617612568,16.412075357527435,87.56591309163554,25.76977392749066,33.21366413634717,28.47772968648808,9.84080687513138,33.8792315939407,8.959743864646901
875,2025-11-11 21:15:00.000,L_6vSQ==,PACKET_DATA,26.55,476.0,56.38,1.33,4.72,124.9,495.2,279.78,97.9,3059.75,229.7,130.0,143.8,2488.9,4025.6,1.0,90.0,201.72,21,12.36013804687956,201.72,251.72,2025-11-11,26.55,476.0,251.72,12.36013804687956,900.0,251.72,251.72,251.72,1.3543206332,47.23062887726554,13.057657219316384,38.962726522650755,2,12.382737515523305,9.568366418363343,182.65564292321923,33.278111699942,38.962726522650755,12.132122632042847,47.23062887726554,13.057657219316384,33.21366908502617,28.47772968648808,9.834738977845978,33.8792315939407,8.959743864646901
876,2025-11-11 21:30:00.000,L_6vSQ==,PACKET_DATA,26.64,476.4,55.82,1.53,4.72,218.0,831.4,463.6,170.1,5302.33,401.1,228.0,251.1,4286.3,7108.7,1.0,90.0,355.97,21,16.483371613596553,355.97,405.97,2025-11-11,26.64,476.4,405.97,16.483371613596553,900.0,405.97,405.97,405.97000000000014,1.5688001443000001,76.4542235710673,21.58168942842692,61.644639685907826,2,16.673536789911825,9.54881938824732,182.65564292321923,35.79374211714395,61.644639685907826,14.839184824365422,76.4542235710673,21.58168942842692,33.213673663541314,28.47772968648808,9.837170903587364,33.8792315939407,8.959743864646901
877,2025-11-11 21:45:00.000,L_6vSQ==,PACKET_DATA,27.55,476.29,52.92,1.58,4.72,250.9,949.4,527.1,195.6,6077.44,460.4,262.5,287.3,4845.5,8248.0,1.0,90.0,410.53,21,17.35618664901179,410.53,460.53,2025-11-11,27.55,476.29,460.53,17.35618664901179,900.0,460.53,460.53,460.53000000000003,1.6251709907,87.10308748195179,25.630926244585535,70.47648082953947,2,17.421753906163232,9.303842685355685,182.65564292321923,37.02608245278681,70.47648082953947,14.33583235980143,87.10308748195179,25.630926244585535,33.21367789958105,28.47772968648808,9.836504773244535,33.8792315939407,8.959743864646901
878,2025-11-11 22:00:00.000,L_6vSQ==,PACKET_DATA,27.51,476.43,52.12,1.43,4.72,174.0,648.8,367.3,136.0,4240.0,321.0,182.5,200.8,3433.1,5705.2,1.0,90.0,281.67,22,14.678666687057412,281.67,331.67,2025-11-11,27.51,476.43,331.67,14.678666687057412,900.0,331.67,331.67,331.6700000000001,1.4707773476000001,61.51632843954615,16.954898531863844,49.88854941043787,2,14.662995823926373,9.315709108376533,182.65564292321923,33.65802470413614,49.88854941043787,14.147250334133108,61.51632843954615,16.954898531863844,33.21368181876273,28.47772968648808,9.837356602278286,33.8792315939407,8.959743864646901
879,2025-11-11 22:15:00.000,L_6vSQ==,PACKET_DATA,26.32,475.71,54.51,1.15,4.73,75.0,305.3,173.6,59.0,1836.8,137.0,77.9,86.0,1513.5,2376.0,1.0,90.0,120.07,22,9.022257520849292,120.07,170.07,2025-11-11,26.32,475.71,170.07,9.022257520849292,900.0,170.07,170.07,170.07000000000002,1.1980930738,31.552865064695016,8.184288354898339,26.613897072127983,2,8.8821493730402,9.617129164277003,182.65564292321923,32.03828401857277,26.613897072127983,8.686144257199572,31.552865064695016,8.184288354898339,33.21368544478751,28.47772968648808,9.832982825958869,33.8792315939407,8.959743864646901
880,2025-11-11 22:30:00.000,L_6vSQ==,PACKET_DATA,25.56,478.22,56.72,1.15,4.72,101.0,396.0,225.0,79.0,2475.8,186.0,105.0,117.0,2056.2,3215.8,1.0,90.0,161.45,22,10.94739977904892,161.45,211.45,2025-11-11,25.56,478.22,211.45,10.94739977904892,900.0,211.45,211.45,211.44999999999993,1.2926950494999998,39.34657893181504,10.70397367954451,32.81104492164216,2,11.140012968342269,9.740386801214742,182.65564292321923,33.73463660314692,32.81104492164216,11.180660399304122,39.34657893181504,10.70397367954451,33.21368879958368,28.47772968648808,9.848201504727934,33.8792315939407,8.959743864646901
881,2025-11-11 22:45:00.000,L_6vSQ==,PACKET_DATA,25.36,478.33,57.6,1.15,4.72,98.2,393.6,222.5,77.0,2415.0,181.0,102.0,114.0,2002.2,3126.3,1.0,90.0,158.65,22,10.845519476853744,158.65,208.65,2025-11-11,25.36,478.33,208.65,10.845519476853744,900.0,208.65,208.65,208.65000000000003,1.2884101815,38.79495261923994,10.538485785771984,32.38014307453134,2,11.051801379464637,9.755119774506303,182.65564292321923,34.495270860024995,32.38014307453134,11.311416292551673,38.79495261923994,10.538485785771984,33.213691903439276,28.47772968648808,9.84886744579748,33.8792315939407,8.959743864646901
882,2025-11-11 23:00:00.000,L_6vSQ==,PACKET_DATA,24.96,478.67,58.87,1.07,4.72,69.0,274.8,157.0,54.0,1694.3,127.0,71.4,80.0,1417.6,2177.7,1.0,90.0,109.22,23,8.673043906868054,109.22,159.22,2025-11-11,24.96,478.67,159.22,8.673043906868054,900.0,159.22,159.22,159.22,1.1701506348,29.54731977818854,7.51577325939618,25.007099231987564,2,8.433820657499597,9.763816646791936,182.65564292321923,32.405701277501144,25.007099231987564,8.31546822873052,29.54731977818854,7.51577325939618,33.21369477512481,28.47772968648808,9.850921645832841,33.8792315939407,8.959743864646901
883,2025-11-11 23:15:00.000,L_6vSQ==,PACKET_DATA,24.84,479.5,59.3,1.17,4.72,101.0,395.0,224.0,79.0,2471.78,186.0,105.0,117.0,2061.0,3200.0,1.0,90.0,162.19,23,11.000338470893595,162.19,212.19,2025-11-11,24.84,479.5,212.19,11.000338470893595,900.0,212.19,212.19,212.19000000000003,1.2938274789,39.49236588585276,10.747709765755829,32.92492612409289,2,11.159823992642428,9.764008241723086,182.65564292321923,34.10541408367898,32.92492612409289,11.31777910242267,39.49236588585276,10.747709765755829,33.21369743200671,28.47772968648808,9.855926582549545,33.8792315939407,8.959743864646901
884,2025-11-11 23:30:00.000,L_6vSQ==,PACKET_DATA,25.12,479.33,58.56,1.23,4.72,121.0,459.0,261.0,95.0,2971.67,225.0,126.44,141.0,2472.44,3892.89,1.0,90.0,198.56,23,12.356442261983506,198.56,248.56,2025-11-11,25.12,479.33,248.56,12.356442261983506,900.0,248.56,248.56,248.55999999999997,1.3494848536,46.65759766740873,12.89727930022262,38.522033331028865,2,12.394345463945193,9.767168998120962,182.65564292321923,34.96200506651148,38.522033331028865,12.342194718053472,46.65759766740873,12.89727930022262,33.21369989015241,28.47772968648808,9.854903691949936,33.8792315939407,8.959743864646901
885,2025-11-11 23:45:00.000,L_6vSQ==,PACKET_DATA,26.17,478.33,55.51,1.46,4.72,234.44,879.89,489.78,182.2,5698.5,431.8,244.6,269.9,4622.3,7656.8,1.0,90.0,379.85,23,16.92724949451741,379.85,429.85,2025-11-11,26.17,478.33,429.85,16.92724949451741,900.0,429.85,429.85,429.84999999999997,1.5934727215,81.09995720010895,23.439982880043576,65.55280000110852,2,17.119121898831168,9.656584218408616,182.65564292321923,35.70311870591608,65.55280000110852,15.154711183864373,81.09995720010895,23.439982880043576,33.21370216442749,28.47772968648808,9.848871923449959,33.8792315939407,8.959743864646901
886,2025-11-12 00:00:00.000,L_6vSQ==,PACKET_DATA,26.2,476.64,54.58,1.21,4.72,92.9,364.0,207.0,72.9,2276.67,170.9,96.9,106.9,1871.8,2977.7,1.0,90.0,149.15,0,10.3569073593576,149.15,199.15,2025-11-12,26.2,476.64,199.15,10.3569073593576,900.0,199.15,199.15,199.15000000000003,1.272983961,36.92809611829945,9.976032039433152,30.92041146763796,2,10.61180375154134,9.644301029694795,182.65564292321923,32.96064200648792,30.92041146763796,10.53379991500862,36.92809611829945,9.976032039433152,33.213704268585566,28.47772968648808,9.838640989125249,33.8792315939407,8.959743864646901
887,2025-11-12 00:15:00.000,L_6vSQ==,PACKET_DATA,25.54,477.55,56.39,1.25,4.72,119.0,457.56,260.0,93.0,2911.78,220.0,124.0,138.0,2412.33,3810.11,1.0,90.0,191.25,0,12.086029545074677,191.25,241.25,2025-11-12,25.54,477.55,241.25,12.086029545074677,900.0,241.25,241.25,241.25000000000006,1.3382982875,45.21745897279301,12.465237691837904,37.39707172303597,2,12.150112443251517,9.739355752748525,182.65564292321923,34.79231162321069,37.39707172303597,12.14755672457071,45.21745897279301,12.465237691837904,33.21370621535148,28.47772968648808,9.844156973324159,33.8792315939407,8.959743864646901
888,2025-11-12 00:30:00.000,L_6vSQ==,PACKET_DATA,25.33,478.25,56.89,1.17,4.72,100.1,394.7,223.9,79.0,2463.2,185.1,104.5,116.0,2043.2,3199.3,1.0,90.0,165.25,0,11.111738771682807,165.25,215.25,2025-11-12,25.33,478.25,215.25,11.111738771682807,900.0,215.25,215.25,215.25000000000006,1.2985102275,40.09521464173842,10.928564392521528,33.395840285578295,2,11.276590068056388,9.756320069797757,182.65564292321923,32.513345438086326,33.395840285578295,10.87492106427626,40.09521464173842,10.928564392521528,33.21370801649826,28.47772968648808,9.848391160478354,33.8792315939407,8.959743864646901
889,2025-11-12 00:45:00.000,L_6vSQ==,PACKET_DATA,25.37,475.0,56.6,1.27,4.72,138.7,521.8,296.5,109.22,3392.6,257.33,144.7,160.8,2814.0,4466.0,1.0,90.0,231.28,0,13.398823692383246,231.28,281.28,2025-11-12,25.37,475.0,281.28,13.398823692383246,900.0,281.28,281.28,281.2799999999999,1.3995565967999999,52.024855046020335,14.256213761505084,42.563688707783555,2,13.43963407352626,9.740527684393989,182.65564292321923,34.52678488020874,42.563688707783555,13.054423545070751,52.024855046020335,14.256213761505084,33.213709682918285,28.47772968648808,9.82867077234615,33.8792315939407,8.959743864646901
890,2025-11-12 01:00:00.000,L_6vSQ==,PACKET_DATA,24.72,476.64,58.07,0.48,4.71,2.5,9.1,9.3,14.3,64.6,4.9,22.9,30.9,36.6,23.3,0.4,90.0,94.61,1,7.9598762626951745,94.61,144.61,2025-11-12,24.72,476.64,144.61,7.9598762626951745,900.0,144.61,144.61,144.61000000000004,1.1325249174,26.89809254680326,6.632697515601086,22.884597874341303,2,7.620542751443312,9.745375545146118,182.65564292321923,32.0152559342838,22.884597874341303,7.385573322885462,26.89809254680326,6.632697515601086,33.21371122468919,28.47772968648808,9.838644022789875,33.8792315939407,8.959743864646901
891,2025-11-12 01:15:00.000,L_6vSQ==,PACKET_DATA,23.46,480.67,61.52,-0.0,4.65,0.0,0.0,0.0,0.0,0.0,0.0,0.0,0.0,0.0,0.0,0.0,90.0,0.0,1,-0.8144942934440298,0.0,0.0,2025-11-12,23.46,480.67,0.0,-0.8144942934440298,900.0,0.0,0.0,0.0,0.0,19.0,4.0,16.55682351251732,2,0.0,9.562978933201306,182.65564292321923,30.807430558274596,16.55682351251732,0.0,19.0,4.0,33.2137126511348,28.47772968648808,9.86296779153166,33.8792315939407,8.959743864646901
892,2025-11-12 01:30:00.000,L_6vSQ==,PACKET_DATA,22.87,482.83,63.41,-0.0,4.6,0.0,0.0,0.0,0.0,0.0,0.0,0.0,0.0,0.0,0.0,0.0,90.0,0.0,1,-0.7808918114994281,0.0,0.0,2025-11-12,22.87,482.83,0.0,-0.7808918114994281,900.0,0.0,0.0,0.0,0.0,19.0,4.0,16.55682351251732,2,0.0,9.4185289561063,182.65564292321923,30.122746684039846,16.55682351251732,0.0,19.0,4.0,33.213713970881514,28.47772968648808,9.87589649993974,33.8792315939407,8.959743864646901
893,2025-11-12 01:45:00.000,L_6vSQ==,PACKET_DATA,22.61,485.0,64.8,-0.0,4.56,0.0,0.0,0.0,0.0,0.0,0.0,0.0,0.0,0.0,0.0,0.0,90.0,0.0,1,-0.772956394954674,0.0,0.0,2025-11-12,22.61,485.0,0.0,-0.772956394954674,900.0,0.0,0.0,0.0,0.0,19.0,4.0,16.55682351251732,2,0.0,9.35623402880139,182.65564292321923,29.65843294448102,16.55682351251732,0.0,19.0,4.0,33.21371519191046,28.47772968648808,9.8888074076315,33.8792315939407,8.959743864646901
894,2025-11-12 02:00:00.000,L_6vSQ==,PACKET_DATA,22.39,485.83,65.96,-0.0,4.51,0.0,0.0,0.0,0.0,0.0,0.0,0.0,0.0,0.0,0.0,0.0,90.0,0.0,2,-0.7664205413285963,0.0,0.0,2025-11-12,22.39,485.83,0.0,-0.7664205413285963,900.0,0.0,0.0,0.0,0.0,19.0,4.0,16.55682351251732,2,0.0,9.298208661699167,182.65564292321923,29.29613625594414,16.55682351251732,0.0,19.0,4.0,33.21371632160578,28.47772968648808,9.893725191033834,33.8792315939407,8.959743864646901
895,2025-11-12 02:15:00.000,L_6vSQ==,PACKET_DATA,22.21,486.8,67.19,-0.0,4.46,0.0,0.0,0.0,0.0,0.0,0.0,0.0,0.0,0.0,0.0,0.0,90.0,0.0,2,-0.7627090537858336,0.0,0.0,2025-11-12,22.21,486.8,0.0,-0.7627090537858336,900.0,0.0,0.0,0.0,0.0,19.0,4.0,16.55682351251732,2,0.0,9.25294707089167,182.65564292321923,28.988763320806726,16.55682351251732,0.0,19.0,4.0,33.21371736679928,28.47772968648808,9.899457673757992,33.8792315939407,8.959743864646901
896,2025-11-12 02:30:00.000,L_6vSQ==,PACKET_DATA,22.11,487.56,68.04,-0.0,4.41,0.0,0.0,0.0,0.0,0.0,0.0,0.0,0.0,0.0,0.0,0.0,90.0,0.0,2,-0.7614123706639351,0.0,0.0,2025-11-12,22.11,487.56,0.0,-0.7614123706639351,900.0,0.0,0.0,0.0,0.0,19.0,4.0,16.55682351251732,2,0.0,9.229484477509322,182.65564292321923,28.716826944536102,16.55682351251732,0.0,19.0,4.0,33.21371833381174,28.47772968648808,9.903938053204765,33.8792315939407,8.959743864646901
897,2025-11-12 02:45:00.000,L_6vSQ==,PACKET_DATA,22.03,488.88,68.8,-0.0,4.37,0.0,0.0,0.0,0.0,0.0,0.0,0.0,0.0,0.0,0.0,0.0,90.0,0.0,2,-0.7617740934454851,0.0,0.0,2025-11-12,22.03,488.88,0.0,-0.7617740934454851,900.0,0.0,0.0,0.0,0.0,19.0,4.0,16.55682351251732,2,0.0,9.214764201376743,182.65564292321923,28.471599497344727,16.55682351251732,0.0,19.0,4.0,33.21371922849115,28.47772968648808,9.911696070820284,33.8792315939407,8.959743864646901
898,2025-11-12 03:00:00.000,L_6vSQ==,PACKET_DATA,21.86,487.78,69.31,-0.0,4.33,0.0,0.0,0.0,0.0,0.0,0.0,0.0,0.0,0.0,0.0,0.0,90.0,0.0,3,-0.7562407227791486,0.0,0.0,2025-11-12,21.86,487.78,0.0,-0.7562407227791486,900.0,0.0,0.0,0.0,0.0,19.0,4.0,16.55682351251732,2,0.0,9.164643827243204,182.65564292321923,28.248606073646695,16.55682351251732,0.0,19.0,4.0,33.21372005624806,28.47772968648808,9.905233806827708,33.8792315939407,8.959743864646901
899,2025-11-12 03:15:00.000,L_6vSQ==,PACKET_DATA,21.78,488.0,69.88,-0.0,4.28,0.0,0.0,0.0,0.0,0.0,0.0,0.0,0.0,0.0,0.0,0.0,90.0,0.0,3,-0.7550892534967204,0.0,0.0,2025-11-12,21.78,488.0,0.0,-0.7550892534967204,900.0,0.0,0.0,0.0,0.0,19.0,4.0,16.55682351251732,2,0.0,9.145617641131928,182.65564292321923,28.045106214149122,16.55682351251732,0.0,19.0,4.0,33.213720822088305,28.47772968648808,9.906528318423517,33.8792315939407,8.959743864646901
900,2025-11-12 03:30:00.000,L_6vSQ==,PACKET_DATA,21.71,487.67,70.14,-0.0,4.23,0.0,0.0,0.0,0.0,0.0,0.0,0.0,0.0,0.0,0.0,0.0,90.0,0.0,3,-0.7532428664953308,0.0,0.0,2025-11-12,21.71,487.67,0.0,-0.7532428664953308,900.0,0.0,0.0,0.0,0.0,19.0,4.0,16.55682351251732,2,0.0,9.126694779572691,182.65564292321923,27.859114656183646,16.55682351251732,0.0,19.0,4.0,33.213721530643284,28.47772968648808,9.904587055040613,33.8792315939407,8.959743864646901
901,2025-11-12 03:45:00.000,L_6vSQ==,PACKET_DATA,21.66,488.29,70.62,-0.0,4.19,0.0,0.0,0.0,0.0,0.0,0.0,0.0,0.0,0.0,0.0,0.0,90.0,0.0,3,-0.753461111272264,0.0,0.0,2025-11-12,21.66,488.29,0.0,-0.753461111272264,900.0,0.0,0.0,0.0,0.0,19.0,4.0,16.55682351251732,2,0.0,9.117915450617113,182.65564292321923,27.68901632818933,16.55682351251732,0.0,19.0,4.0,33.21372218619797,28.47772968648808,9.908233615435046,33.8792315939407,8.959743864646901
902,2025-11-12 04:00:00.000,L_6vSQ==,PACKET_DATA,21.6,490.5,71.16,-0.0,4.15,0.0,0.0,0.0,0.0,0.0,0.0,0.0,0.0,0.0,0.0,0.0,90.0,0.0,4,-0.7562915761526874,0.0,0.0,2025-11-12,21.6,490.5,0.0,-0.7562915761526874,900.0,0.0,0.0,0.0,0.0,19.0,4.0,16.55682351251732,2,0.0,9.115325682296307,182.65564292321923,27.533411152113374,16.55682351251732,0.0,19.0,4.0,33.21372279271681,28.47772968648808,9.921177553678875,33.8792315939407,8.959743864646901
903,2025-11-12 04:15:00.000,L_6vSQ==,PACKET_DATA,21.55,492.8,71.59,-0.0,4.1,0.0,0.0,0.0,0.0,0.0,0.0,0.0,0.0,0.0,0.0,0.0,90.0,0.0,4,-0.7594038510140138,0.0,0.0,2025-11-12,21.55,492.8,0.0,-0.7594038510140138,900.0,0.0,0.0,0.0,0.0,19.0,4.0,16.55682351251732,2,0.0,9.115786759732742,182.65564292321923,27.39104804727049,16.55682351251732,0.0,19.0,4.0,33.213723353867714,28.47772968648808,9.934558921364196,33.8792315939407,8.959743864646901
904,2025-11-12 04:30:00.000,L_6vSQ==,PACKET_DATA,21.43,496.0,71.82,-0.0,4.06,0.0,0.0,0.0,0.0,0.0,0.0,0.0,0.0,0.0,0.0,0.0,90.0,0.0,4,-0.7628839415109692,0.0,0.0,2025-11-12,21.43,496.0,0.0,-0.7628839415109692,900.0,0.0,0.0,0.0,0.0,19.0,4.0,16.55682351251732,2,0.0,9.105916447200894,182.65564292321923,27.26079385894555,16.55682351251732,0.0,19.0,4.0,33.21372387304423,28.47772968648808,9.953021941960804,33.8792315939407,8.959743864646901
905,2025-11-12 04:45:00.000,L_6vSQ==,PACKET_DATA,21.44,498.33,71.98,-0.0,4.02,0.0,0.0,0.0,0.0,0.0,0.0,0.0,0.0,0.0,0.0,0.0,90.0,0.0,4,-0.7668233769967259,0.0,0.0,2025-11-12,21.44,498.33,0.0,-0.7668233769967259,900.0,0.0,0.0,0.0,0.0,19.0,4.0,16.55682351251732,2,0.0,9.119972975474552,182.65564292321923,27.14161623425221,16.55682351251732,0.0,19.0,4.0,33.213724353386056,28.47772968648808,9.96635062355487,33.8792315939407,8.959743864646901
906,2025-11-12 05:00:00.000,L_6vSQ==,PACKET_DATA,21.35,499.75,72.24,-0.0,3.98,0.0,0.0,0.0,0.0,0.0,0.0,0.0,0.0,0.0,0.0,0.0,90.0,0.0,5,-0.7677583975743776,0.0,0.0,2025-11-12,21.35,499.75,0.0,-0.7677583975743776,900.0,0.0,0.0,0.0,0.0,19.0,4.0,16.55682351251732,2,0.0,9.108453163585827,182.65564292321923,27.032572314167865,16.55682351251732,0.0,19.0,4.0,33.21372479779806,28.47772968648808,9.974425700321113,33.8792315939407,8.959743864646901
907,2025-11-12 05:15:00.000,L_6vSQ==,PACKET_DATA,21.3,500.4,72.41,-0.0,3.93,0.0,0.0,0.0,0.0,0.0,0.0,0.0,0.0,0.0,0.0,0.0,90.0,0.0,5,-0.7680528656068031,0.0,0.0,2025-11-12,21.3,500.4,0.0,-0.7680528656068031,900.0,0.0,0.0,0.0,0.0,19.0,4.0,16.55682351251732,2,0.0,9.101765244359058,182.65564292321923,26.93280006863886,16.55682351251732,0.0,19.0,4.0,33.21372520896781,28.47772968648808,9.978109888287179,33.8792315939407,8.959743864646901
908,2025-11-12 05:30:00.000,L_6vSQ==,PACKET_DATA,21.28,500.5,72.56,-0.0,3.89,0.0,0.0,0.0,0.0,0.0,0.0,0.0,0.0,0.0,0.0,0.0,90.0,0.0,5,-0.7679160297508787,0.0,0.0,2025-11-12,21.28,500.5,0.0,-0.7679160297508787,900.0,0.0,0.0,0.0,0.0,19.0,4.0,16.55682351251732,2,0.0,9.09836407823363,182.65564292321923,26.841511016969452,16.55682351251732,0.0,19.0,4.0,33.21372558938183,28.47772968648808,9.978676140544065,33.8792315939407,8.959743864646901
909,2025-11-12 05:45:00.000,L_6vSQ==,PACKET_DATA,21.22,502.18,72.6,-0.0,3.85,0.0,0.0,0.0,0.0,0.0,0.0,0.0,0.0,0.0,0.0,0.0,90.0,0.0,5,-0.7696659645351644,0.0,0.0,2025-11-12,21.22,502.18,0.0,-0.7696659645351644,900.0,0.0,0.0,0.0,0.0,19.0,4.0,16.55682351251732,2,0.0,9.09546547917434,182.65564292321923,26.757983817286984,16.55682351251732,0.0,19.0,4.0,33.213725941340684,28.47772968648808,9.988159087811031,33.8792315939407,8.959743864646901
910,2025-11-12 06:00:00.000,L_6vSQ==,PACKET_DATA,21.15,502.83,72.75,-0.0,3.81,0.0,0.0,0.0,0.0,0.0,0.0,0.0,0.0,0.0,0.0,0.0,90.0,0.0,6,-0.769624876606203,0.0,0.0,2025-11-12,21.15,502.83,0.0,-0.769624876606203,900.0,0.0,0.0,0.0,0.0,19.0,4.0,16.55682351251732,2,0.0,9.086034525032566,182.65564292321923,26.681558497528787,16.55682351251732,0.0,19.0,4.0,33.21372626697283,28.47772968648808,9.991814208717237,33.8792315939407,8.959743864646901
911,2025-11-12 06:15:00.000,L_6vSQ==,PACKET_DATA,21.17,503.33,73.01,-0.0,3.76,0.0,0.0,0.0,0.0,0.0,0.0,0.0,0.0,0.0,0.0,0.0,90.0,0.0,6,-0.7707014227232154,0.0,0.0,2025-11-12,21.17,503.33,0.0,-0.7707014227232154,900.0,0.0,0.0,0.0,0.0,19.0,4.0,16.55682351251732,2,0.0,9.092125396115197,182.65564292321923,26.61163121414243,16.55682351251732,0.0,19.0,4.0,33.2137265682475,28.47772968648808,9.99462053477376,33.8792315939407,8.959743864646901
912,2025-11-12 06:30:00.000,L_6vSQ==,PACKET_DATA,21.14,503.5,73.2,-0.0,3.73,0.0,0.0,0.0,0.0,0.0,0.0,0.0,0.0,0.0,0.0,0.0,90.0,0.0,6,-0.7705088812333081,0.0,0.0,2025-11-12,21.14,503.5,0.0,-0.7705088812333081,900.0,0.0,0.0,0.0,0.0,19.0,4.0,16.55682351251732,2,0.0,9.087654269178897,182.65564292321923,26.547649470774402,16.55682351251732,0.0,19.0,4.0,33.213726846986674,28.47772968648808,9.99557370514432,33.8792315939407,8.959743864646901
913,2025-11-12 06:45:00.000,L_6vSQ==,PACKET_DATA,21.12,505.17,73.4,-0.0,3.69,0.0,0.0,0.0,0.0,0.0,0.0,0.0,0.0,0.0,0.0,0.0,90.0,0.0,6,-0.772756983323891,0.0,0.0,2025-11-12,21.12,505.17,0.0,-0.772756983323891,900.0,0.0,0.0,0.0,0.0,19.0,4.0,16.55682351251732,2,0.0,9.092575361844862,182.65564292321923,26.489107749021898,16.55682351251732,0.0,19.0,4.0,33.21372710487601,28.47772968648808,10.004907449791402,33.8792315939407,8.959743864646901
914,2025-11-12 07:00:00.000,L_6vSQ==,PACKET_DATA,21.09,505.5,73.62,-0.0,3.65,0.0,0.0,0.0,0.0,0.0,0.0,0.0,0.0,0.0,0.0,0.0,90.0,0.0,7,-0.7727935997755466,0.0,0.0,2025-11-12,21.09,505.5,0.0,-0.7727935997755466,900.0,0.0,0.0,0.0,0.0,19.0,4.0,16.55682351251732,2,0.0,9.089109894099325,182.65564292321923,26.43554351281239,16.55682351251732,0.0,19.0,4.0,33.21372734347508,28.47772968648808,10.00674574386946,33.8792315939407,8.959743864646901
915,2025-11-12 07:15:00.000,L_6vSQ==,PACKET_DATA,21.1,507.29,73.81,-0.0,3.61,0.0,0.0,0.0,0.0,0.0,0.0,0.0,0.0,0.0,0.0,0.0,90.0,0.0,7,-0.775631272727205,0.0,0.0,2025-11-12,21.1,507.29,0.0,-0.775631272727205,900.0,0.0,0.0,0.0,0.0,19.0,4.0,16.55682351251732,2,0.0,9.099763417646297,182.65564292321923,26.386533553332363,16.55682351251732,0.0,19.0,4.0,33.21372756422681,28.47772968648808,10.01668084005885,33.8792315939407,8.959743864646901
916,2025-11-12 07:30:00.000,L_6vSQ==,PACKET_DATA,21.07,507.5,74.15,-0.0,3.57,0.0,0.0,0.0,0.0,0.0,0.0,0.0,0.0,0.0,0.0,0.0,90.0,0.0,7,-0.7754767680952313,0.0,0.0,2025-11-12,21.07,507.5,0.0,-0.7754767680952313,900.0,0.0,0.0,0.0,0.0,19.0,4.0,16.55682351251732,2,0.0,9.09577310772125,182.65564292321923,26.34169064504437,16.55682351251732,0.0,19.0,4.0,33.21372776846619,28.47772968648808,10.017842510996031,33.8792315939407,8.959743864646901
917,2025-11-12 07:45:00.000,L_6vSQ==,PACKET_DATA,21.04,508.5,74.43,-0.0,3.53,0.0,0.0,0.0,0.0,0.0,0.0,0.0,0.0,0.0,0.0,0.0,90.0,0.0,7,-0.7764783715414314,0.0,0.0,2025-11-12,21.04,508.5,0.0,-0.7764783715414314,900.0,0.0,0.0,0.0,0.0,19.0,4.0,16.55682351251732,2,0.0,9.095845133789709,182.65564292321923,26.3006604861473,16.55682351251732,0.0,19.0,4.0,33.213727957428354,28.47772968648808,10.023362412178855,33.8792315939407,8.959743864646901
918,2025-11-12 08:00:00.000,L_6vSQ==,PACKET_DATA,21.07,508.53,74.78,-0.0,3.5,0.0,0.0,0.0,0.0,0.0,0.0,0.0,0.0,0.0,0.0,0.0,90.0,0.0,8,-0.7769956474179924,0.0,0.0,2025-11-12,21.07,508.53,0.0,-0.7769956474179924,900.0,0.0,0.0,0.0,0.0,19.0,4.0,16.55682351251732,2,0.0,9.100906403907786,182.65564292321923,26.263118899219915,16.55682351251732,0.0,19.0,4.0,33.21372813225605,28.47772968648808,10.023527788684689,33.8792315939407,8.959743864646901
919,2025-11-12 08:15:00.000,L_6vSQ==,PACKET_DATA,21.04,508.8,75.19,-0.0,3.45,0.0,0.0,0.0,0.0,0.0,0.0,0.0,0.0,0.0,0.0,0.0,90.0,0.0,8,-0.7769181215989018,0.0,0.0,2025-11-12,21.04,508.8,0.0,-0.7769181215989018,900.0,0.0,0.0,0.0,0.0,19.0,4.0,16.55682351251732,2,0.0,9.097337544677309,182.65564292321923,26.228769269896734,16.55682351251732,0.0,19.0,4.0,33.21372829400654,28.47772968648808,10.025014782086892,33.8792315939407,8.959743864646901
920,2025-11-12 08:30:00.000,L_6vSQ==,PACKET_DATA,21.02,507.0,75.49,-0.0,3.42,0.0,0.0,0.0,0.0,0.0,0.0,0.0,0.0,0.0,0.0,0.0,90.0,0.0,8,-0.773937185331258,0.0,0.0,2025-11-12,21.02,507.0,0.0,-0.773937185331258,900.0,0.0,0.0,0.0,0.0,19.0,4.0,16.55682351251732,2,0.0,9.085162885272997,182.65564292321923,26.197340203326416,16.55682351251732,0.0,19.0,4.0,33.213728443658006,28.47772968648808,10.015075761275986,33.8792315939407,8.959743864646901
921,2025-11-12 08:45:00.000,L_6vSQ==,PACKET_DATA,21.05,504.33,75.62,-0.0,3.38,0.0,0.0,0.0,0.0,0.0,0.0,0.0,0.0,0.0,0.0,0.0,90.0,0.0,8,-0.7703820767286675,0.0,0.0,2025-11-12,21.05,504.33,0.0,-0.7703820767286675,900.0,0.0,0.0,0.0,0.0,19.0,4.0,16.55682351251732,2,0.0,9.076599607263134,182.65564292321923,26.1685833798915,16.55682351251732,0.0,19.0,4.0,33.21372858211546,28.47772968648808,10.000219853359102,33.8792315939407,8.959743864646901
922,2025-11-12 09:00:00.000,L_6vSQ==,PACKET_DATA,21.73,500.5,73.8,0.79,3.71,59.6,243.4,136.9,46.9,1471.2,110.1,61.6,69.3,1243.4,1861.9,0.7,90.0,97.55,9,7.948691043208612,97.55,147.55,2025-11-12,21.73,500.5,147.55,7.948691043208612,900.0,147.55,147.55,147.54999999999998,1.1400964169999999,27.417343694807485,6.805781231602496,23.300610232036288,2,7.417660960446943,9.197401577574261,182.65564292321923,27.41213491424553,23.300610232036288,7.344081284935673,27.417343694807485,6.805781231602496,33.21372871021622,28.47772968648808,9.978677510371458,33.8792315939407,8.959743864646901
923,2025-11-12 09:15:00.000,L_6vSQ==,PACKET_DATA,23.04,494.79,69.93,1.26,4.6,134.9,538.7,300.5,106.0,3304.2,248.4,139.8,156.0,2751.9,4265.3,1.0,90.0,224.66,9,12.916030943649568,224.66,274.66,2025-11-12,23.04,494.79,274.66,12.916030943649568,900.0,274.66,274.66,274.6600000000001,1.3894259446000001,50.95118193244943,13.987795483112357,41.75724859731067,2,12.727337707939382,9.523894048693348,182.65564292321923,28.323164031877482,41.75724859731067,12.852339890209414,50.95118193244943,13.987795483112357,33.21372882873498,28.47772968648808,9.946064171458984,33.8792315939407,8.959743864646901
924,2025-11-12 09:30:00.000,L_6vSQ==,PACKET_DATA,24.18,489.25,66.2,1.4,4.72,178.6,698.9,388.5,140.0,4362.7,329.0,185.8,206.0,3582.6,5732.2,1.0,90.0,296.9,9,15.02702598748927,296.9,346.9,2025-11-12,24.18,489.25,346.9,15.02702598748927,900.0,346.9,346.9,346.8999999999999,1.491250732,64.61324169344013,17.88397250803204,52.307697320941536,2,15.061997903393866,9.744801116285949,182.65564292321923,28.977445509482152,52.307697320941536,14.811837888564078,64.61324169344013,17.88397250803204,33.21372893838846,28.47772968648808,9.913869464594539,33.8792315939407,8.959743864646901
925,2025-11-12 09:45:00.000,L_6vSQ==,PACKET_DATA,25.49,482.9,61.66,1.52,4.72,246.4,975.9,534.0,192.1,5985.3,451.5,257.0,282.6,4801.0,7994.9,1.0,90.0,406.72,9,17.299043510294347,406.72,456.72,2025-11-12,25.49,482.9,456.72,17.299043510294347,900.0,456.72,456.72,456.7200000000001,1.6212345368,86.34951245080008,25.40485373524002,69.88782712420038,2,17.5049487404995,9.765342078391717,182.65564292321923,29.574633756381452,69.88782712420038,16.910881538706857,86.34951245080008,25.40485373524002,33.21372903983981,28.47772968648808,9.876320768876226,33.8792315939407,8.959743864646901
926,2025-11-12 10:00:00.000,L_6vSQ==,PACKET_DATA,25.63,479.5,60.63,1.36,4.72,127.9,509.0,285.9,100.0,3125.0,234.8,133.0,147.0,2553.8,4097.0,1.0,90.0,206.1,10,12.61895898713496,206.1,256.1,2025-11-12,25.63,479.5,256.1,12.61895898713496,900.0,256.1,256.1,256.1,1.361023391,47.941004743948426,13.235251185987106,39.496292638039186,2,12.660776506842744,9.73899079603326,182.65564292321923,33.21898272917451,39.496292638039186,12.272768081217299,47.941004743948426,13.235251185987106,33.21372913370255,28.47772968648808,9.855940421949477,33.8792315939407,8.959743864646901
927,2025-11-12 10:15:00.000,L_6vSQ==,PACKET_DATA,25.08,477.0,62.26,1.29,4.72,126.0,507.1,283.8,99.0,3077.2,231.0,130.5,145.0,2531.4,4000.8,1.0,90.0,208.16,10,12.664411956175194,208.16,258.16,2025-11-12,25.08,477.0,258.16,12.664411956175194,900.0,258.16,258.16,258.15999999999997,1.3641758296,48.27510846206868,13.31877711551717,39.74723925851866,2,12.687287169136921,9.757479803626126,182.65564292321923,31.606429021351058,39.74723925851866,11.923612082485281,48.27510846206868,13.31877711551717,33.213729220544295,28.47772968648808,9.840835263040306,33.8792315939407,8.959743864646901
928,2025-11-12 10:30:00.000,L_6vSQ==,PACKET_DATA,24.7,475.5,63.32,1.19,4.72,93.9,378.67,213.6,73.9,2308.89,172.8,97.6,108.8,1917.33,2974.8,1.0,90.0,153.68,10,10.634479046581566,153.68,203.68,2025-11-12,24.7,475.5,203.68,10.634479046581566,900.0,203.68,203.68,203.68000000000004,1.2808045408,37.815815914419126,10.244744774325738,31.61529229590963,2,10.837898214065962,9.739006092414199,182.65564292321923,30.692315489697823,31.61529229590963,10.024242248875026,37.815815914419126,10.244744774325738,33.213729300890236,28.47772968648808,9.831724252321575,33.8792315939407,8.959743864646901
929,2025-11-12 10:45:00.000,L_6vSQ==,PACKET_DATA,24.64,475.4,63.58,1.21,4.72,115.0,472.5,264.0,90.2,2820.25,211.2,119.1,133.0,2329.7,3640.0,1.0,90.0,188.19,10,11.939493638302942,188.19,238.19,2025-11-12,24.64,475.4,238.19,11.939493638302942,900.0,238.19,238.19,238.19,1.3336155389,44.614610216907344,12.284383065072204,36.92615756155055,2,11.966059907214353,9.734315238763186,182.65564292321923,32.51009013600533,36.92615756155055,11.528714356683246,44.614610216907344,12.284383065072204,33.21372937522626,28.47772968648808,9.831115614361874,33.8792315939407,8.959743864646901
930,2025-11-12 11:00:00.000,L_6vSQ==,PACKET_DATA,24.84,475.6,63.25,1.23,4.72,115.0,472.89,264.33,91.0,2829.33,212.0,120.0,133.0,2332.78,3655.11,1.0,90.0,193.4,11,12.138439820928548,193.4,243.4,2025-11-12,24.84,475.6,243.4,12.138439820928548,900.0,243.4,243.4,243.40000000000006,1.341588454,45.64102917709176,12.592308753127528,37.727942784210356,2,12.167172942979542,9.746871188001382,182.65564292321923,33.3795764134414,37.727942784210356,11.926743428625647,45.64102917709176,12.592308753127528,33.213729444001906,28.47772968648808,9.83233282711953,33.8792315939407,8.959743864646901
931,2025-11-12 11:15:00.000,L_6vSQ==,PACKET_DATA,24.93,475.22,62.98,1.24,4.72,119.4,475.4,267.1,93.5,2936.89,219.8,124.67,138.56,2426.44,3816.67,1.0,90.0,192.7,11,12.116647550217548,192.7,242.7,2025-11-12,24.93,475.22,242.7,12.116647550217548,900.0,242.7,242.7,242.70000000000005,1.340517237,45.50312259894798,12.550936779684394,37.620217322432644,2,12.152502639568308,9.7481188522295,182.65564292321923,33.90117916207071,37.620217322432644,12.030624726854587,45.50312259894798,12.550936779684394,33.2137295076331,28.47772968648808,9.83001966768387,33.8792315939407,8.959743864646901
932,2025-11-12 11:30:00.000,L_6vSQ==,PACKET_DATA,24.55,475.83,63.96,1.09,4.72,52.8,243.5,135.4,41.6,1290.44,96.3,54.4,60.4,1072.3,1632.7,1.0,90.0,85.66,11,7.509193465656811,85.66,135.66,2025-11-12,24.55,475.83,135.66,7.509193465656811,900.0,135.66,135.66,135.66,1.1094756244,25.317379018014837,6.105793006004945,21.618165697004493,2,7.133547409704299,9.728734413488697,182.65564292321923,31.613788894928838,21.618165697004493,6.749044963042638,25.317379018014837,6.105793006004945,33.21372956650464,28.47772968648808,9.833731859097933,33.8792315939407,8.959743864646901
933,2025-11-12 11:45:00.000,L_6vSQ==,PACKET_DATA,24.78,476.22,64.03,1.2,4.72,153.1,602.2,337.1,120.1,3750.22,282.7,159.5,177.1,3090.44,4900.7,1.0,90.0,252.66,11,13.965667271159866,252.66,302.66,2025-11-12,24.78,476.22,302.66,13.965667271159866,900.0,302.66,302.66,302.65999999999997,1.4317797848,55.617349221196456,15.185204766358938,45.28057298997088,2,14.014254891682697,9.746878263814422,182.65564292321923,33.722843174018024,45.28057298997088,13.531490539988443,55.617349221196456,15.185204766358938,33.21372962097256,28.47772968648808,9.836102149671017,33.8792315939407,8.959743864646901
934,2025-11-12 12:00:00.000,L_6vSQ==,PACKET_DATA,25.52,475.5,62.38,1.32,4.72,136.0,538.0,302.0,106.7,3322.78,250.0,141.0,156.9,2725.6,4348.44,1.0,90.0,223.86,12,13.17607280247977,223.86,273.86,2025-11-12,25.52,475.5,273.86,13.17607280247977,900.0,273.86,273.86,273.85999999999996,1.3882016966,50.821432915703674,13.955358228925919,41.6597935990662,2,13.212413614936091,9.732472819425487,182.65564292321923,31.455990035102072,41.6597935990662,12.364336503321105,50.821432915703674,13.955358228925919,33.21372967136625,28.47772968648808,9.83172441382466,33.8792315939407,8.959743864646901
935,2025-11-12 12:15:00.000,L_6vSQ==,PACKET_DATA,25.05,475.57,63.91,0.95,4.72,52.0,222.22,126.56,41.0,1293.12,95.89,53.89,60.22,1070.56,1644.0,1.0,90.0,82.4,12,7.308608684838788,82.4,132.4,2025-11-12,25.05,475.57,132.4,7.308608684838788,900.0,132.4,132.4,132.40000000000003,1.101080016,24.74161073825504,5.913870246085013,21.156873082689636,2,6.941822001845221,9.751288358278691,182.65564292321923,30.189333197897508,21.156873082689636,6.153308719177325,24.74161073825504,5.913870246085013,33.21372971799047,28.47772968648808,9.832150409431424,33.8792315939407,8.959743864646901
936,2025-11-12 12:30:00.000,L_6vSQ==,PACKET_DATA,24.54,476.91,65.91,1.05,4.72,75.78,313.67,177.78,59.78,1868.33,139.56,78.78,87.78,1556.33,2390.14,1.0,90.0,123.29,12,9.333516936543145,123.29,173.29000000000002,2025-11-12,24.54,476.91,173.29000000000002,9.333516936543145,900.0,173.29000000000002,173.29000000000002,173.28999999999996,1.2063856685999998,32.148059149722734,8.38268638324091,27.090753205330937,2,9.207642790247863,9.732711462236448,182.65564292321923,31.629582712115713,27.090753205330937,8.699791655612424,32.148059149722734,8.38268638324091,33.21372976112716,28.47772968648808,9.84028984435173,33.8792315939407,8.959743864646901
937,2025-11-12 12:45:00.000,L_6vSQ==,PACKET_DATA,25.04,476.71,64.9,1.24,4.72,135.9,538.78,302.3,106.9,3324.88,250.0,141.0,156.9,2742.4,4331.5,1.0,90.0,225.76,12,13.22279274492834,225.76,275.76,2025-11-12,25.04,476.71,275.76,13.22279274492834,900.0,275.76,275.76,275.76,1.3911092856,51.1295868304748,14.0323967076187,41.89124921989679,2,13.245988663131099,9.756207250521255,182.65564292321923,32.54290615726795,41.89124921989679,12.636847270894805,51.1295868304748,14.0323967076187,33.21372980103722,28.47772968648808,9.839076834270303,33.8792315939407,8.959743864646901
938,2025-11-12 13:00:00.000,L_6vSQ==,PACKET_DATA,25.79,478.0,62.79,1.37,4.72,159.0,631.3,353.0,125.0,3886.4,292.1,165.9,183.1,3169.9,5110.4,1.0,90.0,263.22,13,14.359930871319582,263.22,313.22,2025-11-12,25.79,478.0,313.22,14.359930871319582,900.0,313.22,313.22,313.22,1.4459753816,57.76465086014071,15.829395258042215,46.95793358976859,2,14.43781484082037,9.714642011445928,182.65564292321923,33.15872862452944,46.95793358976859,13.729437715795676,57.76465086014071,15.829395258042215,33.21372983796197,28.47772968648808,9.846889654634998,33.8792315939407,8.959743864646901
939,2025-11-12 13:15:00.000,L_6vSQ==,PACKET_DATA,25.45,476.64,63.74,0.99,4.72,60.0,253.3,144.0,47.9,1487.33,110.9,62.4,69.7,1229.0,1900.9,1.0,90.0,101.05,13,8.226346293334545,101.05,151.05,2025-11-12,25.45,476.64,151.05,8.226346293334545,900.0,151.05,151.05,151.05000000000004,1.149110107,28.037153419593356,7.012384473197785,23.797187862960183,2,7.936551707509782,9.742504769713072,182.65564292321923,31.588088772041637,23.797187862960183,7.523323247835262,28.037153419593356,7.012384473197785,33.21372987212474,28.47772968648808,9.838652155219826,33.8792315939407,8.959743864646901
940,2025-11-12 13:30:00.000,L_6vSQ==,PACKET_DATA,25.34,476.1,64.52,1.19,4.72,126.0,505.2,284.0,99.0,3081.22,231.1,131.0,145.1,2538.3,4005.0,1.0,90.0,206.43,13,12.608595200215095,206.43,256.43,2025-11-12,25.34,476.1,256.43,12.608595200215095,900.0,256.43,256.43,256.43,1.3615283933,47.99452621335604,13.24863155333901,39.53649282481502,2,12.642160904094423,9.74675883821934,182.65564292321923,33.48868834004011,39.53649282481502,12.310810773047896,47.99452621335604,13.24863155333901,33.21372990373211,28.47772968648808,9.835373216856624,33.8792315939407,8.959743864646901
941,2025-11-12 13:45:00.000,L_6vSQ==,PACKET_DATA,25.25,477.33,64.94,1.07,4.72,73.78,313.62,176.33,57.89,1817.25,134.78,75.89,84.89,1498.12,2320.88,1.0,90.0,117.97,13,9.0658036615055,117.97,167.97,2025-11-12,25.25,477.33,167.97,9.0658036615055,900.0,167.97,167.97,167.97000000000003,1.1926848598,31.164695009242152,8.05489833641405,26.302903941778226,2,8.914390233647737,9.755733814520738,182.65564292321923,31.121530730760043,26.302903941778226,8.254943393571109,31.164695009242152,8.05489833641405,33.213729932975234,28.47772968648808,9.842835201470631,33.8792315939407,8.959743864646901
942,2025-11-12 14:00:00.000,L_6vSQ==,PACKET_DATA,26.16,477.29,62.93,1.4,4.72,209.5,818.44,453.7,163.9,5102.38,384.9,218.4,241.1,4129.0,6781.3,1.0,90.0,346.43,14,16.30337442764559,346.43,396.43,2025-11-12,26.16,477.29,396.43,16.30337442764559,900.0,396.43,396.43,396.43000000000006,1.5578329204,74.5844485138752,20.875334554162563,60.096686603907465,2,16.52340672857073,9.654292088444961,182.65564292321923,33.60461845463268,60.096686603907465,15.430844703777794,74.5844485138752,20.875334554162563,33.21372996003095,28.47772968648808,9.842592926746715,33.8792315939407,8.959743864646901
943,2025-11-12 14:15:00.000,L_6vSQ==,PACKET_DATA,26.17,475.43,62.42,1.08,4.72,78.3,316.3,180.0,61.9,1930.62,144.4,81.9,90.7,1587.8,2502.0,1.0,90.0,127.95,14,9.414413003368962,127.95,177.95,2025-11-12,26.17,475.43,177.95,9.414413003368962,900.0,177.95,177.95,177.95,1.2183867529999999,33.009426987061,8.669808995687,27.780861770773733,2,9.370207094959461,9.64503067058156,182.65564292321923,32.62899179294514,27.780861770773733,9.34144584003384,33.009426987061,8.669808995687,33.2137299850629,28.47772968648808,9.83129849789253,33.8792315939407,8.959743864646901
944,2025-11-12 14:30:00.000,L_6vSQ==,PACKET_DATA,25.25,476.44,65.16,0.95,4.73,51.9,221.0,125.5,40.9,1293.89,95.8,53.9,60.4,1074.56,1643.67,1.0,90.0,82.32,14,7.287328039077574,82.32,132.32,2025-11-12,25.25,476.44,132.32,7.287328039077574,900.0,132.32,132.32,132.31999999999996,1.1008739887999999,24.727481455316138,5.909160485105379,21.145553018534663,2,6.921570607986951,9.751946957461431,182.65564292321923,31.13219353846043,21.145553018534663,6.3893837397999,24.727481455316138,5.909160485105379,33.213730008222434,28.47772968648808,9.837438327883016,33.8792315939407,8.959743864646901
945,2025-11-12 14:45:00.000,L_6vSQ==,PACKET_DATA,25.38,476.5,65.37,1.15,4.72,116.0,471.11,264.89,91.0,2835.33,212.0,120.0,133.11,2336.22,3668.78,1.0,90.0,188.27,14,11.975100777627231,188.27,238.27,2025-11-12,25.38,476.5,238.27,11.975100777627231,900.0,238.27,238.27,238.27,1.3337379637,44.63037096869521,12.289111290608563,36.938469042896585,2,12.043051866416363,9.74632378035121,182.65564292321923,32.95033145196834,36.938469042896585,11.67120425963208,44.63037096869521,12.289111290608563,33.213730029649625,28.47772968648808,9.837802569999822,33.8792315939407,8.959743864646901
946,2025-11-12 15:00:00.000,L_6vSQ==,PACKET_DATA,26.09,476.29,63.43,1.3,4.72,150.2,588.1,330.7,118.0,3761.33,276.0,160.33,177.67,3075.33,4958.56,1.0,90.0,238.89,15,13.636442868750454,238.89,288.89,2025-11-12,26.09,476.29,288.89,13.636442868750454,900.0,288.89,288.89,288.88999999999993,1.4112022559,53.25909256781412,14.56477314195353,43.49072937858399,2,13.689392665624759,9.662715310180584,182.65564292321923,33.891040824703595,43.49072937858399,13.215376102429651,53.25909256781412,14.56477314195353,33.21373004947405,28.47772968648808,9.836527513751765,33.8792315939407,8.959743864646901
947,2025-11-12 15:15:00.000,L_6vSQ==,PACKET_DATA,26.82,474.43,61.37,1.39,4.72,184.56,725.17,400.33,144.67,4511.38,339.78,192.67,212.78,3644.11,5995.0,1.0,90.0,307.68,15,15.416664328058188,307.68,357.68,2025-11-12,26.82,474.43,357.68,15.416664328058188,900.0,357.68,357.68,357.67999999999995,1.5057420704,66.7865695369569,18.53597086108707,54.00538824104472,2,15.487054786102965,9.496594646352143,182.65564292321923,34.557631926165136,54.00538824104472,14.558519431526552,66.7865695369569,18.53597086108707,33.2137300678156,28.47772968648808,9.825203636370674,33.8792315939407,8.959743864646901
948,2025-11-12 15:30:00.000,L_6vSQ==,PACKET_DATA,27.17,474.09,60.02,1.37,4.72,156.6,607.8,342.4,122.8,3823.4,288.3,163.6,180.4,3100.7,5086.11,1.0,90.0,255.98,15,14.000715505601946,255.98,305.98,2025-11-12,27.17,474.09,305.98,14.000715505601946,900.0,305.98,305.98,305.98,1.4362427944,56.29244784253121,15.387734352759363,45.80792499672546,2,14.01045232850848,9.401997785005152,182.65564292321923,32.14425447699741,45.80792499672546,13.36747455714551,56.29244784253121,15.387734352759363,33.21373008478518,28.47772968648808,9.823127799345972,33.8792315939407,8.959743864646901
949,2025-11-12 15:45:00.000,L_6vSQ==,PACKET_DATA,26.52,474.33,61.97,1.05,4.72,70.9,290.78,165.78,55.9,1744.0,129.9,73.9,81.8,1432.7,2254.56,1.0,90.0,113.68,15,8.674350504286163,113.68,163.68,2025-11-12,26.52,474.33,163.68,8.674350504286163,900.0,163.68,163.68,163.67999999999995,1.1816366511999998,30.371719038816998,7.790573012938999,25.66758940406371,2,8.462801433484682,9.568615454111974,182.65564292321923,30.742561052624733,25.66758940406371,7.91744329790493,30.371719038816998,7.790573012938999,33.21373010048544,28.47772968648808,9.824593296244851,33.8792315939407,8.959743864646901
950,2025-11-12 16:00:00.000,L_6vSQ==,PACKET_DATA,26.51,475.25,62.35,1.24,4.72,164.0,644.44,360.6,128.9,4011.5,301.9,170.9,189.1,3268.6,5292.6,1.0,90.0,272.2,16,14.555004481472873,272.2,322.2,2025-11-12,26.51,475.25,322.2,14.555004481472873,900.0,322.2,322.2,322.20000000000005,1.458047016,59.59067062507626,16.37720118752288,48.384325463460186,2,14.604400766618294,9.574520475391221,182.65564292321923,32.92955724822313,48.384325463460186,13.870361906274937,59.59067062507626,16.37720118752288,33.21373011501131,28.47772968648808,9.830202635329021,33.8792315939407,8.959743864646901
951,2025-11-12 16:15:00.000,L_6vSQ==,PACKET_DATA,27.37,472.6,59.63,1.46,4.72,197.8,771.2,430.0,154.4,4808.78,362.9,206.1,227.0,3866.0,6427.7,1.0,90.0,322.1,16,15.658925863097366,322.1,372.1,2025-11-12,27.37,472.6,372.1,15.658925863097366,900.0,372.1,372.1,372.1,1.525126588,69.68838669430302,19.406516008290907,56.27213720601197,2,15.714154653139946,9.340281549595012,182.65564292321923,34.025541001114824,56.27213720601197,14.868821851171479,69.68838669430302,19.406516008290907,33.213730128450635,28.47772968648808,9.814009440246,33.8792315939407,8.959743864646901
952,2025-11-12 16:30:00.000,L_6vSQ==,PACKET_DATA,27.29,473.29,59.58,1.22,4.72,121.0,482.7,272.6,95.0,2954.44,221.9,126.0,138.9,2398.5,3889.1,1.0,90.0,196.45,16,12.014630785318095,196.45,246.45,2025-11-12,27.29,473.29,246.45,12.014630785318095,900.0,246.45,246.45,246.45000000000005,1.3462558995,46.24190783900393,12.772572351701179,38.1973180105275,2,12.004427435739263,9.365483058850577,182.65564292321923,32.324639305280414,38.1973180105275,11.699958726144605,46.24190783900393,12.772572351701179,33.21373014088469,28.47772968648808,9.818236351088814,33.8792315939407,8.959743864646901
953,2025-11-12 16:45:00.000,L_6vSQ==,PACKET_DATA,27.72,473.0,58.29,1.43,4.72,228.1,896.5,496.33,177.9,5542.0,418.0,238.3,261.2,4422.8,7438.2,1.0,90.0,371.62,16,16.621606188959465,371.62,421.62,2025-11-12,27.72,473.0,421.62,16.621606188959465,900.0,421.62,421.62,421.61999999999995,1.5849695678,79.49885218473989,22.799540873895953,64.2058921537843,2,16.688676118631776,9.242920908560203,182.65564292321923,34.88824873659478,64.2058921537843,15.39181287885196,79.49885218473989,22.799540873895953,33.21373015238868,28.47772968648808,9.81646073235735,33.8792315939407,8.959743864646901
954,2025-11-12 17:00:00.000,L_6vSQ==,PACKET_DATA,28.58,471.8,60.08,1.5,4.72,225.89,895.38,494.56,176.0,5487.38,412.89,235.89,257.89,4338.62,7406.12,1.0,90.0,365.91,17,16.307385875209583,365.91,415.91,2025-11-12,28.58,471.8,415.91,16.307385875209583,900.0,415.91,415.91,415.91000000000014,1.5790700529000001,78.38800046690793,22.35520018676317,63.271403234194885,2,16.32071129286802,9.016861844489869,182.65564292321923,36.04024986651513,63.271403234194885,14.719174096137126,78.38800046690793,22.35520018676317,33.21373016303215,28.47772968648808,9.80909945264943,33.8792315939407,8.959743864646901
955,2025-11-12 17:15:00.000,L_6vSQ==,PACKET_DATA,27.8,471.57,62.68,1.14,4.72,94.9,385.0,218.4,74.8,2323.62,173.7,98.9,108.8,1883.6,3041.0,1.0,90.0,153.93,17,10.199468316371394,153.93,203.93,2025-11-12,27.8,471.57,203.93,10.199468316371394,900.0,203.93,203.93,203.92999999999998,1.2811871182999999,37.86506826375618,10.259520479126854,31.653765675115945,2,10.36977537719912,9.214812138233727,182.65564292321923,32.84721100906105,31.653765675115945,10.60858714579255,37.86506826375618,10.259520479126854,33.213730172879494,28.47772968648808,9.807686000890147,33.8792315939407,8.959743864646901
956,2025-11-12 17:30:00.000,L_6vSQ==,PACKET_DATA,27.31,471.4,64.34,1.28,4.72,156.9,613.33,344.5,122.9,3829.44,288.0,163.6,180.6,3105.62,5070.1,1.0,90.0,255.67,17,13.9417385359241,255.67,305.67,2025-11-12,27.31,471.4,305.67,13.9417385359241,900.0,305.67,305.67,305.6700000000001,1.4358260676,56.22941152547888,15.368823457643664,45.758684297299595,2,13.938343416571874,9.352406949688138,182.65564292321923,34.968271693917515,45.758684297299595,13.510208800329618,56.22941152547888,15.368823457643664,33.21373018199024,28.47772968648808,9.806640752434848,33.8792315939407,8.959743864646901
957,2025-11-12 17:45:00.000,L_6vSQ==,PACKET_DATA,26.76,471.5,65.83,1.01,4.72,66.0,286.2,161.3,52.0,1633.11,120.9,68.9,76.0,1333.7,2091.7,1.0,90.0,104.86,17,8.183461560181893,104.86,154.86,2025-11-12,26.76,471.5,154.86,8.183461560181893,900.0,154.86,154.86,154.86,1.1589221524,28.741404805914975,7.2471349353049925,24.361418256594735,2,7.89008213394037,9.500115820178351,182.65564292321923,32.31904831341856,24.361418256594735,8.027483888223818,28.741404805914975,7.2471349353049925,33.21373019041951,28.47772968648808,9.807255664379891,33.8792315939407,8.959743864646901
958,2025-11-12 18:00:00.000,L_6vSQ==,PACKET_DATA,27.17,472.92,65.17,1.28,4.72,206.0,802.2,446.1,161.0,5007.56,377.5,214.6,236.3,4038.9,6681.2,1.0,90.0,337.89,18,16.035601467377738,337.89,387.89,2025-11-12,27.17,472.92,387.89,16.035601467377738,900.0,387.89,387.89,387.89000000000004,1.5463527692,72.86589660515567,20.3597689815467,58.75424304213075,2,16.151414033056167,9.397398974317703,182.65564292321923,34.76807135116077,58.75424304213075,14.995567545755572,72.86589660515567,20.3597689815467,33.213730198218265,28.47772968648808,9.815970694826756,33.8792315939407,8.959743864646901
959,2025-11-12 18:15:00.000,L_6vSQ==,PACKET_DATA,26.84,471.92,65.63,0.94,4.72,52.9,224.33,127.3,41.9,1301.67,96.6,54.9,60.8,1066.0,1668.5,1.0,90.0,85.82,18,7.191921891459484,85.82,135.82,2025-11-12,26.84,471.92,135.82,7.191921891459484,900.0,135.82,135.82,135.81999999999996,1.1098876787999998,25.34563758389261,6.115212527964204,21.640805825314416,2,6.800379538186386,9.481558690808509,182.65564292321923,32.5221619431853,21.640805825314416,7.20535197643614,25.34563758389261,6.115212527964204,33.21373020543366,28.47772968648808,9.809836602410998,33.8792315939407,8.959743864646901
960,2025-11-12 18:30:00.000,L_6vSQ==,PACKET_DATA,26.2,473.58,68.04,1.05,4.73,90.0,378.22,212.67,71.0,2217.22,164.89,93.89,103.89,1822.43,2854.12,1.0,90.0,146.56,18,10.231514811312682,146.56,196.56,2025-11-12,26.2,473.58,196.56,10.231514811312682,900.0,196.56,196.56,196.56,1.2663138304,36.44935304990758,9.81645101663586,30.53685327353992,2,10.444609267737162,9.632018311695893,182.65564292321923,34.140234378593846,30.53685327353992,10.811959960017584,36.44935304990758,9.81645101663586,33.21373021210935,28.47772968648808,9.820010695664637,33.8792315939407,8.959743864646901
961,2025-11-12 18:45:00.000,L_6vSQ==,PACKET_DATA,27.06,473.83,65.88,1.31,4.72,204.2,859.75,475.12,169.67,5282.12,397.44,226.22,234.5,4238.22,7042.78,1.0,90.0,392.58,18,17.082986147189075,392.58,442.58,2025-11-12,27.06,473.83,442.58,17.082986147189075,900.0,442.58,442.58,442.5799999999999,1.6066252302,83.57651453250845,24.43060581300338,67.63617021938762,2,17.193897023365007,9.43105476894371,182.65564292321923,35.347297572707014,67.63617021938762,15.412967474872863,83.57651453250845,24.43060581300338,33.21373021828569,28.47772968648808,9.821539225595325,33.8792315939407,8.959743864646901
962,2025-11-12 19:00:00.000,L_6vSQ==,PACKET_DATA,27.19,473.67,64.3,1.14,4.72,68.67,338.11,185.0,53.44,1636.43,121.78,70.11,76.89,1328.33,2109.67,1.0,90.0,107.82,19,8.239415278771483,107.82,157.82,2025-11-12,27.19,473.67,157.82,8.239415278771483,900.0,157.82,157.82,157.82000000000002,1.1665451588,29.28853974121997,7.429513247073323,24.799770478421063,2,7.949312775763668,9.394823572164526,182.65564292321923,33.08303416874324,24.799770478421063,8.569803189413191,29.28853974121997,7.429513247073323,33.21373022400003,28.47772968648808,9.820561083103842,33.8792315939407,8.959743864646901
963,2025-11-12 19:15:00.000,L_6vSQ==,PACKET_DATA,26.7,474.5,65.66,1.28,4.72,141.78,550.11,311.0,111.0,3461.88,261.0,148.0,163.33,2838.67,4562.44,1.0,90.0,229.35,19,13.262492666266777,229.35,279.35,2025-11-12,26.7,474.5,279.35,13.262492666266777,900.0,279.35,279.35,279.34999999999997,1.3966030985,51.71183554312127,14.177958885780317,42.328578524518804,2,13.272061424917037,9.526845811652562,182.65564292321923,35.087709789656024,42.328578524518804,12.981880311261849,51.71183554312127,14.177958885780317,33.213730229286945,28.47772968648808,9.825630861434771,33.8792315939407,8.959743864646901
964,2025-11-12 19:30:00.000,L_6vSQ==,PACKET_DATA,26.36,476.5,65.34,0.98,4.72,60.78,258.25,146.75,47.89,1491.75,110.78,62.89,69.89,1225.62,1907.14,1.0,90.0,96.96,19,7.880964656842571,96.96,146.95999999999998,2025-11-12,26.36,476.5,146.95999999999998,7.880964656842571,900.0,146.95999999999998,146.95999999999998,146.95999999999995,1.1385769663999998,27.31314023313316,6.7710467443777205,23.217124758893412,2,7.548046269185241,9.612029018058102,182.65564292321923,32.587393587381975,23.217124758893412,7.793322512998928,27.31314023313316,6.7710467443777205,33.21373023417839,28.47772968648808,9.837802659193606,33.8792315939407,8.959743864646901
965,2025-11-12 19:45:00.000,L_6vSQ==,PACKET_DATA,26.18,476.3,65.6,1.2,4.72,108.0,450.6,253.0,85.0,2649.0,198.0,112.0,124.1,2170.0,3424.2,1.0,90.0,176.49,19,11.473911961595526,176.49,226.49,2025-11-12,26.18,476.3,226.49,11.473911961595526,900.0,226.49,226.49,226.48999999999998,1.3157109119,42.30960026793278,11.592880080379834,35.1256034146946,2,11.58213979135525,9.646672270876374,182.65564292321923,34.35204040563113,35.1256034146946,11.716574857793978,42.30960026793278,11.592880080379834,33.21373023870395,28.47772968648808,9.836588329524036,33.8792315939407,8.959743864646901
966,2025-11-12 20:00:00.000,L_6vSQ==,PACKET_DATA,26.24,475.27,65.01,1.16,4.72,94.2,387.78,218.8,74.0,2317.7,173.0,97.9,108.9,1904.89,3001.22,1.0,90.0,151.93,20,10.463069853096156,151.93,201.93,2025-11-12,26.24,475.27,201.93,10.463069853096156,900.0,201.93,201.93,201.92999999999995,1.2781264982999998,37.471049469059665,10.1413148407179,31.345978641465347,2,10.71468197761274,9.631219797331106,182.65564292321923,32.15882556573325,31.345978641465347,10.328953881719707,37.471049469059665,10.1413148407179,33.213730242891,28.47772968648808,9.830324485116968,33.8792315939407,8.959743864646901
967,2025-11-12 20:15:00.000,L_6vSQ==,PACKET_DATA,26.08,473.8,64.86,1.06,4.72,76.0,323.0,182.6,60.0,1874.7,139.6,79.0,87.8,1540.5,2400.4,1.0,90.0,123.33,20,9.208308996596273,123.33,173.32999999999998,2025-11-12,26.08,473.8,173.32999999999998,9.208308996596273,900.0,173.32999999999998,173.32999999999998,173.32999999999998,1.2064886821999998,32.155452865064696,8.385150955021565,27.096676884004268,2,9.112132203996687,9.654365363156513,182.65564292321923,31.10408138571224,27.096676884004268,8.522107325119846,32.155452865064696,8.385150955021565,33.213730246764854,28.47772968648808,9.821355866288568,33.8792315939407,8.959743864646901
968,2025-11-12 20:30:00.000,L_6vSQ==,PACKET_DATA,26.23,474.0,63.98,1.27,4.72,131.0,547.7,305.1,103.0,3206.0,239.6,136.0,150.2,2606.9,4160.6,1.0,90.0,215.21,20,12.851411015701292,215.21,265.21000000000004,2025-11-12,26.23,474.0,265.21000000000004,12.851411015701292,900.0,265.21000000000004,265.21000000000004,265.21000000000004,1.3749645151,49.41852167214046,13.604630418035114,40.606061430547975,2,12.875008901169757,9.628039356725411,182.65564292321923,33.044549528954505,40.606061430547975,12.425353526356064,49.41852167214046,13.604630418035114,33.213730250348945,28.47772968648808,9.822578080124783,33.8792315939407,8.959743864646901
969,2025-11-12 20:45:00.000,L_6vSQ==,PACKET_DATA,26.68,474.78,61.89,1.29,4.72,137.9,553.0,311.0,108.0,3366.3,252.8,143.0,158.1,2737.56,4418.56,1.0,90.0,223.41,20,13.074600628186325,223.41,273.41,2025-11-12,26.68,474.78,273.41,13.074600628186325,900.0,273.41,273.41,273.41,1.3875130571,50.74844909378422,13.937112273446054,41.60497516255369,2,13.080605185155791,9.532822262825464,182.65564292321923,33.9902063442634,41.60497516255369,12.824785099649251,50.74844909378422,13.937112273446054,33.21373025366494,28.47772968648808,9.827338721351847,33.8792315939407,8.959743864646901
970,2025-11-12 21:00:00.000,L_6vSQ==,PACKET_DATA,26.89,476.0,60.35,1.31,4.72,139.9,554.9,313.0,109.9,3416.0,256.9,145.6,161.0,2776.0,4498.2,1.0,90.0,229.06,21,13.235527721660286,229.06,279.06,2025-11-12,26.89,476.0,279.06,13.235527721660286,900.0,279.06,279.06,279.05999999999995,1.3961593086,51.66480152455094,14.166200381137735,42.29325108765519,2,13.235190713572067,9.484709848685382,182.65564292321923,34.60115294448744,42.29325108765519,13.014204676667202,51.66480152455094,14.166200381137735,33.2137302567329,28.47772968648808,9.834765649603394,33.8792315939407,8.959743864646901
971,2025-11-12 21:15:00.000,L_6vSQ==,PACKET_DATA,27.09,475.5,58.38,1.32,4.72,150.0,615.7,343.0,118.0,3667.5,274.9,156.0,172.1,2956.0,4817.7,1.0,90.0,248.25,21,13.797278391746518,248.25,298.25,2025-11-12,27.09,475.5,298.25,13.797278391746518,900.0,298.25,298.25,298.25000000000006,1.4255259575,54.77715606373921,14.944289015934803,44.63095285804419,2,13.817152959904234,9.429440175654426,182.65564292321923,35.068513098192184,44.63095285804419,13.400303389661424,54.77715606373921,14.944289015934803,33.21373025957138,28.47772968648808,9.831724670243059,33.8792315939407,8.959743864646901
972,2025-11-12 21:30:00.000,L_6vSQ==,PACKET_DATA,27.05,476.78,57.37,1.28,4.72,127.0,520.0,291.5,99.8,3101.4,232.0,132.0,145.5,2511.1,4057.0,1.0,90.0,207.3,21,12.477359881465109,207.3,257.3,2025-11-12,27.05,476.78,257.3,12.477359881465109,900.0,257.3,257.3,257.29999999999995,1.362859763,48.13562826906701,13.283907067266753,39.64247513540586,2,12.466985991953226,9.445262318438683,182.65564292321923,32.458393344103726,39.64247513540586,12.086848097025129,48.13562826906701,13.283907067266753,33.21373026219753,28.47772968648808,9.839501667471538,33.8792315939407,8.959743864646901
973,2025-11-12 21:45:00.000,L_6vSQ==,PACKET_DATA,27.43,478.31,55.19,1.41,4.72,192.4,777.4,431.0,150.2,4686.33,352.1,200.0,220.1,3746.9,6220.4,1.0,90.0,312.51,21,15.491873669729522,312.51,362.51,2025-11-12,27.43,478.31,362.51,15.491873669729522,900.0,362.51,362.51,362.50999999999993,1.5122349428,67.75853741975729,18.827561225927187,54.76463910795121,2,15.528814130148724,9.345604539427265,182.65564292321923,34.80617964484472,54.76463910795121,14.642485782381637,67.75853741975729,18.827561225927187,33.213730264627245,28.47772968648808,9.848763366103714,33.8792315939407,8.959743864646901
974,2025-11-12 22:00:00.000,L_6vSQ==,PACKET_DATA,26.85,479.79,55.45,0.97,4.72,57.0,257.5,145.0,45.0,1413.44,104.0,59.0,65.7,1145.0,1796.9,1.0,90.0,90.66,22,7.461959543643768,90.66,140.66,2025-11-12,26.85,479.79,140.66,7.461959543643768,900.0,140.66,140.66,140.66000000000003,1.1223523244,26.20045920169552,6.40015306723184,22.32566970668986,2,7.076143342869387,9.509689991100963,182.65564292321923,32.20467463792715,22.32566970668986,7.291885082227001,26.20045920169552,6.40015306723184,33.21373026687522,28.47772968648808,9.857686599448382,33.8792315939407,8.959743864646901
975,2025-11-12 22:15:00.000,L_6vSQ==,PACKET_DATA,25.85,480.5,57.63,0.94,4.73,52.0,227.78,128.89,41.0,1280.78,95.0,54.0,60.0,1053.67,1618.44,1.0,90.0,82.66,22,7.235106134375862,82.66,132.66,2025-11-12,25.85,480.5,132.66,7.235106134375862,900.0,132.66,132.66,132.66,1.1017496044,24.787530907806428,5.929176969268809,21.19366329119327,2,6.859863686079719,9.716771431532658,182.65564292321923,30.791126856665674,21.19366329119327,6.30408712448806,24.787530907806428,5.929176969268809,33.21373026895505,28.47772968648808,9.861954751067367,33.8792315939407,8.959743864646901
976,2025-11-12 22:30:00.000,L_6vSQ==,PACKET_DATA,25.77,482.29,58.2,1.08,4.72,87.1,370.1,208.2,68.9,2239.67,159.8,90.0,100.5,1837.33,2867.67,1.0,90.0,137.12,22,9.912089604116732,137.12,187.12,2025-11-12,25.77,482.29,187.12,9.912089604116732,900.0,187.12,187.12,187.12,1.2420026208,34.70443622920518,9.234812076401727,29.13886510663435,2,9.99577013881657,9.73438501811603,182.65564292321923,32.337061416009035,29.13886510663435,9.721846153225876,34.70443622920518,9.234812076401727,33.213730270879296,28.47772968648808,9.872678775720242,33.8792315939407,8.959743864646901
977,2025-11-12 22:45:00.000,L_6vSQ==,PACKET_DATA,25.74,482.46,58.0,1.07,4.72,73.1,319.56,179.67,57.9,1802.86,133.7,75.9,83.9,1476.0,2291.5,1.0,90.0,119.63,22,9.11310997075899,119.63,169.63,2025-11-12,25.74,482.46,169.63,9.11310997075899,900.0,169.63,169.63,169.63000000000002,1.1969599242,31.47153419593346,8.157178065311154,26.548736606721366,2,8.979290245189599,9.73873725063368,182.65564292321923,30.42367479644548,26.548736606721366,8.216832429995856,31.47153419593346,8.157178065311154,33.21373027265961,28.47772968648808,9.873694524920761,33.8792315939407,8.959743864646901
978,2025-11-12 23:00:00.000,L_6vSQ==,PACKET_DATA,26.73,482.5,55.76,1.5,4.72,223.5,896.11,494.2,174.3,5432.12,409.4,232.6,255.56,4356.9,7219.4,1.0,90.0,365.16,23,16.7333165198469,365.16,415.16,2025-11-12,26.73,482.5,415.16,16.7333165198469,900.0,415.16,415.16,415.15999999999997,1.5782951604,78.24209174740282,22.296836698961126,63.148659505702376,2,16.91061374946029,9.550340699349679,182.65564292321923,32.96747947177478,63.148659505702376,15.852157593410508,78.24209174740282,22.296836698961126,33.213730274306755,28.47772968648808,9.87393345606013,33.8792315939407,8.959743864646901
979,2025-11-12 23:15:00.000,L_6vSQ==,PACKET_DATA,27.36,480.56,53.16,1.35,4.72,134.9,545.78,306.6,106.0,3302.25,247.8,140.8,154.9,2662.44,4351.5,1.0,90.0,220.04,23,12.880713337669125,220.04,270.04,2025-11-12,27.36,480.56,270.04,12.880713337669125,900.0,270.04,270.04,270.04,1.3823559124,50.20188136074282,13.800470340185704,41.19444598244891,2,12.850767150026089,9.373947292763146,182.65564292321923,32.81940548932134,41.19444598244891,12.578057684665048,50.20188136074282,13.800470340185704,33.2137302758307,28.47772968648808,9.862315067094805,33.8792315939407,8.959743864646901
980,2025-11-12 23:30:00.000,L_6vSQ==,PACKET_DATA,26.64,482.09,54.65,1.14,4.72,81.0,349.7,197.0,64.0,1997.0,148.2,84.0,93.0,1624.2,2563.1,1.0,90.0,131.66,23,9.52591007455953,131.66,181.66,2025-11-12,26.64,482.09,181.66,9.52591007455953,900.0,181.66,181.66,181.65999999999997,1.2279412643999998,33.69519408502772,8.898398028342575,28.330282967724973,2,9.511798874012273,9.570750054103577,182.65564292321923,31.285248315584752,28.330282967724973,9.061851334305672,33.69519408502772,8.898398028342575,33.21373027724064,28.47772968648808,9.871483171156138,33.8792315939407,8.959743864646901
981,2025-11-12 23:45:00.000,L_6vSQ==,PACKET_DATA,26.88,483.17,54.09,1.42,4.72,190.0,740.44,413.9,148.9,4633.71,350.0,198.3,218.6,3740.78,6159.3,1.0,90.0,313.26,23,15.637809281425245,313.26,363.26,2025-11-12,26.88,483.17,363.26,15.637809281425245,900.0,363.26,363.26,363.26000000000005,1.5132431528,67.90946410963315,18.872839232889945,54.88253520529696,2,15.727619938951984,9.51473106877028,182.65564292321923,33.63602624566975,54.88253520529696,14.886007391079296,67.90946410963315,18.872839232889945,33.21373027854513,28.47772968648808,9.877931616123181,33.8792315939407,8.959743864646901
982,2025-11-13 00:00:00.000,L_6vSQ==,PACKET_DATA,26.86,481.64,53.6,1.2,4.72,89.0,380.9,213.9,70.0,2189.56,162.9,92.1,102.0,1774.1,2825.5,1.0,90.0,143.49,0,10.012720120164891,143.49,193.49,2025-11-13,26.86,481.64,193.49,10.012720120164891,900.0,193.49,193.49,193.49000000000007,1.2584075366,35.88188539741221,9.627295132470739,30.082210935361953,2,10.15766429369435,9.514147703568433,182.65564292321923,32.21405665049388,30.082210935361953,9.998419621811575,35.88188539741221,9.627295132470739,33.213730279752035,28.47772968648808,9.868790651713788,33.8792315939407,8.959743864646901
983,2025-11-13 00:15:00.000,L_6vSQ==,PACKET_DATA,27.53,482.22,52.19,1.55,4.72,239.11,955.44,526.11,186.11,5802.78,437.22,249.11,273.22,4611.11,7767.22,1.0,90.0,388.26,0,17.078014071487125,388.26,438.26,2025-11-13,27.53,482.22,438.26,17.078014071487125,900.0,438.26,438.26,438.26000000000005,1.6021618494,82.73608030815923,24.09443212326369,66.92916634327094,2,17.160302020496236,9.332255958182644,182.65564292321923,34.82868019010414,66.92916634327094,15.744162323619596,82.73608030815923,24.09443212326369,33.21373028086867,28.47772968648808,9.872260392393759,33.8792315939407,8.959743864646901
984,2025-11-13 00:30:00.000,L_6vSQ==,PACKET_DATA,27.83,482.0,50.63,1.38,4.72,141.0,574.7,321.9,110.8,3440.56,257.9,147.0,161.0,2757.5,4545.0,1.0,90.0,230.18,0,13.122284190405122,230.18,280.18,2025-11-13,27.83,482.0,280.18,13.122284190405122,900.0,280.18,280.18,280.18,1.3978732558,51.84645014799497,14.211612536998743,42.429688085197434,2,13.073663694618638,9.247299661683508,182.65564292321923,33.041499672204125,42.429688085197434,12.922816443469342,51.84645014799497,14.211612536998743,33.213730281901775,28.47772968648808,9.870944935220692,33.8792315939407,8.959743864646901
985,2025-11-13 00:45:00.000,L_6vSQ==,PACKET_DATA,26.98,482.82,52.28,1.18,4.72,94.4,391.8,225.1,86.2,2248.56,172.8,117.7,135.8,1829.33,2913.11,1.0,90.0,246.89,0,13.835617627473404,246.89,296.89,2025-11-13,26.98,482.82,296.89,13.835617627473404,900.0,296.89,296.89,296.89,1.4234447359,54.556582735271455,14.889145683817864,44.4652793610286,2,13.868578515820545,9.487085513198176,182.65564292321923,35.12582162680439,44.4652793610286,13.44254689478512,54.556582735271455,14.889145683817864,33.213730282857604,28.47772968648808,9.875843952986765,33.8792315939407,8.959743864646901
986,2025-11-13 01:00:00.000,L_6vSQ==,PACKET_DATA,25.8,485.17,54.84,0.37,4.71,2.78,10.11,10.44,15.89,72.11,5.44,25.44,34.56,40.78,26.11,0.33,90.0,105.36,1,8.421858094699433,105.36,155.36,2025-11-13,25.8,485.17,155.36,8.421858094699433,900.0,155.36,155.36,155.36,1.1602098224,28.83382624768947,7.277942082563156,24.435464240011346,2,8.153334575125639,9.741891688599676,182.65564292321923,32.52360308067718,24.435464240011346,8.206289203456032,28.83382624768947,7.277942082563156,33.21373028374193,28.47772968648808,9.889822104155977,33.8792315939407,8.959743864646901
987,2025-11-13 01:15:00.000,L_6vSQ==,PACKET_DATA,24.62,487.83,58.07,-0.0,4.66,0.0,0.0,0.0,0.0,0.0,0.0,0.0,0.0,0.0,0.0,0.0,90.0,0.0,1,-0.9492062956762748,0.0,0.0,2025-11-13,24.62,487.83,0.0,-0.9492062956762748,900.0,0.0,0.0,0.0,0.0,19.0,4.0,16.55682351251732,2,0.0,9.787437548081746,182.65564292321923,31.272163952717328,16.55682351251732,0.0,19.0,4.0,33.213730284560114,28.47772968648808,9.905532486756126,33.8792315939407,8.959743864646901
988,2025-11-13 01:30:00.000,L_6vSQ==,PACKET_DATA,24.12,489.17,59.58,-0.0,4.6,0.0,0.0,0.0,0.0,0.0,0.0,0.0,0.0,0.0,0.0,0.0,90.0,0.0,1,-0.8898400583321635,0.0,0.0,2025-11-13,24.12,489.17,0.0,-0.8898400583321635,900.0,0.0,0.0,0.0,0.0,19.0,4.0,16.55682351251732,2,0.0,9.735407614318948,182.65564292321923,30.5627566099675,16.55682351251732,0.0,19.0,4.0,33.2137302853171,28.47772968648808,9.913401249333779,33.8792315939407,8.959743864646901
989,2025-11-13 01:45:00.000,L_6vSQ==,PACKET_DATA,23.79,491.4,60.7,-0.0,4.56,0.0,0.0,0.0,0.0,0.0,0.0,0.0,0.0,0.0,0.0,0.0,90.0,0.0,1,-0.8598108908794391,0.0,0.0,2025-11-13,23.79,491.4,0.0,-0.8598108908794391,900.0,0.0,0.0,0.0,0.0,19.0,4.0,16.55682351251732,2,0.0,9.686657642454986,182.65564292321923,30.08167681741242,16.55682351251732,0.0,19.0,4.0,33.21373028601746,28.47772968648808,9.926427885108177,33.8792315939407,8.959743864646901
990,2025-11-13 02:00:00.000,L_6vSQ==,PACKET_DATA,23.62,496.83,61.95,-0.0,4.5,0.0,0.0,0.0,0.0,0.0,0.0,0.0,0.0,0.0,0.0,0.0,90.0,0.0,2,-0.8528853535213567,0.0,0.0,2025-11-13,23.62,496.83,0.0,-0.8528853535213567,900.0,0.0,0.0,0.0,0.0,19.0,4.0,16.55682351251732,2,0.0,9.67577278415462,182.65564292321923,29.706297842130912,16.55682351251732,0.0,19.0,4.0,33.21373028666543,28.47772968648808,9.95778383775715,33.8792315939407,8.959743864646901
991,2025-11-13 02:15:00.000,L_6vSQ==,PACKET_DATA,23.42,498.62,62.98,-0.0,4.46,0.0,0.0,0.0,0.0,0.0,0.0,0.0,0.0,0.0,0.0,0.0,90.0,0.0,2,-0.8398037885429002,0.0,0.0,2025-11-13,23.42,498.62,0.0,-0.8398037885429002,900.0,0.0,0.0,0.0,0.0,19.0,4.0,16.55682351251732,2,0.0,9.638308790720629,182.65564292321923,29.38782587958796,16.55682351251732,0.0,19.0,4.0,33.21373028726494,28.47772968648808,9.968005294237406,33.8792315939407,8.959743864646901
992,2025-11-13 02:30:00.000,L_6vSQ==,PACKET_DATA,23.3,499.29,63.77,-0.0,4.41,0.0,0.0,0.0,0.0,0.0,0.0,0.0,0.0,0.0,0.0,0.0,90.0,0.0,2,-0.832319618984716,0.0,0.0,2025-11-13,23.3,499.29,0.0,-0.832319618984716,900.0,0.0,0.0,0.0,0.0,19.0,4.0,16.55682351251732,2,0.0,9.61223611226787,182.65564292321923,29.106070065924648,16.55682351251732,0.0,19.0,4.0,33.2137302878196,28.47772968648808,9.971816312049892,33.8792315939407,8.959743864646901
993,2025-11-13 02:45:00.000,L_6vSQ==,PACKET_DATA,23.09,500.0,64.39,-0.0,4.37,0.0,0.0,0.0,0.0,0.0,0.0,0.0,0.0,0.0,0.0,0.0,90.0,0.0,2,-0.8201900742028094,0.0,0.0,2025-11-13,23.09,500.0,0.0,-0.8201900742028094,900.0,0.0,0.0,0.0,0.0,19.0,4.0,16.55682351251732,2,0.0,9.561844124658645,182.65564292321923,28.85198762258422,16.55682351251732,0.0,19.0,4.0,33.21373028833277,28.47772968648808,9.975845948643709,33.8792315939407,8.959743864646901
994,2025-11-13 03:00:00.000,L_6vSQ==,PACKET_DATA,23.0,501.23,65.17,-0.0,4.33,0.0,0.0,0.0,0.0,0.0,0.0,0.0,0.0,0.0,0.0,0.0,90.0,0.0,3,-0.8169435468932633,0.0,0.0,2025-11-13,23.0,501.23,0.0,-0.8169435468932633,900.0,0.0,0.0,0.0,0.0,19.0,4.0,16.55682351251732,2,0.0,9.543764770805575,182.65564292321923,28.620942058186902,16.55682351251732,0.0,19.0,4.0,33.213730288807554,28.47772968648808,9.982805076135442,33.8792315939407,8.959743864646901
995,2025-11-13 03:15:00.000,L_6vSQ==,PACKET_DATA,22.92,503.25,65.59,-0.0,4.28,0.0,0.0,0.0,0.0,0.0,0.0,0.0,0.0,0.0,0.0,0.0,90.0,0.0,3,-0.8156683186387994,0.0,0.0,2025-11-13,22.92,503.25,0.0,-0.8156683186387994,900.0,0.0,0.0,0.0,0.0,19.0,4.0,16.55682351251732,2,0.0,9.531749989235223,182.65564292321923,28.41009395732066,16.55682351251732,0.0,19.0,4.0,33.21373028924683,28.47772968648808,9.994173489732074,33.8792315939407,8.959743864646901
996,2025-11-13 03:30:00.000,L_6vSQ==,PACKET_DATA,22.81,505.0,66.0,-0.0,4.24,0.0,0.0,0.0,0.0,0.0,0.0,0.0,0.0,0.0,0.0,0.0,90.0,0.0,3,-0.812859859809496,0.0,0.0,2025-11-13,22.81,505.0,0.0,-0.812859859809496,900.0,0.0,0.0,0.0,0.0,19.0,4.0,16.55682351251732,2,0.0,9.51005263681072,182.65564292321923,28.21738637083389,16.55682351251732,0.0,19.0,4.0,33.21373028965324,28.47772968648808,10.003961104512635,33.8792315939407,8.959743864646901
997,2025-11-13 03:45:00.000,L_6vSQ==,PACKET_DATA,22.7,505.5,66.41,-0.0,4.19,0.0,0.0,0.0,0.0,0.0,0.0,0.0,0.0,0.0,0.0,0.0,90.0,0.0,3,-0.8087714714164669,0.0,0.0,2025-11-13,22.7,505.5,0.0,-0.8087714714164669,900.0,0.0,0.0,0.0,0.0,19.0,4.0,16.55682351251732,2,0.0,9.482164841189073,182.65564292321923,28.04114590803125,16.55682351251732,0.0,19.0,4.0,33.21373029002926,28.47772968648808,10.0067470382482,33.8792315939407,8.959743864646901
998,2025-11-13 04:00:00.000,L_6vSQ==,PACKET_DATA,22.68,504.45,66.46,-0.0,4.15,0.0,0.0,0.0,0.0,0.0,0.0,0.0,0.0,0.0,0.0,0.0,90.0,0.0,4,-0.8064643754298295,0.0,0.0,2025-11-13,22.68,504.45,0.0,-0.8064643754298295,900.0,0.0,0.0,0.0,0.0,19.0,4.0,16.55682351251732,2,0.0,9.471651187189714,182.65564292321923,27.87992193499473,16.55682351251732,0.0,19.0,4.0,33.21373029037715,28.47772968648808,10.000891161816066,33.8792315939407,8.959743864646901
999,2025-11-13 04:15:00.000,L_6vSQ==,PACKET_DATA,22.61,502.8,66.12,-0.0,4.1,0.0,0.0,0.0,0.0,0.0,0.0,0.0,0.0,0.0,0.0,0.0,90.0,0.0,4,-0.8013163992854881,0.0,0.0,2025-11-13,22.61,502.8,0.0,-0.8013163992854881,900.0,0.0,0.0,0.0,0.0,19.0,4.0,16.55682351251732,2,0.0,9.444326359740034,182.65564292321923,27.732418195367327,16.55682351251732,0.0,19.0,4.0,33.21373029069901,28.47772968648808,9.991647456432764,33.8792315939407,8.959743864646901
1000,2025-11-13 04:30:00.000,L_6vSQ==,PACKET_DATA,22.57,499.83,65.88,-0.0,4.06,0.0,0.0,0.0,0.0,0.0,0.0,0.0,0.0,0.0,0.0,0.0,90.0,0.0,4,-0.7954047589676208,0.0,0.0,2025-11-13,22.57,499.83,0.0,-0.7954047589676208,900.0,0.0,0.0,0.0,0.0,19.0,4.0,16.55682351251732,2,0.0,9.418800762558838,182.65564292321923,27.597460616988677,16.55682351251732,0.0,19.0,4.0,33.21373029099681,28.47772968648808,9.974881943485837,33.8792315939407,8.959743864646901
1001,2025-11-13 04:45:00.000,L_6vSQ==,PACKET_DATA,22.47,498.5,66.16,-0.0,4.02,0.0,0.0,0.0,0.0,0.0,0.0,0.0,0.0,0.0,0.0,0.0,90.0,0.0,4,-0.7898138014927856,0.0,0.0,2025-11-13,22.47,498.5,0.0,-0.7898138014927856,900.0,0.0,0.0,0.0,0.0,19.0,4.0,16.55682351251732,2,0.0,9.384335460141786,182.65564292321923,27.473979569412627,16.55682351251732,0.0,19.0,4.0,33.21373029127232,28.47772968648808,9.967321866534016,33.8792315939407,8.959743864646901
1002,2025-11-13 05:00:00.000,L_6vSQ==,PACKET_DATA,22.36,500.23,66.26,-0.0,3.97,0.0,0.0,0.0,0.0,0.0,0.0,0.0,0.0,0.0,0.0,0.0,90.0,0.0,5,-0.7889000091494154,0.0,0.0,2025-11-13,22.36,500.23,0.0,-0.7889000091494154,900.0,0.0,0.0,0.0,0.0,19.0,4.0,16.55682351251732,2,0.0,9.362203635273978,182.65564292321923,27.360998147619217,16.55682351251732,0.0,19.0,4.0,33.21373029152723,28.47772968648808,9.97714935442597,33.8792315939407,8.959743864646901
1003,2025-11-13 05:15:00.000,L_6vSQ==,PACKET_DATA,22.36,500.0,66.45,-0.0,3.93,0.0,0.0,0.0,0.0,0.0,0.0,0.0,0.0,0.0,0.0,0.0,90.0,0.0,5,-0.7885506565302904,0.0,0.0,2025-11-13,22.36,500.0,0.0,-0.7885506565302904,900.0,0.0,0.0,0.0,0.0,19.0,4.0,16.55682351251732,2,0.0,9.361070947834119,182.65564292321923,27.2576231942365,16.55682351251732,0.0,19.0,4.0,33.21373029176306,28.47772968648808,9.975845950149262,33.8792315939407,8.959743864646901
1004,2025-11-13 05:30:00.000,L_6vSQ==,PACKET_DATA,22.27,499.67,66.71,-0.0,3.89,0.0,0.0,0.0,0.0,0.0,0.0,0.0,0.0,0.0,0.0,0.0,90.0,0.0,5,-0.7854105137060401,0.0,0.0,2025-11-13,22.27,499.67,0.0,-0.7854105137060401,900.0,0.0,0.0,0.0,0.0,19.0,4.0,16.55682351251732,2,0.0,9.33455669969323,182.65564292321923,27.163037757067663,16.55682351251732,0.0,19.0,4.0,33.213730291981264,28.47772968648808,9.973974162562065,33.8792315939407,8.959743864646901
1005,2025-11-13 05:45:00.000,L_6vSQ==,PACKET_DATA,22.28,500.43,66.83,-0.0,3.84,0.0,0.0,0.0,0.0,0.0,0.0,0.0,0.0,0.0,0.0,0.0,90.0,0.0,5,-0.7868524239003758,0.0,0.0,2025-11-13,22.28,500.43,0.0,-0.7868524239003758,900.0,0.0,0.0,0.0,0.0,19.0,4.0,16.55682351251732,2,0.0,9.341070515441832,182.65564292321923,27.076494447076172,16.55682351251732,0.0,19.0,4.0,33.21373029218314,28.47772968648808,9.978281964225127,33.8792315939407,8.959743864646901
1006,2025-11-13 06:00:00.000,L_6vSQ==,PACKET_DATA,22.18,502.07,66.82,-0.0,3.8,0.0,0.0,0.0,0.0,0.0,0.0,0.0,0.0,0.0,0.0,0.0,90.0,0.0,6,-0.7866467079051578,0.0,0.0,2025-11-13,22.18,502.07,0.0,-0.7866467079051578,900.0,0.0,0.0,0.0,0.0,19.0,4.0,16.55682351251732,2,0.0,9.321816591547618,182.65564292321923,26.99730946105753,16.55682351251732,0.0,19.0,4.0,33.21373029236992,28.47772968648808,9.987541690595608,33.8792315939407,8.959743864646901
1007,2025-11-13 06:15:00.000,L_6vSQ==,PACKET_DATA,22.15,503.89,67.05,-0.0,3.76,0.0,0.0,0.0,0.0,0.0,0.0,0.0,0.0,0.0,0.0,0.0,90.0,0.0,6,-0.7886072191386546,0.0,0.0,2025-11-13,22.15,503.89,0.0,-0.7886072191386546,900.0,0.0,0.0,0.0,0.0,19.0,4.0,16.55682351251732,2,0.0,9.32266813317747,182.65564292321923,26.924857151079767,16.55682351251732,0.0,19.0,4.0,33.21373029254272,28.47772968648808,9.997759590037107,33.8792315939407,8.959743864646901
1008,2025-11-13 06:30:00.000,L_6vSQ==,PACKET_DATA,22.16,501.67,67.14,-0.0,3.72,0.0,0.0,0.0,0.0,0.0,0.0,0.0,0.0,0.0,0.0,0.0,90.0,0.0,6,-0.7855386433789153,0.0,0.0,2025-11-13,22.16,501.67,0.0,-0.7855386433789153,900.0,0.0,0.0,0.0,0.0,19.0,4.0,16.55682351251732,2,0.0,9.314414655007903,182.65564292321923,26.858565070522236,16.55682351251732,0.0,19.0,4.0,33.21373029270261,28.47772968648808,9.985287781436393,33.8792315939407,8.959743864646901
1009,2025-11-13 06:45:00.000,L_6vSQ==,PACKET_DATA,22.11,501.0,67.07,-0.0,3.69,0.0,0.0,0.0,0.0,0.0,0.0,0.0,0.0,0.0,0.0,0.0,90.0,0.0,6,-0.7832987233616144,0.0,0.0,2025-11-13,22.11,501.0,0.0,-0.7832987233616144,900.0,0.0,0.0,0.0,0.0,19.0,4.0,16.55682351251732,2,0.0,9.297601097434221,182.65564292321923,26.79790944705679,16.55682351251732,0.0,19.0,4.0,33.21373029285053,28.47772968648808,9.981505884853355,33.8792315939407,8.959743864646901
1010,2025-11-13 07:00:00.000,L_6vSQ==,PACKET_DATA,22.1,502.5,67.0,-0.0,3.65,0.0,0.0,0.0,0.0,0.0,0.0,0.0,0.0,0.0,0.0,0.0,90.0,0.0,7,-0.7853322497440018,0.0,0.0,2025-11-13,22.1,502.5,0.0,-0.7853322497440018,900.0,0.0,0.0,0.0,0.0,19.0,4.0,16.55682351251732,2,0.0,9.302361289384098,182.65564292321923,26.74241104274826,16.55682351251732,0.0,19.0,4.0,33.21373029298738,28.47772968648808,9.98996134924024,33.8792315939407,8.959743864646901
1011,2025-11-13 07:15:00.000,L_6vSQ==,PACKET_DATA,22.05,501.29,67.26,-0.0,3.61,0.0,0.0,0.0,0.0,0.0,0.0,0.0,0.0,0.0,0.0,0.0,90.0,0.0,7,-0.7823487078170501,0.0,0.0,2025-11-13,22.05,501.29,0.0,-0.7823487078170501,900.0,0.0,0.0,0.0,0.0,19.0,4.0,16.55682351251732,2,0.0,9.283013649240205,182.65564292321923,26.69163136700102,16.55682351251732,0.0,19.0,4.0,33.213730293114,28.47772968648808,9.983143838160032,33.8792315939407,8.959743864646901
1012,2025-11-13 07:30:00.000,L_6vSQ==,PACKET_DATA,21.99,500.83,67.55,-0.0,3.57,0.0,0.0,0.0,0.0,0.0,0.0,0.0,0.0,0.0,0.0,0.0,90.0,0.0,7,-0.7803293311430366,0.0,0.0,2025-11-13,21.99,500.83,0.0,-0.7803293311430366,900.0,0.0,0.0,0.0,0.0,19.0,4.0,16.55682351251732,2,0.0,9.264882288873844,182.65564292321923,26.645169211827124,16.55682351251732,0.0,19.0,4.0,33.21373029323115,28.47772968648808,9.980544987943958,33.8792315939407,8.959743864646901
1013,2025-11-13 07:45:00.000,L_6vSQ==,PACKET_DATA,21.99,503.07,67.88,-0.0,3.53,0.0,0.0,0.0,0.0,0.0,0.0,0.0,0.0,0.0,0.0,0.0,90.0,0.0,7,-0.7837322307470753,0.0,0.0,2025-11-13,21.99,503.07,0.0,-0.7837322307470753,900.0,0.0,0.0,0.0,0.0,19.0,4.0,16.55682351251732,2,0.0,9.27604415951654,182.65564292321923,26.602657481828654,16.55682351251732,0.0,19.0,4.0,33.21373029333953,28.47772968648808,9.993163528910511,33.8792315939407,8.959743864646901
1014,2025-11-13 08:00:00.000,L_6vSQ==,PACKET_DATA,21.97,503.0,68.34,-0.0,3.49,0.0,0.0,0.0,0.0,0.0,0.0,0.0,0.0,0.0,0.0,0.0,90.0,0.0,8,-0.7832075753508931,0.0,0.0,2025-11-13,21.97,503.0,0.0,-0.7832075753508931,900.0,0.0,0.0,0.0,0.0,19.0,4.0,16.55682351251732,2,0.0,9.270472709635035,182.65564292321923,26.563760293758417,16.55682351251732,0.0,19.0,4.0,33.21373029343981,28.47772968648808,9.9927706032729,33.8792315939407,8.959743864646901
1015,2025-11-13 08:15:00.000,L_6vSQ==,PACKET_DATA,21.97,502.89,68.7,-0.0,3.45,0.0,0.0,0.0,0.0,0.0,0.0,0.0,0.0,0.0,0.0,0.0,90.0,0.0,8,-0.7830420053307314,0.0,0.0,2025-11-13,21.97,502.89,0.0,-0.7830420053307314,900.0,0.0,0.0,0.0,0.0,19.0,4.0,16.55682351251732,2,0.0,9.269925742592742,182.65564292321923,26.52817032270815,16.55682351251732,0.0,19.0,4.0,33.21373029353259,28.47772968648808,9.992152965002168,33.8792315939407,8.959743864646901
1016,2025-11-13 08:30:00.000,L_6vSQ==,PACKET_DATA,21.95,502.29,68.85,-0.0,3.41,0.0,0.0,0.0,0.0,0.0,0.0,0.0,0.0,0.0,0.0,0.0,90.0,0.0,8,-0.781722799878418,0.0,0.0,2025-11-13,21.95,502.29,0.0,-0.781722799878418,900.0,0.0,0.0,0.0,0.0,19.0,4.0,16.55682351251732,2,0.0,9.261737736940326,182.65564292321923,26.495606373943215,16.55682351251732,0.0,19.0,4.0,33.213730293618426,28.47772968648808,9.98878008279966,33.8792315939407,8.959743864646901
1017,2025-11-13 08:45:00.000,L_6vSQ==,PACKET_DATA,22.0,502.1,68.85,-0.0,3.38,0.0,0.0,0.0,0.0,0.0,0.0,0.0,0.0,0.0,0.0,0.0,90.0,0.0,8,-0.7824815178704458,0.0,0.0,2025-11-13,22.0,502.1,0.0,-0.7824815178704458,900.0,0.0,0.0,0.0,0.0,19.0,4.0,16.55682351251732,2,0.0,9.273842341897293,182.65564292321923,26.465811161193844,16.55682351251732,0.0,19.0,4.0,33.21373029369784,28.47772968648808,9.987710615399497,33.8792315939407,8.959743864646901
1018,2025-11-13 09:00:00.000,L_6vSQ==,PACKET_DATA,23.13,499.18,65.89,1.29,4.0,132.57,552.57,306.0,103.71,3241.43,242.57,136.71,152.57,2677.57,4156.86,0.78,90.0,217.02,9,12.754240861678747,217.02,267.02,2025-11-13,23.13,499.18,267.02,12.754240861678747,900.0,267.02,267.02,267.01999999999987,1.3777343761999998,49.71207882252765,13.678019705631913,40.82655336407605,2,12.580387166652272,9.568465852953322,182.65564292321923,28.414498224845136,40.82655336407605,12.596883655162408,49.71207882252765,13.678019705631913,33.21373029377132,28.47772968648808,9.971191184186926,33.8792315939407,8.959743864646901
1019,2025-11-13 09:15:00.000,L_6vSQ==,PACKET_DATA,24.12,494.55,63.39,1.21,4.72,94.0,395.0,221.3,74.0,2306.5,172.0,97.0,108.0,1905.89,2948.3,1.0,90.0,154.07,9,10.711361135170469,154.07,204.07,2025-11-13,24.12,494.55,204.07,10.711361135170469,900.0,204.07,204.07,204.07000000000005,1.2814013617,37.89264957938495,10.267794873815484,31.675310767471498,2,10.870010253428527,9.759105097591792,182.65564292321923,30.95306435229861,31.675310767471498,10.202947304025592,37.89264957938495,10.267794873815484,33.2137302938393,28.47772968648808,9.944681240351688,33.8792315939407,8.959743864646901
1020,2025-11-13 09:30:00.000,L_6vSQ==,PACKET_DATA,24.56,490.3,62.54,1.27,4.72,127.0,523.0,292.2,100.0,3115.1,233.2,132.0,146.5,2558.0,4026.7,1.0,90.0,210.16,9,12.77872809477817,210.16,260.16,2025-11-13,24.56,490.3,260.16,12.77872809477817,900.0,260.16,260.16,260.16,1.3672364496,48.59948100393302,13.399870250983255,39.99087675412982,2,12.776373210569922,9.793216555122488,182.65564292321923,32.87060125351569,39.99087675412982,12.409257000333948,48.59948100393302,13.399870250983255,33.213730293902195,28.47772968648808,9.920012923982068,33.8792315939407,8.959743864646901
1021,2025-11-13 09:45:00.000,L_6vSQ==,PACKET_DATA,24.79,485.56,62.06,1.19,4.72,94.1,393.89,221.33,73.9,2314.7,172.8,97.7,108.6,1907.8,2970.1,1.0,90.0,151.94,9,10.615280058820993,151.94,201.94,2025-11-13,24.79,485.56,201.94,10.615280058820993,900.0,201.94,201.94,201.94,1.2781418013999999,37.47301956303316,10.141905868909948,31.34751757663361,2,10.845012927815112,9.787965829727359,182.65564292321923,30.855374705016985,31.34751757663361,10.056744194187095,37.47301956303316,10.141905868909948,33.21373029396038,28.47772968648808,9.89213297085135,33.8792315939407,8.959743864646901
1022,2025-11-13 10:00:00.000,L_6vSQ==,PACKET_DATA,25.11,480.91,61.58,1.3,4.72,138.0,556.56,311.89,109.0,3387.11,254.44,144.0,159.67,2778.78,4411.11,1.0,90.0,231.47,10,13.436210121215506,231.47,281.47,2025-11-13,25.11,480.91,281.47,13.436210121215506,900.0,281.47,281.47,281.46999999999997,1.3998473557,52.05567043749746,14.263917609374365,42.58683426986663,2,13.473832202974371,9.773969596868149,182.65564292321923,32.869676906740345,42.58683426986663,12.912058408355769,52.05567043749746,14.263917609374365,33.213730294014226,28.47772968648808,9.864415731206599,33.8792315939407,8.959743864646901
1023,2025-11-13 10:15:00.000,L_6vSQ==,PACKET_DATA,25.68,479.0,60.08,1.33,4.72,143.5,583.8,327.44,112.6,3524.11,264.33,149.3,165.3,2870.89,4602.0,1.0,90.0,233.78,10,13.513557025874052,233.78,283.78,2025-11-13,25.68,479.0,283.78,13.513557025874052,900.0,283.78,283.78,283.78000000000003,1.4033823718,52.43032072335077,14.357580180837692,42.86823557729751,2,13.566216601952451,9.731699390513345,182.65564292321923,33.810217425679255,42.86823557729751,13.109681775138071,52.43032072335077,14.357580180837692,33.213730294064035,28.47772968648808,9.852927934481878,33.8792315939407,8.959743864646901
1024,2025-11-13 10:30:00.000,L_6vSQ==,PACKET_DATA,26.03,475.78,59.12,1.35,4.72,156.9,622.38,347.5,122.9,3840.88,288.8,163.8,180.9,3126.44,5055.7,1.0,90.0,256.52,10,14.152292833589488,256.52,306.52,2025-11-13,26.03,475.78,306.52,14.152292833589488,900.0,306.52,306.52,306.52,1.4369687056,56.40225303997722,15.420675911993165,45.893699118306024,2,14.225967363906491,9.67073796626132,182.65564292321923,34.418389199077936,45.893699118306024,13.626355092712695,56.40225303997722,15.420675911993165,33.21373029411012,28.47772968648808,9.833428121726218,33.8792315939407,8.959743864646901
1025,2025-11-13 10:45:00.000,L_6vSQ==,PACKET_DATA,26.02,473.83,59.36,1.24,4.72,101.0,423.3,237.4,79.0,2468.33,184.0,104.0,115.9,2014.3,3189.0,1.0,90.0,161.66,10,10.890226593228851,161.66,211.66,2025-11-13,26.02,473.83,211.66,10.890226593228851,900.0,211.66,211.66,211.65999999999994,1.2930164145999998,39.38795090525817,10.716385271577451,32.84336256017547,2,11.078219807187685,9.6644440903009,182.65564292321923,31.76482787567928,32.84336256017547,10.493822588414227,39.38795090525817,10.716385271577451,33.213730294152754,28.47772968648808,9.82153925864768,33.8792315939407,8.959743864646901
1026,2025-11-13 11:00:00.000,L_6vSQ==,PACKET_DATA,26.18,470.78,58.77,1.31,4.72,162.9,654.67,365.33,127.9,3980.12,299.0,169.8,187.9,3236.9,5233.1,1.0,90.0,268.83,11,14.440885990023848,268.83,318.83,2025-11-13,26.18,470.78,318.83,14.440885990023848,900.0,318.83,318.83,318.83000000000004,1.4535167924,58.90540485582984,16.171621456748955,47.849031408411115,2,14.500198612711703,9.62431305750437,182.65564292321923,33.93838168342527,47.849031408411115,13.814842592982824,58.90540485582984,16.171621456748955,33.2137302941922,28.47772968648808,9.802824937693526,33.8792315939407,8.959743864646901
1027,2025-11-13 11:15:00.000,L_6vSQ==,PACKET_DATA,26.56,471.29,57.2,1.32,4.72,142.9,584.67,326.67,112.0,3493.25,261.7,148.9,163.9,2830.67,4582.44,1.0,90.0,231.84,11,13.335072115138711,231.84,281.84000000000003,2025-11-13,26.56,471.29,281.84000000000003,13.335072115138711,900.0,281.84000000000003,281.84000000000003,281.84000000000003,1.4004135704,52.11567935774237,14.278919839435593,42.6319072065547,2,13.35178241729478,9.547325795785692,182.65564292321923,31.65826622604078,42.6319072065547,12.587180803468916,52.11567935774237,14.278919839435593,33.213730294228704,28.47772968648808,9.8059642243789,33.8792315939407,8.959743864646901
1028,2025-11-13 11:30:00.000,L_6vSQ==,PACKET_DATA,26.15,472.0,57.89,1.15,4.72,75.0,323.5,182.0,59.0,1833.78,136.0,77.0,85.9,1498.4,2346.0,1.0,90.0,120.96,11,9.079722209385062,120.96,170.95999999999998,2025-11-13,26.15,472.0,170.95999999999998,9.079722209385062,900.0,170.95999999999998,170.95999999999998,170.95999999999998,1.2003851263999998,31.7173752310536,8.239125077017867,26.745698922609538,2,8.955948876373338,9.634766488938874,182.65564292321923,30.351923063599784,26.745698922609538,8.239415629409216,31.7173752310536,8.239125077017867,33.21373029426247,28.47772968648808,9.810327938400949,33.8792315939407,8.959743864646901
1029,2025-11-13 11:45:00.000,L_6vSQ==,PACKET_DATA,26.39,472.43,56.84,1.28,4.72,171.0,687.9,383.3,134.0,4169.67,313.1,177.9,196.3,3383.5,5488.4,1.0,90.0,280.39,11,14.752483584608951,280.39,330.39,2025-11-13,26.39,472.43,330.39,14.752483584608951,900.0,330.39,330.39,330.39,1.4690566692,61.256049453007435,16.87681483590223,49.685232974098746,2,14.809266594472142,9.589487056445432,182.65564292321923,32.571587851634746,49.685232974098746,13.979244544495025,61.256049453007435,16.87681483590223,33.21373029429371,28.47772968648808,9.812966965845447,33.8792315939407,8.959743864646901
1030,2025-11-13 12:00:00.000,L_6vSQ==,PACKET_DATA,26.84,471.44,54.86,1.28,4.72,133.0,552.1,308.0,104.0,3244.1,242.9,138.0,152.0,2622.2,4240.5,1.0,90.0,213.98,12,12.709492729424564,213.98,263.98,2025-11-13,26.84,471.44,263.98,12.709492729424564,900.0,263.98,263.98,263.97999999999996,1.3730822338,49.21903255889388,13.55475813972347,40.45622437074711,2,12.701820508394915,9.479646790168832,182.65564292321923,31.802874313069314,40.45622437074711,12.081178667404842,49.21903255889388,13.55475813972347,33.213730294322616,28.47772968648808,9.806886783116845,33.8792315939407,8.959743864646901
1031,2025-11-13 12:15:00.000,L_6vSQ==,PACKET_DATA,26.62,473.67,55.59,1.24,4.72,115.0,486.5,271.5,90.0,2807.6,209.3,119.0,131.5,2277.0,3639.8,1.0,90.0,184.5,12,11.701613063235644,184.5,234.5,2025-11-13,26.62,473.67,234.5,11.701613063235644,900.0,234.5,234.5,234.50000000000006,1.327968695,43.887645540692304,12.066293662207691,36.35829048446523,2,11.76076245864512,9.542822137622332,182.65564292321923,30.46815923227748,36.35829048446523,11.003024074661264,43.887645540692304,12.066293662207691,33.21373029434936,28.47772968648808,9.820561113750552,33.8792315939407,8.959743864646901
1032,2025-11-13 12:30:00.000,L_6vSQ==,PACKET_DATA,26.22,472.5,57.16,1.1,4.73,71.7,295.4,168.3,56.0,1758.9,131.0,74.0,82.1,1449.7,2264.4,1.0,90.0,111.2,12,8.60352832594471,111.2,161.2,2025-11-13,26.22,472.5,161.2,8.60352832594471,900.0,161.2,161.2,161.19999999999993,1.1752498079999998,29.913308687615515,7.637769562538505,25.300321326317327,2,8.381322071536863,9.623873110867125,182.65564292321923,29.71154498102239,25.300321326317327,7.664849986045532,29.913308687615515,7.637769562538505,33.2137302943741,28.47772968648808,9.813396304041659,33.8792315939407,8.959743864646901
1033,2025-11-13 12:45:00.000,L_6vSQ==,PACKET_DATA,26.53,473.83,56.11,1.26,4.72,155.1,620.9,347.5,122.0,3789.5,285.1,161.9,178.8,3084.7,4985.9,1.0,90.0,256.97,12,14.116190153215094,256.97,306.97,2025-11-13,26.53,473.83,306.97,14.116190153215094,900.0,306.97,306.97,306.97,1.4375736316,56.493757371182234,15.44812721135467,45.9651775529565,2,14.166251440485649,9.56435818506691,182.65564292321923,31.837791156741805,45.9651775529565,13.348548855607966,56.493757371182234,15.44812721135467,33.213730294396996,28.47772968648808,9.82153925875392,33.8792315939407,8.959743864646901
1034,2025-11-13 13:00:00.000,L_6vSQ==,PACKET_DATA,27.02,471.5,55.27,1.3,4.72,135.0,550.7,308.3,106.0,3294.4,247.0,140.0,155.0,2669.1,4322.5,1.0,90.0,221.34,13,12.925599056845922,221.34,271.34000000000003,2025-11-13,27.02,471.5,271.34000000000003,12.925599056845922,900.0,271.34000000000003,271.34000000000003,271.34000000000003,1.3843453154,50.412723512954635,13.853180878238659,41.35281035459615,2,12.907177813313345,9.432632573193196,182.65564292321923,31.50990533398555,41.35281035459615,12.252935834497768,50.412723512954635,13.853180878238659,33.21373029441817,28.47772968648808,9.80725570964705,33.8792315939407,8.959743864646901
1035,2025-11-13 13:15:00.000,L_6vSQ==,PACKET_DATA,27.03,470.55,55.89,1.28,4.72,132.0,521.4,294.2,103.0,3216.1,242.0,137.0,151.8,2619.3,4234.9,1.0,90.0,211.04,13,12.568227617347286,211.04,261.04,2025-11-13,27.03,470.55,261.04,12.568227617347286,900.0,261.04,261.04,261.04,1.3685831224,48.742204922353324,13.435551230588331,40.09807725219872,2,12.549919840610897,9.4261629944389,182.65564292321923,30.232670385354332,40.09807725219872,11.83931580760059,48.742204922353324,13.435551230588331,33.21373029443777,28.47772968648808,9.801407875375594,33.8792315939407,8.959743864646901
1036,2025-11-13 13:30:00.000,L_6vSQ==,PACKET_DATA,26.56,470.45,57.76,1.13,4.72,75.0,323.4,182.0,59.0,1833.8,136.0,77.0,85.8,1495.6,2349.8,1.0,90.0,120.84,13,8.995122619758163,120.84,170.84,2025-11-13,26.56,470.45,170.84,8.995122619758163,900.0,170.84,170.84,170.83999999999997,1.2000760856,31.695194085027723,8.231731361675909,26.727927886589555,2,8.856318150946167,9.543937758550225,182.65564292321923,29.508640082376015,26.727927886589555,8.202037475051274,31.695194085027723,8.231731361675909,33.2137302944559,28.47772968648808,9.800791508575932,33.8792315939407,8.959743864646901
1037,2025-11-13 13:45:00.000,L_6vSQ==,PACKET_DATA,26.72,471.5,58.46,1.2,4.72,138.0,552.11,310.0,108.0,3362.56,252.33,143.0,158.0,2741.0,4407.78,1.0,90.0,223.38,13,13.042855641884444,223.38,273.38,2025-11-13,26.72,471.5,273.38,13.042855641884444,900.0,273.38,273.38,273.38,1.3874671478,50.74358350565625,13.935895876414062,41.60132060011953,2,13.043226579948346,9.510027576852266,182.65564292321923,31.486206888459026,41.60132060011953,12.311167672093546,50.74358350565625,13.935895876414062,33.21373029447267,28.47772968648808,9.807255709670741,33.8792315939407,8.959743864646901
1038,2025-11-13 14:00:00.000,L_6vSQ==,PACKET_DATA,27.93,469.31,54.82,1.47,4.72,250.22,1002.12,549.67,194.89,6064.57,456.56,260.89,285.44,4795.56,8156.89,1.0,90.0,408.37,14,17.15581053167179,408.37,458.37,2025-11-13,27.93,469.31,458.37,17.15581053167179,900.0,458.37,458.37,458.3699999999999,1.6229393002999999,86.6758638422437,25.502759152673107,70.1427558942291,2,17.17592808788069,9.169717114711032,182.65564292321923,32.715505517934524,70.1427558942291,16.23229481475919,86.6758638422437,25.502759152673107,33.21373029448819,28.47772968648808,9.79375413552993,33.8792315939407,8.959743864646901
1039,2025-11-13 14:15:00.000,L_6vSQ==,PACKET_DATA,27.72,469.53,55.56,1.18,4.72,65.3,262.62,176.5,51.5,1556.88,116.7,67.2,73.9,1264.3,2023.2,1.0,90.0,84.25,14,6.894219958400078,84.25,134.25,2025-11-13,27.72,469.53,134.25,6.894219958400078,900.0,134.25,134.25,134.24999999999997,1.1058443949999999,25.06835040621688,6.02278346873896,21.418649566273213,2,6.476664159990097,9.229050042879091,182.65564292321923,33.234846599380425,21.418649566273213,7.536334328444293,25.06835040621688,6.02278346873896,33.21373029450255,28.47772968648808,9.795113766852202,33.8792315939407,8.959743864646901
1040,2025-11-13 14:30:00.000,L_6vSQ==,PACKET_DATA,26.5,472.17,59.94,0.94,4.73,53.0,228.0,129.78,42.0,1300.56,96.0,54.78,61.0,1069.12,1656.0,1.0,90.0,85.62,14,7.254574972522938,85.62,135.62,2025-11-13,26.5,472.17,135.62,7.254574972522938,900.0,135.62,135.62,135.62,1.1093726108,25.310314376545392,6.103438125515131,21.61250566492701,2,6.875599904163284,9.564494203119594,182.65564292321923,31.619180420882202,21.61250566492701,6.7416418630645705,25.310314376545392,6.103438125515131,33.213730294515834,28.47772968648808,9.811371616878475,33.8792315939407,8.959743864646901
1041,2025-11-13 14:45:00.000,L_6vSQ==,PACKET_DATA,26.43,473.5,60.69,1.11,4.72,111.0,455.6,256.2,87.0,2710.0,202.9,115.0,127.1,2220.4,3517.2,1.0,90.0,178.95,14,11.518528062489324,178.95,228.95,2025-11-13,26.43,473.5,228.95,11.518528062489324,900.0,228.95,228.95,228.95,1.3194754745,42.79424338540948,11.738273015622845,35.50418146608482,2,11.606331808526592,9.585234611799349,182.65564292321923,33.39499770554363,35.50418146608482,11.515767238193908,42.79424338540948,11.738273015622845,33.21373029452812,28.47772968648808,9.819521396759619,33.8792315939407,8.959743864646901
1042,2025-11-13 15:00:00.000,L_6vSQ==,PACKET_DATA,26.44,474.1,61.02,1.04,4.72,68.9,293.67,165.5,53.9,1690.67,125.6,70.9,78.9,1384.3,2166.89,1.0,90.0,108.34,15,8.428679466727086,108.34,158.34,2025-11-13,26.44,474.1,158.34,8.428679466727086,900.0,158.34,158.34,158.34,1.1678843356,29.384658040665435,7.461552680221812,24.876778301174333,2,8.173301290096608,9.585463134166051,182.65564292321923,31.187490974774676,24.876778301174333,7.750383390400222,29.384658040665435,7.461552680221812,33.213730294539495,28.47772968648808,9.823188970838128,33.8792315939407,8.959743864646901
1043,2025-11-13 15:15:00.000,L_6vSQ==,PACKET_DATA,26.78,474.25,60.31,1.23,4.72,146.9,588.5,329.9,115.3,3593.88,270.0,153.0,169.1,2925.1,4723.2,1.0,90.0,240.66,15,13.604690537064176,240.66,290.66,2025-11-13,26.78,474.25,290.66,13.604690537064176,900.0,290.66,290.66,290.65999999999997,1.4139109046,53.54616226736406,14.636540566841015,43.706348562199864,2,13.626501809955698,9.506013252562054,182.65564292321923,33.243523496143865,43.706348562199864,13.150709359147811,53.54616226736406,14.636540566841015,33.21373029455001,28.47772968648808,9.824104984409038,33.8792315939407,8.959743864646901
1044,2025-11-13 15:30:00.000,L_6vSQ==,PACKET_DATA,26.82,474.5,59.43,1.03,4.72,71.0,295.9,168.4,56.0,1753.0,130.9,74.0,82.0,1437.2,2263.9,1.0,90.0,114.11,15,8.63380568628728,114.11,164.11,2025-11-13,26.82,474.5,164.11,8.63380568628728,900.0,164.11,164.11,164.11,1.1827440474,30.451201478743073,7.817067159581025,25.731268949802,2,8.413682194043197,9.49686977976552,182.65564292321923,31.289709142639392,25.731268949802,8.088949665951178,30.451201478743073,7.817067159581025,33.213730294559745,28.47772968648808,9.825630889878799,33.8792315939407,8.959743864646901
1045,2025-11-13 15:45:00.000,L_6vSQ==,PACKET_DATA,27.66,473.4,56.01,1.4,4.72,242.9,976.11,535.8,189.1,5881.86,442.2,252.7,277.2,4675.6,7877.8,1.0,90.0,395.58,15,17.057822037080058,395.58,445.58,2025-11-13,27.66,473.4,445.58,17.057822037080058,900.0,445.58,445.58,445.58,1.6097248002,84.16014941052877,24.66405976421151,68.12714513335757,2,17.110748142652266,9.261406056645994,182.65564292321923,33.92677398469712,68.12714513335757,15.96353261731855,84.16014941052877,24.66405976421151,33.213730294568755,28.47772968648808,9.818909587877387,33.8792315939407,8.959743864646901
1046,2025-11-13 16:00:00.000,L_6vSQ==,PACKET_DATA,27.59,471.29,54.9,0.92,4.72,53.0,229.0,130.0,42.0,1306.22,96.9,55.0,60.9,1059.8,1680.5,1.0,90.0,85.74,16,7.008794418702019,85.74,135.74,2025-11-13,27.59,471.29,135.74,7.008794418702019,900.0,135.74,135.74,135.73999999999998,1.1096816515999999,25.331508300953722,6.110502766984575,21.629485761159454,2,6.593929742640077,9.272824284664514,182.65564292321923,33.111877569117624,21.629485761159454,7.5376029144498204,25.331508300953722,6.110502766984575,33.21373029457708,28.47772968648808,9.805964224530559,33.8792315939407,8.959743864646901
1047,2025-11-13 16:15:00.000,L_6vSQ==,PACKET_DATA,26.66,471.64,56.61,1.04,4.72,85.0,357.0,202.0,67.0,2088.3,156.0,88.0,98.0,1710.0,2691.0,1.0,90.0,138.24,16,9.77813955659621,138.24,188.24,2025-11-13,26.66,471.64,188.24,9.77813955659621,900.0,188.24,188.24,188.24,1.2448870016,34.91146025878004,9.303820086260014,29.304728109487552,2,9.8522990598785,9.525183810843403,182.65564292321923,34.66637085951957,29.304728109487552,10.592534984924793,34.91146025878004,9.303820086260014,33.21373029458479,28.47772968648808,9.808116322498039,33.8792315939407,8.959743864646901
1048,2025-11-13 16:30:00.000,L_6vSQ==,PACKET_DATA,27.23,471.0,55.19,1.26,4.72,158.0,621.6,349.1,124.0,3851.22,290.0,164.6,181.9,3126.4,5095.6,1.0,90.0,259.79,16,14.072614663826975,259.79,309.79,2025-11-13,27.23,471.0,309.79,14.072614663826975,900.0,309.79,309.79,309.79,1.4413645012,57.0671845134003,15.62015535402009,46.41310907676611,2,14.070735836061303,9.373173204749992,182.65564292321923,35.64819018529781,46.41310907676611,13.423825051372338,57.0671845134003,15.62015535402009,33.213730294591926,28.47772968648808,9.804179629869072,33.8792315939407,8.959743864646901
1049,2025-11-13 16:45:00.000,L_6vSQ==,PACKET_DATA,28.58,469.25,51.33,1.48,4.72,250.33,1002.22,551.0,195.0,6058.62,456.11,261.33,285.22,4773.11,8178.89,1.0,90.0,407.19,16,16.99185169698449,407.19,457.19,2025-11-13,28.58,469.25,457.19,16.99185169698449,900.0,457.19,457.19,457.19,1.6217201361,86.44247315018097,25.432741945054293,69.96044319808733,2,16.965992429149125,9.006187324445692,182.65564292321923,36.41329850614986,69.96044319808733,14.75902086161992,86.44247315018097,25.432741945054293,33.21373029459852,28.47772968648808,9.793383199390485,33.8792315939407,8.959743864646901
1050,2025-11-13 17:00:00.000,L_6vSQ==,PACKET_DATA,28.3,467.22,57.09,1.11,4.72,91.0,387.0,218.0,71.8,2225.22,165.5,94.1,103.9,1787.9,2899.7,1.0,90.0,148.23,17,9.80455703549044,148.23,198.23,2025-11-13,28.3,467.22,198.23,9.80455703549044,900.0,198.23,198.23,198.22999999999996,1.2706146481999998,36.75804066543438,9.919346888478126,30.78416685815139,2,9.967775833565273,9.063721220806425,182.65564292321923,33.2235015285665,30.78416685815139,10.520186725960547,36.75804066543438,9.919346888478126,33.21373029460463,28.47772968648808,9.780801114194157,33.8792315939407,8.959743864646901
1051,2025-11-13 17:15:00.000,L_6vSQ==,PACKET_DATA,27.82,466.5,60.28,1.33,4.72,148.0,586.56,330.33,116.0,3606.75,271.0,154.0,170.0,2919.0,4773.44,1.0,90.0,240.48,17,13.329141052381356,240.48,290.48,2025-11-13,27.82,466.5,290.48,13.329141052381356,900.0,290.48,290.48,290.48,1.4136354488,53.516968738596276,14.629242184649069,43.684421187594864,2,13.274124725255366,9.188718102619347,182.65564292321923,35.2787166987348,43.684421187594864,13.1061072746441,53.516968738596276,14.629242184649069,33.21373029461028,28.47772968648808,9.776323622586322,33.8792315939407,8.959743864646901
1052,2025-11-13 17:30:00.000,L_6vSQ==,PACKET_DATA,27.78,467.0,59.7,1.21,4.72,111.67,453.5,255.78,87.89,2728.0,203.78,115.89,127.89,2212.11,3576.38,1.0,90.0,182.1,17,11.320121180600417,182.1,232.1,2025-11-13,27.78,467.0,232.1,11.320121180600417,900.0,232.1,232.1,232.09999999999997,1.3242959509999999,43.414822987056475,11.924446896116944,35.9889460440845,2,11.324611149825138,9.201945721615749,182.65564292321923,32.713738404836704,35.9889460440845,11.336550361519365,43.414822987056475,11.924446896116944,33.2137302946155,28.47772968648808,9.779433814437718,33.8792315939407,8.959743864646901
1053,2025-11-13 17:45:00.000,L_6vSQ==,PACKET_DATA,28.04,467.09,58.11,1.35,4.72,176.8,689.7,387.4,138.4,4483.56,324.6,192.33,202.8,3606.89,5992.33,1.0,90.0,264.26,17,13.987524391149886,264.26,314.26,2025-11-13,28.04,467.09,314.26,13.987524391149886,900.0,314.26,314.26,314.26000000000005,1.4473734328,57.97612753670341,15.892838261011022,47.12312819429412,2,13.923531393875265,9.130764565195873,182.65564292321923,34.869063217779875,47.12312819429412,13.63052811983557,57.97612753670341,15.892838261011022,33.21373029462033,28.47772968648808,9.779993251956158,33.8792315939407,8.959743864646901
1054,2025-11-13 18:00:00.000,L_6vSQ==,PACKET_DATA,28.94,464.83,54.47,1.5,4.72,231.2,931.12,505.9,180.4,5618.88,422.5,241.6,263.7,4430.5,7569.3,1.0,90.0,382.23,18,16.41116123637381,382.23,432.23,2025-11-13,28.94,464.83,432.23,16.41116123637381,900.0,432.23,432.23,432.22999999999996,1.5959317137,81.56297420333838,23.625189681335353,65.94230676619134,2,16.376397125429015,8.915923281997388,182.65564292321923,36.06155156984111,65.94230676619134,14.75380347150741,81.56297420333838,23.625189681335353,33.21373029462481,28.47772968648808,9.765908618799683,33.8792315939407,8.959743864646901
1055,2025-11-13 18:15:00.000,L_6vSQ==,PACKET_DATA,28.29,464.3,54.6,0.92,4.73,53.0,226.9,129.9,42.0,1310.22,96.9,55.0,60.9,1060.1,1693.6,1.0,90.0,84.67,18,6.764707486127912,84.67,134.67000000000002,2025-11-13,28.29,464.3,134.67000000000002,6.764707486127912,900.0,134.67000000000002,134.67000000000002,134.66999999999996,1.1069260377999999,25.142529141646055,6.047509713882018,21.478079903086783,2,6.3592529288979645,9.054011695512216,182.65564292321923,32.98352443745161,21.478079903086783,7.394451647891194,25.142529141646055,6.047509713882018,33.213730294628945,28.47772968648808,9.762594633587316,33.8792315939407,8.959743864646901
1056,2025-11-13 18:30:00.000,L_6vSQ==,PACKET_DATA,27.82,465.83,56.03,1.16,4.72,156.0,616.4,346.8,122.2,3805.25,286.2,162.9,179.4,3083.9,5037.7,1.0,90.0,252.96,18,13.70139886798438,252.96,302.96000000000004,2025-11-13,27.82,465.83,302.96000000000004,13.70139886798438,900.0,302.96000000000004,302.96000000000004,302.9600000000001,1.4321830688000001,55.67835210866649,15.203505632599947,45.32822527973787,2,13.659602624492166,9.185974161161198,182.65564292321923,35.09377536827839,45.32822527973787,13.37720634864375,55.67835210866649,15.203505632599947,33.213730294632775,28.47772968648808,9.772150120410842,33.8792315939407,8.959743864646901
1057,2025-11-13 18:45:00.000,L_6vSQ==,PACKET_DATA,28.17,467.25,55.03,1.32,4.72,146.0,583.78,328.44,114.0,3555.33,267.0,152.0,167.0,2865.56,4711.89,1.0,90.0,232.92,18,13.008783805948722,232.92,282.92,2025-11-13,28.17,467.25,282.92,13.008783805948722,900.0,282.92,282.92,282.91999999999996,1.4020663052,52.2908405303491,14.322710132587275,42.76347145418471,2,12.928756090333424,9.097013687762905,182.65564292321923,32.458382370436134,42.76347145418471,12.713447038020458,52.2908405303491,14.322710132587275,33.21373029463632,28.47772968648808,9.780987507993002,33.8792315939407,8.959743864646901
1058,2025-11-13 19:00:00.000,L_6vSQ==,PACKET_DATA,29.05,465.75,52.33,1.48,4.72,251.0,1000.0,551.56,195.9,6071.5,457.0,261.9,285.6,4778.8,8208.6,1.0,90.0,410.06,19,16.85600257099464,410.06,460.06,2025-11-13,29.05,465.75,460.06,16.85600257099464,900.0,460.06,460.06,460.05999999999995,1.6246853914,87.01012678257085,25.603038034771256,70.40386475565248,2,16.806504305367703,8.90179737817102,182.65564292321923,35.13983929711674,70.40386475565248,15.557397276315521,87.01012678257085,25.603038034771256,33.213730294639596,28.47772968648808,9.771651345617139,33.8792315939407,8.959743864646901
1059,2025-11-13 19:15:00.000,L_6vSQ==,PACKET_DATA,29.18,464.0,51.08,1.27,4.72,138.0,552.4,311.9,108.0,3360.22,251.9,144.0,157.8,2684.4,4478.9,1.0,90.0,220.34,19,12.30033257413306,220.34,270.34000000000003,2025-11-13,29.18,464.0,270.34000000000003,12.30033257413306,900.0,270.34000000000003,270.34000000000003,270.3400000000001,1.3828150054000001,50.250537242022475,13.812634310505619,41.23099160679058,2,12.216163280009447,8.874994039192643,182.65564292321923,33.251095048257994,41.23099160679058,12.500431120772564,50.250537242022475,13.812634310505619,33.21373029464263,28.47772968648808,9.76071696110212,33.8792315939407,8.959743864646901
1060,2025-11-13 19:30:00.000,L_6vSQ==,PACKET_DATA,28.76,467.62,52.08,1.32,4.72,154.0,615.5,346.0,120.0,3740.3,281.0,160.0,176.0,3000.2,4971.3,1.0,90.0,244.59,19,13.2201361021192,244.59,294.59000000000003,2025-11-13,28.76,467.62,294.59000000000003,13.2201361021192,900.0,294.59000000000003,294.59000000000003,294.59,1.4199250229,54.18355431212747,14.795888578031867,44.18509624107577,2,13.144672086898671,8.961536849311221,182.65564292321923,35.32497307084679,44.18509624107577,13.193668031294191,54.18355431212747,14.795888578031867,33.21373029464544,28.47772968648808,9.783285254535981,33.8792315939407,8.959743864646901
1061,2025-11-13 19:45:00.000,L_6vSQ==,PACKET_DATA,27.85,467.64,53.6,0.93,4.73,53.0,227.0,130.0,42.0,1306.89,97.0,55.0,61.0,1064.8,1681.3,1.0,90.0,85.03,19,6.898931064971137,85.03,135.03,2025-11-13,27.85,467.64,135.03,6.898931064971137,900.0,135.03,135.03,135.02999999999997,1.1078531602,25.206110914871065,6.068703638290355,21.52902019178413,2,6.484415694466314,9.185017875081494,182.65564292321923,32.736116861712866,21.52902019178413,7.277347558399592,25.206110914871065,6.068703638290355,33.21373029464803,28.47772968648808,9.783409398491878,33.8792315939407,8.959743864646901
1062,2025-11-13 20:00:00.000,L_6vSQ==,PACKET_DATA,27.26,470.0,55.05,1.03,4.72,85.0,355.78,202.0,67.0,2086.8,155.5,88.1,97.6,1704.9,2696.0,1.0,90.0,137.07,20,9.588587420013411,137.07,187.07,2025-11-13,27.26,470.0,187.07,9.588587420013411,900.0,187.07,187.07,187.06999999999996,1.2418738537999998,34.69519408502772,9.231731361675907,29.131460508292676,2,9.619412399417502,9.360826809059228,182.65564292321923,34.28166933484825,29.131460508292676,10.417901850038534,34.69519408502772,9.231731361675907,33.21373029465043,28.47772968648808,9.798015965836077,33.8792315939407,8.959743864646901
1063,2025-11-13 20:15:00.000,L_6vSQ==,PACKET_DATA,27.45,471.0,54.78,1.17,4.72,117.0,488.3,274.0,92.0,2858.5,213.4,121.3,134.0,2316.22,3723.9,1.0,90.0,190.52,20,11.74436757700817,190.52,240.52,2025-11-13,27.45,471.0,240.52,11.74436757700817,900.0,240.52,240.52,240.52,1.3371811612,45.07364211272878,12.422092633818634,37.2847294557535,2,11.738614772175765,9.311334830386665,182.65564292321923,35.12149086925978,37.2847294557535,12.085275107108806,45.07364211272878,12.422092633818634,33.213730294652656,28.47772968648808,9.804179629895554,33.8792315939407,8.959743864646901
1064,2025-11-13 20:30:00.000,L_6vSQ==,PACKET_DATA,28.63,470.4,51.49,1.41,4.72,236.0,943.0,521.0,184.0,5716.4,430.1,245.8,269.0,4521.5,7689.4,1.0,90.0,383.63,20,16.601623783983072,383.63,433.63,2025-11-13,28.63,470.4,433.63,16.601623783983072,900.0,433.63,433.63,433.62999999999994,1.5973781797,81.83533714641453,23.73413485856581,66.17142839271064,2,16.586834680573816,9.000156785885263,182.65564292321923,35.86592198839633,66.17142839271064,14.974390650689775,81.83533714641453,23.73413485856581,33.21373029465471,28.47772968648808,9.800483267871183,33.8792315939407,8.959743864646901
1065,2025-11-13 20:45:00.000,L_6vSQ==,PACKET_DATA,28.53,471.73,50.68,1.15,4.72,99.0,420.0,236.1,78.0,2411.0,179.3,102.3,112.7,1932.0,3149.4,1.0,90.0,160.99,20,10.306458446188662,160.99,210.99,2025-11-13,28.53,471.73,210.99,10.306458446188662,900.0,210.99,210.99,210.98999999999995,1.2919911068999999,39.255954609034845,10.676786382710453,32.74025390390253,2,10.417981098874035,9.027700624734326,182.65564292321923,32.99698469095965,32.74025390390253,10.866962421059261,39.255954609034845,10.676786382710453,33.213730294656614,28.47772968648808,9.80866941404413,33.8792315939407,8.959743864646901
1066,2025-11-13 21:00:00.000,L_6vSQ==,PACKET_DATA,28.29,473.17,51.37,1.26,4.73,159.8,623.0,351.8,125.0,3888.0,293.0,167.0,183.1,3135.9,5180.6,1.0,90.0,257.15,21,13.77456825191636,257.15,307.15,2025-11-13,28.29,473.17,307.15,13.77456825191636,900.0,307.15,307.15,307.1499999999999,1.437815602,56.53035910366422,15.459107731099266,45.993768926816664,2,13.715267674015454,9.090698539215843,182.65564292321923,35.12394885772163,45.993768926816664,13.532301192537606,56.53035910366422,15.459107731099266,33.213730294658376,28.47772968648808,9.817501835975731,33.8792315939407,8.959743864646901
1067,2025-11-13 21:15:00.000,L_6vSQ==,PACKET_DATA,28.38,475.0,51.06,1.3,4.72,135.0,549.22,308.67,106.0,3283.22,246.0,140.0,154.0,2639.11,4336.22,1.0,90.0,219.79,21,12.580877267561752,219.79,269.79,2025-11-13,28.38,475.0,269.79,12.580877267561752,900.0,269.79,269.79,269.7900000000001,1.3819733349,50.161334793009786,13.790333698252446,41.16399129549752,2,12.500550888218918,9.076097317797855,182.65564292321923,32.46717235311496,41.16399129549752,12.431178004803414,50.161334793009786,13.790333698252446,33.21373029466,28.47772968648808,9.828679756044576,33.8792315939407,8.959743864646901
1068,2025-11-13 21:30:00.000,L_6vSQ==,PACKET_DATA,28.01,476.83,51.79,1.2,4.72,106.2,432.8,245.0,83.5,2519.67,188.44,110.3,121.6,2045.0,3300.67,1.0,90.0,173.03,21,10.96112774817975,173.03,223.03,2025-11-13,28.01,476.83,223.03,10.96112774817975,900.0,223.03,223.03,223.03000000000003,1.3104160393,41.62794775310783,11.38838432593235,34.59313184647909,2,11.008164035595186,9.178080207299724,182.65564292321923,31.18949562720838,34.59313184647909,10.73967961197626,41.62794775310783,11.38838432593235,33.21373029466151,28.47772968648808,9.839804942495165,33.8792315939407,8.959743864646901
1069,2025-11-13 21:45:00.000,L_6vSQ==,PACKET_DATA,28.38,480.29,51.06,1.41,4.72,188.0,744.56,404.6,147.2,4585.67,344.7,196.4,215.7,3677.8,6128.5,1.0,90.0,315.86,21,15.388971038933304,315.86,365.86,2025-11-13,28.38,480.29,365.86,15.388971038933304,900.0,365.86,365.86,365.86,1.5167382808,68.43267663453605,19.029802990360814,55.291241676095495,2,15.371382998420977,9.09736415507354,182.65564292321923,33.550644539019274,55.291241676095495,14.898469178583186,68.43267663453605,19.029802990360814,33.2137302946629,28.47772968648808,9.860693205069568,33.8792315939407,8.959743864646901
1070,2025-11-13 22:00:00.000,L_6vSQ==,PACKET_DATA,28.41,481.5,51.02,1.16,4.72,105.8,422.78,240.4,83.0,2580.8,193.4,110.0,121.3,2091.6,3409.44,1.0,90.0,169.44,22,10.73585731669504,169.44,219.44,2025-11-13,28.41,481.5,219.44,10.73585731669504,900.0,219.44,219.44,219.44000000000005,1.3049222264,40.920684016627604,11.176205204988282,34.04065412107628,2,10.80213038820001,9.095054851414552,182.65564292321923,32.24658096072521,34.04065412107628,10.939516242036888,40.920684016627604,11.176205204988282,33.21373029466419,28.47772968648808,9.86795230737186,33.8792315939407,8.959743864646901
1071,2025-11-13 22:15:00.000,L_6vSQ==,PACKET_DATA,28.52,479.55,51.05,1.4,4.72,184.5,715.78,401.8,144.3,4483.89,338.0,192.7,211.9,3604.0,6006.7,1.0,90.0,299.89,22,14.951070841657309,299.89,349.89,2025-11-13,28.52,479.55,349.89,14.951070841657309,900.0,349.89,349.89,349.88999999999993,1.4952701292,65.2189443181132,18.06568329543396,52.78084077661373,2,14.89965198005964,9.061956767936936,182.65564292321923,34.544028111704364,52.78084077661373,14.490694111977687,65.2189443181132,18.06568329543396,33.21373029466538,28.47772968648808,9.856242005767937,33.8792315939407,8.959743864646901
1072,2025-11-13 22:30:00.000,L_6vSQ==,PACKET_DATA,28.8,475.79,50.22,1.33,4.72,156.3,615.4,347.0,123.0,3807.78,286.1,163.1,179.0,3056.8,5088.9,1.0,90.0,257.06,22,13.659955897302002,257.06,307.06,2025-11-13,28.8,475.79,307.06,13.659955897302002,900.0,307.06,307.06,307.05999999999995,1.4376946168,56.51205823742322,15.453617471226966,45.97947323988657,2,13.595736337057147,8.988350735045394,182.65564292321923,32.0468066398043,45.97947323988657,13.402161852953398,56.51205823742322,15.453617471226966,33.21373029466649,28.47772968648808,9.833488936053254,33.8792315939407,8.959743864646901
1073,2025-11-13 22:45:00.000,L_6vSQ==,PACKET_DATA,27.91,473.14,51.92,0.92,4.73,52.9,225.3,128.6,41.9,1309.5,96.9,54.9,60.9,1065.8,1689.33,1.0,90.0,84.83,22,6.886044421545936,84.83,134.82999999999998,2025-11-13,27.91,473.14,134.82999999999998,6.886044421545936,900.0,134.82999999999998,134.82999999999998,134.83000000000004,1.1073380922,25.17078770752385,6.056929235841284,21.500720031396728,2,6.463543561013058,9.190619869467266,182.65564292321923,30.66423235418189,21.500720031396728,6.370393834527448,25.17078770752385,6.056929235841284,33.213730294667506,28.47772968648808,9.817318155423898,33.8792315939407,8.959743864646901
1074,2025-11-13 23:00:00.000,L_6vSQ==,PACKET_DATA,27.61,471.4,52.23,1.24,4.72,129.9,516.78,291.8,101.9,3167.7,237.8,135.0,149.4,2581.4,4173.56,1.0,90.0,210.97,23,12.447171623514686,210.97,260.97,2025-11-13,27.61,471.4,260.97,12.447171623514686,900.0,260.97,260.97,260.9700000000001,1.3684760007,48.730851883388084,13.432712970847021,40.08954993985234,2,12.39583543500186,9.26760021453556,182.65564292321923,32.58544733580301,40.08954993985234,12.168819612433044,48.730851883388084,13.432712970847021,33.21373029466845,28.47772968648808,9.806640801477466,33.8792315939407,8.959743864646901
1075,2025-11-13 23:15:00.000,L_6vSQ==,PACKET_DATA,27.75,470.5,51.39,1.18,4.72,103.0,419.0,237.9,81.0,2526.4,189.0,107.6,119.0,2057.78,3308.6,1.0,90.0,165.79,23,10.701205208264623,165.79,215.79,2025-11-13,27.75,470.5,215.79,10.701205208264623,900.0,215.79,215.79,215.79000000000005,1.2993365949,40.201599716306475,10.960479914891943,33.47894278466395,2,10.791411287446426,9.224518051321457,182.65564292321923,30.866909488442367,33.47894278466395,10.40598542985222,40.201599716306475,10.960479914891943,33.213730294669325,28.47772968648808,9.801099711205909,33.8792315939407,8.959743864646901
1076,2025-11-13 23:30:00.000,L_6vSQ==,PACKET_DATA,27.46,469.5,52.03,1.15,4.72,95.0,388.11,220.11,75.0,2333.0,174.44,99.0,110.0,1905.56,3043.67,1.0,90.0,155.64,23,10.346808976614634,155.64,205.64,2025-11-13,27.46,469.5,205.64,10.346808976614634,900.0,205.64,205.64,205.64,1.2838039484,38.20195433322169,10.360586299966508,31.916923588887197,2,10.515798265969455,9.30251102835428,182.65564292321923,29.715829487328584,31.916923588887197,10.023387017996306,38.20195433322169,10.360586299966508,33.213730294670135,28.47772968648808,9.794928405986656,33.8792315939407,8.959743864646901
1077,2025-11-13 23:45:00.000,L_6vSQ==,PACKET_DATA,27.34,469.75,51.87,1.14,4.72,95.0,388.0,220.0,75.0,2331.0,174.0,99.0,109.7,1905.5,3036.9,1.0,90.0,155.29,23,10.361984352165686,155.29,205.29,2025-11-13,27.34,469.75,205.29,10.361984352165686,900.0,205.29,205.29,205.28999999999994,1.2832683398999998,38.13300104414979,10.33990031324494,31.863060857998338,2,10.539085936618859,9.337402195098568,182.65564292321923,29.06331304714517,31.863060857998338,10.095157097145819,38.13300104414979,10.33990031324494,33.21373029467088,28.47772968648808,9.7964726619677,33.8792315939407,8.959743864646901
1078,2025-11-14 00:00:00.000,L_6vSQ==,PACKET_DATA,28.23,470.79,49.19,1.46,4.72,219.11,869.33,482.11,171.11,5314.5,400.33,228.56,250.56,4237.78,7129.11,1.0,90.0,357.54,0,16.216288248275948,357.54,407.54,2025-11-14,28.23,470.79,407.54,16.216288248275948,900.0,407.54,407.54,407.54,1.5704222526,76.75965915723124,21.703863662892495,61.90158322421873,2,16.2630521037977,9.096115260969766,182.65564292321923,31.583756694516858,61.90158322421873,15.587942794448686,76.75965915723124,21.703863662892495,33.21373029467158,28.47772968648808,9.802886530919768,33.8792315939407,8.959743864646901
1079,2025-11-14 00:15:00.000,L_6vSQ==,PACKET_DATA,28.72,470.36,47.45,1.33,4.72,152.2,611.3,343.1,119.2,3707.7,278.3,159.0,174.0,2964.9,4940.9,1.0,90.0,245.44,0,13.281416863203043,245.44,295.44,2025-11-14,28.72,470.36,295.44,13.281416863203043,900.0,295.44,295.44,295.43999999999994,1.4212257864,54.32141264241981,14.830353160604952,44.28864217671051,2,13.211655476354569,8.981225100558877,182.65564292321923,32.7461432523704,44.28864217671051,13.146983501474072,54.32141264241981,14.830353160604952,33.21373029467222,28.47772968648808,9.800236647710305,33.8792315939407,8.959743864646901
1080,2025-11-14 00:30:00.000,L_6vSQ==,PACKET_DATA,28.47,471.6,47.71,1.29,4.72,142.0,576.4,323.4,111.0,3454.6,259.0,147.7,162.0,2773.4,4572.2,1.0,90.0,227.28,0,12.78117826461575,227.28,277.28,2025-11-14,28.47,471.6,277.28,12.78117826461575,900.0,277.28,277.28,277.28,1.3934353568,51.376109962291686,14.094027490572921,42.07641371656126,2,12.69576734158938,9.040890467564873,182.65564292321923,31.226360034113647,42.07641371656126,12.398749887471677,51.376109962291686,14.094027490572921,33.21373029467281,28.47772968648808,9.807870463995043,33.8792315939407,8.959743864646901
1081,2025-11-14 00:45:00.000,L_6vSQ==,PACKET_DATA,28.4,470.5,47.85,1.29,4.72,148.4,579.33,326.67,114.22,3557.67,267.33,174.8,167.33,2864.89,4724.33,1.0,90.0,196.94,0,11.73728093174497,196.94,246.94,2025-11-14,28.4,470.5,246.94,11.73728093174497,900.0,246.94,246.94,246.94000000000003,1.3470057514,46.33844244370457,12.80153273311137,38.272725833771894,2,11.681425028063435,9.052851821334501,182.65564292321923,30.364835609688026,38.272725833771894,11.379666360757428,46.33844244370457,12.80153273311137,33.213730294673354,28.47772968648808,9.801099711207632,33.8792315939407,8.959743864646901
