label,t_min,co2_ppm,t_air,rh,uBoil,uCO2,uLamp,uVent,lamp_kwh_step,heat_kwh_step,Pn_gross_ch2o,Pn_net_co2,resp_growth,resp_maint,parCan,fruit_growth_dm,profit,elec_cost,heat_cost,lamp_kwh_cum,heat_kwh_cum,energy_kwh_cum,Pn_cum_co2_mg_m2
default RB,15.0,440.445556640625,16.852994918823242,71.40548706054688,9.999999999999843e-44,9.999999999999992e-21,0.0,0.9994379747248477,0.0,3.249999999999949e-45,-5.986075011146693e-16,-0.1656606395564852,2.661903881608278e-07,0.11295016795824583,0.0,-8.579577832242649,-0.00021118960817828058,0.0,2.910146585786564e-46,0.0,3.249999999999949e-45,3.249999999999949e-45,-149.09457560083666
default RB,30.0,448.866943359375,15.078243255615234,84.29145050048828,0.000387126182965869,2.41088497970137e-20,0.0,2.2542118367176525e-07,0.0,1.2581600946390744e-05,-6.129721112556059e-16,-0.16381543035450172,3.2696456254796477e-07,0.11169201002220441,0.0,-8.496988920727745,-0.00021028899441072452,0.0,1.1323440543492324e-06,0.0,1.2581600946390744e-05,1.2581600946390744e-05,-296.52846291988817
default RB,45.0,459.6968994140625,14.804214477539062,86.45669555664062,0.9997944666390061,1.1099971398307176e-20,0.0,0.0027039062167657168,0.0,0.0324933201657677,-6.201080118372116e-16,-0.1619070450714598,4.078042465749499e-07,0.11039075742066111,0.0,-8.40072966714797,-0.0031311860551223015,0.0,0.002924398863315582,0.0,0.032505901766714085,0.032505901766714085,-442.244803484202
default RB,60.0,461.4769287109375,14.585724830627441,84.0638427734375,0.9999835240509317,4.093780067575346e-21,0.0,0.12765744596920756,0.0,0.03249946453165528,-6.224201012765426e-16,-0.16001497669660508,5.08725090989113e-07,0.10910060990244208,0.0,-8.3039200558851,-0.0031293560671612907,0.0,0.002924951881170273,0.0,0.06500536629836937,0.06500536629836937,-586.2582825111466
default RB,75.0,471.455810546875,15.448310852050781,82.20914459228516,0.9999977975894189,3.47474045171158e-21,0.0,0.001779526473323126,0.0,0.03249992842165611,-6.238267615749479e-16,-0.15819191863256418,6.371863343051332e-07,0.10785748732767321,0.0,-8.208669333114813,-0.0031270531021024527,0.0,0.002924993549287319,0.0,0.09750529472002548,0.09750529472002548,-728.6310092804544
default RB,90.0,483.1002502441406,16.140785217285156,81.41622161865234,0.993826187716286,1.3860053948131595e-21,0.0,5.851786470196879e-05,0.0,0.03229935110077929,-6.264684604183057e-16,-0.15648426397803009,7.859990721662771e-07,0.106693028542923,0.0,-8.118671474097937,-0.0031067858866098913,0.0,0.002906941665709019,0.0,0.12980464582080475,0.12980464582080475,-869.4668468606815
default RB,105.0,493.5491638183594,16.21971893310547,82.86474609375,0.21472546639255755,4.742300022037305e-22,0.0,1.3582174898626367e-05,0.0,0.006978577657758119,-6.310051520378477e-16,-0.15485626794569332,9.592469464000807e-07,0.10558285801906941,0.0,-8.033798855649366,-0.0008258270326580924,0.0,0.0006280719839036465,0.0,0.13678322347856287,0.13678322347856287,-1008.8374880118055
default RB,120.0,502.71307373046875,15.826066970825195,85.1717758178711,0.11673875064973602,1.8114712714558735e-22,0.0,0.00019575401779867602,0.0,0.0037940093961164206,-6.36834955328186e-16,-0.15324477640435194,1.168654780206974e-06,0.10448390439710803,0.0,-7.951210629638808,-0.000537182956033637,0.0,0.0003414608482271433,0.0,0.1405772328746793,0.1405772328746793,-1146.7577867757223
default RB,135.0,506.375244140625,15.620861053466797,84.7629165649414,0.8322953757487145,7.788914807048915e-23,0.0,0.013536379176259961,0.0,0.02704959971183322,-6.394896573767753e-16,-0.1516317884521535,1.4276048468750194e-06,0.10338388095280125,0.0,-7.868623430498701,-0.002628153114814777,0.0,0.002434463922679424,0.0,0.1676268325865125,0.1676268325865125,-1283.2263963826604
default RB,150.0,511.8038330078125,15.960955619812012,82.92607879638672,0.9704592664864796,5.558897861014074e-23,0.0,0.006420041708747304,0.0,0.03153992616081058,-6.406215504397617e-16,-0.1500578756660593,1.7433898849150241e-06,0.10231044283177941,0.0,-7.786688273103209,-0.003030265727737345,0.0,0.0028385934010148046,0.0,0.1991667587473231,0.1991667587473231,-1418.2784844821138
default RB,165.0,520.2385864257812,16.24330711364746,82.56375885009766,0.5889459789947932,3.3716758057181455e-23,0.0,0.00021916733496279254,0.0,0.019140744317330777,-6.431143867557425e-16,-0.14854792743503825,2.1149458534404174e-06,0.10128056113572935,0.0,-7.7074879997526295,-0.0019123897871905222,0.0,0.0017226670056581497,0.0,0.21830750306465388,0.21830750306465388,-1551.9716191736482
default RB,180.0,528.4151611328125,16.0222225189209,84.36884307861328,0.09613336376089536,1.5504421783826264e-23,0.0,0.00011245097135216789,0.0,0.0031243343222290988,-6.4739685311867965e-16,-0.1470741201214452,2.5539372182939818e-06,0.10027525353847572,0.0,-7.6308797640303965,-0.0004690271365597772,0.0,0.0002811900962144136,0.0,0.221431837386883,0.221431837386883,-1684.3383272829487
default RB,195.0,534.2606811523438,15.739935874938965,85.3961410522461,0.44900904901991745,7.301194221690728e-24,0.0,0.0031168965002610315,0.0,0.014592794093147315,-6.509619530035336e-16,-0.14560347939329354,3.087188401674281e-06,0.09927201071689523,0.0,-7.554900153234485,-0.0014993182760172593,0.0,0.0013133515030145644,0.0,0.2360246314800303,0.2360246314800303,-1815.381458736913
default RB,210.0,532.171142578125,15.702190399169922,84.11888885498047,0.916466282533616,4.261605918959349e-24,0.0,0.020323419623384218,0.0,0.029785154182342517,-6.504121848976314e-16,-0.14414521687150525,3.7360103839179334e-06,0.0982770920105298,0.0,-7.4789525907544885,-0.0028647612095201534,0.0,0.0026806639149785042,0.0,0.26580978566237284,0.26580978566237284,-1945.1121539212677
default RB,225.0,537.3548583984375,16.177011489868164,82.43312072753906,0.9435847567887085,6.293226481543565e-24,0.0,0.0019690272030308165,0.0,0.030666504595633026,-6.506970001019372e-16,-0.14273545396917806,4.5104390292348704e-06,0.09731511561930122,0.0,-7.404135770659195,-0.002942241014712848,0.0,0.002759985364973545,0.0,0.29647629025800587,0.29647629025800587,-2073.574062493528
default RB,240.0,545.9342651367188,16.72714614868164,81.10171508789062,0.9980594134034594,4.205797645536532e-15,0.0,8.840241573726858e-05,0.0,0.03243693093561243,-6.519269697181615e-16,-0.14139862108885465,5.399111359920568e-06,0.09640274999854781,0.0,-7.332332157107885,-0.0030998118977030222,0.0,0.002919323721528053,0.0,0.3289132211936183,0.3289132211936183,-2200.832821473497
default RB,255.0,554.7928466796875,17.252681732177734,80.13607788085938,0.9998390285144805,1.0814297805090367e-06,0.0,7.60977963744479e-06,0.0,0.03249476842672062,2.747685917676236e-05,-0.14009535639343743,6.4044416934272286e-06,0.09554063197738114,0.0133070357048679,-7.264037832530448,-0.003103337643012954,0.0,0.0029245290979743005,0.0,0.36140798962033893,0.36140798962033893,-2326.9186422275907
default RB,270.0,961.1541137695312,17.459325790405273,82.8654556274414,0.9999893717479511,0.9963236167472184,0.0,1.2848793111001402e-06,0.0,0.03249965458180842,0.0026137265767624913,-0.13507792889011197,7.642974746972637e-06,0.09470466992211923,1.1003436655332806,-7.198439857027552,-0.004447198253458258,0.0,0.0029249689668416974,0.0,0.39390764420214736,0.39390764420214736,-2448.4887782286914
default RB,285.0,950.6769409179688,17.75257110595703,84.17462921142578,0.9999993124570628,3.579598313291432e-09,0.0,0.00019601084393601232,0.0,0.03249997765485454,0.005092737596285813,-0.13026348107585406,9.184848995929363e-06,0.09389956106780209,2.1514060633977774,-7.134187715906592,-0.0031006086872548194,0.0,0.0029249979078769684,0.0,0.4264076218570019,0.4264076218570019,-2565.72591119696
default RB,300.0,939.9000244140625,18.020238876342773,84.74335479736328,0.9999897604418669,9.39552365149634e-09,0.0,0.0021814454893210778,0.0,0.03249966721436068,0.007550022072621849,-0.1255293437045166,1.1096958334726652e-05,0.09312711255445366,3.200839986875645,-7.071659800698399,-0.0030990416514505154,0.0,0.0029249700129032135,0.0,0.4589072890713626,0.4589072890713626,-2678.702320531025
default RB,315.0,915.4921264648438,18.19671630859375,85.02598571777344,0.9998795227423897,2.535099071406134e-08,0.0,0.006194127535078774,0.0,0.03249608448912766,0.010297516463849875,-0.12041082182047377,1.3508481327929038e-05,0.09238229419720881,4.393480605441797,-7.0104902129096445,-0.0030972135987697566,0.0,0.002924647651612759,0.0,0.49140337356049024,0.49140337356049024,-2787.0720601694516
default RB,330.0,879.236328125,18.459217071533203,85.35821533203125,0.99938820974453,2.4005529797138467e-07,0.0,0.010381515285895376,0.0,0.03248011681669723,0.02645649032430953,-0.09566516799943502,1.7596922377105452e-05,0.09166514320615302,11.421763348064488,-6.94905763179122,-0.003094264587829294,0.0,0.0029232105374336244,0.0,0.5238834903771875,0.5238834903771875,-2873.170711368943
default RB,345.0,826.5897827148438,18.63501739501953,85.45572662353516,0.9931782957258865,6.769265257844329e-06,0.0,0.01897845035837777,0.0,0.03227829461109131,0.04163841014007759,-0.07239874493778503,2.4413015583166706e-05,0.09097677692802654,18.279879811355226,-6.885181991252466,-0.003074537092299412,0.0,0.002905046550929546,0.0,0.5561617849882788,0.5561617849882788,-2938.3295818129495
default RB,360.0,749.8225708007812,17.807653427124023,85.6021499633789,0.9664833685694205,0.0008630414302953973,0.0,0.0226276075233679,0.0,0.03141070947850617,0.056675851888985974,-0.049344175416964356,3.627423538712212e-05,0.09028333305001655,25.455269995916186,-6.814409729398903,-0.0029958682344696716,0.0,0.002826963812112808,0.0,0.5875724944667851,0.5875724944667851,-2982.7393396882176
default RB,375.0,828.244873046875,15.835237503051758,85.0242691040039,0.9999829938573663,0.50408429549311,0.0,0.02942759009397688,0.0,0.03249944730036441,0.08060878752555944,-0.013161564089058555,6.009912907562585e-05,0.08952248194161472,35.23942448981167,-6.723822658168501,-0.0037709735831442793,0.0,0.0029249503120779992,0.0,0.6200719417671494,0.6200719417671494,-2994.5847473683702
default RB,390.0,809.3132934570312,16.642900466918945,84.28009796142578,0.9999999999997808,0.0007411051623612817,0.0,2.1925510296227912e-09,0.0,0.032499999999992875,0.1424643661992072,0.07857270599377399,0.00013195111445338175,0.0887601164506914,63.41220077560827,-6.570535519029363,-0.0030877367509194974,0.0,0.002925,0.0,0.6525719417671423,0.6525719417671423,-2923.8693119739737
default RB,405.0,786.0801391601562,17.324901580810547,84.36653137207031,0.9999999996270923,0.004223067840317399,0.0,3.7290639081088983e-06,0.0,0.0324999999878805,0.20448919095614068,0.17022827528428275,0.0003646141974586647,0.08805984557564754,92.85351906988583,-6.218039612016582,-0.003083760578105262,0.0,0.002925,0.0,0.6850719417550228,0.6850719417550228,-2770.663864218119
default RB,420.0,759.785400390625,17.903623580932617,84.3193130493164,0.9999998006562438,0.03478701672829068,0.0,0.0019894720703659274,0.0,0.03249999352132792,0.2613782734748031,0.25347963980053445,0.0011341411738289707,0.08741710809074996,121.14445341985763,-5.181627031743119,-0.0030995096933893644,0.0,0.002924999476969242,0.0,0.7175719352763508,0.7175719352763508,-2542.532188397638
default RB,435.0,821.073974609375,18.5167293548584,84.08716583251953,0.9999588400025884,0.288789725531595,0.0,0.0028459077544668613,0.0,0.03249866230008413,0.32329119809323836,0.3422842077166996,0.0030856670838129564,0.08682993879072952,148.7917097226888,-2.2608473517830134,-0.003370397276816209,0.0,0.002924879528582096,0.0,0.7500705975764349,0.7500705975764349,-2234.4764014526086
default RB,450.0,766.390625,19.39228057861328,83.95556640625,0.988468556189957,0.0014335489702875712,0.0,0.001857427669155796,0.0,0.03212522807617361,0.38334811258911455,0.4276266913374547,0.005476543928027172,0.08630792041354675,181.86973401685495,2.8072338657366345,-0.002824104593613973,0.0,0.0028912704437971115,0.0,0.7821958256526085,0.7821958256526085,-1849.6123792488993
default RB,465.0,777.7991333007812,19.80950164794922,85.81066131591797,0.026261382843006234,0.18099334329644415,0.0,0.0014581618658847648,0.0,0.0008534949423977026,0.44848247636045024,0.5218214990890784,0.006847165114390515,0.0858479315281031,214.61795214557435,6.889299843351182,-0.0001515728021389805,0.0,7.681454722769558e-05,0.0,0.7830493205950062,0.7830493205950062,-1379.9730300687288
default RB,480.0,607.6365356445312,17.268735885620117,86.39543914794922,0.0005777531105777197,0.07173093709779947,0.0,0.04262027644627675,0.0,1.877697609377589e-05,0.47758105843205756,0.563875640464543,0.007772001344556105,0.08534839964452938,247.32929582878756,9.198614441651443,0.00012790074352499615,0.0,1.689927872212138e-06,0.0,0.7830680975711,0.7830680975711,-872.4849536506401
default RB,495.0,934.970458984375,19.740583419799805,84.9991226196289,0.9999998811653309,0.9999979794874911,0.0,0.0011869363393872678,0.0,0.03249999613787326,0.5936089189216758,0.7335021667192063,0.008618707456119123,0.08487510626188861,278.26280703592863,11.177291065570898,-0.003999863596922502,0.0,0.0029249996513128276,0.0,0.8155680937089732,0.8155680937089732,-212.33300360335443
default RB,510.0,802.0240478515625,19.81949234008789,86.94477844238281,0.001089415409006587,3.991923615622286e-08,0.0,0.009885188948261613,0.0,3.5406000792714086e-05,0.5934081784896438,0.7326902737760023,0.009363911022051866,0.0844827256249168,289.3292116449745,12.873683483288914,0.00031370407643196367,0.0,3.1865400349488476e-06,0.0,0.8156034997097659,0.8156034997097659,447.08824279504756
default RB,525.0,412.5964050292969,11.520343780517578,77.59354400634766,0.0005269851782457037,0.008230832563619207,0.0,0.26448931894024913,0.0,1.712701829298537e-05,0.494720085607259,0.5872960057319306,0.010479719102013757,0.08381127846854092,300.661541342802,14.68847010416357,0.0003489092857041396,0.0,1.5414315741509198e-06,0.0,0.8156206267280589,0.8156206267280589,975.6546479537851
default RB,540.0,752.7083740234375,17.724367141723633,82.65357971191406,1.0,0.999999999999968,0.0,0.0,0.0,0.0325,0.6235626166894765,0.7744094586876071,0.012376707501051708,0.08317946902404412,311.99338760245234,18.42823313448025,-0.003821381953612794,0.0,0.002925,0.0,0.8481206267280589,0.8481206267280589,1672.6231607726315
default RB,555.0,850.9126586914062,20.2458438873291,84.79217529296875,0.9999921029955259,0.43795919419398727,0.0,0.00013268036740099386,0.0,0.032499743347354594,0.6613491131895208,0.8288061204791675,0.013476269747399312,0.08277777086606758,321.4900704354435,21.516352906197426,-0.002986588596487776,0.0,0.002924976986646652,0.0,0.8806203700754135,0.8806203700754135,2418.548669203882
default RB,570.0,737.5005493164062,20.33341407775879,87.55897521972656,1.0390180937011537e-05,9.192949769654017e-05,0.0,0.00677335584107193,0.0,3.376808804528749e-07,0.6176923748445686,0.7638571769271717,0.014427849279924743,0.08245282284236694,310.2699176372723,23.680188293343235,0.0005827424465031628,0.0,3.0391279892683083e-08,0.0,0.880620707756294,0.880620707756294,3106.0201284383365
default RB,585.0,451.7738037109375,9.659140586853027,75.31755065917969,4.638125870460197e-06,0.7597366066882014,0.0,0.5271306879066309,0.0,1.507390907899564e-07,0.5104413953690484,0.6066144847184908,0.015113050449101472,0.08172756688817147,299.5762979434989,24.431604059827805,-0.0004242646424914735,0.0,1.3566518634888781e-08,0.0,0.8806208584953847,0.8806208584953847,3651.973164684978
default RB,600.0,793.1370849609375,16.842323303222656,81.5569076538086,1.0,0.9999999999988225,0.0,0.0,0.0,0.0325,0.5894044714669171,0.7171514808527696,0.019373146885596156,0.08106441409781324,288.88476503615686,31.61611464466114,-0.003496757177977572,0.0,0.002925,0.0,0.9131208584953847,0.9131208584953847,4297.4094974524705
default RB,615.0,735.837890625,19.292617797851562,85.55055236816406,0.9999999976595633,0.01846793922145892,0.0,1.7599874208196632e-05,0.0,0.032499999923935805,0.5635115955337964,0.6771147491276102,0.021205798870452444,0.0806366573483897,280.3072689138517,37.508611207056674,-0.0020266428257614518,0.0,0.002925,0.0,0.9456208584193205,0.9456208584193205,4906.81277166732
default RB,630.0,827.9547729492188,18.257482528686523,86.5055923461914,0.06326210297430813,0.786571601065923,0.0,0.026830648353607697,0.0,0.0020560183466650146,0.6035089608959134,0.7338100308621475,0.022920981425529986,0.08026296690008272,292.89812357798655,41.20825194266217,-0.00023255637575191643,0.0,0.00018504165709018705,0.0,0.9476768767659856,0.9476768767659856,5567.241799443253
default RB,645.0,448.8685302734375,13.786816596984863,78.85408020019531,0.9989298021458309,0.0007611594298682435,0.0,0.13802994940277022,0.0,0.03246521856973951,0.5164797219273185,0.603258203813211,0.025432057971184314,0.07973525923011823,304.8999389783568,45.53937865309126,-0.00180192790541874,0.0,0.0029218696609139443,0.0,0.980142095335725,0.980142095335725,6110.174182875143
default RB,660.0,786.56103515625,19.183937072753906,82.10688018798828,1.0,0.9999999999990989,0.0,0.0,0.0,0.0325,0.6388761683754489,0.7795324550689806,0.02809908619289292,0.07927768999911283,316.90218915278433,51.71309616287908,-0.003002062248298361,0.0,0.002925,0.0,1.0126420953357251,1.0126420953357251,6811.753392437226
default RB,675.0,724.4498291015625,20.93579864501953,85.7104263305664,0.15523358514757454,0.033329804023704696,0.0,4.847084673113048e-05,0.0,0.005045091517296174,0.6448860953057737,0.7863884382381287,0.029709180013218213,0.0790029892093022,328.29724280364746,56.13215412152931,0.0008826610722708014,0.0,0.00045405825600028035,0.0,1.0176871868530213,1.0176871868530213,7519.502986851541
default RB,690.0,813.2515869140625,18.485660552978516,86.14915466308594,1.8063679364726914e-08,0.913192552338203,0.0,0.03569086500916917,0.0,5.870695793536246e-10,0.6752702187983185,0.8287698608458309,0.031482147315507004,0.0787177213836138,334.86993442001625,59.560038718933356,0.00023328323815465543,0.0,5.283625976737483e-11,0.0,1.0176871874400908,1.0176871874400908,8265.39586161279
default RB,705.0,501.78564453125,16.03321075439453,81.4280776977539,0.9913133420510089,0.0029420697018694786,0.0,0.07668042777618546,0.0,0.03221768361665779,0.5916732508203457,0.702899759670917,0.03410794046687935,0.07831548232940827,341.5350003685866,64.25400730041292,-0.0013219262057385197,0.0,0.0028995915144681933,0.0,1.0499048710567487,1.0499048710567487,8898.005645316614
default RB,720.0,830.14111328125,20.413311004638672,82.60000610351562,0.9999999999986422,0.9999999998821232,0.0,1.3578169921757421e-08,0.0,0.03249999999995587,0.7021549971372424,0.8619789681067228,0.03645938113710233,0.0779826931519259,348.20106907330404,70.06845513187,-0.0025502380275232005,0.0,0.002925,0.0,1.0824048710567045,1.0824048710567045,9673.786716612665
default RB,735.0,744.515380859375,21.762901306152344,85.71853637695312,2.222046134443975e-06,0.0006224181291043047,0.0,0.0001202117915482861,0.0,7.22164993694292e-08,0.6990571274912355,0.855704031022835,0.03782735571625838,0.0777952150478767,358.1088379812673,73.88689606109983,0.001817907600624661,0.0,6.4994847775778904e-09,0.0,1.082404943273204,1.082404943273204,10443.920344533217
default RB,750.0,720.6361083984375,19.48548698425293,84.65483856201172,8.879641344512549e-12,0.6236673577998021,0.0,0.03620906222693078,0.0,2.8858834369665784e-13,0.7560180923173178,0.9373237099954035,0.03933389310109935,0.077599862313783,397.3746565974825,76.75965716526844,0.0010475175489168221,0.0,2.5972949767479046e-14,0.0,1.0824049432734926,1.0824049432734926,11287.51168352908
default RB,765.0,957.1107788085938,21.967504501342773,84.19810485839844,0.011300917240373356,0.9372921800770111,0.0,0.005267102963326365,0.0,0.00036727981031213405,0.8788500798925059,1.1159294262571227,0.040547679071750165,0.0774414412564812,435.4013253731698,79.98466055833705,0.0006704535872677267,0.0,3.305518159177154e-05,0.0,1.0827722230838046,1.0827722230838046,12291.84816716049
default RB,780.0,824.8282470703125,23.55424690246582,85.1885757446289,1.3489122793910833e-12,5.19472780628488e-09,0.0,0.0022776432046877743,0.0,4.38396490802102e-14,0.9090308844715064,1.1598095170794949,0.04085524916274522,0.07739643250857003,473.4275766585927,81.45696509230038,0.0020050945183321045,0.0,3.9455684813088924e-15,0.0,1.0827722230838484,1.0827722230838484,13335.676732532034
default RB,795.0,645.5724487304688,23.257001876831055,85.81309509277344,6.067513047005574e-19,0.0010149083585555053,0.0,0.013955961638556634,0.0,1.9719417402768114e-20,0.8817954449334224,1.1197321596981091,0.04095217199408885,0.07738954061829033,501.5096532419127,81.69798765528685,0.0020096572622192955,0.0,1.7747475521256017e-21,0.0,1.0827722230838484,1.0827722230838484,14343.435676260333
default RB,810.0,750.5044555664062,20.30289649963379,84.24688720703125,9.375505942515255e-18,0.9999334922243548,0.0,0.04280328061136017,0.0,3.0470394313174575e-19,0.8546428126052046,1.0786329017454501,0.041925435361053046,0.07728586577996256,463.18703495890696,82.8436450240697,0.0006893179855656884,0.0,2.7423354383785236e-20,0.0,1.0827722230838484,1.0827722230838484,15314.205287831239
default RB,825.0,834.8875732421875,22.270610809326172,87.12417602539062,6.1434503148339926e-06,0.4883839880832915,0.0,0.0024912545610772914,0.0,1.9966213523210475e-07,0.8138838262746185,1.0175222263188082,0.042959751346753006,0.07715893236720824,426.4872891043674,85.29193619527359,0.0014401574733283664,0.0,1.7969592022382128e-08,0.0,1.0827724227459836,1.0827724227459836,16229.975291518167
default RB,840.0,398.6782531738281,12.556008338928223,66.06219482421875,8.270951275663259e-14,0.0004020839221945116,0.0,0.33352282034068736,0.0,2.688059164590559e-15,0.5750940632133782,0.6630577927674469,0.04628069427884053,0.07672851788467545,389.78925773685194,89.18357573785033,0.0021947452048817467,0.0,2.4192533047663003e-16,0.0,1.0827724227459863,1.0827724227459863,16826.72730500887
default RB,855.0,738.1575927734375,18.838356018066406,81.13371276855469,1.0,0.9999999999999911,0.0,0.0,0.0,0.0325,0.665751565215159,0.7906058606211941,0.050390543204074476,0.07631158071534189,359.6274310506216,98.42281016010384,-0.0018522846729820599,0.0,0.002925,0.0,1.1152724227459863,1.1152724227459863,17538.272579567943
default RB,870.0,954.1815185546875,21.301998138427734,85.49624633789062,0.815898201194741,0.7485176325163173,0.0,8.071671179853562e-06,0.0,0.026516691538829084,0.7084793155006716,0.850737773882991,0.05232329496624083,0.07610754816352323,363.10274586424936,104.62488296430092,-0.0008216192458713276,0.0,0.0023865021765232084,0.0,1.1417891142848153,1.1417891142848153,18303.936576062635
default RB,885.0,710.3239135742188,20.006847381591797,85.97329711914062,6.194522856129446e-10,6.803617728889593e-09,0.0,0.024338646551147414,0.0,2.01321992824207e-11,0.6534446138578432,0.7678090809640526,0.053997604351557066,0.07594082680448916,366.44073812254953,108.16848545186076,0.0026626088616644064,0.0,1.8118978817316388e-12,0.0,1.1417891143049475,1.1417891143049475,18994.964748930284
default RB,900.0,743.181884765625,17.53030776977539,82.11698913574219,9.38797512093913e-05,0.974773171570762,0.0,0.056664798889896964,0.0,3.0510919143052173e-06,0.6548261001753263,0.7664304586112406,0.05657752354911792,0.0756823636945029,369.77980246178504,112.65954335300194,0.0014569396143891238,0.0,2.745982774285949e-07,0.0,1.1417921653968617,1.1417921653968617,19684.7521616804
default RB,915.0,924.9434204101562,20.58497428894043,84.40348052978516,0.9999986779920012,0.6520279412789297,0.0,4.938092800243607e-05,0.0,0.03249995703474004,0.6757336436767227,0.793934329371632,0.05896501822052775,0.07544977368721821,366.15717593579393,118.46497957011161,-0.000889172881068304,0.0,0.0029249961644411088,0.0,1.1742921224316016,1.1742921224316016,20399.29305811487
default RB,930.0,825.4345703125,20.555618286132812,87.75497436523438,4.5719931514629307e-07,1.0052087786200533e-07,0.0,0.003321519350220308,0.0,1.4858977742254525e-08,0.5733594942815244,0.6412938540828348,0.06083747158725932,0.07527622049627594,319.05729038627334,122.77947569425305,0.003022262544078108,0.0,1.3373080115286484e-09,0.0,1.1742921372905795,1.1742921372905795,20976.45752678942
default RB,945.0,399.3970947265625,10.284111022949219,61.425357818603516,5.991397077142512e-07,0.0009598397762395801,0.0,0.6153134852102727,0.0,1.947204050071316e-08,0.39407983652298684,0.38137397131745876,0.05935055005755544,0.07470158315206726,273.6918034311533,118.52828735112416,0.002916321844752979,0.0,1.7524836110283103e-09,0.0,1.1742921567626199,1.1742921567626199,21319.694100975135
default RB,960.0,762.1920166015625,15.589786529541016,80.91495513916016,1.0,0.9999999999999905,0.0,0.0,0.0,0.0325,0.4113229062705498,0.3878699241365837,0.07272843860017797,0.0741377056916931,228.32658989931116,136.2649273780844,-0.000920786403001,0.0,0.002925,0.0,1.2067921567626199,1.2067921567626199,21668.77703269806
default RB,975.0,822.3931884765625,17.140722274780273,85.8147964477539,0.9999999999999771,0.24546837045475395,0.0,2.2863599902223086e-10,0.0,0.03249999999999925,0.3440979224863309,0.2829615440067358,0.07743276192871312,0.0737368383653617,184.3597508563924,155.51186125002278,0.0005716019866497325,0.0,0.002925,0.0,1.2392921567626192,1.2392921567626192,21923.442422304124
default RB,990.0,790.111572265625,17.631624221801758,86.66307067871094,0.9999999634495613,0.001269745082078952,0.0,0.00036537085435794925,0.0,0.03249999881211075,0.2771611439329727,0.1793404856174551,0.08149758916024262,0.07338595301319055,147.12397212768164,164.89117030412308,0.001132145595231648,0.0,0.002924999825656414,0.0,1.27179215557473,1.27179215557473,22084.848859359834
default RB,1005.0,650.3594970703125,15.90088176727295,83.9410171508789,0.9999966388107278,0.02425885178976398,0.0,0.032518977637704394,0.0,0.032499890761348654,0.20248291710947747,0.06417157662829451,0.08573356721747152,0.07299600293177752,109.76022681595958,173.49507926371007,0.0013129084179869213,0.0,0.0029249902367591853,0.0,1.3042920463360788,1.3042920463360788,22142.6032783253
default RB,1020.0,1028.9144287109375,16.78307342529297,84.825439453125,0.9999999999995985,0.9998966440137763,0.0,4.013528842605751e-09,0.0,0.032499999999986956,0.15198133216745888,-0.016337101276893796,0.090532421946352,0.07258784272128102,72.39345439051463,183.2901078543291,0.00023689602954259353,0.0,0.002925,0.0,1.3367920463360656,1.3367920463360656,22127.899887176096
default RB,1035.0,1014.2353515625,16.857398986816406,85.06971740722656,0.9999999986438961,6.97308579728962e-12,0.0,1.3560855619987322e-05,0.0,0.032499999955926624,0.08656870207137629,-0.11813699772875215,0.09491457745640947,0.0722020762479137,40.2421653501408,193.18670739730442,0.0018303651051550028,0.0,0.002925,0.0,1.3692920462919922,1.3692920462919922,22021.576589220218
default RB,1050.0,1002.789794921875,16.847291946411133,84.7933349609375,0.9999999973109595,2.695140294056391e-11,0.0,2.688968293518279e-05,0.0,0.03249999991260618,0.06506753843185921,-0.15534208751723133,0.0991596796070018,0.07182291670222266,29.749173950160436,202.46413878953172,0.0020587326470905493,0.0,0.002925,0.0,1.4017920462045983,1.4017920462045983,21881.76871045471
default RB,1065.0,984.4488525390625,16.69585609436035,84.29338073730469,0.9999998541414148,1.431212316637934e-15,0.0,0.0014564616903716132,0.0,0.03249999525959598,0.042336934870211944,-0.19413666492297257,0.10325788296914565,0.0714449575617229,19.07131453907319,211.3771664067899,0.0022781305987004613,0.0,0.0029249996513128276,0.0,1.4342920414641942,1.4342920414641942,21707.045712024035
default RB,1080.0,961.9727172851562,16.521696090698242,83.86311340332031,0.99993071322323,1.3677925115303955e-23,0.0,0.002713475797839034,0.0,0.03249774817975498,0.01797895177696786,-0.23512691319393603,0.1072258214465537,0.07106693206620933,7.996029640843395,219.9992166576485,0.0024905679203582427,0.0,0.002924797412753105,0.0,1.4667897896439492,1.4667897896439492,21495.431490149494
default RB,1095.0,971.815185546875,19.258115768432617,74.88926696777344,0.973992591978455,1.9130970438247094e-31,0.0,0.0012301337382068776,0.0,0.031654759239299786,-4.765737987470478e-16,-0.2660749453369541,0.11063340322613621,0.07078132915895673,0.0,228.698056805144,0.002780562314602296,0.0,0.0028489283144474027,0.0,1.498444548883249,1.498444548883249,21255.964039346236
default RB,1110.0,973.1683959960938,19.377910614013672,77.4833755493164,1.5270455799117e-13,5.060841801660345e-41,0.0,5.0584216889944666e-05,0.0,4.962898134713026e-15,-4.808048789166376e-16,-0.26926628617256293,0.1130334693422817,0.0705571772120631,0.0,234.58475418055605,0.005774393949059394,0.0,4.46660847956519e-16,0.0,1.4984445488832538,1.4984445488832538,21013.62438179093
default RB,1125.0,974.4057006835938,18.64751434326172,82.22634887695312,3.078621449115055e-14,1.1837519814708722e-41,0.0,7.548803872844968e-05,0.0,1.0005519709623928e-15,-4.857044273657325e-16,-0.27245474667154995,0.11544459813803629,0.07031999871971516,0.0,239.68170238441235,0.005899857289462368,0.0,9.004968020643526e-17,0.0,1.498444548883255,1.498444548883255,20768.415109786536
default RB,1140.0,976.7598876953125,17.876571655273438,85.47661590576172,2.5700600548464868e-11,1.0562620277480307e-41,0.0,6.040395889175434e-05,0.0,8.352695178251083e-13,-4.901467004030012e-16,-0.2757694883302303,0.11796928275760363,0.07005536519279645,0.0,244.94730984343914,0.006029472242224866,0.0,7.517425900521734e-14,0.0,1.4984445488840903,1.4984445488840903,20520.22257028933
default RB,1155.0,928.160888671875,16.92241096496582,87.18907928466797,3.116806356993215e-08,8.503599264226536e-42,0.0,0.023494267691370748,0.0,1.012962066022795e-09,-4.893053226280994e-16,-0.2791188069960084,0.12054954483445254,0.0697587294403091,0.0,250.33478112654848,0.00616208682887153,0.0,9.116658628016695e-11,0.0,1.4984445498970524,1.4984445498970524,20269.015643992923
default RB,1170.0,805.8796997070312,15.361166000366211,86.92452239990234,0.0002043003998616639,7.47418070434691e-40,0.0,0.3606082423495652,0.0,6.639762995504075e-06,-7.19836519542506e-16,-0.28199813666204454,0.12286242851701806,0.06940902504225248,0.0,255.2126776156947,0.0062815606395448175,0.0,5.975786876661004e-07,0.0,1.4984511896600479,1.4984511896600479,20015.217320997082
default RB,1185.0,727.8287963867188,15.136354446411133,83.7973861694336,0.9972237550043154,5.818471273937496e-35,0.0,0.25729717261586105,0.0,0.03240977203764025,-7.061694470606924e-16,-0.28538999708551127,0.1255613061868947,0.06902277944012489,0.0,259.80274427069526,0.0034782650499027945,0.0,0.0029168794244527813,0.0,1.530860961697688,1.530860961697688,19758.36632362012
default RB,1200.0,726.2796020507812,16.174739837646484,81.57835388183594,0.9996490322671104,7.70631771248656e-32,0.0,0.0010900119480804556,0.0,0.03248859354868109,-7.041861016416984e-16,-0.28957345031899395,0.12877494469425654,0.0686614953618383,0.0,266.70932132407324,0.0036411790599344437,0.0,0.0029239734649658205,0.0,1.5633495552463692,1.5633495552463692,19497.750218333025
default RB,1215.0,741.3392944335938,16.473390579223633,83.09573364257812,0.16667052901723037,8.888168996067075e-32,0.0,1.830947098085852e-05,0.0,0.0054167921930599865,-7.079756636641166e-16,-0.29245173808456176,0.13105901819476518,0.06833989075916787,0.0,273.0435010906731,0.006233559492802283,0.0,0.0004875113032758236,0.0,1.568766347439429,1.568766347439429,19234.54365405692
default RB,1230.0,756.0406494140625,16.232833862304688,85.74694061279297,0.012616088790363623,2.2203734759109703e-32,0.0,0.0002995429217112753,0.0,0.00041002288568681774,-7.130425012000119e-16,-0.29472433919535934,0.13292276145252488,0.06802564823253222,0.0,277.43904740240396,0.006792366799940533,0.0,3.69020591955632e-05,0.0,1.569176370325116,1.569176370325116,18969.2917487811
default RB,1245.0,735.056640625,15.649518966674805,87.2886962890625,0.10484743248008285,5.732853098170012e-33,0.0,0.03807898691224509,0.0,0.003407541555602693,-7.10849109674014e-16,-0.29648674665084984,0.1344501068829218,0.06769994422871306,0.0,280.84509548281494,0.006606431306444036,0.0,0.0003066787362098694,0.0,1.5725839118807188,1.5725839118807188,18702.453676795336
default RB,1260.0,674.2094116210938,15.02725887298584,84.93482971191406,0.9618763888186321,3.9603345057082016e-32,0.0,0.40390575693217123,0.0,0.031260982636605546,-6.983719845602064e-16,-0.2976800678968899,0.13561404615332207,0.06734963306683561,0.0,282.9908727431466,0.004152440727549747,0.0,0.0028134884476661683,0.0,1.6038448945173243,1.6038448945173243,18434.541615688137
default RB,1275.0,674.2301635742188,16.0051212310791,82.31082153320312,0.9998714774329513,1.0755300990263502e-29,0.0,0.008790904218238284,0.0,0.03249582301657092,-6.95581406822393e-16,-0.3004183040219486,0.13781700590763812,0.06701365245708209,0.0,286.96836953298043,0.00413921267327548,0.0,0.002924624115228653,0.0,1.636340717533895,1.636340717533895,18164.16514206838
default RB,1290.0,691.432861328125,16.531482696533203,82.75165557861328,0.48820877538113067,1.0734753575145568e-29,0.0,7.057165828142267e-05,0.0,0.015866785199886744,-6.986275635930885e-16,-0.30210823113685836,0.13926476094602114,0.0667181204320814,0.0,291.4912607019869,0.005747158839753292,0.0,0.0014280106544494627,0.0,1.652207502733782,1.652207502733782,17892.26773404521
default RB,1305.0,709.4630126953125,16.39702796936035,85.17620086669922,0.007427263608688608,2.201318835646252e-30,0.0,0.00015894476361106628,0.0,0.0002413860672823797,-7.038712228627154e-16,-0.30315037240822634,0.14025561034272888,0.06643782189018359,0.0,294.176970809669,0.007219554535616368,0.0,2.172474585240707e-05,0.0,1.6524488888010642,1.6524488888010642,17619.432398877805
default RB,1320.0,711.2931518554688,15.866856575012207,87.26190948486328,0.025166305598334403,4.182889794272691e-31,0.0,0.013645545474827088,0.0,0.000817904931945868,-7.062319450417027e-16,-0.30374041160812804,0.14094696714983365,0.06614876453074504,0.0,295.79378933884436,0.007207466449930261,0.0,7.361144148744642e-05,0.0,1.65326679373301,1.65326679373301,17346.06602843049
default RB,1335.0,655.0436401367188,14.870603561401367,84.71611022949219,0.7731690563396589,3.5340363872601976e-31,0.0,0.3920721381560468,0.0,0.025127994331038916,-6.950597650213904e-16,-0.30317234768047124,0.1408808498904523,0.06582756548237342,0.0,295.62222400465544,0.0050153353007411795,0.0,0.0022615194439888,0.0,1.678394788064049,1.678394788064049,17073.210915518066
default RB,1350.0,656.90966796875,15.54708480834961,82.50826263427734,0.9999696329822197,6.284274130032877e-29,0.0,0.005892758547564398,0.0,0.03249901307192214,-6.935223856422542e-16,-0.3047088257702399,0.14225187082539564,0.06550414322726048,0.0,296.82879003801645,0.004381643572590277,0.0,0.0029249112591147423,0.0,1.7108938011359711,1.7108938011359711,16798.97297232485
default RB,1365.0,674.8142700195312,16.1414737701416,81.28385925292969,0.9848053506735588,5.291906307532003e-29,0.0,0.00010152516163561716,0.0,0.03200617389689066,-6.965128988105171e-16,-0.3057214539524976,0.14323315352144583,0.065213288825604,0.0,300.1247903125404,0.004507131510464153,0.0,0.002880555635690689,0.0,1.7428999750328618,1.7428999750328618,16523.823663767602
default RB,1380.0,693.1966552734375,16.08513641357422,82.37623596191406,0.21365593307124497,1.0172450262001552e-29,0.0,1.0643290031897195e-05,0.0,0.006943817824815461,-7.016563002507101e-16,-0.30597633164469634,0.14367898695679168,0.06494123563199643,0.0,301.91993815785827,0.0068069317946258855,0.0,0.0006249436061829329,0.0,1.7498437928576773,1.7498437928576773,16248.444965287375
default RB,1395.0,710.4505615234375,15.711356163024902,83.76561737060547,0.31342968838828095,1.871253809459154e-30,0.0,7.960875083235273e-05,0.0,0.010186464872619132,-7.073921952666286e-16,-0.305790910849327,0.14383053031394114,0.06466326900741774,0.0,302.32997972243174,0.006525186907546952,0.0,0.0009167818240821362,0.0,1.7600302577302964,1.7600302577302964,15973.233145522981
default RB,1410.0,727.1590576171875,15.833264350891113,82.81140899658203,0.9345336145722608,3.819215515200187e-31,0.0,0.0010281250055034317,0.0,0.03037234247359848,-7.111956265773288e-16,-0.305619372123137,0.143994017268706,0.06438282383223104,0.0,302.55323068190773,0.0047139533714488,0.0,0.002733510768413544,0.0,1.7904026002038949,1.7904026002038949,15698.175710612159
default RB,1425.0,744.8450317382812,16.227468490600586,81.63906860351562,0.8228373741023357,8.19663767535887e-32,0.0,0.00017744124403006763,0.0,0.02674221465832591,-7.141354899823209e-16,-0.29967754484758174,0.14020728976522145,0.0641183055346191,0.0,300.787336926689,0.004997196729086124,0.0,0.0024067992568016054,0.0,1.8171448148622207,1.8171448148622207,15428.465920249335
default RB,1440.0,759.64404296875,16.184110641479492,83.05219268798828,0.10957774711062257,1.6076762572138453e-32,0.0,2.047632600577649e-05,0.0,0.0035612767810952336,-7.175891685326991e-16,-0.24185343126600695,0.10104005090566275,0.06386001307433845,0.0,263.3935583963248,0.0061630188404326325,0.0,0.0003205149047076702,0.0,1.820706091643316,1.820706091643316,15210.797832109929
default RB,1455.0,766.7302856445312,15.815025329589844,85.08782958984375,0.15502434607918522,4.113736518441533e-33,0.0,0.0002764587990080629,0.0,0.00503829124757352,-7.202735617222674e-16,-0.16537846505967543,0.04918472678241752,0.06357331566710386,0.0,149.0700152492791,0.003215969537140515,0.0,0.00045344622284173967,0.0,1.8257443828908895,1.8257443828908895,15061.957213556221
default RB,1470.0,753.55810546875,15.57262897491455,84.4531021118164,0.8460147384113134,2.141834041470003e-33,0.0,0.011619797510083494,0.0,0.027495478998367684,-7.182040292134303e-16,-0.13371263976762068,0.02790645306500836,0.06326125432370419,0.0,73.37447221048933,-0.0006684522544803957,0.0,0.002474593108892441,0.0,1.8532398618892572,1.8532398618892572,14941.615837765363
default RB,1485.0,746.5372314453125,15.747862815856934,82.3552017211914,0.9808521993527953,7.205692185901258e-33,0.0,0.003638312239519958,0.0,0.03187769647896585,-7.161843610239196e-16,-0.1198361844699529,0.018760655729085807,0.06294583229869774,0.0,43.18128122083726,-0.0018060688006025386,0.0,0.0028689926460385325,0.0,1.885117558368223,1.885117558368223,14833.763271742406
default RB,1500.0,747.3762817382812,15.962550163269043,80.66693878173828,0.9107043088714816,1.375648708672124e-32,0.0,7.65828021198324e-05,0.0,0.029597890038323152,-7.1576318097600705e-16,-0.1123199454904333,0.013942270559396137,0.06263950916003781,0.0,28.977277636673534,-0.0019505232863894733,0.0,0.0026638101205229757,0.0,1.914715448406546,1.914715448406546,14732.675320801016
default RB,1515.0,749.057373046875,15.948779106140137,80.32660675048828,0.5853867486415274,1.2733462009835965e-32,0.0,3.4162450348168495e-06,0.0,0.01902506933084964,-7.16219305258516e-16,-0.10759041274893853,0.011016520560398684,0.062340577798983714,0.0,20.96254122861137,-0.0011962552379075294,0.0,0.0017122562527656555,0.0,1.9337405177373956,1.9337405177373956,14635.84394932697
default RB,1530.0,750.5484008789062,15.942519187927246,80.44331359863281,0.6157997219571912,1.0906945111792449e-32,0.0,1.8250950981115724e-06,0.0,0.020013490963608715,-7.165837533295107e-16,-0.10430834057646714,0.00907549529534945,0.06204382662069503,0.0,15.874282381220837,-0.0014104626294809321,0.0,0.0018012141957879067,0.0,1.9537540087010044,1.9537540087010044,14541.96644280815
default RB,1545.0,751.9740600585938,16.002649307250977,80.63935852050781,0.6293473916089473,9.507411932404938e-33,0.0,2.2628483384952707e-06,0.0,0.020453790227290786,-7.166997041945968e-16,-0.10186614835223919,0.007702116342994574,0.06175207453927221,0.0,12.40129885514034,-0.001535578357080141,0.0,0.0018408410981297493,0.0,1.9742077989282951,1.9742077989282951,14450.286909291135
default RB,1560.0,753.1110229492188,16.02080535888672,81.2949447631836,0.49389794670460685,8.337522406413377e-33,0.0,3.2469072800263723e-06,0.0,0.016051683267899724,-7.168621880937104e-16,-0.09994772473822129,0.006679637490126233,0.061466537313822615,0.0,9.889316911270726,-0.001201222148860375,0.0,0.0014446514882147314,0.0,1.9902594821961948,1.9902594821961948,14360.333957026736
default RB,1575.0,753.7344360351562,15.91030216217041,82.2144775390625,0.4522393876129639,7.508588759885846e-33,0.0,1.08628634786455e-05,0.0,0.014697780097421329,-7.173284227921827e-16,-0.09837099938269198,0.005887785359285025,0.06118334944773399,0.0,7.984405236929888,-0.0011262610221675668,0.0,0.0013228002279996871,0.0,2.0049572622936163,2.0049572622936163,14271.800057582313
default RB,1590.0,753.9481811523438,15.749787330627441,82.24140167236328,0.695540431229668,7.089530599748583e-33,0.0,5.9095482438401046e-05,0.0,0.02260506401496421,-7.179360122543169e-16,-0.0970279605531322,0.005257451219577118,0.06089797531006605,0.0,6.487811199724092,-0.001874755784379533,0.0,0.0020344557523727415,0.0,2.0275623263085807,2.0275623263085807,14184.474893084494
default RB,1605.0,754.4205932617188,15.749723434448242,81.03083801269531,0.9092529146636147,6.95139265695881e-33,0.0,6.210167883463203e-05,0.0,0.02955071972656748,-7.18135803597267e-16,-0.09586306148136856,0.004748597260473816,0.060612579915506906,0.0,5.295164370443672,-0.0025292223466245028,0.0,0.0026595648542046546,0.0,2.0571130460351483,2.0571130460351483,14098.198137751262
default RB,1620.0,755.0573120117188,15.816347122192383,79.57698059082031,0.9093012603229319,6.655419557645727e-33,0.0,6.6784001228038975e-06,0.0,0.029552290960495293,-7.181440383604817e-16,-0.09483579738959712,0.00432867716002481,0.06033209269251731,0.0,4.33084507388412,-0.002553100829649573,0.0,0.0026597062468528745,0.0,2.086665336995644,2.086665336995644,14012.845920100624
default RB,1635.0,755.616943359375,15.89575481414795,78.4947509765625,0.8444220014053293,6.27632073077297e-33,0.0,4.5876297844379774e-07,0.0,0.027443715045673202,-7.180577446759329e-16,-0.09391617930542935,0.003975730912726825,0.060058026620318186,0.0,3.5321386911236914,-0.0023829893471913124,0.0,0.0024699342995882032,0.0,2.114109052041317,2.114109052041317,13928.321358725738
default RB,1650.0,756.0108642578125,16.030029296875,78.11308288574219,0.7231486675251685,5.961040454963046e-33,0.0,6.248873980114682e-08,0.0,0.023502331694567977,-7.177104886021111e-16,-0.09308616918802382,0.0036757785471881904,0.05979206300629941,0.0,2.8610693360533332,-0.0020447834614954457,0.0,0.0021152097836136816,0.0,2.137611383735885,2.137611383735885,13844.543806456517
default RB,1665.0,756.357177734375,16.29402732849121,77.72113800048828,0.9000056907938399,4.213073068885338e-30,0.0,3.0935866482835213e-08,0.0,0.0292501849507998,-7.169074648889899e-16,-0.09233452080789441,0.0034185681533894716,0.05953678587686975,0.0,2.29091433242138,-0.002576124929833369,0.0,0.0026325166672468182,0.0,2.166861568686685,2.166861568686685,13761.442737729412
default RB,1680.0,756.7932739257812,16.73853302001953,77.01644897460938,0.9993412762133919,2.315824460155955e-21,0.0,1.5028300079360363e-08,0.0,0.032478591476935235,-4.770115709515389e-16,-0.09165848488326003,0.0031955495439397463,0.059298870909146775,0.0,1.8038076337106759,-0.002878671736011926,0.0,0.002923073154687881,0.0,2.19934016016362,2.19934016016362,13678.950101334478
default RB,1695.0,755.9796142578125,16.9295654296875,80.23506927490234,0.9999793697376732,1.2606234101842724e-12,0.0,4.103555321282441e-09,0.0,0.03249932951647438,0.0019795174504853063,-0.08816179584147252,0.003021310530739633,0.05906852124834795,0.8759157782896844,1.398073537449818,-0.0028905255592760384,0.0,0.0029249396771192553,0.0,2.231839489680094,2.231839489680094,13599.604485077152
default RB,1710.0,754.2247924804688,17.048934936523438,83.64107513427734,0.9999999374836751,0.000770079257942564,0.0,1.5419238117373414e-06,0.0,0.032499997968219445,0.007904625672438012,-0.07902102975599276,0.0029396218777916856,0.05884297771595458,3.5034982884700474,1.1460394898749655,-0.0028978292298337998,0.0,0.002924999825656414,0.0,2.2643394876483134,2.2643394876483134,13528.48555829676
default RB,1725.0,912.107177734375,17.278038024902344,84.54788208007812,0.9999999843057443,0.4039285690975855,0.0,0.0001569179326049719,0.0,0.03249999948993669,0.01440189354358737,-0.06918471702716758,0.00294325000213429,0.058630040715762104,6.130835136770761,1.0849229666491738,-0.0034435977840627757,0.0,0.002925,0.0,2.29683948713825,2.29683948713825,13466.21931297231
default RB,1740.0,897.201416015625,17.457056045532227,84.69218444824219,0.9999998705341421,3.278783168958944e-07,0.0,0.0012929847720540844,0.0,0.03249999579235961,0.020471175163505134,-0.06011245736233403,0.003027722238541177,0.05842921861435589,8.757928395356517,1.2010416940320283,-0.0028954359907108554,0.0,0.0029249996513128276,0.0,2.3293394829306098,2.3293394829306098,13412.118101346208
default RB,1755.0,870.1419677734375,17.672094345092773,84.64325714111328,0.9999993266758,1.2940133379036154e-06,0.0,0.005640027228300149,0.0,0.0324999781169635,0.038103418024692894,-0.03445270336882422,0.003353623897403128,0.05824027329917511,16.46414858395946,1.657622048005578,-0.0028841968248800084,0.0,0.002924998082220554,0.0,2.3618394610475733,2.3618394610475733,13381.110668314266
default RB,1770.0,839.9066162109375,18.216524124145508,84.72207641601562,0.9999951205314287,1.5642716894003607e-05,0.0,0.005156627864734111,0.0,0.03249984141727143,0.07700417639498362,0.021386010987708634,0.00435117193676357,0.05807163357714526,33.802591217546535,3.0685554002120625,-0.0028494731501050087,0.0,0.0029249857038259504,0.0,2.3943393024648447,2.3943393024648447,13400.358078203204
default RB,1785.0,806.4730834960938,18.916400909423828,84.86054229736328,0.9992658652362819,0.000253291050434846,0.0,0.00595744030193057,0.0,0.032476140620179166,0.11443165980494117,0.07342959758113396,0.006432350883299373,0.057933675055000584,51.142562979166044,6.3255230699287495,-0.002767489369701138,0.0,0.002922852610051632,0.0,2.4268154430850237,2.4268154430850237,13466.444716026224
default RB,1800.0,768.6620483398438,19.401395797729492,85.74429321289062,0.6835145180877684,0.005478893687940658,0.0,0.007675375735095775,0.0,0.02221422183785247,0.1505169807482592,0.12071908098406504,0.010381456999689731,0.05782706083499296,68.60732382663076,12.720303020250867,-0.001693561371584208,0.0,0.0019992800161242486,0.0,2.449029664922876,2.449029664922876,13575.091888911882
default RB,1815.0,687.56591796875,15.939210891723633,87.10345458984375,0.02419794184220524,0.1520198786086688,0.0,0.037901676920245354,0.0,0.0007864331098716704,0.20856515759987812,0.19411311060865033,0.018542874577583184,0.05767243712113157,97.8376703248282,25.599647100898437,0.00035413935118927987,0.0,7.077897931449115e-05,0.0,2.449816098032748,2.449816098032748,13749.793688459667
default RB,1830.0,1035.8228759765625,16.959243774414062,84.8449478149414,0.9999999999994287,0.9968285531807893,0.0,5.712743611496762e-09,0.0,0.03249999999998143,0.36183267063947433,0.3874914535150841,0.04013466579572033,0.0574992910117281,159.01098073250435,56.926227317148005,-0.002869457570567655,0.0,0.002925,0.0,2.4823160980327295,2.4823160980327295,14098.535996623243
default RB,1845.0,982.9837036132812,18.412317276000977,84.02809143066406,0.999999993129703,3.69053295820592e-12,0.0,6.869825077404634e-05,0.0,0.032499999776715346,0.4511970922305357,0.4763074389261784,0.06904529158138381,0.05739673415315266,203.7496649603486,114.82887717349513,-9.844302342664054e-05,0.0,0.002925,0.0,2.5148160978094447,2.5148160978094447,14527.212691656803
default RB,1860.0,917.10205078125,19.925765991210938,83.6667709350586,0.9955604390351146,4.793474806424003e-10,0.0,0.0016662669656137665,0.0,0.03235571426864122,0.5313631569060496,0.5592669596373864,0.09267446056943518,0.05737032122258592,247.24426763600562,172.23854743866832,0.0013277037234645257,0.0,0.002912014366686344,0.0,2.5471718120780857,2.5471718120780857,15030.552955330451
default RB,1875.0,851.0405883789062,20.945777893066406,85.61170196533203,0.0001980829568620267,2.0697306826390039e-07,0.0,0.0008571213552506916,0.0,6.4376960980158686e-06,0.5918043008330677,0.6241613847418207,0.10882926231695222,0.057410465216472306,283.57297690744656,213.89983572161873,0.0052646470533989735,0.0,5.793926426122199e-07,0.0,2.5471782497741837,2.5471782497741837,15592.29820159809
default RB,1890.0,684.80517578125,19.755069732666016,87.06356048583984,1.6477303245645825e-08,9.085204486048905e-05,0.0,0.029934238585910086,0.0,5.355123554834893e-10,0.6014207204682923,0.6248156953067305,0.11795103178980745,0.05745899454668466,307.6747647220128,240.24328649017843,0.005913558199762774,0.0,4.819611150175263e-11,0.0,2.5471782503096962,2.5471782503096962,16154.632327374147
default RB,1905.0,548.8795166015625,13.1762113571167,74.23930358886719,0.000953463323328395,0.9975388531296522,0.0,0.30917795194934217,0.0,3.098755800817284e-05,0.5978749573411598,0.6149294413009405,0.121265284812465,0.05733960601397514,331.78344134993534,252.67674633557908,0.004870268946994888,0.0,2.788880192383658e-06,0.0,2.5472092378677043,2.5472092378677043,16708.068824544993
default RB,1920.0,887.300537109375,19.404003143310547,81.4765625,1.0,0.9999999909805056,0.0,0.0,0.0,0.0325,0.7307780192678403,0.7990150136444027,0.12873299410979183,0.057262070534477044,355.8988864319386,263.59898409005837,0.002213590377601436,0.0,0.002925,0.0,2.5797092378677045,2.5797092378677045,17427.182336824957
default RB,1935.0,813.7094116210938,22.20207405090332,85.8658218383789,0.023637238849947232,3.2208573129007815e-06,0.0,1.5179252023231345e-05,0.0,0.0007682102626232851,0.7652561536275417,0.8408284637109349,0.1346064261984516,0.05735760278836006,382.57086326422103,278.58206738067383,0.006788261463613937,0.0,6.913892375305295e-05,0.0,2.5804774481303276,2.5804774481303276,18183.9279541648
default RB,1950.0,602.0486450195312,21.004526138305664,86.5574951171875,1.5549106216407673e-13,0.002820977256079174,0.0,0.04696518697854601,0.0,5.053459520332493e-15,0.7480410250174805,0.8108588503435671,0.13769162671205315,0.0574911006146211,413.39259608413244,287.8190775937692,0.007080968975337806,0.0,4.548113442256291e-16,0.0,2.5804774481303325,2.5804774481303325,18913.70091947401
default RB,1965.0,624.5056762695312,17.714834213256836,77.62528228759766,9.59175796761669e-09,0.9999987923296677,0.0,0.14980337936996768,0.0,3.117321339475424e-10,0.8021466595654282,0.8877293035392907,0.13933163996017148,0.057545050168496606,444.22241836969107,292.6077358236362,0.005852653540005177,0.0,2.8055891010403397e-11,0.0,2.5804774484420645,2.5804774484420645,19712.657292659373
default RB,1980.0,940.5955810546875,23.462106704711914,80.99532318115234,0.9999927667140156,0.9999904452288819,0.0,1.2595684904179972e-08,0.0,0.032499764918205505,0.958952042975306,1.1164085224366378,0.1400984324425408,0.05766599448798899,475.06003187990956,295.0335110304586,0.002987397318619232,0.0,0.0029249789044260978,0.0,2.6129772133602702,2.6129772133602702,20717.424962852347
default RB,1995.0,832.4426879882812,26.139787673950195,83.70464324951172,1.4176626364185847e-18,2.3777833998304498e-08,0.0,0.0009156066780633361,0.0,4.6074035683604e-20,0.9823708387853847,1.1515932925426842,0.1392424632376264,0.05795114392780644,505.3793412184347,293.4297310828988,0.007222885656094355,0.0,4.146663297006927e-21,0.0,2.6129772133602702,2.6129772133602702,21753.85892614076
default RB,2010.0,405.1792907714844,17.075395584106445,62.18804168701172,2.759624394476478e-29,0.0005035857696014583,0.0,0.30376773930113926,0.0,8.968779282048553e-31,0.7854818440124337,0.8595369776758661,0.14135897008333786,0.058074944528272256,534.8929668264847,297.315035364285,0.007317844106611671,0.0,8.071901347266039e-32,0.0,2.6129772133602702,2.6129772133602702,22527.44220604904
default RB,2025.0,725.7290649414062,24.891826629638672,72.23297882080078,0.9999999799745343,0.9999999999999838,0.0,3.7617996207268793e-10,0.0,0.032499999349172366,1.0372137861943074,1.2297987812684272,0.14047569906077242,0.05823893228530204,564.4133208493332,297.4469165424962,0.003046770253353752,0.0,0.002925,0.0,2.6454772127094426,2.6454772127094426,23634.261109190626
default RB,2040.0,863.45947265625,26.38322639465332,77.5439224243164,2.7082957105251068e-24,0.9033857128669208,0.0,0.024057484645274605,0.0,8.801961059206596e-26,1.1376057757462605,1.379482026639208,0.13847685380653335,0.05857301061228496,593.9404102310014,291.3140876021789,0.005951237616833802,0.0,7.921765107784448e-27,0.0,2.6454772127094426,2.6454772127094426,24875.79493316591
default RB,2055.0,394.3163757324219,16.852760314941406,53.245697021484375,2.9315065745275046e-30,2.8947198251836886e-05,0.0,0.4331822900986858,0.0,9.527396367214389e-32,0.8607211841417229,0.9680095513875752,0.14202535913257242,0.05868932387542148,613.1747247679589,298.4616791502049,0.0073467099465170296,0.0,8.574656491318944e-33,0.0,2.6454772127094426,2.6454772127094426,25747.003529414727
default RB,2070.0,709.975341796875,25.788646697998047,68.42880249023438,0.9999999974234322,0.999999999999994,0.0,2.252995859381041e-10,0.0,0.03249999991626155,1.1098590266156614,1.3355039254807433,0.14041659803858622,0.05887158571357208,617.2651057642835,298.15158481347316,0.0030641159338701098,0.0,0.002925,0.0,2.677977212625704,2.677977212625704,26948.957062347396
default RB,2085.0,580.885009765625,20.82249641418457,60.73204803466797,7.00505773454102e-28,0.975550733719853,0.0,0.16274411064257768,0.0,2.2766437637258319e-29,1.0369325469552753,1.2255580276684321,0.14223210410582093,0.05909271086134806,621.3560217385116,298.2722142385901,0.006025091813506128,0.0,2.0489794285379336e-30,0.0,2.677977212625704,2.677977212625704,28051.959287248985
default RB,2100.0,874.825439453125,27.202096939086914,73.79515838623047,5.1287608398578206e-08,0.9999998280511242,0.0,2.1013382690921554e-06,0.0,1.6668472729537918e-09,1.191585539521889,1.4580487050636117,0.13808637540842886,0.05937506385827459,625.4474313591273,295.2120175946038,0.005916757447557424,0.0,1.5001625062183166e-10,0.0,2.677977214292551,2.677977214292551,29364.203121806237
default RB,2115.0,394.3184509277344,15.686080932617188,47.77840042114258,1.5545791021412655e-33,1.0161882087931316e-05,0.0,0.8343308931100988,0.0,5.052382081959113e-35,0.8720289117772948,0.9824778561963307,0.14272305128479928,0.059434606247110854,626.1896293599701,300.05909821760724,0.007386056391430457,0.0,4.547144033280173e-36,0.0,2.677977214292551,2.677977214292551,30248.433192382934
default RB,2130.0,710.6741943359375,25.79816246032715,65.35855865478516,0.9999999999999445,0.999999999999994,0.0,1.5349026937715262e-11,0.0,0.0324999999999982,1.1178023097158267,1.3449952083058316,0.1411645583043183,0.059595579458661445,622.2413375481771,299.6519378263911,0.003101047700341933,0.0,0.002925,0.0,2.710477214292549,2.710477214292549,31458.928879858184
default RB,2145.0,573.1204223632812,21.165857315063477,58.714271545410156,6.417271129155973e-28,0.9739674792962201,0.0,0.16575161780150702,0.0,2.0856131169756914e-29,1.0285018083741613,1.2112316063779625,0.14284616932025093,0.059815921416630294,618.2916236002446,299.51546115589736,0.006057832159623145,0.0,1.8770518489769488e-30,0.0,2.710477214292549,2.710477214292549,32549.03732559835
default RB,2160.0,869.7122192382812,27.560035705566406,73.0740737915039,2.170567772644798e-09,0.9999999158959723,0.0,4.632918390016096e-06,0.0,7.054345261095594e-11,1.1719019743417647,1.4280643027962425,0.13811845375890722,0.060103330618335,614.3404681467955,295.76312791055534,0.005930323222684877,0.0,6.348910597253621e-12,0.0,2.7104772143630926,2.7104772143630926,33834.29519811497
default RB,2175.0,394.61181640625,16.31821060180664,46.98346710205078,5.752530996387748e-35,1.6274121883702563e-05,0.0,0.919887640041823,0.0,1.8695725738260184e-36,0.8448395220304624,0.9406090141858384,0.14334997730407062,0.06016522773204441,598.6108079459357,301.16648451497895,0.007413306879535237,0.0,1.6826152325381664e-37,0.0,2.7104772143630926,2.7104772143630926,34680.84331088222
default RB,2190.0,718.1154174804688,25.574378967285156,65.5200424194336,0.9999999999812568,0.999999999999994,0.0,6.579775589907483e-11,0.0,0.03249999999939084,1.0385261168250313,1.2262326936229997,0.14214656664956588,0.06031181868067061,567.1725310353353,301.1338819603843,0.003137526325178691,0.0,0.002925,0.0,2.7429772143624835,2.7429772143624835,35784.45273514292
default RB,2205.0,658.7320556640625,22.724933624267578,64.46623992919922,5.040636524596413e-27,0.9496297241955972,0.0,0.1060895634358887,0.0,1.6382068704938346e-28,0.962197624506221,1.1122911821274921,0.14326986075079573,0.06054742514662152,535.7267415896937,300.37099737199605,0.006111747500183633,0.0,1.474386228980026e-29,0.0,2.7429772143624835,2.7429772143624835,36785.514799057666
default RB,2220.0,964.8716430664062,26.99791717529297,76.9272232055664,1.2596848891442075e-15,0.9997765475294055,0.0,0.0001678269212681834,0.0,4.093975889718674e-17,1.0177353930775406,1.1974626107859034,0.14045690682798886,0.06082671999334453,504.273511510216,298.16459585441044,0.0059897378736949265,0.0,3.6845781771952966e-18,0.0,2.7429772143624835,2.7429772143624835,37863.23114876498
default RB,2235.0,395.6749267578125,16.178024291992188,47.00205993652344,1.0193775500647444e-32,2.54177473876863e-09,0.0,0.7588700402415336,0.0,3.3129770377104194e-34,0.6996033523751459,0.7258610280134327,0.14384990364868866,0.060848210733961045,469.26866544553263,302.50780736301385,0.007446346023965868,0.0,2.981679286472508e-35,0.0,2.7429772143624835,2.7429772143624835,38516.50607397707
default RB,2250.0,737.00537109375,23.51059341430664,66.64230346679688,0.9999999999948466,0.9999999999999933,0.0,4.764580527721411e-11,0.0,0.03249999999983251,0.8251914940814096,0.9103602085520548,0.14358383009835554,0.060907532298872344,429.7531066313311,302.91194716132304,0.0031812940839710284,0.0,0.002925,0.0,2.775477214362316,2.775477214362316,39335.83026167392
default RB,2265.0,959.917236328125,25.19446563720703,83.39801025390625,9.070379663512045e-19,0.7679628294348586,0.0,0.0010236437590946828,0.0,2.947873390641415e-20,0.8116281312562,0.8907158962499749,0.14319793017097382,0.06112391847111724,390.2286514165672,301.60724765784107,0.006387428605825856,0.0,2.6530860711928725e-21,0.0,2.775477214362316,2.775477214362316,40137.474568298894
default RB,2280.0,666.0445556640625,22.51900291442871,84.82563781738281,1.6677787332848862e-25,4.011475740599106e-09,0.0,0.0471508517285639,0.0,5.4202808831758804e-27,0.6688314618810955,0.679817158851705,0.14400737303369715,0.06131239747903434,350.69543309020025,302.40676228070515,0.00744385875841725,0.0,4.878252953962936e-28,0.0,2.775477214362316,2.775477214362316,40749.31001126543
default RB,2295.0,968.639892578125,23.38473892211914,89.23641967773438,8.394364836207063e-15,0.9995618772202441,0.0,0.007200713823384211,0.0,2.7281685717672957e-16,0.6506608978127183,0.6529365583921074,0.1440154212406946,0.06146146702485823,304.7808446301699,303.21051823742164,0.006114234952931985,0.0,2.4553517673948108e-17,0.0,2.7754772143623163,2.7754772143623163,41336.95291381833
default RB,2310.0,399.349853515625,13.706255912780762,52.109981536865234,2.8909654761808794e-18,1.7963847883491812e-09,0.0,0.9607814615523492,0.0,9.395637797587859e-20,0.4174919070332729,0.31358562043793264,0.14238512934364636,0.06129840373875555,251.1413046415982,301.05818738086964,0.007410663071565518,0.0,8.456073878055416e-21,0.0,2.7754772143623163,2.7754772143623163,41619.17997221247
default RB,2325.0,772.2894287109375,18.08197784423828,78.85391998291016,1.0,0.9999999999999907,0.0,0.0,0.0,0.0325,0.4156979264435819,0.30914580172870376,0.14380314050494702,0.061113561056433535,197.49056174949345,300.9351861385803,0.0031326353511035143,0.0,0.002925,0.0,2.8079772143623165,2.8079772143623165,41897.411193768305
default RB,2340.0,794.6624755859375,19.684057235717773,87.80709838867188,0.9997872762615471,0.11375493127163813,0.0,1.2109789104925093e-07,0.0,0.03249308647850028,0.30951519811434247,0.15359128798449925,0.14374413154367943,0.06104973562721976,143.8288536744442,302.82761702987773,0.004376271344657916,0.0,0.00292437776774168,0.0,2.840470300840817,2.840470300840817,42035.64335295436
default RB,2355.0,405.15899658203125,13.157341003417969,58.49582290649414,0.0018322177511021474,0.01608632203864301,0.0,0.6377674913368859,0.0,5.954707691081979e-05,0.19659750817385013,0.0007085504830127828,0.1353188914749119,0.060795514105064494,108.85078901781748,289.42045647019404,0.007097120080741991,0.0,5.3592370444675906e-06,0.0,2.8405298479177277,2.8405298479177277,42036.28104838907
default RB,2370.0,795.6376342773438,16.57328224182129,81.30026245117188,1.0,0.999999999999984,0.0,0.0,0.0,0.0325,0.21100257981684448,0.011381021396343281,0.14270025704195238,0.06054253559060104,95.4382952211974,291.95516946856515,0.0029115887869185274,0.0,0.002925,0.0,2.873029847917728,2.873029847917728,42046.52396764578
default RB,2385.0,794.8958129882812,18.505695343017578,87.09121704101562,0.9999999998036073,0.014724779718905224,0.0,1.963922840464427e-06,0.0,0.03249999999361724,0.18095460353435405,-0.03275338079259987,0.1428675615383978,0.06041889215821695,82.02310353794503,300.66185636889713,0.004456028780865913,0.0,0.002925,0.0,2.905529847911345,2.905529847911345,42017.04592493244
default RB,2400.0,428.57232666015625,14.117605209350586,64.92810821533203,0.9895712947869393,0.01574984624779008,0.0,0.32016805451535035,0.0,0.03216106708057552,0.1284263237761102,-0.10253277283981545,0.13813818644111725,0.060196844905638786,68.60527911020023,294.0272552997776,0.004321835710496212,0.0,0.0028944959744811056,0.0,2.937690914991921,2.937690914991921,41924.76642937661
default RB,2415.0,827.4332885742188,17.206968307495117,82.09286499023438,1.0,0.999999999999861,0.0,2.220446049250313e-16,0.0,0.0325,0.13253141204264315,-0.10186674335635043,0.14200700799654278,0.059979000612982294,58.701371370531206,294.4454781252716,0.0029728886923143776,0.0,0.002925,0.0,2.970190914991921,2.970190914991921,41833.08636035589
default RB,2430.0,827.623779296875,18.80371856689453,85.92699432373047,0.9999999327216341,0.0007985798439494964,0.0,4.7235983711634514e-05,0.0,0.03249999781345311,0.11841283947773967,-0.12248058367758981,0.14204970243576048,0.05987262449898546,52.664067180072735,299.0376285974198,0.004434848333972085,0.0,0.002924999825656414,0.0,3.0026909128053743,3.0026909128053743,41722.85383504606
default RB,2445.0,660.7452392578125,17.51909065246582,83.27131652832031,0.8590970971774765,0.0007847056679104836,0.0,0.05227275018541709,0.0,0.02792065565826799,0.09969409079903697,-0.14931945959370627,0.14173220853369717,0.059770602991652946,46.625611565905906,298.70563624925853,0.004838835685182981,0.0,0.002512859085202217,0.0,3.0306115684636423,3.0306115684636423,41588.466321411724
default RB,2460.0,1055.2880859375,18.802696228027344,85.38929748535156,0.9999988077578162,0.9997310350666557,0.0,0.00041388303573355515,0.0,0.03249996125212903,0.09632564815299564,-0.1540227015412515,0.1416696009426229,0.059671523755711726,40.58603433844976,298.2813988967828,0.0030676779081432433,0.0,0.0029249965131282803,0.0,3.0631115297157714,3.0631115297157714,41449.8458900246
default RB,2475.0,937.4119873046875,18.35673713684082,84.96027374267578,0.8602346727877336,6.144350586289036e-13,0.0,0.020074023141233355,0.0,0.027957626865601343,0.07662837668766334,-0.1823308451140986,0.1413548494037758,0.05959001048388659,32.90644000621323,297.9577622260549,0.004818158483792412,0.0,0.002516186432540417,0.0,3.091069156581373,3.091069156581373,41285.74812942191
default RB,2490.0,891.5250244140625,18.37582778930664,85.13816833496094,0.9973344114441892,3.1880111002977424e-08,0.0,0.009208749010194894,0.0,0.03241336837193615,0.05434030748501601,-0.2120263888144451,0.13940527616836212,0.05949847578768094,23.506492556662693,296.1787184807181,0.0043733498467645225,0.0,0.0029172031804919245,0.0,3.123482524953309,3.123482524953309,41094.92437948891
default RB,2505.0,833.8867797851562,17.68553352355957,85.84759521484375,0.37819829734807925,1.2745233140994483e-13,0.0,0.012733851585079574,0.0,0.012291444663812576,0.03231092469439154,-0.2143435402399108,0.11906241299006684,0.059391832120507936,14.10487318555415,278.24651463162445,0.005742914960239841,0.0,0.0011062300153076648,0.0,3.1357739696171216,3.1357739696171216,40902.01519327299
default RB,2520.0,674.7023315429688,15.633708953857422,84.56825256347656,0.15478235802385287,4.54521105848599e-20,0.0,0.04548475033370275,0.0,0.005030426635775217,0.010351565443886289,-0.1659629663941682,0.06429326526513672,0.05921486625867757,4.701723522434625,190.1237173484842,0.004227230039156901,0.0,0.0004527383878827095,0.0,3.140804396252897,3.140804396252897,40752.64852351824
default RB,2535.0,668.4132690429688,16.962003707885742,77.5376968383789,0.9999350736832854,1.868985999734336e-22,0.0,0.004494164346467107,0.0,0.032497889894706776,-4.599187824972136e-16,-0.136561309381325,0.03407817330319652,0.05903180878924406,0.0,94.50852440485323,-0.0005984464621769554,0.0,0.002924810139834881,0.0,3.1733022861476035,3.1733022861476035,40629.74334507505
default RB,2550.0,675.27294921875,18.410654067993164,77.6624755859375,0.00014188147852444094,1.8342945301930656e-29,0.0,2.8973638828177e-07,0.0,4.61114805204433e-06,-4.584412540744092e-16,-0.11816863532776317,0.02167508313893255,0.058894439583883386,0.0,52.03154992047348,0.0012803616101007692,0.0,4.1500332627038006e-07,0.0,3.1733068972956553,3.1733068972956553,40523.39157328006
default RB,2565.0,675.5014038085938,18.16913414001465,83.06333923339844,2.2771139041140316e-10,9.751684980133064e-30,0.0,8.140484914288873e-06,0.0,7.400620188370602e-12,-4.588891706027239e-16,-0.109009117320523,0.015557042267440344,0.058767354647097786,0.0,33.233328460133635,0.0008180511614295414,0.0,6.660558198728904e-13,0.0,3.173306897303056,3.173306897303056,40425.28336769159
default RB,2580.0,674.3049926757812,17.7473087310791,86.52845764160156,2.106016710799982e-09,9.548614029805007e-30,0.0,0.0002821906893718022,0.0,6.84455431009994e-11,-4.595021841612083e-16,-0.10362765166241067,0.012025916326462709,0.05862929951967503,0.0,23.239065924979514,0.0005720385396855507,0.0,6.160098831031746e-12,0.0,3.1733068973715017,3.1733068973715017,40332.018481195424
default RB,2595.0,620.8256225585938,16.650007247924805,87.66959381103516,1.0250913108915704e-07,1.0661020987831003e-29,0.0,0.1431193859110146,0.0,3.331546760397604e-09,-6.769431450499375e-16,-0.10004044911173701,0.009745754436930685,0.05846364152970838,0.0,17.145157044942607,0.00042203433511321745,0.0,2.998392158559682e-10,0.0,3.1733069007030483,3.1733069007030483,40241.982076994864
default RB,2610.0,571.7235717773438,15.736466407775879,87.48726654052734,0.0025054465031097693,1.4688337455868633e-27,0.0,0.5774698134034048,0.0,8.142701135106751e-05,-6.637357995687471e-16,-0.09741301525266537,0.008156961446683073,0.05826100237365082,0.0,13.05309099551232,0.00031397842411139907,0.0,7.328431162750348e-06,0.0,3.1733883277143993,3.1733883277143993,40154.31036326747
default RB,2625.0,538.6017456054688,15.687882423400879,85.30743408203125,0.9188806923790238,1.3522545376496516e-25,0.0,0.4941443406689059,0.0,0.029863622502318273,-6.515010863534833e-16,-0.09540931901587642,0.007012141224312931,0.05803966609407092,0.0,10.157280552957673,-0.002437700683157891,0.0,0.0026877260506153106,0.0,3.2032519502167176,3.2032519502167176,40068.44197615318
default RB,2640.0,531.008056640625,16.662351608276367,83.43670654296875,0.9465819271490794,2.8571363471032385e-24,0.0,0.01731277180788451,0.0,0.030763912632345083,-6.445785459872206e-16,-0.09386660111475283,0.006162096154361607,0.05783785806743097,0.0,8.078091654955642,-0.002569906724805299,0.0,0.002768752057850361,0.0,3.2340158628490627,3.2340158628490627,39983.9620351499
default RB,2655.0,532.6171264648438,16.997432708740234,85.22835540771484,0.00223676209352607,5.750116566608997e-24,0.0,0.0005612120116439521,0.0,7.269476803959727e-05,-6.436846891631803e-16,-0.09261809098973611,0.005483072483941786,0.05766562484884476,0.0,6.480317065492272,0.00015297296790083725,0.0,6.542529095895589e-06,0.0,3.234088557617102,3.234088557617102,39900.605753259144
default RB,2670.0,528.48681640625,16.709510803222656,87.68487548828125,0.00010238237110067493,4.958093129099377e-24,0.0,0.015001020224005405,0.0,3.327427060771935e-06,-6.429090214669043e-16,-0.0915597529151355,0.004930945388196828,0.05749615781503543,0.0,5.18134215050668,0.00012724126142183825,0.0,2.9946843678771985e-07,0.0,3.2340918850441627,3.2340918850441627,39818.20197563552
default RB,2685.0,503.787353515625,15.646469116210938,88.34481811523438,0.0014498745108637461,7.253173462041242e-24,0.0,0.5843321750155976,0.0,4.7120921603071747e-05,-6.366044470129208e-16,-0.0905921492958199,0.004464483462576904,0.05730289001138419,0.0,4.100801299602608,9.670191834989685e-05,0.0,4.240882871090434e-06,0.0,3.2341390059657655,3.2341390059657655,39736.669041269284
default RB,2700.0,486.7431335449219,15.517520904541016,85.83940887451172,0.962893002817028,7.055095954817969e-23,0.0,0.8258077539817463,0.0,0.031294022591553415,-6.296377108841589e-16,-0.08971759441919597,0.004083248809659115,0.057087837258519056,0.0,3.1990789049013983,-0.002737715494209327,0.0,0.0028164620518684384,0.0,3.265433028557319,3.265433028557319,39655.923206292005
default RB,2715.0,482.2142028808594,16.33816909790039,83.49874114990234,0.9883852088701046,3.3905686423809136e-22,0.0,0.04483369262714408,0.0,0.032122519288278396,-4.1609105104167444e-16,-0.08897215829588498,0.003774930143123136,0.056887904031404056,0.0,2.4945098508615047,-0.0028296233920581068,0.0,0.0028910267114639282,0.0,3.2975555478455973,3.2975555478455973,39575.84826382571
default RB,2730.0,484.923583984375,16.59361457824707,84.87385559082031,0.04250670720309761,5.145525349371219e-22,0.0,0.0006290999592447314,0.0,0.0013814679841006726,-6.242172451519989e-16,-0.08831569622189173,0.003502934303777634,0.05671231210060574,0.0,1.9015214805258438,-7.752543236343907e-05,0.0,0.0001243321149609983,0.0,3.298937015829698,3.298937015829698,39496.36413722601
default RB,2745.0,486.2587585449219,16.188777923583984,87.13943481445312,0.00420447472004619,4.0091748288974017e-22,0.0,0.007864137175833919,0.0,0.0001366454284015012,-6.264619755290833e-16,-0.08770233785684832,0.0032613859901003384,0.05653566153610759,0.0,1.366959362043417,2.13501414987975e-05,0.0,1.2298088951501995e-05,0.0,3.2990736612580993,3.2990736612580993,39417.432033154844
default RB,2760.0,473.1119079589844,15.238852500915527,87.51756286621094,0.14947778474413614,3.545268052852282e-22,0.0,0.33979784796090207,0.0,0.004858028004184425,-6.243436712851256e-16,-0.08708231554723422,0.0030391579996606154,0.056335147049877875,0.0,0.8784470860264264,-0.00041559919321909546,0.0,0.0004372225061058998,0.0,3.3039316892622836,3.3039316892622836,39339.057949162336
default RB,2775.0,463.7890625,15.101418495178223,84.93460845947266,0.9990983892041131,1.1899355086508043e-21,0.0,0.5080892967594319,0.0,0.03247069764913368,-6.20658662791825e-16,-0.08648342741676693,0.0028509837442401514,0.056114988495984994,0.0,0.444627609627787,-0.0029114180249534545,0.0,0.0029223627045750615,0.0,3.336402386911417,3.336402386911417,39261.222864487245
default RB,2790.0,465.87628173828125,15.844199180603027,82.4443588256836,0.9997455735760202,2.808262705802086e-21,0.0,0.008787275084003331,0.0,0.032491731141220656,-6.18619463030503e-16,-0.08595718812689339,0.002698770699445286,0.055908402031032596,0.0,0.11297401209594682,-0.0029214748284722173,0.0,0.002924255727231502,0.0,3.368894118052638,3.368894118052638,39183.861395173044
default RB,2805.0,471.52447509765625,16.404315948486328,81.55757904052734,0.8076762676285089,2.31712219778251e-21,0.0,9.025104984879386e-05,0.0,0.02624947869792654,-6.189693114174083e-16,-0.08548589711815718,0.0025578149321883945,0.05572802302504692,0.0,-0.17108205398835707,-0.0023666642984909074,0.0,0.002362453047931194,0.0,3.3951435967505645,3.3951435967505645,39106.9240877667
default RB,2820.0,476.75762939453125,16.29438591003418,83.3192138671875,0.023570780666995052,1.3772705317178794e-21,0.0,1.762196982285837e-05,0.0,0.0007660503716773392,-4.1462044814362933e-16,-0.08504599584088308,0.0024256493711153596,0.05556025590214844,0.0,-0.4435425002593547,-7.986250534008902e-05,0.0,6.894453610293567e-05,0.0,3.395909647122242,3.395909647122242,39030.382691509905
default RB,2835.0,481.2443542480469,15.829285621643066,85.45465850830078,0.062303914467254355,8.50536587779922e-22,0.0,0.00045202970352640175,0.0,0.0020248772201857668,-6.26074967338003e-16,-0.08460684453082983,0.0023027422724898328,0.05538374165808031,0.0,-0.7034272375167347,-0.00019955408518847363,0.0,0.0001822389531880617,0.0,3.397934524342428,3.397934524342428,38954.23653143216
default RB,2850.0,481.2642822265625,15.690595626831055,84.75654602050781,0.8281171791776006,5.626313717197885e-22,0.0,0.0225846916918954,0.0,0.02691380832327202,-6.268133703786707e-16,-0.08417163350562108,0.0021927167899296537,0.05519703235575009,0.0,-0.940213973284699,-0.0024453865145634,0.0,0.0024222427859902384,0.0,3.4248483326656998,3.4248483326656998,38878.4820612771
default RB,2865.0,484.1393127441406,16.039798736572266,82.79298400878906,0.9453042455467906,5.615995357708636e-22,0.0,0.006345659931084732,0.0,0.030722387980270698,-6.268381130314994e-16,-0.08376603124622073,0.0020967332998497405,0.05501646885546711,0.0,-1.140301246632589,-0.0027930839568484,0.0,0.0027650150030851363,0.0,3.4555707206459703,3.4555707206459703,38803.0926331555
default RB,2880.0,489.076416015625,16.1673583984375,82.68719482421875,0.40937077870639627,4.309488973950968e-22,0.0,0.00017151471762235292,0.0,0.01330455030795788,-6.286439622942751e-16,-0.08338759103402124,0.002007191221076217,0.05484798352120111,0.0,-1.3180442740267608,-0.0012298536982193874,0.0,0.0011974095314741134,0.0,3.4688752709539283,3.4688752709539283,38728.043801224885
default RB,2895.0,894.699462890625,16.517396926879883,81.76030731201172,0.9999999999953286,0.9999999999634359,0.0,4.6712900880763186e-08,0.0,0.03249999999984818,-7.428024593534837e-16,-0.08303320726932427,0.0019260823621719712,0.054687467090085144,0.0,-1.484212669020053,-0.004311534465698956,0.0,0.002925,0.0,3.5013752709537767,3.5013752709537767,38653.31391468249
default RB,2910.0,848.4867553710938,17.828676223754883,86.83860778808594,0.9999999998826221,1.6293686723872748e-06,1.0,1.173776936091997e-06,0.029,0.03249999999618522,0.3510749848731384,0.4228451194158944,0.008210203518585235,0.05456129572559876,160.61348912533418,3.784914178409963,-0.01153183508140986,0.0087,0.002925,0.029,3.5338752709499617,3.5628752709499616,39033.874522156795
default RB,2925.0,725.4349365234375,18.194738388061523,87.29917907714844,0.9999793606086722,0.00011494195431357293,1.0,0.17108627797433495,0.029,0.03249932921978185,0.3377982092380479,0.3797354070581078,0.024411339786812584,0.0544763690230563,160.60692912344265,27.629246376731317,-0.01094499032256199,0.0087,0.0029249396771192553,0.058,3.5663746001697434,3.624374600169743,39375.63638850909
default RB,2940.0,946.3982543945312,18.209728240966797,86.68267822265625,0.999399246537659,0.905725441162002,1.0,0.4085572831837578,0.029,0.03248047551247392,0.3590422459702549,0.3797844921777363,0.04569188808190907,0.054406390333714194,160.60415344459705,69.66734449319483,-0.011131083627518336,0.0087,0.0029232427909970282,0.08700000000000001,3.5988550756822173,3.6858550756822175,39717.442431469055
default RB,2955.0,797.4945678710938,18.922466278076172,86.20269012451172,0.9993103748197453,1.3933565022476912e-08,1.0,0.1815943272657618,0.029,0.032477587181641725,0.34543465095200193,0.33827550529729383,0.060434788583328486,0.05435747629874527,160.60498724843703,110.17130023232312,-0.008911073934725015,0.0087,0.00292298284471035,0.116,3.631332662863859,3.747332662863859,40021.89038623662
default RB,2970.0,706.5520629882812,19.62528419494629,86.98650360107422,0.6713108508436122,0.012438841626870815,1.0,0.08396030091251677,0.029,0.021817602652417396,0.33429580641551104,0.31246704692509475,0.06691153446307864,0.05433856174740025,160.60775947804203,132.21020617360773,-0.007425971573487711,0.0087,0.0019635842129588125,0.14500000000000002,3.653150265516276,3.798150265516276,40303.110728469204
default RB,2985.0,970.1559448242188,18.789396286010742,88.81079864501953,0.003144107531740784,0.9820436825485271,1.0,0.27970859225464834,0.029,0.00010218349478157547,0.3605579868005364,0.34443779492333254,0.07139126508079811,0.054322774612292915,160.61144034543764,142.78142134340305,-0.006520335884978905,0.0087,9.196514514042065e-06,0.17400000000000002,3.653252449011058,3.8272524490110578,40613.10474390021
default RB,3000.0,779.777099609375,17.877216339111328,88.40682983398438,0.874321923443287,1.5622819156134116e-09,1.0,0.9179326507018685,0.029,0.028415462511906825,0.344127379558551,0.3170949346317815,0.07365003465602173,0.05427625676909569,160.61580513252224,150.81727844029956,-0.0075449663540215805,0.0087,0.0025573916673660275,0.203,3.6816679115229647,3.8846679115229645,40898.49018506881
default RB,3015.0,691.2794189453125,18.42728614807129,87.2895736694336,0.9999677259550718,0.0605074440214173,1.0,0.24399973881216896,0.029,0.032498951093539834,0.33328259134396343,0.3016507797799795,0.0733868083781746,0.05422480023482162,160.62028140619068,152.48395367151534,-0.00795313956060411,0.0087,0.0029249056801199914,0.232,3.7141668626165045,3.9461668626165047,41169.975886870794
default RB,3030.0,958.5170288085938,18.519060134887695,86.63378143310547,0.9949075674500123,0.9955409920571442,1.0,0.40429152201523444,0.029,0.0323344959421254,0.35988361428618904,0.3390452320403279,0.074532915797627,0.05418349873908824,160.62473061570924,152.65704049859778,-0.009196373159234196,0.0087,0.0029101046070456505,0.261,3.7465013585586298,4.007501358558629,41475.11659570709
default RB,3045.0,807.704833984375,19.18047523498535,86.2404556274414,0.9882213881065454,4.563726696998523e-09,1.0,0.16859378757565383,0.029,0.03211719511346272,0.3463690644769076,0.31801507128422,0.07538390216064526,0.05415670829406211,160.6294125306695,155.79671620199224,-0.007755551530324756,0.0087,0.002890547615289688,0.29000000000000004,3.7786185536720924,4.068618553672092,41761.33015986289
default RB,3060.0,707.35546875,19.4453182220459,88.02171325683594,0.15946187311647558,0.004894137877424029,1.0,0.08946794376243217,0.029,0.005182510876285456,0.3345390738378274,0.30201496018036034,0.07447076734176017,0.054149018950863104,160.63401717894078,155.47928753786255,-0.005345850595683934,0.0087,0.0004664259720593691,0.31900000000000006,3.7838010645483777,4.102801064548378,42033.143624025215
default RB,3075.0,948.4072875976562,17.885921478271484,89.63665008544922,0.016277985518996008,0.980691375908669,1.0,0.7233246357665711,0.029,0.0005290345293673702,0.35931620384425583,0.3375287441061748,0.0750638291457973,0.05411914397748988,160.638482520547,154.36828864399286,-0.006271711664647938,0.0087,4.7613108018413183e-05,0.3480000000000001,3.7843300990777453,4.132330099077746,42336.91949372077
default RB,3090.0,788.4637451171875,17.943307876586914,88.33028411865234,0.9999650320113602,1.1579921473166325e-08,1.0,0.2590902848803558,0.029,0.03249886354036921,0.3450872866829873,0.3160819071919885,0.07551226959299928,0.05406462947199034,160.64309379221393,156.4161065415974,-0.007774655053385534,0.0087,0.0029248976603150367,0.3770000000000001,3.8168289626181147,4.193828962618115,42621.393210193564
default RB,3105.0,674.8741455078125,17.98992347717285,87.52242279052734,0.9999406791890859,0.028123050591941163,1.0,0.37234947136571106,0.029,0.03249807207364529,0.331468539318393,0.2980258821988271,0.07425903533176513,0.05401004229186849,160.64756569470592,155.32279161756742,-0.007839462391683257,0.0087,0.0029248265281319615,0.40600000000000014,3.84932703469176,4.25532703469176,42889.61650417251
default RB,3120.0,940.427001953125,18.214521408081055,86.38994598388672,0.9999088718289233,0.9990124942278802,1.0,0.47681362553009743,0.029,0.03249703833444001,0.3586988105370645,0.3372108383349954,0.07482246036726672,0.053959873380053786,160.6518573544248,153.76985816616798,-0.009188296062474927,0.0087,0.002924733428657055,0.43500000000000016,3.8818240730261997,4.3168240730262,43193.10625867401
default RB,3135.0,585.8447265625,14.483181953430176,84.8846206665039,0.9992792711368302,2.414999322900098e-08,1.0,0.11458006208199084,0.029,0.03247657631194699,0.32494260989913415,0.28984562280540727,0.07348862147932535,0.05383197621702834,162.87795540923454,153.94951874938852,-0.007833365254591402,0.0087,0.0029228918373584746,0.4640000000000002,3.9143006493381467,4.378300649338147,43453.96731919888
default RB,3150.0,947.9556884765625,16.909887313842773,83.6333999633789,1.0,0.9999997284881494,1.0,8.659739592076221e-15,0.029,0.0325,0.37331623674009423,0.3575772044720801,0.07580988766107855,0.0537037137945775,167.12933706187172,153.6717451805307,-0.009192310485532509,0.0087,0.002925,0.4930000000000002,3.946800649338147,4.439800649338147,43775.786803223746
default RB,3165.0,910.16357421875,17.913829803466797,84.54264068603516,0.9999999956393977,1.2071781601369365e-08,1.0,4.360412151305226e-05,0.029,0.03249999985828043,0.37840020379313016,0.3605588306065088,0.07893088068259632,0.05363376095068177,171.20669032514857,160.89479989545362,-0.00766451263425497,0.0087,0.002925,0.5220000000000002,3.979300649196427,4.501300649196427,44100.2897507696
default RB,3180.0,856.984130859375,18.364973068237305,84.9961929321289,0.9999547831565554,3.9215257638330973e-07,1.0,0.004287896782962377,0.029,0.03249853045258805,0.38156496074419105,0.3623679925262082,0.08090358296372276,0.053592296150799426,175.23725935606913,166.29974460469384,-0.00753133602773945,0.0087,0.0029248676732182505,0.5510000000000003,4.011799179649016,4.562799179649016,44426.42094404319
default RB,3195.0,788.069580078125,18.552566528320312,85.11016845703125,0.9971249564443941,5.255441768533048e-05,1.0,0.009832458983128293,0.029,0.032406561084442814,0.3880400797529916,0.36925966696704077,0.08270680575584224,0.053565323510115795,182.23137297129682,170.38745037322224,-0.007422508861021444,0.0087,0.002916590537130833,0.5800000000000003,4.044205740733458,4.6242057407334585,44758.75464431352
default RB,3210.0,728.5521850585938,18.7453556060791,85.06922149658203,0.984031034308079,0.029132394938711188,1.0,0.012101742460875241,0.029,0.031981008615012574,0.39724509063605007,0.3800141716581332,0.08459622058866423,0.053548302849680714,190.95941027764223,174.37352287543763,-0.007325348137909044,0.0087,0.002878290738165378,0.6090000000000003,4.076186749348471,4.685186749348471,45100.767398805845
default RB,3225.0,990.9546508789062,19.043731689453125,84.73877716064453,0.9125644718174695,0.878191709666181,1.0,0.011232497635671107,0.029,0.029658345334067762,0.4440561926261128,0.4427042643300525,0.08866852617901062,0.05354385496959294,199.6886211873746,180.18641660132562,-0.008119451895894195,0.0087,0.002669251035153866,0.6380000000000003,4.105845094682539,4.7438450946825395,45499.201236702895
default RB,3240.0,912.9862060546875,19.243377685546875,85.78346252441406,0.40064346457210304,2.3004478489227806e-10,1.0,0.006142376452781015,0.029,0.01302091259859335,0.4543361238457352,0.451036782611812,0.09325679482735907,0.05355425517223252,208.41956306974177,190.3696057442139,-0.005185861079454279,0.0087,0.0011718821436166762,0.6670000000000004,4.118866007281132,4.7858660072811325,45905.13434105353
default RB,3255.0,727.3343505859375,17.770061492919922,87.51014709472656,0.09607767134403973,3.0237592439506863e-07,1.0,0.04062229965053516,0.029,0.0031225243186812916,0.45900454678825137,0.4527119313630735,0.09678897080984941,0.05354835527573831,223.19092036748683,199.29007889292552,-0.004075425660154066,0.0087,0.00028102719392627477,0.6960000000000004,4.121988531599813,4.817988531599814,46312.575079280294
default RB,3270.0,755.4732666015625,16.031658172607422,85.5085220336914,0.9999879706565823,0.8896894886970196,1.0,0.10737787279039657,0.029,0.032499609046338925,0.4978376180800463,0.5039560677574337,0.10074023903916268,0.05349097502460444,241.31956592693965,206.6458971431275,-0.007739377377111677,0.0087,0.002924964782595634,0.7250000000000004,4.154488140646152,4.879488140646153,46766.13554026198
default RB,3285.0,858.1356201171875,19.301353454589844,84.47368621826172,0.9999999999986615,0.376574970057534,1.0,1.3385513142338823e-08,0.029,0.0324999999999565,0.5479834279773639,0.5688430230431554,0.1066652790618492,0.053470639771747853,259.45140211291914,217.38634209302836,-0.006782327779745682,0.0087,0.002925,0.7540000000000004,4.1869881406461085,4.940988140646109,47278.09426100082
default RB,3300.0,792.5079956054688,20.498903274536133,87.24153900146484,0.05865878931655512,4.726622552530145e-05,1.0,0.0037783738377927833,0.029,0.0019064106527880414,0.5715513470123871,0.5950093953895638,0.11233184530960338,0.05353128444311029,277.58697821362136,230.213950957841,-0.00320483582304093,0.0087,0.00017157696029171347,0.7830000000000005,4.188894551298897,4.971894551298897,47813.60271685143
default RB,3315.0,425.8526611328125,13.227791786193848,83.91834259033203,1.010152995661783e-06,0.019548163784758127,1.0,0.38317595622606,0.029,3.282997235900795e-08,0.4758333229612061,0.45777271116290474,0.11025988808950593,0.053455682545761773,282.10324667624576,234.38847346660623,-0.002956830553223033,0.0087,2.9546976065830675e-09,0.8120000000000005,4.188894584128869,5.0008945841288694,48225.59815689804
default RB,3330.0,780.2816162109375,18.008956909179688,84.97587585449219,1.0,0.9999999999998919,1.0,0.0,0.029,0.0325,0.5726400088651735,0.5962108235408005,0.11275628832488782,0.0533763477368218,279.43644167105634,232.89318849754636,-0.007242244590829629,0.0087,0.002925,0.8410000000000005,4.221394584128869,5.062394584128869,48762.18789808476
default RB,3345.0,726.909423828125,19.615835189819336,86.68457794189453,0.9998914129807244,0.05791950227979228,1.0,0.009474835467005921,0.029,0.03249647092187354,0.557520104991757,0.5705357175378266,0.11511776798441284,0.05340071800038954,276.76977016821843,239.27450929749466,-0.005813039599019818,0.0087,0.0029246823459863664,0.8700000000000006,4.253891055050742,5.123891055050743,49275.670043868806
default RB,3360.0,647.8057861328125,15.207837104797363,85.34626770019531,0.003429015110505023,0.8934729451527809,1.0,0.18211908434466675,0.029,0.00011144299109141326,0.5355238698019039,0.538188643327475,0.11520942270721052,0.05336765103952126,274.1028974099662,241.7907024952001,-0.003964447239888473,0.0087,1.0029869363643229e-05,0.8990000000000006,4.254002498041833,5.153002498041834,49760.03982286353
default RB,3375.0,991.6373901367188,18.911849975585938,85.31129455566406,0.9999999999999993,0.9999183050697646,1.0,6.781908368225231e-12,0.029,0.03249999999999998,0.6078189791539742,0.6403943727792045,0.11784611654287078,0.05334034310975,281.2814759983023,244.1311766772851,-0.00696550687022543,0.0087,0.002925,0.9280000000000006,4.286502498041833,5.214502498041834,50336.39475836482
default RB,3390.0,853.9627685546875,19.838449478149414,86.76815032958984,0.6925143112541173,2.1602192977037545e-10,1.0,0.017434024720199025,0.029,0.022506715115758812,0.6119306706117158,0.6417392317435675,0.12098820868642228,0.05339299314558311,293.3849168453894,251.1227568735194,-0.004544121082687375,0.0087,0.0020256043285131454,0.9570000000000006,4.309009213157592,5.266009213157592,50913.96006693403
default RB,3405.0,472.1215515136719,15.034173011779785,85.1600112915039,0.0004425978957342182,6.941546327532546e-05,1.0,0.20617893885974486,0.029,1.4384431611362095e-05,0.5300424399700744,0.5215738574379976,0.121055433630151,0.05336847319939004,305.49032393913853,254.8760438649042,-0.0024275164607503895,0.0087,1.294598853564821e-06,0.9860000000000007,4.309023597589203,5.2950235975892035,51383.376538628225
default RB,3420.0,818.6798706054688,19.343599319458008,85.34749603271484,0.9999999999999998,0.9999999999923288,1.0,1.3700152123874432e-12,0.029,0.032499999999999994,0.6500563413956926,0.6950179096266546,0.1228240386368173,0.053356463310361285,317.60131568439783,255.64433024302707,-0.006682216486325488,0.0087,0.002925,1.0150000000000006,4.341523597589203,5.356523597589203,52008.892657292214
default RB,3435.0,705.2184448242188,19.98175048828125,88.42606353759766,0.040517010215522155,0.0017865961695065781,1.0,0.018613620705908197,0.029,0.00131680283200447,0.6243505011392009,0.6545151749447843,0.12466277679933646,0.05342738534319036,316.94767333812626,260.2095183422498,-0.002415766783862445,0.0087,0.0001185122536495328,1.0440000000000005,4.342840400421207,5.386840400421208,52597.95631474252
default RB,3450.0,476.94842529296875,11.334253311157227,82.2286148071289,0.00011828904102223923,0.9840863385693732,1.0,0.8463018145652906,0.029,3.844393833222775e-06,0.538821983332953,0.5386619325763911,0.11825803905589757,0.05329445101217739,310.25414011418604,252.3737863326387,-0.003816584729878305,0.0087,3.4599544487718954e-07,1.0730000000000004,4.342844244815041,5.415844244815041,53082.752054061275
default RB,3465.0,826.5945434570312,17.472352981567383,84.26596069335938,1.0,0.9999999999880342,1.0,0.0,0.029,0.0325,0.6246133496046196,0.6559304841234755,0.12419802825845865,0.0531899988349013,303.5591440970592,255.9525167234242,-0.006674630357577252,0.0087,0.002925,1.1020000000000003,4.37534424481504,5.477344244815041,53673.08948977241
default RB,3480.0,767.6385498046875,19.87906265258789,87.04398345947266,0.9999992247994173,0.0008626654816623008,1.0,0.002580175432504739,0.029,0.03249997480598106,0.6026072020856822,0.6224994802532042,0.12495453385856933,0.05322121160506644,296.8650095612096,261.8020987284399,-0.005181802978608398,0.0087,0.0029249977335333824,1.1310000000000002,4.407844219621022,5.538844219621022,54233.33902200029
default RB,3495.0,464.3162841796875,14.128718376159668,86.10376739501953,0.0003045226294983684,0.16457462862503064,1.0,0.3015292151393989,0.029,9.896985458696973e-06,0.5007929195467103,0.47595041971868074,0.12310621064731073,0.0531750645862087,287.84680422429653,260.82012934239174,-0.002502878670700124,0.0087,8.907287017791532e-07,1.1600000000000001,4.40785411660648,5.5678541166064806,54661.6943997471
default RB,3510.0,817.9682006835938,18.2998046875,85.86463928222656,1.0,0.9999999999962619,1.0,2.220446049250313e-16,0.029,0.0325,0.5764650182383756,0.5872031468451957,0.12297335543363118,0.05312588764428722,277.7890263238749,258.0221125000535,-0.0066236864615371455,0.0087,0.002925,1.189,4.44035411660648,5.62935411660648,55190.17723190778
default RB,3525.0,650.5557250976562,18.13070297241211,87.02818298339844,0.9984204484607263,0.0019073990154599193,1.0,0.04686726475053168,0.029,0.032448664574973606,0.5249811985556431,0.5127774486471308,0.1222241266095688,0.053136090152301786,267.72945978492703,257.5882820531697,-0.0052823202485217735,0.0087,0.0029203798949718474,1.218,4.4728027811814535,5.690802781181453,55651.67693569019
default RB,3540.0,578.5157470703125,13.469600677490234,83.52849578857422,0.9996668265509826,0.999894758959024,1.0,0.295437447185465,0.029,0.03248917186290694,0.4906533479880699,0.46823161521062445,0.11836102421004376,0.05304350063121212,257.6351513517852,251.913993141643,-0.006772923484741924,0.0087,0.0029240254193544386,1.2469999999999999,4.5052919530443605,5.75229195304436,56073.085389379754
default RB,3555.0,925.9230346679688,19.15037727355957,82.3839111328125,1.0,0.9999998617608561,1.0,0.0,0.029,0.0325,0.6406068581229903,0.6834846614794797,0.12159087077640553,0.05300372604708047,302.8140933108156,252.18090232847317,-0.006767469935597351,0.0087,0.002925,1.2759999999999998,4.53779195304436,5.81379195304436,56688.22158471128
default RB,3570.0,858.0282592773438,22.383943557739258,85.24034118652344,0.20020199122739205,9.184956055711654e-08,1.0,8.07400429555733e-05,0.029,0.006506564714890242,0.7575163062698471,0.8486868825272973,0.12574022750561104,0.05312594138489615,371.36127627404574,260.3408004669909,-0.002877202004968946,0.0087,0.0005855908155441284,1.3049999999999997,4.54429851775925,5.84929851775925,57452.03977898585
default RB,3585.0,742.2213134765625,24.277360916137695,87.96479797363281,2.9122470642265605e-14,4.773600443091157e-05,1.0,0.01533082924424986,0.029,9.464802958736324e-16,0.8466384166675981,0.9756412053424101,0.12807431049173013,0.053354204706497745,439.91732829535727,266.85301440367766,-0.0021313748582848496,0.0087,8.518322460978385e-17,1.3339999999999996,4.544298517759251,5.878298517759251,58330.11686379401
default RB,3600.0,494.8429260253906,15.688563346862793,76.52996063232422,7.772359131134721e-22,0.6718235284284961,0.9999999999999998,0.7018654263465726,0.028999999999999995,2.526016717618784e-23,0.8240883015222108,0.9407954949825357,0.12919202420523335,0.053444814327034844,508.8670921332216,270.85360945240245,-0.0029397959560062735,0.0087,2.273415000222569e-24,1.3629999999999995,4.544298517759251,5.9072985177592505,59176.8328092783
default RB,3615.0,820.606689453125,24.09210777282715,77.19023132324219,0.9999999999999432,0.9999999999378106,1.0,5.678768566497183e-10,0.029,0.032499999999998155,1.0010163518616415,1.1999425176573428,0.12929003707548398,0.05358370296441838,517.535224568876,271.6646696915268,-0.006287869669131648,0.0087,0.002925,1.3919999999999995,4.576798517759249,5.968798517759248,60256.78107516991
default RB,3630.0,725.296875,26.688007354736328,87.16535186767578,4.2812547738317964e-21,0.0014965176863638821,1.0,0.003894150412225326,0.029,1.391407801495334e-22,0.9431355610509288,1.1156299602469844,0.12858723280617673,0.053891550047569035,502.78058929270856,270.0112493892957,-0.0020555895446719985,0.0087,1.2522669734027625e-23,1.4209999999999994,4.576798517759249,5.997798517759248,61260.84803939219
default RB,3645.0,560.8450927734375,16.23871612548828,81.49757385253906,1.7699825626510826e-31,0.9068056819905496,0.0003131857111906599,0.606566867278151,9.082385624529137e-06,5.752443328616018e-33,0.5982978473425485,0.6070738855700633,0.13038607136141145,0.05399777010132069,327.1101805093326,273.49237686824927,0.005505207643285527,2.7247156627709044e-06,5.1771988597026455e-34,1.4210090823856238,4.576798517759249,5.997807600144872,61807.21453640525
default RB,3660.0,889.5004272460938,23.506763458251953,81.9472885131836,0.999999999990987,0.9999999728477841,1.0,9.012902502103515e-08,0.029,0.03249999999970708,0.9459467019330691,1.1167912162773423,0.13037685605125532,0.05412130222279365,473.3199108677909,273.9591465024714,-0.006231390239939166,0.0087,0.002925,1.4500090823856238,4.609298517758956,6.05930760014458,62812.32663105486
default RB,3675.0,807.6414794921875,25.8236083984375,88.80009460449219,9.396067225089657e-19,2.6301522357439214e-06,1.0,0.0010146647760046882,0.029,3.053721848154138e-20,0.8695352874615389,1.0046482299926267,0.13015483775118789,0.05439303176891032,441.41938442322135,273.1057134041621,-0.0019774013746031082,0.0087,2.748349779173493e-21,1.4790090823856237,4.609298517758956,6.08830760014458,63716.51003804822
default RB,3690.0,406.0902099609375,14.936569213867188,79.85679626464844,5.076489618805359e-28,0.004922622825545038,0.9996121136420817,0.9164361841976542,0.02898875129562037,1.6498591261117415e-29,0.6282803607570367,0.6495944357272477,0.13093559566026525,0.054439475509788164,403.0665027094558,275.12183956001536,-0.0019310408527927047,0.008696625208854674,1.4848731515277026e-30,1.507997833681244,4.609298517758956,6.117296351440199,64301.145030202744
default RB,3705.0,755.5951538085938,20.857952117919922,84.89742279052734,1.0,0.9999999999999825,1.0,5.575540029667536e-13,0.029,0.0325,0.7212397213013167,0.7856690890395744,0.1310945238847767,0.05446173668763218,364.8339176643078,275.21682029395015,-0.006200432115841228,0.0087,0.002925,1.536997833681244,4.641798517758955,6.1787963514402,65008.24721033836
default RB,3720.0,835.54736328125,22.516082763671875,89.88079833984375,3.699885448838224e-08,0.373942567522959,1.0,0.008210260574778895,0.029,1.202462770872423e-09,0.6709097979519193,0.7114326529812603,0.1312373461710113,0.05460474205285808,326.4443787202742,275.4475881092367,-0.0024245742334287525,0.0087,1.0822165243951076e-10,1.565997833681244,4.641798518961418,6.207796352642662,65648.5365980215
default RB,3735.0,408.87713623046875,13.398693084716797,81.96629333496094,8.623216875898417e-15,0.00037839185343607214,1.0,0.9876976678683871,0.029,2.8025454846669854e-16,0.48990395637275513,0.4483324788915846,0.129675095597597,0.05454763034340203,297.6586595878672,273.9524789413699,-0.001957065193518963,0.0087,2.5222910384460292e-17,1.5949978336812438,4.641798518961418,6.236796352642662,66052.03582902392
default RB,3750.0,770.139892578125,18.15696907043457,86.02119445800781,1.0,0.9999999999999774,1.0,0.0,0.029,0.0325,0.557865416899814,0.5463075729108581,0.1309121452423547,0.054470841889170646,272.125033943325,273.63221918013005,-0.006239437681719876,0.0087,0.002925,1.6239978336812437,4.674298518961418,6.298296352642662,66543.7126446437
default RB,3765.0,688.7115478515625,18.36707305908203,87.85823059082031,0.9995756824377539,0.13529302375451546,1.0,0.06156966554943568,0.029,0.032486209679227,0.49540315975121035,0.4547619058227293,0.13086577570227284,0.0544724535110853,246.5886813701805,274.8471439568675,-0.005040936268500695,0.0087,0.0029237588480114933,1.6529978336812436,4.7067847286406455,6.3597825623218895,66952.99835988416
default RB,3780.0,550.0452880859375,12.107915878295898,81.94406127929688,0.997068996449715,0.9964768630279907,1.0,0.6592391069016847,0.029,0.032404742384615735,0.4217323246413796,0.3562334785633902,0.12451939018840084,0.05432647590895174,220.65763236077458,265.9312247346825,-0.006415671250105549,0.0087,0.0029164268285036083,1.6819978336812436,4.739189471025261,6.421187304706505,67273.60849059121
default RB,3795.0,912.845458984375,17.66707992553711,82.61833190917969,1.0,0.9999999899582167,1.0,0.0,0.029,0.0325,0.5213160161636777,0.49418724276762527,0.13015672554172325,0.05421344898594227,241.90237477138734,269.21601394723984,-0.006348144272067943,0.0087,0.002925,1.7109978336812435,4.771689471025261,6.482687304706504,67718.37700908208
default RB,3810.0,868.3001708984375,20.66509437561035,84.83146667480469,0.9999953407566076,3.0632421625015705e-07,1.0,0.00012434073322570616,0.029,0.03249984857458975,0.5860597518928179,0.5889460429386001,0.13025482738816474,0.05425081111881526,278.2216036987747,273.41164606885286,-0.004894853988427754,0.0087,0.0029249864012002944,1.7399978336812434,4.804189319599851,6.544187153281094,68248.42844772682
default RB,3825.0,796.0474243164062,22.218725204467773,87.661865234375,2.1858652516993505e-07,1.853450921462068e-05,1.0,0.007277892068804137,0.029,7.10406206802289e-09,0.6410374393796856,0.6691734665257023,0.13040208187759147,0.05438072896039246,314.54322750441577,273.57443919422803,-0.0019658856192484525,0.0087,6.393655748837545e-10,1.7689978336812433,4.804189326703913,6.573187160385157,68850.68456759995
default RB,3840.0,421.1141662597656,14.275067329406738,83.20802307128906,1.3338235350267104e-13,0.014187149747825404,1.0,0.5739916573805316,0.029,4.334926488836808e-15,0.5705750632267248,0.5665945552713245,0.12989230524347456,0.054368295021590636,351.56239524662226,273.352956998875,-0.0019904644798201185,0.0087,3.901434015939455e-16,1.7979978336812432,4.804189326703917,6.60218716038516,69360.61966734414
default RB,3855.0,773.885009765625,19.736454010009766,84.74767303466797,1.0,0.9999999999999301,1.0,1.3322676295501878e-15,0.029,0.0325,0.6572054076680739,0.693102951201826,0.13028388016354903,0.05435134150537617,326.2217498140001,273.11741052208527,-0.006252109894840979,0.0087,0.002925,1.8269978336812431,4.836689326703917,6.663687160385161,69984.41232342579
default RB,3870.0,750.541748046875,20.60308074951172,89.22661590576172,0.0011316067201586927,0.09975989852972326,1.0,0.006243200717844159,0.029,3.6777218405157516e-05,0.5730878744813761,0.5694807669179478,0.13037540372540976,0.054430136250385806,282.5201281052019,273.56978299081675,-0.002103960386046673,0.0087,3.309949755202979e-06,1.855997833681243,4.836726103922322,6.692723937603565,70496.94501365194
default RB,3885.0,443.0701904296875,10.820669174194336,84.28534698486328,3.869665799940772e-07,0.48752744383487895,1.0,0.9600950180139153,0.029,1.2576413849807508e-08,0.4202652708042254,0.36433492133165885,0.11758785040537026,0.05426725096999694,238.81526580059952,255.14026961389754,-0.003077787295035878,0.0087,1.1318772351387453e-09,1.884997833681243,4.836726116498736,6.721723950179978,70824.84644285044
default RB,3900.0,811.68603515625,15.447508811950684,85.07440185546875,1.0,0.9999999999994718,1.0,0.0,0.029,0.0325,0.41619511704426715,0.342193874565393,0.12879564828889797,0.054085467320612125,194.34390929502814,256.7594983842864,-0.006654766193617567,0.0087,0.002925,1.9139978336812429,4.869226116498735,6.783223950179979,71132.82092995929
default RB,3915.0,785.5659790039062,16.999303817749023,87.0838851928711,0.9999999999999938,0.0033968537170057183,1.0,6.16644513229403e-11,0.029,0.0324999999999998,0.3853929206714772,0.29668273007339285,0.1291076435648423,0.054001600936437154,180.54074588590026,270.28418508023606,-0.004976436581430384,0.0087,0.002925,1.9429978336812428,4.901726116498735,6.8447239501799775,71399.83538702533
default RB,3930.0,772.825927734375,17.82807159423828,87.40017700195312,0.999999990063959,0.036412541934381364,1.0,9.935053876430899e-05,0.029,0.03249999967707867,0.3712016173152413,0.2760932809829581,0.12899602694360102,0.05396017470720903,174.37327147864406,270.6884674464527,-0.005011056192967897,0.0087,0.002925,1.9719978336812427,4.934226116175814,6.906223949857056,71648.31933991
default RB,3945.0,549.5096435546875,14.56864070892334,86.16634368896484,0.9999794751352639,0.1088690541749375,1.0,0.1702985879019404,0.029,0.03249933294189608,0.32700413107465587,0.21385717062946147,0.1273243935696332,0.05386803272671231,167.57925278493653,268.46128948048863,-0.005163635353023686,0.0087,0.002924940025806427,2.0009978336812426,4.9667254491177095,6.967723282798952,71840.79079347651
default RB,3960.0,939.4663696289062,18.596616744995117,84.50777435302734,1.0,0.9999999904415943,1.0,1.887379141862766e-14,0.029,0.0325,0.36039990812992717,0.26250107443024445,0.12761952060095796,0.05380238526627995,161.41768011809788,267.69782905645843,-0.006385514977071793,0.0087,0.002925,2.0299978336812425,4.999225449117709,7.029223282798952,72077.04176046373
default RB,3975.0,939.486572265625,19.789907455444336,79.9450912475586,0.976230484660888,2.6384155771834103e-08,0.0,0.004022200851374494,0.0,0.03172749075147886,-4.936609450614851e-16,-0.24893114103182723,0.11590743645349011,0.053818338648765215,0.0,259.48649781591666,0.003531885691893181,0.0,0.002855474218726158,2.0299978336812425,5.030952939869188,7.060950773550431,71853.0037335351
default RB,3990.0,945.1613159179688,19.775981903076172,81.91650390625,6.924146389945905e-07,2.6335270767636453e-16,0.0,1.0962456635974449e-06,0.0,2.2503475767324194e-08,-4.942389211187829e-16,-0.183691081973669,0.07139855889635055,0.05384535851037801,0.0,198.53251528045803,0.004886952196975403,0.0,2.025312794273759e-09,2.0299978336812425,5.030952962372663,7.0609507960539055,71687.6817597588
default RB,4005.0,946.7484130859375,19.1866455078125,85.43528747558594,7.871835310673158e-10,1.561505339671687e-24,0.0,3.4134485879009256e-05,0.0,2.558346475968776e-11,-4.953427657931379e-16,-0.13469051184960032,0.03798854716811703,0.05384589117429202,0.0,106.16499267192557,0.0026132921250064255,0.0,2.302511856178135e-12,2.0299978336812425,5.0309529623982465,7.060950796079489,71566.46029909415
default RB,4020.0,909.203125,18.411022186279297,87.76962280273438,1.7923258671458173e-10,1.3491428449817045e-32,0.0,0.02181021455151072,0.0,5.825059068223906e-12,-4.925211715999905e-16,-0.11359976346290142,0.0236375330406219,0.053816849827082805,0.0,57.62429225041706,0.0014184441164090875,0.0,5.242553172829511e-13,2.0299978336812425,5.030952962404071,7.060950796085313,71464.22051197753
default RB,4035.0,779.0780029296875,16.748743057250977,88.45584106445312,2.269386709719672e-10,4.2842235185952264e-39,0.0,0.6216761878251843,0.0,7.375506806588935e-12,-4.790061582483599e-16,-0.10325398149106041,0.016659135395169333,0.053741305338452804,0.0,35.96214035023877,0.0008852219156497739,0.0,6.637956278393586e-13,2.0299978336812425,5.030952962411447,7.060950796092689,71371.29192863558
default RB,4050.0,687.0641479492188,15.816444396972656,87.8578109741211,0.001010613677265131,6.868831045055702e-34,0.0,0.8532965230184387,0.0,3.284494451111675e-05,-4.663439129335981e-16,-0.09726400771762655,0.012696019486078527,0.05362034828935853,0.0,24.61419438892335,0.000602931817006454,0.0,2.956044874736108e-06,2.0299978336812425,5.0309858073559575,7.0609836410372,71283.75432168972
default RB,4065.0,624.4592895507812,15.66843318939209,85.74906158447266,0.8443042273297147,3.291799858730772e-30,0.0,0.6590607669019211,0.0,0.027439887388215727,-6.821189923985697e-16,-0.09340473254803872,0.010206933569433425,0.05347811027129556,0.0,17.848670422128635,-0.002030237909348395,0.0,0.0024695897966623306,2.0299978336812425,5.058425694744173,7.088423528425416,71199.69006239648
default RB,4080.0,603.3973999023438,16.578397750854492,83.55728912353516,0.9549480600690254,1.0510526472637602e-27,0.0,0.03822330926598392,0.0,0.031035811952243326,-4.480555767690819e-16,-0.0907655018690513,0.008536169699992583,0.05334939870826143,0.0,13.501211464434164,-0.002460885584949731,0.0,0.002793223097920418,2.0299978336812425,5.089461506696416,7.119459340377659,71118.00111071434
default RB,4095.0,601.7789916992188,16.93935203552246,85.20223236083984,0.004834012678254091,7.313123857860951e-27,0.0,0.0007006903392702101,0.0,0.00015710541204325796,-4.466838937761827e-16,-0.08882021385035761,0.007313024900851927,0.053246210789842645,0.0,10.467351716346457,0.0002435184015647078,0.0,1.4139486837666481e-05,2.0299978336812425,5.08961861210846,7.119616445789703,71038.06291824901
default RB,4110.0,596.9647216796875,16.693164825439453,87.78005981445312,0.00017479011257252096,8.488603248923634e-27,0.0,0.014306592400266787,0.0,5.680678658606931e-06,-4.460539342463046e-16,-0.0873081509747311,0.0063822493134082555,0.05314603443408912,0.0,8.186929983072332,0.0002010131692764508,0.0,5.112610760988901e-07,2.0299978336812425,5.089624292787119,7.119622126468361,70959.48558237175
default RB,4125.0,555.6726684570312,15.552483558654785,88.85487365722656,0.0016850287393690541,1.3225540608021768e-26,0.0,0.626183807331875,0.0,5.476343402949427e-05,-6.584648326283599e-16,-0.08603384673783256,0.005636806232230774,0.053022633732093274,0.0,6.399853990995325,0.00015260615829114195,0.0,4.928709179512225e-06,2.0299978336812425,5.089679056221148,7.11967688990239,70882.0551203077
default RB,4140.0,525.61767578125,15.381356239318848,86.33899688720703,0.9840431732580709,5.93052923641889e-25,0.0,0.9238448248103227,0.0,0.0319814031308873,-6.474749721685079e-16,-0.08495893386890653,0.005050447293323193,0.05287609754550697,0.0,4.97084021900082,-0.002755967160404588,0.0,0.0028783263042569157,2.0299978336812425,5.121660459352035,7.151658293033277,70805.59207982568
default RB,4155.0,513.7281494140625,16.22920036315918,83.65950012207031,0.9966582576094185,9.44697010458149e-24,0.0,0.10539605855118221,0.0,0.03239139337230611,-6.391098358047989e-16,-0.08409142567774683,0.004592404963408281,0.05274265702782867,0.0,3.889237416908145,-0.002819490351974964,0.0,0.002915225426852703,2.0299978336812425,5.154051852724341,7.184049686405583,70729.90979671571
default RB,4170.0,515.3956298828125,16.766368865966797,84.8046875,0.10803055413510453,2.824048360199818e-23,0.0,0.0008457555310999674,0.0,0.003510993009390897,-6.37463611773242e-16,-0.08336521420785357,0.004203825226147754,0.05263609258945541,0.0,3.0127327757363673,-0.00024182980505677942,0.0,0.0003159893810749054,2.0299978336812425,5.1575628457337315,7.187560679414974,70654.88110392865
default RB,4185.0,518.5184326171875,16.65279769897461,87.50238037109375,0.000859312057350944,2.4219830847732824e-23,0.0,0.006929933183717464,0.0,2.792764186390568e-05,-6.390190914844036e-16,-0.08273208363249945,0.0038697549386754013,0.052538482946496004,0.0,2.252029295108514,5.29210794510884e-05,0.0,2.5134878131211735e-06,2.0299978336812425,5.1575907733755955,7.187588607056838,70580.4222286594
default RB,4200.0,498.5092468261719,15.561239242553711,88.89387512207031,0.0024420203807341,1.8166064510265635e-23,0.0,0.5010993305548596,0.0,7.936566237385826e-05,-4.230744246050793e-16,-0.08212202948404841,0.003570778622079605,0.05242151325982776,0.0,1.5788914082513656,3.1722109442612584e-05,0.0,7.142909837421029e-06,2.0299978336812425,5.157670139037969,7.187667972719211,70506.51240212376
default RB,4215.0,482.4471740722656,15.251574516296387,86.44942474365234,0.9827260826728758,1.1471735511005015e-22,0.0,0.92874827793011,0.0,0.03193859768686846,-6.287942556720488e-16,-0.08153971191469257,0.0033155548959334234,0.0522797022863178,0.0,0.9822675182367675,-0.0028502949412811834,0.0,0.002874473834037781,2.0299978336812425,5.189608736724837,7.21960657040608,70433.12666140053
default RB,4230.0,477.04949951171875,15.973127365112305,83.56483459472656,0.9989864200399388,5.036299625148168e-22,0.0,0.12617178169633095,0.0,0.032467058651298,-6.233142055457857e-16,-0.08104245954502014,0.0031097568029472,0.052146464678450126,0.0,0.5137808765139198,-0.002909388373437194,0.0,0.002922035287320614,2.0299978336812425,5.222075795376135,7.252073629057378,70360.18844781001
default RB,4245.0,480.8157653808594,16.702531814575195,83.26130676269531,0.5615626616402194,8.279783159923405e-22,0.0,0.0007104844737962663,0.0,0.018250786503307134,-4.146388103244149e-16,-0.08061607919125252,0.002926140632800337,0.05203936697595107,0.0,0.12224384240107611,-0.001639561693569502,0.0,0.001642570772767067,2.0299978336812425,5.240326581879442,7.270324415560685,70287.63397653788
default RB,4260.0,486.0117492675781,16.658912658691406,85.60225677490234,0.0015459591883480153,5.852881094811902e-22,0.0,0.0004063185336665096,0.0,5.02436736213105e-05,-6.244354346478354e-16,-0.08023319849854509,0.0027577269904171977,0.05194672560499941,0.0,-0.2408329761965433,-1.045012685756844e-05,0.0,4.521930520422756e-06,2.0299978336812425,5.240376825553064,7.270374659234307,70215.42409788919
default RB,4275.0,485.32958984375,16.173603057861328,87.80545806884766,0.0023086009407098196,3.6268331326485e-22,0.0,0.029432777926077167,0.0,7.502953057306914e-05,-6.260204888403986e-16,-0.0798608722819852,0.0026038285054565792,0.051846765310240545,0.0,-0.5780864628613926,-2.0982478689223243e-05,0.0,6.752658064942807e-06,2.0299978336812425,5.240451855083637,7.270449688764879,70143.5493128354
default RB,4290.0,471.6040954589844,15.104527473449707,88.27498626708984,0.16812842265936814,3.862031343763568e-22,0.0,0.6370649487387778,0.0,0.005464173736429464,-6.240602805217778e-16,-0.07945779063851348,0.002454746276794698,0.05172101915027996,0.0,-0.8996899790072348,-0.0005139218314987821,0.0,0.0004917756166309118,2.0299978336812425,5.245916028820067,7.275913862501309,70072.03730126073
default RB,4305.0,462.7677917480469,15.086516380310059,85.61837005615234,0.9997381844200508,1.36720891869138e-21,0.0,0.7236684687650767,0.0,0.03249149099365165,-6.200621558842695e-16,-0.07906352982489336,0.002329882320434995,0.05157706892008691,0.0,-1.1902958365681116,-0.0029535336984500577,0.0,0.0029242341086268427,2.0299978336812425,5.278407519813718,7.30840535349496,70000.88012441833
default RB,4320.0,464.3531799316406,16.149904251098633,83.1209716796875,0.9997781961912744,3.0852310788749128e-21,0.0,0.03029282781394752,0.0,0.03249279137621642,-4.1088252085532857e-16,-0.07873411575982567,0.0022305522484484595,0.05145179849696706,0.0,-1.4016552885441342,-0.002958853551542315,0.0,0.002924351267516613,2.0299978336812425,5.310900311189934,7.340898144871177,69930.01942023449
default RB,4335.0,872.490234375,17.16569709777832,82.12714385986328,0.9999999999960225,0.9999999999962492,0.0,3.9775376992068345e-08,0.0,0.03249999999987073,-4.912799038420385e-16,-0.07846255332255049,0.0021350872009266407,0.051362107340391004,0.0,-1.588418153784005,-0.004314099523785453,0.0,0.002925,2.0299978336812425,5.343400311189805,7.373398144871048,69859.40312224418
