label,t_min,co2_ppm,t_air,rh,uBoil,uCO2,uLamp,uVent,lamp_kwh_step,heat_kwh_step,Pn_gross_ch2o,Pn_net_co2,resp_growth,resp_maint,parCan,fruit_growth_dm,profit,elec_cost,heat_cost,lamp_kwh_cum,heat_kwh_cum,energy_kwh_cum,Pn_cum_co2_mg_m2
eco RB,15.0,646.3087768554688,18.926063537597656,91.03584289550781,9.999999999999763e-61,9.999999999999696e-35,0.0,0.9999999683772244,0.0,3.2499999999999233e-62,-4.496990471653207e-16,-0.20742341968743894,3.226768585563903e-09,0.1414250532562602,0.0,-10.746612241513503,-0.00026453199363725546,0.0,0.0,0.0,3.2499999999999233e-62,3.2499999999999233e-62,-186.68107771869504
eco RB,30.0,608.4390869140625,16.669713973999023,91.05553436279297,1.975826170653465e-16,1.4049003757197283e-28,0.0,0.06314774211924276,0.0,6.421435054623762e-18,-4.481920415881117e-16,-0.20493115964577255,4.052609862584084e-09,0.1397257842489658,0.0,-10.636157901368279,-0.00026181311757214284,0.0,5.779291373086208e-19,0.0,6.421435054623762e-18,6.421435054623762e-18,-371.11912139989033
eco RB,45.0,582.963134765625,15.278958320617676,90.09904479980469,2.0947903287056715e-07,4.596593087538627e-27,0.0,0.06532610013941503,0.0,6.808068568293433e-09,-6.697459570050484e-16,-0.2022358618659924,5.1900286058426005e-09,0.13788808011099665,0.0,-10.50396074236778,-0.0002585596463844352,0.0,6.127261514166094e-10,0.0,6.808068574714868e-09,6.808068574714868e-09,-553.1313970792835
eco RB,60.0,578.8549194335938,14.720017433166504,89.64795684814453,0.07114042484493345,4.80257814970849e-26,0.0,0.011858680283511246,0.0,0.0023120638074603374,-6.710413501043893e-16,-0.19946314042912966,6.722447053562326e-09,0.13599758672182008,0.0,-10.364477567425638,-0.0004632113401547003,0.0,0.00020808573849499226,0.0,0.002312070615528912,0.002312070615528912,-732.6482234655002
eco RB,75.0,582.9550170898438,14.721863746643066,87.97199249267578,0.9294802379919291,7.011399787075334e-26,0.0,0.005201149343739729,0.0,0.0302081077347377,-6.728441777037259e-16,-0.19670519242467058,8.763318618525854e-09,0.13411716561884054,0.0,-10.223504868481541,-0.0029703852493065193,0.0,0.0027187297448515893,0.0,0.03252017835026661,0.03252017835026661,-909.6828966477037
eco RB,90.0,592.4917602539062,15.097355842590332,85.88384246826172,0.9283576614010853,4.80618419289095e-26,0.0,0.000238507693730508,0.0,0.030171623995535274,-6.749456328075176e-16,-0.19403167210458624,1.1410093728524654e-08,0.13229430823923824,0.0,-10.085135514229478,-0.002963695647334501,0.0,0.0027154461577534677,0.0,0.06269180234580188,0.06269180234580188,-1084.3114015418314
eco RB,105.0,602.6290893554688,15.176095962524414,85.86743927001953,0.2897329884294277,1.996774153509982e-26,0.0,5.094199928050449e-06,0.0,0.0094163221239564,-6.781443739163663e-16,-0.1914503661234526,1.4740423509623859e-08,0.1305343235879375,0.0,-9.95158223087492,-0.0010924310276431677,0.0,0.0008474690034985543,0.0,0.07210812446975828,0.07210812446975828,-1256.6167310529388
eco RB,120.0,611.7644653320312,14.93476676940918,86.90167236328125,0.16494268194881626,7.849341115366966e-27,0.0,4.9425428465679274e-06,0.0,0.005360637163336529,-6.820947500305433e-16,-0.18891593747420685,1.8973954546213015e-08,0.1288062998500906,0.0,-9.821540761906363,-0.0007242183476039925,0.0,0.0004824573442339897,0.0,0.07746876163309481,0.07746876163309481,-1426.641074779725
eco RB,135.0,620.7635498046875,14.868027687072754,86.53842163085938,0.6458448453041952,3.383925927246309e-27,0.0,3.321397822177999e-05,0.0,0.020989957472386345,-6.853415192063725e-16,-0.18641586249656272,2.444960576171414e-08,0.1271016978276371,0.0,-9.693275470250228,-0.0021276997940806457,0.0,0.0018890960901975632,0.0,0.09845871910548115,0.09845871910548115,-1594.4153510266315
eco RB,150.0,629.93994140625,15.089962005615234,85.30181884765625,0.7712723662987775,1.477258702794626e-27,0.0,1.701085908723962e-05,0.0,0.025066351904710266,-6.874979004623111e-16,-0.1839813391855697,3.147758436362119e-08,0.12544178857027063,0.0,-9.567467201552063,-0.0024914785417009936,0.0,0.002255971656739712,0.0,0.12352507101019142,0.12352507101019142,-1759.9985562936442
eco RB,165.0,638.3361206054688,15.133954048156738,85.48406982421875,0.30394461466501577,6.344522648639589e-28,0.0,1.7435880459644417e-06,0.0,0.009878199976613012,-6.899097481769788e-16,-0.18162153372500597,4.028795878281572e-08,0.12383282151857473,0.0,-9.445417125192762,-0.001121540581605648,0.0,0.0008890380062162877,0.0,0.13340327098680443,0.13340327098680443,-1923.4579366461496
eco RB,180.0,645.8671875,14.959309577941895,86.46495056152344,0.2255232436946394,2.927879089435761e-28,0.0,2.4392831971253977e-06,0.0,0.0073295054200757815,-6.92776099983805e-16,-0.17930707377024419,5.13938589550364e-08,0.12225476956114906,0.0,-9.326408729612012,-0.0008892286392806383,0.0,0.000659655501320958,0.0,0.14073277640688023,0.14073277640688023,-2084.8343030393694
eco RB,195.0,653.3358764648438,14.944389343261719,86.34806823730469,0.5926122063264716,1.4632286896802072e-28,0.0,1.48578320299722e-05,0.0,0.019259896705610326,-6.950593050771278e-16,-0.17703151195559658,6.55727228407534e-08,0.12070323598947935,0.0,-9.20933718359447,-0.0019600820821143975,0.0,0.0017333907052874565,0.0,0.15999267311249055,0.15999267311249055,-2244.1626637994063
eco RB,210.0,660.8931274414062,15.07475471496582,85.71636962890625,0.6253206552309034,7.354661376126613e-29,0.0,1.197972674273702e-05,0.0,0.02032292129500436,-6.968167687217278e-16,-0.1748145089416685,8.349234074923315e-08,0.1191916251314156,0.0,-9.094636621666723,-0.0020529309468719963,0.0,0.0018290629684925078,0.0,0.1803155944074949,0.1803155944074949,-2401.495721846908
eco RB,225.0,668.0198974609375,15.069726943969727,85.93215942382812,0.3482289312364452,4.4667761363229166e-29,0.0,3.74191935791213e-06,0.0,0.011317440265184468,-6.9884501257932215e-16,-0.17265619246601685,1.05832705915925e-07,0.11772002340075186,0.0,-8.98305409339082,-0.001239690955953601,0.0,0.0010185696244239808,0.0,0.19163303467267936,0.19163303467267936,-2556.8862950663233
eco RB,240.0,675.6697387695312,15.345017433166504,84.69215393066406,0.997318652540455,2.4960238738716005e-20,0.0,5.5683458643991686e-06,0.0,0.03241285620756479,-7.000551778442127e-16,-0.1705535485356186,1.3397679345440353e-07,0.11628637441930482,0.0,-8.874249122054607,-0.003135600034753756,0.0,0.0029171569794416425,0.0,0.22404589088024415,0.22404589088024415,-2710.38448874838
eco RB,255.0,683.8045654296875,15.88174819946289,82.93050384521484,0.9999375923856976,6.991662841944368e-12,0.0,5.671746725448691e-07,0.0,0.032497971752535174,2.9451618487190092e-05,-0.1684986421556781,1.685249792250244e-07,0.1149147189815539,0.013302892338665816,-8.769147872066242,-0.0031406734098950225,0.0,0.0029248174622654916,0.0,0.25654386263277934,0.25654386263277934,-2862.0332666884906
eco RB,270.0,691.5526123046875,16.24711036682129,84.4830093383789,0.9999839021155736,0.0018693811315368695,0.0,2.2100466755024432e-08,0.0,0.032499476818756146,0.0024386901745962167,-0.16302614949479124,2.1264088492661485e-07,0.1135926684888797,1.0999849977738039,-8.668501724176167,-0.0031408550957944957,0.0,0.0029249529272317885,0.0,0.2890433394515355,0.2890433394515355,-3008.756801233803
eco RB,285.0,1095.2772216796875,16.69700813293457,85.140625,0.9999902627252455,0.9954279070430849,0.0,3.858424966752495e-07,0.0,0.03249968353857048,0.005242607659225484,-0.15705777981106778,2.696099236165803e-07,0.11232718610720191,2.150674134236421,-8.571589957849937,-0.004479792239366171,0.0,0.002924971581995487,0.0,0.32154302299010595,0.32154302299010595,-3150.108803063764
eco RB,300.0,1083.6510009765625,17.13512420654297,85.39196014404297,0.999386573858125,1.5449486911151635e-14,0.0,1.295715923091623e-06,0.0,0.032480063650389066,0.007772484333591754,-0.1515772494103877,3.432378240721341e-07,0.11112026394375124,3.1997064515817395,-8.479020547958498,-0.0031319200077629854,0.0,0.002923205655813217,0.0,0.35402308664049503,0.35402308664049503,-3286.5283275331126
eco RB,315.0,1077.784912109375,17.49604034423828,85.6095962524414,0.9664510752823373,4.507759471624694e-14,0.0,2.0585796118331216e-06,0.0,0.031409659946675966,0.010641911850699454,-0.14567740213352545,4.3925192682131503e-07,0.10996697237155667,4.3918648504653985,-8.390647619307856,-0.003033408336210698,0.0,0.0028268693178892133,0.0,0.38543274658717097,0.38543274658717097,-3417.6379894532856
eco RB,330.0,1069.4034423828125,17.672515869140625,86.82192993164062,0.5091175165437918,7.737485134922514e-14,0.0,3.0738675632709316e-06,0.0,0.016546319287673233,0.02754044123623991,-0.11927373443393649,6.020015336704524e-07,0.1088628386080639,11.417410448348155,-8.306060483009787,-0.0016936256887428074,0.0,0.0014891688153147696,0.0,0.4019790658748442,0.4019790658748442,-3524.9843504438286
eco RB,345.0,1057.4180908203125,17.4650936126709,88.63233947753906,0.1695334268728502,1.674419201111677e-13,0.0,2.867663158530987e-05,0.0,0.005509836373367631,0.043896900215715136,-0.09371018473950173,8.837971601016323e-07,0.10778932311357384,18.27267424916916,-8.224356012666249,-0.0006983309736911032,0.0,0.0004958852872252464,0.0,0.4074889022482118,0.4074889022482118,-3609.3235167093803
eco RB,360.0,1034.6343994140625,16.630006790161133,89.20886993408203,0.5796893839212932,5.0497693851265e-13,0.0,0.0008045044401988372,0.0,0.01883990497744203,0.06087093917243208,-0.0672255611330903,1.4025069939279407e-06,0.10670514575276811,25.444910071458132,-8.143104112241417,-0.0018960370864439411,0.0,0.0016955914467573167,0.0,0.42632880722565386,0.42632880722565386,-3669.8265217291614
eco RB,375.0,999.939208984375,15.52111530303955,88.22541809082031,0.9996689588739872,4.117413100216803e-12,0.0,0.002323197547422382,0.0,0.032489241163404584,0.08372242548895893,-0.03205696746816687,2.4794462239902086e-06,0.1055769689463771,35.22464026556598,-8.058779530940228,-0.003122401653413775,0.0,0.0029240316957235336,0.0,0.45881804838905843,0.45881804838905843,-3698.677792450512
eco RB,390.0,975.730224609375,15.705803871154785,86.67464447021484,0.9999999878532394,1.005612654872852e-10,0.0,0.00012145285366860215,0.0,0.03249999960523028,0.14832871612873108,0.06433914663589418,5.829153818080129e-06,0.10445528773871035,63.38481402506704,-7.969690820602409,-0.003121177004950586,0.0,0.002925,0.0,0.4913180479942887,0.4913180479942887,-3640.772560478207
eco RB,405.0,945.94921875,16.322492599487305,85.81228637695312,0.999999933439502,9.349605155891757e-10,0.0,2.186224760952997e-05,0.0,0.03249999783678382,0.21317913835518026,0.16099685663548,1.7521855888942043e-05,0.1033910342884063,92.81227946964583,-7.873105870945437,-0.0031187993560495755,0.0,0.002924999825656414,0.0,0.5238180458310725,0.5238180458310725,-3495.875389506275
eco RB,420.0,909.8217163085938,17.115293502807617,85.31153106689453,0.9999805032768393,1.4522095118682115e-08,0.0,4.464943049804961e-06,0.0,0.03249936635649728,0.2725614401047508,0.2494777380164858,5.887401300278501e-05,0.1024041112335356,121.089129342682,-7.744425917167973,-0.0031155750318286597,0.0,0.002924942989647388,0.0,0.5563174121875698,0.5563174121875698,-3271.345425291438
eco RB,435.0,867.7298583984375,17.956321716308594,85.0456771850586,0.9718943532828435,4.0469449197419196e-07,0.0,1.7751043950553887e-06,0.0,0.03158656648169241,0.32749430033011157,0.3312188404338705,0.0001627154917287,0.10150056109386275,148.72169187954333,-7.518934596941108,-0.003027872910529778,0.0,0.002842790897190571,0.0,0.5879039786692623,0.5879039786692623,-2973.2484689009543
eco RB,450.0,818.7195434570312,18.40550422668457,86.77011108398438,0.014732134514730516,1.9534259740911735e-05,0.0,1.087804421252641e-06,0.0,0.00047879437172874175,0.3898944728371018,0.42377452627811585,0.00028167237810053424,0.10067562834380804,181.78115472847992,-7.197395319672069,-0.0002202845187694248,0.0,4.309149349574e-05,0.0,0.588382773040991,0.588382773040991,-2591.85139525065
eco RB,465.0,764.8638916015625,18.664308547973633,88.45916748046875,0.00023871476382242282,0.001780106834748699,0.0,2.6066349335277998e-05,0.0,7.758229824228742e-06,0.4468530918335126,0.50833318585329,0.0003565295290736363,0.0999057596369748,214.509451392006,-6.932338483078638,-0.00017374356292704202,0.0,6.98240698693553e-07,0.0,0.5883905312708152,0.5883905312708152,-2134.351527982689
eco RB,480.0,781.8660888671875,18.9636287689209,89.4963150024414,2.2016996081777987e-05,0.20277930014438172,0.0,0.0005848943438097615,0.0,7.155523726577846e-07,0.5114615861205772,0.6040645467021201,0.00041390390879691936,0.09918549825263587,247.19941776014429,-6.740695028754999,-0.0004397412460548898,0.0,6.439971566578606e-08,0.0,0.5883912468231879,0.5883912468231879,-1590.693435950781
eco RB,495.0,719.3784790039062,19.108163833618164,90.1871337890625,1.3979288502422078e-06,0.050451201751177656,0.0,0.003938563129635099,0.0,4.543268763287175e-08,0.5565654807295269,0.6711265322911251,0.00047135439677050165,0.09850786206445175,278.1109765727749,-6.56692754013784,-0.0002297606566984999,0.0,4.0889418187362024e-09,0.0,0.5883912922558755,0.5883912922558755,-986.6795568887684
eco RB,510.0,943.7769775390625,18.434377670288086,90.24768829345703,3.692703893755216e-07,0.9437646562649771,0.0,0.01391933579918439,0.0,1.2001287654704452e-08,0.6149795015414388,0.7576947206756139,0.0005362578619259074,0.09783321560305962,289.1651953258047,-6.3866559118105215,-0.0014312933182140106,0.0,1.080115907114987e-09,0.0,0.5883913042571631,0.5883913042571631,-304.7543082807158
eco RB,525.0,776.3238525390625,18.07493782043457,90.38997650146484,0.0001829830298199393,1.7738599441634845e-08,0.0,0.01553664055221666,0.0,5.946948469148027e-06,0.6082420056433097,0.7487087005623695,0.0006120363263288764,0.09714677303217502,300.4843921716937,-6.185000956247677,-0.00015278142669130374,0.0,5.352253596356604e-07,0.0,0.5883972512056322,0.5883972512056322,369.0835222254167
eco RB,540.0,657.32666015625,17.658607482910156,90.64875030517578,0.004989754667464624,0.08132224630575867,0.0,0.020098218556440204,0.0,0.00016216702669260029,0.6003949846806187,0.738088975495743,0.0007003245735445367,0.09645218533599643,311.8019670610008,-5.9577902394594275,-0.00027103336236403825,0.0,1.4595033007208257e-05,0.0,0.5885594182323248,0.5885594182323248,1033.3636001715854
eco RB,555.0,831.5962524414062,16.926410675048828,89.70280456542969,0.1883398208981761,0.999803671559043,0.0,0.03198004308692091,0.0,0.006121044179190723,0.6548542233102759,0.8188549824674043,0.0008051166055720994,0.0957389008399628,321.28454646530315,-5.699127157291514,-0.002040915108594255,0.0,0.0005508939575403929,0.0,0.5946804624115155,0.5946804624115155,1770.3330843922492
eco RB,570.0,729.2556762695312,18.54096031188965,88.95325469970703,0.9949482674033845,0.0005443907978494865,0.0,0.00575101101331152,0.0,0.032335818690609995,0.6150287580710827,0.761270131103501,0.0009202515020299597,0.09506069869668293,310.06330825929547,-5.406534190369712,-0.0030440425298483417,0.0,0.002910223683714867,0.0,0.6270162811021255,0.6270162811021255,2455.4762023854
eco RB,585.0,986.0664672851562,19.32611846923828,89.78168487548828,6.8568633288668e-05,0.8710884564796658,0.0,0.001452003111936756,0.0,2.22848058188171e-06,0.6400493171315061,0.7986768629258578,0.0010356593371846864,0.09446126047494485,299.368327764515,-5.112161194352666,-0.0013020077782648738,0.0,2.00563248108665e-07,0.0,0.6270185095827073,0.6270185095827073,3174.285379018672
eco RB,600.0,853.7145385742188,18.916406631469727,90.92214965820312,4.960509224433489e-08,3.60862106574175e-10,0.0,0.006644323111814745,0.0,1.6121654979408838e-09,0.600104681134503,0.7407581155815859,0.0011619305603187504,0.0938804075935752,288.6750350619779,-4.811074472338078,-0.00011842659413191712,0.0,1.4509489290048804e-10,0.0,0.6270185111948728,0.6270185111948728,3840.967683042099
eco RB,615.0,575.0051879882812,15.743141174316406,88.98433685302734,2.159596718925771e-06,7.102124298553737e-05,0.0,0.05183150353854526,0.0,7.018689336508755e-08,0.5237955900669428,0.6296013083813868,0.001333549159073281,0.0931884288258733,280.09416343753577,-4.455814651395485,-0.00010978378691447504,0.0,6.316820525853472e-09,0.0,0.6270185813817662,0.6270185813817662,4407.608860585347
eco RB,630.0,898.029052734375,18.357818603515625,88.27630615234375,0.9999999061214545,0.9999998999522546,0.0,0.0009379050520053056,0.0,0.03249999694894727,0.6135449724058772,0.7619412121155014,0.0015317741033217056,0.09250783520247885,292.6649174912484,-3.9886155438871356,-0.00437318079607597,0.0,0.0029249996513128276,0.0,0.6595185783307135,0.6595185783307135,5093.355951489299
eco RB,645.0,815.2271728515625,19.431867599487305,89.65269470214844,0.0003703085461078406,1.199043363960417e-06,0.0,0.0004176962868944458,0.0,1.2035027748504821e-05,0.6218738785875249,0.7747070246266637,0.0017140926184049114,0.09195045994063611,304.6455129894813,-3.537155329329835,-8.815321010217959e-05,0.0,1.0831525178218726e-06,0.0,0.659530613358462,0.659530613358462,5790.592273653296
eco RB,660.0,710.8291625976562,19.443105697631836,90.75359344482422,1.872971358511435e-08,0.0024538248628825305,0.0,0.005246361342093352,0.0,6.087156915162163e-10,0.6202273372117043,0.7727693966787179,0.0019010767313781796,0.09143804439398029,316.6245572102931,-3.1044775346672395,-7.973062704074146e-05,0.0,5.478441020834169e-11,0.0,0.6595306139671777,0.6595306139671777,6486.084730664142
eco RB,675.0,815.3524169921875,17.132640838623047,88.95800018310547,1.688801127735989e-08,0.9736033318393248,0.0,0.038530670034593914,0.0,5.488603665141964e-10,0.6608421873462389,0.8328295775478438,0.0021350085217973535,0.0908688401116512,327.9952500153328,-2.6250336942466674,-0.0013789807294807865,0.0,4.9397432144715483e-11,0.0,0.6595306145160381,0.6595306145160381,7235.631350457201
eco RB,690.0,729.8936767578125,19.398094177246094,88.27969360351562,0.967184982180654,0.002425733675357156,0.0,0.0014647553037813227,0.0,0.03143351192087125,0.6538853093863168,0.8230603911217497,0.0023911995244686466,0.0903165799631519,334.54673803141515,-2.0355810975961504,-0.0028823973626195664,0.0,0.0028290160104632377,0.0,0.6909641264369094,0.6909641264369094,7976.385702466776
eco RB,705.0,981.3803100585938,20.388078689575195,89.0060806274414,2.5563849919991605e-08,0.8643449718691906,0.0,0.0004203134911183542,0.0,8.308251223997272e-10,0.7132668334433516,0.9104766176812222,0.002620966905067811,0.08986636499465006,341.18910057995436,-1.4801421829324681,-0.0012033000324549912,0.0,7.477426038349222e-11,0.0,0.6909641272677345,0.6909641272677345,8795.814658379875
eco RB,720.0,870.6731567382812,20.602951049804688,89.91222381591797,2.8034191965616163e-12,5.556303025821361e-10,0.0,0.0016002192598758105,0.0,9.111112388825253e-14,0.7043378575838902,0.8976438750331339,0.0028460748519844314,0.08946187830017421,347.8307388506903,-0.965080994523305,-2.3755840623489978e-05,0.0,8.200001078541644e-15,0.0,0.6909641272678256,0.6909641272678256,9603.694145909696
eco RB,735.0,727.6194458007812,20.061168670654297,90.31076049804688,3.8743345381348843e-13,1.4895828130020828e-05,0.0,0.008435348029148873,0.0,1.2591587248938374e-14,0.6860062243452155,0.8709898867356933,0.003091860157648534,0.08905763328727055,357.70911583357446,-0.4349602193469764,-1.0726822460438962e-05,0.0,1.1332428891770372e-15,0.0,0.6909641272678382,0.6909641272678382,10387.58504397182
eco RB,750.0,874.5514526367188,19.755735397338867,88.45189666748047,5.692822468891455e-11,0.8870864772000613,0.0,0.01741720332159265,0.0,1.850167302389723e-12,0.7814263166971678,1.0111395550552023,0.003359775416132673,0.08865321996278279,396.9097041101657,0.14772007580904756,-0.0011939305226074475,0.0,1.665150611146471e-13,0.0,0.6909641272696884,0.6909641272696884,11297.610643521502
eco RB,765.0,768.64794921875,21.75716209411621,88.53067779541016,9.48541918575011e-10,1.0421682332267735e-05,0.0,0.0005771088933459204,0.0,3.082761235368786e-11,0.8121025050989409,1.0562774818487737,0.0035936324078862628,0.0883196927164991,434.86778905774815,0.7295754480801406,1.7944708214684322e-05,0.0,2.7744850916722184e-12,0.0,0.6909641273005159,0.6909641273005159,12248.2603771854
eco RB,780.0,722.4691162109375,23.084087371826172,88.98101806640625,9.361632282657866e-18,0.1521877243050419,0.0,0.0006671973023078683,0.0,3.0425304918638067e-19,0.8450711970151675,1.1047296321789686,0.0037531285864031783,0.08809333197028969,472.82094720952966,1.1637285195683944,-0.00017680779682346977,0.0,2.7382774474576547e-20,0.0,0.6909641273005159,0.6909641273005159,13242.517046146471
eco RB,795.0,902.5906982421875,22.990863800048828,87.25804138183594,4.60945766346146e-23,0.9266061640296248,0.0,0.011990810140779849,0.0,1.4980737406249745e-24,0.920792524829215,1.2158575991623064,0.003880376117616202,0.08791834513840206,500.83900182066776,1.4696304642711766,-0.001214742821562462,0.0,1.3482663264564273e-25,0.0,0.6909641273005159,0.6909641273005159,14336.788885392547
eco RB,810.0,733.5592041015625,22.64138412475586,88.78697967529297,1.0877853765668684e-22,7.877174688780185e-07,0.0,0.009696887121598385,0.0,3.535302473842322e-24,0.7896920215202051,1.023635210397946,0.004038901208278013,0.08772003413152497,462.5416238514477,1.7890626186563168,4.4037401040669605e-05,0.0,3.181772352155891e-25,0.0,0.6909641273005159,0.6909641273005159,15258.060574750698
eco RB,825.0,934.3978271484375,22.68928337097168,89.83527374267578,2.7193435720123466e-21,0.8196899543382944,0.0,0.004359998265886856,0.0,8.837866609040127e-23,0.7548601706774093,0.9726044247135551,0.004218988917674206,0.08750181250225077,425.8685732419611,2.1733507813187316,-0.001053083539418876,0.0,7.954079857481742e-24,0.0,0.6909641273005159,0.6909641273005159,16133.404556992897
eco RB,840.0,789.9532470703125,21.942726135253906,90.973876953125,1.7492994729880283e-21,4.2080918372492637e-08,0.0,0.007328531759882869,0.0,5.685223287211092e-23,0.640626181034991,0.8051015993521251,0.004437458752135555,0.08725582292883592,389.2005457199016,2.6107014922090457,6.426336453744208e-05,0.0,5.116700702569161e-24,0.0,0.6909641273005159,0.6909641273005159,16857.99599640981
eco RB,855.0,531.8377685546875,17.76459312438965,86.89599609375,1.6947130283948968e-18,0.024606293411856075,0.0,0.05671979926421119,0.0,5.507817342283415e-20,0.504642513140322,0.6056711054642782,0.0048359899745827615,0.08684895825094442,359.06098718333163,3.262383938446874,4.708633976701934e-05,0.0,4.957035700325514e-21,0.0,0.6909641273005159,0.6909641273005159,17403.09999132766
eco RB,870.0,866.1023559570312,20.274553298950195,89.10088348388672,0.08039508356639047,0.9999999981227847,0.0,3.2868837578974444e-05,0.0,0.00261284021590769,0.5592004714617174,0.6856509886761736,0.005289914513225106,0.0864212544035258,362.50630214339253,4.279149164416594,-0.001479822706927617,0.0,0.00023515560943633318,0.0,0.6935769675164236,0.6935769675164236,18020.185881136218
eco RB,885.0,781.7755126953125,20.850666046142578,90.56007385253906,7.976009887290842e-12,2.2693058209900683e-05,0.0,0.0019048921926200536,0.0,2.5922032133695235e-13,0.5170652817354617,0.6237835547340851,0.005675436945127111,0.08608288285524002,365.81353906794624,5.187645841746416,0.00012766526199030394,0.0,2.3329828108438476e-14,0.0,0.6935769675166829,0.6935769675166829,18581.591080396895
eco RB,900.0,619.2141723632812,18.8627986907959,88.85143280029297,3.9567123468467815e-14,0.0508525663035556,0.0,0.027292420385812515,0.0,1.285931512725204e-15,0.4561765136439027,0.5343438672813036,0.006144779049581793,0.08570637670805831,369.1206487088124,6.097855560416065,8.145009455599785e-05,0.0,1.1573384005298227e-16,0.0,0.6935769675166842,0.6935769675166842,19062.50056095007
eco RB,915.0,948.7997436523438,20.108781814575195,89.56621551513672,3.5383495488293675e-06,0.9999941309927581,0.0,0.0012039784366330427,0.0,1.1499636033695446e-07,0.47298468787966597,0.5587993610302667,0.00666414332935804,0.08532098666300786,365.4775211078423,7.230345263204072,-0.0011720247344222084,0.0,1.0349672504617047e-08,0.0,0.6935770825130445,0.6935770825130445,19565.41998587731
eco RB,930.0,852.8593139648438,19.516014099121094,91.03820037841797,3.671761598749845e-11,1.1168936407121817e-08,0.0,0.004477427164192843,0.0,1.1933225195936994e-12,0.3827076157978229,0.4261316779076616,0.007222388201712083,0.08494090666980511,318.4410184144067,8.387459582692827,0.00020646052838851466,0.0,1.0739902404910406e-13,0.0,0.6935770825142378,0.6935770825142378,19948.938495994204
eco RB,945.0,558.9178466796875,15.228628158569336,85.0860595703125,8.628620898149993e-09,7.684079302468358e-05,0.0,0.06340345731127355,0.0,2.804301791898748e-10,0.2816408498091923,0.27741019422917185,0.008100873147611402,0.08439666561720813,273.1415693238329,9.887417410194757,0.00024327882209723706,0.0,2.523871491799667e-11,0.0,0.693577082794668,0.693577082794668,20198.60767080046
eco RB,960.0,920.025390625,16.92388916015625,88.435302734375,0.9999999991786788,0.9999999772642095,0.0,1.171772710868069e-06,0.0,0.032499999973307055,0.2612075215141912,0.24665113398954822,0.009246082307848884,0.08379021433386236,227.84793699150632,12.187604731676402,-0.003974997421989504,0.0,0.002925,0.0,0.7260770827679751,0.7260770827679751,20420.593691391052
eco RB,975.0,880.431640625,17.253095626831055,88.74195861816406,0.9950636501997644,1.5811735015676384e-07,0.0,0.0005597667879506412,0.0,0.032339568631492344,0.2051670859742518,0.16354714744739143,0.010423595375847845,0.0832340737724778,183.95651018973146,14.708322968399443,-0.0025485103994412686,0.0,0.002910561212897301,0.0,0.7584166513994675,0.7584166513994675,20567.786124093705
eco RB,990.0,845.9991455078125,17.247699737548828,88.33172607421875,0.9067068106050664,6.063518334647398e-06,0.0,0.0009843385821329581,0.0,0.029467971344664664,0.16059054378874316,0.09705065233140488,0.011737030962747485,0.08268261462960969,146.78827954141394,17.41285274024267,-0.0022235015375405886,0.0,0.002652117419242859,0.0,0.7878846227441321,0.7878846227441321,20655.13171119197
eco RB,1005.0,822.0567016601562,17.10481071472168,87.87073516845703,0.9108260267838991,0.00014453337921831527,0.0,0.00046256922927816576,0.0,0.029601845870476724,0.11908623647010637,0.034798185530359044,0.01323752197992573,0.08212267930305571,109.49906602005015,20.46160192507523,-0.0021606910489510986,0.0,0.0026641661301255227,0.0,0.8174864686146088,0.8174864686146088,20686.450078169295
eco RB,1020.0,806.4837036132812,16.87681770324707,87.28077697753906,0.9744148798610288,0.0013096597154125254,0.0,0.00019792125379824212,0.0,0.03166848359548344,0.07912444481093125,-0.02551015326905758,0.014969092471298987,0.08154863836492134,72.21386899786327,23.951869895819982,-0.0022623470895804577,0.0,0.0028501635387539865,0.0,0.8491549522100923,0.8491549522100923,20663.490940227144
eco RB,1035.0,798.4882202148438,16.62929916381836,86.58267974853516,0.996794642280233,0.00547350027340412,0.0,6.677180416877689e-05,0.0,0.032395825874107574,0.04476318588527276,-0.07797564133863119,0.016967791625011663,0.08096060336361945,40.13813941776404,27.973237773083383,-0.0022344415434141854,0.0,0.0029156243249773978,0.0,0.8815507780841999,0.8815507780841999,20593.312863022376
eco RB,1050.0,795.1655883789062,16.542991638183594,85.79605865478516,0.9996711063174073,0.011363370705372126,0.0,1.8455969359102572e-05,0.0,0.03248931095531574,0.03358573375622835,-0.09683752881311036,0.01924132342807766,0.080369997037251,29.66909855445239,32.58932291115343,-0.002137179804244079,0.0,0.0029240379720926286,0.0,0.9140400890395156,0.9140400890395156,20506.15908709058
eco RB,1065.0,789.2153930664062,16.471355438232422,85.13954162597656,0.9955434742104384,2.888522669983609e-07,0.0,4.333514649162655e-06,0.0,0.03235516291183924,0.02194217990351771,-0.11678831504646059,0.021788198463207967,0.07978237671453789,19.017911093405118,37.78781013023399,-0.0019818035885860808,0.0,0.0029119646787643433,0.0,0.9463952519513549,0.9463952519513549,20401.049603548763
eco RB,1080.0,784.4442749023438,16.127792358398438,85.6152572631836,0.4427993979166672,8.817782012126265e-16,0.0,1.2931042525164287e-06,0.0,0.014390980432291684,0.009434426020328273,-0.13841992197941128,0.024613618771199393,0.07919802518244318,7.972761168383741,43.567883810312196,-0.00022274799701560845,0.0,0.0012951882138848305,0.0,0.9607862323836466,0.9607862323836466,20276.471673767293
eco RB,1095.0,791.1531982421875,17.7960262298584,80.59828186035156,0.03343999155407036,2.414762150104045e-24,0.0,3.1060473766888046e-06,0.0,0.0010867997255072867,-3.8272756332779223e-16,-0.1557175801134076,0.027484348263612512,0.07868672728862826,0.0,49.94794286269462,0.00113167585317332,0.0,9.781197113916278e-05,0.0,0.9618730321091539,0.9618730321091539,20136.325851665228
eco RB,1110.0,790.3786010742188,17.526758193969727,83.61335754394531,9.911936495755873e-12,8.525123130340238e-34,0.0,1.782184377160648e-05,0.0,3.2213793611206585e-13,-3.9376898698064245e-16,-0.15920349979516304,0.030342577476493784,0.07820526145487963,0.0,56.00103949644836,0.0013784871260374286,0.0,2.899241491414323e-14,0.0,0.9618730321094761,0.9618730321094761,19993.04270184958
eco RB,1125.0,789.8788452148438,16.99144172668457,86.26363372802734,7.815725106549241e-11,2.425785561407855e-34,0.0,1.0635381231742513e-05,0.0,2.5401106596285036e-12,-4.0640855883542855e-16,-0.16312928160886853,0.03351095925889061,0.07771354904559392,0.0,62.46726357515581,0.001537655718544456,0.0,2.286099606493841e-13,0.0,0.9618730321120161,0.9618730321120161,19846.226348401597
eco RB,1140.0,790.326171875,16.43505096435547,87.93321990966797,1.082010978128865e-08,2.5400686265439098e-34,0.0,1.0254315587200267e-05,0.0,3.5165356789188115e-10,-4.2043210743509363e-16,-0.16758073704692095,0.03705362089421908,0.0772059706120895,0.0,69.6597826555153,0.0017147023106407853,0.0,3.164882216299958e-11,0.0,0.9618730324636697,0.9618730324636697,19695.40368505937
eco RB,1155.0,791.3346557617188,15.9022855758667,88.96534729003906,1.8188304987073472e-06,2.4375220020060102e-34,0.0,0.00022206159298200677,0.0,5.911199120798879e-08,-4.3578486208666426e-16,-0.17259327537687688,0.04099470726668045,0.07668252395218127,0.0,77.65719117256958,0.001911556308784128,0.0,5.320079122839161e-09,0.0,0.9618730915756609,0.9618730915756609,19540.06973722018
eco RB,1170.0,790.5377197265625,15.41073989868164,89.62691497802734,0.000245894783559767,2.221325790672776e-34,0.0,0.0014846811358783661,0.0,7.991580465692428e-06,-4.521608756677852e-16,-0.17817308213095037,0.045336702774006435,0.07614494207639382,0.0,86.47517494438944,0.002127900448733439,0.0,7.192422053776681e-07,0.0,0.9618810831561266,0.9618810831561266,19379.713963302325
eco RB,1185.0,783.802978515625,14.95302677154541,90.0211181640625,0.022246931245336908,2.390502919768205e-34,0.0,0.005004339696886105,0.0,0.0007230252654734496,-4.689837718591261e-16,-0.18429271558833146,0.050058761057406566,0.0755953610796458,0.0,96.06285109877354,0.0022995517546081775,0.0,6.507227243855596e-05,0.0,0.9626041084216,0.9626041084216,19213.850519272826
eco RB,1200.0,770.3441772460938,14.815637588500977,88.89927673339844,0.6065030381776408,4.4450906284544194e-34,0.0,0.010289664553818292,0.0,0.019711348740773328,-4.853656181446643e-16,-0.1910487662539989,0.055219782287028535,0.07504073795315992,0.0,106.47762750396214,0.0008469664502899665,0.0,0.001774021303653717,0.0,0.9823154571623733,0.9823154571623733,19041.90662964423
eco RB,1215.0,770.3159790039062,15.154237747192383,86.90209197998047,0.8452788717766548,1.535428961043343e-33,0.0,0.0013147639430085298,0.0,0.027471563332741283,-5.035897893001755e-16,-0.19837592888383757,0.060754501553939536,0.07450181130381721,0.0,118.0181824558822,0.0004326222897800972,0.0,0.00247244066298008,0.0,1.0097870204951147,1.0097870204951147,18863.368293648775
eco RB,1230.0,777.489013671875,15.288829803466797,86.8999252319336,0.19456969924171277,1.5394238342739664e-33,0.0,3.3240425878226626e-05,0.0,0.006323515225355666,-5.240590641854773e-16,-0.20563611246079372,0.0662182317015372,0.07398820623850484,0.0,130.00757905703358,0.002631070212258133,0.0,0.0005691163491457701,0.0,1.0161105357204703,1.0161105357204703,18678.29579243406
eco RB,1245.0,785.9613037109375,15.123560905456543,88.0660629272461,0.06536194379054935,7.951234747942329e-34,0.0,3.31073747477066e-05,0.0,0.002124263173192854,-5.458771287076632e-16,-0.21284265073027853,0.0716347756101314,0.0734852110668121,0.0,141.6248288150382,0.0032949659379181238,0.0,0.00019118369445204732,0.0,1.018234798893663,1.018234798893663,18486.737406776807
eco RB,1260.0,795.2027587890625,14.966225624084473,88.66948699951172,0.24268145429728222,3.6437140300057568e-34,0.0,0.000283616070168114,0.0,0.007887147264661672,-5.679537986864628e-16,-0.22015893684614352,0.07712239685868684,0.07298596663096843,0.0,153.18360089194175,0.0030608299863419067,0.0,0.0007098432663828135,0.0,1.0261219461583249,1.0261219461583249,18288.594363615277
eco RB,1275.0,804.975341796875,15.033965110778809,88.06937408447266,0.5771479902629408,1.5555637163232387e-34,0.0,0.0008614202722775074,0.0,0.018757309683545574,-5.893311694626738e-16,-0.22763784139832496,0.08271224698391313,0.07249536952315581,0.0,164.99783647805452,0.0023733274206748384,0.0,0.001688157784938812,0.0,1.0448792558418705,1.0448792558418705,18083.720306356783
eco RB,1290.0,815.5634765625,15.140815734863281,87.60330963134766,0.4224230887614702,6.323894994482964e-35,0.0,0.00028535796596240677,0.0,0.013728750384747782,-6.100456311368053e-16,-0.23496165629613286,0.08818044464119773,0.07202068193891172,0.0,176.956615804811,0.0031202676068275027,0.0,0.0012355875514447688,0.0,1.0586080062266183,1.0586080062266183,17872.254815690263
eco RB,1305.0,826.2662353515625,15.083480834960938,87.9607162475586,0.21467763859223676,2.3848358205715917e-35,0.0,0.0001209478966534101,0.0,0.006977023254247695,-6.300948604485925e-16,-0.24190912758805286,0.09337972842817249,0.07155831031621707,0.0,188.40848809236195,0.004009815326020695,0.0,0.0006279320731759072,0.0,1.065585029480866,1.065585029480866,17654.536600861014
eco RB,1320.0,836.6891479492188,14.985014915466309,88.20780181884766,0.31672022807250977,8.899112071239035e-36,0.0,0.00023360056295061303,0.0,0.010293407412356567,-6.488227608708795e-16,-0.24856916502805956,0.09837661367763326,0.07110235960805036,0.0,199.21979929024383,0.0039774653464399925,0.0,0.0009264066360890865,0.0,1.0758784368932226,1.0758784368932226,17430.82435233576
eco RB,1335.0,847.0056762695312,14.995357513427734,87.68424987792969,0.5344499654520105,3.407458765886185e-36,0.0,0.00036819053769260806,0.0,0.017369623877190342,-6.656591947793739e-16,-0.255020980242672,0.10322399795838372,0.07065394017186556,0.0,209.67706683831057,0.003598015411150857,0.0,0.001563266234099865,0.0,1.093248060770413,1.093248060770413,17201.305470117353
eco RB,1350.0,857.64990234375,14.972428321838379,87.00885772705078,0.5106879735913898,1.3175575511222415e-36,0.0,0.00014039115423263146,0.0,0.01659735914172017,-6.809106970374543e-16,-0.2610309553154759,0.10776070506676877,0.07021494327100514,0.0,219.71679880440206,0.003914651263257167,0.0,0.0014937622457742693,0.0,1.109845419912133,1.109845419912133,16966.377610333424
eco RB,1365.0,868.7935180664062,14.92347526550293,86.20002746582031,0.563146387766035,4.943168513188003e-37,0.0,4.0464158005407536e-05,0.0,0.018302257602396135,-6.945314103685273e-16,-0.26659336740767575,0.11198541823188977,0.06978278374089146,0.0,228.99976303928997,0.003989713987854238,0.0,0.0016472032561898231,0.0,1.1281476775145292,1.1281476775145292,16726.443579666517
eco RB,1380.0,880.3787231445312,14.916346549987793,85.08564758300781,0.6692553734070272,1.7711490821340952e-37,0.0,9.12038250749799e-06,0.0,0.021750799635728384,-7.06367521074373e-16,-0.2717744226233864,0.1159433528318335,0.06935738672820625,0.0,237.65877114584873,0.0038924900845780323,0.0,0.0019575719743967056,0.0,1.1498984771502576,1.1498984771502576,16481.84659930547
eco RB,1395.0,892.4078979492188,14.98324966430664,83.94312286376953,0.6836236825921648,6.093270836061635e-38,0.0,1.1708918614409436e-06,0.0,0.022217769684245353,-7.164114037717921e-16,-0.2766068505971952,0.11965404794024573,0.0689415288188717,0.0,245.87927099275112,0.004052813585206793,0.0,0.001999599239230156,0.0,1.172116246834503,1.172116246834503,16232.900433767994
eco RB,1410.0,904.868896484375,15.114755630493164,83.44762420654297,0.5384922790908074,2.012260701016225e-38,0.0,1.4272870737072915e-07,0.0,0.017500999070451245,-7.2479773147816e-16,-0.28106529276630104,0.12309653020215594,0.06853889343896857,0.0,253.69444043510157,0.004669696358681764,0.0,0.0015750898674130442,0.0,1.1896172459049543,1.1896172459049543,15979.941670278324
eco RB,1425.0,916.9115600585938,15.074019432067871,84.2302474975586,0.2578941938199518,6.386199085573289e-39,0.0,5.72928276899729e-08,0.0,0.008381561299148436,-7.322299658052293e-16,-0.28481493397940677,0.1260443514356131,0.06814764571661089,0.0,260.6378702635848,0.0056613609214882865,0.0,0.0007543405003845692,0.0,1.1979988072041028,1.1979988072041028,15723.608229696858
eco RB,1440.0,928.8739013671875,14.989758491516113,85.11834716796875,0.3358716523475376,2.1063811891536464e-39,0.0,2.422147193299567e-07,0.0,0.010915828701294974,-7.3863550952157e-16,-0.2880789129659394,0.12865583129843042,0.06776160603420027,0.0,266.44684019625856,0.005576266825975527,0.0,0.0009824246250092984,0.0,1.2089146359053977,1.2089146359053977,15464.337208027513
eco RB,1455.0,941.0707397460938,14.996109008789062,85.2593994140625,0.5235649968247194,6.999041361715717e-40,0.0,1.2435853564256625e-06,0.0,0.017015862396803378,-7.439117680910781e-16,-0.2910594295945853,0.13106790662931342,0.06738170109752847,0.0,271.734432953177,0.005157419971955509,0.0,0.0015314276084303854,0.0,1.225930498302201,1.225930498302201,15202.383721392387
eco RB,1470.0,952.7399291992188,14.89735221862793,85.10932922363281,0.5089588864638838,2.2759811162065663e-40,0.0,1.6125763131119369e-06,0.0,0.01654116381007622,-7.486539301298031e-16,-0.29343861563997076,0.13306417126060863,0.06700760874243669,0.0,276.40156634421874,0.005315026151168769,0.0,0.0014887047126889228,0.0,1.2424716621122773,1.2424716621122773,14938.288967316414
eco RB,1485.0,964.4659423828125,14.84732723236084,84.17890930175781,0.7201940021935415,7.769590366959657e-41,0.0,1.2230917776032536e-06,0.0,0.0234063050712901,-7.5266877966715255e-16,-0.2955125155269861,0.13484970675507857,0.06663609587426064,0.0,280.2125355496901,0.004790971938894094,0.0,0.002106567397713661,0.0,1.2658779671835674,1.2658779671835674,14672.327703342125
eco RB,1500.0,976.3886108398438,14.890063285827637,82.7730484008789,0.803161335621117,2.6384991781268433e-41,0.0,2.2035533264760143e-07,0.0,0.026102743407686306,-7.559498339161305e-16,-0.29741530709174957,0.13651260802915097,0.06627055246328589,0.0,283.8566461747978,0.004637993651244504,0.0,0.0023492468699812885,0.0,1.2919807105912537,1.2919807105912537,14404.65392695955
eco RB,1515.0,988.3579711914062,14.966238975524902,81.64129638671875,0.7335201528330243,8.79942818508551e-42,0.0,2.455065421136103e-08,0.0,0.023839404967073298,-7.587026454006956e-16,-0.29908141309924074,0.13800522078179628,0.06591392106014884,0.0,287.3410911043975,0.004927465034048968,0.0,0.002145546439290047,0.0,1.3158201155583271,1.3158201155583271,14135.480655170233
eco RB,1530.0,1000.4205932617188,15.071033477783203,81.31153869628906,0.5771174262020164,2.9220252824715114e-42,0.0,2.925761276185426e-08,0.0,0.018756316351565536,-7.610116683938736e-16,-0.30053688914012083,0.13934366928976558,0.06556784256324838,0.0,290.5481750251711,0.005463886556519876,0.0,0.0016880685210227968,0.0,1.3345764319098927,1.3345764319098927,13864.997454944125
eco RB,1545.0,1011.8388061523438,15.018060684204102,82.1605224609375,0.34203362218443856,9.620028918226077e-43,0.0,3.724206118978774e-08,0.0,0.011116092720994253,-7.633497140459652e-16,-0.30146425630804047,0.14031375469235102,0.06523005294626502,0.0,293.11401276272954,0.006214665808214877,0.0,0.0010004483520984649,0.0,1.345692524630887,1.345692524630887,13593.679624266888
eco RB,1560.0,1023.1281127929688,14.968781471252441,82.95865631103516,0.45850934349405675,3.3608565488441895e-43,0.0,3.2965576871224337e-08,0.0,0.014901553663556845,-7.654546667087036e-16,-0.3021695874100049,0.14112873994240063,0.06489597525759329,0.0,294.86500334361335,0.0059170756012530855,0.0,0.0013411398656666279,0.0,1.360594078294444,1.360594078294444,13321.726995597883
eco RB,1575.0,1034.4158935546875,14.984782218933105,83.18753814697266,0.5713912743348565,1.1881532911566924e-43,0.0,2.9429429163766107e-08,0.0,0.018570216415882836,-7.672499008873836e-16,-0.30277691946306445,0.14187131374790096,0.06456749148125811,0.0,296.5003363654105,0.005627150311163053,0.0,0.0016713195070624353,0.0,1.3791642947103266,1.3791642947103266,13049.227768081124
eco RB,1590.0,1044.8326416015625,14.851847648620605,83.2596435546875,0.5349822755339861,4.2010194383534244e-44,0.0,3.548427398556155e-08,0.0,0.017386923954854548,-7.69220869907425e-16,-0.3028708111338603,0.1422600951817212,0.06424272709462375,0.0,297.64387554507266,0.005761795352633076,0.0,0.0015648231223225593,0.0,1.3965512186651812,1.3965512186651812,12776.64403806065
eco RB,1605.0,1055.2540283203125,14.790427207946777,82.37155151367188,0.7964960568735291,1.6094932543397436e-44,0.0,4.0523581438789406e-08,0.0,0.025886121848389697,-7.709492380684521e-16,-0.3028932312784892,0.14260002116808868,0.06391808757024442,0.0,298.0934719878933,0.005007934565836957,0.0,0.0023297508984804153,0.0,1.4224373405135708,1.4224373405135708,12504.040129910009
eco RB,1620.0,1065.853271484375,14.844242095947266,80.924560546875,0.8732758787067625,6.163664751238742e-45,0.0,1.951762401474004e-08,0.0,0.028381466057969783,-7.723308462328705e-16,-0.30301796177625595,0.14300492072570375,0.06359823153239388,0.0,298.8712569014533,0.0048024990016804076,0.0,0.002554331937432289,0.0,1.4508188065715406,1.4508188065715406,12231.323964311377
eco RB,1635.0,1076.31689453125,14.949158668518066,79.74887084960938,0.8076147772772228,2.3220018768462492e-45,0.0,2.2092346889688532e-08,0.0,0.02624748026150974,-7.734735160039631e-16,-0.30314856233325266,0.14340541846813964,0.06328677962276613,0.0,299.91212298790924,0.005020178958469859,0.0,0.0023622732996940615,0.0,1.4770662868330504,1.4770662868330504,11958.49025821145
eco RB,1650.0,1086.2127685546875,15.07175350189209,79.50799560546875,0.6149728347527471,8.857697141663956e-46,0.0,2.8129295005106194e-08,0.0,0.019986617129464274,-7.744090540083918e-16,-0.30322921758394766,0.1437615440801176,0.06298564622623994,0.0,300.9906305102486,0.005610204608417115,0.0,0.0017987955272197721,0.0,1.4970529039625147,1.4970529039625147,11685.583962385897
eco RB,1665.0,1095.6829833984375,15.297557830810547,79.31429290771484,0.8022927100663667,2.609300958969326e-43,0.0,2.2280372610464246e-08,0.0,0.026074513077156924,-7.749864327631098e-16,-0.3033855426322274,0.14415789901308987,0.06269587655165357,0.0,301.98164250111586,0.005086688116047566,0.0,0.0023467061609029768,0.0,1.5231274170396716,1.5231274170396716,11412.536974016894
eco RB,1680.0,1105.247314453125,15.765326499938965,78.50257873535156,0.9963882097615088,6.189731514435613e-35,0.0,7.759316762130769e-09,0.0,0.032382616817249035,-7.749502754031429e-16,-0.3037098458012545,0.1446499730467922,0.06242491831127097,0.0,303.40590824101673,0.004554017649868037,0.0,0.002914435476064682,0.0,1.5555100338569205,1.5555100338569205,11139.198112795764
eco RB,1695.0,1113.0711669921875,16.06545066833496,81.1381607055664,0.9995048434287297,1.4535432331835122e-26,0.0,4.717798727972716e-09,0.0,0.03248390741143371,0.0021426021039306045,-0.3000912521363373,0.14458347529505913,0.06216679525536061,0.8744358253837841,303.96492691101594,0.004558661857670567,0.0,0.0029235517278313637,0.0,1.5879939412683544,1.5879939412683544,10869.11598587306
eco RB,1710.0,1118.789306640625,16.2884521484375,84.06277465820312,0.9999855488923836,4.010565107982713e-18,0.0,1.9497406752337924e-09,0.0,0.032499530339002464,0.008566763559703976,-0.28530201506517155,0.1411718621141012,0.061918999332498136,3.4982010587807975,301.8979205434225,0.004506375619908974,0.0,0.002924957808852196,0.0,1.620493471607357,1.620493471607357,10612.344172314406
eco RB,1725.0,1121.4974365234375,16.596891403198242,84.75910186767578,0.9999857503657085,1.7718719520351862e-15,0.0,1.7791638114369495e-07,0.0,0.032499536886885526,0.014971123865561212,-0.22565058486534517,0.10714167135370435,0.06168212140574734,6.122536083832097,270.4802750586168,0.003733017669559919,0.0,0.002924958331882954,0.0,1.6529930084942424,1.6529930084942424,10409.258645935595
eco RB,1740.0,1116.7545166015625,16.868173599243164,84.71085357666016,0.999755958795765,1.3807281614367378e-15,0.0,6.416228596844814e-07,0.0,0.032492068660862364,0.021335489022756133,-0.13927184836936163,0.05485304494859553,0.06144052089987802,8.746902826600849,163.22778240241314,0.0010936284063926597,0.0,0.002924286237359047,0.0,1.6854850771551046,1.6854850771551046,10283.91398240317
eco RB,1755.0,1105.7786865234375,17.2286376953125,84.39784240722656,0.9970392251820549,2.137033771461165e-15,0.0,5.870558462690989e-07,0.0,0.03240377481841679,0.03989134927213476,-0.08038894174975529,0.03350010919980284,0.06120188124632164,16.44422817112634,86.03961258311028,-0.0007984415008186825,0.0,0.0029163396567106247,0.0,1.7178888519735214,1.7178888519735214,10211.56393482839
eco RB,1770.0,1089.688232421875,17.80757713317871,84.65226745605469,0.9240948772872252,5.872842423456801e-15,0.0,3.2981105798879713e-07,0.0,0.030033083511834823,0.0810665945763932,-0.010574863429022177,0.027293060385017835,0.06098366822543666,33.762785833084976,59.16482266602543,-0.0012466125875469733,0.0,0.002702977453172207,0.0,1.7479219354853561,1.7479219354853561,10202.04655774227
eco RB,1785.0,1067.555419921875,17.97420883178711,86.89334869384766,0.055572379328009736,2.5850725613350878e-14,0.0,5.269860840779209e-07,0.0,0.0018061023281603166,0.12137716730091554,0.04936162252390462,0.026930076438948212,0.06079143971101906,51.08370429485017,52.835775025923795,0.0011380237140271535,0.0,0.00016254920968785882,0.0,1.7497280378135165,1.7497280378135165,10246.472018013783
eco RB,1800.0,1040.098876953125,17.836091995239258,89.05742645263672,0.012522546383373735,1.9851203539472075e-13,0.0,3.2708943689178477e-05,0.0,0.0004069827574596464,0.16107372643432755,0.10341589894732382,0.029951423428640673,0.06061146400829949,68.53006963487559,55.95442796192947,0.0013407113164861225,0.0,3.6628448730334644e-05,0.0,1.750135020570976,1.750135020570976,10339.546327066375
eco RB,1815.0,986.8479614257812,15.835973739624023,90.15164184570312,0.043292111334129364,2.4890982575636238e-12,0.0,0.0017586304786231897,0.0,0.0014069936183592044,0.22587642412641967,0.1871975256697842,0.03784200986763816,0.060399739827002384,97.72989978175677,67.97649336829636,0.0015466380995655716,0.0,0.00012662942949682473,0.0,1.7515420141893352,1.7515420141893352,10508.024100169181
eco RB,1830.0,930.1737670898438,15.961030960083008,87.6727523803711,0.999999779252767,3.3579773562295443e-10,0.0,0.0022026106147163826,0.0,0.032499992825714925,0.3543109203392124,0.3480652430883212,0.05681835252888257,0.06017536063227225,158.83964238125168,97.84200044763566,-0.000516580830521798,0.0,0.002924999302625656,0.0,1.7840420070150502,1.7840420070150502,10821.28281894867
eco RB,1845.0,882.5392456054688,17.315767288208008,86.20394897460938,0.9999993015698452,6.209349498487179e-08,0.0,0.000137450388123905,0.0,0.032499977301019965,0.44086363625416886,0.44514951065642105,0.07734996239655773,0.06000264900399091,203.53340754011293,141.4818120059208,0.00055763122690409,0.0,0.0029249979078769684,0.0,1.8165419843160702,1.8165419843160702,11221.917378539449
eco RB,1860.0,830.4967041015625,18.91497230529785,85.72994232177734,0.8451213153562381,4.993698827991314e-06,0.0,9.186481680862297e-06,0.0,0.02746644274907774,0.5189141602307978,0.5331226560917908,0.0955142754957132,0.059907170827572354,246.98369178602613,183.23940150695125,0.002038521730410619,0.0,0.0024719798728823662,0.0,1.844008427065148,1.844008427065148,11701.72776902206
eco RB,1875.0,773.4217529296875,20.024757385253906,87.33236694335938,2.188315652802519e-06,0.0006023753391571242,0.0,3.836710023761709e-06,0.0,7.112025871608187e-08,0.5771203221765128,0.5982094983799454,0.10936712909723803,0.05988308745401465,283.27503533071433,216.96828880107205,0.005339938270611886,0.0,6.400823269814282e-09,0.0,1.8440084981854068,1.8440084981854068,12240.11631756401
eco RB,1890.0,753.9591064453125,20.730623245239258,89.01139831542969,7.961115969134329e-11,0.10365771853006793,0.0,7.34287877390521e-05,0.0,2.5873626899686567e-12,0.6167498929642913,0.6423963133597994,0.11884522234502656,0.059907191654255044,307.3522146541251,241.1137531673885,0.005795169854760854,0.0,2.328626369854647e-13,0.0,1.844008498187994,1.844008498187994,12818.272999587829
eco RB,1905.0,844.3251953125,21.32151222229004,89.83636474609375,1.1953786374732848e-13,0.4098321777304248,0.0,0.00161589039932678,0.0,3.884980571788176e-15,0.6793725849032269,0.7222064655246411,0.12698985238153,0.05996924163845649,331.43735831857026,259.4148202792421,0.00583232213371649,0.0,3.496482705418139e-16,0.0,1.8440084981879978,1.8440084981879978,13468.258818560005
eco RB,1920.0,745.5086059570312,21.617033004760742,90.35707092285156,5.175498143602146e-16,0.00016862296456637537,0.0,0.007343230168081145,0.0,1.682036896670697e-17,0.7000069148119634,0.7432597118589067,0.1331794104521991,0.06005952758259104,355.5306228985215,274.9557176115777,0.006767913100203752,0.0,1.5138332710797648e-18,0.0,1.8440084981879978,1.8440084981879978,14137.19255923302
eco RB,1935.0,838.0188598632812,21.52610969543457,89.83848571777344,3.4030527088049026e-17,0.6019667089128171,0.0,0.018938164670788002,0.0,1.1059921303615934e-18,0.7695442346327752,0.8380904298095176,0.13795517846714037,0.06016377278971435,382.1775407305439,286.18628998809436,0.006231930502460769,0.0,9.953929451052632e-20,0.0,1.8440084981879978,1.8440084981879978,14891.473946061587
eco RB,1950.0,730.1184692382812,22.69148063659668,90.00135803222656,7.862485792637653e-17,0.00030137978045529853,0.0,0.007371865576334877,0.0,2.5553078826072372e-18,0.7939185141256746,0.8689658451950166,0.14114230937179822,0.06029950215340024,412.97025935992133,294.72097300233145,0.007254263241985105,0.0,2.299777171511042e-19,0.0,1.8440084981879978,1.8440084981879978,15673.543206737102
eco RB,1965.0,941.3773193359375,23.558944702148438,89.52300262451172,1.7142589868225194e-21,0.8618980437782099,0.0,0.00992570494433656,0.0,5.571341707173188e-23,0.9037870542031451,1.0271430523336205,0.14297922064093843,0.060483037011616454,443.7717443700501,299.5693850522075,0.006210453244826325,0.0,5.014207329729194e-24,0.0,1.8440084981879978,1.8440084981879978,16597.97195383736
eco RB,1980.0,695.3156127929688,22.788042068481445,88.01563262939453,5.810569927750171e-25,2.2125997398033304e-08,0.0,0.034953724271451256,0.0,1.888435226518806e-26,0.8823391188383621,0.9938883262410743,0.1440104143505337,0.06067758443458326,474.58157054438357,302.47888958707335,0.0074456341753501715,0.0,1.699591713885595e-27,0.0,1.8440084981879978,1.8440084981879978,17492.47144745433
eco RB,1995.0,966.8320922851562,25.026687622070312,87.21646881103516,7.044219116156653e-22,0.9935462173065686,0.0,0.006100762846870337,0.0,2.2893712127509123e-23,1.0182476087999337,1.1935865798829666,0.14352868138984,0.06090990945204798,504.8739288773057,302.57415309603675,0.006106691799498378,0.0,2.060434029005901e-24,0.0,1.8440084981879978,1.8440084981879978,18566.699369349
eco RB,2010.0,396.3089294433594,15.02634048461914,59.0163459777832,7.820796822045174e-31,2.1218603001485265e-09,0.0,0.5153575832206643,0.0,2.5417589671646813e-32,0.773084869540071,0.8322023676930961,0.1447508659350037,0.06092330796781822,534.3618023851191,305.06906466071086,0.007509392358014524,0.0,2.2875830241913763e-33,0.0,1.8440084981879978,1.8440084981879978,19315.681500272785
eco RB,2025.0,718.758544921875,23.670433044433594,70.20915222167969,0.9999999998725433,0.9999999999999929,0.0,1.062528822120223e-10,0.0,0.032499999995857655,1.0311484170744631,1.2112627469858346,0.14428398098199574,0.06100348622290676,563.8568589846876,305.0096251292998,0.0032329292339519948,0.0,0.002925,0.0,1.8765084981838556,1.8765084981838556,20405.817972560035
eco RB,2040.0,801.5106811523438,24.23845672607422,75.72039031982422,2.0809731092224164e-25,0.9467202542536559,0.0,0.04472612603025409,0.0,6.763162604972853e-27,1.1121021393916752,1.3303676707576373,0.14377730149124152,0.061255986834293966,593.359051369508,302.5363507258735,0.006168976305876859,0.0,6.086846492232009e-28,0.0,1.8765084981838556,1.8765084981838556,21603.148876241907
eco RB,2055.0,438.877197265625,20.568679809570312,64.97425079345703,1.1121658517603804e-27,0.008626001667203363,0.0,0.14760425701572388,0.0,3.614539018221236e-29,0.9099497109003157,1.0319302063124811,0.14492009151615792,0.06144085426688652,612.578887110566,304.45456921982986,0.007482621216709869,0.0,3.253085252576705e-30,0.0,1.8765084981838556,1.8765084981838556,22531.88606192314
eco RB,2070.0,746.9566650390625,26.404346466064453,76.70567321777344,5.312257864799334e-13,0.999999999999641,0.0,3.7039415667293685e-05,0.0,1.726483806059783e-14,1.1249634285971821,1.3511880179947413,0.1420152733148492,0.06168361315854539,616.6697493061497,302.208007456793,0.006088966337396428,0.0,1.5538354050702653e-15,0.0,1.8765084981838729,1.8765084981838729,23747.955278118407
eco RB,2085.0,423.3783264160156,15.01262378692627,49.05723571777344,2.4133196052624676e-36,0.5696189404998123,0.0,0.9620802882899636,0.0,7.84328871710302e-38,0.8926516845508226,1.0058455882527895,0.14515851867476723,0.06168936731650936,620.7612155809256,305.5198879203963,0.006751503979332673,0.0,7.058959635589769e-39,0.0,1.8765084981838729,1.8765084981838729,24653.216307545918
eco RB,2100.0,736.1377563476562,25.01784896850586,65.8484878540039,0.9999999998876699,0.9999999999999138,0.0,1.0294945468315218e-10,0.0,0.03249999999634927,1.132192173895987,1.358698251842654,0.1440022143470786,0.06180480352461584,624.8532663415424,305.1240144655021,0.003235744971458512,0.0,0.002925,0.0,1.9090084981802222,1.9090084981802222,25876.044734204304
eco RB,2115.0,451.4892883300781,16.65256118774414,49.42212677001953,8.48413396550742e-31,0.7818960655015323,0.0,0.510272758322029,0.0,2.7573435387899114e-32,0.9296983849680414,1.0598582227519633,0.14520906915036091,0.06185872163229105,625.5993618100574,305.75632660786505,0.0064707499041343815,0.0,2.4816092648027214e-33,0.0,1.9090084981802222,1.9090084981802222,26829.917134681073
eco RB,2130.0,761.4599609375,25.932043075561523,66.37457275390625,0.9995925596227204,0.9999999999988529,0.0,4.4932466653159655e-09,0.0,0.03248675818773842,1.1397593344589045,1.3704454404145958,0.14334854899613025,0.06201618282051002,621.6594842831107,304.4678161433403,0.003220784210128208,0.0,0.0029238081872463226,0.0,1.9414952563679606,1.9414952563679606,28063.31803105421
eco RB,2145.0,407.8861083984375,16.037744522094727,47.248104095458984,1.8699243399298695e-34,0.2581680428472875,0.0,0.8953047674799669,0.0,6.077254104772076e-36,0.877494831561519,0.9829544346034306,0.14525657491589128,0.06204206258272246,617.7181718416861,305.78458845401474,0.007178478397949455,0.0,5.469528567683774e-37,0.0,1.9414952563679606,1.9414952563679606,28947.977022197298
eco RB,2160.0,724.8453979492188,26.130855560302734,64.64596557617188,0.9999985842867675,0.9999999999999793,0.0,1.0907971035833738e-09,0.0,0.03249995398931995,1.1111626227038212,1.328205045280439,0.1433780110912526,0.0621902778922777,613.7754228844675,304.56211947371776,0.0032219178943683462,0.0,0.0029249958157539367,0.0,1.9739952103572806,1.9739952103572806,30143.361562949693
eco RB,2175.0,441.2066650390625,16.36895179748535,46.67427444458008,2.9962561010675385e-35,0.9102613400362124,0.0,0.9311115450422429,0.0,9.7378323284695e-37,0.8890984543221732,0.9996521971059104,0.14529823251839702,0.06221918986377935,598.0649160742664,305.813154055184,0.0062988556079774235,0.0,8.764049323915763e-38,0.0,1.9739952103572806,1.9739952103572806,31043.04854034501
eco RB,2190.0,760.8972778320312,25.86405372619629,64.46910858154297,0.9999700917130766,0.999999999999555,0.0,2.3385740750703047e-09,0.0,0.032499027980674985,1.0553532470704876,1.2454198526749438,0.14384890712139092,0.06235445477677106,566.6598793443967,304.9483063327207,0.0032315073686702044,0.0,0.0029249124795198435,0.0,2.0064942383379556,2.0064942383379556,32163.92640775246
eco RB,2205.0,409.9936218261719,16.34956932067871,46.28583908081055,3.497720426983132e-34,0.2682174048519105,0.0,0.879696286796744,0.0,1.136759138769518e-35,0.7891608004510464,0.8528395616964259,0.14531666598687015,0.06236262497201085,535.2469002278896,305.9237647863629,0.007168337623469101,0.0,1.023083218362734e-36,0.0,2.0064942383379556,2.0064942383379556,32931.482013279245
eco RB,2220.0,741.5226440429688,25.095436096191406,64.75524139404297,0.9999749813504829,0.9999999999999749,0.0,2.2364988604464184e-09,0.0,0.0324991868938907,0.9481257789673181,1.0870268566795391,0.1445091404307114,0.062461976077904345,503.82605116360367,305.49852357681084,0.00324503688158145,0.0,0.0029249267756938932,0.0,2.0389934252318462,2.0389934252318462,33909.80618429083
eco RB,2235.0,449.01849365234375,16.9299259185791,47.766109466552734,4.15199289747129e-31,0.68584798136302,0.0,0.5547172780646962,0.0,1.3493976916781692e-32,0.7408806010553077,0.7818570908079485,0.1453217643353483,0.06247446565042225,468.85626660295225,305.98082839716517,0.0066059409790819226,0.0,1.2144578790237958e-33,0.0,2.0389934252318462,2.0389934252318462,34613.47756601798
eco RB,2250.0,786.7008056640625,24.15587615966797,66.26361083984375,0.9947828429476688,0.9999999999990865,0.0,8.509938124185042e-09,0.0,0.03233044239579924,0.8398147437060715,0.9274665001045853,0.14490821219778538,0.06254301941760385,429.37922549831364,305.7943817998894,0.0032675064409642407,0.0,0.002909739880263805,0.0,2.0713238676276453,2.0713238676276453,35448.1974161121
eco RB,2265.0,474.10626220703125,20.479110717773438,63.562740325927734,2.379557567893933e-27,0.032917755610410784,0.0,0.12524550010958296,0.0,7.733562095655283e-29,0.6489361162547462,0.64674524237244,0.14532268481382937,0.0626507736538621,389.89268071985964,305.7402792048815,0.007481475593650427,0.0,6.96020572583323e-30,0.0,2.0713238676276453,2.0713238676276453,36030.2681342473
eco RB,2280.0,817.7865600585938,23.420164108276367,82.80045318603516,1.2121559651106568e-12,0.99999999999079,0.0,3.0136810397268088e-05,0.0,3.9395068866096345e-14,0.7088509997108979,0.7347408934734745,0.1451449918691991,0.06274631622896777,350.3967364642337,305.8639431593183,0.006178958600841213,0.0,3.5455560606608216e-15,0.0,2.071323867627685,2.071323867627685,36691.53493837343
eco RB,2295.0,659.33154296875,22.46917152404785,87.50922393798828,2.0861230951455963e-24,0.00193950784375579,0.0,0.02563806972651689,0.0,6.779900059223189e-26,0.5872740633304961,0.5560367964009115,0.14528490814959494,0.06287316405444865,304.52413766309604,305.70953090411786,0.007522539348128932,0.0,6.101910183182468e-27,0.0,2.071323867627685,2.071323867627685,37191.968055134246
eco RB,2310.0,992.8429565429688,22.839319229125977,90.94444274902344,1.32834881619722e-20,0.9997638653564203,0.0,0.002936936756560641,0.0,4.3171336526409655e-22,0.5471639073482998,0.49703701763455316,0.14529015021584374,0.0629848872109855,250.93222283160432,305.859327226819,0.006179163785254439,0.0,3.885420321146247e-23,0.0,2.071323867627685,2.071323867627685,37639.30137100534
eco RB,2325.0,685.7595825195312,19.337879180908203,86.89012908935547,4.392604829487439e-22,1.9332079181201003e-10,0.0,0.053887773328477516,0.0,1.4275965695834177e-23,0.4011067347090436,0.2825651035262654,0.14543775255615277,0.06301096028365116,197.32814588681322,306.1874324281671,0.007536921413355438,0.0,1.2848368783218045e-24,0.0,2.071323867627685,2.071323867627685,37893.609964178984
eco RB,2340.0,1051.1488037109375,19.77758026123047,91.5343017578125,4.451296111581713e-08,0.9973133268953838,0.0,3.25156958132669e-05,0.0,1.4466712362640568e-09,0.32848988832938897,0.17618186113714746,0.1453970676715996,0.06296882646199228,143.71208048985446,306.2131542225543,0.0061911814524182335,0.0,1.3020041444988804e-10,0.0,2.071323869074356,2.071323869074356,38052.17363920242
eco RB,2355.0,533.057373046875,15.12316608428955,76.22091674804688,7.756689576139855e-10,8.995919170760822e-13,0.0,0.14444423720391883,0.0,2.520924112245453e-11,0.2149009328315842,0.011738314084807775,0.1440994037270851,0.06279813327310732,108.76360167271085,304.7631212959386,0.007501861445014597,0.0,2.2688317474761632e-12,0.0,2.0713238690995652,2.0713238690995652,38062.73812187874
eco RB,2370.0,917.238525390625,17.14838218688965,87.98783874511719,0.9999999996890683,0.9999999978996292,0.0,1.327902809233882e-10,0.0,0.032499999989894716,0.21693275401064988,0.013734425432684263,0.14498150451131578,0.06258686868107227,95.36293976008506,303.7773623231187,0.0032025966110306144,0.0,0.002925,0.0,2.1038238690894597,2.1038238690894597,38075.09910476816
eco RB,2385.0,903.7238159179688,18.416223526000977,89.49837493896484,0.9622582710467217,2.0438890268567487e-07,0.0,0.00024556154716886956,0.0,0.03127339380901846,0.18611672238006396,-0.03128778024029864,0.14499117614329982,0.06245812331210393,81.95931094704223,305.19760070303164,0.004697950582051226,0.0,0.0028146054670214653,0.0,2.135097262898478,2.135097262898478,38046.94010255189
eco RB,2400.0,872.596923828125,18.50794219970703,90.87963104248047,0.00021627844912812323,7.096555307638308e-07,0.0,0.003953477981304136,0.0,7.029049596664006e-06,0.15512173760028977,-0.076463836658323,0.14489660197647694,0.062359568826233495,68.55276130137615,305.136900501675,0.007510428593690178,0.0,6.326144699414726e-07,0.0,2.1351042919480747,2.1351042919480747,37978.1226495594
eco RB,2415.0,686.3663330078125,16.601421356201172,87.73283386230469,9.293671719988553e-05,1.2477093963129149e-05,0.0,0.04811499843602391,0.0,3.02044330899628e-06,0.12655741626725095,-0.11754351052325643,0.14448493860658668,0.06221577893307969,58.65718023009363,304.50405358785065,0.007495195712037054,0.0,2.7183989459445e-07,0.0,2.1351073123913835,2.1351073123913835,37872.33349008847
eco RB,2430.0,1073.746337890625,17.470806121826172,89.78341674804688,0.9997455654609928,0.9971593301080528,0.0,0.00015353313406578898,0.0,0.03249173087748227,0.12513115535601316,-0.1194029548365877,0.14449041040814287,0.062051849139725515,52.62510947896413,303.90773946326226,0.0032103851092320224,0.0,0.002924255727231502,0.0,2.167599043268866,2.167599043268866,37764.87083073554
eco RB,2445.0,1022.5073852539062,17.599645614624023,89.52649688720703,0.5668200427038431,1.1223771130344007e-13,0.0,0.006665470058158496,0.0,0.018421651387874903,0.1100095525958382,-0.1411274583094055,0.14431994244610016,0.06191287554951631,46.59174473097155,303.8637580184004,0.005821774699875146,0.0,0.00165794857442379,0.0,2.1860206946567406,2.1860206946567406,37637.85611825708
eco RB,2460.0,992.0673828125,17.456409454345703,90.21796417236328,0.2854127624980144,1.2580599371178593e-11,0.0,0.004162803803195659,0.0,0.009275914781185468,0.09545298730585632,-0.16147631501102114,0.1437765890770602,0.061773883872014594,40.557104330662334,303.20884224012843,0.0066287699516370405,0.0,0.0008348323188722133,0.0,2.1952966094379263,2.1952966094379263,37492.52743474716
eco RB,2475.0,911.7205200195312,16.817716598510742,89.27824401855469,0.5990420256237114,2.0763772267338497e-10,0.0,0.014720480165597528,0.0,0.019468865832770625,0.07648857912081963,-0.18164153807675287,0.1387189300410928,0.06161615021676663,32.883374674882816,298.8594283538696,0.005604341929304001,0.0,0.0017521978452801703,0.0,2.214765475270697,2.214765475270697,37329.05005047808
eco RB,2490.0,897.9715576171875,16.92662811279297,88.71442413330078,0.9981376618252031,3.397651912185845e-07,0.0,0.002638957466133229,0.0,0.0324394740093191,0.05464194395989958,-0.16176877030410514,0.10350018865360582,0.061438642282329384,23.48985555852583,261.93715267629887,0.003528130664846378,0.0,0.002919552634656429,0.0,2.247204949280016,2.247204949280016,37183.45815720438
eco RB,2505.0,888.8407592773438,16.767358779907227,88.67973327636719,0.5189699502293637,7.038590190698277e-14,0.0,0.0009356980581799747,0.0,0.01686652338245432,0.032843625680955606,-0.12128801215821297,0.05429889185118539,0.06124110435551545,14.09414183566792,157.92004712486232,0.0023692755857571157,0.0,0.001517987112700939,0.0,2.2640714726624704,2.2640714726624704,37074.29894626199
eco RB,2520.0,876.6942138671875,16.101699829101562,89.32742309570312,0.008529308284087503,2.880029448642043e-22,0.0,0.000877822105544254,0.0,0.00027720251923284383,0.010978554914905115,-0.11855768725174291,0.03079851010951603,0.06101483019915449,4.697927096334991,81.06457496047369,0.00197048746469753,0.0,2.494822663720697e-05,0.0,2.2643486751817035,2.2643486751817035,36967.59702773542
eco RB,2535.0,856.662841796875,15.845222473144531,85.61197662353516,0.007222906806205467,1.5557300773832192e-30,0.0,0.002888611903345544,0.0,0.0002347444712016777,-7.367843923172672e-16,-0.11864672961993804,0.020112706663967146,0.060782789434357075,0.0,46.927293334767455,0.0011340063723366564,0.0,2.1127002057619394e-05,0.0,2.2645834196529053,2.2645834196529053,36860.814971077474
eco RB,2550.0,856.9014892578125,16.535400390625,86.21202850341797,0.00041584340322933,5.413532043797124e-37,0.0,3.087201794198958e-06,0.0,1.3514910604953225e-05,-7.353827379769206e-16,-0.11037294684739714,0.014699125503465292,0.06055515516364998,0.0,30.539516655218904,0.000750525606442299,0.0,1.2163419938588049e-06,0.0,2.26459693456351,2.26459693456351,36761.47931891482
eco RB,2565.0,851.206298828125,16.394968032836914,88.46570587158203,7.217721371086113e-07,5.2959070686890164e-37,0.0,9.324342697079042e-06,0.0,2.345759445602987e-08,-7.346105436440269e-16,-0.10533382753162485,0.011484497226801596,0.06033402032864718,0.0,21.598906466984772,0.0005316632787730003,0.0,2.1111835479814544e-09,0.0,2.2645969580211047,2.2645969580211047,36666.678874136356
eco RB,2580.0,843.3819580078125,16.115388870239258,89.89397430419922,2.631040997526632e-06,8.948401735999313e-37,0.0,0.0005919576798167912,0.0,8.550883241961554e-08,-7.339224819163433e-16,-0.10191853824285554,0.00938221077416193,0.060107700487465665,0.0,16.032086953360704,0.00039462829074913267,0.0,7.695795130757688e-09,0.0,2.264597043529937,2.264597043529937,36574.952189717784
eco RB,2595.0,819.5476684570312,15.757761001586914,90.66779327392578,3.454862257668854e-05,1.8395871852962423e-36,0.0,0.008158794365848035,0.0,1.1228302337423777e-06,-7.304168752247533e-16,-0.09940850380852291,0.007906647457863982,0.05987187671842507,0.0,12.264926845411537,0.0003018048368589804,0.0,1.0105472038048902e-07,0.0,2.264598166360171,2.264598166360171,36485.48453629011
eco RB,2610.0,770.2562255859375,15.317606925964355,90.95195770263672,0.0009301494115995173,1.65230198217247e-35,0.0,0.033083767721726866,0.0,3.0229855876984307e-05,-7.216228955243513e-16,-0.0974407658783339,0.006813739931993839,0.05962314476915724,0.0,9.551278841827298,0.00023238771526767568,0.0,2.7206869926885703e-06,0.0,2.264628396216048,2.264628396216048,36397.78784699961
eco RB,2625.0,718.0599365234375,14.937875747680664,90.91506958007812,0.05091844013691999,1.5479173701410586e-33,0.0,0.05459819292064053,0.0,0.0016548493044498999,-7.108837541734282e-16,-0.09582517870324883,0.0059743692311633335,0.05936097877835495,0.0,7.50536126139923,3.5810913424222515e-05,0.0,0.00014893644070252776,0.0,2.2662832455204978,2.2662832455204978,36311.54518616668
eco RB,2640.0,676.47412109375,14.964715957641602,89.66358184814453,0.6392679376670908,1.8949640942561466e-31,0.0,0.051196791432948426,0.0,0.020776207974180453,-7.001926105422085e-16,-0.09448093533318663,0.005325412249354269,0.0590934062051868,0.0,5.937966613317258,-0.001723693338214563,0.0,0.00186985867023468,0.0,2.2870594534946784,2.2870594534946784,36226.51234436681
eco RB,2655.0,662.14111328125,15.396245002746582,88.5540771484375,0.5805367396914437,8.730333623956649e-30,0.0,0.005352318493087361,0.0,0.018867444039971915,-6.947708808574161e-16,-0.09335519617799555,0.004813384322863647,0.058837884720680536,0.0,4.741992271432537,-0.0015813439515709447,0.0,0.0016980699151754378,0.0,2.3059268975346505,2.3059268975346505,36142.49266780662
eco RB,2670.0,659.2114868164062,15.510541915893555,89.34798431396484,0.02534368356730055,3.268541770049872e-29,0.0,0.0006965572199402268,0.0,0.0008236697159372679,-6.934546903269742e-16,-0.0923701833151921,0.00438216461625493,0.05859750475947737,0.0,3.773392682764097,1.8753235088303115e-05,0.0,7.413027710281312e-05,0.0,2.306750567250588,2.306750567250588,36059.35950282295
eco RB,2685.0,655.2052612304688,15.357538223266602,90.5482177734375,0.008993079354724659,4.28091392536855e-29,0.0,0.0029997177946575306,0.0,0.00029227507902855143,-6.927706743189625e-16,-0.09148267732253904,0.004014924317267342,0.05835962734644805,0.0,2.943099488664302,4.61407699328489e-05,0.0,2.6304755941964686e-05,0.0,2.3070428423296163,2.3070428423296163,35977.02509323266
eco RB,2700.0,633.6192016601562,15.033312797546387,91.1505355834961,0.035810315082664274,6.191355446880768e-29,0.0,0.026718025076259002,0.0,0.0011638352401865887,-6.875507634841439e-16,-0.09066053578778323,0.0036976993066807347,0.058116301320102134,0.0,2.229692856344627,-4.986042156457328e-05,0.0,0.00010474516879767179,0.0,2.3082066775698027,2.3082066775698027,35895.43061102366
eco RB,2715.0,601.1158447265625,14.740750312805176,90.31507873535156,0.42389070400155604,4.520957899509694e-28,0.0,0.07685813496274532,0.0,0.013776447880050573,-6.784797729592196e-16,-0.08988577637978468,0.0034226491788179802,0.05786310640600163,0.0,1.6092909945873544,-0.0012002670096004238,0.0,0.0012398803263902664,0.0,2.321983125449853,2.321983125449853,35814.53341228185
eco RB,2730.0,585.6928100585938,15.046843528747559,88.15937805175781,0.9158905957646702,9.023288209903376e-27,0.0,0.017553523976979627,0.0,0.029766444362351784,-6.723042756126305e-16,-0.08918813468293088,0.003198729141500339,0.05761136165806438,0.0,1.1002532547427109,-0.002651896773241818,0.0,0.002678979930281639,0.0,2.351749569812205,2.351749569812205,35734.26409106721
eco RB,2745.0,583.7684936523438,15.27150821685791,87.41800689697266,0.39378221590298707,3.734965378562724e-26,0.0,0.0003367894477972631,0.0,0.01279792201684708,-6.708395163810214e-16,-0.08854869117601302,0.0030004353550147477,0.05737367124267037,0.0,0.6863702765695052,-0.0011349177492306066,0.0,0.001151813017576933,0.0,2.364547491829052,2.364547491829052,35654.5702690088
eco RB,2760.0,585.1124267578125,15.068306922912598,88.16143035888672,0.07581058286780518,4.459232914701365e-26,0.0,8.597275201222881e-05,0.0,0.0024638439432036682,-6.72090525099886e-16,-0.08793629341673832,0.002817087255810158,0.05713947542216708,0.0,0.30220356526842806,-0.00021430709373743202,0.0,0.00022174595072865487,0.0,2.367011335772256,2.367011335772256,35575.427604933735
eco RB,2775.0,586.4539794921875,14.84607982635498,88.23997497558594,0.34770741652430154,3.940038235324011e-26,0.0,0.0003380593123612677,0.0,0.0113004910370398,-6.734902673180822e-16,-0.08734263155968995,0.002652361443837232,0.0568994317930065,0.0,-0.053854738143854775,-0.0010183698603113253,0.0,0.0010170442052185535,0.0,2.3783118268092958,2.3783118268092958,35496.81923653001
eco RB,2790.0,588.5650024414062,14.966760635375977,86.74212646484375,0.8049706172563779,3.4820715082297955e-26,0.0,0.0003906666119526732,0.0,0.02616154506083228,-6.739146899109649e-16,-0.08678382758733255,0.0025114952978964114,0.0566592952369734,0.0,-0.359443608802394,-0.0023633869122115605,0.0,0.002354539069533348,0.0,2.404473371870128,2.404473371870128,35418.71379170141
eco RB,2805.0,591.364990234375,15.153913497924805,85.6330337524414,0.5759438266392952,2.8668154823835714e-26,0.0,2.4756426804331892e-05,0.0,0.018718174365777097,-6.742497964703119e-16,-0.08626105456790452,0.002385996221000738,0.056428358170294624,0.0,-0.6139492983347736,-0.0016997482939279422,0.0,0.0016846356958150862,0.0,2.423191546235905,2.423191546235905,35341.0788425903
eco RB,2820.0,593.97314453125,15.051963806152344,86.05076599121094,0.1950383344897578,2.215133014091998e-26,0.0,3.209363215593685e-06,0.0,0.006338745870917128,-6.755298664759234e-16,-0.08575619825608213,0.0022676126314399095,0.05620252155307801,0.0,-0.8497993428172776,-0.0005914052632597919,0.0,0.0005704871255904436,0.0,2.429530292106822,2.429530292106822,35263.89826415983
eco RB,2835.0,596.6566162109375,14.894257545471191,86.31153106689453,0.3825822045845372,1.742102074088818e-26,0.0,6.92805416872294e-06,0.0,0.012433921648997459,-6.770712717994402e-16,-0.08526118293193775,0.002158547055816055,0.05597407668613672,0.0,-1.0748133244196652,-0.0011455099294259427,0.0,0.0011190529860556125,0.0,2.4419642137558193,2.4419642137558193,35187.163199521085
eco RB,2850.0,599.94091796875,14.984893798828125,85.35554504394531,0.7259013496785749,1.360611070692506e-26,0.0,1.119987505192809e-05,0.0,0.023591793864553682,-6.779214160258725e-16,-0.08478742410283456,0.0020630216070338762,0.05574658475690914,0.0,-1.2724568715202622,-0.002154583508743403,0.0,0.002123261493444443,0.0,2.465556007620373,2.465556007620373,35110.854517828535
eco RB,2865.0,603.3831176757812,15.107175827026367,84.70362854003906,0.5347275710932444,1.0054525697374842e-26,0.0,1.925063459909141e-06,0.0,0.017378646060530443,-6.786515211894494e-16,-0.0843371434944776,0.0019760558616764823,0.05552654100176724,0.0,-1.4409120689088013,-0.0015995467569528575,0.0,0.0015640781521797178,0.0,2.4829346536809034,2.4829346536809034,35034.951088683505
eco RB,2880.0,606.4768676757812,15.011164665222168,85.14415740966797,0.2714793890673392,7.32276268784877e-27,0.0,5.793017020845418e-07,0.0,0.008823080144688526,-6.800273972705372e-16,-0.08389794317398794,0.0018928354224236016,0.05531030668212061,0.0,-1.600106510668411,-0.0008334644763712556,0.0,0.0007940772391855717,0.0,2.491757733825592,2.491757733825592,34959.44293982691
eco RB,2895.0,609.7926635742188,15.002662658691406,85.27600860595703,0.4743154655816759,5.507115902082209e-27,0.0,1.3041651958591216e-06,0.0,0.015415252631404466,-6.811441348979178e-16,-0.08347037081648899,0.0018172459828003033,0.05509436951929472,0.0,-1.7505008935113437,-0.0014304619864159477,0.0,0.0013873727336525916,0.0,2.5071729864569967,2.5071729864569967,34884.319606092075
eco RB,2910.0,613.4614868164062,15.185303688049316,85.21577453613281,0.4938685728731164,4.057782502938428e-27,0.0,1.6626332516303988e-06,0.0,0.016050728618376284,-6.816179977028206e-16,-0.08306464042486086,0.00175004855080238,0.054884932598048664,0.0,-1.8794014073209837,-0.00149082772531475,0.0,0.001444565536826849,0.0,2.523223715075373,2.523223715075373,34809.5614297097
eco RB,2925.0,616.8262939453125,15.256750106811523,86.27001953125,0.15359085962258828,2.8942600734469084e-27,0.0,1.488066524606873e-06,0.0,0.00499170293773412,-6.823137504481258e-16,-0.0826771576041477,0.001686373367264416,0.05468441495375581,0.0,-1.9953014311176958,-0.0004983683717497983,0.0,0.0004492532595992088,0.0,2.528215418013107,2.528215418013107,34735.15198786597
eco RB,2940.0,619.8784790039062,15.212329864501953,87.84534454345703,0.08590004868260945,2.1229798153206343e-27,0.0,1.0375581581105894e-05,0.0,0.0027917515821848067,-6.832965208695457e-16,-0.0823002825390436,0.001625866123818521,0.05448796192989096,0.0,-2.108075908749015,-0.0003031487336414508,0.0,0.00025125763434916733,0.0,2.531007169595292,2.531007169595292,34661.08173358083
eco RB,2955.0,622.5744018554688,15.111371994018555,89.13374328613281,0.12394052062068316,1.602742069977911e-27,0.0,0.00018888348007924897,0.0,0.0040280669201722035,-6.844118561943108e-16,-0.08192993622587594,0.0015686187659515183,0.05429270044214668,0.0,-2.2151953046704875,-0.00041705390538912844,0.0,0.00036252602096647026,0.0,2.535035236515464,2.535035236515464,34587.34479097754
eco RB,2970.0,623.7529296875,15.025693893432617,89.68119049072266,0.26390443296206756,1.250312771080177e-27,0.0,0.002023559404525445,0.0,0.008576894071267197,-6.850718390807459e-16,-0.08156458974265156,0.001514915875985615,0.054097303461404914,0.0,-2.3156164500833256,-0.0008289202254161668,0.0,0.0007719204358756542,0.0,2.543612130586731,2.543612130586731,34513.936660209154
eco RB,2985.0,622.1407470703125,15.05566120147705,89.41069793701172,0.4411124630855009,1.1217148919404526e-27,0.0,0.00552776058564948,0.0,0.01433615505027878,-6.844931522929681e-16,-0.08120795477626847,0.0014656366759550482,0.053903422461200834,0.0,-2.406790887878742,-0.001349498025108702,0.0,0.0012902539417147638,0.0,2.55794828563701,2.55794828563701,34440.84950091051
eco RB,3000.0,621.2086791992188,15.144481658935547,89.15471649169922,0.37457107178445453,1.3012648378260002e-27,0.0,0.0033659431687712797,0.0,0.012173559832994773,-6.838960005575441e-16,-0.08086373784780967,0.0014200030947566834,0.05371436268606049,0.0,-2.487902249689796,-0.001156861094316969,0.0,0.0010956204235553742,0.0,2.570121845470005,2.570121845470005,34368.072136847484
eco RB,3015.0,621.3191528320312,15.126333236694336,89.48999786376953,0.20903892543728222,1.4179163865952927e-27,0.0,0.002103057056142677,0.0,0.006793765076711672,-6.839804767315476e-16,-0.08052805645837452,0.0013761157048697644,0.05352937640520808,0.0,-2.5641904901131056,-0.0006745573999833029,0.0,0.0006114388648420572,0.0,2.576915610546717,2.576915610546717,34295.596886034946
eco RB,3030.0,620.0538330078125,15.030810356140137,89.85921478271484,0.2380191306325739,1.403563692175281e-27,0.0,0.0038932404011148415,0.0,0.007735621745558652,-6.839300266496086e-16,-0.08019551464716719,0.0013339163488342545,0.05334484271198699,0.0,-2.6386624361330178,-0.0007611576274803912,0.0,0.0006962059367448092,0.0,2.5846512322922757,2.5846512322922757,34223.42092285249
eco RB,3045.0,615.6254272460938,15.013909339904785,89.56982421875,0.42952983137213885,1.5770594306857367e-27,0.0,0.007656670086537845,0.0,0.013959719519594514,-6.826353433821064e-16,-0.07986735640569588,0.001294636359336156,0.053160378449725154,0.0,-2.7083920274162665,-0.0013230429101592073,0.0,0.0012563747987151147,0.0,2.59861095181187,2.59861095181187,34151.540302087364
eco RB,3060.0,612.4827270507812,15.116395950317383,89.0135726928711,0.46801680151603214,2.3712705815404218e-27,0.0,0.004507048222413211,0.0,0.015210546049271046,-6.81298419843855e-16,-0.0795493886065455,0.0012586199292726444,0.05297959865676627,0.0,-2.7699444353202125,-0.0014371323971876587,0.0,0.0013689491495490072,0.0,2.613821497861141,2.613821497861141,34079.94585234147
eco RB,3075.0,611.8267822265625,15.138507843017578,89.12841796875,0.25501401588705486,3.1672997213140255e-27,0.0,0.0016224034460874566,0.0,0.008287955516329285,-6.81001434677699e-16,-0.07924052183031248,0.001223919393931609,0.05280370821187803,0.0,-2.82651112874737,-0.0008154916153489969,0.0,0.0007459159567952155,0.0,2.6221094533774703,2.6221094533774703,34008.62938269419
eco RB,3090.0,611.21923828125,15.044452667236328,89.56881713867188,0.21828185305989237,3.364533491117433e-27,0.0,0.002003882191009672,0.0,0.007094160224446502,-6.811422702291833e-16,-0.07893437735829846,0.0011899959623243527,0.05262889677973753,0.0,-2.8828775734000374,-0.0007094375521582194,0.0,0.0006384744118899107,0.0,2.629203613601917,2.629203613601917,33937.58844307172
eco RB,3105.0,608.9844360351562,15.321189880371094,87.96898651123047,0.9692957845889112,8.276546990278616e-22,0.0,0.004498750036739175,0.0,0.03150211299913961,-6.794945253700221e-16,-0.07863948893224043,0.0011605443451064806,0.052457288109865885,0.0,-2.933837857868639,-0.0029074077614873214,0.0,0.0028351902142167086,0.0,2.6607057266010563,2.6607057266010563,33866.8129030327
eco RB,3120.0,610.1321411132812,15.96196460723877,85.71289825439453,0.9992553463957149,5.761918736081694e-13,0.0,0.00023718477637702307,0.0,0.03247579875786074,-6.775740889901656e-16,-0.07837475561171549,0.0011343356430027062,0.05230299682375907,0.0,-2.972241479132208,-0.002995984792759919,0.0,0.002922821925580502,0.0,2.693181525358917,2.693181525358917,33796.27562298216
eco RB,3135.0,606.5221557617188,14.698572158813477,87.77783203125,0.9994991066073741,0.0002936670996873764,0.0,3.7180232034685623e-06,0.0,0.032483720964739664,0.005296211624416758,-0.07032372592182348,0.0011201153064707677,0.052124090452733814,2.4599665335041667,-3.0130069766455563,-0.002998097592678364,0.0,0.0029235348165035247,0.0,2.7256652463236564,2.7256652463236564,33732.98426965252
eco RB,3150.0,991.57080078125,14.770974159240723,87.36576080322266,0.9999999999933575,0.9999977582245887,0.0,6.64236552427866e-08,0.0,0.032499999999784125,0.01565491153027226,-0.05492163041244972,0.0011656439583870803,0.05193583312810394,6.504847907527358,-2.9636933349393075,-0.004347949393603306,0.0,0.002925,0.0,2.7581652463234403,2.7581652463234403,33683.55480228132
eco RB,3165.0,982.316650390625,15.098779678344727,86.65237426757812,0.999999999987869,2.1735168412477683e-10,0.0,1.2131029236694957e-07,0.0,0.03249999999960575,0.025215822280871623,-0.0407946699185987,0.001272885307961524,0.05175748417369437,10.5220553232864,-2.7759770853444934,-0.002993331743932674,0.0,0.002925,0.0,2.790665246323046,2.790665246323046,33646.83959935458
eco RB,3180.0,973.1976928710938,15.48246955871582,86.19290924072266,0.9999999997516187,5.097177310412458e-10,0.0,2.483807343134359e-06,0.0,0.03249999999192761,0.03468579403020999,-0.026918723666680324,0.0014457311205509332,0.05159373782615578,14.538891493657767,-2.455877980988589,-0.0029854523817586073,0.0,0.002925,0.0,2.8231652463149737,2.8231652463149737,33622.61274805457
eco RB,3195.0,962.4203491210938,15.917217254638672,86.04093170166016,0.9999999914910013,1.180568005484944e-09,0.0,9.00162100354142e-06,0.0,0.032499999723457546,0.05100964695986708,-0.003217061944909768,0.0017563906188250115,0.0514467076299749,21.512435792760417,-1.9240379431284964,-0.0029723609355784683,0.0,0.002925,0.0,2.855665246038431,2.855665246038431,33619.71739230415
eco RB,3210.0,949.177490234375,16.393817901611328,85.97970581054688,0.9999995334829954,3.1855293224214175e-09,0.0,6.803700837996554e-06,0.0,0.03249998483819735,0.07111467580258726,0.02564563389797969,0.0023105555739837856,0.05131846104879532,30.214893015949027,-0.9911162783100735,-0.0029493953179409475,0.0,0.002924998605251312,0.0,2.8881652308766284,2.8881652308766284,33642.79846281233
eco RB,3225.0,933.4878540039062,16.874217987060547,85.94378662109375,0.9999623939064813,1.0786949625250992e-08,0.0,6.0780007857524675e-06,0.0,0.03249877780196064,0.09086631999534313,0.0533806751253844,0.003260583319899382,0.051209822433524156,38.91661216900902,0.614924967449042,-0.0029097533891762756,0.0,0.002924889989197254,0.0,2.920664008678589,2.920664008678589,33690.84107042517
eco RB,3240.0,915.48486328125,17.342052459716797,85.92325592041016,0.996870249981142,4.575964785669613e-08,0.0,5.688895047415049e-06,0.0,0.03239828312438712,0.11023733439165541,0.07956882334055913,0.0048652346156597736,0.05112063023517113,47.617653853398096,3.327867780943052,-0.002833928883386457,0.0,0.002915845566987991,0.0,2.953062291802976,2.953062291802976,33762.45301143167
eco RB,3255.0,894.7544555664062,17.862749099731445,86.2487564086914,0.8107274366454855,2.4021618300155143e-07,0.0,5.477797847739685e-06,0.0,0.02634864169097828,0.14265670261007776,0.12273638033765538,0.007919240461847301,0.05105356788049637,62.342827148889825,8.247955358892796,-0.0021683514269390924,0.0,0.002371377696096897,0.0,2.9794109334939542,2.9794109334939542,33872.915753735564
eco RB,3270.0,836.6095581054688,19.147117614746094,86.80004119873047,0.034189683585037586,1.6211543981054082e-06,1.0,9.976804278952739e-06,0.029,0.0011111647165137216,0.508347641634249,0.6145139486367558,0.03831616569413285,0.051044699873452656,240.7418236579149,39.759857963130344,-0.00782130281372051,0.0087,0.00010000482117757201,0.029,2.980522098210468,3.009522098210468,34425.978307508645
eco RB,3285.0,779.0750122070312,19.611555099487305,89.1081314086914,2.5794684227954605e-07,0.0003431380894943771,1.0,2.7544098266885283e-05,0.029,8.383272374085248e-09,0.533570979308291,0.597318971250017,0.07522556459587568,0.05108248666546135,258.8218805784455,120.19343672643299,-0.0057418563176501345,0.0087,7.544945404447389e-10,0.058,2.98052210659374,3.03852210659374,34963.56538163366
eco RB,3300.0,743.1255493164062,19.888179779052734,90.61673736572266,3.5791622241410322e-09,0.06428900813474424,1.0,0.0019304588368506705,0.029,1.1632277228458354e-10,0.5602254752143783,0.606408255764716,0.09561596515144342,0.051149342679079356,276.91233701676947,181.29509251324635,-0.004324141744306363,0.0087,1.0469049727124258e-11,0.08700000000000001,2.980522106710063,3.0675221067100633,35509.33281182191
eco RB,3315.0,853.3489990234375,18.771268844604492,91.33832550048828,2.800794807630644e-10,0.6532050302416954,1.0,0.030205288389850992,0.029,9.102583124799593e-12,0.5882468829336706,0.6320017764765197,0.10612624098621581,0.05121034710103665,281.4206846640335,212.44726767623797,-0.004352355596589022,0.0087,8.192325005873524e-13,0.116,2.9805221067191656,3.0965221067191657,36078.134410650775
eco RB,3330.0,574.0155639648438,15.924022674560547,90.2680435180664,8.220941130341921e-06,7.345239085539432e-05,1.0,0.10528428062418746,0.029,2.6718058673611244e-07,0.523330461328908,0.5315833837637908,0.10968248633697592,0.051204764926648466,278.7661879106327,227.6051478599402,-0.003097534951968241,0.0087,2.4046251837717136e-08,0.14500000000000002,2.980522373899752,3.125522373899752,36556.55945603819
eco RB,3345.0,905.3041381835938,18.052000045776367,89.11392974853516,0.9999995033062463,0.9999999086673913,1.0,0.004942391440900029,0.029,0.032499983857453,0.5855167896844629,0.6185621211178576,0.11257870787056368,0.051191188193222006,276.1119280283673,232.814860290644,-0.007244171114087534,0.0087,0.002924998605251312,0.17400000000000002,3.013022357757205,3.187022357757205,37113.26536504426
eco RB,3360.0,840.52587890625,18.862396240234375,90.61192321777344,0.006156280917379696,6.135206955275352e-07,1.0,0.0019511959217796066,0.029,0.00020007912981484012,0.5713213369968662,0.5937377309188111,0.11527364932090473,0.05122651435893765,273.45808064188566,239.69306226795015,-0.0028178710331126563,0.0087,1.800712222466245e-05,0.203,3.0132224368870197,3.2162224368870196,37647.62932287119
eco RB,3375.0,694.5794677734375,17.973804473876953,91.55858612060547,3.5515120890666784e-06,0.0002392535311282952,1.0,0.029945018824162138,0.029,1.1542414289466706e-07,0.5570527054769215,0.5704354858786888,0.11685641611360517,0.05126301012279858,280.62714779219135,244.32479143368255,-0.0026861846682167618,0.0087,1.0388172626107917e-08,0.232,3.0132225523111624,3.2452225523111626,38161.02126016201
eco RB,3390.0,693.4408569335938,14.703822135925293,88.65974426269531,0.012568725244431665,0.9939668107814624,1.0,0.15005738952512557,0.029,0.0004084835704440291,0.5767933951786568,0.5982413358190556,0.1176750534573321,0.05122652875158431,292.70970568744036,246.51655780091824,-0.004010518841198646,0.0087,3.6763521423563364e-05,0.261,3.0136310358816063,3.2746310358816064,38699.43846239916
eco RB,3405.0,1026.9005126953125,17.975727081298828,88.298828125,0.9999999999934643,0.9945641618228545,1.0,6.535662544493448e-08,0.029,0.03249999999978759,0.6556814547244759,0.7096742838668226,0.12061088959550813,0.051201743413188186,304.7949697293452,250.43309933380806,-0.006803154576543289,0.0087,0.002925,0.29000000000000004,3.046131035881394,3.336131035881394,39338.145317879294
eco RB,3420.0,956.211181640625,19.409412384033203,90.1306381225586,0.012350848440577902,8.394127188509528e-12,1.0,0.0004353935603064991,0.029,0.0004014025743187818,0.6710123779924603,0.7283137253695932,0.12317720558655215,0.05125764078980141,316.8875062120211,256.75747982139,-0.0024159421142930853,0.0087,3.612623296212405e-05,0.31900000000000006,3.0465324384557126,3.3655324384557126,39993.627670711925
eco RB,3435.0,837.3142700195312,19.384536743164062,91.78474426269531,2.3032967381926006e-08,5.643517097181803e-09,1.0,0.01256095572043402,0.029,7.485714399125952e-10,0.6504765263779908,0.6960345870424546,0.1245693372526101,0.05133816054146824,316.24459440249524,260.8631075220328,-0.002278754351370909,0.0087,6.737143003476831e-11,0.3480000000000001,3.046532439204284,3.3945324392042844,40620.05879905014
eco RB,3450.0,473.0937194824219,14.334087371826172,88.96440887451172,2.896349499495821e-08,0.0003215803463211155,1.0,0.21122748592223967,0.029,9.41313587336142e-10,0.5360947705667318,0.5292879109865262,0.12389874423730494,0.05131791131304892,309.5751921353325,261.68716689082794,-0.0022589039562748176,0.0087,8.471822203759417e-11,0.3770000000000001,3.0465324401455978,3.423532440145598,41096.41791893801
eco RB,3465.0,820.3108520507812,17.893423080444336,88.83011627197266,0.9999999999997831,0.9999999999916103,1.0,2.16945261755086e-09,0.029,0.03249999999999295,0.6220494284823426,0.6546312611538249,0.12442179482722773,0.051288144971798885,302.90413307518463,261.0317705240741,-0.0065496025717151005,0.0087,0.002925,0.40600000000000014,3.079032440145591,3.485032440145591,41685.586053976454
eco RB,3480.0,762.968994140625,19.205049514770508,91.04297637939453,0.02599396572774793,0.0015377906287710138,1.0,0.0011576725025440424,0.029,0.0008448038861518076,0.5997386689766453,0.6212885855488407,0.12479667310856309,0.051336149257758076,296.2335732473904,262.26849269906234,-0.0023222685463582336,0.0087,7.603234928101301e-05,0.43500000000000016,3.0798772440317426,3.5148772440317426,42244.745780970414
eco RB,3495.0,660.489013671875,17.319896697998047,92.03272247314453,1.5128761577428119e-07,0.23245561829579653,1.0,0.06392884574350131,0.029,4.916847512664139e-09,0.5609450473662223,0.5644628079374926,0.12471120278342929,0.05137284568777073,287.2436252755407,262.5996693481866,-0.00254982365679693,0.0087,4.4251629560676523e-10,0.4640000000000002,3.07987724894859,3.54387724894859,42752.76230811416
eco RB,3510.0,590.0070190429688,13.107889175415039,86.99232482910156,0.8400796479233155,0.9997373074944055,1.0,0.2971839520609158,0.029,0.02730258855750775,0.525355400183943,0.5162694982890266,0.12206372088336732,0.0512897546094639,277.21613475926796,258.8093758685718,-0.006136186076736865,0.0087,0.002457233020663261,0.4930000000000002,3.1071798375060977,3.600179837506098,43217.40485657428
eco RB,3525.0,937.9737548828125,17.056434631347656,86.75873565673828,1.0,0.9999996016337275,1.0,2.708944180085382e-14,0.029,0.0325,0.5723135692442405,0.5832954422509365,0.12339374721585776,0.05121839086435017,267.1862804057034,257.9885196451505,-0.006624512799317017,0.0087,0.002925,0.5220000000000002,3.139679837506098,3.661679837506098,43742.370754600124
eco RB,3540.0,886.2673950195312,18.599042892456055,87.85448455810547,0.9834616197775675,3.027228857388833e-08,1.0,2.5525654091133335e-05,0.029,0.031962502642770944,0.5471242766504077,0.5466645765503978,0.12316853920724037,0.05122989610658706,257.1215431550577,259.31836528932035,-0.005193403975326792,0.0087,0.002876625233888626,0.5510000000000003,3.171642340148869,3.722642340148869,44234.368873495485
eco RB,3555.0,827.0120849609375,20.02655029296875,89.086181640625,4.016185466048703e-05,3.5424080965676424e-06,1.0,0.00019209143285251604,0.029,1.3052602764658284e-06,0.6232864038968964,0.6570248513676492,0.12401164054323326,0.051303281370374355,302.2214935977463,260.054186630412,-0.0022987884309321497,0.0087,1.1747342969101736e-07,0.5800000000000003,3.1716436454091452,3.7516436454091453,44825.691239726366
eco RB,3570.0,754.5746459960938,21.744728088378906,90.20796203613281,7.830611292676318e-11,0.0008301451223105087,1.0,0.0018541494356879521,0.029,2.5449486701198036e-12,0.7303725684346519,0.811649775197918,0.12553057947256582,0.05144442433426298,370.6473625416453,262.65519822716305,-0.002235761970583495,0.0087,2.290453764153266e-13,0.6090000000000003,3.1716436454116903,3.7806436454116907,45556.17603740449
eco RB,3585.0,801.875,23.338661193847656,90.92124938964844,1.0497560182731398e-17,0.3961949887375322,1.0,0.014455436646624388,0.029,3.4117070593877045e-19,0.8620726443073744,1.0028605178839738,0.12664698532863009,0.051657135636199975,439.08606835525393,265.2725985512079,-0.0027050762012464794,0.0087,3.0705364628437625e-20,0.6380000000000003,3.1716436454116903,3.8096436454116906,46458.750503500065
eco RB,3600.0,634.993896484375,24.123815536499023,91.2229995727539,4.419304133332824e-24,0.008343756708646566,0.9999999999948797,0.051751092985242234,0.028999999999851513,1.4362738433331679e-25,0.9104172203243446,1.0725508444847276,0.12720591988272353,0.05192664613043267,507.9221781119856,266.5648703974439,-0.0021496672623425436,0.0087,1.2926464504138443e-26,0.6669999999998518,3.1716436454116903,3.8386436454115422,47424.04626353632
eco RB,3615.0,775.0013427734375,22.766265869140625,90.60530853271484,3.196942170477884e-27,0.9999748957491608,0.9999902157804359,0.11737903720133559,0.028999716257632643,1.0390062054053123e-28,0.9816349243680982,1.175449734664214,0.128002936113136,0.0521890009184882,516.5898994403409,268.10472492023837,-0.003450380158679417,0.008699914956092835,9.351055967686122e-30,0.6959997162574845,3.1716436454116903,3.8676433616691748,48481.95102473412
eco RB,3630.0,678.2972412109375,24.862838745117188,91.2822036743164,8.608700907109513e-22,0.09089864337857487,0.9999999999999998,0.02959347453597101,0.028999999999999995,2.797827794810592e-23,0.9212097424902134,1.086308456605771,0.12808180465724783,0.0524630935980836,501.88073189076704,268.85140701151977,-0.0022048323766367794,0.0087,2.5180448879409736e-24,0.7249997162574845,3.1716436454116903,3.8966433616691747,49459.62863567931
eco RB,3645.0,622.7928466796875,17.075773239135742,86.54532623291016,3.537088209835081e-30,0.9986469785790455,0.11119796092895953,0.42169332827774103,0.003224740866939826,1.1495536681964012e-31,0.6465669502316799,0.6819520754873233,0.12900974466180726,0.0525898892473262,344.3530409185314,271.03261029061105,0.00435597624874853,0.0009674222812056541,1.034598263511541e-32,0.7282244571244243,3.1716436454116903,3.8998681025361144,50073.3855036179
eco RB,3660.0,947.0689697265625,23.19371795654297,86.00083923339844,0.9803007225523384,0.9999918395770272,1.0,1.722901743144577e-05,0.029,0.03185977348295099,0.9567288444570938,1.1366279794009966,0.1290251488523509,0.052730086408616886,472.5054178789016,271.3829433017818,-0.00623717306787363,0.0087,0.002867379619181156,0.7572244571244243,3.203503418894641,3.9607278760190656,51096.350685078796
eco RB,3675.0,828.5593872070312,24.765880584716797,90.75999450683594,1.6792881021245177e-23,1.309909312711014e-08,0.9999999999996454,0.015381081498222772,0.028999999999989715,5.457686331904683e-25,0.8731699227596534,1.01352129839487,0.1291452413016884,0.05298744425380086,440.6752906648545,271.0875571186334,-0.002027075534763569,0.0087,4.9119177665193835e-26,0.786224457124414,3.203503418894641,3.9897278760190553,52008.51985363418
eco RB,3690.0,474.75390625,17.363922119140625,88.83126068115234,8.639312404223984e-30,0.0007199581390879145,0.4273860155929906,0.3684014493271492,0.012394194452196727,2.8077765313727947e-31,0.5362614461774059,0.5181495130941947,0.12987311193798295,0.05310458129376558,310.4309292873258,272.87436936314043,0.0029976772738523477,0.003718258336186409,2.526998897594328e-32,0.7986186515766107,3.203503418894641,4.002122070471252,52474.85441541895
eco RB,3705.0,818.4893188476562,21.581340789794922,88.88614654541016,0.7778737099475613,0.999999999990224,1.0,0.0011601085838075685,0.029,0.025280895573295745,0.7350119744776684,0.8094010852326048,0.12995323423042077,0.05319437329708536,364.2450111396963,273.21055451381835,-0.005600097677232697,0.0087,0.002275280557572842,0.8276186515766107,3.228784314467937,4.056402966044548,53203.315392128294
eco RB,3720.0,760.9213256835938,22.809415817260742,91.9841537475586,4.727572761768755e-17,0.0018181680820894954,1.0,0.0012834035095824602,0.029,1.5364611475748454e-18,0.652888210436038,0.68839535786899,0.130161442115923,0.053366304993549135,325.92929797306147,273.41763131230255,-0.0019721743715464023,0.0087,1.38281503867036e-19,0.8566186515766108,3.228784314467937,4.085402966044548,53822.87121421038
eco RB,3735.0,549.6000366210938,17.028621673583984,90.10588073730469,5.785411873390219e-22,0.2677833740495411,0.9999999999999998,0.27884012356888066,0.028999999999999995,1.880258858851821e-23,0.5458148454226115,0.5310281018835603,0.13031175239298243,0.053438484239909816,297.199913036991,274.0402298525587,-0.0023159018964431467,0.0087,1.6922330020699575e-24,0.8856186515766108,3.228784314467937,4.114402966044548,54300.796505905586
eco RB,3750.0,886.8458862304688,19.350048065185547,89.39010620117188,0.987151068604406,0.9999999903616469,1.0,0.01200781519478352,0.029,0.0320824097296432,0.575710039769397,0.5748153649164142,0.1303300825806213,0.05346039683673967,271.7157184784109,273.9926176343579,-0.006192983262670727,0.0087,0.00288741692751646,0.9146186515766108,3.26086672419758,4.1754853757741905,54818.13033433036
eco RB,3765.0,835.8115844726562,19.83034324645996,91.36605834960938,3.979274932155668e-08,3.358622926676901e-06,1.0,0.0032408823597951447,0.029,1.2932643529505922e-09,0.5191520970173573,0.4916860385516433,0.13038792534635105,0.053523696517013726,246.22696669540684,274.0916587772517,-0.001953133049863976,0.0087,1.1639378980632386e-10,0.9436186515766108,3.2608667254908443,4.2044853770674555,55260.64776902684
eco RB,3780.0,621.8148193359375,16.46832275390625,91.46375274658203,4.771202189610119e-10,0.0003692991558623647,1.0,0.11019168135616585,0.029,1.5506407116232887e-11,0.4346920723510814,0.36812700569618007,0.1301692216126733,0.05352716928661175,220.34222822932463,273.9404188130866,-0.001957349784457589,0.0087,1.3955766792195233e-12,0.9726186515766109,3.2608667255063506,4.233485377082961,55591.9620741534
eco RB,3795.0,783.54638671875,15.786163330078125,88.0819320678711,0.9999253107744448,0.9999925425294452,1.0,0.12911045189569145,0.029,0.03249757260016946,0.5027244205361721,0.46850206543463524,0.12982502089971296,0.05346617861276016,241.56572290620505,273.0026432208979,-0.0062547064253039505,0.0087,0.002924781547486782,1.0016186515766108,3.29336429810652,4.29498294968313,56013.61393304457
eco RB,3810.0,758.5482788085938,19.105791091918945,87.3141098022461,0.9999998604740713,0.043532079687678374,1.0,0.00029201838077270493,0.029,0.032499995465407314,0.5659076764393007,0.5608743610294024,0.13003528522629848,0.05345806062297531,277.84487436071583,273.16615950544656,-0.004959677880459035,0.0087,0.0029249996513128276,1.0306186515766107,3.3258642935719274,4.356482945148538,56518.400857971035
eco RB,3825.0,830.03271484375,21.11014175415039,89.24788665771484,3.7742739088791247e-07,0.3127440906733036,1.0,7.09991890076558e-05,0.029,1.2266390203857156e-08,0.646577030499214,0.6789106934080281,0.13013467115264243,0.05354871258843081,314.129099354529,273.4238247345638,-0.0023917730045018163,0.0087,1.1039751385055752e-09,1.0596186515766106,3.3258643058383175,4.385482957414928,57129.42048203826
eco RB,3840.0,762.4371337890625,22.485979080200195,90.91220092773438,3.62606091123361e-15,0.0006286591915739216,1.0,0.002495898342925729,0.029,1.1784697961509234e-16,0.698813661992912,0.7550310311809133,0.13031219089808838,0.05370759491582216,351.11267414873976,273.6194686755771,-0.001965600230227853,0.0087,1.060622784819612e-17,1.0886186515766105,3.3258643058383175,4.414482957414928,57808.94841010108
eco RB,3855.0,731.0067749023438,19.688169479370117,94.08331298828125,1.1378397970177467e-20,0.24131196748233105,0.0,0.050938997333978796,0.0,3.6979793403076774e-22,0.3449986647901098,0.23554858032769058,0.13057408896696837,0.05382327377374555,164.95215491212664,274.22252250828024,0.0064243217057888755,0.0,3.328181304627956e-23,1.0886186515766105,3.3258643058383175,4.414482957414928,58020.942132396005
eco RB,3870.0,487.61962890625,10.74170970916748,85.17950439453125,1.767356147056486e-09,0.8518691360905454,0.0,0.9486603501298195,0.0,5.743907477933581e-11,0.23506459031526153,0.09809339813470119,0.1145284538491533,0.053654275234059016,121.30395930085437,251.5626429128606,0.0050422879114980276,0.0,5.169516739678137e-12,1.0886186515766105,3.3258643058957564,4.414482957472367,58109.226190717236
eco RB,3885.0,878.36376953125,14.675519943237305,86.97765350341797,1.0,0.9999999999680267,0.0,0.0,0.0,0.0325,0.1775091257030612,-0.005968361221029121,0.12812332129395365,0.05345514153635713,77.64944830824476,249.95542469163775,0.0018777489154864673,0.0,0.002925,1.0886186515766105,3.3583643058957566,4.446982957472367,58103.85466561831
eco RB,3900.0,882.781494140625,15.560708045959473,88.6858139038086,0.999999999994964,7.335704951200128e-06,0.0,5.0359448278136654e-08,0.0,0.032499999999836326,0.07713386091440406,-0.15310300495865617,0.12819503030820642,0.0533272413103853,33.22636985891992,267.82103182510764,0.003667507803262371,0.0,0.002925,1.0886186515766105,3.390864305895593,4.479482957472204,57966.061961155516
eco RB,3915.0,889.0946044921875,15.988851547241211,88.31023406982422,0.9999999825083349,4.883540034792325e-06,0.0,0.0001748860639336769,0.0,0.03249999943152088,0.04534677654356865,-0.1946244211535258,0.12482388177585943,0.05322136148902078,19.434872173583706,265.99890178762143,0.003622658681993238,0.0,0.002925,1.0886186515766105,3.4233643053271137,4.511982956903724,57790.89998211734
eco RB,3930.0,894.835693359375,16.280933380126953,87.56598663330078,0.9999986591239535,7.689049328013042e-07,0.0,0.0004446094501355341,0.0,0.03249995642152849,0.03132001167691724,-0.17920701808503106,0.10038322931103154,0.053123383536677,13.389114197034715,241.64541741344146,0.0030231976877142237,0.0,0.0029249961644411088,1.0886186515766105,3.4558642617486424,4.544482913325253,57629.613665840814
eco RB,3945.0,899.0056762695312,16.470590591430664,86.90780639648438,0.9855629781513062,2.9646364324171663e-16,0.0,0.00011291448355563923,0.0,0.03203079678991745,0.01721764652166309,-0.1347779180563092,0.05609215065287125,0.05301952935113012,7.342036261744524,159.72209355421364,0.001048849047399483,0.0,0.0028827717170119287,1.0886186515766105,3.4878950585385597,4.5765137101151705,57508.31353959013
eco RB,3960.0,907.9750366210938,17.855226516723633,85.1898422241211,0.021416912177938594,3.56324633121141e-25,0.0,3.359100474663898e-05,0.0,0.0006960496457830043,0.002084590074694229,-0.12100689469469539,0.03164413929389795,0.05294515031193421,0.890218190404239,84.36661989493587,0.0020140723302369363,0.0,6.26444671768695e-05,1.0886186515766105,3.488591108184343,4.577209759760954,57399.40733436491
eco RB,3975.0,908.940185546875,17.861696243286133,85.89320373535156,1.1646805085592326e-10,2.752628606695723e-34,0.0,9.625961439472601e-06,0.0,3.785211652817506e-12,-4.937891395426094e-16,-0.10794843043783493,0.020714168797971465,0.05288703252697982,0.0,48.65080913098063,0.001197558378268085,0.0,3.4066906795526817e-13,1.0886186515766105,3.4885911081881282,4.577209759764739,57302.253746970855
eco RB,3990.0,907.7157592773438,17.46377182006836,87.94366455078125,3.5744881627270625e-12,4.389258792345417e-39,0.0,2.2997813420929317e-05,0.0,1.1617086528862955e-13,-4.943140512123956e-16,-0.09959934575091572,0.01508858559541709,0.05282005808484577,0.0,31.73850580470753,0.0007812555274900376,0.0,1.0455377823280834e-14,1.0886186515766105,3.4885911081882446,4.577209759764855,57212.61433579503
eco RB,4005.0,905.480224609375,17.02534294128418,89.46454620361328,1.3960887185567654e-10,4.913238524254314e-39,0.0,0.00022637711213729147,0.0,4.537288335309488e-12,-4.948387725223164e-16,-0.0945995423880816,0.011760513009388254,0.05273917389030296,0.0,22.428779803361977,0.0005520930409051696,0.0,4.083559334427944e-13,1.0886186515766105,3.488591108192782,4.577209759769392,57127.474747645756
eco RB,4020.0,896.582275390625,16.591217041015625,90.48616790771484,7.918253174440779e-09,6.036537493145731e-39,0.0,0.003715487885872526,0.0,2.573432281693253e-10,-4.946389069710021e-16,-0.09127393817125312,0.009588029951509845,0.052644199566011664,0.0,16.651181953857304,0.0004098752249340572,0.0,2.316089180443015e-11,1.0886186515766105,3.488591108450125,4.577209760026736,57045.328203291625
eco RB,4035.0,860.630126953125,16.072734832763672,91.10211181640625,4.316494013341399e-07,1.369946110298346e-38,0.0,0.023901969466603078,0.0,1.4028605543359543e-08,-4.914347535993897e-16,-0.08887763141731772,0.008064651224019951,0.052533732807120835,0.0,12.745342050955514,0.00031373023406441837,0.0,1.2625744865601972e-09,1.0886186515766105,3.4885911224787303,4.577209774055341,56965.33833501604
eco RB,4050.0,798.5993041992188,15.465914726257324,91.28350067138672,5.1172342338552346e-05,3.7565646503301274e-37,0.0,0.07076283959976382,0.0,1.6631011260029513e-06,-7.270738038991193e-16,-0.08703291647283994,0.006936071849296548,0.05240455201372515,0.0,9.928508392738877,0.0002442443736467836,0.0,1.4967909755796427e-07,1.0886186515766105,3.4885927855798564,4.577211437156467,56887.00871019048
eco RB,4065.0,738.9556884765625,14.955910682678223,91.20096588134766,0.01350324023208704,1.1376932987593655e-34,0.0,0.0961373612477025,0.0,0.0004388553075428288,-7.157592866090231e-16,-0.08554358075982621,0.0060682724703494,0.05225689524190327,0.0,7.799044612955186,0.0001524795045477983,0.0,3.949697823263705e-05,1.0886186515766105,3.4890316408873994,4.57765029246401,56810.01948750664
eco RB,4080.0,692.5757446289062,14.872886657714844,89.89134979248047,0.6001478093837166,2.765491656968669e-32,0.0,0.0837168715525406,0.0,0.01950480380497079,-7.047682020044664e-16,-0.084327108774167,0.005397062432325784,0.05209869257647654,0.0,6.159681250399444,-0.0016038093444002933,0.0,0.001755432267487049,1.0886186515766105,3.5085364446923704,4.597155096268981,56734.125089609886
eco RB,4095.0,678.14404296875,15.369649887084961,88.20127868652344,0.7632821988182598,1.9813966889599195e-30,0.0,0.008119769211832531,0.0,0.024806671461593443,-6.993431982848875e-16,-0.08334156885038616,0.004875576605007056,0.05194821937623216,0.0,4.920325856553973,-0.0021114846626178433,0.0,0.002232600376009941,1.0886186515766105,3.5333431161539637,4.621961767730574,56659.117677644535
eco RB,4110.0,677.5889892578125,15.544536590576172,88.88397979736328,0.03215188019198308,7.485811591107726e-30,0.0,0.0003638004114882591,0.0,0.0010449361062394502,-6.985125143641944e-16,-0.08249856784138268,0.004436544367333581,0.051812478208408716,0.0,3.9299450380931376,2.692854934228711e-06,0.0,9.404425369575621e-05,1.0886186515766105,3.534388052260203,4.623006703836814,56584.86896658729
eco RB,4125.0,678.6236572265625,15.402654647827148,90.29348754882812,0.006591450988838486,7.878406859312939e-30,0.0,0.0012782463504609615,0.0,0.0002142221571372508,-6.991868288716162e-16,-0.08175333362402018,0.0040621365085794624,0.051678771836656,0.0,3.0754769548075274,5.642405426899831e-05,0.0,1.9279993849340827e-05,1.0886186515766105,3.5346022744173404,4.623220925993951,56511.29096632567
eco RB,4140.0,669.1043701171875,15.128750801086426,91.22193145751953,0.023925579267670857,7.162217402771053e-30,0.0,0.016880802382715273,0.0,0.0007775813261993029,-6.974963975315904e-16,-0.08107820915089474,0.0037402424984395873,0.05154035371382307,0.0,2.341326755369664,-1.2349663152932551e-05,0.0,6.998232174664736e-05,1.0886186515766105,3.53537985574354,4.623998507320151,56438.320578089864
eco RB,4155.0,638.6292114257812,14.775140762329102,91.12034606933594,0.2340038532962825,1.7211728607676506e-29,0.0,0.08672618339628123,0.0,0.007605125232129181,-6.900525508692216e-16,-0.08044894367875222,0.003458886497335971,0.051392665082094585,0.0,1.7021596665144898,-0.0006425619662080247,0.0,0.0006844612810760736,1.0886186515766105,3.542984980975669,4.631603632552279,56365.91652877899
eco RB,4170.0,613.891357421875,14.970227241516113,89.09998321533203,0.8880554410812193,2.8498910622390818e-28,0.0,0.07300445050141821,0.0,0.028861801835139627,-6.818683684260714e-16,-0.0798887231275198,0.003227625034320383,0.05124195799391964,0.0,1.1649954241001979,-0.002568885362569529,0.0,0.0025975621730089187,1.0886186515766105,3.5718467828108085,4.660465434387419,56294.01667796422
eco RB,4185.0,610.3333740234375,15.50399398803711,87.86644744873047,0.5681283720000891,2.7819104231729e-27,0.0,0.0019018025663090465,0.0,0.018464172090002902,-6.787936780729796e-16,-0.07940136022653113,0.003031889471081594,0.05110540067574747,0.0,0.7401683326752391,-0.0016435558879468592,0.0,0.001661775416135788,1.0886186515766105,3.5903109549008114,4.678929606477422,56222.55545376034
eco RB,4200.0,614.0189819335938,15.595537185668945,89.00398254394531,0.009546815384907592,3.860705890899067e-27,0.0,0.00019636327366227117,0.0,0.0003102715000094968,-6.795181186526719e-16,-0.07895577081631085,0.0028514409107571028,0.0509820382797026,0.0,0.3601344530470669,-1.905958702178815e-05,0.0,2.7924435096792876e-05,1.0886186515766105,3.590621226400821,4.679239877977431,56151.49526002566
eco RB,4215.0,616.8624877929688,15.352851867675781,90.49189758300781,0.00413096950685306,2.7494320963552307e-27,0.0,0.0015939793450560685,0.0,0.00013425650897272445,-6.812324282776382e-16,-0.07853111616179274,0.0026859790358390204,0.050857962895079295,0.0,0.001760817802278325,-1.2039741964903302e-05,0.0,1.2083085172344e-05,1.0886186515766105,3.5907554829097936,4.679374134486404,56080.81725548005
eco RB,4230.0,608.6343383789062,14.933391571044922,91.26834869384766,0.037330990793191576,2.115917995621725e-27,0.0,0.02414862020047963,0.0,0.0012132572007787265,-6.801617285071239e-16,-0.07811189393334113,0.002533152104041438,0.05072495649413629,0.0,-0.33086775669653434,-0.00011733759020849202,0.0,0.00010919315312057733,1.0886186515766105,3.5919687401105724,4.680587391687183,56010.51655094004
eco RB,4245.0,584.7535400390625,14.641916275024414,89.94865417480469,0.6487353286719483,4.5146658291834446e-27,0.0,0.09374303901437953,0.0,0.02108389818183832,-6.734625093692163e-16,-0.07769601589819344,0.002394616755382167,0.050579938641814495,0.0,-0.6391679670778103,-0.001913284247742536,0.0,0.0018975508823990822,1.0886186515766105,3.6130526382924106,4.701671289869021,55940.59013663167
eco RB,4260.0,578.657958984375,15.107932090759277,87.3484878540039,0.964362496741559,4.0724858876459783e-26,0.0,0.009015331770000638,0.0,0.03134178114410067,-6.697722138932067e-16,-0.07732600485925226,0.0022844811774817707,0.05043779397016326,0.0,-0.8869401359406766,-0.0028425926912138953,0.0,0.002820760318636894,1.0886186515766105,3.6443944194365114,4.733013071013122,55870.99673225834
eco RB,4275.0,581.3020629882812,15.409383773803711,87.1308822631836,0.2701046835847961,7.139750882637225e-26,0.0,7.564122542695278e-05,0.0,0.008778402216505875,-6.695165335206037e-16,-0.0769892511693712,0.002181485341298392,0.050311185021679306,0.0,-1.0876114311540732,-0.0008168281524087517,0.0,0.0007900561787188052,1.0886186515766105,3.6531728216530173,4.741791473229628,55801.70640620591
eco RB,4290.0,584.9205932617188,15.321441650390625,88.57511138916016,0.022520233671195142,5.596452808020877e-26,0.0,5.066201871238392e-05,0.0,0.0007319075943138421,-6.709914683744114e-16,-0.07666611781181676,0.0020825083705267398,0.050189843797849056,0.0,-1.2887535104964627,-9.759484470141336e-05,0.0,6.587168136611581e-05,1.0886186515766105,3.6539047292473312,4.7425233808239415,55732.706900175275
eco RB,4305.0,587.9223022460938,15.106122970581055,89.89598083496094,0.04923844839919698,4.010289311716897e-26,0.0,0.0007240669591313906,0.0,0.001600249572973902,-6.727710567270973e-16,-0.07634788463389273,0.001989726688733733,0.050065648316549784,0.0,-1.4829948666883865,-0.00018052694679345364,0.0,0.00014402245776727797,1.0886186515766105,3.6555049788203053,4.744123630396916,55663.99380400477
eco RB,4320.0,587.2034301757812,14.973899841308594,90.24471282958984,0.27340187799845383,3.041608707790525e-26,0.0,0.008188767561440368,0.0,0.008885561034949752,-6.7303240899426e-16,-0.07603532044003486,0.0019047443426340018,0.04993751871590053,0.0,-1.6625148653401993,-0.0008406239600465275,0.0,0.0007997005172073841,1.0886186515766105,3.664390539855255,4.7530091914318655,55595.56201560874
eco RB,4335.0,582.7892456054688,15.058350563049316,89.50151062011719,0.5598090524270811,3.249836292720156e-26,0.0,0.015453130802910373,0.0,0.018193794203880134,-6.712484104696476e-16,-0.075736741692351,0.0018289808478878786,0.049809705795218484,0.0,-1.8210670723055955,-0.0016822676765195165,0.0,0.0016374414101243018,1.0886186515766105,3.6825843340591353,4.771202985635746,55527.398948085625
